solid OpenSCAD_Model
  facet normal 0.5730438679507945 0.6102297391289577 0.5470286929280734
    outer loop
      vertex -4.009327450817764 -3.765009082607787 0
      vertex -3.505831943617793 -4.237822835266842 0
      vertex -2.004663725408882 -1.8825045413038934 -4.2
    endloop
  endfacet
  facet normal 0.7067986060537782 0.44854803487903017 0.5470286929280733
    outer loop
      vertex -4.819686740241249 -2.6496452075594346 0
      vertex -2.2247967345311057 -1.616409443804301 -4.2
      vertex -2.4098433701206243 -1.3248226037797173 -4.2
    endloop
  endfacet
  facet normal 0.7961425883149614 0.25868240795337694 0.5470286929280734
    outer loop
      vertex -5.327207386207471 -1.3677943794067016 0
      vertex -2.5568853361926913 -1.0123425198828642 -4.2
      vertex -2.6636036931037355 -0.6838971897033508 -4.2
    endloop
  endfacet
  facet normal 0.7574432635548359 0.3564257448737433 0.5470286929280735
    outer loop
      vertex -5.113770672385383 -2.0246850397657283 0
      vertex -2.4098433701206243 -1.3248226037797173 -4.2
      vertex -2.5568853361926913 -1.0123425198828642 -4.2
    endloop
  endfacet
  facet normal 0.8222862688648306 0.15685949493020523 0.5470286929280735
    outer loop
      vertex -5.456630857229628 -0.6893327846036723 0
      vertex -2.6636036931037355 -0.6838971897033508 -4.2
      vertex -2.728315428614814 -0.34466639230183616 -4.2
    endloop
  endfacet
  facet normal 0.835462003744694 0.05256281396866476 0.5470286929280734
    outer loop
      vertex -2.728315428614814 -0.34466639230183616 -4.2
      vertex -2.75 0 -4.2
      vertex -5.5 0 0
    endloop
  endfacet
  facet normal 0.7574432635548357 0.3564257448737439 0.5470286929280733
    outer loop
      vertex -4.819686740241249 -2.6496452075594346 0
      vertex -2.4098433701206243 -1.3248226037797173 -4.2
      vertex -5.113770672385383 -2.0246850397657283 0
    endloop
  endfacet
  facet normal 0.7067986060537781 0.44854803487903017 0.5470286929280734
    outer loop
      vertex -4.449593469062211 -3.232818887608602 0
      vertex -2.2247967345311057 -1.616409443804301 -4.2
      vertex -4.819686740241249 -2.6496452075594346 0
    endloop
  endfacet
  facet normal 0.6450073123142291 0.5335964544246691 0.5470286929280734
    outer loop
      vertex -4.449593469062211 -3.232818887608602 0
      vertex -4.009327450817764 -3.765009082607787 0
      vertex -2.004663725408882 -1.8825045413038934 -4.2
    endloop
  endfacet
  facet normal 0.7961425883149614 0.25868240795337716 0.5470286929280734
    outer loop
      vertex -5.113770672385383 -2.0246850397657283 0
      vertex -2.5568853361926913 -1.0123425198828642 -4.2
      vertex -5.327207386207471 -1.3677943794067016 0
    endloop
  endfacet
  facet normal 0.8222862688648305 0.15685949493020604 0.5470286929280734
    outer loop
      vertex -5.327207386207471 -1.3677943794067016 0
      vertex -2.6636036931037355 -0.6838971897033508 -4.2
      vertex -5.456630857229628 -0.6893327846036723 0
    endloop
  endfacet
  facet normal 0.835462003744694 0.05256281396866476 0.5470286929280734
    outer loop
      vertex -5.456630857229628 -0.6893327846036723 0
      vertex -2.728315428614814 -0.34466639230183616 -4.2
      vertex -5.5 0 0
    endloop
  endfacet
  facet normal 0.40328267611653834 0.7335684646014214 0.5470286929280732
    outer loop
      vertex -2.341786103607898 -4.9765487885631075 0
      vertex -1.170893051803949 -2.4882743942815537 -4.2
      vertex -1.4735236861922412 -2.321901795130541 -4.2
    endloop
  endfacet
  facet normal 0.3081621640513653 0.7783287799899108 0.5470286929280734
    outer loop
      vertex -1.6995934690622108 -5.230810839623344 0
      vertex -0.8497967345311054 -2.615405419811672 -4.2
      vertex -1.170893051803949 -2.4882743942815537 -4.2
    endloop
  endfacet
  facet normal 0.20818175057194893 0.8108143855668833 0.5470286929280733
    outer loop
      vertex -1.0305972302214865 -5.402579879007788 0
      vertex -0.5152986151107433 -2.701289939503894 -4.2
      vertex -0.8497967345311054 -2.615405419811672 -4.2
    endloop
  endfacet
  facet normal 0.10491818652426178 0.8305129639264301 0.5470286929280734
    outer loop
      vertex -0.3453478574112259 -5.489147006355494 0
      vertex -0.17267392870561285 -2.744573503177747 -4.2
      vertex -0.5152986151107433 -2.701289939503894 -4.2
    endloop
  endfacet
  facet normal 0.4920431794699602 0.6772393363136079 0.5470286929280734
    outer loop
      vertex -3.505831943617793 -4.237822835266842 0
      vertex -2.9470473723844823 -4.643803590261082 0
      vertex -1.7529159718088965 -2.118911417633421 -4.2
    endloop
  endfacet
  facet normal 0.4032826761165385 0.7335684646014213 0.5470286929280734
    outer loop
      vertex -2.341786103607898 -4.9765487885631075 0
      vertex -1.4735236861922412 -2.321901795130541 -4.2
      vertex -2.9470473723844823 -4.643803590261082 0
    endloop
  endfacet
  facet normal 0.30816216405136504 0.7783287799899109 0.5470286929280733
    outer loop
      vertex -2.341786103607898 -4.9765487885631075 0
      vertex -1.6995934690622108 -5.230810839623344 0
      vertex -1.170893051803949 -2.4882743942815537 -4.2
    endloop
  endfacet
  facet normal 0.20818175057194854 0.8108143855668833 0.5470286929280734
    outer loop
      vertex -1.6995934690622108 -5.230810839623344 0
      vertex -1.0305972302214865 -5.402579879007788 0
      vertex -0.8497967345311054 -2.615405419811672 -4.2
    endloop
  endfacet
  facet normal 0.1049181865242616 0.8305129639264301 0.5470286929280734
    outer loop
      vertex -1.0305972302214865 -5.402579879007788 0
      vertex -0.3453478574112259 -5.489147006355494 0
      vertex -0.5152986151107433 -2.701289939503894 -4.2
    endloop
  endfacet
  facet normal 0 0.8371138567204603 0.5470286929280734
    outer loop
      vertex -0.3453478574112259 -5.489147006355494 0
      vertex 0.3453478574112257 -5.489147006355494 0
      vertex -0.17267392870561285 -2.744573503177747 -4.2
    endloop
  endfacet
  facet normal 0.5730438679507945 0.6102297391289575 0.5470286929280735
    outer loop
      vertex -3.505831943617793 -4.237822835266842 0
      vertex -1.7529159718088965 -2.118911417633421 -4.2
      vertex -2.004663725408882 -1.8825045413038934 -4.2
    endloop
  endfacet
  facet normal 0.645007312314229 0.5335964544246691 0.5470286929280735
    outer loop
      vertex -4.449593469062211 -3.232818887608602 0
      vertex -2.004663725408882 -1.8825045413038934 -4.2
      vertex -2.2247967345311057 -1.616409443804301 -4.2
    endloop
  endfacet
  facet normal 0.4920431794699604 0.6772393363136078 0.5470286929280733
    outer loop
      vertex -2.9470473723844823 -4.643803590261082 0
      vertex -1.4735236861922412 -2.321901795130541 -4.2
      vertex -1.7529159718088965 -2.118911417633421 -4.2
    endloop
  endfacet
  facet normal 0.835462003744694 -0.05256281396866445 0.5470286929280734
    outer loop
      vertex -5.5 0 0
      vertex -2.75 0 -4.2
      vertex -2.728315428614814 0.34466639230183616 -4.2
    endloop
  endfacet
  facet normal 0.8222862688648306 -0.15685949493020523 0.5470286929280735
    outer loop
      vertex -5.456630857229628 0.6893327846036723 0
      vertex -2.728315428614814 0.34466639230183616 -4.2
      vertex -2.6636036931037355 0.6838971897033508 -4.2
    endloop
  endfacet
  facet normal 0.7961425883149614 -0.25868240795337694 0.5470286929280734
    outer loop
      vertex -5.327207386207471 1.3677943794067016 0
      vertex -2.6636036931037355 0.6838971897033508 -4.2
      vertex -2.5568853361926913 1.0123425198828642 -4.2
    endloop
  endfacet
  facet normal 0.7574432635548359 -0.3564257448737433 0.5470286929280735
    outer loop
      vertex -5.113770672385383 2.0246850397657283 0
      vertex -2.5568853361926913 1.0123425198828642 -4.2
      vertex -2.4098433701206243 1.3248226037797173 -4.2
    endloop
  endfacet
  facet normal 0.7067986060537782 -0.44854803487903017 0.5470286929280733
    outer loop
      vertex -4.819686740241249 2.6496452075594346 0
      vertex -2.4098433701206243 1.3248226037797173 -4.2
      vertex -2.2247967345311057 1.616409443804301 -4.2
    endloop
  endfacet
  facet normal 0.835462003744694 -0.05256281396866476 0.5470286929280734
    outer loop
      vertex -5.5 0 0
      vertex -2.728315428614814 0.34466639230183616 -4.2
      vertex -5.456630857229628 0.6893327846036723 0
    endloop
  endfacet
  facet normal 0.8222862688648305 -0.15685949493020604 0.5470286929280734
    outer loop
      vertex -5.456630857229628 0.6893327846036723 0
      vertex -2.6636036931037355 0.6838971897033508 -4.2
      vertex -5.327207386207471 1.3677943794067016 0
    endloop
  endfacet
  facet normal 0.7961425883149614 -0.25868240795337716 0.5470286929280734
    outer loop
      vertex -5.327207386207471 1.3677943794067016 0
      vertex -2.5568853361926913 1.0123425198828642 -4.2
      vertex -5.113770672385383 2.0246850397657283 0
    endloop
  endfacet
  facet normal 0.7574432635548357 -0.3564257448737439 0.5470286929280733
    outer loop
      vertex -5.113770672385383 2.0246850397657283 0
      vertex -2.4098433701206243 1.3248226037797173 -4.2
      vertex -4.819686740241249 2.6496452075594346 0
    endloop
  endfacet
  facet normal 0.7067986060537781 -0.44854803487903017 0.5470286929280733
    outer loop
      vertex -4.819686740241249 2.6496452075594346 0
      vertex -2.2247967345311057 1.616409443804301 -4.2
      vertex -4.449593469062211 3.232818887608602 0
    endloop
  endfacet
  facet normal 0.6450073123142291 -0.5335964544246691 0.5470286929280734
    outer loop
      vertex -4.449593469062211 3.232818887608602 0
      vertex -2.004663725408882 1.8825045413038934 -4.2
      vertex -4.009327450817764 3.765009082607787 0
    endloop
  endfacet
  facet normal 0.5730438679507945 -0.6102297391289577 0.5470286929280734
    outer loop
      vertex -4.009327450817764 3.765009082607787 0
      vertex -2.004663725408882 1.8825045413038934 -4.2
      vertex -3.505831943617793 4.237822835266842 0
    endloop
  endfacet
  facet normal 0.645007312314229 -0.5335964544246691 0.5470286929280735
    outer loop
      vertex -4.449593469062211 3.232818887608602 0
      vertex -2.2247967345311057 1.616409443804301 -4.2
      vertex -2.004663725408882 1.8825045413038934 -4.2
    endloop
  endfacet
  facet normal 0.5730438679507945 -0.6102297391289575 0.5470286929280735
    outer loop
      vertex -3.505831943617793 4.237822835266842 0
      vertex -2.004663725408882 1.8825045413038934 -4.2
      vertex -1.7529159718088965 2.118911417633421 -4.2
    endloop
  endfacet
  facet normal 0.4920431794699602 -0.6772393363136079 0.5470286929280734
    outer loop
      vertex -1.7529159718088965 2.118911417633421 -4.2
      vertex -1.4735236861922412 2.321901795130541 -4.2
      vertex -2.9470473723844823 4.643803590261082 0
    endloop
  endfacet
  facet normal 0.4032826761165394 -0.7335684646014208 0.5470286929280734
    outer loop
      vertex -1.4735236861922412 2.321901795130541 -4.2
      vertex -1.17089305180395 2.4882743942815537 -4.2
      vertex -2.3417861036079 4.9765487885631075 0
    endloop
  endfacet
  facet normal 0.3081621640513643 -0.7783287799899112 0.5470286929280734
    outer loop
      vertex -1.17089305180395 2.4882743942815537 -4.2
      vertex -0.8497967345311054 2.615405419811672 -4.2
      vertex -1.6995934690622108 5.230810839623344 0
    endloop
  endfacet
  facet normal 0.20818175057194815 -0.8108143855668835 0.5470286929280733
    outer loop
      vertex -0.8497967345311054 2.615405419811672 -4.2
      vertex -0.5152986151107426 2.701289939503894 -4.2
      vertex -1.0305972302214852 5.402579879007788 0
    endloop
  endfacet
  facet normal 0.10491818652426137 -0.8305129639264301 0.5470286929280734
    outer loop
      vertex -0.5152986151107426 2.701289939503894 -4.2
      vertex -0.17267392870561152 2.744573503177747 -4.2
      vertex -0.34534785741122304 5.489147006355494 0
    endloop
  endfacet
  facet normal 0 -0.8371138567204605 0.5470286929280734
    outer loop
      vertex -0.17267392870561152 2.744573503177747 -4.2
      vertex 0.17267392870561152 2.744573503177747 -4.2
      vertex -0.34534785741122304 5.489147006355494 0
    endloop
  endfacet
  facet normal 0.4920431794699602 -0.6772393363136079 0.5470286929280734
    outer loop
      vertex -3.505831943617793 4.237822835266842 0
      vertex -1.7529159718088965 2.118911417633421 -4.2
      vertex -2.9470473723844823 4.643803590261082 0
    endloop
  endfacet
  facet normal 0.40328267611653934 -0.7335684646014208 0.5470286929280735
    outer loop
      vertex -1.4735236861922412 2.321901795130541 -4.2
      vertex -2.3417861036079 4.9765487885631075 0
      vertex -2.9470473723844823 4.643803590261082 0
    endloop
  endfacet
  facet normal 0.30816216405136454 -0.7783287799899112 0.5470286929280733
    outer loop
      vertex -1.17089305180395 2.4882743942815537 -4.2
      vertex -1.6995934690622108 5.230810839623344 0
      vertex -2.3417861036079 4.9765487885631075 0
    endloop
  endfacet
  facet normal 0.20818175057194804 -0.8108143855668835 0.5470286929280733
    outer loop
      vertex -0.8497967345311054 2.615405419811672 -4.2
      vertex -1.0305972302214852 5.402579879007788 0
      vertex -1.6995934690622108 5.230810839623344 0
    endloop
  endfacet
  facet normal 0.1049181865242616 -0.8305129639264301 0.5470286929280735
    outer loop
      vertex -0.5152986151107426 2.701289939503894 -4.2
      vertex -0.34534785741122304 5.489147006355494 0
      vertex -1.0305972302214852 5.402579879007788 0
    endloop
  endfacet
  facet normal 0 0.8371138567204605 0.5470286929280734
    outer loop
      vertex -0.17267392870561285 -2.744573503177747 -4.2
      vertex 0.3453478574112257 -5.489147006355494 0
      vertex 0.17267392870561285 -2.744573503177747 -4.2
    endloop
  endfacet
  facet normal -0.10491818652426178 0.8305129639264301 0.5470286929280734
    outer loop
      vertex 0.3453478574112257 -5.489147006355494 0
      vertex 0.5152986151107433 -2.701289939503894 -4.2
      vertex 0.17267392870561285 -2.744573503177747 -4.2
    endloop
  endfacet
  facet normal -0.20818175057194893 0.8108143855668833 0.5470286929280733
    outer loop
      vertex 1.0305972302214865 -5.402579879007788 0
      vertex 0.8497967345311054 -2.615405419811672 -4.2
      vertex 0.5152986151107433 -2.701289939503894 -4.2
    endloop
  endfacet
  facet normal -0.3081621640513653 0.7783287799899108 0.5470286929280734
    outer loop
      vertex 1.6995934690622108 -5.230810839623344 0
      vertex 1.170893051803949 -2.4882743942815537 -4.2
      vertex 0.8497967345311054 -2.615405419811672 -4.2
    endloop
  endfacet
  facet normal -0.4032826761165376 0.7335684646014219 0.5470286929280733
    outer loop
      vertex 2.341786103607898 -4.9765487885631075 0
      vertex 1.4735236861922396 -2.3219017951305423 -4.2
      vertex 1.170893051803949 -2.4882743942815537 -4.2
    endloop
  endfacet
  facet normal -0.10491818652426158 0.8305129639264301 0.5470286929280734
    outer loop
      vertex 0.3453478574112257 -5.489147006355494 0
      vertex 1.0305972302214865 -5.402579879007788 0
      vertex 0.5152986151107433 -2.701289939503894 -4.2
    endloop
  endfacet
  facet normal -0.20818175057194854 0.8108143855668833 0.5470286929280734
    outer loop
      vertex 1.0305972302214865 -5.402579879007788 0
      vertex 1.6995934690622108 -5.230810839623344 0
      vertex 0.8497967345311054 -2.615405419811672 -4.2
    endloop
  endfacet
  facet normal -0.30816216405136504 0.7783287799899109 0.5470286929280734
    outer loop
      vertex 1.6995934690622108 -5.230810839623344 0
      vertex 2.341786103607898 -4.9765487885631075 0
      vertex 1.170893051803949 -2.4882743942815537 -4.2
    endloop
  endfacet
  facet normal -0.40328267611653756 0.7335684646014218 0.5470286929280733
    outer loop
      vertex 2.341786103607898 -4.9765487885631075 0
      vertex 2.9470473723844792 -4.643803590261085 0
      vertex 1.4735236861922396 -2.3219017951305423 -4.2
    endloop
  endfacet
  facet normal -0.4920431794699609 0.6772393363136073 0.5470286929280734
    outer loop
      vertex 2.9470473723844792 -4.643803590261085 0
      vertex 3.5058319436177947 -4.23782283526684 0
      vertex 1.7529159718088974 -2.11891141763342 -4.2
    endloop
  endfacet
  facet normal -0.4920431794699609 0.6772393363136076 0.5470286929280732
    outer loop
      vertex 2.9470473723844792 -4.643803590261085 0
      vertex 1.7529159718088974 -2.11891141763342 -4.2
      vertex 1.4735236861922396 -2.3219017951305423 -4.2
    endloop
  endfacet
  facet normal -0.5730438679507944 0.6102297391289577 0.5470286929280734
    outer loop
      vertex 1.7529159718088974 -2.11891141763342 -4.2
      vertex 3.5058319436177947 -4.23782283526684 0
      vertex 2.004663725408882 -1.8825045413038934 -4.2
    endloop
  endfacet
  facet normal -0.6450073123142291 0.5335964544246691 0.5470286929280734
    outer loop
      vertex 2.004663725408882 -1.8825045413038934 -4.2
      vertex 4.449593469062211 -3.232818887608602 0
      vertex 2.2247967345311057 -1.616409443804301 -4.2
    endloop
  endfacet
  facet normal -0.5730438679507946 0.6102297391289577 0.5470286929280735
    outer loop
      vertex 2.004663725408882 -1.8825045413038934 -4.2
      vertex 3.5058319436177947 -4.23782283526684 0
      vertex 4.009327450817764 -3.765009082607787 0
    endloop
  endfacet
  facet normal -0.7067986060537781 0.44854803487903017 0.5470286929280733
    outer loop
      vertex 2.2247967345311057 -1.616409443804301 -4.2
      vertex 4.819686740241249 -2.6496452075594346 0
      vertex 2.4098433701206243 -1.3248226037797173 -4.2
    endloop
  endfacet
  facet normal -0.7574432635548356 0.3564257448737443 0.5470286929280734
    outer loop
      vertex 2.4098433701206243 -1.3248226037797173 -4.2
      vertex 5.113770672385382 -2.024685039765731 0
      vertex 2.556885336192691 -1.0123425198828655 -4.2
    endloop
  endfacet
  facet normal -0.7961425883149614 0.2586824079533774 0.5470286929280734
    outer loop
      vertex 2.556885336192691 -1.0123425198828655 -4.2
      vertex 5.327207386207472 -1.3677943794066993 0
      vertex 2.663603693103736 -0.6838971897033497 -4.2
    endloop
  endfacet
  facet normal -0.8222862688648306 0.15685949493020548 0.5470286929280734
    outer loop
      vertex 2.663603693103736 -0.6838971897033497 -4.2
      vertex 5.456630857229628 -0.6893327846036723 0
      vertex 2.728315428614814 -0.34466639230183616 -4.2
    endloop
  endfacet
  facet normal -0.835462003744694 0.05256281396866476 0.5470286929280734
    outer loop
      vertex 2.728315428614814 -0.34466639230183616 -4.2
      vertex 5.5 0 0
      vertex 2.75 0 -4.2
    endloop
  endfacet
  facet normal -0.6450073123142291 0.5335964544246692 0.5470286929280733
    outer loop
      vertex 2.004663725408882 -1.8825045413038934 -4.2
      vertex 4.009327450817764 -3.765009082607787 0
      vertex 4.449593469062211 -3.232818887608602 0
    endloop
  endfacet
  facet normal -0.7067986060537781 0.4485480348790302 0.5470286929280735
    outer loop
      vertex 2.2247967345311057 -1.616409443804301 -4.2
      vertex 4.449593469062211 -3.232818887608602 0
      vertex 4.819686740241249 -2.6496452075594346 0
    endloop
  endfacet
  facet normal -0.7574432635548357 0.3564257448737441 0.5470286929280733
    outer loop
      vertex 2.4098433701206243 -1.3248226037797173 -4.2
      vertex 4.819686740241249 -2.6496452075594346 0
      vertex 5.113770672385382 -2.024685039765731 0
    endloop
  endfacet
  facet normal -0.7961425883149612 0.2586824079533775 0.5470286929280734
    outer loop
      vertex 2.556885336192691 -1.0123425198828655 -4.2
      vertex 5.113770672385382 -2.024685039765731 0
      vertex 5.327207386207472 -1.3677943794066993 0
    endloop
  endfacet
  facet normal -0.8222862688648306 0.15685949493020523 0.5470286929280734
    outer loop
      vertex 2.663603693103736 -0.6838971897033497 -4.2
      vertex 5.327207386207472 -1.3677943794066993 0
      vertex 5.456630857229628 -0.6893327846036723 0
    endloop
  endfacet
  facet normal -0.835462003744694 0.05256281396866445 0.5470286929280734
    outer loop
      vertex 2.728315428614814 -0.34466639230183616 -4.2
      vertex 5.456630857229628 -0.6893327846036723 0
      vertex 5.5 0 0
    endloop
  endfacet
  facet normal -0.49204317946996146 -0.677239336313607 0.5470286929280733
    outer loop
      vertex 1.4735236861922407 2.3219017951305414 -4.2
      vertex 1.7529159718088967 2.11891141763342 -4.2
      vertex 2.9470473723844814 4.643803590261083 0
    endloop
  endfacet
  facet normal -0.6450073123142294 -0.533596454424669 0.5470286929280734
    outer loop
      vertex 2.0046637254088817 1.882504541303894 -4.2
      vertex 2.2247967345311057 1.616409443804301 -4.2
      vertex 4.449593469062211 3.232818887608602 0
    endloop
  endfacet
  facet normal -0.5730438679507933 -0.610229739128959 0.5470286929280734
    outer loop
      vertex 1.7529159718088967 2.11891141763342 -4.2
      vertex 2.0046637254088817 1.882504541303894 -4.2
      vertex 3.5058319436177934 4.23782283526684 0
    endloop
  endfacet
  facet normal -0.10491818652426138 -0.8305129639264303 0.5470286929280734
    outer loop
      vertex 0.17267392870561152 2.744573503177747 -4.2
      vertex 0.5152986151107426 2.701289939503894 -4.2
      vertex 0.34534785741122304 5.489147006355494 0
    endloop
  endfacet
  facet normal -0.20818175057194815 -0.8108143855668835 0.5470286929280733
    outer loop
      vertex 0.5152986151107426 2.701289939503894 -4.2
      vertex 0.8497967345311054 2.615405419811672 -4.2
      vertex 1.0305972302214852 5.402579879007788 0
    endloop
  endfacet
  facet normal -0.3081621640513643 -0.7783287799899112 0.5470286929280734
    outer loop
      vertex 0.8497967345311054 2.615405419811672 -4.2
      vertex 1.17089305180395 2.4882743942815537 -4.2
      vertex 1.6995934690622108 5.230810839623344 0
    endloop
  endfacet
  facet normal -0.40328267611653895 -0.733568464601421 0.5470286929280734
    outer loop
      vertex 1.4735236861922407 2.3219017951305414 -4.2
      vertex 2.3417861036079 4.9765487885631075 0
      vertex 1.17089305180395 2.4882743942815537 -4.2
    endloop
  endfacet
  facet normal 0 -0.8371138567204605 0.5470286929280734
    outer loop
      vertex -0.34534785741122304 5.489147006355494 0
      vertex 0.17267392870561152 2.744573503177747 -4.2
      vertex 0.34534785741122304 5.489147006355494 0
    endloop
  endfacet
  facet normal -0.1049181865242616 -0.8305129639264301 0.5470286929280735
    outer loop
      vertex 0.5152986151107426 2.701289939503894 -4.2
      vertex 1.0305972302214852 5.402579879007788 0
      vertex 0.34534785741122304 5.489147006355494 0
    endloop
  endfacet
  facet normal -0.20818175057194804 -0.8108143855668835 0.5470286929280733
    outer loop
      vertex 0.8497967345311054 2.615405419811672 -4.2
      vertex 1.6995934690622108 5.230810839623344 0
      vertex 1.0305972302214852 5.402579879007788 0
    endloop
  endfacet
  facet normal -0.30816216405136454 -0.7783287799899112 0.5470286929280733
    outer loop
      vertex 1.17089305180395 2.4882743942815537 -4.2
      vertex 2.3417861036079 4.9765487885631075 0
      vertex 1.6995934690622108 5.230810839623344 0
    endloop
  endfacet
  facet normal -0.40328267611653895 -0.733568464601421 0.5470286929280734
    outer loop
      vertex 1.4735236861922407 2.3219017951305414 -4.2
      vertex 2.9470473723844814 4.643803590261083 0
      vertex 2.3417861036079 4.9765487885631075 0
    endloop
  endfacet
  facet normal -0.4920431794699617 -0.6772393363136069 0.5470286929280734
    outer loop
      vertex 1.7529159718088967 2.11891141763342 -4.2
      vertex 3.5058319436177934 4.23782283526684 0
      vertex 2.9470473723844814 4.643803590261083 0
    endloop
  endfacet
  facet normal -0.835462003744694 -0.05256281396866468 0.5470286929280734
    outer loop
      vertex 2.728315428614814 0.3446663923018367 -4.2
      vertex 2.75 0 -4.2
      vertex 5.5 0 0
    endloop
  endfacet
  facet normal -0.8222862688648304 -0.15685949493020634 0.5470286929280734
    outer loop
      vertex 2.728315428614814 0.3446663923018367 -4.2
      vertex 5.456630857229628 0.6893327846036734 0
      vertex 2.6636036931037355 0.6838971897033507 -4.2
    endloop
  endfacet
  facet normal -0.7574432635548359 -0.3564257448737434 0.5470286929280733
    outer loop
      vertex 2.5568853361926913 1.0123425198828644 -4.2
      vertex 5.113770672385383 2.0246850397657288 0
      vertex 2.4098433701206248 1.324822603779717 -4.2
    endloop
  endfacet
  facet normal -0.7961425883149614 -0.2586824079533769 0.5470286929280734
    outer loop
      vertex 2.6636036931037355 0.6838971897033507 -4.2
      vertex 5.327207386207471 1.3677943794067013 0
      vertex 2.5568853361926913 1.0123425198828644 -4.2
    endloop
  endfacet
  facet normal -0.7067986060537779 -0.4485480348790307 0.5470286929280734
    outer loop
      vertex 2.4098433701206248 1.324822603779717 -4.2
      vertex 4.8196867402412495 2.649645207559434 0
      vertex 2.2247967345311057 1.616409443804301 -4.2
    endloop
  endfacet
  facet normal -0.835462003744694 -0.05256281396866437 0.5470286929280735
    outer loop
      vertex 2.728315428614814 0.3446663923018367 -4.2
      vertex 5.5 0 0
      vertex 5.456630857229628 0.6893327846036734 0
    endloop
  endfacet
  facet normal -0.8222862688648305 -0.15685949493020604 0.5470286929280734
    outer loop
      vertex 2.6636036931037355 0.6838971897033507 -4.2
      vertex 5.456630857229628 0.6893327846036734 0
      vertex 5.327207386207471 1.3677943794067013 0
    endloop
  endfacet
  facet normal -0.7961425883149615 -0.25868240795337666 0.5470286929280734
    outer loop
      vertex 2.5568853361926913 1.0123425198828644 -4.2
      vertex 5.327207386207471 1.3677943794067013 0
      vertex 5.113770672385383 2.0246850397657288 0
    endloop
  endfacet
  facet normal -0.6450073123142294 -0.533596454424669 0.5470286929280734
    outer loop
      vertex 2.0046637254088817 1.882504541303894 -4.2
      vertex 4.449593469062211 3.232818887608602 0
      vertex 4.009327450817763 3.765009082607788 0
    endloop
  endfacet
  facet normal -0.7067986060537776 -0.4485480348790307 0.5470286929280737
    outer loop
      vertex 2.2247967345311057 1.616409443804301 -4.2
      vertex 4.8196867402412495 2.649645207559434 0
      vertex 4.449593469062211 3.232818887608602 0
    endloop
  endfacet
  facet normal -0.757443263554836 -0.3564257448737434 0.5470286929280734
    outer loop
      vertex 2.4098433701206248 1.324822603779717 -4.2
      vertex 5.113770672385383 2.0246850397657288 0
      vertex 4.8196867402412495 2.649645207559434 0
    endloop
  endfacet
  facet normal -0.5730438679507933 -0.610229739128959 0.5470286929280734
    outer loop
      vertex 2.0046637254088817 1.882504541303894 -4.2
      vertex 4.009327450817763 3.765009082607788 0
      vertex 3.5058319436177934 4.23782283526684 0
    endloop
  endfacet
  facet normal 0.770513242775789 0.6374239897486899 0
    outer loop
      vertex -2.2247967345311057 -1.616409443804301 -4.2
      vertex -2.004663725408882 -1.8825045413038934 -12
      vertex -2.2247967345311057 -1.616409443804301 -12
    endloop
  endfacet
  facet normal 0.6845471059286891 0.728968627421411 0
    outer loop
      vertex -2.004663725408882 -1.8825045413038934 -4.2
      vertex -1.7529159718088965 -2.118911417633421 -12
      vertex -2.004663725408882 -1.8825045413038934 -12
    endloop
  endfacet
  facet normal 0.5877852522924721 0.8090169943749482 0
    outer loop
      vertex -1.7529159718088965 -2.118911417633421 -4.2
      vertex -1.4735236861922412 -2.321901795130541 -12
      vertex -1.7529159718088965 -2.118911417633421 -12
    endloop
  endfacet
  facet normal 0.844327925502016 0.5358267949789953 0
    outer loop
      vertex -2.4098433701206243 -1.3248226037797173 -4.2
      vertex -2.2247967345311057 -1.616409443804301 -12
      vertex -2.4098433701206243 -1.3248226037797173 -12
    endloop
  endfacet
  facet normal 0.9510565162951535 0.3090169943749475 0
    outer loop
      vertex -2.6636036931037355 -0.6838971897033508 -4.2
      vertex -2.5568853361926913 -1.0123425198828642 -12
      vertex -2.6636036931037355 -0.6838971897033508 -12
    endloop
  endfacet
  facet normal 0.9048270524660191 0.42577929156507327 0
    outer loop
      vertex -2.5568853361926913 -1.0123425198828642 -4.2
      vertex -2.4098433701206243 -1.3248226037797173 -12
      vertex -2.5568853361926913 -1.0123425198828642 -12
    endloop
  endfacet
  facet normal 0.9980267284282716 0.0627905195293132 0
    outer loop
      vertex -2.75 0 -4.2
      vertex -2.728315428614814 -0.34466639230183616 -12
      vertex -2.75 0 -12
    endloop
  endfacet
  facet normal 0.9822872507286887 0.1873813145857249 0
    outer loop
      vertex -2.728315428614814 -0.34466639230183616 -4.2
      vertex -2.6636036931037355 -0.6838971897033508 -12
      vertex -2.728315428614814 -0.34466639230183616 -12
    endloop
  endfacet
  facet normal 0.48175367410171505 0.8763066800438638 0
    outer loop
      vertex -1.4735236861922412 -2.321901795130541 -4.2
      vertex -1.170893051803949 -2.4882743942815537 -12
      vertex -1.4735236861922412 -2.321901795130541 -12
    endloop
  endfacet
  facet normal 0.368124552684678 0.9297764858882515 0
    outer loop
      vertex -1.170893051803949 -2.4882743942815537 -4.2
      vertex -0.8497967345311054 -2.615405419811672 -12
      vertex -1.170893051803949 -2.4882743942815537 -12
    endloop
  endfacet
  facet normal 0.2486898871648558 0.9685831611286309 0
    outer loop
      vertex -0.8497967345311054 -2.615405419811672 -4.2
      vertex -0.5152986151107433 -2.701289939503894 -12
      vertex -0.8497967345311054 -2.615405419811672 -12
    endloop
  endfacet
  facet normal 0.12533323356430495 0.9921147013144777 0
    outer loop
      vertex -0.5152986151107433 -2.701289939503894 -4.2
      vertex -0.17267392870561285 -2.744573503177747 -12
      vertex -0.5152986151107433 -2.701289939503894 -12
    endloop
  endfacet
  facet normal 0 1 0
    outer loop
      vertex -0.17267392870561285 -2.744573503177747 -4.2
      vertex 0.17267392870561285 -2.744573503177747 -12
      vertex -0.17267392870561285 -2.744573503177747 -12
    endloop
  endfacet
  facet normal 0.770513242775789 0.6374239897486899 0
    outer loop
      vertex -2.2247967345311057 -1.616409443804301 -4.2
      vertex -2.004663725408882 -1.8825045413038934 -4.2
      vertex -2.004663725408882 -1.8825045413038934 -12
    endloop
  endfacet
  facet normal 0.6845471059286891 0.728968627421411 0
    outer loop
      vertex -2.004663725408882 -1.8825045413038934 -4.2
      vertex -1.7529159718088965 -2.118911417633421 -4.2
      vertex -1.7529159718088965 -2.118911417633421 -12
    endloop
  endfacet
  facet normal 0.5877852522924721 0.8090169943749482 0
    outer loop
      vertex -1.7529159718088965 -2.118911417633421 -4.2
      vertex -1.4735236861922412 -2.321901795130541 -4.2
      vertex -1.4735236861922412 -2.321901795130541 -12
    endloop
  endfacet
  facet normal 0.9048270524660191 0.42577929156507327 0
    outer loop
      vertex -2.4098433701206243 -1.3248226037797173 -4.2
      vertex -2.4098433701206243 -1.3248226037797173 -12
      vertex -2.5568853361926913 -1.0123425198828642 -4.2
    endloop
  endfacet
  facet normal 0.9510565162951535 0.3090169943749475 0
    outer loop
      vertex -2.5568853361926913 -1.0123425198828642 -4.2
      vertex -2.5568853361926913 -1.0123425198828642 -12
      vertex -2.6636036931037355 -0.6838971897033508 -4.2
    endloop
  endfacet
  facet normal 0.9980267284282716 0.0627905195293132 0
    outer loop
      vertex -2.728315428614814 -0.34466639230183616 -4.2
      vertex -2.728315428614814 -0.34466639230183616 -12
      vertex -2.75 0 -4.2
    endloop
  endfacet
  facet normal 0.9822872507286887 0.1873813145857249 0
    outer loop
      vertex -2.6636036931037355 -0.6838971897033508 -4.2
      vertex -2.6636036931037355 -0.6838971897033508 -12
      vertex -2.728315428614814 -0.34466639230183616 -4.2
    endloop
  endfacet
  facet normal 0.844327925502016 0.5358267949789953 0
    outer loop
      vertex -2.2247967345311057 -1.616409443804301 -4.2
      vertex -2.2247967345311057 -1.616409443804301 -12
      vertex -2.4098433701206243 -1.3248226037797173 -4.2
    endloop
  endfacet
  facet normal 0.48175367410171505 0.8763066800438638 0
    outer loop
      vertex -1.170893051803949 -2.4882743942815537 -4.2
      vertex -1.170893051803949 -2.4882743942815537 -12
      vertex -1.4735236861922412 -2.321901795130541 -4.2
    endloop
  endfacet
  facet normal 0.368124552684678 0.9297764858882515 0
    outer loop
      vertex -1.170893051803949 -2.4882743942815537 -4.2
      vertex -0.8497967345311054 -2.615405419811672 -4.2
      vertex -0.8497967345311054 -2.615405419811672 -12
    endloop
  endfacet
  facet normal 0.2486898871648558 0.9685831611286309 0
    outer loop
      vertex -0.8497967345311054 -2.615405419811672 -4.2
      vertex -0.5152986151107433 -2.701289939503894 -4.2
      vertex -0.5152986151107433 -2.701289939503894 -12
    endloop
  endfacet
  facet normal 0.12533323356430495 0.9921147013144777 0
    outer loop
      vertex -0.5152986151107433 -2.701289939503894 -4.2
      vertex -0.17267392870561285 -2.744573503177747 -4.2
      vertex -0.17267392870561285 -2.744573503177747 -12
    endloop
  endfacet
  facet normal 0.9980267284282716 -0.0627905195293132 0
    outer loop
      vertex -2.728315428614814 0.34466639230183616 -4.2
      vertex -2.75 0 -12
      vertex -2.728315428614814 0.34466639230183616 -12
    endloop
  endfacet
  facet normal 0.9822872507286887 -0.1873813145857249 0
    outer loop
      vertex -2.6636036931037355 0.6838971897033508 -4.2
      vertex -2.728315428614814 0.34466639230183616 -12
      vertex -2.6636036931037355 0.6838971897033508 -12
    endloop
  endfacet
  facet normal 0.9510565162951535 -0.3090169943749475 0
    outer loop
      vertex -2.5568853361926913 1.0123425198828642 -4.2
      vertex -2.6636036931037355 0.6838971897033508 -12
      vertex -2.5568853361926913 1.0123425198828642 -12
    endloop
  endfacet
  facet normal 0.9048270524660191 -0.42577929156507327 0
    outer loop
      vertex -2.4098433701206243 1.3248226037797173 -4.2
      vertex -2.5568853361926913 1.0123425198828642 -12
      vertex -2.4098433701206243 1.3248226037797173 -12
    endloop
  endfacet
  facet normal 0.844327925502016 -0.5358267949789953 0
    outer loop
      vertex -2.2247967345311057 1.616409443804301 -4.2
      vertex -2.4098433701206243 1.3248226037797173 -12
      vertex -2.2247967345311057 1.616409443804301 -12
    endloop
  endfacet
  facet normal 0.770513242775789 -0.6374239897486899 0
    outer loop
      vertex -2.004663725408882 1.8825045413038934 -4.2
      vertex -2.2247967345311057 1.616409443804301 -12
      vertex -2.004663725408882 1.8825045413038934 -12
    endloop
  endfacet
  facet normal 0.6845471059286891 -0.728968627421411 0
    outer loop
      vertex -1.7529159718088965 2.118911417633421 -4.2
      vertex -2.004663725408882 1.8825045413038934 -12
      vertex -1.7529159718088965 2.118911417633421 -12
    endloop
  endfacet
  facet normal 0.5877852522924721 -0.8090169943749482 0
    outer loop
      vertex -1.4735236861922412 2.321901795130541 -4.2
      vertex -1.7529159718088965 2.118911417633421 -12
      vertex -1.4735236861922412 2.321901795130541 -12
    endloop
  endfacet
  facet normal 0.48175367410171616 -0.8763066800438631 0
    outer loop
      vertex -1.17089305180395 2.4882743942815537 -4.2
      vertex -1.4735236861922412 2.321901795130541 -12
      vertex -1.17089305180395 2.4882743942815537 -12
    endloop
  endfacet
  facet normal 0.36812455268467703 -0.9297764858882518 0
    outer loop
      vertex -0.8497967345311054 2.615405419811672 -4.2
      vertex -1.17089305180395 2.4882743942815537 -12
      vertex -0.8497967345311054 2.615405419811672 -12
    endloop
  endfacet
  facet normal 0.24868988716485532 -0.9685831611286311 0
    outer loop
      vertex -0.5152986151107426 2.701289939503894 -4.2
      vertex -0.8497967345311054 2.615405419811672 -12
      vertex -0.5152986151107426 2.701289939503894 -12
    endloop
  endfacet
  facet normal 0.12533323356430473 -0.9921147013144779 0
    outer loop
      vertex -0.17267392870561152 2.744573503177747 -4.2
      vertex -0.5152986151107426 2.701289939503894 -12
      vertex -0.17267392870561152 2.744573503177747 -12
    endloop
  endfacet
  facet normal 0.9980267284282716 -0.0627905195293132 0
    outer loop
      vertex -2.75 0 -4.2
      vertex -2.75 0 -12
      vertex -2.728315428614814 0.34466639230183616 -4.2
    endloop
  endfacet
  facet normal 0.9822872507286887 -0.1873813145857249 0
    outer loop
      vertex -2.728315428614814 0.34466639230183616 -4.2
      vertex -2.728315428614814 0.34466639230183616 -12
      vertex -2.6636036931037355 0.6838971897033508 -4.2
    endloop
  endfacet
  facet normal 0.9510565162951535 -0.3090169943749475 0
    outer loop
      vertex -2.6636036931037355 0.6838971897033508 -4.2
      vertex -2.6636036931037355 0.6838971897033508 -12
      vertex -2.5568853361926913 1.0123425198828642 -4.2
    endloop
  endfacet
  facet normal 0.9048270524660191 -0.42577929156507327 0
    outer loop
      vertex -2.5568853361926913 1.0123425198828642 -4.2
      vertex -2.5568853361926913 1.0123425198828642 -12
      vertex -2.4098433701206243 1.3248226037797173 -4.2
    endloop
  endfacet
  facet normal 0.844327925502016 -0.5358267949789953 0
    outer loop
      vertex -2.4098433701206243 1.3248226037797173 -4.2
      vertex -2.4098433701206243 1.3248226037797173 -12
      vertex -2.2247967345311057 1.616409443804301 -4.2
    endloop
  endfacet
  facet normal 0.770513242775789 -0.6374239897486899 0
    outer loop
      vertex -2.2247967345311057 1.616409443804301 -4.2
      vertex -2.2247967345311057 1.616409443804301 -12
      vertex -2.004663725408882 1.8825045413038934 -4.2
    endloop
  endfacet
  facet normal 0.6845471059286891 -0.728968627421411 0
    outer loop
      vertex -2.004663725408882 1.8825045413038934 -4.2
      vertex -2.004663725408882 1.8825045413038934 -12
      vertex -1.7529159718088965 2.118911417633421 -4.2
    endloop
  endfacet
  facet normal 0.5877852522924721 -0.8090169943749482 0
    outer loop
      vertex -1.7529159718088965 2.118911417633421 -4.2
      vertex -1.7529159718088965 2.118911417633421 -12
      vertex -1.4735236861922412 2.321901795130541 -4.2
    endloop
  endfacet
  facet normal 0.48175367410171616 -0.8763066800438631 0
    outer loop
      vertex -1.4735236861922412 2.321901795130541 -4.2
      vertex -1.4735236861922412 2.321901795130541 -12
      vertex -1.17089305180395 2.4882743942815537 -4.2
    endloop
  endfacet
  facet normal 0.36812455268467703 -0.9297764858882518 0
    outer loop
      vertex -1.17089305180395 2.4882743942815537 -4.2
      vertex -1.17089305180395 2.4882743942815537 -12
      vertex -0.8497967345311054 2.615405419811672 -4.2
    endloop
  endfacet
  facet normal 0.24868988716485532 -0.9685831611286311 0
    outer loop
      vertex -0.8497967345311054 2.615405419811672 -4.2
      vertex -0.8497967345311054 2.615405419811672 -12
      vertex -0.5152986151107426 2.701289939503894 -4.2
    endloop
  endfacet
  facet normal 0.12533323356430473 -0.9921147013144779 0
    outer loop
      vertex -0.5152986151107426 2.701289939503894 -4.2
      vertex -0.5152986151107426 2.701289939503894 -12
      vertex -0.17267392870561152 2.744573503177747 -4.2
    endloop
  endfacet
  facet normal 0 -1 0
    outer loop
      vertex -0.17267392870561152 2.744573503177747 -4.2
      vertex -0.17267392870561152 2.744573503177747 -12
      vertex 0.17267392870561152 2.744573503177747 -4.2
    endloop
  endfacet
  facet normal -0.12533323356430495 0.9921147013144777 0
    outer loop
      vertex 0.17267392870561285 -2.744573503177747 -4.2
      vertex 0.5152986151107433 -2.701289939503894 -12
      vertex 0.17267392870561285 -2.744573503177747 -12
    endloop
  endfacet
  facet normal -0.2486898871648558 0.9685831611286309 0
    outer loop
      vertex 0.5152986151107433 -2.701289939503894 -4.2
      vertex 0.8497967345311054 -2.615405419811672 -12
      vertex 0.5152986151107433 -2.701289939503894 -12
    endloop
  endfacet
  facet normal -0.368124552684678 0.9297764858882515 0
    outer loop
      vertex 0.8497967345311054 -2.615405419811672 -4.2
      vertex 1.170893051803949 -2.4882743942815537 -12
      vertex 0.8497967345311054 -2.615405419811672 -12
    endloop
  endfacet
  facet normal -0.481753674101714 0.8763066800438644 0
    outer loop
      vertex 1.170893051803949 -2.4882743942815537 -4.2
      vertex 1.4735236861922396 -2.3219017951305423 -12
      vertex 1.170893051803949 -2.4882743942815537 -12
    endloop
  endfacet
  facet normal -0.587785252292473 0.8090169943749477 0
    outer loop
      vertex 1.4735236861922396 -2.3219017951305423 -4.2
      vertex 1.7529159718088974 -2.11891141763342 -12
      vertex 1.4735236861922396 -2.3219017951305423 -12
    endloop
  endfacet
  facet normal -0.6845471059286891 0.7289686274214111 0
    outer loop
      vertex 1.7529159718088974 -2.11891141763342 -4.2
      vertex 2.004663725408882 -1.8825045413038934 -12
      vertex 1.7529159718088974 -2.11891141763342 -12
    endloop
  endfacet
  facet normal -0.770513242775789 0.6374239897486899 0
    outer loop
      vertex 2.004663725408882 -1.8825045413038934 -4.2
      vertex 2.2247967345311057 -1.616409443804301 -12
      vertex 2.004663725408882 -1.8825045413038934 -12
    endloop
  endfacet
  facet normal -0.844327925502016 0.5358267949789953 0
    outer loop
      vertex 2.2247967345311057 -1.616409443804301 -4.2
      vertex 2.4098433701206243 -1.3248226037797173 -12
      vertex 2.2247967345311057 -1.616409443804301 -12
    endloop
  endfacet
  facet normal -0.9048270524660191 0.4257792915650737 0
    outer loop
      vertex 2.4098433701206243 -1.3248226037797173 -4.2
      vertex 2.556885336192691 -1.0123425198828655 -12
      vertex 2.4098433701206243 -1.3248226037797173 -12
    endloop
  endfacet
  facet normal -0.9510565162951535 0.3090169943749478 0
    outer loop
      vertex 2.556885336192691 -1.0123425198828655 -4.2
      vertex 2.663603693103736 -0.6838971897033497 -12
      vertex 2.556885336192691 -1.0123425198828655 -12
    endloop
  endfacet
  facet normal -0.9822872507286888 0.18738131458572424 0
    outer loop
      vertex 2.663603693103736 -0.6838971897033497 -4.2
      vertex 2.728315428614814 -0.34466639230183616 -12
      vertex 2.663603693103736 -0.6838971897033497 -12
    endloop
  endfacet
  facet normal -0.9980267284282716 0.0627905195293132 0
    outer loop
      vertex 2.728315428614814 -0.34466639230183616 -4.2
      vertex 2.75 0 -12
      vertex 2.728315428614814 -0.34466639230183616 -12
    endloop
  endfacet
  facet normal 0 1 0
    outer loop
      vertex -0.17267392870561285 -2.744573503177747 -4.2
      vertex 0.17267392870561285 -2.744573503177747 -4.2
      vertex 0.17267392870561285 -2.744573503177747 -12
    endloop
  endfacet
  facet normal -0.12533323356430495 0.9921147013144777 0
    outer loop
      vertex 0.17267392870561285 -2.744573503177747 -4.2
      vertex 0.5152986151107433 -2.701289939503894 -4.2
      vertex 0.5152986151107433 -2.701289939503894 -12
    endloop
  endfacet
  facet normal -0.2486898871648558 0.9685831611286309 0
    outer loop
      vertex 0.5152986151107433 -2.701289939503894 -4.2
      vertex 0.8497967345311054 -2.615405419811672 -4.2
      vertex 0.8497967345311054 -2.615405419811672 -12
    endloop
  endfacet
  facet normal -0.368124552684678 0.9297764858882515 0
    outer loop
      vertex 0.8497967345311054 -2.615405419811672 -4.2
      vertex 1.170893051803949 -2.4882743942815537 -4.2
      vertex 1.170893051803949 -2.4882743942815537 -12
    endloop
  endfacet
  facet normal -0.481753674101714 0.8763066800438644 0
    outer loop
      vertex 1.170893051803949 -2.4882743942815537 -4.2
      vertex 1.4735236861922396 -2.3219017951305423 -4.2
      vertex 1.4735236861922396 -2.3219017951305423 -12
    endloop
  endfacet
  facet normal -0.587785252292473 0.8090169943749477 0
    outer loop
      vertex 1.4735236861922396 -2.3219017951305423 -4.2
      vertex 1.7529159718088974 -2.11891141763342 -4.2
      vertex 1.7529159718088974 -2.11891141763342 -12
    endloop
  endfacet
  facet normal -0.6845471059286891 0.7289686274214111 0
    outer loop
      vertex 1.7529159718088974 -2.11891141763342 -4.2
      vertex 2.004663725408882 -1.8825045413038934 -4.2
      vertex 2.004663725408882 -1.8825045413038934 -12
    endloop
  endfacet
  facet normal -0.770513242775789 0.6374239897486899 0
    outer loop
      vertex 2.004663725408882 -1.8825045413038934 -4.2
      vertex 2.2247967345311057 -1.616409443804301 -4.2
      vertex 2.2247967345311057 -1.616409443804301 -12
    endloop
  endfacet
  facet normal -0.844327925502016 0.5358267949789953 0
    outer loop
      vertex 2.2247967345311057 -1.616409443804301 -4.2
      vertex 2.4098433701206243 -1.3248226037797173 -4.2
      vertex 2.4098433701206243 -1.3248226037797173 -12
    endloop
  endfacet
  facet normal -0.9048270524660191 0.4257792915650737 0
    outer loop
      vertex 2.4098433701206243 -1.3248226037797173 -4.2
      vertex 2.556885336192691 -1.0123425198828655 -4.2
      vertex 2.556885336192691 -1.0123425198828655 -12
    endloop
  endfacet
  facet normal -0.9510565162951535 0.3090169943749478 0
    outer loop
      vertex 2.556885336192691 -1.0123425198828655 -4.2
      vertex 2.663603693103736 -0.6838971897033497 -4.2
      vertex 2.663603693103736 -0.6838971897033497 -12
    endloop
  endfacet
  facet normal -0.9822872507286888 0.18738131458572424 0
    outer loop
      vertex 2.663603693103736 -0.6838971897033497 -4.2
      vertex 2.728315428614814 -0.34466639230183616 -4.2
      vertex 2.728315428614814 -0.34466639230183616 -12
    endloop
  endfacet
  facet normal -0.9980267284282716 0.0627905195293132 0
    outer loop
      vertex 2.728315428614814 -0.34466639230183616 -4.2
      vertex 2.75 0 -4.2
      vertex 2.75 0 -12
    endloop
  endfacet
  facet normal 0 -1 0
    outer loop
      vertex 0.17267392870561152 2.744573503177747 -4.2
      vertex -0.17267392870561152 2.744573503177747 -12
      vertex 0.17267392870560913 2.744573503177747 -12
    endloop
  endfacet
  facet normal -0.12533323356430387 -0.9921147013144779 0
    outer loop
      vertex 0.5152986151107426 2.701289939503894 -4.2
      vertex 0.17267392870560913 2.744573503177747 -12
      vertex 0.5152986151107426 2.701289939503894 -12
    endloop
  endfacet
  facet normal -0.24868988716485532 -0.9685831611286311 0
    outer loop
      vertex 0.8497967345311054 2.615405419811672 -4.2
      vertex 0.5152986151107426 2.701289939503894 -12
      vertex 0.8497967345311054 2.615405419811672 -12
    endloop
  endfacet
  facet normal -0.36812455268467703 -0.9297764858882518 0
    outer loop
      vertex 1.17089305180395 2.4882743942815537 -4.2
      vertex 0.8497967345311054 2.615405419811672 -12
      vertex 1.17089305180395 2.4882743942815537 -12
    endloop
  endfacet
  facet normal -0.4817536741017157 -0.8763066800438635 0
    outer loop
      vertex 1.4735236861922407 2.3219017951305414 -4.2
      vertex 1.17089305180395 2.4882743942815537 -12
      vertex 1.4735236861922407 2.3219017951305414 -12
    endloop
  endfacet
  facet normal -0.9822872507286887 -0.18738131458572527 0
    outer loop
      vertex 2.728315428614814 0.3446663923018367 -4.2
      vertex 2.6636036931037355 0.6838971897033507 -12
      vertex 2.728315428614814 0.3446663923018367 -12
    endloop
  endfacet
  facet normal -0.9980267284282716 -0.0627905195293131 0
    outer loop
      vertex 2.75 0 -4.2
      vertex 2.728315428614814 0.3446663923018367 -12
      vertex 2.75 0 -12
    endloop
  endfacet
  facet normal -0.9048270524660195 -0.4257792915650727 0
    outer loop
      vertex 2.5568853361926913 1.0123425198828644 -4.2
      vertex 2.4098433701206248 1.324822603779717 -12
      vertex 2.5568853361926913 1.0123425198828644 -12
    endloop
  endfacet
  facet normal -0.9510565162951536 -0.3090169943749473 0
    outer loop
      vertex 2.6636036931037355 0.6838971897033507 -4.2
      vertex 2.5568853361926913 1.0123425198828644 -12
      vertex 2.6636036931037355 0.6838971897033507 -12
    endloop
  endfacet
  facet normal -0.8443279255020155 -0.5358267949789959 0
    outer loop
      vertex 2.4098433701206248 1.324822603779717 -4.2
      vertex 2.2247967345311057 1.616409443804301 -12
      vertex 2.4098433701206248 1.324822603779717 -12
    endloop
  endfacet
  facet normal -0.5877852522924737 -0.8090169943749471 0
    outer loop
      vertex 1.7529159718088967 2.11891141763342 -4.2
      vertex 1.4735236861922407 2.3219017951305414 -12
      vertex 1.7529159718088967 2.11891141763342 -12
    endloop
  endfacet
  facet normal -0.6845471059286878 -0.7289686274214124 0
    outer loop
      vertex 2.0046637254088817 1.882504541303894 -4.2
      vertex 1.7529159718088967 2.11891141763342 -12
      vertex 2.0046637254088817 1.882504541303894 -12
    endloop
  endfacet
  facet normal -0.7705132427757893 -0.6374239897486897 0
    outer loop
      vertex 2.2247967345311057 1.616409443804301 -4.2
      vertex 2.0046637254088817 1.882504541303894 -12
      vertex 2.2247967345311057 1.616409443804301 -12
    endloop
  endfacet
  facet normal -0.12533323356430473 -0.9921147013144779 3.8354853789192204e-17
    outer loop
      vertex 0.17267392870561152 2.744573503177747 -4.2
      vertex 0.17267392870560913 2.744573503177747 -12
      vertex 0.5152986151107426 2.701289939503894 -4.2
    endloop
  endfacet
  facet normal -0.24868988716485532 -0.9685831611286311 0
    outer loop
      vertex 0.5152986151107426 2.701289939503894 -4.2
      vertex 0.5152986151107426 2.701289939503894 -12
      vertex 0.8497967345311054 2.615405419811672 -4.2
    endloop
  endfacet
  facet normal -0.36812455268467703 -0.9297764858882518 0
    outer loop
      vertex 0.8497967345311054 2.615405419811672 -4.2
      vertex 0.8497967345311054 2.615405419811672 -12
      vertex 1.17089305180395 2.4882743942815537 -4.2
    endloop
  endfacet
  facet normal -0.4817536741017157 -0.8763066800438635 0
    outer loop
      vertex 1.4735236861922407 2.3219017951305414 -4.2
      vertex 1.17089305180395 2.4882743942815537 -4.2
      vertex 1.17089305180395 2.4882743942815537 -12
    endloop
  endfacet
  facet normal -0.8443279255020155 -0.5358267949789959 0
    outer loop
      vertex 2.4098433701206248 1.324822603779717 -4.2
      vertex 2.2247967345311057 1.616409443804301 -4.2
      vertex 2.2247967345311057 1.616409443804301 -12
    endloop
  endfacet
  facet normal -0.9822872507286887 -0.18738131458572527 0
    outer loop
      vertex 2.728315428614814 0.3446663923018367 -4.2
      vertex 2.6636036931037355 0.6838971897033507 -4.2
      vertex 2.6636036931037355 0.6838971897033507 -12
    endloop
  endfacet
  facet normal -0.9980267284282716 -0.0627905195293131 0
    outer loop
      vertex 2.728315428614814 0.3446663923018367 -4.2
      vertex 2.728315428614814 0.3446663923018367 -12
      vertex 2.75 0 -4.2
    endloop
  endfacet
  facet normal -0.9510565162951536 -0.3090169943749473 0
    outer loop
      vertex 2.6636036931037355 0.6838971897033507 -4.2
      vertex 2.5568853361926913 1.0123425198828644 -4.2
      vertex 2.5568853361926913 1.0123425198828644 -12
    endloop
  endfacet
  facet normal -0.9048270524660195 -0.4257792915650727 0
    outer loop
      vertex 2.5568853361926913 1.0123425198828644 -4.2
      vertex 2.4098433701206248 1.324822603779717 -4.2
      vertex 2.4098433701206248 1.324822603779717 -12
    endloop
  endfacet
  facet normal -0.5877852522924737 -0.8090169943749471 0
    outer loop
      vertex 1.4735236861922407 2.3219017951305414 -4.2
      vertex 1.4735236861922407 2.3219017951305414 -12
      vertex 1.7529159718088967 2.11891141763342 -4.2
    endloop
  endfacet
  facet normal -0.6845471059286878 -0.7289686274214124 0
    outer loop
      vertex 1.7529159718088967 2.11891141763342 -4.2
      vertex 1.7529159718088967 2.11891141763342 -12
      vertex 2.0046637254088817 1.882504541303894 -4.2
    endloop
  endfacet
  facet normal -0.7705132427757893 -0.6374239897486897 0
    outer loop
      vertex 2.0046637254088817 1.882504541303894 -4.2
      vertex 2.0046637254088817 1.882504541303894 -12
      vertex 2.2247967345311057 1.616409443804301 -4.2
    endloop
  endfacet
  facet normal 0 0 1
    outer loop
      vertex -5.056356214843421 -3.673657826827957 0
      vertex -4.556053921383823 -4.278419412054303 0
      vertex -4.819686740241249 -2.6496452075594346 0
    endloop
  endfacet
  facet normal 0.8443279255020151 0.5358267949789965 0
    outer loop
      vertex -5.056356214843421 -3.673657826827957 0
      vertex -5.476916750274147 -3.010960463135721 0
      vertex -5.476916750274147 -3.010960463135721 3
    endloop
  endfacet
  facet normal 0.7705132427757891 0.6374239897486897 0
    outer loop
      vertex -5.056356214843421 -3.673657826827957 0
      vertex -5.056356214843421 -3.673657826827957 3
      vertex -4.556053921383823 -4.278419412054303 0
    endloop
  endfacet
  facet normal 0 0 1
    outer loop
      vertex -3.98389993592931 -4.815707767348684 0
      vertex -3.3489174686187297 -5.277049534387594 0
      vertex -3.505831943617793 -4.237822835266842 0
    endloop
  endfacet
  facet normal 0 0 1
    outer loop
      vertex -3.3489174686187297 -5.277049534387594 0
      vertex -2.9470473723844823 -4.643803590261082 0
      vertex -3.505831943617793 -4.237822835266842 0
    endloop
  endfacet
  facet normal 0.5877852522924725 0.8090169943749479 0
    outer loop
      vertex -3.98389993592931 -4.815707767348684 0
      vertex -3.3489174686187297 -5.277049534387594 3
      vertex -3.3489174686187297 -5.277049534387594 0
    endloop
  endfacet
  facet normal 0 0 1
    outer loop
      vertex -3.98389993592931 -4.815707767348684 0
      vertex -4.009327450817764 -3.765009082607787 0
      vertex -4.556053921383823 -4.278419412054303 0
    endloop
  endfacet
  facet normal 0 0 1
    outer loop
      vertex -4.556053921383823 -4.278419412054303 0
      vertex -4.009327450817764 -3.765009082607787 0
      vertex -4.449593469062211 -3.232818887608602 0
    endloop
  endfacet
  facet normal 0 0 1
    outer loop
      vertex -4.556053921383823 -4.278419412054303 0
      vertex -4.449593469062211 -3.232818887608602 0
      vertex -4.819686740241249 -2.6496452075594346 0
    endloop
  endfacet
  facet normal 0 0 1
    outer loop
      vertex -3.98389993592931 -4.815707767348684 0
      vertex -3.505831943617793 -4.237822835266842 0
      vertex -4.009327450817764 -3.765009082607787 0
    endloop
  endfacet
  facet normal 0.6845471059286893 0.7289686274214109 0
    outer loop
      vertex -3.98389993592931 -4.815707767348684 0
      vertex -4.556053921383823 -4.278419412054303 0
      vertex -3.98389993592931 -4.815707767348684 3
    endloop
  endfacet
  facet normal 0.7705132427757891 0.6374239897486897 0
    outer loop
      vertex -4.556053921383823 -4.278419412054303 0
      vertex -5.056356214843421 -3.673657826827957 3
      vertex -4.556053921383823 -4.278419412054303 3
    endloop
  endfacet
  facet normal 0.8443279255020151 0.5358267949789965 0
    outer loop
      vertex -5.056356214843421 -3.673657826827957 0
      vertex -5.476916750274147 -3.010960463135721 3
      vertex -5.056356214843421 -3.673657826827957 3
    endloop
  endfacet
  facet normal 0.5877852522924725 0.8090169943749479 0
    outer loop
      vertex -3.98389993592931 -4.815707767348684 0
      vertex -3.98389993592931 -4.815707767348684 3
      vertex -3.3489174686187297 -5.277049534387594 3
    endloop
  endfacet
  facet normal 0.6845471059286893 0.7289686274214109 0
    outer loop
      vertex -4.556053921383823 -4.278419412054303 0
      vertex -4.556053921383823 -4.278419412054303 3
      vertex -3.98389993592931 -4.815707767348684 3
    endloop
  endfacet
  facet normal 0 0 1
    outer loop
      vertex -5.476916750274147 -3.010960463135721 0
      vertex -5.5 0 0
      vertex -5.811103036801572 -2.3007784542792367 0
    endloop
  endfacet
  facet normal 0 0 1
    outer loop
      vertex -5.056356214843421 -3.673657826827957 0
      vertex -5.113770672385383 -2.0246850397657283 0
      vertex -5.476916750274147 -3.010960463135721 0
    endloop
  endfacet
  facet normal 0 0 1
    outer loop
      vertex -5.056356214843421 -3.673657826827957 0
      vertex -4.819686740241249 -2.6496452075594346 0
      vertex -5.113770672385383 -2.0246850397657283 0
    endloop
  endfacet
  facet normal 0 0 1
    outer loop
      vertex -5.476916750274147 -3.010960463135721 0
      vertex -5.113770672385383 -2.0246850397657283 0
      vertex -5.327207386207471 -1.3677943794067016 0
    endloop
  endfacet
  facet normal 0 0 1
    outer loop
      vertex -5.476916750274147 -3.010960463135721 0
      vertex -5.327207386207471 -1.3677943794067016 0
      vertex -5.456630857229628 -0.6893327846036723 0
    endloop
  endfacet
  facet normal 0.9048270524660194 0.42577929156507294 0
    outer loop
      vertex -5.476916750274147 -3.010960463135721 0
      vertex -5.811103036801572 -2.3007784542792367 0
      vertex -5.811103036801572 -2.3007784542792367 3
    endloop
  endfacet
  facet normal 0.9510565162951538 0.309016994374947 0
    outer loop
      vertex -5.811103036801572 -2.3007784542792367 0
      vertex -6.053644757053944 -1.5543117947803429 0
      vertex -6.053644757053944 -1.5543117947803429 3
    endloop
  endfacet
  facet normal 0 0 1
    outer loop
      vertex -5.476916750274147 -3.010960463135721 0
      vertex -5.456630857229628 -0.6893327846036723 0
      vertex -5.5 0 0
    endloop
  endfacet
  facet normal 0 0 1
    outer loop
      vertex -5.811103036801572 -2.3007784542792367 0
      vertex -5.811103036801572 2.3007784542792367 0
      vertex -6.053644757053944 -1.5543117947803429 0
    endloop
  endfacet
  facet normal 0 0 1
    outer loop
      vertex -6.053644757053944 -1.5543117947803429 0
      vertex -6.053644757053944 1.5543117947803429 0
      vertex -6.200716883215486 -0.7833327097769004 0
    endloop
  endfacet
  facet normal 0 0 1
    outer loop
      vertex -5.811103036801572 -2.3007784542792367 0
      vertex -5.5 0 0
      vertex -5.456630857229628 0.6893327846036723 0
    endloop
  endfacet
  facet normal 0.9822872507286888 0.1873813145857246 0
    outer loop
      vertex -6.053644757053944 -1.5543117947803429 0
      vertex -6.200716883215486 -0.7833327097769004 0
      vertex -6.200716883215486 -0.7833327097769004 3
    endloop
  endfacet
  facet normal 0.9980267284282716 0.0627905195293135 0
    outer loop
      vertex -6.200716883215486 -0.7833327097769004 0
      vertex -6.25 0 0
      vertex -6.25 0 3
    endloop
  endfacet
  facet normal 0.9048270524660194 0.42577929156507294 0
    outer loop
      vertex -5.476916750274147 -3.010960463135721 0
      vertex -5.811103036801572 -2.3007784542792367 3
      vertex -5.476916750274147 -3.010960463135721 3
    endloop
  endfacet
  facet normal 0.9510565162951538 0.309016994374947 0
    outer loop
      vertex -5.811103036801572 -2.3007784542792367 0
      vertex -6.053644757053944 -1.5543117947803429 3
      vertex -5.811103036801572 -2.3007784542792367 3
    endloop
  endfacet
  facet normal 0.9822872507286888 0.1873813145857246 0
    outer loop
      vertex -6.053644757053944 -1.5543117947803429 0
      vertex -6.200716883215486 -0.7833327097769004 3
      vertex -6.053644757053944 -1.5543117947803429 3
    endloop
  endfacet
  facet normal 0.9980267284282716 0.0627905195293135 0
    outer loop
      vertex -6.200716883215486 -0.7833327097769004 0
      vertex -6.25 0 3
      vertex -6.200716883215486 -0.7833327097769004 3
    endloop
  endfacet
  facet normal 0 0 1
    outer loop
      vertex -3.3489174686187297 -5.277049534387594 0
      vertex -2.661120572281703 -5.655169077912622 0
      vertex -2.9470473723844823 -4.643803590261082 0
    endloop
  endfacet
  facet normal 0 0 1
    outer loop
      vertex -2.661120572281703 -5.655169077912622 0
      vertex -2.341786103607898 -4.9765487885631075 0
      vertex -2.9470473723844823 -4.643803590261082 0
    endloop
  endfacet
  facet normal 0 0 1
    outer loop
      vertex -2.661120572281703 -5.655169077912622 0
      vertex -1.9313562148434211 -5.944103226844709 0
      vertex -2.341786103607898 -4.9765487885631075 0
    endloop
  endfacet
  facet normal 0 0 1
    outer loop
      vertex -1.9313562148434211 -5.944103226844709 0
      vertex -1.1711332161607801 -6.139295317054303 0
      vertex -1.6995934690622108 -5.230810839623344 0
    endloop
  endfacet
  facet normal 0 0 1
    outer loop
      vertex -1.9313562148434211 -5.944103226844709 0
      vertex -1.6995934690622108 -5.230810839623344 0
      vertex -2.341786103607898 -4.9765487885631075 0
    endloop
  endfacet
  facet normal 0.48175367410171477 0.8763066800438639 0
    outer loop
      vertex -3.3489174686187297 -5.277049534387594 0
      vertex -2.661120572281703 -5.655169077912622 3
      vertex -2.661120572281703 -5.655169077912622 0
    endloop
  endfacet
  facet normal 0.368124552684678 0.9297764858882516 0
    outer loop
      vertex -2.661120572281703 -5.655169077912622 0
      vertex -1.9313562148434211 -5.944103226844709 3
      vertex -1.9313562148434211 -5.944103226844709 0
    endloop
  endfacet
  facet normal 0 0 1
    outer loop
      vertex -1.6995934690622108 -5.230810839623344 0
      vertex -1.1711332161607801 -6.139295317054303 0
      vertex -1.0305972302214865 -5.402579879007788 0
    endloop
  endfacet
  facet normal 0 0 1
    outer loop
      vertex -1.1711332161607801 -6.139295317054303 0
      vertex -0.392440747058211 -6.237667052676697 0
      vertex -1.0305972302214865 -5.402579879007788 0
    endloop
  endfacet
  facet normal 0 0 1
    outer loop
      vertex -1.0305972302214865 -5.402579879007788 0
      vertex -0.392440747058211 -6.237667052676697 0
      vertex -0.3453478574112259 -5.489147006355494 0
    endloop
  endfacet
  facet normal 0 0 1
    outer loop
      vertex -0.392440747058211 -6.237667052676697 0
      vertex 0.3453478574112257 -5.489147006355494 0
      vertex -0.3453478574112259 -5.489147006355494 0
    endloop
  endfacet
  facet normal 0.24868988716485482 0.9685831611286312 0
    outer loop
      vertex -1.9313562148434211 -5.944103226844709 0
      vertex -1.1711332161607801 -6.139295317054303 3
      vertex -1.1711332161607801 -6.139295317054303 0
    endloop
  endfacet
  facet normal 0.12533323356430498 0.9921147013144779 0
    outer loop
      vertex -1.1711332161607801 -6.139295317054303 0
      vertex -0.392440747058211 -6.237667052676697 3
      vertex -0.392440747058211 -6.237667052676697 0
    endloop
  endfacet
  facet normal 0.368124552684678 0.9297764858882516 0
    outer loop
      vertex -2.661120572281703 -5.655169077912622 0
      vertex -2.661120572281703 -5.655169077912622 3
      vertex -1.9313562148434211 -5.944103226844709 3
    endloop
  endfacet
  facet normal 0.48175367410171477 0.8763066800438639 0
    outer loop
      vertex -3.3489174686187297 -5.277049534387594 0
      vertex -3.3489174686187297 -5.277049534387594 3
      vertex -2.661120572281703 -5.655169077912622 3
    endloop
  endfacet
  facet normal 0.24868988716485482 0.9685831611286312 0
    outer loop
      vertex -1.9313562148434211 -5.944103226844709 0
      vertex -1.9313562148434211 -5.944103226844709 3
      vertex -1.1711332161607801 -6.139295317054303 3
    endloop
  endfacet
  facet normal 0.12533323356430498 0.9921147013144779 0
    outer loop
      vertex -1.1711332161607801 -6.139295317054303 0
      vertex -1.1711332161607801 -6.139295317054303 3
      vertex -0.392440747058211 -6.237667052676697 3
    endloop
  endfacet
  facet normal 0 1 0
    outer loop
      vertex -0.392440747058211 -6.237667052676697 0
      vertex -0.392440747058211 -6.237667052676697 3
      vertex 0.392440747058211 -6.237667052676697 3
    endloop
  endfacet
  facet normal 0 0 1
    outer loop
      vertex -6.200716883215486 -0.7833327097769004 0
      vertex -6.200716883215486 0.7833327097769004 0
      vertex -6.25 0 0
    endloop
  endfacet
  facet normal 0 0 1
    outer loop
      vertex -6.200716883215486 -0.7833327097769004 0
      vertex -6.053644757053944 1.5543117947803429 0
      vertex -6.200716883215486 0.7833327097769004 0
    endloop
  endfacet
  facet normal 0 0 1
    outer loop
      vertex -6.053644757053944 -1.5543117947803429 0
      vertex -5.811103036801572 2.3007784542792367 0
      vertex -6.053644757053944 1.5543117947803429 0
    endloop
  endfacet
  facet normal 0 0 1
    outer loop
      vertex -5.811103036801572 -2.3007784542792367 0
      vertex -5.456630857229628 0.6893327846036723 0
      vertex -5.476916750274147 3.010960463135721 0
    endloop
  endfacet
  facet normal 0 0 1
    outer loop
      vertex -5.811103036801572 -2.3007784542792367 0
      vertex -5.476916750274147 3.010960463135721 0
      vertex -5.811103036801572 2.3007784542792367 0
    endloop
  endfacet
  facet normal 0.9980267284282716 -0.0627905195293135 0
    outer loop
      vertex -6.25 0 0
      vertex -6.200716883215486 0.7833327097769004 0
      vertex -6.200716883215486 0.7833327097769004 3
    endloop
  endfacet
  facet normal 0.9822872507286888 -0.1873813145857246 0
    outer loop
      vertex -6.200716883215486 0.7833327097769004 0
      vertex -6.053644757053944 1.5543117947803429 0
      vertex -6.053644757053944 1.5543117947803429 3
    endloop
  endfacet
  facet normal 0 0 1
    outer loop
      vertex -5.456630857229628 0.6893327846036723 0
      vertex -5.327207386207471 1.3677943794067016 0
      vertex -5.476916750274147 3.010960463135721 0
    endloop
  endfacet
  facet normal 0 0 1
    outer loop
      vertex -5.327207386207471 1.3677943794067016 0
      vertex -5.113770672385383 2.0246850397657283 0
      vertex -5.476916750274147 3.010960463135721 0
    endloop
  endfacet
  facet normal 0 0 1
    outer loop
      vertex -5.476916750274147 3.010960463135721 0
      vertex -5.113770672385383 2.0246850397657283 0
      vertex -5.056356214843421 3.673657826827957 0
    endloop
  endfacet
  facet normal 0 0 1
    outer loop
      vertex -5.113770672385383 2.0246850397657283 0
      vertex -4.819686740241249 2.6496452075594346 0
      vertex -5.056356214843421 3.673657826827957 0
    endloop
  endfacet
  facet normal 0.9510565162951538 -0.309016994374947 0
    outer loop
      vertex -6.053644757053944 1.5543117947803429 0
      vertex -5.811103036801572 2.3007784542792367 0
      vertex -5.811103036801572 2.3007784542792367 3
    endloop
  endfacet
  facet normal 0.9048270524660194 -0.42577929156507294 0
    outer loop
      vertex -5.811103036801572 2.3007784542792367 0
      vertex -5.476916750274147 3.010960463135721 0
      vertex -5.476916750274147 3.010960463135721 3
    endloop
  endfacet
  facet normal 0.9980267284282716 -0.0627905195293135 0
    outer loop
      vertex -6.25 0 0
      vertex -6.200716883215486 0.7833327097769004 3
      vertex -6.25 0 3
    endloop
  endfacet
  facet normal 0.9822872507286888 -0.1873813145857246 0
    outer loop
      vertex -6.200716883215486 0.7833327097769004 0
      vertex -6.053644757053944 1.5543117947803429 3
      vertex -6.200716883215486 0.7833327097769004 3
    endloop
  endfacet
  facet normal 0.9510565162951538 -0.309016994374947 0
    outer loop
      vertex -6.053644757053944 1.5543117947803429 0
      vertex -5.811103036801572 2.3007784542792367 3
      vertex -6.053644757053944 1.5543117947803429 3
    endloop
  endfacet
  facet normal 0.9048270524660194 -0.42577929156507294 0
    outer loop
      vertex -5.811103036801572 2.3007784542792367 0
      vertex -5.476916750274147 3.010960463135721 3
      vertex -5.811103036801572 2.3007784542792367 3
    endloop
  endfacet
  facet normal 0 0 1
    outer loop
      vertex -4.819686740241249 2.6496452075594346 0
      vertex -4.449593469062211 3.232818887608602 0
      vertex -5.056356214843421 3.673657826827957 0
    endloop
  endfacet
  facet normal 0.8443279255020151 -0.5358267949789965 0
    outer loop
      vertex -5.476916750274147 3.010960463135721 0
      vertex -5.056356214843421 3.673657826827957 0
      vertex -5.056356214843421 3.673657826827957 3
    endloop
  endfacet
  facet normal 0.7705132427757891 -0.6374239897486897 0
    outer loop
      vertex -5.056356214843421 3.673657826827957 0
      vertex -4.556053921383823 4.278419412054303 0
      vertex -4.556053921383823 4.278419412054303 3
    endloop
  endfacet
  facet normal 0 0 1
    outer loop
      vertex -5.056356214843421 3.673657826827957 0
      vertex -4.449593469062211 3.232818887608602 0
      vertex -4.556053921383823 4.278419412054303 0
    endloop
  endfacet
  facet normal 0 0 1
    outer loop
      vertex -4.449593469062211 3.232818887608602 0
      vertex -4.009327450817764 3.765009082607787 0
      vertex -4.556053921383823 4.278419412054303 0
    endloop
  endfacet
  facet normal 0 0 1
    outer loop
      vertex -4.009327450817764 3.765009082607787 0
      vertex -3.98389993592931 4.815707767348684 0
      vertex -4.556053921383823 4.278419412054303 0
    endloop
  endfacet
  facet normal 0 0 1
    outer loop
      vertex -4.009327450817764 3.765009082607787 0
      vertex -3.505831943617793 4.237822835266842 0
      vertex -3.98389993592931 4.815707767348684 0
    endloop
  endfacet
  facet normal 0 0 1
    outer loop
      vertex -3.505831943617793 4.237822835266842 0
      vertex -2.9470473723844823 4.643803590261082 0
      vertex -3.98389993592931 4.815707767348684 0
    endloop
  endfacet
  facet normal 0.6845471059286893 -0.7289686274214109 0
    outer loop
      vertex -4.556053921383823 4.278419412054303 0
      vertex -3.98389993592931 4.815707767348684 0
      vertex -4.556053921383823 4.278419412054303 3
    endloop
  endfacet
  facet normal 0 0 1
    outer loop
      vertex -3.98389993592931 4.815707767348684 0
      vertex -2.9470473723844823 4.643803590261082 0
      vertex -3.3489174686187297 5.277049534387594 0
    endloop
  endfacet
  facet normal 0.5877852522924725 -0.8090169943749479 0
    outer loop
      vertex -3.98389993592931 4.815707767348684 0
      vertex -3.3489174686187297 5.277049534387594 0
      vertex -3.98389993592931 4.815707767348684 3
    endloop
  endfacet
  facet normal 0.8443279255020151 -0.5358267949789965 0
    outer loop
      vertex -5.476916750274147 3.010960463135721 0
      vertex -5.056356214843421 3.673657826827957 3
      vertex -5.476916750274147 3.010960463135721 3
    endloop
  endfacet
  facet normal 0.7705132427757891 -0.6374239897486897 0
    outer loop
      vertex -5.056356214843421 3.673657826827957 0
      vertex -4.556053921383823 4.278419412054303 3
      vertex -5.056356214843421 3.673657826827957 3
    endloop
  endfacet
  facet normal 0.6845471059286893 -0.7289686274214109 0
    outer loop
      vertex -3.98389993592931 4.815707767348684 0
      vertex -3.98389993592931 4.815707767348684 3
      vertex -4.556053921383823 4.278419412054303 3
    endloop
  endfacet
  facet normal 0.5877852522924725 -0.8090169943749479 0
    outer loop
      vertex -3.3489174686187297 5.277049534387594 0
      vertex -3.3489174686187297 5.277049534387594 3
      vertex -3.98389993592931 4.815707767348684 3
    endloop
  endfacet
  facet normal 0 0 1
    outer loop
      vertex -3.3489174686187297 5.277049534387594 0
      vertex -2.9470473723844823 4.643803590261082 0
      vertex -2.3417861036079 4.9765487885631075 0
    endloop
  endfacet
  facet normal 0 0 1
    outer loop
      vertex -3.3489174686187297 5.277049534387594 0
      vertex -2.3417861036079 4.9765487885631075 0
      vertex -2.6611205722817046 5.655169077912622 0
    endloop
  endfacet
  facet normal 0 0 1
    outer loop
      vertex -2.6611205722817046 5.655169077912622 0
      vertex -2.3417861036079 4.9765487885631075 0
      vertex -1.6995934690622108 5.230810839623344 0
    endloop
  endfacet
  facet normal 0 0 1
    outer loop
      vertex -2.6611205722817046 5.655169077912622 0
      vertex -1.6995934690622108 5.230810839623344 0
      vertex -1.9313562148434211 5.944103226844709 0
    endloop
  endfacet
  facet normal 0.48175367410171566 -0.8763066800438634 0
    outer loop
      vertex -3.3489174686187297 5.277049534387594 0
      vertex -2.6611205722817046 5.655169077912622 0
      vertex -3.3489174686187297 5.277049534387594 3
    endloop
  endfacet
  facet normal 0.36812455268467714 -0.9297764858882517 0
    outer loop
      vertex -2.6611205722817046 5.655169077912622 0
      vertex -1.9313562148434211 5.944103226844709 0
      vertex -2.6611205722817046 5.655169077912622 3
    endloop
  endfacet
  facet normal 0.24868988716485538 -0.9685831611286311 0
    outer loop
      vertex -1.9313562148434211 5.944103226844709 0
      vertex -1.1711332161607786 6.139295317054304 0
      vertex -1.9313562148434211 5.944103226844709 3
    endloop
  endfacet
  facet normal 0 0 1
    outer loop
      vertex -1.6995934690622108 5.230810839623344 0
      vertex -1.0305972302214852 5.402579879007788 0
      vertex -1.9313562148434211 5.944103226844709 0
    endloop
  endfacet
  facet normal 0 0 1
    outer loop
      vertex -1.9313562148434211 5.944103226844709 0
      vertex -1.0305972302214852 5.402579879007788 0
      vertex -1.1711332161607786 6.139295317054304 0
    endloop
  endfacet
  facet normal 0 0 1
    outer loop
      vertex -1.0305972302214852 5.402579879007788 0
      vertex -0.34534785741122304 5.489147006355494 0
      vertex -1.1711332161607786 6.139295317054304 0
    endloop
  endfacet
  facet normal 0 0 1
    outer loop
      vertex -1.1711332161607786 6.139295317054304 0
      vertex -0.34534785741122304 5.489147006355494 0
      vertex -0.392440747058208 6.237667052676697 0
    endloop
  endfacet
  facet normal 0 0 1
    outer loop
      vertex -0.392440747058208 6.237667052676697 0
      vertex -0.34534785741122304 5.489147006355494 0
      vertex 0.34534785741122304 5.489147006355494 0
    endloop
  endfacet
  facet normal 0.12533323356430362 -0.9921147013144779 0
    outer loop
      vertex -1.1711332161607786 6.139295317054304 0
      vertex -0.392440747058208 6.237667052676697 0
      vertex -1.1711332161607786 6.139295317054304 3
    endloop
  endfacet
  facet normal 0 -1 0
    outer loop
      vertex -0.392440747058208 6.237667052676697 0
      vertex 0.392440747058208 6.237667052676697 0
      vertex -0.3924407470582064 6.237667052676697 3
    endloop
  endfacet
  facet normal 0.48175367410171566 -0.8763066800438634 0
    outer loop
      vertex -2.6611205722817046 5.655169077912622 0
      vertex -2.6611205722817046 5.655169077912622 3
      vertex -3.3489174686187297 5.277049534387594 3
    endloop
  endfacet
  facet normal 0.36812455268467714 -0.9297764858882517 0
    outer loop
      vertex -1.9313562148434211 5.944103226844709 0
      vertex -1.9313562148434211 5.944103226844709 3
      vertex -2.6611205722817046 5.655169077912622 3
    endloop
  endfacet
  facet normal 0.24868988716485538 -0.9685831611286311 0
    outer loop
      vertex -1.1711332161607786 6.139295317054304 0
      vertex -1.1711332161607786 6.139295317054304 3
      vertex -1.9313562148434211 5.944103226844709 3
    endloop
  endfacet
  facet normal 0.12533323356430334 -0.9921147013144779 -6.493565943844562e-17
    outer loop
      vertex -0.392440747058208 6.237667052676697 0
      vertex -0.3924407470582064 6.237667052676697 3
      vertex -1.1711332161607786 6.139295317054304 3
    endloop
  endfacet
  facet normal 0 0 1
    outer loop
      vertex -0.392440747058211 -6.237667052676697 0
      vertex 0.392440747058211 -6.237667052676697 0
      vertex 0.3453478574112257 -5.489147006355494 0
    endloop
  endfacet
  facet normal 0 0 1
    outer loop
      vertex 0.3453478574112257 -5.489147006355494 0
      vertex 0.392440747058211 -6.237667052676697 0
      vertex 1.1711332161607801 -6.139295317054303 0
    endloop
  endfacet
  facet normal 0 0 1
    outer loop
      vertex 0.3453478574112257 -5.489147006355494 0
      vertex 1.1711332161607801 -6.139295317054303 0
      vertex 1.0305972302214865 -5.402579879007788 0
    endloop
  endfacet
  facet normal 0 0 1
    outer loop
      vertex 1.1711332161607801 -6.139295317054303 0
      vertex 1.9313562148434211 -5.944103226844709 0
      vertex 1.0305972302214865 -5.402579879007788 0
    endloop
  endfacet
  facet normal 0 0 1
    outer loop
      vertex 1.0305972302214865 -5.402579879007788 0
      vertex 1.9313562148434211 -5.944103226844709 0
      vertex 1.6995934690622108 -5.230810839623344 0
    endloop
  endfacet
  facet normal 0 1 0
    outer loop
      vertex -0.392440747058211 -6.237667052676697 0
      vertex 0.392440747058211 -6.237667052676697 3
      vertex 0.392440747058211 -6.237667052676697 0
    endloop
  endfacet
  facet normal -0.12533323356430498 0.9921147013144779 0
    outer loop
      vertex 0.392440747058211 -6.237667052676697 0
      vertex 1.1711332161607801 -6.139295317054303 3
      vertex 1.1711332161607801 -6.139295317054303 0
    endloop
  endfacet
  facet normal 0 0 1
    outer loop
      vertex 1.9313562148434211 -5.944103226844709 0
      vertex 2.661120572281703 -5.655169077912622 0
      vertex 1.6995934690622108 -5.230810839623344 0
    endloop
  endfacet
  facet normal 0 0 1
    outer loop
      vertex 1.6995934690622108 -5.230810839623344 0
      vertex 2.661120572281703 -5.655169077912622 0
      vertex 2.341786103607898 -4.9765487885631075 0
    endloop
  endfacet
  facet normal 0 0 1
    outer loop
      vertex 2.341786103607898 -4.9765487885631075 0
      vertex 2.661120572281703 -5.655169077912622 0
      vertex 3.348917468618726 -5.277049534387595 0
    endloop
  endfacet
  facet normal 0 0 1
    outer loop
      vertex 2.341786103607898 -4.9765487885631075 0
      vertex 3.348917468618726 -5.277049534387595 0
      vertex 2.9470473723844792 -4.643803590261085 0
    endloop
  endfacet
  facet normal -0.24868988716485482 0.9685831611286312 0
    outer loop
      vertex 1.1711332161607801 -6.139295317054303 0
      vertex 1.9313562148434211 -5.944103226844709 3
      vertex 1.9313562148434211 -5.944103226844709 0
    endloop
  endfacet
  facet normal -0.368124552684678 0.9297764858882516 0
    outer loop
      vertex 1.9313562148434211 -5.944103226844709 0
      vertex 2.661120572281703 -5.655169077912622 3
      vertex 2.661120572281703 -5.655169077912622 0
    endloop
  endfacet
  facet normal -0.4817536741017149 0.8763066800438637 0
    outer loop
      vertex 2.661120572281703 -5.655169077912622 0
      vertex 3.348917468618726 -5.277049534387595 3
      vertex 3.348917468618726 -5.277049534387595 0
    endloop
  endfacet
  facet normal -0.12533323356430498 0.9921147013144779 0
    outer loop
      vertex 0.392440747058211 -6.237667052676697 0
      vertex 0.392440747058211 -6.237667052676697 3
      vertex 1.1711332161607801 -6.139295317054303 3
    endloop
  endfacet
  facet normal -0.24868988716485482 0.9685831611286312 0
    outer loop
      vertex 1.1711332161607801 -6.139295317054303 0
      vertex 1.1711332161607801 -6.139295317054303 3
      vertex 1.9313562148434211 -5.944103226844709 3
    endloop
  endfacet
  facet normal -0.368124552684678 0.9297764858882516 0
    outer loop
      vertex 1.9313562148434211 -5.944103226844709 0
      vertex 1.9313562148434211 -5.944103226844709 3
      vertex 2.661120572281703 -5.655169077912622 3
    endloop
  endfacet
  facet normal -0.4817536741017149 0.8763066800438637 0
    outer loop
      vertex 2.661120572281703 -5.655169077912622 0
      vertex 2.661120572281703 -5.655169077912622 3
      vertex 3.348917468618726 -5.277049534387595 3
    endloop
  endfacet
  facet normal 0 0 1
    outer loop
      vertex 2.9470473723844792 -4.643803590261085 0
      vertex 3.348917468618726 -5.277049534387595 0
      vertex 3.9838999359293124 -4.815707767348681 0
    endloop
  endfacet
  facet normal -0.5877852522924727 0.8090169943749478 0
    outer loop
      vertex 3.348917468618726 -5.277049534387595 0
      vertex 3.9838999359293124 -4.815707767348681 3
      vertex 3.9838999359293124 -4.815707767348681 0
    endloop
  endfacet
  facet normal 0 0 1
    outer loop
      vertex 2.9470473723844792 -4.643803590261085 0
      vertex 3.9838999359293124 -4.815707767348681 0
      vertex 3.5058319436177947 -4.23782283526684 0
    endloop
  endfacet
  facet normal 0 0 1
    outer loop
      vertex 3.9838999359293124 -4.815707767348681 0
      vertex 4.009327450817764 -3.765009082607787 0
      vertex 3.5058319436177947 -4.23782283526684 0
    endloop
  endfacet
  facet normal 0 0 1
    outer loop
      vertex 3.9838999359293124 -4.815707767348681 0
      vertex 4.556053921383823 -4.278419412054303 0
      vertex 4.009327450817764 -3.765009082607787 0
    endloop
  endfacet
  facet normal 0 0 1
    outer loop
      vertex 4.556053921383823 -4.278419412054303 0
      vertex 4.449593469062211 -3.232818887608602 0
      vertex 4.009327450817764 -3.765009082607787 0
    endloop
  endfacet
  facet normal 0 0 1
    outer loop
      vertex 4.556053921383823 -4.278419412054303 0
      vertex 5.056356214843421 -3.673657826827957 0
      vertex 4.449593469062211 -3.232818887608602 0
    endloop
  endfacet
  facet normal -0.6845471059286888 0.7289686274214112 0
    outer loop
      vertex 3.9838999359293124 -4.815707767348681 0
      vertex 4.556053921383823 -4.278419412054303 3
      vertex 4.556053921383823 -4.278419412054303 0
    endloop
  endfacet
  facet normal 0 0 1
    outer loop
      vertex 4.449593469062211 -3.232818887608602 0
      vertex 5.056356214843421 -3.673657826827957 0
      vertex 4.819686740241249 -2.6496452075594346 0
    endloop
  endfacet
  facet normal -0.7705132427757891 0.6374239897486897 0
    outer loop
      vertex 4.556053921383823 -4.278419412054303 0
      vertex 4.556053921383823 -4.278419412054303 3
      vertex 5.056356214843421 -3.673657826827957 0
    endloop
  endfacet
  facet normal -0.8443279255020151 0.5358267949789965 0
    outer loop
      vertex 5.056356214843421 -3.673657826827957 0
      vertex 5.056356214843421 -3.673657826827957 3
      vertex 5.476916750274147 -3.010960463135721 0
    endloop
  endfacet
  facet normal -0.5877852522924727 0.8090169943749478 0
    outer loop
      vertex 3.348917468618726 -5.277049534387595 0
      vertex 3.348917468618726 -5.277049534387595 3
      vertex 3.9838999359293124 -4.815707767348681 3
    endloop
  endfacet
  facet normal -0.6845471059286888 0.7289686274214112 0
    outer loop
      vertex 3.9838999359293124 -4.815707767348681 0
      vertex 3.9838999359293124 -4.815707767348681 3
      vertex 4.556053921383823 -4.278419412054303 3
    endloop
  endfacet
  facet normal -0.7705132427757891 0.6374239897486897 0
    outer loop
      vertex 5.056356214843421 -3.673657826827957 0
      vertex 4.556053921383823 -4.278419412054303 3
      vertex 5.056356214843421 -3.673657826827957 3
    endloop
  endfacet
  facet normal -0.8443279255020151 0.5358267949789965 0
    outer loop
      vertex 5.476916750274147 -3.010960463135721 0
      vertex 5.056356214843421 -3.673657826827957 3
      vertex 5.476916750274147 -3.010960463135721 3
    endloop
  endfacet
  facet normal 0 0 1
    outer loop
      vertex 5.056356214843421 -3.673657826827957 0
      vertex 5.113770672385382 -2.024685039765731 0
      vertex 4.819686740241249 -2.6496452075594346 0
    endloop
  endfacet
  facet normal 0 0 1
    outer loop
      vertex 5.056356214843421 -3.673657826827957 0
      vertex 5.476916750274147 -3.010960463135721 0
      vertex 5.113770672385382 -2.024685039765731 0
    endloop
  endfacet
  facet normal 0 0 1
    outer loop
      vertex 5.113770672385382 -2.024685039765731 0
      vertex 5.476916750274147 -3.010960463135721 0
      vertex 5.327207386207472 -1.3677943794066993 0
    endloop
  endfacet
  facet normal 0 0 1
    outer loop
      vertex 5.476916750274147 -3.010960463135721 0
      vertex 5.456630857229628 -0.6893327846036723 0
      vertex 5.327207386207472 -1.3677943794066993 0
    endloop
  endfacet
  facet normal -0.9048270524660196 0.42577929156507266 0
    outer loop
      vertex 5.476916750274147 -3.010960463135721 0
      vertex 5.476916750274147 -3.010960463135721 3
      vertex 5.81110303680157 -2.3007784542792398 0
    endloop
  endfacet
  facet normal -0.9510565162951534 0.30901699437494795 0
    outer loop
      vertex 5.81110303680157 -2.3007784542792398 0
      vertex 5.81110303680157 -2.3007784542792398 3
      vertex 6.053644757053945 -1.5543117947803402 0
    endloop
  endfacet
  facet normal 0 0 1
    outer loop
      vertex 5.476916750274147 -3.010960463135721 0
      vertex 5.81110303680157 -2.3007784542792398 0
      vertex 5.811103036801571 2.3007784542792376 0
    endloop
  endfacet
  facet normal 0 0 1
    outer loop
      vertex 5.476916750274147 -3.010960463135721 0
      vertex 5.811103036801571 2.3007784542792376 0
      vertex 5.456630857229628 -0.6893327846036723 0
    endloop
  endfacet
  facet normal 0 0 1
    outer loop
      vertex 5.81110303680157 -2.3007784542792398 0
      vertex 6.053644757053945 -1.5543117947803402 0
      vertex 6.053644757053944 1.5543117947803424 0
    endloop
  endfacet
  facet normal 0 0 1
    outer loop
      vertex 6.053644757053945 -1.5543117947803402 0
      vertex 6.200716883215486 -0.7833327097769004 0
      vertex 6.200716883215486 0.7833327097769016 0
    endloop
  endfacet
  facet normal -0.9822872507286887 0.1873813145857241 0
    outer loop
      vertex 6.053644757053945 -1.5543117947803402 0
      vertex 6.053644757053945 -1.5543117947803402 3
      vertex 6.200716883215486 -0.7833327097769004 0
    endloop
  endfacet
  facet normal -0.9980267284282716 0.0627905195293135 0
    outer loop
      vertex 6.200716883215486 -0.7833327097769004 0
      vertex 6.200716883215486 -0.7833327097769004 3
      vertex 6.25 0 0
    endloop
  endfacet
  facet normal -0.9048270524660196 0.42577929156507266 0
    outer loop
      vertex 5.81110303680157 -2.3007784542792398 0
      vertex 5.476916750274147 -3.010960463135721 3
      vertex 5.81110303680157 -2.3007784542792398 3
    endloop
  endfacet
  facet normal -0.9510565162951534 0.30901699437494795 0
    outer loop
      vertex 6.053644757053945 -1.5543117947803402 0
      vertex 5.81110303680157 -2.3007784542792398 3
      vertex 6.053644757053945 -1.5543117947803402 3
    endloop
  endfacet
  facet normal -0.9822872507286887 0.1873813145857241 0
    outer loop
      vertex 6.200716883215486 -0.7833327097769004 0
      vertex 6.053644757053945 -1.5543117947803402 3
      vertex 6.200716883215486 -0.7833327097769004 3
    endloop
  endfacet
  facet normal -0.9980267284282716 0.0627905195293135 0
    outer loop
      vertex 6.25 0 0
      vertex 6.200716883215486 -0.7833327097769004 3
      vertex 6.25 0 3
    endloop
  endfacet
  facet normal 0 0 1
    outer loop
      vertex -0.392440747058208 6.237667052676697 0
      vertex 0.34534785741122304 5.489147006355494 0
      vertex 0.392440747058208 6.237667052676697 0
    endloop
  endfacet
  facet normal 0 0 1
    outer loop
      vertex 0.34534785741122304 5.489147006355494 0
      vertex 1.0305972302214852 5.402579879007788 0
      vertex 0.392440747058208 6.237667052676697 0
    endloop
  endfacet
  facet normal 0 0 1
    outer loop
      vertex 0.392440747058208 6.237667052676697 0
      vertex 1.0305972302214852 5.402579879007788 0
      vertex 1.1711332161607786 6.139295317054304 0
    endloop
  endfacet
  facet normal 0 0 1
    outer loop
      vertex 1.0305972302214852 5.402579879007788 0
      vertex 1.6995934690622108 5.230810839623344 0
      vertex 1.1711332161607786 6.139295317054304 0
    endloop
  endfacet
  facet normal -0.12533323356430362 -0.9921147013144779 0
    outer loop
      vertex 0.392440747058208 6.237667052676697 0
      vertex 1.1711332161607786 6.139295317054304 0
      vertex 0.392440747058208 6.237667052676697 3
    endloop
  endfacet
  facet normal -0.24868988716485538 -0.9685831611286311 0
    outer loop
      vertex 1.1711332161607786 6.139295317054304 0
      vertex 1.9313562148434211 5.944103226844709 0
      vertex 1.1711332161607786 6.139295317054304 3
    endloop
  endfacet
  facet normal 0 0 1
    outer loop
      vertex 1.6995934690622108 5.230810839623344 0
      vertex 2.3417861036079 4.9765487885631075 0
      vertex 1.9313562148434211 5.944103226844709 0
    endloop
  endfacet
  facet normal 0 0 1
    outer loop
      vertex 1.1711332161607786 6.139295317054304 0
      vertex 1.6995934690622108 5.230810839623344 0
      vertex 1.9313562148434211 5.944103226844709 0
    endloop
  endfacet
  facet normal 0 0 1
    outer loop
      vertex 2.3417861036079 4.9765487885631075 0
      vertex 2.6611205722817046 5.655169077912622 0
      vertex 1.9313562148434211 5.944103226844709 0
    endloop
  endfacet
  facet normal 0 0 1
    outer loop
      vertex 2.9470473723844814 4.643803590261083 0
      vertex 2.6611205722817046 5.655169077912622 0
      vertex 2.3417861036079 4.9765487885631075 0
    endloop
  endfacet
  facet normal 0 0 1
    outer loop
      vertex 2.9470473723844814 4.643803590261083 0
      vertex 3.3489174686187293 5.2770495343875945 0
      vertex 2.6611205722817046 5.655169077912622 0
    endloop
  endfacet
  facet normal -0.36812455268467714 -0.9297764858882517 0
    outer loop
      vertex 1.9313562148434211 5.944103226844709 0
      vertex 2.6611205722817046 5.655169077912622 0
      vertex 1.9313562148434211 5.944103226844709 3
    endloop
  endfacet
  facet normal -0.4817536741017151 -0.8763066800438637 0
    outer loop
      vertex 2.6611205722817046 5.655169077912622 0
      vertex 3.3489174686187293 5.2770495343875945 0
      vertex 2.6611205722817046 5.655169077912622 3
    endloop
  endfacet
  facet normal 0 -1 0
    outer loop
      vertex 0.392440747058208 6.237667052676697 0
      vertex 0.392440747058208 6.237667052676697 3
      vertex -0.3924407470582064 6.237667052676697 3
    endloop
  endfacet
  facet normal -0.12533323356430362 -0.9921147013144779 0
    outer loop
      vertex 1.1711332161607786 6.139295317054304 0
      vertex 1.1711332161607786 6.139295317054304 3
      vertex 0.392440747058208 6.237667052676697 3
    endloop
  endfacet
  facet normal -0.24868988716485538 -0.9685831611286311 0
    outer loop
      vertex 1.9313562148434211 5.944103226844709 0
      vertex 1.9313562148434211 5.944103226844709 3
      vertex 1.1711332161607786 6.139295317054304 3
    endloop
  endfacet
  facet normal -0.4817536741017151 -0.8763066800438637 0
    outer loop
      vertex 3.3489174686187293 5.2770495343875945 0
      vertex 3.3489174686187293 5.2770495343875945 3
      vertex 2.6611205722817046 5.655169077912622 3
    endloop
  endfacet
  facet normal -0.36812455268467714 -0.9297764858882517 0
    outer loop
      vertex 2.6611205722817046 5.655169077912622 0
      vertex 2.6611205722817046 5.655169077912622 3
      vertex 1.9313562148434211 5.944103226844709 3
    endloop
  endfacet
  facet normal 0 0 1
    outer loop
      vertex 5.456630857229628 -0.6893327846036723 0
      vertex 5.811103036801571 2.3007784542792376 0
      vertex 5.5 0 0
    endloop
  endfacet
  facet normal 0 0 1
    outer loop
      vertex 6.200716883215486 -0.7833327097769004 0
      vertex 6.25 0 0
      vertex 6.200716883215486 0.7833327097769016 0
    endloop
  endfacet
  facet normal 0 0 1
    outer loop
      vertex 6.053644757053945 -1.5543117947803402 0
      vertex 6.200716883215486 0.7833327097769016 0
      vertex 6.053644757053944 1.5543117947803424 0
    endloop
  endfacet
  facet normal 0 0 1
    outer loop
      vertex 5.81110303680157 -2.3007784542792398 0
      vertex 6.053644757053944 1.5543117947803424 0
      vertex 5.811103036801571 2.3007784542792376 0
    endloop
  endfacet
  facet normal 0 0 1
    outer loop
      vertex 5.456630857229628 0.6893327846036734 0
      vertex 5.5 0 0
      vertex 5.476916750274148 3.0109604631357207 0
    endloop
  endfacet
  facet normal -0.9980267284282716 -0.0627905195293134 0
    outer loop
      vertex 6.25 0 0
      vertex 6.25 0 3
      vertex 6.200716883215486 0.7833327097769016 0
    endloop
  endfacet
  facet normal -0.9822872507286886 -0.18738131458572493 0
    outer loop
      vertex 6.200716883215486 0.7833327097769016 0
      vertex 6.200716883215486 0.7833327097769016 3
      vertex 6.053644757053944 1.5543117947803424 0
    endloop
  endfacet
  facet normal 0 0 1
    outer loop
      vertex 5.456630857229628 0.6893327846036734 0
      vertex 5.476916750274148 3.0109604631357207 0
      vertex 5.327207386207471 1.3677943794067013 0
    endloop
  endfacet
  facet normal 0 0 1
    outer loop
      vertex 5.327207386207471 1.3677943794067013 0
      vertex 5.476916750274148 3.0109604631357207 0
      vertex 5.113770672385383 2.0246850397657288 0
    endloop
  endfacet
  facet normal 0 0 1
    outer loop
      vertex 5.113770672385383 2.0246850397657288 0
      vertex 5.056356214843421 3.673657826827957 0
      vertex 4.8196867402412495 2.649645207559434 0
    endloop
  endfacet
  facet normal 0 0 1
    outer loop
      vertex 5.113770672385383 2.0246850397657288 0
      vertex 5.476916750274148 3.0109604631357207 0
      vertex 5.056356214843421 3.673657826827957 0
    endloop
  endfacet
  facet normal 0 0 1
    outer loop
      vertex 5.5 0 0
      vertex 5.811103036801571 2.3007784542792376 0
      vertex 5.476916750274148 3.0109604631357207 0
    endloop
  endfacet
  facet normal -0.9510565162951535 -0.30901699437494756 0
    outer loop
      vertex 6.053644757053944 1.5543117947803424 0
      vertex 6.053644757053944 1.5543117947803424 3
      vertex 5.811103036801571 2.3007784542792376 0
    endloop
  endfacet
  facet normal -0.90482705246602 -0.42577929156507177 0
    outer loop
      vertex 5.811103036801571 2.3007784542792376 0
      vertex 5.811103036801571 2.3007784542792376 3
      vertex 5.476916750274148 3.0109604631357207 0
    endloop
  endfacet
  facet normal -0.9980267284282716 -0.0627905195293134 0
    outer loop
      vertex 6.200716883215486 0.7833327097769016 0
      vertex 6.25 0 3
      vertex 6.200716883215486 0.7833327097769016 3
    endloop
  endfacet
  facet normal -0.9822872507286886 -0.18738131458572493 0
    outer loop
      vertex 6.053644757053944 1.5543117947803424 0
      vertex 6.200716883215486 0.7833327097769016 3
      vertex 6.053644757053944 1.5543117947803424 3
    endloop
  endfacet
  facet normal -0.9510565162951535 -0.30901699437494756 0
    outer loop
      vertex 5.811103036801571 2.3007784542792376 0
      vertex 6.053644757053944 1.5543117947803424 3
      vertex 5.811103036801571 2.3007784542792376 3
    endloop
  endfacet
  facet normal -0.90482705246602 -0.42577929156507177 0
    outer loop
      vertex 5.476916750274148 3.0109604631357207 0
      vertex 5.811103036801571 2.3007784542792376 3
      vertex 5.476916750274148 3.0109604631357207 3
    endloop
  endfacet
  facet normal 0 0 1
    outer loop
      vertex 3.5058319436177934 4.23782283526684 0
      vertex 4.009327450817763 3.765009082607788 0
      vertex 3.983899935929311 4.815707767348682 0
    endloop
  endfacet
  facet normal 0 0 1
    outer loop
      vertex 4.8196867402412495 2.649645207559434 0
      vertex 4.556053921383822 4.278419412054305 0
      vertex 4.449593469062211 3.232818887608602 0
    endloop
  endfacet
  facet normal 0 0 1
    outer loop
      vertex 4.009327450817763 3.765009082607788 0
      vertex 4.449593469062211 3.232818887608602 0
      vertex 4.556053921383822 4.278419412054305 0
    endloop
  endfacet
  facet normal 0 0 1
    outer loop
      vertex 4.009327450817763 3.765009082607788 0
      vertex 4.556053921383822 4.278419412054305 0
      vertex 3.983899935929311 4.815707767348682 0
    endloop
  endfacet
  facet normal -0.6845471059286882 -0.7289686274214122 0
    outer loop
      vertex 4.556053921383822 4.278419412054305 0
      vertex 3.983899935929311 4.815707767348682 3
      vertex 3.983899935929311 4.815707767348682 0
    endloop
  endfacet
  facet normal 0 0 1
    outer loop
      vertex 2.9470473723844814 4.643803590261083 0
      vertex 3.5058319436177934 4.23782283526684 0
      vertex 3.3489174686187293 5.2770495343875945 0
    endloop
  endfacet
  facet normal 0 0 1
    outer loop
      vertex 3.5058319436177934 4.23782283526684 0
      vertex 3.983899935929311 4.815707767348682 0
      vertex 3.3489174686187293 5.2770495343875945 0
    endloop
  endfacet
  facet normal -0.5877852522924739 -0.8090169943749468 0
    outer loop
      vertex 3.3489174686187293 5.2770495343875945 0
      vertex 3.983899935929311 4.815707767348682 0
      vertex 3.3489174686187293 5.2770495343875945 3
    endloop
  endfacet
  facet normal 0 0 1
    outer loop
      vertex 4.8196867402412495 2.649645207559434 0
      vertex 5.056356214843421 3.673657826827957 0
      vertex 4.556053921383822 4.278419412054305 0
    endloop
  endfacet
  facet normal -0.7705132427757895 -0.6374239897486893 0
    outer loop
      vertex 4.556053921383822 4.278419412054305 0
      vertex 5.056356214843421 3.673657826827957 0
      vertex 5.056356214843421 3.673657826827957 3
    endloop
  endfacet
  facet normal -0.8443279255020147 -0.5358267949789971 0
    outer loop
      vertex 5.476916750274148 3.0109604631357207 0
      vertex 5.476916750274148 3.0109604631357207 3
      vertex 5.056356214843421 3.673657826827957 0
    endloop
  endfacet
  facet normal -0.6845471059286882 -0.7289686274214122 0
    outer loop
      vertex 4.556053921383822 4.278419412054305 0
      vertex 4.556053921383822 4.278419412054305 3
      vertex 3.983899935929311 4.815707767348682 3
    endloop
  endfacet
  facet normal -0.5877852522924739 -0.8090169943749468 0
    outer loop
      vertex 3.983899935929311 4.815707767348682 0
      vertex 3.983899935929311 4.815707767348682 3
      vertex 3.3489174686187293 5.2770495343875945 3
    endloop
  endfacet
  facet normal -0.8443279255020147 -0.5358267949789971 0
    outer loop
      vertex 5.056356214843421 3.673657826827957 0
      vertex 5.476916750274148 3.0109604631357207 3
      vertex 5.056356214843421 3.673657826827957 3
    endloop
  endfacet
  facet normal -0.7705132427757895 -0.6374239897486893 0
    outer loop
      vertex 4.556053921383822 4.278419412054305 0
      vertex 5.056356214843421 3.673657826827957 3
      vertex 4.556053921383822 4.278419412054305 3
    endloop
  endfacet
  facet normal -0.8443279255020151 -0.5358267949789965 0
    outer loop
      vertex -10.112712429686843 -7.347315653655914 -12
      vertex -10.953833500548294 -6.021920926271442 3
      vertex -10.953833500548294 -6.021920926271442 -12
    endloop
  endfacet
  facet normal -0.7705132427757891 -0.6374239897486897 0
    outer loop
      vertex -10.112712429686843 -7.347315653655914 -12
      vertex -9.112107842767646 -8.556838824108606 -12
      vertex -10.112712429686843 -7.347315653655914 3
    endloop
  endfacet
  facet normal -0.5877852522924725 -0.8090169943749479 0
    outer loop
      vertex -7.96779987185862 -9.631415534697368 -12
      vertex -6.6978349372374595 -10.554099068775187 -12
      vertex -6.6978349372374595 -10.554099068775187 3
    endloop
  endfacet
  facet normal -0.6845471059286893 -0.7289686274214109 0
    outer loop
      vertex -7.96779987185862 -9.631415534697368 -12
      vertex -7.96779987185862 -9.631415534697368 3
      vertex -9.112107842767646 -8.556838824108606 -12
    endloop
  endfacet
  facet normal 0 0 -1
    outer loop
      vertex -11.622206073603143 -4.601556908558473 -12
      vertex -12.107289514107888 -3.1086235895606857 -12
      vertex -11.622206073603143 4.601556908558473 -12
    endloop
  endfacet
  facet normal 0 0 -1
    outer loop
      vertex -12.107289514107888 -3.1086235895606857 -12
      vertex -12.401433766430973 -1.5666654195538008 -12
      vertex -12.107289514107888 3.1086235895606857 -12
    endloop
  endfacet
  facet normal 0 0 -1
    outer loop
      vertex -10.953833500548294 -6.021920926271442 -12
      vertex -11.622206073603143 -4.601556908558473 -12
      vertex -10.953833500548294 6.021920926271442 -12
    endloop
  endfacet
  facet normal 0 0 -1
    outer loop
      vertex -10.112712429686843 -7.347315653655914 -12
      vertex -10.953833500548294 -6.021920926271442 -12
      vertex -10.112712429686843 7.347315653655914 -12
    endloop
  endfacet
  facet normal 0 0 -1
    outer loop
      vertex -10.112712429686843 -7.347315653655914 -12
      vertex -9.112107842767646 8.556838824108606 -12
      vertex -9.112107842767646 -8.556838824108606 -12
    endloop
  endfacet
  facet normal 0 0 -1
    outer loop
      vertex -7.96779987185862 -9.631415534697368 -12
      vertex -6.6978349372374595 10.554099068775187 -12
      vertex -6.6978349372374595 -10.554099068775187 -12
    endloop
  endfacet
  facet normal 0 0 -1
    outer loop
      vertex -7.96779987185862 -9.631415534697368 -12
      vertex -9.112107842767646 -8.556838824108606 -12
      vertex -7.96779987185862 9.631415534697368 -12
    endloop
  endfacet
  facet normal -0.9048270524660194 -0.42577929156507294 0
    outer loop
      vertex -10.953833500548294 -6.021920926271442 -12
      vertex -11.622206073603143 -4.601556908558473 3
      vertex -11.622206073603143 -4.601556908558473 -12
    endloop
  endfacet
  facet normal -0.9510565162951538 -0.309016994374947 0
    outer loop
      vertex -11.622206073603143 -4.601556908558473 -12
      vertex -12.107289514107888 -3.1086235895606857 3
      vertex -12.107289514107888 -3.1086235895606857 -12
    endloop
  endfacet
  facet normal -0.9822872507286886 -0.18738131458572457 0
    outer loop
      vertex -12.107289514107888 -3.1086235895606857 -12
      vertex -12.401433766430973 -1.5666654195538008 3
      vertex -12.401433766430973 -1.5666654195538008 -12
    endloop
  endfacet
  facet normal -0.9980267284282716 -0.0627905195293135 0
    outer loop
      vertex -12.401433766430973 -1.5666654195538008 -12
      vertex -12.5 0 3
      vertex -12.5 0 -12
    endloop
  endfacet
  facet normal 0 0 -1
    outer loop
      vertex -3.8627124296868423 -11.888206453689419 -12
      vertex -2.2247967345311057 -1.616409443804301 -12
      vertex -2.3422664323215603 -12.278590634108607 -12
    endloop
  endfacet
  facet normal 0 0 -1
    outer loop
      vertex -2.3422664323215603 -12.278590634108607 -12
      vertex -0.5152986151107433 -2.701289939503894 -12
      vertex -0.784881494116422 -12.475334105353394 -12
    endloop
  endfacet
  facet normal 0 0 -1
    outer loop
      vertex -0.784881494116422 -12.475334105353394 -12
      vertex -0.17267392870561285 -2.744573503177747 -12
      vertex 0.784881494116422 -12.475334105353394 -12
    endloop
  endfacet
  facet normal -0.48175367410171477 -0.8763066800438639 0
    outer loop
      vertex -6.6978349372374595 -10.554099068775187 -12
      vertex -5.322241144563406 -11.310338155825244 -12
      vertex -5.322241144563406 -11.310338155825244 3
    endloop
  endfacet
  facet normal -0.36812455268467786 -0.9297764858882515 0
    outer loop
      vertex -5.322241144563406 -11.310338155825244 -12
      vertex -3.8627124296868423 -11.888206453689419 -12
      vertex -3.8627124296868423 -11.888206453689419 3
    endloop
  endfacet
  facet normal -0.2486898871648548 -0.9685831611286312 0
    outer loop
      vertex -3.8627124296868423 -11.888206453689419 -12
      vertex -2.3422664323215603 -12.278590634108607 -12
      vertex -2.3422664323215603 -12.278590634108607 3
    endloop
  endfacet
  facet normal -0.12533323356430495 -0.9921147013144778 0
    outer loop
      vertex -2.3422664323215603 -12.278590634108607 -12
      vertex -0.784881494116422 -12.475334105353394 -12
      vertex -0.784881494116422 -12.475334105353394 3
    endloop
  endfacet
  facet normal 0 0 -1
    outer loop
      vertex -6.6978349372374595 -10.554099068775187 -12
      vertex -5.322241144563409 11.310338155825244 -12
      vertex -5.322241144563406 -11.310338155825244 -12
    endloop
  endfacet
  facet normal 0 0 -1
    outer loop
      vertex -5.322241144563406 -11.310338155825244 -12
      vertex -3.8627124296868423 11.888206453689419 -12
      vertex -3.8627124296868423 -11.888206453689419 -12
    endloop
  endfacet
  facet normal 0 0 -1
    outer loop
      vertex -3.8627124296868423 -11.888206453689419 -12
      vertex -2.5568853361926913 -1.0123425198828642 -12
      vertex -2.4098433701206243 -1.3248226037797173 -12
    endloop
  endfacet
  facet normal 0 0 -1
    outer loop
      vertex -3.8627124296868423 -11.888206453689419 -12
      vertex -2.4098433701206243 -1.3248226037797173 -12
      vertex -2.2247967345311057 -1.616409443804301 -12
    endloop
  endfacet
  facet normal 0 0 -1
    outer loop
      vertex -2.3422664323215603 -12.278590634108607 -12
      vertex -1.7529159718088965 -2.118911417633421 -12
      vertex -1.4735236861922412 -2.321901795130541 -12
    endloop
  endfacet
  facet normal 0 0 -1
    outer loop
      vertex -2.3422664323215603 -12.278590634108607 -12
      vertex -1.4735236861922412 -2.321901795130541 -12
      vertex -1.170893051803949 -2.4882743942815537 -12
    endloop
  endfacet
  facet normal 0 0 -1
    outer loop
      vertex -2.3422664323215603 -12.278590634108607 -12
      vertex -2.2247967345311057 -1.616409443804301 -12
      vertex -2.004663725408882 -1.8825045413038934 -12
    endloop
  endfacet
  facet normal 0 0 -1
    outer loop
      vertex -2.3422664323215603 -12.278590634108607 -12
      vertex -2.004663725408882 -1.8825045413038934 -12
      vertex -1.7529159718088965 -2.118911417633421 -12
    endloop
  endfacet
  facet normal 0 0 -1
    outer loop
      vertex -3.8627124296868423 -11.888206453689419 -12
      vertex -2.6636036931037355 -0.6838971897033508 -12
      vertex -2.5568853361926913 -1.0123425198828642 -12
    endloop
  endfacet
  facet normal 0 0 -1
    outer loop
      vertex -3.8627124296868423 -11.888206453689419 -12
      vertex -2.728315428614814 -0.34466639230183616 -12
      vertex -2.6636036931037355 -0.6838971897033508 -12
    endloop
  endfacet
  facet normal 0 0 -1
    outer loop
      vertex -3.8627124296868423 -11.888206453689419 -12
      vertex -2.75 0 -12
      vertex -2.728315428614814 -0.34466639230183616 -12
    endloop
  endfacet
  facet normal 0 0 -1
    outer loop
      vertex -3.8627124296868423 -11.888206453689419 -12
      vertex -2.728315428614814 0.34466639230183616 -12
      vertex -2.75 0 -12
    endloop
  endfacet
  facet normal 0 0 -1
    outer loop
      vertex -2.3422664323215603 -12.278590634108607 -12
      vertex -0.8497967345311054 -2.615405419811672 -12
      vertex -0.5152986151107433 -2.701289939503894 -12
    endloop
  endfacet
  facet normal 0 0 -1
    outer loop
      vertex -2.3422664323215603 -12.278590634108607 -12
      vertex -1.170893051803949 -2.4882743942815537 -12
      vertex -0.8497967345311054 -2.615405419811672 -12
    endloop
  endfacet
  facet normal 0 0 -1
    outer loop
      vertex -0.784881494116422 -12.475334105353394 -12
      vertex -0.5152986151107433 -2.701289939503894 -12
      vertex -0.17267392870561285 -2.744573503177747 -12
    endloop
  endfacet
  facet normal -0.7705132427757891 -0.6374239897486897 0
    outer loop
      vertex -9.112107842767646 -8.556838824108606 -12
      vertex -9.112107842767646 -8.556838824108606 3
      vertex -10.112712429686843 -7.347315653655914 3
    endloop
  endfacet
  facet normal -0.8443279255020151 -0.5358267949789965 0
    outer loop
      vertex -10.112712429686843 -7.347315653655914 -12
      vertex -10.112712429686843 -7.347315653655914 3
      vertex -10.953833500548294 -6.021920926271442 3
    endloop
  endfacet
  facet normal -0.5877852522924725 -0.8090169943749479 0
    outer loop
      vertex -7.96779987185862 -9.631415534697368 -12
      vertex -6.6978349372374595 -10.554099068775187 3
      vertex -7.96779987185862 -9.631415534697368 3
    endloop
  endfacet
  facet normal -0.6845471059286893 -0.7289686274214109 0
    outer loop
      vertex -9.112107842767646 -8.556838824108606 -12
      vertex -7.96779987185862 -9.631415534697368 3
      vertex -9.112107842767646 -8.556838824108606 3
    endloop
  endfacet
  facet normal -0.9048270524660194 -0.42577929156507294 0
    outer loop
      vertex -10.953833500548294 -6.021920926271442 -12
      vertex -10.953833500548294 -6.021920926271442 3
      vertex -11.622206073603143 -4.601556908558473 3
    endloop
  endfacet
  facet normal -0.9510565162951538 -0.309016994374947 0
    outer loop
      vertex -11.622206073603143 -4.601556908558473 -12
      vertex -11.622206073603143 -4.601556908558473 3
      vertex -12.107289514107888 -3.1086235895606857 3
    endloop
  endfacet
  facet normal -0.9822872507286886 -0.18738131458572457 0
    outer loop
      vertex -12.107289514107888 -3.1086235895606857 -12
      vertex -12.107289514107888 -3.1086235895606857 3
      vertex -12.401433766430973 -1.5666654195538008 3
    endloop
  endfacet
  facet normal -0.9980267284282716 -0.0627905195293135 0
    outer loop
      vertex -12.401433766430973 -1.5666654195538008 -12
      vertex -12.401433766430973 -1.5666654195538008 3
      vertex -12.5 0 3
    endloop
  endfacet
  facet normal 0 0 1
    outer loop
      vertex -10.953833500548294 -6.021920926271442 3
      vertex -11.622206073603143 4.601556908558473 3
      vertex -11.622206073603143 -4.601556908558473 3
    endloop
  endfacet
  facet normal 0 0 1
    outer loop
      vertex -12.107289514107888 -3.1086235895606857 3
      vertex -12.401433766430973 1.5666654195538008 3
      vertex -12.401433766430973 -1.5666654195538008 3
    endloop
  endfacet
  facet normal 0 0 1
    outer loop
      vertex -11.622206073603143 -4.601556908558473 3
      vertex -12.107289514107888 3.1086235895606857 3
      vertex -12.107289514107888 -3.1086235895606857 3
    endloop
  endfacet
  facet normal 0 0 1
    outer loop
      vertex -10.112712429686843 -7.347315653655914 3
      vertex -10.953833500548294 6.021920926271442 3
      vertex -10.953833500548294 -6.021920926271442 3
    endloop
  endfacet
  facet normal 0 0 1
    outer loop
      vertex -10.112712429686843 -7.347315653655914 3
      vertex -9.112107842767646 -8.556838824108606 3
      vertex -10.112712429686843 7.347315653655914 3
    endloop
  endfacet
  facet normal 0 0 1
    outer loop
      vertex -7.96779987185862 -9.631415534697368 3
      vertex -9.112107842767646 8.556838824108606 3
      vertex -9.112107842767646 -8.556838824108606 3
    endloop
  endfacet
  facet normal 0 0 1
    outer loop
      vertex -7.96779987185862 -9.631415534697368 3
      vertex -6.6978349372374595 -10.554099068775187 3
      vertex -7.96779987185862 9.631415534697368 3
    endloop
  endfacet
  facet normal 0 0 1
    outer loop
      vertex -6.6978349372374595 -10.554099068775187 3
      vertex -6.053644757053944 -1.5543117947803429 3
      vertex -6.200716883215486 -0.7833327097769004 3
    endloop
  endfacet
  facet normal 0 0 1
    outer loop
      vertex -6.6978349372374595 -10.554099068775187 3
      vertex -6.200716883215486 -0.7833327097769004 3
      vertex -6.25 0 3
    endloop
  endfacet
  facet normal -0.36812455268467786 -0.9297764858882515 0
    outer loop
      vertex -5.322241144563406 -11.310338155825244 -12
      vertex -3.8627124296868423 -11.888206453689419 3
      vertex -5.322241144563406 -11.310338155825244 3
    endloop
  endfacet
  facet normal -0.48175367410171477 -0.8763066800438639 0
    outer loop
      vertex -6.6978349372374595 -10.554099068775187 -12
      vertex -5.322241144563406 -11.310338155825244 3
      vertex -6.6978349372374595 -10.554099068775187 3
    endloop
  endfacet
  facet normal -0.2486898871648548 -0.9685831611286312 0
    outer loop
      vertex -3.8627124296868423 -11.888206453689419 -12
      vertex -2.3422664323215603 -12.278590634108607 3
      vertex -3.8627124296868423 -11.888206453689419 3
    endloop
  endfacet
  facet normal -0.12533323356430495 -0.9921147013144778 0
    outer loop
      vertex -2.3422664323215603 -12.278590634108607 -12
      vertex -0.784881494116422 -12.475334105353394 3
      vertex -2.3422664323215603 -12.278590634108607 3
    endloop
  endfacet
  facet normal 0 -1 0
    outer loop
      vertex -0.784881494116422 -12.475334105353394 -12
      vertex 0.784881494116422 -12.475334105353394 3
      vertex -0.784881494116422 -12.475334105353394 3
    endloop
  endfacet
  facet normal 0 0 1
    outer loop
      vertex -3.8627124296868423 -11.888206453689419 3
      vertex -2.3422664323215603 -12.278590634108607 3
      vertex -3.3489174686187297 -5.277049534387594 3
    endloop
  endfacet
  facet normal 0 0 1
    outer loop
      vertex -6.6978349372374595 -10.554099068775187 3
      vertex -5.322241144563406 -11.310338155825244 3
      vertex -6.053644757053944 -1.5543117947803429 3
    endloop
  endfacet
  facet normal 0 0 1
    outer loop
      vertex -5.322241144563406 -11.310338155825244 3
      vertex -4.556053921383823 -4.278419412054303 3
      vertex -5.056356214843421 -3.673657826827957 3
    endloop
  endfacet
  facet normal 0 0 1
    outer loop
      vertex -5.322241144563406 -11.310338155825244 3
      vertex -3.8627124296868423 -11.888206453689419 3
      vertex -4.556053921383823 -4.278419412054303 3
    endloop
  endfacet
  facet normal 0 0 1
    outer loop
      vertex -3.8627124296868423 -11.888206453689419 3
      vertex -3.98389993592931 -4.815707767348684 3
      vertex -4.556053921383823 -4.278419412054303 3
    endloop
  endfacet
  facet normal 0 0 1
    outer loop
      vertex -3.8627124296868423 -11.888206453689419 3
      vertex -3.3489174686187297 -5.277049534387594 3
      vertex -3.98389993592931 -4.815707767348684 3
    endloop
  endfacet
  facet normal 0 0 1
    outer loop
      vertex -2.3422664323215603 -12.278590634108607 3
      vertex -0.784881494116422 -12.475334105353394 3
      vertex -1.9313562148434211 -5.944103226844709 3
    endloop
  endfacet
  facet normal 0 0 1
    outer loop
      vertex -2.3422664323215603 -12.278590634108607 3
      vertex -1.9313562148434211 -5.944103226844709 3
      vertex -2.661120572281703 -5.655169077912622 3
    endloop
  endfacet
  facet normal 0 0 1
    outer loop
      vertex -2.3422664323215603 -12.278590634108607 3
      vertex -2.661120572281703 -5.655169077912622 3
      vertex -3.3489174686187297 -5.277049534387594 3
    endloop
  endfacet
  facet normal 0 0 1
    outer loop
      vertex -0.784881494116422 -12.475334105353394 3
      vertex -1.1711332161607801 -6.139295317054303 3
      vertex -1.9313562148434211 -5.944103226844709 3
    endloop
  endfacet
  facet normal 0 0 1
    outer loop
      vertex -0.784881494116422 -12.475334105353394 3
      vertex -0.392440747058211 -6.237667052676697 3
      vertex -1.1711332161607801 -6.139295317054303 3
    endloop
  endfacet
  facet normal 0 0 1
    outer loop
      vertex -0.784881494116422 -12.475334105353394 3
      vertex 0.392440747058211 -6.237667052676697 3
      vertex -0.392440747058211 -6.237667052676697 3
    endloop
  endfacet
  facet normal 0 0 1
    outer loop
      vertex -5.322241144563406 -11.310338155825244 3
      vertex -5.476916750274147 -3.010960463135721 3
      vertex -5.811103036801572 -2.3007784542792367 3
    endloop
  endfacet
  facet normal 0 0 1
    outer loop
      vertex -5.322241144563406 -11.310338155825244 3
      vertex -5.811103036801572 -2.3007784542792367 3
      vertex -6.053644757053944 -1.5543117947803429 3
    endloop
  endfacet
  facet normal 0 0 1
    outer loop
      vertex -5.322241144563406 -11.310338155825244 3
      vertex -5.056356214843421 -3.673657826827957 3
      vertex -5.476916750274147 -3.010960463135721 3
    endloop
  endfacet
  facet normal 0 0 -1
    outer loop
      vertex -12.401433766430973 -1.5666654195538008 -12
      vertex -12.5 0 -12
      vertex -12.401433766430973 1.5666654195538008 -12
    endloop
  endfacet
  facet normal 0 0 -1
    outer loop
      vertex -12.401433766430973 -1.5666654195538008 -12
      vertex -12.401433766430973 1.5666654195538008 -12
      vertex -12.107289514107888 3.1086235895606857 -12
    endloop
  endfacet
  facet normal 0 0 -1
    outer loop
      vertex -12.107289514107888 -3.1086235895606857 -12
      vertex -12.107289514107888 3.1086235895606857 -12
      vertex -11.622206073603143 4.601556908558473 -12
    endloop
  endfacet
  facet normal 0 0 -1
    outer loop
      vertex -11.622206073603143 -4.601556908558473 -12
      vertex -11.622206073603143 4.601556908558473 -12
      vertex -10.953833500548294 6.021920926271442 -12
    endloop
  endfacet
  facet normal 0 0 -1
    outer loop
      vertex -10.953833500548294 -6.021920926271442 -12
      vertex -10.953833500548294 6.021920926271442 -12
      vertex -10.112712429686843 7.347315653655914 -12
    endloop
  endfacet
  facet normal 0 0 -1
    outer loop
      vertex -10.112712429686843 -7.347315653655914 -12
      vertex -10.112712429686843 7.347315653655914 -12
      vertex -9.112107842767646 8.556838824108606 -12
    endloop
  endfacet
  facet normal 0 0 -1
    outer loop
      vertex -9.112107842767646 -8.556838824108606 -12
      vertex -9.112107842767646 8.556838824108606 -12
      vertex -7.96779987185862 9.631415534697368 -12
    endloop
  endfacet
  facet normal 0 0 -1
    outer loop
      vertex -7.96779987185862 -9.631415534697368 -12
      vertex -7.96779987185862 9.631415534697368 -12
      vertex -6.6978349372374595 10.554099068775187 -12
    endloop
  endfacet
  facet normal -0.9980267284282716 0.0627905195293135 0
    outer loop
      vertex -12.5 0 -12
      vertex -12.401433766430973 1.5666654195538008 3
      vertex -12.401433766430973 1.5666654195538008 -12
    endloop
  endfacet
  facet normal -0.9822872507286886 0.18738131458572457 0
    outer loop
      vertex -12.401433766430973 1.5666654195538008 -12
      vertex -12.107289514107888 3.1086235895606857 3
      vertex -12.107289514107888 3.1086235895606857 -12
    endloop
  endfacet
  facet normal -0.9510565162951538 0.309016994374947 0
    outer loop
      vertex -12.107289514107888 3.1086235895606857 -12
      vertex -11.622206073603143 4.601556908558473 3
      vertex -11.622206073603143 4.601556908558473 -12
    endloop
  endfacet
  facet normal -0.9048270524660194 0.42577929156507294 0
    outer loop
      vertex -11.622206073603143 4.601556908558473 -12
      vertex -10.953833500548294 6.021920926271442 3
      vertex -10.953833500548294 6.021920926271442 -12
    endloop
  endfacet
  facet normal -0.8443279255020151 0.5358267949789965 0
    outer loop
      vertex -10.953833500548294 6.021920926271442 -12
      vertex -10.112712429686843 7.347315653655914 3
      vertex -10.112712429686843 7.347315653655914 -12
    endloop
  endfacet
  facet normal -0.7705132427757891 0.6374239897486897 0
    outer loop
      vertex -10.112712429686843 7.347315653655914 -12
      vertex -9.112107842767646 8.556838824108606 3
      vertex -9.112107842767646 8.556838824108606 -12
    endloop
  endfacet
  facet normal -0.6845471059286893 0.7289686274214109 0
    outer loop
      vertex -9.112107842767646 8.556838824108606 -12
      vertex -9.112107842767646 8.556838824108606 3
      vertex -7.96779987185862 9.631415534697368 -12
    endloop
  endfacet
  facet normal -0.5877852522924725 0.8090169943749479 0
    outer loop
      vertex -7.96779987185862 9.631415534697368 -12
      vertex -7.96779987185862 9.631415534697368 3
      vertex -6.6978349372374595 10.554099068775187 -12
    endloop
  endfacet
  facet normal 0 0 -1
    outer loop
      vertex -6.6978349372374595 -10.554099068775187 -12
      vertex -6.6978349372374595 10.554099068775187 -12
      vertex -5.322241144563409 11.310338155825244 -12
    endloop
  endfacet
  facet normal 0 0 -1
    outer loop
      vertex -5.322241144563406 -11.310338155825244 -12
      vertex -5.322241144563409 11.310338155825244 -12
      vertex -3.8627124296868423 11.888206453689419 -12
    endloop
  endfacet
  facet normal 0 0 -1
    outer loop
      vertex -3.8627124296868423 -11.888206453689419 -12
      vertex -3.8627124296868423 11.888206453689419 -12
      vertex -2.342266432321557 12.278590634108609 -12
    endloop
  endfacet
  facet normal 0 0 -1
    outer loop
      vertex -3.8627124296868423 -11.888206453689419 -12
      vertex -2.342266432321557 12.278590634108609 -12
      vertex -2.728315428614814 0.34466639230183616 -12
    endloop
  endfacet
  facet normal 0 0 -1
    outer loop
      vertex -2.342266432321557 12.278590634108609 -12
      vertex -2.6636036931037355 0.6838971897033508 -12
      vertex -2.728315428614814 0.34466639230183616 -12
    endloop
  endfacet
  facet normal 0 0 -1
    outer loop
      vertex -2.342266432321557 12.278590634108609 -12
      vertex -2.5568853361926913 1.0123425198828642 -12
      vertex -2.6636036931037355 0.6838971897033508 -12
    endloop
  endfacet
  facet normal 0 0 -1
    outer loop
      vertex -2.342266432321557 12.278590634108609 -12
      vertex -2.4098433701206243 1.3248226037797173 -12
      vertex -2.5568853361926913 1.0123425198828642 -12
    endloop
  endfacet
  facet normal 0 0 -1
    outer loop
      vertex -2.342266432321557 12.278590634108609 -12
      vertex -2.2247967345311057 1.616409443804301 -12
      vertex -2.4098433701206243 1.3248226037797173 -12
    endloop
  endfacet
  facet normal 0 0 -1
    outer loop
      vertex -2.342266432321557 12.278590634108609 -12
      vertex -2.004663725408882 1.8825045413038934 -12
      vertex -2.2247967345311057 1.616409443804301 -12
    endloop
  endfacet
  facet normal 0 0 -1
    outer loop
      vertex -2.342266432321557 12.278590634108609 -12
      vertex -1.7529159718088965 2.118911417633421 -12
      vertex -2.004663725408882 1.8825045413038934 -12
    endloop
  endfacet
  facet normal 0 0 -1
    outer loop
      vertex -2.342266432321557 12.278590634108609 -12
      vertex -1.4735236861922412 2.321901795130541 -12
      vertex -1.7529159718088965 2.118911417633421 -12
    endloop
  endfacet
  facet normal 0 0 -1
    outer loop
      vertex -0.784881494116416 12.475334105353394 -12
      vertex -1.17089305180395 2.4882743942815537 -12
      vertex -1.4735236861922412 2.321901795130541 -12
    endloop
  endfacet
  facet normal 0 0 -1
    outer loop
      vertex -0.784881494116416 12.475334105353394 -12
      vertex -0.8497967345311054 2.615405419811672 -12
      vertex -1.17089305180395 2.4882743942815537 -12
    endloop
  endfacet
  facet normal 0 0 -1
    outer loop
      vertex -0.784881494116416 12.475334105353394 -12
      vertex -0.5152986151107426 2.701289939503894 -12
      vertex -0.8497967345311054 2.615405419811672 -12
    endloop
  endfacet
  facet normal 0 0 -1
    outer loop
      vertex -0.784881494116416 12.475334105353394 -12
      vertex -0.17267392870561152 2.744573503177747 -12
      vertex -0.5152986151107426 2.701289939503894 -12
    endloop
  endfacet
  facet normal 0 0 -1
    outer loop
      vertex -0.784881494116416 12.475334105353394 -12
      vertex 0.17267392870560913 2.744573503177747 -12
      vertex -0.17267392870561152 2.744573503177747 -12
    endloop
  endfacet
  facet normal 0 0 -1
    outer loop
      vertex -2.342266432321557 12.278590634108609 -12
      vertex -0.784881494116416 12.475334105353394 -12
      vertex -1.4735236861922412 2.321901795130541 -12
    endloop
  endfacet
  facet normal -0.4817536741017157 0.8763066800438635 0
    outer loop
      vertex -6.6978349372374595 10.554099068775187 -12
      vertex -6.6978349372374595 10.554099068775187 3
      vertex -5.322241144563409 11.310338155825244 -12
    endloop
  endfacet
  facet normal -0.3681245526846771 0.9297764858882518 0
    outer loop
      vertex -5.322241144563409 11.310338155825244 -12
      vertex -5.322241144563409 11.310338155825244 3
      vertex -3.8627124296868423 11.888206453689419 -12
    endloop
  endfacet
  facet normal -0.24868988716485538 0.968583161128631 0
    outer loop
      vertex -3.8627124296868423 11.888206453689419 -12
      vertex -3.8627124296868423 11.888206453689419 3
      vertex -2.342266432321557 12.278590634108609 -12
    endloop
  endfacet
  facet normal -0.12533323356430362 0.9921147013144779 0
    outer loop
      vertex -2.342266432321557 12.278590634108609 -12
      vertex -2.342266432321557 12.278590634108609 3
      vertex -0.784881494116416 12.475334105353394 -12
    endloop
  endfacet
  facet normal 0 1 0
    outer loop
      vertex -0.784881494116416 12.475334105353394 -12
      vertex -0.784881494116416 12.475334105353394 3
      vertex 0.784881494116416 12.475334105353394 -12
    endloop
  endfacet
  facet normal -0.9980267284282716 0.0627905195293135 0
    outer loop
      vertex -12.5 0 -12
      vertex -12.5 0 3
      vertex -12.401433766430973 1.5666654195538008 3
    endloop
  endfacet
  facet normal -0.9822872507286886 0.18738131458572457 0
    outer loop
      vertex -12.401433766430973 1.5666654195538008 -12
      vertex -12.401433766430973 1.5666654195538008 3
      vertex -12.107289514107888 3.1086235895606857 3
    endloop
  endfacet
  facet normal -0.9510565162951538 0.309016994374947 0
    outer loop
      vertex -12.107289514107888 3.1086235895606857 -12
      vertex -12.107289514107888 3.1086235895606857 3
      vertex -11.622206073603143 4.601556908558473 3
    endloop
  endfacet
  facet normal -0.9048270524660194 0.42577929156507294 0
    outer loop
      vertex -11.622206073603143 4.601556908558473 -12
      vertex -11.622206073603143 4.601556908558473 3
      vertex -10.953833500548294 6.021920926271442 3
    endloop
  endfacet
  facet normal 0 0 1
    outer loop
      vertex -12.401433766430973 -1.5666654195538008 3
      vertex -12.401433766430973 1.5666654195538008 3
      vertex -12.5 0 3
    endloop
  endfacet
  facet normal 0 0 1
    outer loop
      vertex -12.107289514107888 -3.1086235895606857 3
      vertex -12.107289514107888 3.1086235895606857 3
      vertex -12.401433766430973 1.5666654195538008 3
    endloop
  endfacet
  facet normal 0 0 1
    outer loop
      vertex -11.622206073603143 -4.601556908558473 3
      vertex -11.622206073603143 4.601556908558473 3
      vertex -12.107289514107888 3.1086235895606857 3
    endloop
  endfacet
  facet normal 0 0 1
    outer loop
      vertex -10.953833500548294 -6.021920926271442 3
      vertex -10.953833500548294 6.021920926271442 3
      vertex -11.622206073603143 4.601556908558473 3
    endloop
  endfacet
  facet normal 0 0 1
    outer loop
      vertex -10.112712429686843 -7.347315653655914 3
      vertex -10.112712429686843 7.347315653655914 3
      vertex -10.953833500548294 6.021920926271442 3
    endloop
  endfacet
  facet normal 0 0 1
    outer loop
      vertex -9.112107842767646 -8.556838824108606 3
      vertex -9.112107842767646 8.556838824108606 3
      vertex -10.112712429686843 7.347315653655914 3
    endloop
  endfacet
  facet normal 0 0 1
    outer loop
      vertex -7.96779987185862 -9.631415534697368 3
      vertex -7.96779987185862 9.631415534697368 3
      vertex -9.112107842767646 8.556838824108606 3
    endloop
  endfacet
  facet normal 0 0 1
    outer loop
      vertex -6.6978349372374595 -10.554099068775187 3
      vertex -6.25 0 3
      vertex -6.6978349372374595 10.554099068775187 3
    endloop
  endfacet
  facet normal 0 0 1
    outer loop
      vertex -6.6978349372374595 -10.554099068775187 3
      vertex -6.6978349372374595 10.554099068775187 3
      vertex -7.96779987185862 9.631415534697368 3
    endloop
  endfacet
  facet normal 0 0 1
    outer loop
      vertex -6.6978349372374595 10.554099068775187 3
      vertex -6.25 0 3
      vertex -6.200716883215486 0.7833327097769004 3
    endloop
  endfacet
  facet normal 0 0 1
    outer loop
      vertex -6.6978349372374595 10.554099068775187 3
      vertex -6.200716883215486 0.7833327097769004 3
      vertex -6.053644757053944 1.5543117947803429 3
    endloop
  endfacet
  facet normal -0.8443279255020151 0.5358267949789965 0
    outer loop
      vertex -10.953833500548294 6.021920926271442 -12
      vertex -10.953833500548294 6.021920926271442 3
      vertex -10.112712429686843 7.347315653655914 3
    endloop
  endfacet
  facet normal -0.7705132427757891 0.6374239897486897 0
    outer loop
      vertex -10.112712429686843 7.347315653655914 -12
      vertex -10.112712429686843 7.347315653655914 3
      vertex -9.112107842767646 8.556838824108606 3
    endloop
  endfacet
  facet normal -0.6845471059286893 0.7289686274214109 0
    outer loop
      vertex -7.96779987185862 9.631415534697368 -12
      vertex -9.112107842767646 8.556838824108606 3
      vertex -7.96779987185862 9.631415534697368 3
    endloop
  endfacet
  facet normal -0.5877852522924725 0.8090169943749479 0
    outer loop
      vertex -6.6978349372374595 10.554099068775187 -12
      vertex -7.96779987185862 9.631415534697368 3
      vertex -6.6978349372374595 10.554099068775187 3
    endloop
  endfacet
  facet normal 0 0 1
    outer loop
      vertex -6.6978349372374595 10.554099068775187 3
      vertex -6.053644757053944 1.5543117947803429 3
      vertex -5.811103036801572 2.3007784542792367 3
    endloop
  endfacet
  facet normal 0 0 1
    outer loop
      vertex -6.6978349372374595 10.554099068775187 3
      vertex -5.811103036801572 2.3007784542792367 3
      vertex -5.476916750274147 3.010960463135721 3
    endloop
  endfacet
  facet normal 0 0 1
    outer loop
      vertex -6.6978349372374595 10.554099068775187 3
      vertex -5.476916750274147 3.010960463135721 3
      vertex -5.056356214843421 3.673657826827957 3
    endloop
  endfacet
  facet normal -0.4817536741017157 0.8763066800438635 0
    outer loop
      vertex -5.322241144563409 11.310338155825244 -12
      vertex -6.6978349372374595 10.554099068775187 3
      vertex -5.322241144563409 11.310338155825244 3
    endloop
  endfacet
  facet normal -0.3681245526846771 0.9297764858882518 0
    outer loop
      vertex -3.8627124296868423 11.888206453689419 -12
      vertex -5.322241144563409 11.310338155825244 3
      vertex -3.8627124296868423 11.888206453689419 3
    endloop
  endfacet
  facet normal -0.24868988716485538 0.968583161128631 0
    outer loop
      vertex -2.342266432321557 12.278590634108609 -12
      vertex -3.8627124296868423 11.888206453689419 3
      vertex -2.342266432321557 12.278590634108609 3
    endloop
  endfacet
  facet normal -0.12533323356430362 0.9921147013144779 0
    outer loop
      vertex -0.784881494116416 12.475334105353394 -12
      vertex -2.342266432321557 12.278590634108609 3
      vertex -0.784881494116416 12.475334105353394 3
    endloop
  endfacet
  facet normal 0 0 1
    outer loop
      vertex -5.322241144563409 11.310338155825244 3
      vertex -5.056356214843421 3.673657826827957 3
      vertex -4.556053921383823 4.278419412054303 3
    endloop
  endfacet
  facet normal 0 0 1
    outer loop
      vertex -6.6978349372374595 10.554099068775187 3
      vertex -5.056356214843421 3.673657826827957 3
      vertex -5.322241144563409 11.310338155825244 3
    endloop
  endfacet
  facet normal 0 0 1
    outer loop
      vertex -5.322241144563409 11.310338155825244 3
      vertex -4.556053921383823 4.278419412054303 3
      vertex -3.98389993592931 4.815707767348684 3
    endloop
  endfacet
  facet normal 0 0 1
    outer loop
      vertex -5.322241144563409 11.310338155825244 3
      vertex -3.98389993592931 4.815707767348684 3
      vertex -3.3489174686187297 5.277049534387594 3
    endloop
  endfacet
  facet normal 0 0 1
    outer loop
      vertex -3.8627124296868423 11.888206453689419 3
      vertex -3.3489174686187297 5.277049534387594 3
      vertex -2.6611205722817046 5.655169077912622 3
    endloop
  endfacet
  facet normal 0 0 1
    outer loop
      vertex -5.322241144563409 11.310338155825244 3
      vertex -3.3489174686187297 5.277049534387594 3
      vertex -3.8627124296868423 11.888206453689419 3
    endloop
  endfacet
  facet normal 0 0 1
    outer loop
      vertex -3.8627124296868423 11.888206453689419 3
      vertex -2.6611205722817046 5.655169077912622 3
      vertex -1.9313562148434211 5.944103226844709 3
    endloop
  endfacet
  facet normal 0 0 1
    outer loop
      vertex -2.342266432321557 12.278590634108609 3
      vertex -1.9313562148434211 5.944103226844709 3
      vertex -1.1711332161607786 6.139295317054304 3
    endloop
  endfacet
  facet normal 0 0 1
    outer loop
      vertex -2.342266432321557 12.278590634108609 3
      vertex -1.1711332161607786 6.139295317054304 3
      vertex -0.3924407470582064 6.237667052676697 3
    endloop
  endfacet
  facet normal 0 0 1
    outer loop
      vertex -3.8627124296868423 11.888206453689419 3
      vertex -1.9313562148434211 5.944103226844709 3
      vertex -2.342266432321557 12.278590634108609 3
    endloop
  endfacet
  facet normal 0 0 1
    outer loop
      vertex -2.342266432321557 12.278590634108609 3
      vertex -0.3924407470582064 6.237667052676697 3
      vertex -0.784881494116416 12.475334105353394 3
    endloop
  endfacet
  facet normal 0 0 1
    outer loop
      vertex -0.784881494116416 12.475334105353394 3
      vertex -0.3924407470582064 6.237667052676697 3
      vertex 0.784881494116416 12.475334105353394 3
    endloop
  endfacet
  facet normal 0 0 -1
    outer loop
      vertex 0.784881494116422 -12.475334105353394 -12
      vertex 1.4735236861922396 -2.3219017951305423 -12
      vertex 2.3422664323215603 -12.278590634108607 -12
    endloop
  endfacet
  facet normal 0 -1 0
    outer loop
      vertex -0.784881494116422 -12.475334105353394 -12
      vertex 0.784881494116422 -12.475334105353394 -12
      vertex 0.784881494116422 -12.475334105353394 3
    endloop
  endfacet
  facet normal 0.12533323356430495 -0.9921147013144778 0
    outer loop
      vertex 0.784881494116422 -12.475334105353394 -12
      vertex 2.3422664323215603 -12.278590634108607 -12
      vertex 2.3422664323215603 -12.278590634108607 3
    endloop
  endfacet
  facet normal 0.2486898871648548 -0.9685831611286312 0
    outer loop
      vertex 2.3422664323215603 -12.278590634108607 -12
      vertex 3.8627124296868423 -11.888206453689419 -12
      vertex 3.8627124296868423 -11.888206453689419 3
    endloop
  endfacet
  facet normal 0.36812455268467786 -0.9297764858882515 0
    outer loop
      vertex 3.8627124296868423 -11.888206453689419 -12
      vertex 5.322241144563406 -11.310338155825244 -12
      vertex 5.322241144563406 -11.310338155825244 3
    endloop
  endfacet
  facet normal 0.48175367410171493 -0.8763066800438638 0
    outer loop
      vertex 5.322241144563406 -11.310338155825244 -12
      vertex 6.697834937237452 -10.55409906877519 -12
      vertex 6.697834937237452 -10.55409906877519 3
    endloop
  endfacet
  facet normal 0 0 -1
    outer loop
      vertex 0.784881494116422 -12.475334105353394 -12
      vertex -0.17267392870561285 -2.744573503177747 -12
      vertex 0.17267392870561285 -2.744573503177747 -12
    endloop
  endfacet
  facet normal 0 0 -1
    outer loop
      vertex 0.784881494116422 -12.475334105353394 -12
      vertex 0.17267392870561285 -2.744573503177747 -12
      vertex 0.5152986151107433 -2.701289939503894 -12
    endloop
  endfacet
  facet normal 0 0 -1
    outer loop
      vertex 0.784881494116422 -12.475334105353394 -12
      vertex 0.5152986151107433 -2.701289939503894 -12
      vertex 0.8497967345311054 -2.615405419811672 -12
    endloop
  endfacet
  facet normal 0 0 -1
    outer loop
      vertex 0.784881494116422 -12.475334105353394 -12
      vertex 0.8497967345311054 -2.615405419811672 -12
      vertex 1.170893051803949 -2.4882743942815537 -12
    endloop
  endfacet
  facet normal 0 0 -1
    outer loop
      vertex 0.784881494116422 -12.475334105353394 -12
      vertex 1.170893051803949 -2.4882743942815537 -12
      vertex 1.4735236861922396 -2.3219017951305423 -12
    endloop
  endfacet
  facet normal 0 0 -1
    outer loop
      vertex 2.3422664323215603 -12.278590634108607 -12
      vertex 1.4735236861922396 -2.3219017951305423 -12
      vertex 1.7529159718088974 -2.11891141763342 -12
    endloop
  endfacet
  facet normal 0 0 -1
    outer loop
      vertex 2.3422664323215603 -12.278590634108607 -12
      vertex 1.7529159718088974 -2.11891141763342 -12
      vertex 2.004663725408882 -1.8825045413038934 -12
    endloop
  endfacet
  facet normal 0 0 -1
    outer loop
      vertex 2.3422664323215603 -12.278590634108607 -12
      vertex 2.004663725408882 -1.8825045413038934 -12
      vertex 2.2247967345311057 -1.616409443804301 -12
    endloop
  endfacet
  facet normal 0 0 -1
    outer loop
      vertex 2.3422664323215603 -12.278590634108607 -12
      vertex 2.2247967345311057 -1.616409443804301 -12
      vertex 2.4098433701206243 -1.3248226037797173 -12
    endloop
  endfacet
  facet normal 0 0 -1
    outer loop
      vertex 2.3422664323215603 -12.278590634108607 -12
      vertex 2.4098433701206243 -1.3248226037797173 -12
      vertex 2.556885336192691 -1.0123425198828655 -12
    endloop
  endfacet
  facet normal 0 0 -1
    outer loop
      vertex 2.3422664323215603 -12.278590634108607 -12
      vertex 2.556885336192691 -1.0123425198828655 -12
      vertex 2.663603693103736 -0.6838971897033497 -12
    endloop
  endfacet
  facet normal 0 0 -1
    outer loop
      vertex 2.3422664323215603 -12.278590634108607 -12
      vertex 2.663603693103736 -0.6838971897033497 -12
      vertex 2.728315428614814 -0.34466639230183616 -12
    endloop
  endfacet
  facet normal 0 0 -1
    outer loop
      vertex 2.3422664323215603 -12.278590634108607 -12
      vertex 2.728315428614814 -0.34466639230183616 -12
      vertex 3.8627124296868423 11.888206453689419 -12
    endloop
  endfacet
  facet normal 0 0 -1
    outer loop
      vertex 2.3422664323215603 -12.278590634108607 -12
      vertex 3.8627124296868423 11.888206453689419 -12
      vertex 3.8627124296868423 -11.888206453689419 -12
    endloop
  endfacet
  facet normal 0 0 -1
    outer loop
      vertex 3.8627124296868423 -11.888206453689419 -12
      vertex 5.322241144563409 11.310338155825244 -12
      vertex 5.322241144563406 -11.310338155825244 -12
    endloop
  endfacet
  facet normal 0 0 -1
    outer loop
      vertex 5.322241144563406 -11.310338155825244 -12
      vertex 6.697834937237459 10.554099068775189 -12
      vertex 6.697834937237452 -10.55409906877519 -12
    endloop
  endfacet
  facet normal 0.5877852522924726 -0.8090169943749477 0
    outer loop
      vertex 6.697834937237452 -10.55409906877519 -12
      vertex 7.967799871858625 -9.631415534697362 -12
      vertex 7.967799871858625 -9.631415534697362 3
    endloop
  endfacet
  facet normal 0.684547105928689 -0.7289686274214113 0
    outer loop
      vertex 7.967799871858625 -9.631415534697362 -12
      vertex 9.112107842767646 -8.556838824108606 -12
      vertex 9.112107842767646 -8.556838824108606 3
    endloop
  endfacet
  facet normal 0.7705132427757891 -0.6374239897486897 0
    outer loop
      vertex 9.112107842767646 -8.556838824108606 -12
      vertex 10.112712429686843 -7.347315653655914 -12
      vertex 9.112107842767646 -8.556838824108606 3
    endloop
  endfacet
  facet normal 0.8443279255020151 -0.5358267949789965 0
    outer loop
      vertex 10.112712429686843 -7.347315653655914 -12
      vertex 10.953833500548294 -6.021920926271442 -12
      vertex 10.112712429686843 -7.347315653655914 3
    endloop
  endfacet
  facet normal 0 0 -1
    outer loop
      vertex 6.697834937237452 -10.55409906877519 -12
      vertex 7.967799871858622 9.631415534697364 -12
      vertex 7.967799871858625 -9.631415534697362 -12
    endloop
  endfacet
  facet normal 0 0 -1
    outer loop
      vertex 7.967799871858625 -9.631415534697362 -12
      vertex 9.112107842767644 8.55683882410861 -12
      vertex 9.112107842767646 -8.556838824108606 -12
    endloop
  endfacet
  facet normal 0 0 -1
    outer loop
      vertex 9.112107842767646 -8.556838824108606 -12
      vertex 10.112712429686843 7.347315653655914 -12
      vertex 10.112712429686843 -7.347315653655914 -12
    endloop
  endfacet
  facet normal 0 0 -1
    outer loop
      vertex 10.112712429686843 -7.347315653655914 -12
      vertex 10.953833500548296 6.0219209262714415 -12
      vertex 10.953833500548294 -6.021920926271442 -12
    endloop
  endfacet
  facet normal 0 0 -1
    outer loop
      vertex 10.953833500548294 -6.021920926271442 -12
      vertex 11.622206073603142 4.601556908558475 -12
      vertex 11.62220607360314 -4.6015569085584795 -12
    endloop
  endfacet
  facet normal 0 0 -1
    outer loop
      vertex 11.62220607360314 -4.6015569085584795 -12
      vertex 12.107289514107888 3.108623589560685 -12
      vertex 12.10728951410789 -3.1086235895606804 -12
    endloop
  endfacet
  facet normal 0 0 -1
    outer loop
      vertex 12.10728951410789 -3.1086235895606804 -12
      vertex 12.401433766430973 1.5666654195538032 -12
      vertex 12.401433766430973 -1.5666654195538008 -12
    endloop
  endfacet
  facet normal 0.9048270524660195 -0.4257792915650726 0
    outer loop
      vertex 10.953833500548294 -6.021920926271442 -12
      vertex 11.62220607360314 -4.6015569085584795 -12
      vertex 10.953833500548294 -6.021920926271442 3
    endloop
  endfacet
  facet normal 0.9510565162951533 -0.3090169943749479 0
    outer loop
      vertex 11.62220607360314 -4.6015569085584795 -12
      vertex 12.10728951410789 -3.1086235895606804 -12
      vertex 11.62220607360314 -4.6015569085584795 3
    endloop
  endfacet
  facet normal 0.9822872507286887 -0.18738131458572407 0
    outer loop
      vertex 12.10728951410789 -3.1086235895606804 -12
      vertex 12.401433766430973 -1.5666654195538008 -12
      vertex 12.10728951410789 -3.1086235895606804 3
    endloop
  endfacet
  facet normal 0.9980267284282716 -0.0627905195293135 0
    outer loop
      vertex 12.401433766430973 -1.5666654195538008 -12
      vertex 12.5 0 -12
      vertex 12.401433766430973 -1.5666654195538008 3
    endloop
  endfacet
  facet normal 0.12533323356430495 -0.9921147013144778 0
    outer loop
      vertex 0.784881494116422 -12.475334105353394 -12
      vertex 2.3422664323215603 -12.278590634108607 3
      vertex 0.784881494116422 -12.475334105353394 3
    endloop
  endfacet
  facet normal 0.2486898871648548 -0.9685831611286312 0
    outer loop
      vertex 2.3422664323215603 -12.278590634108607 -12
      vertex 3.8627124296868423 -11.888206453689419 3
      vertex 2.3422664323215603 -12.278590634108607 3
    endloop
  endfacet
  facet normal 0.36812455268467786 -0.9297764858882515 0
    outer loop
      vertex 3.8627124296868423 -11.888206453689419 -12
      vertex 5.322241144563406 -11.310338155825244 3
      vertex 3.8627124296868423 -11.888206453689419 3
    endloop
  endfacet
  facet normal 0.48175367410171493 -0.8763066800438638 0
    outer loop
      vertex 5.322241144563406 -11.310338155825244 -12
      vertex 6.697834937237452 -10.55409906877519 3
      vertex 5.322241144563406 -11.310338155825244 3
    endloop
  endfacet
  facet normal 0 0 1
    outer loop
      vertex -0.784881494116422 -12.475334105353394 3
      vertex 0.784881494116422 -12.475334105353394 3
      vertex 0.392440747058211 -6.237667052676697 3
    endloop
  endfacet
  facet normal 0 0 1
    outer loop
      vertex 0.784881494116422 -12.475334105353394 3
      vertex 2.3422664323215603 -12.278590634108607 3
      vertex 0.392440747058211 -6.237667052676697 3
    endloop
  endfacet
  facet normal 0 0 1
    outer loop
      vertex 2.3422664323215603 -12.278590634108607 3
      vertex 3.8627124296868423 -11.888206453689419 3
      vertex 1.9313562148434211 -5.944103226844709 3
    endloop
  endfacet
  facet normal 0 0 1
    outer loop
      vertex 2.3422664323215603 -12.278590634108607 3
      vertex 1.1711332161607801 -6.139295317054303 3
      vertex 0.392440747058211 -6.237667052676697 3
    endloop
  endfacet
  facet normal 0 0 1
    outer loop
      vertex 2.3422664323215603 -12.278590634108607 3
      vertex 1.9313562148434211 -5.944103226844709 3
      vertex 1.1711332161607801 -6.139295317054303 3
    endloop
  endfacet
  facet normal 0 0 1
    outer loop
      vertex 3.8627124296868423 -11.888206453689419 3
      vertex 2.661120572281703 -5.655169077912622 3
      vertex 1.9313562148434211 -5.944103226844709 3
    endloop
  endfacet
  facet normal 0 0 1
    outer loop
      vertex 3.8627124296868423 -11.888206453689419 3
      vertex 5.322241144563406 -11.310338155825244 3
      vertex 3.348917468618726 -5.277049534387595 3
    endloop
  endfacet
  facet normal 0 0 1
    outer loop
      vertex 3.8627124296868423 -11.888206453689419 3
      vertex 3.348917468618726 -5.277049534387595 3
      vertex 2.661120572281703 -5.655169077912622 3
    endloop
  endfacet
  facet normal 0 0 1
    outer loop
      vertex 5.322241144563406 -11.310338155825244 3
      vertex 3.9838999359293124 -4.815707767348681 3
      vertex 3.348917468618726 -5.277049534387595 3
    endloop
  endfacet
  facet normal 0 0 1
    outer loop
      vertex 5.322241144563406 -11.310338155825244 3
      vertex 4.556053921383823 -4.278419412054303 3
      vertex 3.9838999359293124 -4.815707767348681 3
    endloop
  endfacet
  facet normal 0 0 1
    outer loop
      vertex 5.322241144563406 -11.310338155825244 3
      vertex 6.697834937237452 -10.55409906877519 3
      vertex 5.056356214843421 -3.673657826827957 3
    endloop
  endfacet
  facet normal 0 0 1
    outer loop
      vertex 5.322241144563406 -11.310338155825244 3
      vertex 5.056356214843421 -3.673657826827957 3
      vertex 4.556053921383823 -4.278419412054303 3
    endloop
  endfacet
  facet normal 0 0 1
    outer loop
      vertex 6.697834937237452 -10.55409906877519 3
      vertex 5.476916750274147 -3.010960463135721 3
      vertex 5.056356214843421 -3.673657826827957 3
    endloop
  endfacet
  facet normal 0 0 1
    outer loop
      vertex 6.697834937237452 -10.55409906877519 3
      vertex 5.81110303680157 -2.3007784542792398 3
      vertex 5.476916750274147 -3.010960463135721 3
    endloop
  endfacet
  facet normal 0 0 1
    outer loop
      vertex 6.697834937237452 -10.55409906877519 3
      vertex 6.053644757053945 -1.5543117947803402 3
      vertex 5.81110303680157 -2.3007784542792398 3
    endloop
  endfacet
  facet normal 0.5877852522924726 -0.8090169943749477 0
    outer loop
      vertex 6.697834937237452 -10.55409906877519 -12
      vertex 7.967799871858625 -9.631415534697362 3
      vertex 6.697834937237452 -10.55409906877519 3
    endloop
  endfacet
  facet normal 0.684547105928689 -0.7289686274214113 0
    outer loop
      vertex 7.967799871858625 -9.631415534697362 -12
      vertex 9.112107842767646 -8.556838824108606 3
      vertex 7.967799871858625 -9.631415534697362 3
    endloop
  endfacet
  facet normal 0.7705132427757891 -0.6374239897486897 0
    outer loop
      vertex 10.112712429686843 -7.347315653655914 -12
      vertex 10.112712429686843 -7.347315653655914 3
      vertex 9.112107842767646 -8.556838824108606 3
    endloop
  endfacet
  facet normal 0.8443279255020151 -0.5358267949789965 0
    outer loop
      vertex 10.953833500548294 -6.021920926271442 -12
      vertex 10.953833500548294 -6.021920926271442 3
      vertex 10.112712429686843 -7.347315653655914 3
    endloop
  endfacet
  facet normal 0.9048270524660195 -0.4257792915650726 0
    outer loop
      vertex 11.62220607360314 -4.6015569085584795 -12
      vertex 11.62220607360314 -4.6015569085584795 3
      vertex 10.953833500548294 -6.021920926271442 3
    endloop
  endfacet
  facet normal 0.9510565162951533 -0.3090169943749479 0
    outer loop
      vertex 12.10728951410789 -3.1086235895606804 -12
      vertex 12.10728951410789 -3.1086235895606804 3
      vertex 11.62220607360314 -4.6015569085584795 3
    endloop
  endfacet
  facet normal 0.9822872507286887 -0.18738131458572407 0
    outer loop
      vertex 12.401433766430973 -1.5666654195538008 -12
      vertex 12.401433766430973 -1.5666654195538008 3
      vertex 12.10728951410789 -3.1086235895606804 3
    endloop
  endfacet
  facet normal 0.9980267284282716 -0.0627905195293135 0
    outer loop
      vertex 12.401433766430973 -1.5666654195538008 3
      vertex 12.5 0 -12
      vertex 12.5 0 3
    endloop
  endfacet
  facet normal 0 0 1
    outer loop
      vertex 6.697834937237452 -10.55409906877519 3
      vertex 6.200716883215486 -0.7833327097769004 3
      vertex 6.053644757053945 -1.5543117947803402 3
    endloop
  endfacet
  facet normal 0 0 1
    outer loop
      vertex 6.697834937237452 -10.55409906877519 3
      vertex 6.25 0 3
      vertex 6.200716883215486 -0.7833327097769004 3
    endloop
  endfacet
  facet normal 0 0 1
    outer loop
      vertex 6.697834937237452 -10.55409906877519 3
      vertex 7.967799871858625 -9.631415534697362 3
      vertex 6.697834937237459 10.554099068775189 3
    endloop
  endfacet
  facet normal 0 0 1
    outer loop
      vertex 7.967799871858625 -9.631415534697362 3
      vertex 9.112107842767646 -8.556838824108606 3
      vertex 7.967799871858622 9.631415534697364 3
    endloop
  endfacet
  facet normal 0 0 1
    outer loop
      vertex 9.112107842767646 -8.556838824108606 3
      vertex 10.112712429686843 -7.347315653655914 3
      vertex 9.112107842767644 8.55683882410861 3
    endloop
  endfacet
  facet normal 0 0 1
    outer loop
      vertex 10.112712429686843 -7.347315653655914 3
      vertex 10.953833500548294 -6.021920926271442 3
      vertex 10.112712429686843 7.347315653655914 3
    endloop
  endfacet
  facet normal 0 0 1
    outer loop
      vertex 10.953833500548294 -6.021920926271442 3
      vertex 11.62220607360314 -4.6015569085584795 3
      vertex 10.953833500548296 6.0219209262714415 3
    endloop
  endfacet
  facet normal 0 0 1
    outer loop
      vertex 11.62220607360314 -4.6015569085584795 3
      vertex 12.10728951410789 -3.1086235895606804 3
      vertex 11.622206073603142 4.601556908558475 3
    endloop
  endfacet
  facet normal 0 0 1
    outer loop
      vertex 12.10728951410789 -3.1086235895606804 3
      vertex 12.401433766430973 -1.5666654195538008 3
      vertex 12.107289514107888 3.108623589560685 3
    endloop
  endfacet
  facet normal 0 0 -1
    outer loop
      vertex 0.784881494116416 12.475334105353394 -12
      vertex 0.5152986151107426 2.701289939503894 -12
      vertex 0.17267392870560913 2.744573503177747 -12
    endloop
  endfacet
  facet normal 0 0 -1
    outer loop
      vertex 2.342266432321557 12.278590634108609 -12
      vertex 1.17089305180395 2.4882743942815537 -12
      vertex 0.8497967345311054 2.615405419811672 -12
    endloop
  endfacet
  facet normal 0 0 -1
    outer loop
      vertex 2.342266432321557 12.278590634108609 -12
      vertex 0.8497967345311054 2.615405419811672 -12
      vertex 0.5152986151107426 2.701289939503894 -12
    endloop
  endfacet
  facet normal 0 0 -1
    outer loop
      vertex 3.8627124296868423 11.888206453689419 -12
      vertex 2.728315428614814 -0.34466639230183616 -12
      vertex 2.75 0 -12
    endloop
  endfacet
  facet normal 0 0 -1
    outer loop
      vertex 3.8627124296868423 11.888206453689419 -12
      vertex 2.75 0 -12
      vertex 2.728315428614814 0.3446663923018367 -12
    endloop
  endfacet
  facet normal 0 0 -1
    outer loop
      vertex 3.8627124296868423 11.888206453689419 -12
      vertex 2.728315428614814 0.3446663923018367 -12
      vertex 2.6636036931037355 0.6838971897033507 -12
    endloop
  endfacet
  facet normal 0 0 -1
    outer loop
      vertex 3.8627124296868423 11.888206453689419 -12
      vertex 2.6636036931037355 0.6838971897033507 -12
      vertex 2.5568853361926913 1.0123425198828644 -12
    endloop
  endfacet
  facet normal 0 0 -1
    outer loop
      vertex 2.342266432321557 12.278590634108609 -12
      vertex 2.0046637254088817 1.882504541303894 -12
      vertex 1.7529159718088967 2.11891141763342 -12
    endloop
  endfacet
  facet normal 0 0 -1
    outer loop
      vertex 2.342266432321557 12.278590634108609 -12
      vertex 2.2247967345311057 1.616409443804301 -12
      vertex 2.0046637254088817 1.882504541303894 -12
    endloop
  endfacet
  facet normal 0 0 -1
    outer loop
      vertex 2.342266432321557 12.278590634108609 -12
      vertex 1.4735236861922407 2.3219017951305414 -12
      vertex 1.17089305180395 2.4882743942815537 -12
    endloop
  endfacet
  facet normal 0 0 -1
    outer loop
      vertex 2.342266432321557 12.278590634108609 -12
      vertex 1.7529159718088967 2.11891141763342 -12
      vertex 1.4735236861922407 2.3219017951305414 -12
    endloop
  endfacet
  facet normal 0 0 -1
    outer loop
      vertex 3.8627124296868423 11.888206453689419 -12
      vertex 2.4098433701206248 1.324822603779717 -12
      vertex 2.2247967345311057 1.616409443804301 -12
    endloop
  endfacet
  facet normal 0 0 -1
    outer loop
      vertex 3.8627124296868423 11.888206453689419 -12
      vertex 2.5568853361926913 1.0123425198828644 -12
      vertex 2.4098433701206248 1.324822603779717 -12
    endloop
  endfacet
  facet normal 0 0 -1
    outer loop
      vertex 3.8627124296868423 -11.888206453689419 -12
      vertex 3.8627124296868423 11.888206453689419 -12
      vertex 5.322241144563409 11.310338155825244 -12
    endloop
  endfacet
  facet normal 0 0 -1
    outer loop
      vertex 5.322241144563406 -11.310338155825244 -12
      vertex 5.322241144563409 11.310338155825244 -12
      vertex 6.697834937237459 10.554099068775189 -12
    endloop
  endfacet
  facet normal 0 0 -1
    outer loop
      vertex -0.784881494116416 12.475334105353394 -12
      vertex 0.784881494116416 12.475334105353394 -12
      vertex 0.17267392870560913 2.744573503177747 -12
    endloop
  endfacet
  facet normal 0 0 -1
    outer loop
      vertex 0.784881494116416 12.475334105353394 -12
      vertex 2.342266432321557 12.278590634108609 -12
      vertex 0.5152986151107426 2.701289939503894 -12
    endloop
  endfacet
  facet normal 0 0 -1
    outer loop
      vertex 2.342266432321557 12.278590634108609 -12
      vertex 3.8627124296868423 11.888206453689419 -12
      vertex 2.2247967345311057 1.616409443804301 -12
    endloop
  endfacet
  facet normal 0.12533323356430362 0.9921147013144779 0
    outer loop
      vertex 0.784881494116416 12.475334105353394 -12
      vertex 0.784881494116416 12.475334105353394 3
      vertex 2.342266432321557 12.278590634108609 -12
    endloop
  endfacet
  facet normal 0.24868988716485538 0.968583161128631 0
    outer loop
      vertex 2.342266432321557 12.278590634108609 -12
      vertex 2.342266432321557 12.278590634108609 3
      vertex 3.8627124296868423 11.888206453689419 -12
    endloop
  endfacet
  facet normal 0.3681245526846771 0.9297764858882518 0
    outer loop
      vertex 3.8627124296868423 11.888206453689419 -12
      vertex 3.8627124296868423 11.888206453689419 3
      vertex 5.322241144563409 11.310338155825244 -12
    endloop
  endfacet
  facet normal 0.4817536741017151 0.8763066800438637 0
    outer loop
      vertex 5.322241144563409 11.310338155825244 -12
      vertex 5.322241144563409 11.310338155825244 3
      vertex 6.697834937237459 10.554099068775189 -12
    endloop
  endfacet
  facet normal 0 0 -1
    outer loop
      vertex 7.967799871858625 -9.631415534697362 -12
      vertex 7.967799871858622 9.631415534697364 -12
      vertex 9.112107842767644 8.55683882410861 -12
    endloop
  endfacet
  facet normal 0 0 -1
    outer loop
      vertex 6.697834937237452 -10.55409906877519 -12
      vertex 6.697834937237459 10.554099068775189 -12
      vertex 7.967799871858622 9.631415534697364 -12
    endloop
  endfacet
  facet normal 0 0 -1
    outer loop
      vertex 9.112107842767646 -8.556838824108606 -12
      vertex 9.112107842767644 8.55683882410861 -12
      vertex 10.112712429686843 7.347315653655914 -12
    endloop
  endfacet
  facet normal 0 0 -1
    outer loop
      vertex 10.112712429686843 -7.347315653655914 -12
      vertex 10.112712429686843 7.347315653655914 -12
      vertex 10.953833500548296 6.0219209262714415 -12
    endloop
  endfacet
  facet normal 0 0 -1
    outer loop
      vertex 10.953833500548294 -6.021920926271442 -12
      vertex 10.953833500548296 6.0219209262714415 -12
      vertex 11.622206073603142 4.601556908558475 -12
    endloop
  endfacet
  facet normal 0 0 -1
    outer loop
      vertex 12.401433766430973 -1.5666654195538008 -12
      vertex 12.401433766430973 1.5666654195538032 -12
      vertex 12.5 0 -12
    endloop
  endfacet
  facet normal 0 0 -1
    outer loop
      vertex 12.10728951410789 -3.1086235895606804 -12
      vertex 12.107289514107888 3.108623589560685 -12
      vertex 12.401433766430973 1.5666654195538032 -12
    endloop
  endfacet
  facet normal 0 0 -1
    outer loop
      vertex 11.62220607360314 -4.6015569085584795 -12
      vertex 11.622206073603142 4.601556908558475 -12
      vertex 12.107289514107888 3.108623589560685 -12
    endloop
  endfacet
  facet normal 0.9980267284282716 0.0627905195293134 0
    outer loop
      vertex 12.5 0 -12
      vertex 12.401433766430973 1.5666654195538032 -12
      vertex 12.5 0 3
    endloop
  endfacet
  facet normal 0.9822872507286886 0.18738131458572496 0
    outer loop
      vertex 12.401433766430973 1.5666654195538032 -12
      vertex 12.107289514107888 3.108623589560685 -12
      vertex 12.401433766430973 1.5666654195538032 3
    endloop
  endfacet
  facet normal 0.9510565162951535 0.3090169943749475 0
    outer loop
      vertex 12.107289514107888 3.108623589560685 -12
      vertex 11.622206073603142 4.601556908558475 -12
      vertex 12.107289514107888 3.108623589560685 3
    endloop
  endfacet
  facet normal 0.9048270524660199 0.42577929156507177 0
    outer loop
      vertex 11.622206073603142 4.601556908558475 -12
      vertex 10.953833500548296 6.0219209262714415 -12
      vertex 11.622206073603142 4.601556908558475 3
    endloop
  endfacet
  facet normal 0.6845471059286881 0.7289686274214122 0
    outer loop
      vertex 9.112107842767644 8.55683882410861 -12
      vertex 7.967799871858622 9.631415534697364 -12
      vertex 7.967799871858622 9.631415534697364 3
    endloop
  endfacet
  facet normal 0.5877852522924739 0.8090169943749468 0
    outer loop
      vertex 6.697834937237459 10.554099068775189 -12
      vertex 6.697834937237459 10.554099068775189 3
      vertex 7.967799871858622 9.631415534697364 -12
    endloop
  endfacet
  facet normal 0.7705132427757896 0.6374239897486893 0
    outer loop
      vertex 9.112107842767644 8.55683882410861 -12
      vertex 10.112712429686843 7.347315653655914 3
      vertex 10.112712429686843 7.347315653655914 -12
    endloop
  endfacet
  facet normal 0.8443279255020147 0.5358267949789971 0
    outer loop
      vertex 10.953833500548296 6.0219209262714415 -12
      vertex 10.112712429686843 7.347315653655914 -12
      vertex 10.953833500548296 6.0219209262714415 3
    endloop
  endfacet
  facet normal 0 0 1
    outer loop
      vertex 5.322241144563409 11.310338155825244 3
      vertex 5.056356214843421 3.673657826827957 3
      vertex 5.476916750274148 3.0109604631357207 3
    endloop
  endfacet
  facet normal 0 0 1
    outer loop
      vertex 5.322241144563409 11.310338155825244 3
      vertex 5.811103036801571 2.3007784542792376 3
      vertex 6.053644757053944 1.5543117947803424 3
    endloop
  endfacet
  facet normal 0 0 1
    outer loop
      vertex 5.322241144563409 11.310338155825244 3
      vertex 5.476916750274148 3.0109604631357207 3
      vertex 5.811103036801571 2.3007784542792376 3
    endloop
  endfacet
  facet normal 0 1 0
    outer loop
      vertex -0.784881494116416 12.475334105353394 3
      vertex 0.784881494116416 12.475334105353394 3
      vertex 0.784881494116416 12.475334105353394 -12
    endloop
  endfacet
  facet normal 0.12533323356430362 0.9921147013144779 0
    outer loop
      vertex 2.342266432321557 12.278590634108609 -12
      vertex 0.784881494116416 12.475334105353394 3
      vertex 2.342266432321557 12.278590634108609 3
    endloop
  endfacet
  facet normal 0.24868988716485538 0.968583161128631 0
    outer loop
      vertex 3.8627124296868423 11.888206453689419 -12
      vertex 2.342266432321557 12.278590634108609 3
      vertex 3.8627124296868423 11.888206453689419 3
    endloop
  endfacet
  facet normal 0.4817536741017151 0.8763066800438637 0
    outer loop
      vertex 6.697834937237459 10.554099068775189 -12
      vertex 5.322241144563409 11.310338155825244 3
      vertex 6.697834937237459 10.554099068775189 3
    endloop
  endfacet
  facet normal 0.3681245526846771 0.9297764858882518 0
    outer loop
      vertex 5.322241144563409 11.310338155825244 -12
      vertex 3.8627124296868423 11.888206453689419 3
      vertex 5.322241144563409 11.310338155825244 3
    endloop
  endfacet
  facet normal 0 0 1
    outer loop
      vertex 0.784881494116416 12.475334105353394 3
      vertex -0.3924407470582064 6.237667052676697 3
      vertex 0.392440747058208 6.237667052676697 3
    endloop
  endfacet
  facet normal 0 0 1
    outer loop
      vertex 0.784881494116416 12.475334105353394 3
      vertex 0.392440747058208 6.237667052676697 3
      vertex 1.1711332161607786 6.139295317054304 3
    endloop
  endfacet
  facet normal 0 0 1
    outer loop
      vertex 0.784881494116416 12.475334105353394 3
      vertex 1.1711332161607786 6.139295317054304 3
      vertex 1.9313562148434211 5.944103226844709 3
    endloop
  endfacet
  facet normal 0 0 1
    outer loop
      vertex 2.342266432321557 12.278590634108609 3
      vertex 2.6611205722817046 5.655169077912622 3
      vertex 3.3489174686187293 5.2770495343875945 3
    endloop
  endfacet
  facet normal 0 0 1
    outer loop
      vertex 2.342266432321557 12.278590634108609 3
      vertex 1.9313562148434211 5.944103226844709 3
      vertex 2.6611205722817046 5.655169077912622 3
    endloop
  endfacet
  facet normal 0 0 1
    outer loop
      vertex 0.784881494116416 12.475334105353394 3
      vertex 1.9313562148434211 5.944103226844709 3
      vertex 2.342266432321557 12.278590634108609 3
    endloop
  endfacet
  facet normal 0 0 1
    outer loop
      vertex 3.8627124296868423 11.888206453689419 3
      vertex 3.3489174686187293 5.2770495343875945 3
      vertex 3.983899935929311 4.815707767348682 3
    endloop
  endfacet
  facet normal 0 0 1
    outer loop
      vertex 3.8627124296868423 11.888206453689419 3
      vertex 3.983899935929311 4.815707767348682 3
      vertex 4.556053921383822 4.278419412054305 3
    endloop
  endfacet
  facet normal 0 0 1
    outer loop
      vertex 3.8627124296868423 11.888206453689419 3
      vertex 4.556053921383822 4.278419412054305 3
      vertex 5.322241144563409 11.310338155825244 3
    endloop
  endfacet
  facet normal 0 0 1
    outer loop
      vertex 5.322241144563409 11.310338155825244 3
      vertex 4.556053921383822 4.278419412054305 3
      vertex 5.056356214843421 3.673657826827957 3
    endloop
  endfacet
  facet normal 0 0 1
    outer loop
      vertex 5.322241144563409 11.310338155825244 3
      vertex 6.053644757053944 1.5543117947803424 3
      vertex 6.697834937237459 10.554099068775189 3
    endloop
  endfacet
  facet normal 0 0 1
    outer loop
      vertex 2.342266432321557 12.278590634108609 3
      vertex 3.3489174686187293 5.2770495343875945 3
      vertex 3.8627124296868423 11.888206453689419 3
    endloop
  endfacet
  facet normal 0.9980267284282716 0.0627905195293134 0
    outer loop
      vertex 12.401433766430973 1.5666654195538032 -12
      vertex 12.401433766430973 1.5666654195538032 3
      vertex 12.5 0 3
    endloop
  endfacet
  facet normal 0.9822872507286886 0.18738131458572496 0
    outer loop
      vertex 12.107289514107888 3.108623589560685 -12
      vertex 12.107289514107888 3.108623589560685 3
      vertex 12.401433766430973 1.5666654195538032 3
    endloop
  endfacet
  facet normal 0.9510565162951535 0.3090169943749475 0
    outer loop
      vertex 11.622206073603142 4.601556908558475 -12
      vertex 11.622206073603142 4.601556908558475 3
      vertex 12.107289514107888 3.108623589560685 3
    endloop
  endfacet
  facet normal 0.9048270524660199 0.42577929156507177 0
    outer loop
      vertex 10.953833500548296 6.0219209262714415 -12
      vertex 10.953833500548296 6.0219209262714415 3
      vertex 11.622206073603142 4.601556908558475 3
    endloop
  endfacet
  facet normal 0 0 1
    outer loop
      vertex 6.697834937237452 -10.55409906877519 3
      vertex 6.697834937237459 10.554099068775189 3
      vertex 6.25 0 3
    endloop
  endfacet
  facet normal 0 0 1
    outer loop
      vertex 6.697834937237459 10.554099068775189 3
      vertex 6.200716883215486 0.7833327097769016 3
      vertex 6.25 0 3
    endloop
  endfacet
  facet normal 0 0 1
    outer loop
      vertex 6.697834937237459 10.554099068775189 3
      vertex 6.053644757053944 1.5543117947803424 3
      vertex 6.200716883215486 0.7833327097769016 3
    endloop
  endfacet
  facet normal 0 0 1
    outer loop
      vertex 7.967799871858625 -9.631415534697362 3
      vertex 7.967799871858622 9.631415534697364 3
      vertex 6.697834937237459 10.554099068775189 3
    endloop
  endfacet
  facet normal 0 0 1
    outer loop
      vertex 9.112107842767646 -8.556838824108606 3
      vertex 9.112107842767644 8.55683882410861 3
      vertex 7.967799871858622 9.631415534697364 3
    endloop
  endfacet
  facet normal 0 0 1
    outer loop
      vertex 10.112712429686843 -7.347315653655914 3
      vertex 10.112712429686843 7.347315653655914 3
      vertex 9.112107842767644 8.55683882410861 3
    endloop
  endfacet
  facet normal 0 0 1
    outer loop
      vertex 10.953833500548294 -6.021920926271442 3
      vertex 10.953833500548296 6.0219209262714415 3
      vertex 10.112712429686843 7.347315653655914 3
    endloop
  endfacet
  facet normal 0 0 1
    outer loop
      vertex 12.401433766430973 -1.5666654195538008 3
      vertex 12.5 0 3
      vertex 12.401433766430973 1.5666654195538032 3
    endloop
  endfacet
  facet normal 0 0 1
    outer loop
      vertex 12.10728951410789 -3.1086235895606804 3
      vertex 12.107289514107888 3.108623589560685 3
      vertex 11.622206073603142 4.601556908558475 3
    endloop
  endfacet
  facet normal 0 0 1
    outer loop
      vertex 12.401433766430973 -1.5666654195538008 3
      vertex 12.401433766430973 1.5666654195538032 3
      vertex 12.107289514107888 3.108623589560685 3
    endloop
  endfacet
  facet normal 0 0 1
    outer loop
      vertex 11.62220607360314 -4.6015569085584795 3
      vertex 11.622206073603142 4.601556908558475 3
      vertex 10.953833500548296 6.0219209262714415 3
    endloop
  endfacet
  facet normal 0.6845471059286881 0.7289686274214122 0
    outer loop
      vertex 9.112107842767644 8.55683882410861 -12
      vertex 7.967799871858622 9.631415534697364 3
      vertex 9.112107842767644 8.55683882410861 3
    endloop
  endfacet
  facet normal 0.5877852522924739 0.8090169943749468 0
    outer loop
      vertex 7.967799871858622 9.631415534697364 -12
      vertex 6.697834937237459 10.554099068775189 3
      vertex 7.967799871858622 9.631415534697364 3
    endloop
  endfacet
  facet normal 0.8443279255020147 0.5358267949789971 0
    outer loop
      vertex 10.112712429686843 7.347315653655914 -12
      vertex 10.112712429686843 7.347315653655914 3
      vertex 10.953833500548296 6.0219209262714415 3
    endloop
  endfacet
  facet normal 0.7705132427757896 0.6374239897486893 0
    outer loop
      vertex 9.112107842767644 8.55683882410861 -12
      vertex 9.112107842767644 8.55683882410861 3
      vertex 10.112712429686843 7.347315653655914 3
    endloop
  endfacet
endsolid OpenSCAD_Model
