solid OpenSCAD_Model
  facet normal -0.8443279255020153 -0.5358267949789963 0
    outer loop
      vertex -18.202882373436317 -13.225168176580645 -9
      vertex -19.71690030098693 -10.839457667288595 3
      vertex -19.71690030098693 -10.839457667288595 -9
    endloop
  endfacet
  facet normal -0.770513242775789 -0.6374239897486899 0
    outer loop
      vertex -18.202882373436317 -13.225168176580645 -9
      vertex -16.401794116981762 -15.40230988339549 -9
      vertex -18.202882373436317 -13.225168176580645 3
    endloop
  endfacet
  facet normal -0.5877852522924731 -0.8090169943749473 0
    outer loop
      vertex -14.342039769345517 -17.33654796245526 -9
      vertex -12.056102887027427 -18.99737832379534 -9
      vertex -12.056102887027427 -18.99737832379534 3
    endloop
  endfacet
  facet normal -0.6845471059286893 -0.7289686274214111 0
    outer loop
      vertex -14.342039769345517 -17.33654796245526 -9
      vertex -14.342039769345517 -17.33654796245526 3
      vertex -16.401794116981762 -15.40230988339549 -9
    endloop
  endfacet
  facet normal 0 0 -1
    outer loop
      vertex -20.919970932485658 -8.282802435405252 -9
      vertex -21.7931211253942 -5.595522461209234 -9
      vertex -20.919970932485658 8.282802435405252 -9
    endloop
  endfacet
  facet normal 0 0 -1
    outer loop
      vertex -21.7931211253942 -5.595522461209234 -9
      vertex -22.322580779575752 -2.8199977551968414 -9
      vertex -21.7931211253942 5.595522461209234 -9
    endloop
  endfacet
  facet normal 0 0 -1
    outer loop
      vertex -19.71690030098693 -10.839457667288595 -9
      vertex -20.919970932485658 -8.282802435405252 -9
      vertex -19.71690030098693 10.839457667288595 -9
    endloop
  endfacet
  facet normal 0 0 -1
    outer loop
      vertex -18.202882373436317 -13.225168176580645 -9
      vertex -19.71690030098693 -10.839457667288595 -9
      vertex -18.202882373436317 13.225168176580645 -9
    endloop
  endfacet
  facet normal 0 0 -1
    outer loop
      vertex -18.202882373436317 -13.225168176580645 -9
      vertex -16.401794116981762 15.40230988339549 -9
      vertex -16.401794116981762 -15.40230988339549 -9
    endloop
  endfacet
  facet normal 0 0 -1
    outer loop
      vertex -14.342039769345517 -17.33654796245526 -9
      vertex -12.056102887027427 18.99737832379534 -9
      vertex -12.056102887027427 -18.99737832379534 -9
    endloop
  endfacet
  facet normal 0 0 -1
    outer loop
      vertex -14.342039769345517 -17.33654796245526 -9
      vertex -16.401794116981762 -15.40230988339549 -9
      vertex -14.342039769345517 17.33654796245526 -9
    endloop
  endfacet
  facet normal -0.9048270524660195 -0.4257792915650731 0
    outer loop
      vertex -19.71690030098693 -10.839457667288595 -9
      vertex -20.919970932485658 -8.282802435405252 3
      vertex -20.919970932485658 -8.282802435405252 -9
    endloop
  endfacet
  facet normal -0.9510565162951534 -0.3090169943749477 0
    outer loop
      vertex -20.919970932485658 -8.282802435405252 -9
      vertex -21.7931211253942 -5.595522461209234 3
      vertex -21.7931211253942 -5.595522461209234 -9
    endloop
  endfacet
  facet normal -0.9822872507286886 -0.18738131458572416 0
    outer loop
      vertex -21.7931211253942 -5.595522461209234 -9
      vertex -22.322580779575752 -2.8199977551968414 3
      vertex -22.322580779575752 -2.8199977551968414 -9
    endloop
  endfacet
  facet normal -0.9980267284282716 -0.06279051952931325 0
    outer loop
      vertex -22.322580779575752 -2.8199977551968414 -9
      vertex -22.5 0 3
      vertex -22.5 0 -9
    endloop
  endfacet
  facet normal 0 0 -1
    outer loop
      vertex -4.2160795781788085 -22.101463141395495 -9
      vertex -1.2241154632495832 -2.6013777758398064 -9
      vertex -1.4127866894095598 -22.45560138963611 -9
    endloop
  endfacet
  facet normal 0 0 -1
    outer loop
      vertex -1.4127866894095598 -22.45560138963611 -9
      vertex -0.18052274364677706 -2.869326844231281 -9
      vertex 1.4127866894095598 -22.45560138963611 -9
    endloop
  endfacet
  facet normal -0.48175367410171427 -0.8763066800438641 0
    outer loop
      vertex -12.056102887027427 -18.99737832379534 -9
      vertex -9.58003406021413 -20.35860868048544 -9
      vertex -9.58003406021413 -20.35860868048544 3
    endloop
  endfacet
  facet normal -0.3681245526846779 -0.9297764858882513 0
    outer loop
      vertex -9.58003406021413 -20.35860868048544 -9
      vertex -6.952882373436316 -21.398771616640953 -9
      vertex -6.952882373436316 -21.398771616640953 3
    endloop
  endfacet
  facet normal -0.2486898871648558 -0.9685831611286309 0
    outer loop
      vertex -6.952882373436316 -21.398771616640953 -9
      vertex -4.2160795781788085 -22.101463141395495 -9
      vertex -4.2160795781788085 -22.101463141395495 3
    endloop
  endfacet
  facet normal -0.12533323356430498 -0.9921147013144778 0
    outer loop
      vertex -4.2160795781788085 -22.101463141395495 -9
      vertex -1.4127866894095598 -22.45560138963611 -9
      vertex -1.4127866894095598 -22.45560138963611 3
    endloop
  endfacet
  facet normal 0 0 -1
    outer loop
      vertex -12.056102887027427 -18.99737832379534 -9
      vertex -9.580034060214135 20.35860868048544 -9
      vertex -9.58003406021413 -20.35860868048544 -9
    endloop
  endfacet
  facet normal 0 0 -1
    outer loop
      vertex -9.58003406021413 -20.35860868048544 -9
      vertex -6.952882373436316 21.398771616640953 -9
      vertex -6.952882373436316 -21.398771616640953 -9
    endloop
  endfacet
  facet normal 0 0 -1
    outer loop
      vertex -4.2160795781788085 -22.101463141395495 -9
      vertex -2.325923858827974 -1.6898826003408602 -9
      vertex -2.0957848038365587 -1.9680729295449795 -9
    endloop
  endfacet
  facet normal 0 0 -1
    outer loop
      vertex -6.952882373436316 -21.398771616640953 -9
      vertex -4.216079578178803 22.101463141395495 -9
      vertex -4.2160795781788085 -22.101463141395495 -9
    endloop
  endfacet
  facet normal 0 0 -1
    outer loop
      vertex -4.2160795781788085 -22.101463141395495 -9
      vertex -2.7846765882448143 -0.7149834255989577 -9
      vertex -2.673107396928723 -1.058358088968449 -9
    endloop
  endfacet
  facet normal 0 0 -1
    outer loop
      vertex -4.2160795781788085 -22.101463141395495 -9
      vertex -2.852329766279124 -0.3603330464973742 -9
      vertex -2.7846765882448143 -0.7149834255989577 -9
    endloop
  endfacet
  facet normal 0 0 -1
    outer loop
      vertex -4.2160795781788085 -22.101463141395495 -9
      vertex -2.5193817051261074 -1.3850418130424318 -9
      vertex -2.325923858827974 -1.6898826003408602 -9
    endloop
  endfacet
  facet normal 0 0 -1
    outer loop
      vertex -4.2160795781788085 -22.101463141395495 -9
      vertex -2.673107396928723 -1.058358088968449 -9
      vertex -2.5193817051261074 -1.3850418130424318 -9
    endloop
  endfacet
  facet normal 0 0 -1
    outer loop
      vertex -4.2160795781788085 -22.101463141395495 -9
      vertex -2.875 0 -9
      vertex -2.852329766279124 -0.3603330464973742 -9
    endloop
  endfacet
  facet normal 0 0 -1
    outer loop
      vertex -4.2160795781788085 -22.101463141395495 -9
      vertex -1.8325939705274827 -2.2152255729803945 -9
      vertex -1.5405020355646157 -2.427442785818293 -9
    endloop
  endfacet
  facet normal 0 0 -1
    outer loop
      vertex -4.2160795781788085 -22.101463141395495 -9
      vertex -2.0957848038365587 -1.9680729295449795 -9
      vertex -1.8325939705274827 -2.2152255729803945 -9
    endloop
  endfacet
  facet normal 0 0 -1
    outer loop
      vertex -4.2160795781788085 -22.101463141395495 -9
      vertex -1.5405020355646157 -2.427442785818293 -9
      vertex -1.2241154632495832 -2.6013777758398064 -9
    endloop
  endfacet
  facet normal 0 0 -1
    outer loop
      vertex -1.4127866894095598 -22.45560138963611 -9
      vertex -1.2241154632495832 -2.6013777758398064 -9
      vertex -0.8884238588279738 -2.7342874843485663 -9
    endloop
  endfacet
  facet normal 0 0 -1
    outer loop
      vertex -1.4127866894095598 -22.45560138963611 -9
      vertex -0.8884238588279738 -2.7342874843485663 -9
      vertex -0.5387212794339589 -2.82407584584498 -9
    endloop
  endfacet
  facet normal 0 0 -1
    outer loop
      vertex -1.4127866894095598 -22.45560138963611 -9
      vertex -0.5387212794339589 -2.82407584584498 -9
      vertex -0.18052274364677706 -2.869326844231281 -9
    endloop
  endfacet
  facet normal -0.770513242775789 -0.6374239897486899 0
    outer loop
      vertex -16.401794116981762 -15.40230988339549 -9
      vertex -16.401794116981762 -15.40230988339549 3
      vertex -18.202882373436317 -13.225168176580645 3
    endloop
  endfacet
  facet normal -0.8443279255020153 -0.5358267949789963 0
    outer loop
      vertex -18.202882373436317 -13.225168176580645 -9
      vertex -18.202882373436317 -13.225168176580645 3
      vertex -19.71690030098693 -10.839457667288595 3
    endloop
  endfacet
  facet normal -0.5877852522924731 -0.8090169943749473 0
    outer loop
      vertex -14.342039769345517 -17.33654796245526 -9
      vertex -12.056102887027427 -18.99737832379534 3
      vertex -14.342039769345517 -17.33654796245526 3
    endloop
  endfacet
  facet normal -0.6845471059286893 -0.7289686274214111 0
    outer loop
      vertex -16.401794116981762 -15.40230988339549 -9
      vertex -14.342039769345517 -17.33654796245526 3
      vertex -16.401794116981762 -15.40230988339549 3
    endloop
  endfacet
  facet normal -0.9048270524660195 -0.4257792915650731 0
    outer loop
      vertex -19.71690030098693 -10.839457667288595 -9
      vertex -19.71690030098693 -10.839457667288595 3
      vertex -20.919970932485658 -8.282802435405252 3
    endloop
  endfacet
  facet normal -0.9510565162951534 -0.3090169943749477 0
    outer loop
      vertex -20.919970932485658 -8.282802435405252 -9
      vertex -20.919970932485658 -8.282802435405252 3
      vertex -21.7931211253942 -5.595522461209234 3
    endloop
  endfacet
  facet normal -0.9822872507286886 -0.18738131458572416 0
    outer loop
      vertex -21.7931211253942 -5.595522461209234 -9
      vertex -21.7931211253942 -5.595522461209234 3
      vertex -22.322580779575752 -2.8199977551968414 3
    endloop
  endfacet
  facet normal -0.9980267284282716 -0.06279051952931325 0
    outer loop
      vertex -22.322580779575752 -2.8199977551968414 -9
      vertex -22.322580779575752 -2.8199977551968414 3
      vertex -22.5 0 3
    endloop
  endfacet
  facet normal 0 0 1
    outer loop
      vertex -19.71690030098693 -10.839457667288595 3
      vertex -20.919970932485658 8.282802435405252 3
      vertex -20.919970932485658 -8.282802435405252 3
    endloop
  endfacet
  facet normal 0 0 1
    outer loop
      vertex -21.7931211253942 -5.595522461209234 3
      vertex -22.322580779575752 2.8199977551968414 3
      vertex -22.322580779575752 -2.8199977551968414 3
    endloop
  endfacet
  facet normal 0 0 1
    outer loop
      vertex -20.919970932485658 -8.282802435405252 3
      vertex -21.7931211253942 5.595522461209234 3
      vertex -21.7931211253942 -5.595522461209234 3
    endloop
  endfacet
  facet normal 0 0 1
    outer loop
      vertex -18.202882373436317 -13.225168176580645 3
      vertex -19.71690030098693 10.839457667288595 3
      vertex -19.71690030098693 -10.839457667288595 3
    endloop
  endfacet
  facet normal 0 0 1
    outer loop
      vertex -18.202882373436317 -13.225168176580645 3
      vertex -16.401794116981762 -15.40230988339549 3
      vertex -18.202882373436317 13.225168176580645 3
    endloop
  endfacet
  facet normal 0 0 1
    outer loop
      vertex -14.342039769345517 -17.33654796245526 3
      vertex -16.401794116981762 15.40230988339549 3
      vertex -16.401794116981762 -15.40230988339549 3
    endloop
  endfacet
  facet normal 0 0 1
    outer loop
      vertex -14.342039769345517 -17.33654796245526 3
      vertex -12.056102887027427 -18.99737832379534 3
      vertex -14.342039769345517 17.33654796245526 3
    endloop
  endfacet
  facet normal -0.3681245526846779 -0.9297764858882513 0
    outer loop
      vertex -9.58003406021413 -20.35860868048544 -9
      vertex -6.952882373436316 -21.398771616640953 3
      vertex -9.58003406021413 -20.35860868048544 3
    endloop
  endfacet
  facet normal -0.48175367410171427 -0.8763066800438641 0
    outer loop
      vertex -12.056102887027427 -18.99737832379534 -9
      vertex -9.58003406021413 -20.35860868048544 3
      vertex -12.056102887027427 -18.99737832379534 3
    endloop
  endfacet
  facet normal -0.2486898871648558 -0.9685831611286309 0
    outer loop
      vertex -6.952882373436316 -21.398771616640953 -9
      vertex -4.2160795781788085 -22.101463141395495 3
      vertex -6.952882373436316 -21.398771616640953 3
    endloop
  endfacet
  facet normal -0.12533323356430498 -0.9921147013144778 0
    outer loop
      vertex -4.2160795781788085 -22.101463141395495 -9
      vertex -1.4127866894095598 -22.45560138963611 3
      vertex -4.2160795781788085 -22.101463141395495 3
    endloop
  endfacet
  facet normal 0 -1 0
    outer loop
      vertex -1.4127866894095598 -22.45560138963611 -9
      vertex 1.4127866894095598 -22.45560138963611 3
      vertex -1.4127866894095598 -22.45560138963611 3
    endloop
  endfacet
  facet normal 0 0 1
    outer loop
      vertex -4.2160795781788085 -22.101463141395495 3
      vertex -1.4127866894095598 -22.45560138963611 3
      vertex -2.6791339748949836 -4.221639627510075 3
    endloop
  endfacet
  facet normal 0 0 1
    outer loop
      vertex -12.056102887027427 -18.99737832379534 3
      vertex -9.58003406021413 -20.35860868048544 3
      vertex -12.056102887027427 18.99737832379534 3
    endloop
  endfacet
  facet normal 0 0 1
    outer loop
      vertex -9.58003406021413 -20.35860868048544 3
      vertex -6.952882373436316 -21.398771616640953 3
      vertex -9.580034060214135 20.35860868048544 3
    endloop
  endfacet
  facet normal 0 0 1
    outer loop
      vertex -6.952882373436316 -21.398771616640953 3
      vertex -4.2160795781788085 -22.101463141395495 3
      vertex -6.952882373436316 21.398771616640953 3
    endloop
  endfacet
  facet normal 0 0 1
    outer loop
      vertex -4.2160795781788085 -22.101463141395495 3
      vertex -4.381533400219317 -2.408768370508577 3
      vertex -4.648882429441257 -1.8406227634233894 3
    endloop
  endfacet
  facet normal 0 0 1
    outer loop
      vertex -4.2160795781788085 -22.101463141395495 3
      vertex -2.6791339748949836 -4.221639627510075 3
      vertex -3.1871199487434483 -3.852566213878947 3
    endloop
  endfacet
  facet normal 0 0 1
    outer loop
      vertex -4.2160795781788085 -22.101463141395495 3
      vertex -3.6448431371070584 -3.4227355296434423 3
      vertex -4.045084971874737 -2.938926261462366 3
    endloop
  endfacet
  facet normal 0 0 1
    outer loop
      vertex -4.2160795781788085 -22.101463141395495 3
      vertex -4.045084971874737 -2.938926261462366 3
      vertex -4.381533400219317 -2.408768370508577 3
    endloop
  endfacet
  facet normal 0 0 1
    outer loop
      vertex -4.2160795781788085 -22.101463141395495 3
      vertex -3.1871199487434483 -3.852566213878947 3
      vertex -3.6448431371070584 -3.4227355296434423 3
    endloop
  endfacet
  facet normal 0 0 1
    outer loop
      vertex -4.2160795781788085 -22.101463141395495 3
      vertex -4.842915805643155 -1.2434494358242743 3
      vertex -4.9605735065723895 -0.6266661678215203 3
    endloop
  endfacet
  facet normal 0 0 1
    outer loop
      vertex -4.2160795781788085 -22.101463141395495 3
      vertex -4.648882429441257 -1.8406227634233894 3
      vertex -4.842915805643155 -1.2434494358242743 3
    endloop
  endfacet
  facet normal 0 0 1
    outer loop
      vertex -1.4127866894095598 -22.45560138963611 3
      vertex -1.545084971874737 -4.755282581475767 3
      vertex -2.128896457825362 -4.524135262330098 3
    endloop
  endfacet
  facet normal 0 0 1
    outer loop
      vertex -1.4127866894095598 -22.45560138963611 3
      vertex -2.128896457825362 -4.524135262330098 3
      vertex -2.6791339748949836 -4.221639627510075 3
    endloop
  endfacet
  facet normal 0 0 1
    outer loop
      vertex -1.4127866894095598 -22.45560138963611 3
      vertex -0.9369065729286241 -4.911436253643443 3
      vertex -1.545084971874737 -4.755282581475767 3
    endloop
  endfacet
  facet normal 0 0 1
    outer loop
      vertex -1.4127866894095598 -22.45560138963611 3
      vertex -0.3139525976465688 -4.990133642141358 3
      vertex -0.9369065729286241 -4.911436253643443 3
    endloop
  endfacet
  facet normal 0 0 1
    outer loop
      vertex -1.4127866894095598 -22.45560138963611 3
      vertex 0.3139525976465688 -4.990133642141358 3
      vertex -0.3139525976465688 -4.990133642141358 3
    endloop
  endfacet
  facet normal 0 0 1
    outer loop
      vertex -4.2160795781788085 -22.101463141395495 3
      vertex -4.9605735065723895 -0.6266661678215203 3
      vertex -6.952882373436316 21.398771616640953 3
    endloop
  endfacet
  facet normal 0 0 -1
    outer loop
      vertex -22.322580779575752 -2.8199977551968414 -9
      vertex -22.5 0 -9
      vertex -22.322580779575752 2.8199977551968414 -9
    endloop
  endfacet
  facet normal 0 0 -1
    outer loop
      vertex -22.322580779575752 -2.8199977551968414 -9
      vertex -22.322580779575752 2.8199977551968414 -9
      vertex -21.7931211253942 5.595522461209234 -9
    endloop
  endfacet
  facet normal 0 0 -1
    outer loop
      vertex -21.7931211253942 -5.595522461209234 -9
      vertex -21.7931211253942 5.595522461209234 -9
      vertex -20.919970932485658 8.282802435405252 -9
    endloop
  endfacet
  facet normal 0 0 -1
    outer loop
      vertex -20.919970932485658 -8.282802435405252 -9
      vertex -20.919970932485658 8.282802435405252 -9
      vertex -19.71690030098693 10.839457667288595 -9
    endloop
  endfacet
  facet normal 0 0 -1
    outer loop
      vertex -19.71690030098693 -10.839457667288595 -9
      vertex -19.71690030098693 10.839457667288595 -9
      vertex -18.202882373436317 13.225168176580645 -9
    endloop
  endfacet
  facet normal 0 0 -1
    outer loop
      vertex -18.202882373436317 -13.225168176580645 -9
      vertex -18.202882373436317 13.225168176580645 -9
      vertex -16.401794116981762 15.40230988339549 -9
    endloop
  endfacet
  facet normal 0 0 -1
    outer loop
      vertex -16.401794116981762 -15.40230988339549 -9
      vertex -16.401794116981762 15.40230988339549 -9
      vertex -14.342039769345517 17.33654796245526 -9
    endloop
  endfacet
  facet normal 0 0 -1
    outer loop
      vertex -14.342039769345517 -17.33654796245526 -9
      vertex -14.342039769345517 17.33654796245526 -9
      vertex -12.056102887027427 18.99737832379534 -9
    endloop
  endfacet
  facet normal -0.9980267284282716 0.06279051952931325 0
    outer loop
      vertex -22.5 0 -9
      vertex -22.322580779575752 2.8199977551968414 3
      vertex -22.322580779575752 2.8199977551968414 -9
    endloop
  endfacet
  facet normal -0.9822872507286886 0.18738131458572416 0
    outer loop
      vertex -22.322580779575752 2.8199977551968414 -9
      vertex -21.7931211253942 5.595522461209234 3
      vertex -21.7931211253942 5.595522461209234 -9
    endloop
  endfacet
  facet normal -0.9510565162951534 0.3090169943749477 0
    outer loop
      vertex -21.7931211253942 5.595522461209234 -9
      vertex -20.919970932485658 8.282802435405252 3
      vertex -20.919970932485658 8.282802435405252 -9
    endloop
  endfacet
  facet normal -0.9048270524660195 0.4257792915650731 0
    outer loop
      vertex -20.919970932485658 8.282802435405252 -9
      vertex -19.71690030098693 10.839457667288595 3
      vertex -19.71690030098693 10.839457667288595 -9
    endloop
  endfacet
  facet normal -0.8443279255020153 0.5358267949789963 0
    outer loop
      vertex -19.71690030098693 10.839457667288595 -9
      vertex -18.202882373436317 13.225168176580645 3
      vertex -18.202882373436317 13.225168176580645 -9
    endloop
  endfacet
  facet normal -0.770513242775789 0.6374239897486899 0
    outer loop
      vertex -18.202882373436317 13.225168176580645 -9
      vertex -16.401794116981762 15.40230988339549 3
      vertex -16.401794116981762 15.40230988339549 -9
    endloop
  endfacet
  facet normal -0.6845471059286893 0.7289686274214111 0
    outer loop
      vertex -16.401794116981762 15.40230988339549 -9
      vertex -16.401794116981762 15.40230988339549 3
      vertex -14.342039769345517 17.33654796245526 -9
    endloop
  endfacet
  facet normal -0.5877852522924731 0.8090169943749473 0
    outer loop
      vertex -14.342039769345517 17.33654796245526 -9
      vertex -14.342039769345517 17.33654796245526 3
      vertex -12.056102887027427 18.99737832379534 -9
    endloop
  endfacet
  facet normal 0 0 -1
    outer loop
      vertex -12.056102887027427 -18.99737832379534 -9
      vertex -12.056102887027427 18.99737832379534 -9
      vertex -9.580034060214135 20.35860868048544 -9
    endloop
  endfacet
  facet normal 0 0 -1
    outer loop
      vertex -9.58003406021413 -20.35860868048544 -9
      vertex -9.580034060214135 20.35860868048544 -9
      vertex -6.952882373436316 21.398771616640953 -9
    endloop
  endfacet
  facet normal 0 0 -1
    outer loop
      vertex -6.952882373436316 -21.398771616640953 -9
      vertex -6.952882373436316 21.398771616640953 -9
      vertex -4.216079578178803 22.101463141395495 -9
    endloop
  endfacet
  facet normal 0 0 -1
    outer loop
      vertex -4.2160795781788085 -22.101463141395495 -9
      vertex -4.216079578178803 22.101463141395495 -9
      vertex -2.875 0 -9
    endloop
  endfacet
  facet normal 0 0 -1
    outer loop
      vertex -2.875 0 -9
      vertex -4.216079578178803 22.101463141395495 -9
      vertex -2.852329766279124 0.3603330464973742 -9
    endloop
  endfacet
  facet normal 0 0 -1
    outer loop
      vertex -2.852329766279124 0.3603330464973742 -9
      vertex -4.216079578178803 22.101463141395495 -9
      vertex -2.7846765882448143 0.7149834255989577 -9
    endloop
  endfacet
  facet normal 0 0 -1
    outer loop
      vertex -2.7846765882448143 0.7149834255989577 -9
      vertex -1.4127866894095487 22.45560138963611 -9
      vertex -2.673107396928723 1.058358088968449 -9
    endloop
  endfacet
  facet normal 0 0 -1
    outer loop
      vertex -2.673107396928723 1.058358088968449 -9
      vertex -1.4127866894095487 22.45560138963611 -9
      vertex -2.5193817051261074 1.3850418130424318 -9
    endloop
  endfacet
  facet normal 0 0 -1
    outer loop
      vertex -2.5193817051261074 1.3850418130424318 -9
      vertex -1.4127866894095487 22.45560138963611 -9
      vertex -2.325923858827974 1.6898826003408602 -9
    endloop
  endfacet
  facet normal 0 0 -1
    outer loop
      vertex -2.325923858827974 1.6898826003408602 -9
      vertex -1.4127866894095487 22.45560138963611 -9
      vertex -2.0957848038365587 1.9680729295449795 -9
    endloop
  endfacet
  facet normal 0 0 -1
    outer loop
      vertex -2.0957848038365587 1.9680729295449795 -9
      vertex -1.4127866894095487 22.45560138963611 -9
      vertex -1.8325939705274827 2.2152255729803945 -9
    endloop
  endfacet
  facet normal 0 0 -1
    outer loop
      vertex -1.8325939705274827 2.2152255729803945 -9
      vertex -1.4127866894095487 22.45560138963611 -9
      vertex -1.5405020355646157 2.427442785818293 -9
    endloop
  endfacet
  facet normal 0 0 -1
    outer loop
      vertex -1.5405020355646157 2.427442785818293 -9
      vertex -1.4127866894095487 22.45560138963611 -9
      vertex -1.224115463249584 2.601377775839806 -9
    endloop
  endfacet
  facet normal 0 0 -1
    outer loop
      vertex -1.224115463249584 2.601377775839806 -9
      vertex -1.4127866894095487 22.45560138963611 -9
      vertex -0.8884238588279738 2.7342874843485663 -9
    endloop
  endfacet
  facet normal 0 0 -1
    outer loop
      vertex -0.8884238588279738 2.7342874843485663 -9
      vertex -1.4127866894095487 22.45560138963611 -9
      vertex -0.5387212794339582 2.82407584584498 -9
    endloop
  endfacet
  facet normal 0 0 -1
    outer loop
      vertex -0.5387212794339582 2.82407584584498 -9
      vertex -1.4127866894095487 22.45560138963611 -9
      vertex -0.18052274364677567 2.869326844231281 -9
    endloop
  endfacet
  facet normal 0 0 -1
    outer loop
      vertex -0.18052274364677567 2.869326844231281 -9
      vertex -1.4127866894095487 22.45560138963611 -9
      vertex 0.18052274364677096 2.869326844231281 -9
    endloop
  endfacet
  facet normal 0 0 -1
    outer loop
      vertex -2.7846765882448143 0.7149834255989577 -9
      vertex -4.216079578178803 22.101463141395495 -9
      vertex -1.4127866894095487 22.45560138963611 -9
    endloop
  endfacet
  facet normal -0.4817536741017151 0.8763066800438637 0
    outer loop
      vertex -12.056102887027427 18.99737832379534 -9
      vertex -12.056102887027427 18.99737832379534 3
      vertex -9.580034060214135 20.35860868048544 -9
    endloop
  endfacet
  facet normal -0.3681245526846773 0.9297764858882517 0
    outer loop
      vertex -9.580034060214135 20.35860868048544 -9
      vertex -9.580034060214135 20.35860868048544 3
      vertex -6.952882373436316 21.398771616640953 -9
    endloop
  endfacet
  facet normal -0.24868988716485538 0.9685831611286309 0
    outer loop
      vertex -6.952882373436316 21.398771616640953 -9
      vertex -6.952882373436316 21.398771616640953 3
      vertex -4.216079578178803 22.101463141395495 -9
    endloop
  endfacet
  facet normal -0.12533323356430473 0.9921147013144779 0
    outer loop
      vertex -4.216079578178803 22.101463141395495 -9
      vertex -4.216079578178803 22.101463141395495 3
      vertex -1.4127866894095487 22.45560138963611 -9
    endloop
  endfacet
  facet normal 0 1 0
    outer loop
      vertex -1.4127866894095487 22.45560138963611 -9
      vertex -1.4127866894095487 22.45560138963611 3
      vertex 1.4127866894095487 22.45560138963611 -9
    endloop
  endfacet
  facet normal -0.9980267284282716 0.06279051952931325 0
    outer loop
      vertex -22.5 0 -9
      vertex -22.5 0 3
      vertex -22.322580779575752 2.8199977551968414 3
    endloop
  endfacet
  facet normal -0.9822872507286886 0.18738131458572416 0
    outer loop
      vertex -22.322580779575752 2.8199977551968414 -9
      vertex -22.322580779575752 2.8199977551968414 3
      vertex -21.7931211253942 5.595522461209234 3
    endloop
  endfacet
  facet normal -0.9510565162951534 0.3090169943749477 0
    outer loop
      vertex -21.7931211253942 5.595522461209234 -9
      vertex -21.7931211253942 5.595522461209234 3
      vertex -20.919970932485658 8.282802435405252 3
    endloop
  endfacet
  facet normal -0.9048270524660195 0.4257792915650731 0
    outer loop
      vertex -20.919970932485658 8.282802435405252 -9
      vertex -20.919970932485658 8.282802435405252 3
      vertex -19.71690030098693 10.839457667288595 3
    endloop
  endfacet
  facet normal 0 0 1
    outer loop
      vertex -22.322580779575752 -2.8199977551968414 3
      vertex -22.322580779575752 2.8199977551968414 3
      vertex -22.5 0 3
    endloop
  endfacet
  facet normal 0 0 1
    outer loop
      vertex -21.7931211253942 -5.595522461209234 3
      vertex -21.7931211253942 5.595522461209234 3
      vertex -22.322580779575752 2.8199977551968414 3
    endloop
  endfacet
  facet normal 0 0 1
    outer loop
      vertex -20.919970932485658 -8.282802435405252 3
      vertex -20.919970932485658 8.282802435405252 3
      vertex -21.7931211253942 5.595522461209234 3
    endloop
  endfacet
  facet normal 0 0 1
    outer loop
      vertex -19.71690030098693 -10.839457667288595 3
      vertex -19.71690030098693 10.839457667288595 3
      vertex -20.919970932485658 8.282802435405252 3
    endloop
  endfacet
  facet normal 0 0 1
    outer loop
      vertex -18.202882373436317 -13.225168176580645 3
      vertex -18.202882373436317 13.225168176580645 3
      vertex -19.71690030098693 10.839457667288595 3
    endloop
  endfacet
  facet normal 0 0 1
    outer loop
      vertex -16.401794116981762 -15.40230988339549 3
      vertex -16.401794116981762 15.40230988339549 3
      vertex -18.202882373436317 13.225168176580645 3
    endloop
  endfacet
  facet normal 0 0 1
    outer loop
      vertex -14.342039769345517 -17.33654796245526 3
      vertex -14.342039769345517 17.33654796245526 3
      vertex -16.401794116981762 15.40230988339549 3
    endloop
  endfacet
  facet normal 0 0 1
    outer loop
      vertex -12.056102887027427 -18.99737832379534 3
      vertex -12.056102887027427 18.99737832379534 3
      vertex -14.342039769345517 17.33654796245526 3
    endloop
  endfacet
  facet normal -0.8443279255020153 0.5358267949789963 0
    outer loop
      vertex -19.71690030098693 10.839457667288595 -9
      vertex -19.71690030098693 10.839457667288595 3
      vertex -18.202882373436317 13.225168176580645 3
    endloop
  endfacet
  facet normal -0.770513242775789 0.6374239897486899 0
    outer loop
      vertex -18.202882373436317 13.225168176580645 -9
      vertex -18.202882373436317 13.225168176580645 3
      vertex -16.401794116981762 15.40230988339549 3
    endloop
  endfacet
  facet normal -0.6845471059286893 0.7289686274214111 0
    outer loop
      vertex -14.342039769345517 17.33654796245526 -9
      vertex -16.401794116981762 15.40230988339549 3
      vertex -14.342039769345517 17.33654796245526 3
    endloop
  endfacet
  facet normal -0.5877852522924731 0.8090169943749473 0
    outer loop
      vertex -12.056102887027427 18.99737832379534 -9
      vertex -14.342039769345517 17.33654796245526 3
      vertex -12.056102887027427 18.99737832379534 3
    endloop
  endfacet
  facet normal 0 0 1
    outer loop
      vertex -9.58003406021413 -20.35860868048544 3
      vertex -9.580034060214135 20.35860868048544 3
      vertex -12.056102887027427 18.99737832379534 3
    endloop
  endfacet
  facet normal 0 0 1
    outer loop
      vertex -6.952882373436316 -21.398771616640953 3
      vertex -6.952882373436316 21.398771616640953 3
      vertex -9.580034060214135 20.35860868048544 3
    endloop
  endfacet
  facet normal 0 0 1
    outer loop
      vertex -6.952882373436316 21.398771616640953 3
      vertex -4.9605735065723895 -0.6266661678215203 3
      vertex -5 0 3
    endloop
  endfacet
  facet normal 0 0 1
    outer loop
      vertex -6.952882373436316 21.398771616640953 3
      vertex -5 0 3
      vertex -4.9605735065723895 0.6266661678215203 3
    endloop
  endfacet
  facet normal 0 0 1
    outer loop
      vertex -6.952882373436316 21.398771616640953 3
      vertex -4.9605735065723895 0.6266661678215203 3
      vertex -4.842915805643155 1.2434494358242743 3
    endloop
  endfacet
  facet normal 0 0 1
    outer loop
      vertex -6.952882373436316 21.398771616640953 3
      vertex -4.842915805643155 1.2434494358242743 3
      vertex -4.648882429441257 1.8406227634233894 3
    endloop
  endfacet
  facet normal 0 0 1
    outer loop
      vertex -6.952882373436316 21.398771616640953 3
      vertex -4.648882429441257 1.8406227634233894 3
      vertex -4.381533400219317 2.408768370508577 3
    endloop
  endfacet
  facet normal 0 0 1
    outer loop
      vertex -6.952882373436316 21.398771616640953 3
      vertex -4.381533400219317 2.408768370508577 3
      vertex -4.045084971874737 2.938926261462366 3
    endloop
  endfacet
  facet normal 0 0 1
    outer loop
      vertex -4.216079578178803 22.101463141395495 3
      vertex -4.045084971874737 2.938926261462366 3
      vertex -3.6448431371070584 3.4227355296434423 3
    endloop
  endfacet
  facet normal 0 0 1
    outer loop
      vertex -4.216079578178803 22.101463141395495 3
      vertex -3.6448431371070584 3.4227355296434423 3
      vertex -3.1871199487434483 3.852566213878947 3
    endloop
  endfacet
  facet normal 0 0 1
    outer loop
      vertex -4.216079578178803 22.101463141395495 3
      vertex -3.1871199487434483 3.852566213878947 3
      vertex -2.6791339748949836 4.221639627510075 3
    endloop
  endfacet
  facet normal 0 0 1
    outer loop
      vertex -4.216079578178803 22.101463141395495 3
      vertex -2.6791339748949836 4.221639627510075 3
      vertex -2.1288964578253635 4.524135262330097 3
    endloop
  endfacet
  facet normal 0 0 1
    outer loop
      vertex -4.216079578178803 22.101463141395495 3
      vertex -2.1288964578253635 4.524135262330097 3
      vertex -1.545084971874737 4.755282581475767 3
    endloop
  endfacet
  facet normal 0 0 1
    outer loop
      vertex -4.216079578178803 22.101463141395495 3
      vertex -1.545084971874737 4.755282581475767 3
      vertex -0.9369065729286229 4.911436253643443 3
    endloop
  endfacet
  facet normal 0 0 1
    outer loop
      vertex -1.4127866894095487 22.45560138963611 3
      vertex -0.9369065729286229 4.911436253643443 3
      vertex -0.313952597646562 4.990133642141358 3
    endloop
  endfacet
  facet normal -0.4817536741017151 0.8763066800438637 0
    outer loop
      vertex -9.580034060214135 20.35860868048544 -9
      vertex -12.056102887027427 18.99737832379534 3
      vertex -9.580034060214135 20.35860868048544 3
    endloop
  endfacet
  facet normal -0.3681245526846773 0.9297764858882517 0
    outer loop
      vertex -6.952882373436316 21.398771616640953 -9
      vertex -9.580034060214135 20.35860868048544 3
      vertex -6.952882373436316 21.398771616640953 3
    endloop
  endfacet
  facet normal -0.24868988716485538 0.9685831611286309 0
    outer loop
      vertex -4.216079578178803 22.101463141395495 -9
      vertex -6.952882373436316 21.398771616640953 3
      vertex -4.216079578178803 22.101463141395495 3
    endloop
  endfacet
  facet normal -0.12533323356430473 0.9921147013144779 0
    outer loop
      vertex -1.4127866894095487 22.45560138963611 -9
      vertex -4.216079578178803 22.101463141395495 3
      vertex -1.4127866894095487 22.45560138963611 3
    endloop
  endfacet
  facet normal 0 0 1
    outer loop
      vertex -6.952882373436316 21.398771616640953 3
      vertex -4.045084971874737 2.938926261462366 3
      vertex -4.216079578178803 22.101463141395495 3
    endloop
  endfacet
  facet normal 0 0 1
    outer loop
      vertex -4.216079578178803 22.101463141395495 3
      vertex -0.9369065729286229 4.911436253643443 3
      vertex -1.4127866894095487 22.45560138963611 3
    endloop
  endfacet
  facet normal 0 0 1
    outer loop
      vertex -1.4127866894095487 22.45560138963611 3
      vertex -0.313952597646562 4.990133642141358 3
      vertex 1.4127866894095487 22.45560138963611 3
    endloop
  endfacet
  facet normal 0 0 -1
    outer loop
      vertex 1.4127866894095598 -22.45560138963611 -9
      vertex 2.784676588244815 -0.7149834255989564 -9
      vertex 4.2160795781788085 -22.101463141395495 -9
    endloop
  endfacet
  facet normal 0 -1 0
    outer loop
      vertex -1.4127866894095598 -22.45560138963611 -9
      vertex 1.4127866894095598 -22.45560138963611 -9
      vertex 1.4127866894095598 -22.45560138963611 3
    endloop
  endfacet
  facet normal 0.12533323356430498 -0.9921147013144778 0
    outer loop
      vertex 1.4127866894095598 -22.45560138963611 -9
      vertex 4.2160795781788085 -22.101463141395495 -9
      vertex 4.2160795781788085 -22.101463141395495 3
    endloop
  endfacet
  facet normal 0.2486898871648558 -0.9685831611286309 0
    outer loop
      vertex 4.2160795781788085 -22.101463141395495 -9
      vertex 6.952882373436316 -21.398771616640953 -9
      vertex 6.952882373436316 -21.398771616640953 3
    endloop
  endfacet
  facet normal 0.3681245526846779 -0.9297764858882513 0
    outer loop
      vertex 6.952882373436316 -21.398771616640953 -9
      vertex 9.58003406021413 -20.35860868048544 -9
      vertex 9.58003406021413 -20.35860868048544 3
    endloop
  endfacet
  facet normal 0.4817536741017142 -0.8763066800438641 0
    outer loop
      vertex 9.58003406021413 -20.35860868048544 -9
      vertex 12.056102887027414 -18.997378323795346 -9
      vertex 12.056102887027414 -18.997378323795346 3
    endloop
  endfacet
  facet normal 0 0 -1
    outer loop
      vertex -0.18052274364677706 -2.869326844231281 -9
      vertex 0.18052274364677706 -2.869326844231281 -9
      vertex 1.4127866894095598 -22.45560138963611 -9
    endloop
  endfacet
  facet normal 0 0 -1
    outer loop
      vertex 1.4127866894095598 -22.45560138963611 -9
      vertex 0.18052274364677706 -2.869326844231281 -9
      vertex 0.5387212794339589 -2.82407584584498 -9
    endloop
  endfacet
  facet normal 0 0 -1
    outer loop
      vertex 1.4127866894095598 -22.45560138963611 -9
      vertex 0.5387212794339589 -2.82407584584498 -9
      vertex 0.8884238588279738 -2.7342874843485663 -9
    endloop
  endfacet
  facet normal 0 0 -1
    outer loop
      vertex 1.4127866894095598 -22.45560138963611 -9
      vertex 0.8884238588279738 -2.7342874843485663 -9
      vertex 1.2241154632495832 -2.6013777758398064 -9
    endloop
  endfacet
  facet normal 0 0 -1
    outer loop
      vertex 1.4127866894095598 -22.45560138963611 -9
      vertex 1.2241154632495832 -2.6013777758398064 -9
      vertex 1.5405020355646142 -2.427442785818294 -9
    endloop
  endfacet
  facet normal 0 0 -1
    outer loop
      vertex 1.4127866894095598 -22.45560138963611 -9
      vertex 1.5405020355646142 -2.427442785818294 -9
      vertex 1.8325939705274836 -2.2152255729803936 -9
    endloop
  endfacet
  facet normal 0 0 -1
    outer loop
      vertex 1.4127866894095598 -22.45560138963611 -9
      vertex 1.8325939705274836 -2.2152255729803936 -9
      vertex 2.0957848038365587 -1.9680729295449795 -9
    endloop
  endfacet
  facet normal 0 0 -1
    outer loop
      vertex 1.4127866894095598 -22.45560138963611 -9
      vertex 2.0957848038365587 -1.9680729295449795 -9
      vertex 2.325923858827974 -1.6898826003408602 -9
    endloop
  endfacet
  facet normal 0 0 -1
    outer loop
      vertex 1.4127866894095598 -22.45560138963611 -9
      vertex 2.325923858827974 -1.6898826003408602 -9
      vertex 2.5193817051261074 -1.3850418130424318 -9
    endloop
  endfacet
  facet normal 0 0 -1
    outer loop
      vertex 1.4127866894095598 -22.45560138963611 -9
      vertex 2.5193817051261074 -1.3850418130424318 -9
      vertex 2.6731073969287222 -1.0583580889684503 -9
    endloop
  endfacet
  facet normal 0 0 -1
    outer loop
      vertex 1.4127866894095598 -22.45560138963611 -9
      vertex 2.6731073969287222 -1.0583580889684503 -9
      vertex 2.784676588244815 -0.7149834255989564 -9
    endloop
  endfacet
  facet normal 0 0 -1
    outer loop
      vertex 4.2160795781788085 -22.101463141395495 -9
      vertex 2.784676588244815 -0.7149834255989564 -9
      vertex 2.852329766279124 -0.3603330464973742 -9
    endloop
  endfacet
  facet normal 0 0 -1
    outer loop
      vertex 4.2160795781788085 -22.101463141395495 -9
      vertex 2.852329766279124 -0.3603330464973742 -9
      vertex 2.875 0 -9
    endloop
  endfacet
  facet normal 0 0 -1
    outer loop
      vertex 4.2160795781788085 -22.101463141395495 -9
      vertex 6.952882373436316 21.398771616640953 -9
      vertex 6.952882373436316 -21.398771616640953 -9
    endloop
  endfacet
  facet normal 0 0 -1
    outer loop
      vertex 6.952882373436316 -21.398771616640953 -9
      vertex 9.580034060214135 20.35860868048544 -9
      vertex 9.58003406021413 -20.35860868048544 -9
    endloop
  endfacet
  facet normal 0 0 -1
    outer loop
      vertex 9.58003406021413 -20.35860868048544 -9
      vertex 12.056102887027425 18.99737832379534 -9
      vertex 12.056102887027414 -18.997378323795346 -9
    endloop
  endfacet
  facet normal 0.5877852522924732 -0.8090169943749475 0
    outer loop
      vertex 12.056102887027414 -18.997378323795346 -9
      vertex 14.342039769345524 -17.336547962455253 -9
      vertex 14.342039769345524 -17.336547962455253 3
    endloop
  endfacet
  facet normal 0.6845471059286892 -0.7289686274214112 0
    outer loop
      vertex 14.342039769345524 -17.336547962455253 -9
      vertex 16.401794116981762 -15.40230988339549 -9
      vertex 16.401794116981762 -15.40230988339549 3
    endloop
  endfacet
  facet normal 0.770513242775789 -0.6374239897486899 0
    outer loop
      vertex 16.401794116981762 -15.40230988339549 -9
      vertex 18.202882373436317 -13.225168176580645 -9
      vertex 16.401794116981762 -15.40230988339549 3
    endloop
  endfacet
  facet normal 0.8443279255020153 -0.5358267949789963 0
    outer loop
      vertex 18.202882373436317 -13.225168176580645 -9
      vertex 19.71690030098693 -10.839457667288595 -9
      vertex 18.202882373436317 -13.225168176580645 3
    endloop
  endfacet
  facet normal 0 0 -1
    outer loop
      vertex 12.056102887027414 -18.997378323795346 -9
      vertex 14.342039769345519 17.336547962455256 -9
      vertex 14.342039769345524 -17.336547962455253 -9
    endloop
  endfacet
  facet normal 0 0 -1
    outer loop
      vertex 14.342039769345524 -17.336547962455253 -9
      vertex 16.40179411698176 15.402309883395496 -9
      vertex 16.401794116981762 -15.40230988339549 -9
    endloop
  endfacet
  facet normal 0 0 -1
    outer loop
      vertex 16.401794116981762 -15.40230988339549 -9
      vertex 18.202882373436317 13.225168176580645 -9
      vertex 18.202882373436317 -13.225168176580645 -9
    endloop
  endfacet
  facet normal 0 0 -1
    outer loop
      vertex 18.202882373436317 -13.225168176580645 -9
      vertex 19.716900300986932 10.839457667288595 -9
      vertex 19.71690030098693 -10.839457667288595 -9
    endloop
  endfacet
  facet normal 0 0 -1
    outer loop
      vertex 19.71690030098693 -10.839457667288595 -9
      vertex 20.919970932485654 8.282802435405255 -9
      vertex 20.919970932485654 -8.282802435405262 -9
    endloop
  endfacet
  facet normal 0 0 -1
    outer loop
      vertex 20.919970932485654 -8.282802435405262 -9
      vertex 21.7931211253942 5.5955224612092325 -9
      vertex 21.7931211253942 -5.5955224612092245 -9
    endloop
  endfacet
  facet normal 0 0 -1
    outer loop
      vertex 21.7931211253942 -5.5955224612092245 -9
      vertex 22.322580779575752 2.819997755196846 -9
      vertex 22.322580779575752 -2.8199977551968414 -9
    endloop
  endfacet
  facet normal 0.9048270524660191 -0.42577929156507344 0
    outer loop
      vertex 19.71690030098693 -10.839457667288595 -9
      vertex 20.919970932485654 -8.282802435405262 -9
      vertex 19.71690030098693 -10.839457667288595 3
    endloop
  endfacet
  facet normal 0.9510565162951538 -0.30901699437494673 0
    outer loop
      vertex 20.919970932485654 -8.282802435405262 -9
      vertex 21.7931211253942 -5.5955224612092245 -9
      vertex 20.919970932485654 -8.282802435405262 3
    endloop
  endfacet
  facet normal 0.9822872507286886 -0.18738131458572482 0
    outer loop
      vertex 21.7931211253942 -5.5955224612092245 -9
      vertex 22.322580779575752 -2.8199977551968414 -9
      vertex 21.7931211253942 -5.5955224612092245 3
    endloop
  endfacet
  facet normal 0.9980267284282716 -0.06279051952931325 0
    outer loop
      vertex 22.322580779575752 -2.8199977551968414 -9
      vertex 22.5 0 -9
      vertex 22.322580779575752 -2.8199977551968414 3
    endloop
  endfacet
  facet normal 0.12533323356430498 -0.9921147013144778 0
    outer loop
      vertex 1.4127866894095598 -22.45560138963611 -9
      vertex 4.2160795781788085 -22.101463141395495 3
      vertex 1.4127866894095598 -22.45560138963611 3
    endloop
  endfacet
  facet normal 0.2486898871648558 -0.9685831611286309 0
    outer loop
      vertex 4.2160795781788085 -22.101463141395495 -9
      vertex 6.952882373436316 -21.398771616640953 3
      vertex 4.2160795781788085 -22.101463141395495 3
    endloop
  endfacet
  facet normal 0.3681245526846779 -0.9297764858882513 0
    outer loop
      vertex 6.952882373436316 -21.398771616640953 -9
      vertex 9.58003406021413 -20.35860868048544 3
      vertex 6.952882373436316 -21.398771616640953 3
    endloop
  endfacet
  facet normal 0.4817536741017142 -0.8763066800438641 0
    outer loop
      vertex 9.58003406021413 -20.35860868048544 -9
      vertex 12.056102887027414 -18.997378323795346 3
      vertex 9.58003406021413 -20.35860868048544 3
    endloop
  endfacet
  facet normal 0 0 1
    outer loop
      vertex -1.4127866894095598 -22.45560138963611 3
      vertex 1.4127866894095598 -22.45560138963611 3
      vertex 0.3139525976465688 -4.990133642141358 3
    endloop
  endfacet
  facet normal 0 0 1
    outer loop
      vertex 1.4127866894095598 -22.45560138963611 3
      vertex 4.2160795781788085 -22.101463141395495 3
      vertex 0.9369065729286241 -4.911436253643443 3
    endloop
  endfacet
  facet normal 0 0 1
    outer loop
      vertex 4.2160795781788085 -22.101463141395495 3
      vertex 6.952882373436316 -21.398771616640953 3
      vertex 4.045084971874737 -2.938926261462366 3
    endloop
  endfacet
  facet normal 0 0 1
    outer loop
      vertex 1.4127866894095598 -22.45560138963611 3
      vertex 0.9369065729286241 -4.911436253643443 3
      vertex 0.3139525976465688 -4.990133642141358 3
    endloop
  endfacet
  facet normal 0 0 1
    outer loop
      vertex 4.2160795781788085 -22.101463141395495 3
      vertex 1.545084971874737 -4.755282581475767 3
      vertex 0.9369065729286241 -4.911436253643443 3
    endloop
  endfacet
  facet normal 0 0 1
    outer loop
      vertex 4.2160795781788085 -22.101463141395495 3
      vertex 2.128896457825362 -4.524135262330098 3
      vertex 1.545084971874737 -4.755282581475767 3
    endloop
  endfacet
  facet normal 0 0 1
    outer loop
      vertex 4.2160795781788085 -22.101463141395495 3
      vertex 2.679133974894981 -4.2216396275100765 3
      vertex 2.128896457825362 -4.524135262330098 3
    endloop
  endfacet
  facet normal 0 0 1
    outer loop
      vertex 4.2160795781788085 -22.101463141395495 3
      vertex 3.18711994874345 -3.852566213878945 3
      vertex 2.679133974894981 -4.2216396275100765 3
    endloop
  endfacet
  facet normal 0 0 1
    outer loop
      vertex 4.2160795781788085 -22.101463141395495 3
      vertex 3.6448431371070584 -3.4227355296434423 3
      vertex 3.18711994874345 -3.852566213878945 3
    endloop
  endfacet
  facet normal 0 0 1
    outer loop
      vertex 4.2160795781788085 -22.101463141395495 3
      vertex 4.045084971874737 -2.938926261462366 3
      vertex 3.6448431371070584 -3.4227355296434423 3
    endloop
  endfacet
  facet normal 0 0 1
    outer loop
      vertex 6.952882373436316 -21.398771616640953 3
      vertex 4.381533400219317 -2.408768370508577 3
      vertex 4.045084971874737 -2.938926261462366 3
    endloop
  endfacet
  facet normal 0 0 1
    outer loop
      vertex 6.952882373436316 -21.398771616640953 3
      vertex 4.648882429441256 -1.8406227634233918 3
      vertex 4.381533400219317 -2.408768370508577 3
    endloop
  endfacet
  facet normal 0 0 1
    outer loop
      vertex 6.952882373436316 -21.398771616640953 3
      vertex 4.842915805643156 -1.2434494358242723 3
      vertex 4.648882429441256 -1.8406227634233918 3
    endloop
  endfacet
  facet normal 0 0 1
    outer loop
      vertex 6.952882373436316 -21.398771616640953 3
      vertex 4.9605735065723895 -0.6266661678215203 3
      vertex 4.842915805643156 -1.2434494358242723 3
    endloop
  endfacet
  facet normal 0 0 1
    outer loop
      vertex 6.952882373436316 -21.398771616640953 3
      vertex 5 0 3
      vertex 4.9605735065723895 -0.6266661678215203 3
    endloop
  endfacet
  facet normal 0 0 1
    outer loop
      vertex 6.952882373436316 -21.398771616640953 3
      vertex 4.9605735065723895 0.6266661678215213 3
      vertex 5 0 3
    endloop
  endfacet
  facet normal 0 0 1
    outer loop
      vertex 6.952882373436316 -21.398771616640953 3
      vertex 9.58003406021413 -20.35860868048544 3
      vertex 6.952882373436316 21.398771616640953 3
    endloop
  endfacet
  facet normal 0 0 1
    outer loop
      vertex 9.58003406021413 -20.35860868048544 3
      vertex 12.056102887027414 -18.997378323795346 3
      vertex 9.580034060214135 20.35860868048544 3
    endloop
  endfacet
  facet normal 0.5877852522924732 -0.8090169943749475 0
    outer loop
      vertex 12.056102887027414 -18.997378323795346 -9
      vertex 14.342039769345524 -17.336547962455253 3
      vertex 12.056102887027414 -18.997378323795346 3
    endloop
  endfacet
  facet normal 0.6845471059286892 -0.7289686274214112 0
    outer loop
      vertex 14.342039769345524 -17.336547962455253 -9
      vertex 16.401794116981762 -15.40230988339549 3
      vertex 14.342039769345524 -17.336547962455253 3
    endloop
  endfacet
  facet normal 0.770513242775789 -0.6374239897486899 0
    outer loop
      vertex 18.202882373436317 -13.225168176580645 -9
      vertex 18.202882373436317 -13.225168176580645 3
      vertex 16.401794116981762 -15.40230988339549 3
    endloop
  endfacet
  facet normal 0.8443279255020153 -0.5358267949789963 0
    outer loop
      vertex 19.71690030098693 -10.839457667288595 -9
      vertex 19.71690030098693 -10.839457667288595 3
      vertex 18.202882373436317 -13.225168176580645 3
    endloop
  endfacet
  facet normal 0.9048270524660191 -0.42577929156507344 0
    outer loop
      vertex 20.919970932485654 -8.282802435405262 -9
      vertex 20.919970932485654 -8.282802435405262 3
      vertex 19.71690030098693 -10.839457667288595 3
    endloop
  endfacet
  facet normal 0.9510565162951538 -0.30901699437494673 0
    outer loop
      vertex 21.7931211253942 -5.5955224612092245 -9
      vertex 21.7931211253942 -5.5955224612092245 3
      vertex 20.919970932485654 -8.282802435405262 3
    endloop
  endfacet
  facet normal 0.9822872507286886 -0.18738131458572482 0
    outer loop
      vertex 22.322580779575752 -2.8199977551968414 -9
      vertex 22.322580779575752 -2.8199977551968414 3
      vertex 21.7931211253942 -5.5955224612092245 3
    endloop
  endfacet
  facet normal 0.9980267284282716 -0.06279051952931325 0
    outer loop
      vertex 22.322580779575752 -2.8199977551968414 3
      vertex 22.5 0 -9
      vertex 22.5 0 3
    endloop
  endfacet
  facet normal 0 0 1
    outer loop
      vertex 12.056102887027414 -18.997378323795346 3
      vertex 14.342039769345524 -17.336547962455253 3
      vertex 12.056102887027425 18.99737832379534 3
    endloop
  endfacet
  facet normal 0 0 1
    outer loop
      vertex 14.342039769345524 -17.336547962455253 3
      vertex 16.401794116981762 -15.40230988339549 3
      vertex 14.342039769345519 17.336547962455256 3
    endloop
  endfacet
  facet normal 0 0 1
    outer loop
      vertex 16.401794116981762 -15.40230988339549 3
      vertex 18.202882373436317 -13.225168176580645 3
      vertex 16.40179411698176 15.402309883395496 3
    endloop
  endfacet
  facet normal 0 0 1
    outer loop
      vertex 18.202882373436317 -13.225168176580645 3
      vertex 19.71690030098693 -10.839457667288595 3
      vertex 18.202882373436317 13.225168176580645 3
    endloop
  endfacet
  facet normal 0 0 1
    outer loop
      vertex 19.71690030098693 -10.839457667288595 3
      vertex 20.919970932485654 -8.282802435405262 3
      vertex 19.716900300986932 10.839457667288595 3
    endloop
  endfacet
  facet normal 0 0 1
    outer loop
      vertex 20.919970932485654 -8.282802435405262 3
      vertex 21.7931211253942 -5.5955224612092245 3
      vertex 20.919970932485654 8.282802435405255 3
    endloop
  endfacet
  facet normal 0 0 1
    outer loop
      vertex 21.7931211253942 -5.5955224612092245 3
      vertex 22.322580779575752 -2.8199977551968414 3
      vertex 21.7931211253942 5.5955224612092325 3
    endloop
  endfacet
  facet normal 0 0 -1
    outer loop
      vertex 4.2160795781788085 -22.101463141395495 -9
      vertex 2.875 0 -9
      vertex 4.216079578178803 22.101463141395495 -9
    endloop
  endfacet
  facet normal 0 0 -1
    outer loop
      vertex 0.18052274364677096 2.869326844231281 -9
      vertex 1.4127866894095487 22.45560138963611 -9
      vertex 0.5387212794339582 2.82407584584498 -9
    endloop
  endfacet
  facet normal 0 0 -1
    outer loop
      vertex 0.8884238588279738 2.7342874843485663 -9
      vertex 0.5387212794339582 2.82407584584498 -9
      vertex 1.4127866894095487 22.45560138963611 -9
    endloop
  endfacet
  facet normal 0 0 -1
    outer loop
      vertex 0.8884238588279738 2.7342874843485663 -9
      vertex 1.4127866894095487 22.45560138963611 -9
      vertex 1.224115463249584 2.601377775839806 -9
    endloop
  endfacet
  facet normal 0 0 -1
    outer loop
      vertex 1.224115463249584 2.601377775839806 -9
      vertex 4.216079578178803 22.101463141395495 -9
      vertex 1.5405020355646153 2.427442785818293 -9
    endloop
  endfacet
  facet normal 0 0 -1
    outer loop
      vertex 2.0957848038365583 1.9680729295449801 -9
      vertex 1.832593970527483 2.2152255729803936 -9
      vertex 4.216079578178803 22.101463141395495 -9
    endloop
  endfacet
  facet normal 0 0 -1
    outer loop
      vertex 1.5405020355646153 2.427442785818293 -9
      vertex 4.216079578178803 22.101463141395495 -9
      vertex 1.832593970527483 2.2152255729803936 -9
    endloop
  endfacet
  facet normal 0 0 -1
    outer loop
      vertex 2.875 0 -9
      vertex 2.852329766279124 0.36033304649737474 -9
      vertex 4.216079578178803 22.101463141395495 -9
    endloop
  endfacet
  facet normal 0 0 -1
    outer loop
      vertex 2.519381705126108 1.3850418130424316 -9
      vertex 4.216079578178803 22.101463141395495 -9
      vertex 2.6731073969287227 1.0583580889684492 -9
    endloop
  endfacet
  facet normal 0 0 -1
    outer loop
      vertex 2.519381705126108 1.3850418130424316 -9
      vertex 2.325923858827974 1.6898826003408602 -9
      vertex 4.216079578178803 22.101463141395495 -9
    endloop
  endfacet
  facet normal 0 0 -1
    outer loop
      vertex 2.7846765882448143 0.7149834255989576 -9
      vertex 4.216079578178803 22.101463141395495 -9
      vertex 2.852329766279124 0.36033304649737474 -9
    endloop
  endfacet
  facet normal 0 0 -1
    outer loop
      vertex 2.7846765882448143 0.7149834255989576 -9
      vertex 2.6731073969287227 1.0583580889684492 -9
      vertex 4.216079578178803 22.101463141395495 -9
    endloop
  endfacet
  facet normal 0 0 -1
    outer loop
      vertex 4.2160795781788085 -22.101463141395495 -9
      vertex 4.216079578178803 22.101463141395495 -9
      vertex 6.952882373436316 21.398771616640953 -9
    endloop
  endfacet
  facet normal 0 0 -1
    outer loop
      vertex 2.0957848038365583 1.9680729295449801 -9
      vertex 4.216079578178803 22.101463141395495 -9
      vertex 2.325923858827974 1.6898826003408602 -9
    endloop
  endfacet
  facet normal 0 0 -1
    outer loop
      vertex 6.952882373436316 -21.398771616640953 -9
      vertex 6.952882373436316 21.398771616640953 -9
      vertex 9.580034060214135 20.35860868048544 -9
    endloop
  endfacet
  facet normal 0 0 -1
    outer loop
      vertex 9.58003406021413 -20.35860868048544 -9
      vertex 9.580034060214135 20.35860868048544 -9
      vertex 12.056102887027425 18.99737832379534 -9
    endloop
  endfacet
  facet normal 0 0 -1
    outer loop
      vertex -1.4127866894095487 22.45560138963611 -9
      vertex 1.4127866894095487 22.45560138963611 -9
      vertex 0.18052274364677096 2.869326844231281 -9
    endloop
  endfacet
  facet normal 0 0 -1
    outer loop
      vertex 1.224115463249584 2.601377775839806 -9
      vertex 1.4127866894095487 22.45560138963611 -9
      vertex 4.216079578178803 22.101463141395495 -9
    endloop
  endfacet
  facet normal 0.12533323356430473 0.9921147013144779 0
    outer loop
      vertex 1.4127866894095487 22.45560138963611 -9
      vertex 1.4127866894095487 22.45560138963611 3
      vertex 4.216079578178803 22.101463141395495 -9
    endloop
  endfacet
  facet normal 0.24868988716485538 0.9685831611286309 0
    outer loop
      vertex 4.216079578178803 22.101463141395495 -9
      vertex 4.216079578178803 22.101463141395495 3
      vertex 6.952882373436316 21.398771616640953 -9
    endloop
  endfacet
  facet normal 0.3681245526846773 0.9297764858882517 0
    outer loop
      vertex 6.952882373436316 21.398771616640953 -9
      vertex 6.952882373436316 21.398771616640953 3
      vertex 9.580034060214135 20.35860868048544 -9
    endloop
  endfacet
  facet normal 0.48175367410171527 0.8763066800438635 0
    outer loop
      vertex 9.580034060214135 20.35860868048544 -9
      vertex 9.580034060214135 20.35860868048544 3
      vertex 12.056102887027425 18.99737832379534 -9
    endloop
  endfacet
  facet normal 0 0 -1
    outer loop
      vertex 14.342039769345524 -17.336547962455253 -9
      vertex 14.342039769345519 17.336547962455256 -9
      vertex 16.40179411698176 15.402309883395496 -9
    endloop
  endfacet
  facet normal 0 0 -1
    outer loop
      vertex 12.056102887027414 -18.997378323795346 -9
      vertex 12.056102887027425 18.99737832379534 -9
      vertex 14.342039769345519 17.336547962455256 -9
    endloop
  endfacet
  facet normal 0 0 -1
    outer loop
      vertex 16.401794116981762 -15.40230988339549 -9
      vertex 16.40179411698176 15.402309883395496 -9
      vertex 18.202882373436317 13.225168176580645 -9
    endloop
  endfacet
  facet normal 0 0 -1
    outer loop
      vertex 18.202882373436317 -13.225168176580645 -9
      vertex 18.202882373436317 13.225168176580645 -9
      vertex 19.716900300986932 10.839457667288595 -9
    endloop
  endfacet
  facet normal 0 0 -1
    outer loop
      vertex 19.71690030098693 -10.839457667288595 -9
      vertex 19.716900300986932 10.839457667288595 -9
      vertex 20.919970932485654 8.282802435405255 -9
    endloop
  endfacet
  facet normal 0 0 -1
    outer loop
      vertex 22.322580779575752 -2.8199977551968414 -9
      vertex 22.322580779575752 2.819997755196846 -9
      vertex 22.5 0 -9
    endloop
  endfacet
  facet normal 0 0 -1
    outer loop
      vertex 21.7931211253942 -5.5955224612092245 -9
      vertex 21.7931211253942 5.5955224612092325 -9
      vertex 22.322580779575752 2.819997755196846 -9
    endloop
  endfacet
  facet normal 0 0 -1
    outer loop
      vertex 20.919970932485654 -8.282802435405262 -9
      vertex 20.919970932485654 8.282802435405255 -9
      vertex 21.7931211253942 5.5955224612092325 -9
    endloop
  endfacet
  facet normal 0.9980267284282716 0.06279051952931315 0
    outer loop
      vertex 22.5 0 -9
      vertex 22.322580779575752 2.819997755196846 -9
      vertex 22.5 0 3
    endloop
  endfacet
  facet normal 0.9822872507286886 0.1873813145857246 0
    outer loop
      vertex 22.322580779575752 2.819997755196846 -9
      vertex 21.7931211253942 5.5955224612092325 -9
      vertex 22.322580779575752 2.819997755196846 3
    endloop
  endfacet
  facet normal 0.9510565162951533 0.30901699437494834 0
    outer loop
      vertex 21.7931211253942 5.5955224612092325 -9
      vertex 20.919970932485654 8.282802435405255 -9
      vertex 21.7931211253942 5.5955224612092325 3
    endloop
  endfacet
  facet normal 0.9048270524660201 0.42577929156507144 0
    outer loop
      vertex 20.919970932485654 8.282802435405255 -9
      vertex 19.716900300986932 10.839457667288595 -9
      vertex 20.919970932485654 8.282802435405255 3
    endloop
  endfacet
  facet normal 0.6845471059286884 0.7289686274214117 0
    outer loop
      vertex 16.40179411698176 15.402309883395496 -9
      vertex 14.342039769345519 17.336547962455256 -9
      vertex 14.342039769345519 17.336547962455256 3
    endloop
  endfacet
  facet normal 0.5877852522924734 0.8090169943749472 0
    outer loop
      vertex 12.056102887027425 18.99737832379534 -9
      vertex 12.056102887027425 18.99737832379534 3
      vertex 14.342039769345519 17.336547962455256 -9
    endloop
  endfacet
  facet normal 0.7705132427757891 0.6374239897486897 0
    outer loop
      vertex 16.40179411698176 15.402309883395496 -9
      vertex 18.202882373436317 13.225168176580645 3
      vertex 18.202882373436317 13.225168176580645 -9
    endloop
  endfacet
  facet normal 0.8443279255020147 0.5358267949789972 0
    outer loop
      vertex 19.716900300986932 10.839457667288595 -9
      vertex 18.202882373436317 13.225168176580645 -9
      vertex 19.716900300986932 10.839457667288595 3
    endloop
  endfacet
  facet normal 0 0 1
    outer loop
      vertex 6.952882373436316 -21.398771616640953 3
      vertex 4.216079578178803 22.101463141395495 3
      vertex 4.9605735065723895 0.6266661678215213 3
    endloop
  endfacet
  facet normal 0 0 1
    outer loop
      vertex 1.4127866894095487 22.45560138963611 3
      vertex -0.313952597646562 4.990133642141358 3
      vertex 0.31395259764656636 4.990133642141358 3
    endloop
  endfacet
  facet normal 0 0 1
    outer loop
      vertex 1.4127866894095487 22.45560138963611 3
      vertex 0.31395259764656636 4.990133642141358 3
      vertex 0.9369065729286229 4.911436253643443 3
    endloop
  endfacet
  facet normal 0 0 1
    outer loop
      vertex 1.4127866894095487 22.45560138963611 3
      vertex 0.9369065729286229 4.911436253643443 3
      vertex 1.545084971874737 4.755282581475767 3
    endloop
  endfacet
  facet normal 0 0 1
    outer loop
      vertex 1.4127866894095487 22.45560138963611 3
      vertex 2.1288964578253635 4.524135262330097 3
      vertex 2.679133974894983 4.221639627510076 3
    endloop
  endfacet
  facet normal 0 0 1
    outer loop
      vertex 1.4127866894095487 22.45560138963611 3
      vertex 1.545084971874737 4.755282581475767 3
      vertex 2.1288964578253635 4.524135262330097 3
    endloop
  endfacet
  facet normal 0 0 1
    outer loop
      vertex 4.216079578178803 22.101463141395495 3
      vertex 4.648882429441256 1.8406227634233898 3
      vertex 4.842915805643155 1.243449435824274 3
    endloop
  endfacet
  facet normal 0 0 1
    outer loop
      vertex 4.216079578178803 22.101463141395495 3
      vertex 4.842915805643155 1.243449435824274 3
      vertex 4.9605735065723895 0.6266661678215213 3
    endloop
  endfacet
  facet normal 0 0 1
    outer loop
      vertex 4.216079578178803 22.101463141395495 3
      vertex 3.1871199487434487 3.8525662138789456 3
      vertex 3.644843137107058 3.4227355296434436 3
    endloop
  endfacet
  facet normal 0 0 1
    outer loop
      vertex 4.216079578178803 22.101463141395495 3
      vertex 4.045084971874737 2.938926261462366 3
      vertex 4.381533400219318 2.4087683705085765 3
    endloop
  endfacet
  facet normal 0 0 1
    outer loop
      vertex 4.216079578178803 22.101463141395495 3
      vertex 3.644843137107058 3.4227355296434436 3
      vertex 4.045084971874737 2.938926261462366 3
    endloop
  endfacet
  facet normal 0 0 1
    outer loop
      vertex 4.216079578178803 22.101463141395495 3
      vertex 2.679133974894983 4.221639627510076 3
      vertex 3.1871199487434487 3.8525662138789456 3
    endloop
  endfacet
  facet normal 0 0 1
    outer loop
      vertex 4.216079578178803 22.101463141395495 3
      vertex 4.381533400219318 2.4087683705085765 3
      vertex 4.648882429441256 1.8406227634233898 3
    endloop
  endfacet
  facet normal 0 0 1
    outer loop
      vertex 6.952882373436316 -21.398771616640953 3
      vertex 6.952882373436316 21.398771616640953 3
      vertex 4.216079578178803 22.101463141395495 3
    endloop
  endfacet
  facet normal 0 0 1
    outer loop
      vertex 9.58003406021413 -20.35860868048544 3
      vertex 9.580034060214135 20.35860868048544 3
      vertex 6.952882373436316 21.398771616640953 3
    endloop
  endfacet
  facet normal 0 0 1
    outer loop
      vertex 12.056102887027414 -18.997378323795346 3
      vertex 12.056102887027425 18.99737832379534 3
      vertex 9.580034060214135 20.35860868048544 3
    endloop
  endfacet
  facet normal 0 1 0
    outer loop
      vertex -1.4127866894095487 22.45560138963611 3
      vertex 1.4127866894095487 22.45560138963611 3
      vertex 1.4127866894095487 22.45560138963611 -9
    endloop
  endfacet
  facet normal 0.12533323356430473 0.9921147013144779 0
    outer loop
      vertex 4.216079578178803 22.101463141395495 -9
      vertex 1.4127866894095487 22.45560138963611 3
      vertex 4.216079578178803 22.101463141395495 3
    endloop
  endfacet
  facet normal 0.24868988716485538 0.9685831611286309 0
    outer loop
      vertex 6.952882373436316 21.398771616640953 -9
      vertex 4.216079578178803 22.101463141395495 3
      vertex 6.952882373436316 21.398771616640953 3
    endloop
  endfacet
  facet normal 0.48175367410171527 0.8763066800438635 0
    outer loop
      vertex 12.056102887027425 18.99737832379534 -9
      vertex 9.580034060214135 20.35860868048544 3
      vertex 12.056102887027425 18.99737832379534 3
    endloop
  endfacet
  facet normal 0.3681245526846773 0.9297764858882517 0
    outer loop
      vertex 9.580034060214135 20.35860868048544 -9
      vertex 6.952882373436316 21.398771616640953 3
      vertex 9.580034060214135 20.35860868048544 3
    endloop
  endfacet
  facet normal 0 0 1
    outer loop
      vertex 1.4127866894095487 22.45560138963611 3
      vertex 2.679133974894983 4.221639627510076 3
      vertex 4.216079578178803 22.101463141395495 3
    endloop
  endfacet
  facet normal 0.9980267284282716 0.06279051952931315 0
    outer loop
      vertex 22.322580779575752 2.819997755196846 -9
      vertex 22.322580779575752 2.819997755196846 3
      vertex 22.5 0 3
    endloop
  endfacet
  facet normal 0.9822872507286886 0.1873813145857246 0
    outer loop
      vertex 21.7931211253942 5.5955224612092325 -9
      vertex 21.7931211253942 5.5955224612092325 3
      vertex 22.322580779575752 2.819997755196846 3
    endloop
  endfacet
  facet normal 0.9510565162951533 0.30901699437494834 0
    outer loop
      vertex 20.919970932485654 8.282802435405255 -9
      vertex 20.919970932485654 8.282802435405255 3
      vertex 21.7931211253942 5.5955224612092325 3
    endloop
  endfacet
  facet normal 0.9048270524660201 0.42577929156507144 0
    outer loop
      vertex 19.716900300986932 10.839457667288595 -9
      vertex 19.716900300986932 10.839457667288595 3
      vertex 20.919970932485654 8.282802435405255 3
    endloop
  endfacet
  facet normal 0 0 1
    outer loop
      vertex 14.342039769345524 -17.336547962455253 3
      vertex 14.342039769345519 17.336547962455256 3
      vertex 12.056102887027425 18.99737832379534 3
    endloop
  endfacet
  facet normal 0 0 1
    outer loop
      vertex 16.401794116981762 -15.40230988339549 3
      vertex 16.40179411698176 15.402309883395496 3
      vertex 14.342039769345519 17.336547962455256 3
    endloop
  endfacet
  facet normal 0 0 1
    outer loop
      vertex 18.202882373436317 -13.225168176580645 3
      vertex 18.202882373436317 13.225168176580645 3
      vertex 16.40179411698176 15.402309883395496 3
    endloop
  endfacet
  facet normal 0 0 1
    outer loop
      vertex 19.71690030098693 -10.839457667288595 3
      vertex 19.716900300986932 10.839457667288595 3
      vertex 18.202882373436317 13.225168176580645 3
    endloop
  endfacet
  facet normal 0 0 1
    outer loop
      vertex 22.322580779575752 -2.8199977551968414 3
      vertex 22.5 0 3
      vertex 22.322580779575752 2.819997755196846 3
    endloop
  endfacet
  facet normal 0 0 1
    outer loop
      vertex 21.7931211253942 -5.5955224612092245 3
      vertex 21.7931211253942 5.5955224612092325 3
      vertex 20.919970932485654 8.282802435405255 3
    endloop
  endfacet
  facet normal 0 0 1
    outer loop
      vertex 22.322580779575752 -2.8199977551968414 3
      vertex 22.322580779575752 2.819997755196846 3
      vertex 21.7931211253942 5.5955224612092325 3
    endloop
  endfacet
  facet normal 0 0 1
    outer loop
      vertex 20.919970932485654 -8.282802435405262 3
      vertex 20.919970932485654 8.282802435405255 3
      vertex 19.716900300986932 10.839457667288595 3
    endloop
  endfacet
  facet normal 0.6845471059286884 0.7289686274214117 0
    outer loop
      vertex 16.40179411698176 15.402309883395496 -9
      vertex 14.342039769345519 17.336547962455256 3
      vertex 16.40179411698176 15.402309883395496 3
    endloop
  endfacet
  facet normal 0.5877852522924734 0.8090169943749472 0
    outer loop
      vertex 14.342039769345519 17.336547962455256 -9
      vertex 12.056102887027425 18.99737832379534 3
      vertex 14.342039769345519 17.336547962455256 3
    endloop
  endfacet
  facet normal 0.8443279255020147 0.5358267949789972 0
    outer loop
      vertex 18.202882373436317 13.225168176580645 -9
      vertex 18.202882373436317 13.225168176580645 3
      vertex 19.716900300986932 10.839457667288595 3
    endloop
  endfacet
  facet normal 0.7705132427757891 0.6374239897486897 0
    outer loop
      vertex 16.40179411698176 15.402309883395496 -9
      vertex 16.40179411698176 15.402309883395496 3
      vertex 18.202882373436317 13.225168176580645 3
    endloop
  endfacet
  facet normal -0.9980267284282714 -0.06279051952931329 0
    outer loop
      vertex -2.852329766279124 -0.3603330464973742 -12
      vertex -2.852329766279124 -0.3603330464973742 -9
      vertex -2.875 0 -12
    endloop
  endfacet
  facet normal -0.12533323356430495 -0.9921147013144777 0
    outer loop
      vertex -0.5387212794339589 -2.82407584584498 -12
      vertex -0.18052274364677706 -2.869326844231281 -12
      vertex -0.18052274364677706 -2.869326844231281 -9
    endloop
  endfacet
  facet normal 0 0 -1
    outer loop
      vertex -2.325923858827974 -1.6898826003408602 -12
      vertex -2.0812283651041756 -1.144164975991574 -12
      vertex -2.0957848038365587 -1.9680729295449795 -12
    endloop
  endfacet
  facet normal 0 0 -1
    outer loop
      vertex -1.8325939705274827 -2.2152255729803945 -12
      vertex -1.5138819756531379 -1.8299689515924997 -12
      vertex -1.5405020355646157 -2.427442785818293 -12
    endloop
  endfacet
  facet normal 0 0 -1
    outer loop
      vertex -1.8325939705274827 -2.2152255729803945 -12
      vertex -2.0957848038365587 -1.9680729295449795 -12
      vertex -1.7313004901258526 -1.6257993765806351 -12
    endloop
  endfacet
  facet normal 0 0 -1
    outer loop
      vertex -2.0957848038365587 -1.9680729295449795 -12
      vertex -2.0812283651041756 -1.144164975991574 -12
      vertex -1.9214153616405003 -1.3959899741946238 -12
    endloop
  endfacet
  facet normal 0 0 -1
    outer loop
      vertex -2.0957848038365587 -1.9680729295449795 -12
      vertex -1.9214153616405003 -1.3959899741946238 -12
      vertex -1.7313004901258526 -1.6257993765806351 -12
    endloop
  endfacet
  facet normal 0 0 -1
    outer loop
      vertex -1.8325939705274827 -2.2152255729803945 -12
      vertex -1.7313004901258526 -1.6257993765806351 -12
      vertex -1.5138819756531379 -1.8299689515924997 -12
    endloop
  endfacet
  facet normal 0 0 -1
    outer loop
      vertex -1.5405020355646157 -2.427442785818293 -12
      vertex -1.5138819756531379 -1.8299689515924997 -12
      vertex -1.2725886380751172 -2.0052788230672856 -12
    endloop
  endfacet
  facet normal 0 0 -1
    outer loop
      vertex -2.325923858827974 -1.6898826003408602 -12
      vertex -2.5193817051261074 -1.3850418130424318 -12
      vertex -2.300385007680499 -0.5906384820165302 -12
    endloop
  endfacet
  facet normal 0 0 -1
    outer loop
      vertex -2.325923858827974 -1.6898826003408602 -12
      vertex -2.2082191539845972 -0.8742958126261099 -12
      vertex -2.0812283651041756 -1.144164975991574 -12
    endloop
  endfacet
  facet normal 0 0 -1
    outer loop
      vertex -2.5193817051261074 -1.3850418130424318 -12
      vertex -2.356272415621885 -0.29766642971522217 -12
      vertex -2.300385007680499 -0.5906384820165302 -12
    endloop
  endfacet
  facet normal 0 0 -1
    outer loop
      vertex -2.325923858827974 -1.6898826003408602 -12
      vertex -2.300385007680499 -0.5906384820165302 -12
      vertex -2.2082191539845972 -0.8742958126261099 -12
    endloop
  endfacet
  facet normal 0 0 -1
    outer loop
      vertex -2.673107396928723 -1.058358088968449 -12
      vertex -2.5193817051261074 1.3850418130424318 -12
      vertex -2.5193817051261074 -1.3850418130424318 -12
    endloop
  endfacet
  facet normal 0 0 -1
    outer loop
      vertex -2.673107396928723 -1.058358088968449 -12
      vertex -2.7846765882448143 -0.7149834255989577 -12
      vertex -2.673107396928723 1.058358088968449 -12
    endloop
  endfacet
  facet normal 0 0 -1
    outer loop
      vertex -2.852329766279124 -0.3603330464973742 -12
      vertex -2.7846765882448143 0.7149834255989577 -12
      vertex -2.7846765882448143 -0.7149834255989577 -12
    endloop
  endfacet
  facet normal 0 0 -1
    outer loop
      vertex -2.5193817051261074 -1.3850418130424318 -12
      vertex -2.375 0 -12
      vertex -2.356272415621885 -0.29766642971522217 -12
    endloop
  endfacet
  facet normal 0 0 -1
    outer loop
      vertex -1.5405020355646157 -2.427442785818293 -12
      vertex -1.011225817467047 -2.1489642496067964 -12
      vertex -1.2241154632495832 -2.6013777758398064 -12
    endloop
  endfacet
  facet normal 0 0 -1
    outer loop
      vertex -1.5405020355646157 -2.427442785818293 -12
      vertex -1.2725886380751172 -2.0052788230672856 -12
      vertex -1.011225817467047 -2.1489642496067964 -12
    endloop
  endfacet
  facet normal 0 0 -1
    outer loop
      vertex -1.2241154632495832 -2.6013777758398064 -12
      vertex -0.7339153616405001 -2.2587592262009895 -12
      vertex -0.8884238588279738 -2.7342874843485663 -12
    endloop
  endfacet
  facet normal 0 0 -1
    outer loop
      vertex -1.2241154632495832 -2.6013777758398064 -12
      vertex -1.011225817467047 -2.1489642496067964 -12
      vertex -0.7339153616405001 -2.2587592262009895 -12
    endloop
  endfacet
  facet normal 0 0 -1
    outer loop
      vertex -0.5387212794339589 -2.82407584584498 -12
      vertex -0.8884238588279738 -2.7342874843485663 -12
      vertex -0.44503062214109645 -2.3329322204806355 -12
    endloop
  endfacet
  facet normal 0 0 -1
    outer loop
      vertex -0.5387212794339589 -2.82407584584498 -12
      vertex -0.44503062214109645 -2.3329322204806355 -12
      vertex -0.1491274838821202 -2.370313480017145 -12
    endloop
  endfacet
  facet normal 0 0 -1
    outer loop
      vertex -0.8884238588279738 -2.7342874843485663 -12
      vertex -0.7339153616405001 -2.2587592262009895 -12
      vertex -0.44503062214109645 -2.3329322204806355 -12
    endloop
  endfacet
  facet normal 0 0 -1
    outer loop
      vertex -0.5387212794339589 -2.82407584584498 -12
      vertex -0.1491274838821202 -2.370313480017145 -12
      vertex -0.18052274364677706 -2.869326844231281 -12
    endloop
  endfacet
  facet normal 0 0 -1
    outer loop
      vertex -0.18052274364677706 -2.869326844231281 -12
      vertex -0.1491274838821202 -2.370313480017145 -12
      vertex 0.1491274838821202 -2.370313480017145 -12
    endloop
  endfacet
  facet normal -0.7705132427757894 -0.6374239897486896 0
    outer loop
      vertex -2.325923858827974 -1.6898826003408602 -12
      vertex -2.0957848038365587 -1.9680729295449795 -12
      vertex -2.0957848038365587 -1.9680729295449795 -9
    endloop
  endfacet
  facet normal -0.8443279255020155 -0.5358267949789958 0
    outer loop
      vertex -2.325923858827974 -1.6898826003408602 -12
      vertex -2.325923858827974 -1.6898826003408602 -9
      vertex -2.5193817051261074 -1.3850418130424318 -12
    endloop
  endfacet
  facet normal -0.6845471059286888 -0.7289686274214112 0
    outer loop
      vertex -1.8325939705274827 -2.2152255729803945 -12
      vertex -1.8325939705274827 -2.2152255729803945 -9
      vertex -2.0957848038365587 -1.9680729295449795 -12
    endloop
  endfacet
  facet normal -0.5877852522924729 -0.8090169943749476 0
    outer loop
      vertex -1.8325939705274827 -2.2152255729803945 -12
      vertex -1.5405020355646157 -2.427442785818293 -12
      vertex -1.5405020355646157 -2.427442785818293 -9
    endloop
  endfacet
  facet normal -0.9048270524660189 -0.4257792915650738 0
    outer loop
      vertex -2.673107396928723 -1.058358088968449 -12
      vertex -2.5193817051261074 -1.3850418130424318 -12
      vertex -2.5193817051261074 -1.3850418130424318 -9
    endloop
  endfacet
  facet normal -0.9510565162951539 -0.3090169943749465 0
    outer loop
      vertex -2.673107396928723 -1.058358088968449 -12
      vertex -2.673107396928723 -1.058358088968449 -9
      vertex -2.7846765882448143 -0.7149834255989577 -12
    endloop
  endfacet
  facet normal -0.9822872507286887 -0.18738131458572477 0
    outer loop
      vertex -2.852329766279124 -0.3603330464973742 -12
      vertex -2.7846765882448143 -0.7149834255989577 -12
      vertex -2.7846765882448143 -0.7149834255989577 -9
    endloop
  endfacet
  facet normal -0.48175367410171493 -0.8763066800438637 0
    outer loop
      vertex -1.5405020355646157 -2.427442785818293 -12
      vertex -1.2241154632495832 -2.6013777758398064 -12
      vertex -1.2241154632495832 -2.6013777758398064 -9
    endloop
  endfacet
  facet normal -0.36812455268467725 -0.9297764858882517 0
    outer loop
      vertex -1.2241154632495832 -2.6013777758398064 -12
      vertex -0.8884238588279738 -2.7342874843485663 -12
      vertex -0.8884238588279738 -2.7342874843485663 -9
    endloop
  endfacet
  facet normal -0.24868988716485577 -0.9685831611286309 0
    outer loop
      vertex -0.5387212794339589 -2.82407584584498 -12
      vertex -0.5387212794339589 -2.82407584584498 -9
      vertex -0.8884238588279738 -2.7342874843485663 -12
    endloop
  endfacet
  facet normal -0.9822872507286887 -0.18738131458572477 0
    outer loop
      vertex -2.852329766279124 -0.3603330464973742 -12
      vertex -2.7846765882448143 -0.7149834255989577 -9
      vertex -2.852329766279124 -0.3603330464973742 -9
    endloop
  endfacet
  facet normal -0.9980267284282714 -0.06279051952931329 0
    outer loop
      vertex -2.852329766279124 -0.3603330464973742 -9
      vertex -2.875 0 -9
      vertex -2.875 0 -12
    endloop
  endfacet
  facet normal -0.12533323356430495 -0.9921147013144777 0
    outer loop
      vertex -0.5387212794339589 -2.82407584584498 -12
      vertex -0.18052274364677706 -2.869326844231281 -9
      vertex -0.5387212794339589 -2.82407584584498 -9
    endloop
  endfacet
  facet normal 0 -1 0
    outer loop
      vertex -0.18052274364677706 -2.869326844231281 -12
      vertex 0.18052274364677706 -2.869326844231281 -9
      vertex -0.18052274364677706 -2.869326844231281 -9
    endloop
  endfacet
  facet normal -0.7705132427757894 -0.6374239897486896 0
    outer loop
      vertex -2.325923858827974 -1.6898826003408602 -12
      vertex -2.0957848038365587 -1.9680729295449795 -9
      vertex -2.325923858827974 -1.6898826003408602 -9
    endloop
  endfacet
  facet normal -0.8443279255020155 -0.5358267949789958 0
    outer loop
      vertex -2.5193817051261074 -1.3850418130424318 -12
      vertex -2.325923858827974 -1.6898826003408602 -9
      vertex -2.5193817051261074 -1.3850418130424318 -9
    endloop
  endfacet
  facet normal -0.48175367410171493 -0.8763066800438637 0
    outer loop
      vertex -1.5405020355646157 -2.427442785818293 -12
      vertex -1.2241154632495832 -2.6013777758398064 -9
      vertex -1.5405020355646157 -2.427442785818293 -9
    endloop
  endfacet
  facet normal -0.5877852522924729 -0.8090169943749476 0
    outer loop
      vertex -1.8325939705274827 -2.2152255729803945 -12
      vertex -1.5405020355646157 -2.427442785818293 -9
      vertex -1.8325939705274827 -2.2152255729803945 -9
    endloop
  endfacet
  facet normal -0.6845471059286888 -0.7289686274214112 0
    outer loop
      vertex -2.0957848038365587 -1.9680729295449795 -12
      vertex -1.8325939705274827 -2.2152255729803945 -9
      vertex -2.0957848038365587 -1.9680729295449795 -9
    endloop
  endfacet
  facet normal -0.9048270524660189 -0.4257792915650738 0
    outer loop
      vertex -2.673107396928723 -1.058358088968449 -12
      vertex -2.5193817051261074 -1.3850418130424318 -9
      vertex -2.673107396928723 -1.058358088968449 -9
    endloop
  endfacet
  facet normal -0.9510565162951539 -0.3090169943749465 0
    outer loop
      vertex -2.7846765882448143 -0.7149834255989577 -12
      vertex -2.673107396928723 -1.058358088968449 -9
      vertex -2.7846765882448143 -0.7149834255989577 -9
    endloop
  endfacet
  facet normal -0.36812455268467725 -0.9297764858882517 0
    outer loop
      vertex -1.2241154632495832 -2.6013777758398064 -12
      vertex -0.8884238588279738 -2.7342874843485663 -9
      vertex -1.2241154632495832 -2.6013777758398064 -9
    endloop
  endfacet
  facet normal -0.24868988716485577 -0.9685831611286309 0
    outer loop
      vertex -0.8884238588279738 -2.7342874843485663 -12
      vertex -0.5387212794339589 -2.82407584584498 -9
      vertex -0.8884238588279738 -2.7342874843485663 -9
    endloop
  endfacet
  facet normal 0 0 -1
    outer loop
      vertex -2.852329766279124 -0.3603330464973742 -12
      vertex -2.875 0 -12
      vertex -2.852329766279124 0.3603330464973742 -12
    endloop
  endfacet
  facet normal 0 0 -1
    outer loop
      vertex -2.852329766279124 -0.3603330464973742 -12
      vertex -2.852329766279124 0.3603330464973742 -12
      vertex -2.7846765882448143 0.7149834255989577 -12
    endloop
  endfacet
  facet normal -0.9980267284282714 0.06279051952931329 0
    outer loop
      vertex -2.875 0 -12
      vertex -2.875 0 -9
      vertex -2.852329766279124 0.3603330464973742 -12
    endloop
  endfacet
  facet normal -0.9822872507286887 0.18738131458572477 0
    outer loop
      vertex -2.852329766279124 0.3603330464973742 -12
      vertex -2.852329766279124 0.3603330464973742 -9
      vertex -2.7846765882448143 0.7149834255989577 -12
    endloop
  endfacet
  facet normal 0 0 -1
    outer loop
      vertex -2.7846765882448143 -0.7149834255989577 -12
      vertex -2.7846765882448143 0.7149834255989577 -12
      vertex -2.673107396928723 1.058358088968449 -12
    endloop
  endfacet
  facet normal 0 0 -1
    outer loop
      vertex -2.673107396928723 -1.058358088968449 -12
      vertex -2.673107396928723 1.058358088968449 -12
      vertex -2.5193817051261074 1.3850418130424318 -12
    endloop
  endfacet
  facet normal 0 0 -1
    outer loop
      vertex -2.5193817051261074 -1.3850418130424318 -12
      vertex -2.325923858827974 1.6898826003408602 -12
      vertex -2.375 0 -12
    endloop
  endfacet
  facet normal 0 0 -1
    outer loop
      vertex -2.5193817051261074 -1.3850418130424318 -12
      vertex -2.5193817051261074 1.3850418130424318 -12
      vertex -2.325923858827974 1.6898826003408602 -12
    endloop
  endfacet
  facet normal 0 0 -1
    outer loop
      vertex -2.325923858827974 1.6898826003408602 -12
      vertex -2.356272415621885 0.29766642971522217 -12
      vertex -2.375 0 -12
    endloop
  endfacet
  facet normal 0 0 -1
    outer loop
      vertex -2.325923858827974 1.6898826003408602 -12
      vertex -2.300385007680499 0.5906384820165302 -12
      vertex -2.356272415621885 0.29766642971522217 -12
    endloop
  endfacet
  facet normal 0 0 -1
    outer loop
      vertex -2.325923858827974 1.6898826003408602 -12
      vertex -2.2082191539845972 0.8742958126261099 -12
      vertex -2.300385007680499 0.5906384820165302 -12
    endloop
  endfacet
  facet normal 0 0 -1
    outer loop
      vertex -2.0957848038365587 1.9680729295449795 -12
      vertex -2.0812283651041756 1.144164975991574 -12
      vertex -2.2082191539845972 0.8742958126261099 -12
    endloop
  endfacet
  facet normal 0 0 -1
    outer loop
      vertex -2.325923858827974 1.6898826003408602 -12
      vertex -2.0957848038365587 1.9680729295449795 -12
      vertex -2.2082191539845972 0.8742958126261099 -12
    endloop
  endfacet
  facet normal 0 0 -1
    outer loop
      vertex -2.0957848038365587 1.9680729295449795 -12
      vertex -1.9214153616405003 1.3959899741946238 -12
      vertex -2.0812283651041756 1.144164975991574 -12
    endloop
  endfacet
  facet normal 0 0 -1
    outer loop
      vertex -1.8325939705274827 2.2152255729803945 -12
      vertex -1.7313004901258526 1.6257993765806351 -12
      vertex -1.9214153616405003 1.3959899741946238 -12
    endloop
  endfacet
  facet normal 0 0 -1
    outer loop
      vertex -2.0957848038365587 1.9680729295449795 -12
      vertex -1.8325939705274827 2.2152255729803945 -12
      vertex -1.9214153616405003 1.3959899741946238 -12
    endloop
  endfacet
  facet normal 0 0 -1
    outer loop
      vertex -1.8325939705274827 2.2152255729803945 -12
      vertex -1.5405020355646157 2.427442785818293 -12
      vertex -1.7313004901258526 1.6257993765806351 -12
    endloop
  endfacet
  facet normal 0 0 -1
    outer loop
      vertex -1.5405020355646157 2.427442785818293 -12
      vertex -1.5138819756531379 1.8299689515924997 -12
      vertex -1.7313004901258526 1.6257993765806351 -12
    endloop
  endfacet
  facet normal 0 0 -1
    outer loop
      vertex -1.5405020355646157 2.427442785818293 -12
      vertex -1.2725886380751172 2.0052788230672856 -12
      vertex -1.5138819756531379 1.8299689515924997 -12
    endloop
  endfacet
  facet normal 0 0 -1
    outer loop
      vertex -1.5405020355646157 2.427442785818293 -12
      vertex -1.224115463249584 2.601377775839806 -12
      vertex -1.2725886380751172 2.0052788230672856 -12
    endloop
  endfacet
  facet normal 0 0 -1
    outer loop
      vertex -1.224115463249584 2.601377775839806 -12
      vertex -1.0112258174670476 2.1489642496067964 -12
      vertex -1.2725886380751172 2.0052788230672856 -12
    endloop
  endfacet
  facet normal 0 0 -1
    outer loop
      vertex -0.8884238588279738 2.7342874843485663 -12
      vertex -0.7339153616405001 2.2587592262009895 -12
      vertex -1.0112258174670476 2.1489642496067964 -12
    endloop
  endfacet
  facet normal 0 0 -1
    outer loop
      vertex -1.224115463249584 2.601377775839806 -12
      vertex -0.8884238588279738 2.7342874843485663 -12
      vertex -1.0112258174670476 2.1489642496067964 -12
    endloop
  endfacet
  facet normal 0 0 -1
    outer loop
      vertex -0.8884238588279738 2.7342874843485663 -12
      vertex -0.5387212794339582 2.82407584584498 -12
      vertex -0.7339153616405001 2.2587592262009895 -12
    endloop
  endfacet
  facet normal 0 0 -1
    outer loop
      vertex -0.5387212794339582 2.82407584584498 -12
      vertex -0.44503062214109584 2.3329322204806355 -12
      vertex -0.7339153616405001 2.2587592262009895 -12
    endloop
  endfacet
  facet normal 0 0 -1
    outer loop
      vertex -0.5387212794339582 2.82407584584498 -12
      vertex -0.18052274364677567 2.869326844231281 -12
      vertex -0.44503062214109584 2.3329322204806355 -12
    endloop
  endfacet
  facet normal 0 0 -1
    outer loop
      vertex -0.18052274364677567 2.869326844231281 -12
      vertex -0.14912748388211902 2.370313480017145 -12
      vertex -0.44503062214109584 2.3329322204806355 -12
    endloop
  endfacet
  facet normal 0 0 -1
    outer loop
      vertex -0.18052274364677567 2.869326844231281 -12
      vertex 0.1491274838821189 2.370313480017145 -12
      vertex -0.14912748388211902 2.370313480017145 -12
    endloop
  endfacet
  facet normal -0.9510565162951539 0.3090169943749465 0
    outer loop
      vertex -2.7846765882448143 0.7149834255989577 -12
      vertex -2.7846765882448143 0.7149834255989577 -9
      vertex -2.673107396928723 1.058358088968449 -12
    endloop
  endfacet
  facet normal -0.9048270524660189 0.4257792915650738 0
    outer loop
      vertex -2.673107396928723 1.058358088968449 -12
      vertex -2.673107396928723 1.058358088968449 -9
      vertex -2.5193817051261074 1.3850418130424318 -12
    endloop
  endfacet
  facet normal -0.8443279255020155 0.5358267949789958 0
    outer loop
      vertex -2.5193817051261074 1.3850418130424318 -12
      vertex -2.5193817051261074 1.3850418130424318 -9
      vertex -2.325923858827974 1.6898826003408602 -12
    endloop
  endfacet
  facet normal -0.7705132427757894 0.6374239897486896 0
    outer loop
      vertex -2.325923858827974 1.6898826003408602 -12
      vertex -2.325923858827974 1.6898826003408602 -9
      vertex -2.0957848038365587 1.9680729295449795 -12
    endloop
  endfacet
  facet normal -0.6845471059286888 0.7289686274214112 0
    outer loop
      vertex -2.0957848038365587 1.9680729295449795 -12
      vertex -2.0957848038365587 1.9680729295449795 -9
      vertex -1.8325939705274827 2.2152255729803945 -12
    endloop
  endfacet
  facet normal -0.5877852522924729 0.8090169943749476 0
    outer loop
      vertex -1.8325939705274827 2.2152255729803945 -12
      vertex -1.8325939705274827 2.2152255729803945 -9
      vertex -1.5405020355646157 2.427442785818293 -12
    endloop
  endfacet
  facet normal -0.48175367410171505 0.8763066800438638 0
    outer loop
      vertex -1.5405020355646157 2.427442785818293 -12
      vertex -1.5405020355646157 2.427442785818293 -9
      vertex -1.224115463249584 2.601377775839806 -12
    endloop
  endfacet
  facet normal -0.3681245526846775 0.9297764858882517 0
    outer loop
      vertex -1.224115463249584 2.601377775839806 -12
      vertex -1.224115463249584 2.601377775839806 -9
      vertex -0.8884238588279738 2.7342874843485663 -12
    endloop
  endfacet
  facet normal -0.24868988716485532 0.9685831611286309 0
    outer loop
      vertex -0.8884238588279738 2.7342874843485663 -12
      vertex -0.8884238588279738 2.7342874843485663 -9
      vertex -0.5387212794339582 2.82407584584498 -12
    endloop
  endfacet
  facet normal -0.1253332335643047 0.9921147013144778 0
    outer loop
      vertex -0.5387212794339582 2.82407584584498 -12
      vertex -0.5387212794339582 2.82407584584498 -9
      vertex -0.18052274364677567 2.869326844231281 -12
    endloop
  endfacet
  facet normal 0 1 0
    outer loop
      vertex -0.18052274364677567 2.869326844231281 -12
      vertex -0.18052274364677567 2.869326844231281 -9
      vertex 0.18052274364677567 2.869326844231281 -12
    endloop
  endfacet
  facet normal -0.9980267284282714 0.06279051952931329 0
    outer loop
      vertex -2.852329766279124 0.3603330464973742 -12
      vertex -2.875 0 -9
      vertex -2.852329766279124 0.3603330464973742 -9
    endloop
  endfacet
  facet normal -0.9822872507286887 0.18738131458572477 0
    outer loop
      vertex -2.7846765882448143 0.7149834255989577 -12
      vertex -2.852329766279124 0.3603330464973742 -9
      vertex -2.7846765882448143 0.7149834255989577 -9
    endloop
  endfacet
  facet normal -0.9510565162951539 0.3090169943749465 0
    outer loop
      vertex -2.673107396928723 1.058358088968449 -12
      vertex -2.7846765882448143 0.7149834255989577 -9
      vertex -2.673107396928723 1.058358088968449 -9
    endloop
  endfacet
  facet normal -0.9048270524660189 0.4257792915650738 0
    outer loop
      vertex -2.5193817051261074 1.3850418130424318 -12
      vertex -2.673107396928723 1.058358088968449 -9
      vertex -2.5193817051261074 1.3850418130424318 -9
    endloop
  endfacet
  facet normal -0.8443279255020155 0.5358267949789958 0
    outer loop
      vertex -2.325923858827974 1.6898826003408602 -12
      vertex -2.5193817051261074 1.3850418130424318 -9
      vertex -2.325923858827974 1.6898826003408602 -9
    endloop
  endfacet
  facet normal -0.7705132427757894 0.6374239897486896 0
    outer loop
      vertex -2.0957848038365587 1.9680729295449795 -12
      vertex -2.325923858827974 1.6898826003408602 -9
      vertex -2.0957848038365587 1.9680729295449795 -9
    endloop
  endfacet
  facet normal -0.6845471059286888 0.7289686274214112 0
    outer loop
      vertex -1.8325939705274827 2.2152255729803945 -12
      vertex -2.0957848038365587 1.9680729295449795 -9
      vertex -1.8325939705274827 2.2152255729803945 -9
    endloop
  endfacet
  facet normal -0.5877852522924729 0.8090169943749476 0
    outer loop
      vertex -1.5405020355646157 2.427442785818293 -12
      vertex -1.8325939705274827 2.2152255729803945 -9
      vertex -1.5405020355646157 2.427442785818293 -9
    endloop
  endfacet
  facet normal -0.48175367410171505 0.8763066800438638 0
    outer loop
      vertex -1.224115463249584 2.601377775839806 -12
      vertex -1.5405020355646157 2.427442785818293 -9
      vertex -1.224115463249584 2.601377775839806 -9
    endloop
  endfacet
  facet normal -0.3681245526846775 0.9297764858882517 0
    outer loop
      vertex -0.8884238588279738 2.7342874843485663 -12
      vertex -1.224115463249584 2.601377775839806 -9
      vertex -0.8884238588279738 2.7342874843485663 -9
    endloop
  endfacet
  facet normal -0.24868988716485532 0.9685831611286309 0
    outer loop
      vertex -0.5387212794339582 2.82407584584498 -12
      vertex -0.8884238588279738 2.7342874843485663 -9
      vertex -0.5387212794339582 2.82407584584498 -9
    endloop
  endfacet
  facet normal -0.1253332335643047 0.9921147013144778 0
    outer loop
      vertex -0.18052274364677567 2.869326844231281 -12
      vertex -0.5387212794339582 2.82407584584498 -9
      vertex -0.18052274364677567 2.869326844231281 -9
    endloop
  endfacet
  facet normal 0 -1 0
    outer loop
      vertex -0.18052274364677706 -2.869326844231281 -12
      vertex 0.18052274364677706 -2.869326844231281 -12
      vertex 0.18052274364677706 -2.869326844231281 -9
    endloop
  endfacet
  facet normal 0.12533323356430495 -0.9921147013144777 0
    outer loop
      vertex 0.18052274364677706 -2.869326844231281 -12
      vertex 0.5387212794339589 -2.82407584584498 -12
      vertex 0.5387212794339589 -2.82407584584498 -9
    endloop
  endfacet
  facet normal 0 0 -1
    outer loop
      vertex -0.18052274364677706 -2.869326844231281 -12
      vertex 0.1491274838821202 -2.370313480017145 -12
      vertex 0.18052274364677706 -2.869326844231281 -12
    endloop
  endfacet
  facet normal 0 0 -1
    outer loop
      vertex 0.18052274364677706 -2.869326844231281 -12
      vertex 0.1491274838821202 -2.370313480017145 -12
      vertex 0.44503062214109645 -2.3329322204806355 -12
    endloop
  endfacet
  facet normal 0 0 -1
    outer loop
      vertex 0.18052274364677706 -2.869326844231281 -12
      vertex 0.44503062214109645 -2.3329322204806355 -12
      vertex 0.5387212794339589 -2.82407584584498 -12
    endloop
  endfacet
  facet normal 0 0 -1
    outer loop
      vertex 0.5387212794339589 -2.82407584584498 -12
      vertex 0.44503062214109645 -2.3329322204806355 -12
      vertex 0.7339153616405001 -2.2587592262009895 -12
    endloop
  endfacet
  facet normal 0 0 -1
    outer loop
      vertex 0.5387212794339589 -2.82407584584498 -12
      vertex 0.7339153616405001 -2.2587592262009895 -12
      vertex 0.8884238588279738 -2.7342874843485663 -12
    endloop
  endfacet
  facet normal 0 0 -1
    outer loop
      vertex 0.8884238588279738 -2.7342874843485663 -12
      vertex 1.011225817467047 -2.1489642496067964 -12
      vertex 1.2241154632495832 -2.6013777758398064 -12
    endloop
  endfacet
  facet normal 0 0 -1
    outer loop
      vertex 0.8884238588279738 -2.7342874843485663 -12
      vertex 0.7339153616405001 -2.2587592262009895 -12
      vertex 1.011225817467047 -2.1489642496067964 -12
    endloop
  endfacet
  facet normal 0 0 -1
    outer loop
      vertex 1.2241154632495832 -2.6013777758398064 -12
      vertex 1.011225817467047 -2.1489642496067964 -12
      vertex 1.272588638075116 -2.0052788230672864 -12
    endloop
  endfacet
  facet normal 0 0 -1
    outer loop
      vertex 1.2241154632495832 -2.6013777758398064 -12
      vertex 1.272588638075116 -2.0052788230672864 -12
      vertex 1.5405020355646142 -2.427442785818294 -12
    endloop
  endfacet
  facet normal 0 0 -1
    outer loop
      vertex 1.5405020355646142 -2.427442785818294 -12
      vertex 1.272588638075116 -2.0052788230672864 -12
      vertex 1.5138819756531388 -1.829968951592499 -12
    endloop
  endfacet
  facet normal 0 0 -1
    outer loop
      vertex 1.5405020355646142 -2.427442785818294 -12
      vertex 1.5138819756531388 -1.829968951592499 -12
      vertex 1.7313004901258526 -1.6257993765806351 -12
    endloop
  endfacet
  facet normal 0 0 -1
    outer loop
      vertex 1.5405020355646142 -2.427442785818294 -12
      vertex 1.7313004901258526 -1.6257993765806351 -12
      vertex 1.8325939705274836 -2.2152255729803936 -12
    endloop
  endfacet
  facet normal 0 0 -1
    outer loop
      vertex 1.8325939705274836 -2.2152255729803936 -12
      vertex 1.9214153616405003 -1.3959899741946238 -12
      vertex 2.0957848038365587 -1.9680729295449795 -12
    endloop
  endfacet
  facet normal 0 0 -1
    outer loop
      vertex 1.8325939705274836 -2.2152255729803936 -12
      vertex 1.7313004901258526 -1.6257993765806351 -12
      vertex 1.9214153616405003 -1.3959899741946238 -12
    endloop
  endfacet
  facet normal 0 0 -1
    outer loop
      vertex 2.0957848038365587 -1.9680729295449795 -12
      vertex 1.9214153616405003 -1.3959899741946238 -12
      vertex 2.0812283651041756 -1.144164975991574 -12
    endloop
  endfacet
  facet normal 0 0 -1
    outer loop
      vertex 2.0957848038365587 -1.9680729295449795 -12
      vertex 2.208219153984597 -0.8742958126261111 -12
      vertex 2.325923858827974 -1.6898826003408602 -12
    endloop
  endfacet
  facet normal 0 0 -1
    outer loop
      vertex 2.0957848038365587 -1.9680729295449795 -12
      vertex 2.0812283651041756 -1.144164975991574 -12
      vertex 2.208219153984597 -0.8742958126261111 -12
    endloop
  endfacet
  facet normal 0 0 -1
    outer loop
      vertex 2.325923858827974 -1.6898826003408602 -12
      vertex 2.208219153984597 -0.8742958126261111 -12
      vertex 2.3003850076804992 -0.5906384820165292 -12
    endloop
  endfacet
  facet normal 0 0 -1
    outer loop
      vertex 2.325923858827974 -1.6898826003408602 -12
      vertex 2.3003850076804992 -0.5906384820165292 -12
      vertex 2.356272415621885 -0.29766642971522217 -12
    endloop
  endfacet
  facet normal 0 0 -1
    outer loop
      vertex 2.325923858827974 -1.6898826003408602 -12
      vertex 2.356272415621885 -0.29766642971522217 -12
      vertex 2.375 0 -12
    endloop
  endfacet
  facet normal 0 0 -1
    outer loop
      vertex 2.325923858827974 -1.6898826003408602 -12
      vertex 2.519381705126108 1.3850418130424316 -12
      vertex 2.5193817051261074 -1.3850418130424318 -12
    endloop
  endfacet
  facet normal 0 0 -1
    outer loop
      vertex 2.325923858827974 -1.6898826003408602 -12
      vertex 2.375 0 -12
      vertex 2.519381705126108 1.3850418130424316 -12
    endloop
  endfacet
  facet normal 0 0 -1
    outer loop
      vertex 2.5193817051261074 -1.3850418130424318 -12
      vertex 2.6731073969287227 1.0583580889684492 -12
      vertex 2.6731073969287222 -1.0583580889684503 -12
    endloop
  endfacet
  facet normal 0 0 -1
    outer loop
      vertex 2.6731073969287222 -1.0583580889684503 -12
      vertex 2.7846765882448143 0.7149834255989576 -12
      vertex 2.784676588244815 -0.7149834255989564 -12
    endloop
  endfacet
  facet normal 0.24868988716485577 -0.9685831611286309 0
    outer loop
      vertex 0.5387212794339589 -2.82407584584498 -12
      vertex 0.8884238588279738 -2.7342874843485663 -12
      vertex 0.8884238588279738 -2.7342874843485663 -9
    endloop
  endfacet
  facet normal 0.36812455268467725 -0.9297764858882517 0
    outer loop
      vertex 0.8884238588279738 -2.7342874843485663 -12
      vertex 1.2241154632495832 -2.6013777758398064 -12
      vertex 1.2241154632495832 -2.6013777758398064 -9
    endloop
  endfacet
  facet normal 0.4817536741017148 -0.8763066800438638 0
    outer loop
      vertex 1.2241154632495832 -2.6013777758398064 -12
      vertex 1.5405020355646142 -2.427442785818294 -12
      vertex 1.5405020355646142 -2.427442785818294 -9
    endloop
  endfacet
  facet normal 0.5877852522924729 -0.8090169943749476 0
    outer loop
      vertex 1.5405020355646142 -2.427442785818294 -12
      vertex 1.8325939705274836 -2.2152255729803936 -12
      vertex 1.8325939705274836 -2.2152255729803936 -9
    endloop
  endfacet
  facet normal 0.684547105928689 -0.7289686274214114 0
    outer loop
      vertex 1.8325939705274836 -2.2152255729803936 -12
      vertex 2.0957848038365587 -1.9680729295449795 -12
      vertex 2.0957848038365587 -1.9680729295449795 -9
    endloop
  endfacet
  facet normal 0.7705132427757894 -0.6374239897486896 0
    outer loop
      vertex 2.0957848038365587 -1.9680729295449795 -12
      vertex 2.325923858827974 -1.6898826003408602 -12
      vertex 2.325923858827974 -1.6898826003408602 -9
    endloop
  endfacet
  facet normal 0.8443279255020155 -0.5358267949789958 0
    outer loop
      vertex 2.325923858827974 -1.6898826003408602 -12
      vertex 2.5193817051261074 -1.3850418130424318 -12
      vertex 2.5193817051261074 -1.3850418130424318 -9
    endloop
  endfacet
  facet normal 0.9048270524660191 -0.42577929156507316 0
    outer loop
      vertex 2.5193817051261074 -1.3850418130424318 -12
      vertex 2.6731073969287222 -1.0583580889684503 -12
      vertex 2.6731073969287222 -1.0583580889684503 -9
    endloop
  endfacet
  facet normal 0.9510565162951534 -0.3090169943749478 0
    outer loop
      vertex 2.6731073969287222 -1.0583580889684503 -12
      vertex 2.784676588244815 -0.7149834255989564 -12
      vertex 2.784676588244815 -0.7149834255989564 -9
    endloop
  endfacet
  facet normal 0 0 -1
    outer loop
      vertex 2.784676588244815 -0.7149834255989564 -12
      vertex 2.852329766279124 0.36033304649737474 -12
      vertex 2.852329766279124 -0.3603330464973742 -12
    endloop
  endfacet
  facet normal 0.9822872507286887 -0.1873813145857242 0
    outer loop
      vertex 2.784676588244815 -0.7149834255989564 -12
      vertex 2.852329766279124 -0.3603330464973742 -12
      vertex 2.852329766279124 -0.3603330464973742 -9
    endloop
  endfacet
  facet normal 0.9980267284282714 -0.06279051952931329 0
    outer loop
      vertex 2.852329766279124 -0.3603330464973742 -12
      vertex 2.875 0 -12
      vertex 2.875 0 -9
    endloop
  endfacet
  facet normal 0.12533323356430495 -0.9921147013144777 0
    outer loop
      vertex 0.18052274364677706 -2.869326844231281 -12
      vertex 0.5387212794339589 -2.82407584584498 -9
      vertex 0.18052274364677706 -2.869326844231281 -9
    endloop
  endfacet
  facet normal 0.24868988716485577 -0.9685831611286309 0
    outer loop
      vertex 0.5387212794339589 -2.82407584584498 -12
      vertex 0.8884238588279738 -2.7342874843485663 -9
      vertex 0.5387212794339589 -2.82407584584498 -9
    endloop
  endfacet
  facet normal 0.36812455268467725 -0.9297764858882517 0
    outer loop
      vertex 0.8884238588279738 -2.7342874843485663 -12
      vertex 1.2241154632495832 -2.6013777758398064 -9
      vertex 0.8884238588279738 -2.7342874843485663 -9
    endloop
  endfacet
  facet normal 0.4817536741017148 -0.8763066800438638 0
    outer loop
      vertex 1.2241154632495832 -2.6013777758398064 -12
      vertex 1.5405020355646142 -2.427442785818294 -9
      vertex 1.2241154632495832 -2.6013777758398064 -9
    endloop
  endfacet
  facet normal 0.5877852522924729 -0.8090169943749476 0
    outer loop
      vertex 1.5405020355646142 -2.427442785818294 -12
      vertex 1.8325939705274836 -2.2152255729803936 -9
      vertex 1.5405020355646142 -2.427442785818294 -9
    endloop
  endfacet
  facet normal 0.684547105928689 -0.7289686274214114 0
    outer loop
      vertex 1.8325939705274836 -2.2152255729803936 -12
      vertex 2.0957848038365587 -1.9680729295449795 -9
      vertex 1.8325939705274836 -2.2152255729803936 -9
    endloop
  endfacet
  facet normal 0.7705132427757894 -0.6374239897486896 0
    outer loop
      vertex 2.0957848038365587 -1.9680729295449795 -12
      vertex 2.325923858827974 -1.6898826003408602 -9
      vertex 2.0957848038365587 -1.9680729295449795 -9
    endloop
  endfacet
  facet normal 0.8443279255020155 -0.5358267949789958 0
    outer loop
      vertex 2.325923858827974 -1.6898826003408602 -12
      vertex 2.5193817051261074 -1.3850418130424318 -9
      vertex 2.325923858827974 -1.6898826003408602 -9
    endloop
  endfacet
  facet normal 0.9048270524660191 -0.42577929156507316 0
    outer loop
      vertex 2.5193817051261074 -1.3850418130424318 -12
      vertex 2.6731073969287222 -1.0583580889684503 -9
      vertex 2.5193817051261074 -1.3850418130424318 -9
    endloop
  endfacet
  facet normal 0.9510565162951534 -0.3090169943749478 0
    outer loop
      vertex 2.6731073969287222 -1.0583580889684503 -12
      vertex 2.784676588244815 -0.7149834255989564 -9
      vertex 2.6731073969287222 -1.0583580889684503 -9
    endloop
  endfacet
  facet normal 0.9822872507286887 -0.1873813145857242 0
    outer loop
      vertex 2.784676588244815 -0.7149834255989564 -12
      vertex 2.852329766279124 -0.3603330464973742 -9
      vertex 2.784676588244815 -0.7149834255989564 -9
    endloop
  endfacet
  facet normal 0.9980267284282714 -0.06279051952931329 0
    outer loop
      vertex 2.852329766279124 -0.3603330464973742 -12
      vertex 2.875 0 -9
      vertex 2.852329766279124 -0.3603330464973742 -9
    endloop
  endfacet
  facet normal 0 0 -1
    outer loop
      vertex -0.18052274364677567 2.869326844231281 -12
      vertex 0.18052274364677567 2.869326844231281 -12
      vertex 0.1491274838821189 2.370313480017145 -12
    endloop
  endfacet
  facet normal 0 0 -1
    outer loop
      vertex 0.18052274364677567 2.869326844231281 -12
      vertex 0.5387212794339582 2.82407584584498 -12
      vertex 0.1491274838821189 2.370313480017145 -12
    endloop
  endfacet
  facet normal 0 0 -1
    outer loop
      vertex 0.8884238588279738 2.7342874843485663 -12
      vertex 0.7339153616405001 2.2587592262009895 -12
      vertex 0.44503062214109584 2.3329322204806355 -12
    endloop
  endfacet
  facet normal 0 0 -1
    outer loop
      vertex 0.5387212794339582 2.82407584584498 -12
      vertex 0.44503062214109584 2.3329322204806355 -12
      vertex 0.1491274838821189 2.370313480017145 -12
    endloop
  endfacet
  facet normal 0 0 -1
    outer loop
      vertex 0.8884238588279738 2.7342874843485663 -12
      vertex 0.44503062214109584 2.3329322204806355 -12
      vertex 0.5387212794339582 2.82407584584498 -12
    endloop
  endfacet
  facet normal 0 0 -1
    outer loop
      vertex 1.224115463249584 2.601377775839806 -12
      vertex 1.0112258174670476 2.1489642496067964 -12
      vertex 0.7339153616405001 2.2587592262009895 -12
    endloop
  endfacet
  facet normal 0 0 -1
    outer loop
      vertex 0.8884238588279738 2.7342874843485663 -12
      vertex 1.224115463249584 2.601377775839806 -12
      vertex 0.7339153616405001 2.2587592262009895 -12
    endloop
  endfacet
  facet normal 0 0 -1
    outer loop
      vertex 1.5405020355646153 2.427442785818293 -12
      vertex 1.272588638075117 2.005278823067286 -12
      vertex 1.0112258174670476 2.1489642496067964 -12
    endloop
  endfacet
  facet normal 0 0 -1
    outer loop
      vertex 1.224115463249584 2.601377775839806 -12
      vertex 1.5405020355646153 2.427442785818293 -12
      vertex 1.0112258174670476 2.1489642496067964 -12
    endloop
  endfacet
  facet normal 0 0 -1
    outer loop
      vertex 2.519381705126108 1.3850418130424316 -12
      vertex 2.375 0 -12
      vertex 2.356272415621885 0.2976664297152226 -12
    endloop
  endfacet
  facet normal 0 0 -1
    outer loop
      vertex 2.784676588244815 -0.7149834255989564 -12
      vertex 2.7846765882448143 0.7149834255989576 -12
      vertex 2.852329766279124 0.36033304649737474 -12
    endloop
  endfacet
  facet normal 0 0 -1
    outer loop
      vertex 2.6731073969287222 -1.0583580889684503 -12
      vertex 2.6731073969287227 1.0583580889684492 -12
      vertex 2.7846765882448143 0.7149834255989576 -12
    endloop
  endfacet
  facet normal 0 0 -1
    outer loop
      vertex 2.5193817051261074 -1.3850418130424318 -12
      vertex 2.519381705126108 1.3850418130424316 -12
      vertex 2.6731073969287227 1.0583580889684492 -12
    endloop
  endfacet
  facet normal 0 0 -1
    outer loop
      vertex 2.325923858827974 1.6898826003408602 -12
      vertex 2.300385007680499 0.5906384820165301 -12
      vertex 2.208219153984597 0.8742958126261102 -12
    endloop
  endfacet
  facet normal 0 0 -1
    outer loop
      vertex 2.519381705126108 1.3850418130424316 -12
      vertex 2.356272415621885 0.2976664297152226 -12
      vertex 2.300385007680499 0.5906384820165301 -12
    endloop
  endfacet
  facet normal 0 0 -1
    outer loop
      vertex 2.325923858827974 1.6898826003408602 -12
      vertex 2.208219153984597 0.8742958126261102 -12
      vertex 2.081228365104176 1.144164975991574 -12
    endloop
  endfacet
  facet normal 0 0 -1
    outer loop
      vertex 2.519381705126108 1.3850418130424316 -12
      vertex 2.300385007680499 0.5906384820165301 -12
      vertex 2.325923858827974 1.6898826003408602 -12
    endloop
  endfacet
  facet normal 0 0 -1
    outer loop
      vertex 1.5405020355646153 2.427442785818293 -12
      vertex 1.513881975653138 1.8299689515924993 -12
      vertex 1.272588638075117 2.005278823067286 -12
    endloop
  endfacet
  facet normal 0 0 -1
    outer loop
      vertex 1.832593970527483 2.2152255729803936 -12
      vertex 1.7313004901258524 1.6257993765806358 -12
      vertex 1.513881975653138 1.8299689515924993 -12
    endloop
  endfacet
  facet normal 0 0 -1
    outer loop
      vertex 2.0957848038365583 1.9680729295449801 -12
      vertex 1.9214153616405003 1.3959899741946238 -12
      vertex 1.7313004901258524 1.6257993765806358 -12
    endloop
  endfacet
  facet normal 0 0 -1
    outer loop
      vertex 2.0957848038365583 1.9680729295449801 -12
      vertex 2.081228365104176 1.144164975991574 -12
      vertex 1.9214153616405003 1.3959899741946238 -12
    endloop
  endfacet
  facet normal 0 0 -1
    outer loop
      vertex 2.0957848038365583 1.9680729295449801 -12
      vertex 1.7313004901258524 1.6257993765806358 -12
      vertex 1.832593970527483 2.2152255729803936 -12
    endloop
  endfacet
  facet normal 0 0 -1
    outer loop
      vertex 1.5405020355646153 2.427442785818293 -12
      vertex 1.832593970527483 2.2152255729803936 -12
      vertex 1.513881975653138 1.8299689515924993 -12
    endloop
  endfacet
  facet normal 0 0 -1
    outer loop
      vertex 2.0957848038365583 1.9680729295449801 -12
      vertex 2.325923858827974 1.6898826003408602 -12
      vertex 2.081228365104176 1.144164975991574 -12
    endloop
  endfacet
  facet normal 0.24868988716485532 0.9685831611286309 0
    outer loop
      vertex 0.8884238588279738 2.7342874843485663 -12
      vertex 0.5387212794339582 2.82407584584498 -12
      vertex 0.5387212794339582 2.82407584584498 -9
    endloop
  endfacet
  facet normal 0.3681245526846775 0.9297764858882517 0
    outer loop
      vertex 0.8884238588279738 2.7342874843485663 -12
      vertex 0.8884238588279738 2.7342874843485663 -9
      vertex 1.224115463249584 2.601377775839806 -12
    endloop
  endfacet
  facet normal 0.48175367410171555 0.8763066800438635 0
    outer loop
      vertex 1.224115463249584 2.601377775839806 -12
      vertex 1.224115463249584 2.601377775839806 -9
      vertex 1.5405020355646153 2.427442785818293 -12
    endloop
  endfacet
  facet normal 0.9822872507286885 0.18738131458572513 0
    outer loop
      vertex 2.7846765882448143 0.7149834255989576 -12
      vertex 2.7846765882448143 0.7149834255989576 -9
      vertex 2.852329766279124 0.36033304649737474 -12
    endloop
  endfacet
  facet normal 0.9510565162951535 0.30901699437494734 0
    outer loop
      vertex 2.7846765882448143 0.7149834255989576 -12
      vertex 2.6731073969287227 1.0583580889684492 -12
      vertex 2.6731073969287227 1.0583580889684492 -9
    endloop
  endfacet
  facet normal 0.9048270524660197 0.4257792915650723 0
    outer loop
      vertex 2.519381705126108 1.3850418130424316 -12
      vertex 2.519381705126108 1.3850418130424316 -9
      vertex 2.6731073969287227 1.0583580889684492 -12
    endloop
  endfacet
  facet normal 0.5877852522924737 0.8090169943749471 0
    outer loop
      vertex 1.5405020355646153 2.427442785818293 -12
      vertex 1.5405020355646153 2.427442785818293 -9
      vertex 1.832593970527483 2.2152255729803936 -12
    endloop
  endfacet
  facet normal 0.6845471059286875 0.7289686274214126 0
    outer loop
      vertex 2.0957848038365583 1.9680729295449801 -12
      vertex 1.832593970527483 2.2152255729803936 -12
      vertex 1.832593970527483 2.2152255729803936 -9
    endloop
  endfacet
  facet normal 0.8443279255020153 0.5358267949789965 0
    outer loop
      vertex 2.519381705126108 1.3850418130424316 -12
      vertex 2.325923858827974 1.6898826003408602 -12
      vertex 2.325923858827974 1.6898826003408602 -9
    endloop
  endfacet
  facet normal 0.7705132427757895 0.6374239897486894 0
    outer loop
      vertex 2.0957848038365583 1.9680729295449801 -12
      vertex 2.0957848038365583 1.9680729295449801 -9
      vertex 2.325923858827974 1.6898826003408602 -12
    endloop
  endfacet
  facet normal 0.1253332335643047 0.9921147013144778 1.971261090095692e-16
    outer loop
      vertex 0.18052274364677567 2.869326844231281 -12
      vertex 0.18052274364677096 2.869326844231281 -9
      vertex 0.5387212794339582 2.82407584584498 -12
    endloop
  endfacet
  facet normal 0 0 -1
    outer loop
      vertex 2.852329766279124 -0.3603330464973742 -12
      vertex 2.852329766279124 0.36033304649737474 -12
      vertex 2.875 0 -12
    endloop
  endfacet
  facet normal 0.9980267284282714 0.0627905195293132 0
    outer loop
      vertex 2.875 0 -12
      vertex 2.852329766279124 0.36033304649737474 -12
      vertex 2.852329766279124 0.36033304649737474 -9
    endloop
  endfacet
  facet normal 0.24868988716485532 0.9685831611286309 0
    outer loop
      vertex 0.8884238588279738 2.7342874843485663 -12
      vertex 0.5387212794339582 2.82407584584498 -9
      vertex 0.8884238588279738 2.7342874843485663 -9
    endloop
  endfacet
  facet normal 0.3681245526846775 0.9297764858882517 0
    outer loop
      vertex 1.224115463249584 2.601377775839806 -12
      vertex 0.8884238588279738 2.7342874843485663 -9
      vertex 1.224115463249584 2.601377775839806 -9
    endloop
  endfacet
  facet normal 0.9510565162951535 0.30901699437494734 0
    outer loop
      vertex 2.7846765882448143 0.7149834255989576 -12
      vertex 2.6731073969287227 1.0583580889684492 -9
      vertex 2.7846765882448143 0.7149834255989576 -9
    endloop
  endfacet
  facet normal 0.9048270524660197 0.4257792915650723 0
    outer loop
      vertex 2.6731073969287227 1.0583580889684492 -12
      vertex 2.519381705126108 1.3850418130424316 -9
      vertex 2.6731073969287227 1.0583580889684492 -9
    endloop
  endfacet
  facet normal 0.6845471059286875 0.7289686274214126 0
    outer loop
      vertex 2.0957848038365583 1.9680729295449801 -12
      vertex 1.832593970527483 2.2152255729803936 -9
      vertex 2.0957848038365583 1.9680729295449801 -9
    endloop
  endfacet
  facet normal 0.5877852522924737 0.8090169943749471 0
    outer loop
      vertex 1.832593970527483 2.2152255729803936 -12
      vertex 1.5405020355646153 2.427442785818293 -9
      vertex 1.832593970527483 2.2152255729803936 -9
    endloop
  endfacet
  facet normal 0.48175367410171555 0.8763066800438635 0
    outer loop
      vertex 1.5405020355646153 2.427442785818293 -12
      vertex 1.224115463249584 2.601377775839806 -9
      vertex 1.5405020355646153 2.427442785818293 -9
    endloop
  endfacet
  facet normal 0.8443279255020153 0.5358267949789965 0
    outer loop
      vertex 2.519381705126108 1.3850418130424316 -12
      vertex 2.325923858827974 1.6898826003408602 -9
      vertex 2.519381705126108 1.3850418130424316 -9
    endloop
  endfacet
  facet normal 0.7705132427757895 0.6374239897486894 0
    outer loop
      vertex 2.325923858827974 1.6898826003408602 -12
      vertex 2.0957848038365583 1.9680729295449801 -9
      vertex 2.325923858827974 1.6898826003408602 -9
    endloop
  endfacet
  facet normal 0 1 0
    outer loop
      vertex -0.18052274364677567 2.869326844231281 -9
      vertex 0.18052274364677096 2.869326844231281 -9
      vertex 0.18052274364677567 2.869326844231281 -12
    endloop
  endfacet
  facet normal 0.12533323356430312 0.992114701314478 0
    outer loop
      vertex 0.5387212794339582 2.82407584584498 -12
      vertex 0.18052274364677096 2.869326844231281 -9
      vertex 0.5387212794339582 2.82407584584498 -9
    endloop
  endfacet
  facet normal 0.9980267284282714 0.0627905195293132 0
    outer loop
      vertex 2.875 0 -12
      vertex 2.852329766279124 0.36033304649737474 -9
      vertex 2.875 0 -9
    endloop
  endfacet
  facet normal 0.9822872507286885 0.18738131458572513 0
    outer loop
      vertex 2.852329766279124 0.36033304649737474 -12
      vertex 2.7846765882448143 0.7149834255989576 -9
      vertex 2.852329766279124 0.36033304649737474 -9
    endloop
  endfacet
  facet normal 0.8076950598642655 0.38007244528371564 0.45074785258159317
    outer loop
      vertex -4.183994186497132 -1.6565604870810504 0
      vertex -2.0812283651041756 -1.144164975991574 -4.2
      vertex -2.2082191539845972 -0.8742958126261099 -4.2
    endloop
  endfacet
  facet normal 0.8489618516265155 0.27584442694381317 0.4507478525815931
    outer loop
      vertex -4.35862422507884 -1.119104492241847 0
      vertex -2.2082191539845972 -0.8742958126261099 -4.2
      vertex -2.300385007680499 -0.5906384820165302 -4.2
    endloop
  endfacet
  facet normal 0.8768400078433869 0.16726617720953443 0.4507478525815933
    outer loop
      vertex -4.464516155915151 -0.5639995510393683 0
      vertex -2.300385007680499 -0.5906384820165302 -4.2
      vertex -2.356272415621885 -0.29766642971522217 -4.2
    endloop
  endfacet
  facet normal 0.8908898733377372 0.05605003994068938 0.4507478525815932
    outer loop
      vertex -2.356272415621885 -0.29766642971522217 -4.2
      vertex -2.375 0 -4.2
      vertex -4.5 0 0
    endloop
  endfacet
  facet normal 0.32860686670210154 0.8299662044621514 0.4507478525815931
    outer loop
      vertex -1.3905764746872633 -4.2797543233281905 0
      vertex -0.7339153616405001 -2.2587592262009895 -4.2
      vertex -1.011225817467047 -2.1489642496067964 -4.2
    endloop
  endfacet
  facet normal 0.22199335525371025 0.8646070342162864 0.45074785258159306
    outer loop
      vertex -0.8432159156357617 -4.420292628279099 0
      vertex -0.44503062214109645 -2.3329322204806355 -4.2
      vertex -0.7339153616405001 -2.2587592262009895 -4.2
    endloop
  endfacet
  facet normal 0.11187887598056256 0.8856124945496243 0.4507478525815932
    outer loop
      vertex -0.282557337881912 -4.491120277927222 0
      vertex -0.1491274838821202 -2.370313480017145 -4.2
      vertex -0.44503062214109645 -2.3329322204806355 -4.2
    endloop
  endfacet
  facet normal 0.7536904345143162 0.4783064941172173 0.4507478525815933
    outer loop
      vertex -3.9433800601973856 -2.1678915334577193 0
      vertex -1.9214153616405003 -1.3959899741946238 -4.2
      vertex -2.0812283651041756 -1.144164975991574 -4.2
    endloop
  endfacet
  facet normal 0.6877996607792315 0.5689973638120447 0.45074785258159306
    outer loop
      vertex -3.6405764746872635 -2.6450336353161292 0
      vertex -1.7313004901258526 -1.6257993765806351 -4.2
      vertex -1.9214153616405003 -1.3959899741946238 -4.2
    endloop
  endfacet
  facet normal 0.6110618755220593 0.6507148051770034 0.4507478525815935
    outer loop
      vertex -2.868407953869103 -3.467309592491052 0
      vertex -1.5138819756531379 -1.8299689515924997 -4.2
      vertex -1.7313004901258526 -1.6257993765806351 -4.2
    endloop
  endfacet
  facet normal 0.5246872794572314 0.7221700853461402 0.45074785258159333
    outer loop
      vertex -2.4112205774054853 -3.7994756647590675 0
      vertex -1.2725886380751172 -2.0052788230672856 -4.2
      vertex -1.5138819756531379 -1.8299689515924997 -4.2
    endloop
  endfacet
  facet normal 0.430038051562376 0.7822363118658693 0.4507478525815931
    outer loop
      vertex -1.916006812042826 -4.071721736097088 0
      vertex -1.011225817467047 -2.1489642496067964 -4.2
      vertex -1.2725886380751172 -2.0052788230672856 -4.2
    endloop
  endfacet
  facet normal 0.6877996607792319 0.5689973638120444 0.4507478525815932
    outer loop
      vertex -3.6405764746872635 -2.6450336353161292 0
      vertex -3.2803588233963525 -3.080461976679098 0
      vertex -1.7313004901258526 -1.6257993765806351 -4.2
    endloop
  endfacet
  facet normal 0.7536904345143156 0.47830649411721815 0.45074785258159317
    outer loop
      vertex -3.6405764746872635 -2.6450336353161292 0
      vertex -1.9214153616405003 -1.3959899741946238 -4.2
      vertex -3.9433800601973856 -2.1678915334577193 0
    endloop
  endfacet
  facet normal 0.8076950598642656 0.3800724452837153 0.4507478525815933
    outer loop
      vertex -3.9433800601973856 -2.1678915334577193 0
      vertex -2.0812283651041756 -1.144164975991574 -4.2
      vertex -4.183994186497132 -1.6565604870810504 0
    endloop
  endfacet
  facet normal 0.8489618516265156 0.2758444269438126 0.45074785258159317
    outer loop
      vertex -4.183994186497132 -1.6565604870810504 0
      vertex -2.2082191539845972 -0.8742958126261099 -4.2
      vertex -4.35862422507884 -1.119104492241847 0
    endloop
  endfacet
  facet normal 0.8768400078433869 0.16726617720953482 0.45074785258159317
    outer loop
      vertex -4.464516155915151 -0.5639995510393683 0
      vertex -4.35862422507884 -1.119104492241847 0
      vertex -2.300385007680499 -0.5906384820165302 -4.2
    endloop
  endfacet
  facet normal 0.8908898733377372 0.05605003994068924 0.45074785258159317
    outer loop
      vertex -4.464516155915151 -0.5639995510393683 0
      vertex -2.356272415621885 -0.29766642971522217 -4.2
      vertex -4.5 0 0
    endloop
  endfacet
  facet normal 0.5246872794572318 0.72217008534614 0.4507478525815932
    outer loop
      vertex -2.868407953869103 -3.467309592491052 0
      vertex -2.4112205774054853 -3.7994756647590675 0
      vertex -1.5138819756531379 -1.8299689515924997 -4.2
    endloop
  endfacet
  facet normal 0.4300380515623761 0.7822363118658692 0.4507478525815932
    outer loop
      vertex -2.4112205774054853 -3.7994756647590675 0
      vertex -1.916006812042826 -4.071721736097088 0
      vertex -1.2725886380751172 -2.0052788230672856 -4.2
    endloop
  endfacet
  facet normal 0.328606866702101 0.8299662044621516 0.4507478525815932
    outer loop
      vertex -1.916006812042826 -4.071721736097088 0
      vertex -1.3905764746872633 -4.2797543233281905 0
      vertex -1.011225817467047 -2.1489642496067964 -4.2
    endloop
  endfacet
  facet normal 0.22199335525370928 0.8646070342162864 0.45074785258159317
    outer loop
      vertex -1.3905764746872633 -4.2797543233281905 0
      vertex -0.8432159156357617 -4.420292628279099 0
      vertex -0.7339153616405001 -2.2587592262009895 -4.2
    endloop
  endfacet
  facet normal 0.11187887598056206 0.8856124945496242 0.45074785258159317
    outer loop
      vertex -0.8432159156357617 -4.420292628279099 0
      vertex -0.282557337881912 -4.491120277927222 0
      vertex -0.44503062214109645 -2.3329322204806355 -4.2
    endloop
  endfacet
  facet normal 0 0.8926513168046538 0.4507478525815932
    outer loop
      vertex -0.282557337881912 -4.491120277927222 0
      vertex 0.28255733788191195 -4.491120277927222 0
      vertex -0.1491274838821202 -2.370313480017145 -4.2
    endloop
  endfacet
  facet normal 0.6110618755220588 0.6507148051770039 0.45074785258159317
    outer loop
      vertex -3.2803588233963525 -3.080461976679098 0
      vertex -2.868407953869103 -3.467309592491052 0
      vertex -1.7313004901258526 -1.6257993765806351 -4.2
    endloop
  endfacet
  facet normal 0.8908898733377372 -0.05605003994068976 0.4507478525815932
    outer loop
      vertex -4.5 0 0
      vertex -2.375 0 -4.2
      vertex -2.356272415621885 0.29766642971522217 -4.2
    endloop
  endfacet
  facet normal 0.8768400078433869 -0.16726617720953443 0.4507478525815933
    outer loop
      vertex -4.464516155915151 0.5639995510393683 0
      vertex -2.356272415621885 0.29766642971522217 -4.2
      vertex -2.300385007680499 0.5906384820165302 -4.2
    endloop
  endfacet
  facet normal 0.8489618516265155 -0.27584442694381317 0.4507478525815931
    outer loop
      vertex -4.35862422507884 1.119104492241847 0
      vertex -2.300385007680499 0.5906384820165302 -4.2
      vertex -2.2082191539845972 0.8742958126261099 -4.2
    endloop
  endfacet
  facet normal 0.8076950598642655 -0.38007244528371564 0.45074785258159317
    outer loop
      vertex -4.183994186497132 1.6565604870810504 0
      vertex -2.2082191539845972 0.8742958126261099 -4.2
      vertex -2.0812283651041756 1.144164975991574 -4.2
    endloop
  endfacet
  facet normal 0.7536904345143162 -0.4783064941172173 0.4507478525815933
    outer loop
      vertex -3.9433800601973856 2.1678915334577193 0
      vertex -2.0812283651041756 1.144164975991574 -4.2
      vertex -1.9214153616405003 1.3959899741946238 -4.2
    endloop
  endfacet
  facet normal 0.6877996607792315 -0.5689973638120447 0.45074785258159306
    outer loop
      vertex -3.6405764746872635 2.6450336353161292 0
      vertex -1.9214153616405003 1.3959899741946238 -4.2
      vertex -1.7313004901258526 1.6257993765806351 -4.2
    endloop
  endfacet
  facet normal 0.6110618755220593 -0.6507148051770034 0.4507478525815935
    outer loop
      vertex -2.868407953869103 3.467309592491052 0
      vertex -1.7313004901258526 1.6257993765806351 -4.2
      vertex -1.5138819756531379 1.8299689515924997 -4.2
    endloop
  endfacet
  facet normal 0.5246872794572313 -0.7221700853461402 0.45074785258159317
    outer loop
      vertex -1.5138819756531379 1.8299689515924997 -4.2
      vertex -1.2725886380751172 2.0052788230672856 -4.2
      vertex -2.4112205774054853 3.7994756647590675 0
    endloop
  endfacet
  facet normal 0.43003805156237673 -0.782236311865869 0.4507478525815931
    outer loop
      vertex -1.2725886380751172 2.0052788230672856 -4.2
      vertex -1.0112258174670476 2.1489642496067964 -4.2
      vertex -1.9160068120428273 4.071721736097087 0
    endloop
  endfacet
  facet normal 0.3286068667021008 -0.8299662044621516 0.4507478525815931
    outer loop
      vertex -1.0112258174670476 2.1489642496067964 -4.2
      vertex -0.7339153616405001 2.2587592262009895 -4.2
      vertex -1.3905764746872633 4.2797543233281905 0
    endloop
  endfacet
  facet normal 0.22199335525370886 -0.8646070342162866 0.45074785258159317
    outer loop
      vertex -0.7339153616405001 2.2587592262009895 -4.2
      vertex -0.44503062214109584 2.3329322204806355 -4.2
      vertex -0.8432159156357606 4.420292628279099 0
    endloop
  endfacet
  facet normal 0.11187887598056186 -0.8856124945496243 0.45074785258159317
    outer loop
      vertex -0.44503062214109584 2.3329322204806355 -4.2
      vertex -0.14912748388211902 2.370313480017145 -4.2
      vertex -0.28255733788190973 4.491120277927222 0
    endloop
  endfacet
  facet normal 0 -0.8926513168046538 0.4507478525815932
    outer loop
      vertex -0.14912748388211902 2.370313480017145 -4.2
      vertex 0.14912748388211902 2.370313480017145 -4.2
      vertex -0.28255733788190973 4.491120277927222 0
    endloop
  endfacet
  facet normal 0.8908898733377372 -0.05605003994068924 0.45074785258159317
    outer loop
      vertex -4.5 0 0
      vertex -2.356272415621885 0.29766642971522217 -4.2
      vertex -4.464516155915151 0.5639995510393683 0
    endloop
  endfacet
  facet normal 0.8768400078433869 -0.16726617720953482 0.45074785258159317
    outer loop
      vertex -4.464516155915151 0.5639995510393683 0
      vertex -2.300385007680499 0.5906384820165302 -4.2
      vertex -4.35862422507884 1.119104492241847 0
    endloop
  endfacet
  facet normal 0.8489618516265156 -0.2758444269438126 0.45074785258159317
    outer loop
      vertex -4.35862422507884 1.119104492241847 0
      vertex -2.2082191539845972 0.8742958126261099 -4.2
      vertex -4.183994186497132 1.6565604870810504 0
    endloop
  endfacet
  facet normal 0.8076950598642656 -0.3800724452837153 0.4507478525815933
    outer loop
      vertex -4.183994186497132 1.6565604870810504 0
      vertex -2.0812283651041756 1.144164975991574 -4.2
      vertex -3.9433800601973856 2.1678915334577193 0
    endloop
  endfacet
  facet normal 0.7536904345143156 -0.47830649411721815 0.45074785258159317
    outer loop
      vertex -3.9433800601973856 2.1678915334577193 0
      vertex -1.9214153616405003 1.3959899741946238 -4.2
      vertex -3.6405764746872635 2.6450336353161292 0
    endloop
  endfacet
  facet normal 0.6877996607792319 -0.5689973638120444 0.4507478525815932
    outer loop
      vertex -3.6405764746872635 2.6450336353161292 0
      vertex -1.7313004901258526 1.6257993765806351 -4.2
      vertex -3.2803588233963525 3.080461976679098 0
    endloop
  endfacet
  facet normal 0.6110618755220588 -0.6507148051770039 0.45074785258159317
    outer loop
      vertex -3.2803588233963525 3.080461976679098 0
      vertex -1.7313004901258526 1.6257993765806351 -4.2
      vertex -2.868407953869103 3.467309592491052 0
    endloop
  endfacet
  facet normal 0.5246872794572318 -0.72217008534614 0.4507478525815932
    outer loop
      vertex -2.868407953869103 3.467309592491052 0
      vertex -1.5138819756531379 1.8299689515924997 -4.2
      vertex -2.4112205774054853 3.7994756647590675 0
    endloop
  endfacet
  facet normal 0.430038051562376 -0.7822363118658693 0.45074785258159317
    outer loop
      vertex -1.2725886380751172 2.0052788230672856 -4.2
      vertex -1.9160068120428273 4.071721736097087 0
      vertex -2.4112205774054853 3.7994756647590675 0
    endloop
  endfacet
  facet normal 0.32860686670210154 -0.8299662044621513 0.4507478525815931
    outer loop
      vertex -1.0112258174670476 2.1489642496067964 -4.2
      vertex -1.3905764746872633 4.2797543233281905 0
      vertex -1.9160068120428273 4.071721736097087 0
    endloop
  endfacet
  facet normal 0.22199335525370897 -0.8646070342162865 0.4507478525815931
    outer loop
      vertex -0.7339153616405001 2.2587592262009895 -4.2
      vertex -0.8432159156357606 4.420292628279099 0
      vertex -1.3905764746872633 4.2797543233281905 0
    endloop
  endfacet
  facet normal 0.11187887598056223 -0.8856124945496243 0.45074785258159317
    outer loop
      vertex -0.44503062214109584 2.3329322204806355 -4.2
      vertex -0.28255733788190973 4.491120277927222 0
      vertex -0.8432159156357606 4.420292628279099 0
    endloop
  endfacet
  facet normal 0 0.8926513168046538 0.45074785258159317
    outer loop
      vertex -0.1491274838821202 -2.370313480017145 -4.2
      vertex 0.28255733788191195 -4.491120277927222 0
      vertex 0.1491274838821202 -2.370313480017145 -4.2
    endloop
  endfacet
  facet normal -0.11187887598056256 0.8856124945496243 0.4507478525815932
    outer loop
      vertex 0.28255733788191195 -4.491120277927222 0
      vertex 0.44503062214109645 -2.3329322204806355 -4.2
      vertex 0.1491274838821202 -2.370313480017145 -4.2
    endloop
  endfacet
  facet normal -0.22199335525371025 0.8646070342162864 0.45074785258159306
    outer loop
      vertex 0.8432159156357617 -4.420292628279099 0
      vertex 0.7339153616405001 -2.2587592262009895 -4.2
      vertex 0.44503062214109645 -2.3329322204806355 -4.2
    endloop
  endfacet
  facet normal -0.32860686670210154 0.8299662044621514 0.4507478525815931
    outer loop
      vertex 1.3905764746872633 -4.2797543233281905 0
      vertex 1.011225817467047 -2.1489642496067964 -4.2
      vertex 0.7339153616405001 -2.2587592262009895 -4.2
    endloop
  endfacet
  facet normal -0.4300380515623758 0.7822363118658694 0.45074785258159317
    outer loop
      vertex 1.916006812042826 -4.071721736097088 0
      vertex 1.272588638075116 -2.0052788230672864 -4.2
      vertex 1.011225817467047 -2.1489642496067964 -4.2
    endloop
  endfacet
  facet normal -0.5246872794572315 0.7221700853461404 0.450747852581593
    outer loop
      vertex 2.411220577405483 -3.799475664759069 0
      vertex 1.5138819756531388 -1.829968951592499 -4.2
      vertex 1.272588638075116 -2.0052788230672864 -4.2
    endloop
  endfacet
  facet normal -0.6110618755220596 0.6507148051770032 0.4507478525815931
    outer loop
      vertex 1.5138819756531388 -1.829968951592499 -4.2
      vertex 2.868407953869105 -3.4673095924910506 0
      vertex 1.7313004901258526 -1.6257993765806351 -4.2
    endloop
  endfacet
  facet normal -0.6877996607792316 0.5689973638120447 0.45074785258159317
    outer loop
      vertex 1.7313004901258526 -1.6257993765806351 -4.2
      vertex 3.6405764746872635 -2.6450336353161292 0
      vertex 1.9214153616405003 -1.3959899741946238 -4.2
    endloop
  endfacet
  facet normal -0.753690434514316 0.4783064941172175 0.4507478525815932
    outer loop
      vertex 1.9214153616405003 -1.3959899741946238 -4.2
      vertex 3.9433800601973856 -2.1678915334577193 0
      vertex 2.0812283651041756 -1.144164975991574 -4.2
    endloop
  endfacet
  facet normal -0.8076950598642653 0.38007244528371575 0.45074785258159317
    outer loop
      vertex 2.0812283651041756 -1.144164975991574 -4.2
      vertex 4.183994186497131 -1.6565604870810526 0
      vertex 2.208219153984597 -0.8742958126261111 -4.2
    endloop
  endfacet
  facet normal -0.8489618516265154 0.27584442694381317 0.4507478525815932
    outer loop
      vertex 2.208219153984597 -0.8742958126261111 -4.2
      vertex 4.358624225078841 -1.119104492241845 0
      vertex 2.3003850076804992 -0.5906384820165292 -4.2
    endloop
  endfacet
  facet normal -0.876840007843387 0.16726617720953402 0.4507478525815932
    outer loop
      vertex 2.3003850076804992 -0.5906384820165292 -4.2
      vertex 4.464516155915151 -0.5639995510393683 0
      vertex 2.356272415621885 -0.29766642971522217 -4.2
    endloop
  endfacet
  facet normal -0.8908898733377372 0.05605003994068938 0.4507478525815932
    outer loop
      vertex 2.356272415621885 -0.29766642971522217 -4.2
      vertex 4.5 0 0
      vertex 2.375 0 -4.2
    endloop
  endfacet
  facet normal -0.11187887598056206 0.8856124945496242 0.45074785258159317
    outer loop
      vertex 0.28255733788191195 -4.491120277927222 0
      vertex 0.8432159156357617 -4.420292628279099 0
      vertex 0.44503062214109645 -2.3329322204806355 -4.2
    endloop
  endfacet
  facet normal -0.22199335525370928 0.8646070342162864 0.45074785258159317
    outer loop
      vertex 0.8432159156357617 -4.420292628279099 0
      vertex 1.3905764746872633 -4.2797543233281905 0
      vertex 0.7339153616405001 -2.2587592262009895 -4.2
    endloop
  endfacet
  facet normal -0.328606866702101 0.8299662044621516 0.4507478525815932
    outer loop
      vertex 1.3905764746872633 -4.2797543233281905 0
      vertex 1.916006812042826 -4.071721736097088 0
      vertex 1.011225817467047 -2.1489642496067964 -4.2
    endloop
  endfacet
  facet normal -0.43003805156237596 0.7822363118658693 0.4507478525815932
    outer loop
      vertex 1.916006812042826 -4.071721736097088 0
      vertex 2.411220577405483 -3.799475664759069 0
      vertex 1.272588638075116 -2.0052788230672864 -4.2
    endloop
  endfacet
  facet normal -0.5246872794572316 0.7221700853461402 0.4507478525815932
    outer loop
      vertex 2.411220577405483 -3.799475664759069 0
      vertex 2.868407953869105 -3.4673095924910506 0
      vertex 1.5138819756531388 -1.829968951592499 -4.2
    endloop
  endfacet
  facet normal -0.611061875522059 0.6507148051770036 0.4507478525815931
    outer loop
      vertex 1.7313004901258526 -1.6257993765806351 -4.2
      vertex 2.868407953869105 -3.4673095924910506 0
      vertex 3.2803588233963525 -3.080461976679098 0
    endloop
  endfacet
  facet normal -0.6877996607792318 0.5689973638120441 0.4507478525815932
    outer loop
      vertex 1.7313004901258526 -1.6257993765806351 -4.2
      vertex 3.2803588233963525 -3.080461976679098 0
      vertex 3.6405764746872635 -2.6450336353161292 0
    endloop
  endfacet
  facet normal -0.7536904345143157 0.478306494117218 0.45074785258159317
    outer loop
      vertex 1.9214153616405003 -1.3959899741946238 -4.2
      vertex 3.6405764746872635 -2.6450336353161292 0
      vertex 3.9433800601973856 -2.1678915334577193 0
    endloop
  endfacet
  facet normal -0.8076950598642656 0.3800724452837153 0.45074785258159333
    outer loop
      vertex 2.0812283651041756 -1.144164975991574 -4.2
      vertex 3.9433800601973856 -2.1678915334577193 0
      vertex 4.183994186497131 -1.6565604870810526 0
    endloop
  endfacet
  facet normal -0.8489618516265155 0.2758444269438131 0.4507478525815932
    outer loop
      vertex 2.208219153984597 -0.8742958126261111 -4.2
      vertex 4.183994186497131 -1.6565604870810526 0
      vertex 4.358624225078841 -1.119104492241845 0
    endloop
  endfacet
  facet normal -0.876840007843387 0.16726617720953424 0.45074785258159317
    outer loop
      vertex 2.3003850076804992 -0.5906384820165292 -4.2
      vertex 4.358624225078841 -1.119104492241845 0
      vertex 4.464516155915151 -0.5639995510393683 0
    endloop
  endfacet
  facet normal -0.8908898733377372 0.056050039940689245 0.45074785258159333
    outer loop
      vertex 2.356272415621885 -0.29766642971522217 -4.2
      vertex 4.464516155915151 -0.5639995510393683 0
      vertex 4.5 0 0
    endloop
  endfacet
  facet normal -0.43003805156237596 -0.7822363118658695 0.45074785258159317
    outer loop
      vertex 1.0112258174670476 2.1489642496067964 -4.2
      vertex 1.272588638075117 2.005278823067286 -4.2
      vertex 1.9160068120428273 4.071721736097087 0
    endloop
  endfacet
  facet normal -0.5246872794572325 -0.7221700853461395 0.45074785258159317
    outer loop
      vertex 1.513881975653138 1.8299689515924993 -4.2
      vertex 2.411220577405485 3.799475664759068 0
      vertex 1.272588638075117 2.005278823067286 -4.2
    endloop
  endfacet
  facet normal -0.6110618755220582 -0.6507148051770045 0.4507478525815932
    outer loop
      vertex 1.513881975653138 1.8299689515924993 -4.2
      vertex 1.7313004901258524 1.6257993765806358 -4.2
      vertex 2.868407953869104 3.467309592491051 0
    endloop
  endfacet
  facet normal -0.687799660779232 -0.5689973638120441 0.4507478525815932
    outer loop
      vertex 1.7313004901258524 1.6257993765806358 -4.2
      vertex 1.9214153616405003 1.3959899741946238 -4.2
      vertex 3.6405764746872635 2.6450336353161292 0
    endloop
  endfacet
  facet normal -0.7536904345143154 -0.47830649411721843 0.45074785258159317
    outer loop
      vertex 2.081228365104176 1.144164975991574 -4.2
      vertex 3.943380060197386 2.167891533457719 0
      vertex 1.9214153616405003 1.3959899741946238 -4.2
    endloop
  endfacet
  facet normal -0.11187887598056186 -0.8856124945496243 0.45074785258159317
    outer loop
      vertex 0.14912748388211902 2.370313480017145 -4.2
      vertex 0.44503062214109584 2.3329322204806355 -4.2
      vertex 0.28255733788190973 4.491120277927222 0
    endloop
  endfacet
  facet normal -0.22199335525370886 -0.8646070342162866 0.45074785258159317
    outer loop
      vertex 0.44503062214109584 2.3329322204806355 -4.2
      vertex 0.7339153616405001 2.2587592262009895 -4.2
      vertex 0.8432159156357606 4.420292628279099 0
    endloop
  endfacet
  facet normal -0.3286068667021008 -0.8299662044621516 0.4507478525815931
    outer loop
      vertex 0.7339153616405001 2.2587592262009895 -4.2
      vertex 1.0112258174670476 2.1489642496067964 -4.2
      vertex 1.3905764746872633 4.2797543233281905 0
    endloop
  endfacet
  facet normal -0.8908898733377372 -0.0560500399406893 0.4507478525815932
    outer loop
      vertex 2.375 0 -4.2
      vertex 4.5 0 0
      vertex 2.356272415621885 0.2976664297152226 -4.2
    endloop
  endfacet
  facet normal -0.8768400078433869 -0.16726617720953504 0.4507478525815932
    outer loop
      vertex 2.356272415621885 0.2976664297152226 -4.2
      vertex 4.464516155915151 0.5639995510393692 0
      vertex 2.300385007680499 0.5906384820165301 -4.2
    endloop
  endfacet
  facet normal -0.8489618516265154 -0.2758444269438136 0.4507478525815932
    outer loop
      vertex 2.300385007680499 0.5906384820165301 -4.2
      vertex 4.35862422507884 1.1191044922418465 0
      vertex 2.208219153984597 0.8742958126261102 -4.2
    endloop
  endfacet
  facet normal -0.8076950598642664 -0.3800724452837137 0.4507478525815933
    outer loop
      vertex 2.081228365104176 1.144164975991574 -4.2
      vertex 2.208219153984597 0.8742958126261102 -4.2
      vertex 4.183994186497131 1.6565604870810509 0
    endloop
  endfacet
  facet normal -0.6110618755220585 -0.6507148051770044 0.4507478525815931
    outer loop
      vertex 1.7313004901258524 1.6257993765806358 -4.2
      vertex 3.280358823396352 3.080461976679099 0
      vertex 2.868407953869104 3.467309592491051 0
    endloop
  endfacet
  facet normal 0 -0.8926513168046538 0.45074785258159317
    outer loop
      vertex -0.28255733788190973 4.491120277927222 0
      vertex 0.14912748388211902 2.370313480017145 -4.2
      vertex 0.28255733788190973 4.491120277927222 0
    endloop
  endfacet
  facet normal -0.11187887598056223 -0.8856124945496243 0.45074785258159317
    outer loop
      vertex 0.44503062214109584 2.3329322204806355 -4.2
      vertex 0.8432159156357606 4.420292628279099 0
      vertex 0.28255733788190973 4.491120277927222 0
    endloop
  endfacet
  facet normal -0.22199335525370897 -0.8646070342162865 0.4507478525815931
    outer loop
      vertex 0.7339153616405001 2.2587592262009895 -4.2
      vertex 1.3905764746872633 4.2797543233281905 0
      vertex 0.8432159156357606 4.420292628279099 0
    endloop
  endfacet
  facet normal -0.32860686670210154 -0.8299662044621513 0.4507478525815931
    outer loop
      vertex 1.0112258174670476 2.1489642496067964 -4.2
      vertex 1.9160068120428273 4.071721736097087 0
      vertex 1.3905764746872633 4.2797543233281905 0
    endloop
  endfacet
  facet normal -0.4300380515623758 -0.7822363118658694 0.4507478525815931
    outer loop
      vertex 1.272588638075117 2.005278823067286 -4.2
      vertex 2.411220577405485 3.799475664759068 0
      vertex 1.9160068120428273 4.071721736097087 0
    endloop
  endfacet
  facet normal -0.5246872794572321 -0.7221700853461397 0.4507478525815933
    outer loop
      vertex 1.513881975653138 1.8299689515924993 -4.2
      vertex 2.868407953869104 3.467309592491051 0
      vertex 2.411220577405485 3.799475664759068 0
    endloop
  endfacet
  facet normal -0.8908898733377372 -0.05605003994068914 0.45074785258159317
    outer loop
      vertex 2.356272415621885 0.2976664297152226 -4.2
      vertex 4.5 0 0
      vertex 4.464516155915151 0.5639995510393692 0
    endloop
  endfacet
  facet normal -0.8768400078433868 -0.16726617720953535 0.45074785258159317
    outer loop
      vertex 2.300385007680499 0.5906384820165301 -4.2
      vertex 4.464516155915151 0.5639995510393692 0
      vertex 4.35862422507884 1.1191044922418465 0
    endloop
  endfacet
  facet normal -0.8489618516265154 -0.27584442694381345 0.4507478525815933
    outer loop
      vertex 2.208219153984597 0.8742958126261102 -4.2
      vertex 4.35862422507884 1.1191044922418465 0
      vertex 4.183994186497131 1.6565604870810509 0
    endloop
  endfacet
  facet normal -0.8076950598642662 -0.380072445283714 0.45074785258159317
    outer loop
      vertex 2.081228365104176 1.144164975991574 -4.2
      vertex 4.183994186497131 1.6565604870810509 0
      vertex 3.943380060197386 2.167891533457719 0
    endloop
  endfacet
  facet normal -0.7536904345143156 -0.4783064941172181 0.45074785258159333
    outer loop
      vertex 1.9214153616405003 1.3959899741946238 -4.2
      vertex 3.943380060197386 2.167891533457719 0
      vertex 3.6405764746872635 2.6450336353161292 0
    endloop
  endfacet
  facet normal -0.6877996607792323 -0.5689973638120437 0.4507478525815933
    outer loop
      vertex 1.7313004901258524 1.6257993765806358 -4.2
      vertex 3.6405764746872635 2.6450336353161292 0
      vertex 3.280358823396352 3.080461976679099 0
    endloop
  endfacet
  facet normal 0.7705132427757886 0.6374239897486905 0
    outer loop
      vertex -1.7313004901258526 -1.6257993765806351 -4.2
      vertex -1.7313004901258526 -1.6257993765806351 -12
      vertex -1.9214153616405003 -1.3959899741946238 -12
    endloop
  endfacet
  facet normal 0.6845471059286893 0.7289686274214109 0
    outer loop
      vertex -1.5138819756531379 -1.8299689515924997 -4.2
      vertex -1.5138819756531379 -1.8299689515924997 -12
      vertex -1.7313004901258526 -1.6257993765806351 -12
    endloop
  endfacet
  facet normal 0.904827052466019 0.4257792915650735 0
    outer loop
      vertex -2.0812283651041756 -1.144164975991574 -4.2
      vertex -2.0812283651041756 -1.144164975991574 -12
      vertex -2.2082191539845972 -0.8742958126261099 -12
    endloop
  endfacet
  facet normal 0.9510565162951538 0.309016994374947 0
    outer loop
      vertex -2.2082191539845972 -0.8742958126261099 -4.2
      vertex -2.2082191539845972 -0.8742958126261099 -12
      vertex -2.300385007680499 -0.5906384820165302 -12
    endloop
  endfacet
  facet normal 0.9822872507286885 0.1873813145857253 0
    outer loop
      vertex -2.300385007680499 -0.5906384820165302 -4.2
      vertex -2.300385007680499 -0.5906384820165302 -12
      vertex -2.356272415621885 -0.29766642971522217 -12
    endloop
  endfacet
  facet normal 0.9980267284282716 0.06279051952931278 0
    outer loop
      vertex -2.356272415621885 -0.29766642971522217 -4.2
      vertex -2.356272415621885 -0.29766642971522217 -12
      vertex -2.375 0 -12
    endloop
  endfacet
  facet normal 0.8443279255020159 0.5358267949789953 0
    outer loop
      vertex -1.9214153616405003 -1.3959899741946238 -4.2
      vertex -1.9214153616405003 -1.3959899741946238 -12
      vertex -2.0812283651041756 -1.144164975991574 -12
    endloop
  endfacet
  facet normal 0.3681245526846776 0.9297764858882516 0
    outer loop
      vertex -0.7339153616405001 -2.2587592262009895 -4.2
      vertex -0.7339153616405001 -2.2587592262009895 -12
      vertex -1.011225817467047 -2.1489642496067964 -12
    endloop
  endfacet
  facet normal 0.5877852522924727 0.8090169943749478 0
    outer loop
      vertex -1.2725886380751172 -2.0052788230672856 -4.2
      vertex -1.2725886380751172 -2.0052788230672856 -12
      vertex -1.5138819756531379 -1.8299689515924997 -12
    endloop
  endfacet
  facet normal 0.48175367410171493 0.8763066800438639 0
    outer loop
      vertex -1.011225817467047 -2.1489642496067964 -4.2
      vertex -1.011225817467047 -2.1489642496067964 -12
      vertex -1.2725886380751172 -2.0052788230672856 -12
    endloop
  endfacet
  facet normal 0.2486898871648558 0.9685831611286307 0
    outer loop
      vertex -0.44503062214109645 -2.3329322204806355 -4.2
      vertex -0.44503062214109645 -2.3329322204806355 -12
      vertex -0.7339153616405001 -2.2587592262009895 -12
    endloop
  endfacet
  facet normal 0.12533323356430498 0.9921147013144778 0
    outer loop
      vertex -0.1491274838821202 -2.370313480017145 -4.2
      vertex -0.1491274838821202 -2.370313480017145 -12
      vertex -0.44503062214109645 -2.3329322204806355 -12
    endloop
  endfacet
  facet normal 0.7705132427757886 0.6374239897486905 0
    outer loop
      vertex -1.9214153616405003 -1.3959899741946238 -4.2
      vertex -1.7313004901258526 -1.6257993765806351 -4.2
      vertex -1.9214153616405003 -1.3959899741946238 -12
    endloop
  endfacet
  facet normal 0.5877852522924727 0.8090169943749478 0
    outer loop
      vertex -1.2725886380751172 -2.0052788230672856 -4.2
      vertex -1.5138819756531379 -1.8299689515924997 -12
      vertex -1.5138819756531379 -1.8299689515924997 -4.2
    endloop
  endfacet
  facet normal 0.6845471059286893 0.7289686274214109 0
    outer loop
      vertex -1.7313004901258526 -1.6257993765806351 -4.2
      vertex -1.5138819756531379 -1.8299689515924997 -4.2
      vertex -1.7313004901258526 -1.6257993765806351 -12
    endloop
  endfacet
  facet normal 0.904827052466019 0.4257792915650735 0
    outer loop
      vertex -2.2082191539845972 -0.8742958126261099 -4.2
      vertex -2.0812283651041756 -1.144164975991574 -4.2
      vertex -2.2082191539845972 -0.8742958126261099 -12
    endloop
  endfacet
  facet normal 0.9822872507286885 0.1873813145857253 0
    outer loop
      vertex -2.300385007680499 -0.5906384820165302 -4.2
      vertex -2.356272415621885 -0.29766642971522217 -12
      vertex -2.356272415621885 -0.29766642971522217 -4.2
    endloop
  endfacet
  facet normal 0.9510565162951538 0.309016994374947 0
    outer loop
      vertex -2.2082191539845972 -0.8742958126261099 -4.2
      vertex -2.300385007680499 -0.5906384820165302 -12
      vertex -2.300385007680499 -0.5906384820165302 -4.2
    endloop
  endfacet
  facet normal 0.9980267284282716 0.06279051952931278 0
    outer loop
      vertex -2.356272415621885 -0.29766642971522217 -4.2
      vertex -2.375 0 -12
      vertex -2.375 0 -4.2
    endloop
  endfacet
  facet normal 0.8443279255020159 0.5358267949789953 0
    outer loop
      vertex -1.9214153616405003 -1.3959899741946238 -4.2
      vertex -2.0812283651041756 -1.144164975991574 -12
      vertex -2.0812283651041756 -1.144164975991574 -4.2
    endloop
  endfacet
  facet normal 0.3681245526846776 0.9297764858882516 0
    outer loop
      vertex -1.011225817467047 -2.1489642496067964 -4.2
      vertex -0.7339153616405001 -2.2587592262009895 -4.2
      vertex -1.011225817467047 -2.1489642496067964 -12
    endloop
  endfacet
  facet normal 0.48175367410171493 0.8763066800438639 0
    outer loop
      vertex -1.2725886380751172 -2.0052788230672856 -4.2
      vertex -1.011225817467047 -2.1489642496067964 -4.2
      vertex -1.2725886380751172 -2.0052788230672856 -12
    endloop
  endfacet
  facet normal 0.2486898871648558 0.9685831611286307 0
    outer loop
      vertex -0.7339153616405001 -2.2587592262009895 -4.2
      vertex -0.44503062214109645 -2.3329322204806355 -4.2
      vertex -0.7339153616405001 -2.2587592262009895 -12
    endloop
  endfacet
  facet normal 0.12533323356430498 0.9921147013144778 0
    outer loop
      vertex -0.44503062214109645 -2.3329322204806355 -4.2
      vertex -0.1491274838821202 -2.370313480017145 -4.2
      vertex -0.44503062214109645 -2.3329322204806355 -12
    endloop
  endfacet
  facet normal 0 1 0
    outer loop
      vertex -0.1491274838821202 -2.370313480017145 -4.2
      vertex 0.1491274838821202 -2.370313480017145 -4.2
      vertex -0.1491274838821202 -2.370313480017145 -12
    endloop
  endfacet
  facet normal 0.9980267284282716 -0.06279051952931278 0
    outer loop
      vertex -2.375 0 -4.2
      vertex -2.375 0 -12
      vertex -2.356272415621885 0.29766642971522217 -12
    endloop
  endfacet
  facet normal 0.9822872507286885 -0.1873813145857253 0
    outer loop
      vertex -2.356272415621885 0.29766642971522217 -4.2
      vertex -2.356272415621885 0.29766642971522217 -12
      vertex -2.300385007680499 0.5906384820165302 -12
    endloop
  endfacet
  facet normal 0.9510565162951538 -0.309016994374947 0
    outer loop
      vertex -2.300385007680499 0.5906384820165302 -4.2
      vertex -2.300385007680499 0.5906384820165302 -12
      vertex -2.2082191539845972 0.8742958126261099 -12
    endloop
  endfacet
  facet normal 0.904827052466019 -0.4257792915650735 0
    outer loop
      vertex -2.2082191539845972 0.8742958126261099 -4.2
      vertex -2.2082191539845972 0.8742958126261099 -12
      vertex -2.0812283651041756 1.144164975991574 -12
    endloop
  endfacet
  facet normal 0.8443279255020159 -0.5358267949789953 0
    outer loop
      vertex -2.0812283651041756 1.144164975991574 -4.2
      vertex -2.0812283651041756 1.144164975991574 -12
      vertex -1.9214153616405003 1.3959899741946238 -12
    endloop
  endfacet
  facet normal 0.7705132427757886 -0.6374239897486905 0
    outer loop
      vertex -1.9214153616405003 1.3959899741946238 -4.2
      vertex -1.9214153616405003 1.3959899741946238 -12
      vertex -1.7313004901258526 1.6257993765806351 -12
    endloop
  endfacet
  facet normal 0.6845471059286893 -0.7289686274214109 0
    outer loop
      vertex -1.7313004901258526 1.6257993765806351 -4.2
      vertex -1.7313004901258526 1.6257993765806351 -12
      vertex -1.5138819756531379 1.8299689515924997 -12
    endloop
  endfacet
  facet normal 0.5877852522924727 -0.8090169943749478 0
    outer loop
      vertex -1.5138819756531379 1.8299689515924997 -4.2
      vertex -1.5138819756531379 1.8299689515924997 -12
      vertex -1.2725886380751172 2.0052788230672856 -12
    endloop
  endfacet
  facet normal 0.4817536741017159 -0.8763066800438633 0
    outer loop
      vertex -1.2725886380751172 2.0052788230672856 -4.2
      vertex -1.2725886380751172 2.0052788230672856 -12
      vertex -1.0112258174670476 2.1489642496067964 -12
    endloop
  endfacet
  facet normal 0.3681245526846768 -0.9297764858882519 0
    outer loop
      vertex -1.0112258174670476 2.1489642496067964 -4.2
      vertex -1.0112258174670476 2.1489642496067964 -12
      vertex -0.7339153616405001 2.2587592262009895 -12
    endloop
  endfacet
  facet normal 0.24868988716485532 -0.968583161128631 0
    outer loop
      vertex -0.7339153616405001 2.2587592262009895 -4.2
      vertex -0.7339153616405001 2.2587592262009895 -12
      vertex -0.44503062214109584 2.3329322204806355 -12
    endloop
  endfacet
  facet normal 0.12533323356430473 -0.9921147013144778 0
    outer loop
      vertex -0.44503062214109584 2.3329322204806355 -4.2
      vertex -0.44503062214109584 2.3329322204806355 -12
      vertex -0.14912748388211902 2.370313480017145 -12
    endloop
  endfacet
  facet normal 0 -1 0
    outer loop
      vertex -0.14912748388211902 2.370313480017145 -4.2
      vertex -0.14912748388211902 2.370313480017145 -12
      vertex 0.1491274838821189 2.370313480017145 -12
    endloop
  endfacet
  facet normal 0.9980267284282716 -0.06279051952931278 0
    outer loop
      vertex -2.375 0 -4.2
      vertex -2.356272415621885 0.29766642971522217 -12
      vertex -2.356272415621885 0.29766642971522217 -4.2
    endloop
  endfacet
  facet normal 0.9822872507286885 -0.1873813145857253 0
    outer loop
      vertex -2.356272415621885 0.29766642971522217 -4.2
      vertex -2.300385007680499 0.5906384820165302 -12
      vertex -2.300385007680499 0.5906384820165302 -4.2
    endloop
  endfacet
  facet normal 0.9510565162951538 -0.309016994374947 0
    outer loop
      vertex -2.300385007680499 0.5906384820165302 -4.2
      vertex -2.2082191539845972 0.8742958126261099 -12
      vertex -2.2082191539845972 0.8742958126261099 -4.2
    endloop
  endfacet
  facet normal 0.904827052466019 -0.4257792915650735 0
    outer loop
      vertex -2.2082191539845972 0.8742958126261099 -4.2
      vertex -2.0812283651041756 1.144164975991574 -12
      vertex -2.0812283651041756 1.144164975991574 -4.2
    endloop
  endfacet
  facet normal 0.8443279255020159 -0.5358267949789953 0
    outer loop
      vertex -2.0812283651041756 1.144164975991574 -4.2
      vertex -1.9214153616405003 1.3959899741946238 -12
      vertex -1.9214153616405003 1.3959899741946238 -4.2
    endloop
  endfacet
  facet normal 0.7705132427757886 -0.6374239897486905 0
    outer loop
      vertex -1.9214153616405003 1.3959899741946238 -4.2
      vertex -1.7313004901258526 1.6257993765806351 -12
      vertex -1.7313004901258526 1.6257993765806351 -4.2
    endloop
  endfacet
  facet normal 0.6845471059286893 -0.7289686274214109 0
    outer loop
      vertex -1.7313004901258526 1.6257993765806351 -4.2
      vertex -1.5138819756531379 1.8299689515924997 -12
      vertex -1.5138819756531379 1.8299689515924997 -4.2
    endloop
  endfacet
  facet normal 0.5877852522924727 -0.8090169943749478 0
    outer loop
      vertex -1.5138819756531379 1.8299689515924997 -4.2
      vertex -1.2725886380751172 2.0052788230672856 -12
      vertex -1.2725886380751172 2.0052788230672856 -4.2
    endloop
  endfacet
  facet normal 0.4817536741017159 -0.8763066800438633 0
    outer loop
      vertex -1.2725886380751172 2.0052788230672856 -4.2
      vertex -1.0112258174670476 2.1489642496067964 -12
      vertex -1.0112258174670476 2.1489642496067964 -4.2
    endloop
  endfacet
  facet normal 0.3681245526846768 -0.9297764858882519 0
    outer loop
      vertex -1.0112258174670476 2.1489642496067964 -4.2
      vertex -0.7339153616405001 2.2587592262009895 -12
      vertex -0.7339153616405001 2.2587592262009895 -4.2
    endloop
  endfacet
  facet normal 0.24868988716485532 -0.968583161128631 0
    outer loop
      vertex -0.7339153616405001 2.2587592262009895 -4.2
      vertex -0.44503062214109584 2.3329322204806355 -12
      vertex -0.44503062214109584 2.3329322204806355 -4.2
    endloop
  endfacet
  facet normal 0.12533323356430473 -0.9921147013144778 0
    outer loop
      vertex -0.44503062214109584 2.3329322204806355 -4.2
      vertex -0.14912748388211902 2.370313480017145 -12
      vertex -0.14912748388211902 2.370313480017145 -4.2
    endloop
  endfacet
  facet normal 0 1 0
    outer loop
      vertex 0.1491274838821202 -2.370313480017145 -4.2
      vertex 0.1491274838821202 -2.370313480017145 -12
      vertex -0.1491274838821202 -2.370313480017145 -12
    endloop
  endfacet
  facet normal -0.12533323356430498 0.9921147013144778 0
    outer loop
      vertex 0.44503062214109645 -2.3329322204806355 -4.2
      vertex 0.44503062214109645 -2.3329322204806355 -12
      vertex 0.1491274838821202 -2.370313480017145 -12
    endloop
  endfacet
  facet normal -0.2486898871648558 0.9685831611286307 0
    outer loop
      vertex 0.7339153616405001 -2.2587592262009895 -4.2
      vertex 0.7339153616405001 -2.2587592262009895 -12
      vertex 0.44503062214109645 -2.3329322204806355 -12
    endloop
  endfacet
  facet normal -0.3681245526846776 0.9297764858882516 0
    outer loop
      vertex 1.011225817467047 -2.1489642496067964 -4.2
      vertex 1.011225817467047 -2.1489642496067964 -12
      vertex 0.7339153616405001 -2.2587592262009895 -12
    endloop
  endfacet
  facet normal -0.48175367410171455 0.8763066800438641 0
    outer loop
      vertex 1.272588638075116 -2.0052788230672864 -4.2
      vertex 1.272588638075116 -2.0052788230672864 -12
      vertex 1.011225817467047 -2.1489642496067964 -12
    endloop
  endfacet
  facet normal -0.5877852522924726 0.8090169943749479 0
    outer loop
      vertex 1.5138819756531388 -1.829968951592499 -4.2
      vertex 1.5138819756531388 -1.829968951592499 -12
      vertex 1.272588638075116 -2.0052788230672864 -12
    endloop
  endfacet
  facet normal -0.6845471059286896 0.7289686274214108 0
    outer loop
      vertex 1.7313004901258526 -1.6257993765806351 -4.2
      vertex 1.7313004901258526 -1.6257993765806351 -12
      vertex 1.5138819756531388 -1.829968951592499 -12
    endloop
  endfacet
  facet normal -0.7705132427757886 0.6374239897486905 0
    outer loop
      vertex 1.9214153616405003 -1.3959899741946238 -4.2
      vertex 1.9214153616405003 -1.3959899741946238 -12
      vertex 1.7313004901258526 -1.6257993765806351 -12
    endloop
  endfacet
  facet normal -0.8443279255020159 0.5358267949789953 0
    outer loop
      vertex 2.0812283651041756 -1.144164975991574 -4.2
      vertex 2.0812283651041756 -1.144164975991574 -12
      vertex 1.9214153616405003 -1.3959899741946238 -12
    endloop
  endfacet
  facet normal -0.904827052466019 0.42577929156507394 0
    outer loop
      vertex 2.208219153984597 -0.8742958126261111 -4.2
      vertex 2.208219153984597 -0.8742958126261111 -12
      vertex 2.0812283651041756 -1.144164975991574 -12
    endloop
  endfacet
  facet normal -0.9510565162951535 0.30901699437494756 0
    outer loop
      vertex 2.3003850076804992 -0.5906384820165292 -4.2
      vertex 2.3003850076804992 -0.5906384820165292 -12
      vertex 2.208219153984597 -0.8742958126261111 -12
    endloop
  endfacet
  facet normal -0.9822872507286888 0.1873813145857245 0
    outer loop
      vertex 2.356272415621885 -0.29766642971522217 -4.2
      vertex 2.356272415621885 -0.29766642971522217 -12
      vertex 2.3003850076804992 -0.5906384820165292 -12
    endloop
  endfacet
  facet normal -0.9980267284282716 0.06279051952931278 0
    outer loop
      vertex 2.375 0 -4.2
      vertex 2.375 0 -12
      vertex 2.356272415621885 -0.29766642971522217 -12
    endloop
  endfacet
  facet normal -0.12533323356430498 0.9921147013144778 0
    outer loop
      vertex 0.1491274838821202 -2.370313480017145 -4.2
      vertex 0.44503062214109645 -2.3329322204806355 -4.2
      vertex 0.1491274838821202 -2.370313480017145 -12
    endloop
  endfacet
  facet normal -0.2486898871648558 0.9685831611286307 0
    outer loop
      vertex 0.44503062214109645 -2.3329322204806355 -4.2
      vertex 0.7339153616405001 -2.2587592262009895 -4.2
      vertex 0.44503062214109645 -2.3329322204806355 -12
    endloop
  endfacet
  facet normal -0.3681245526846776 0.9297764858882516 0
    outer loop
      vertex 0.7339153616405001 -2.2587592262009895 -4.2
      vertex 1.011225817467047 -2.1489642496067964 -4.2
      vertex 0.7339153616405001 -2.2587592262009895 -12
    endloop
  endfacet
  facet normal -0.48175367410171455 0.8763066800438641 0
    outer loop
      vertex 1.011225817467047 -2.1489642496067964 -4.2
      vertex 1.272588638075116 -2.0052788230672864 -4.2
      vertex 1.011225817467047 -2.1489642496067964 -12
    endloop
  endfacet
  facet normal -0.5877852522924726 0.8090169943749479 0
    outer loop
      vertex 1.272588638075116 -2.0052788230672864 -4.2
      vertex 1.5138819756531388 -1.829968951592499 -4.2
      vertex 1.272588638075116 -2.0052788230672864 -12
    endloop
  endfacet
  facet normal -0.6845471059286896 0.7289686274214108 0
    outer loop
      vertex 1.5138819756531388 -1.829968951592499 -4.2
      vertex 1.7313004901258526 -1.6257993765806351 -4.2
      vertex 1.5138819756531388 -1.829968951592499 -12
    endloop
  endfacet
  facet normal -0.7705132427757886 0.6374239897486905 0
    outer loop
      vertex 1.7313004901258526 -1.6257993765806351 -4.2
      vertex 1.9214153616405003 -1.3959899741946238 -4.2
      vertex 1.7313004901258526 -1.6257993765806351 -12
    endloop
  endfacet
  facet normal -0.8443279255020159 0.5358267949789953 0
    outer loop
      vertex 1.9214153616405003 -1.3959899741946238 -4.2
      vertex 2.0812283651041756 -1.144164975991574 -4.2
      vertex 1.9214153616405003 -1.3959899741946238 -12
    endloop
  endfacet
  facet normal -0.904827052466019 0.42577929156507394 0
    outer loop
      vertex 2.0812283651041756 -1.144164975991574 -4.2
      vertex 2.208219153984597 -0.8742958126261111 -4.2
      vertex 2.0812283651041756 -1.144164975991574 -12
    endloop
  endfacet
  facet normal -0.9510565162951535 0.30901699437494756 0
    outer loop
      vertex 2.208219153984597 -0.8742958126261111 -4.2
      vertex 2.3003850076804992 -0.5906384820165292 -4.2
      vertex 2.208219153984597 -0.8742958126261111 -12
    endloop
  endfacet
  facet normal -0.9822872507286888 0.1873813145857245 0
    outer loop
      vertex 2.3003850076804992 -0.5906384820165292 -4.2
      vertex 2.356272415621885 -0.29766642971522217 -4.2
      vertex 2.3003850076804992 -0.5906384820165292 -12
    endloop
  endfacet
  facet normal -0.9980267284282716 0.06279051952931278 0
    outer loop
      vertex 2.356272415621885 -0.29766642971522217 -4.2
      vertex 2.375 0 -4.2
      vertex 2.356272415621885 -0.29766642971522217 -12
    endloop
  endfacet
  facet normal -0.12533323356430467 -0.9921147013144778 1.783946687869404e-18
    outer loop
      vertex 0.14912748388211902 2.370313480017145 -4.2
      vertex 0.1491274838821189 2.370313480017145 -12
      vertex 0.44503062214109584 2.3329322204806355 -12
    endloop
  endfacet
  facet normal -0.24868988716485532 -0.968583161128631 0
    outer loop
      vertex 0.44503062214109584 2.3329322204806355 -4.2
      vertex 0.44503062214109584 2.3329322204806355 -12
      vertex 0.7339153616405001 2.2587592262009895 -12
    endloop
  endfacet
  facet normal -0.481753674101715 -0.8763066800438637 0
    outer loop
      vertex 1.0112258174670476 2.1489642496067964 -4.2
      vertex 1.0112258174670476 2.1489642496067964 -12
      vertex 1.272588638075117 2.005278823067286 -12
    endloop
  endfacet
  facet normal -0.5877852522924739 -0.8090169943749469 0
    outer loop
      vertex 1.272588638075117 2.005278823067286 -4.2
      vertex 1.272588638075117 2.005278823067286 -12
      vertex 1.513881975653138 1.8299689515924993 -12
    endloop
  endfacet
  facet normal -0.3681245526846768 -0.9297764858882519 0
    outer loop
      vertex 0.7339153616405001 2.2587592262009895 -4.2
      vertex 0.7339153616405001 2.2587592262009895 -12
      vertex 1.0112258174670476 2.1489642496067964 -12
    endloop
  endfacet
  facet normal -0.8443279255020152 -0.5358267949789964 0
    outer loop
      vertex 1.9214153616405003 1.3959899741946238 -4.2
      vertex 1.9214153616405003 1.3959899741946238 -12
      vertex 2.081228365104176 1.144164975991574 -12
    endloop
  endfacet
  facet normal -0.9980267284282716 -0.06279051952931268 0
    outer loop
      vertex 2.356272415621885 0.2976664297152226 -4.2
      vertex 2.356272415621885 0.2976664297152226 -12
      vertex 2.375 0 -12
    endloop
  endfacet
  facet normal -0.9822872507286885 -0.18738131458572563 0
    outer loop
      vertex 2.300385007680499 0.5906384820165301 -4.2
      vertex 2.300385007680499 0.5906384820165301 -12
      vertex 2.356272415621885 0.2976664297152226 -12
    endloop
  endfacet
  facet normal -0.9510565162951534 -0.309016994374948 0
    outer loop
      vertex 2.208219153984597 0.8742958126261102 -4.2
      vertex 2.208219153984597 0.8742958126261102 -12
      vertex 2.300385007680499 0.5906384820165301 -12
    endloop
  endfacet
  facet normal -0.90482705246602 -0.4257792915650715 0
    outer loop
      vertex 2.081228365104176 1.144164975991574 -4.2
      vertex 2.081228365104176 1.144164975991574 -12
      vertex 2.208219153984597 0.8742958126261102 -12
    endloop
  endfacet
  facet normal -0.6845471059286881 -0.728968627421412 0
    outer loop
      vertex 1.513881975653138 1.8299689515924993 -4.2
      vertex 1.513881975653138 1.8299689515924993 -12
      vertex 1.7313004901258524 1.6257993765806358 -12
    endloop
  endfacet
  facet normal -0.7705132427757891 -0.6374239897486899 0
    outer loop
      vertex 1.7313004901258524 1.6257993765806358 -4.2
      vertex 1.7313004901258524 1.6257993765806358 -12
      vertex 1.9214153616405003 1.3959899741946238 -12
    endloop
  endfacet
  facet normal 0 -1 0
    outer loop
      vertex -0.14912748388211902 2.370313480017145 -4.2
      vertex 0.1491274838821189 2.370313480017145 -12
      vertex 0.14912748388211902 2.370313480017145 -4.2
    endloop
  endfacet
  facet normal -0.12533323356430473 -0.9921147013144778 0
    outer loop
      vertex 0.14912748388211902 2.370313480017145 -4.2
      vertex 0.44503062214109584 2.3329322204806355 -12
      vertex 0.44503062214109584 2.3329322204806355 -4.2
    endloop
  endfacet
  facet normal -0.24868988716485532 -0.968583161128631 0
    outer loop
      vertex 0.44503062214109584 2.3329322204806355 -4.2
      vertex 0.7339153616405001 2.2587592262009895 -12
      vertex 0.7339153616405001 2.2587592262009895 -4.2
    endloop
  endfacet
  facet normal -0.481753674101715 -0.8763066800438637 0
    outer loop
      vertex 1.0112258174670476 2.1489642496067964 -4.2
      vertex 1.272588638075117 2.005278823067286 -12
      vertex 1.272588638075117 2.005278823067286 -4.2
    endloop
  endfacet
  facet normal -0.3681245526846768 -0.9297764858882519 0
    outer loop
      vertex 0.7339153616405001 2.2587592262009895 -4.2
      vertex 1.0112258174670476 2.1489642496067964 -12
      vertex 1.0112258174670476 2.1489642496067964 -4.2
    endloop
  endfacet
  facet normal -0.8443279255020152 -0.5358267949789964 0
    outer loop
      vertex 2.081228365104176 1.144164975991574 -4.2
      vertex 1.9214153616405003 1.3959899741946238 -4.2
      vertex 2.081228365104176 1.144164975991574 -12
    endloop
  endfacet
  facet normal -0.9980267284282716 -0.06279051952931268 0
    outer loop
      vertex 2.375 0 -4.2
      vertex 2.356272415621885 0.2976664297152226 -4.2
      vertex 2.375 0 -12
    endloop
  endfacet
  facet normal -0.9510565162951534 -0.309016994374948 0
    outer loop
      vertex 2.300385007680499 0.5906384820165301 -4.2
      vertex 2.208219153984597 0.8742958126261102 -4.2
      vertex 2.300385007680499 0.5906384820165301 -12
    endloop
  endfacet
  facet normal -0.9822872507286885 -0.18738131458572563 0
    outer loop
      vertex 2.356272415621885 0.2976664297152226 -4.2
      vertex 2.300385007680499 0.5906384820165301 -4.2
      vertex 2.356272415621885 0.2976664297152226 -12
    endloop
  endfacet
  facet normal -0.90482705246602 -0.4257792915650715 0
    outer loop
      vertex 2.081228365104176 1.144164975991574 -4.2
      vertex 2.208219153984597 0.8742958126261102 -12
      vertex 2.208219153984597 0.8742958126261102 -4.2
    endloop
  endfacet
  facet normal -0.6845471059286881 -0.728968627421412 0
    outer loop
      vertex 1.513881975653138 1.8299689515924993 -4.2
      vertex 1.7313004901258524 1.6257993765806358 -12
      vertex 1.7313004901258524 1.6257993765806358 -4.2
    endloop
  endfacet
  facet normal -0.5877852522924739 -0.8090169943749469 0
    outer loop
      vertex 1.513881975653138 1.8299689515924993 -4.2
      vertex 1.272588638075117 2.005278823067286 -4.2
      vertex 1.513881975653138 1.8299689515924993 -12
    endloop
  endfacet
  facet normal -0.7705132427757891 -0.6374239897486899 0
    outer loop
      vertex 1.7313004901258524 1.6257993765806358 -4.2
      vertex 1.9214153616405003 1.3959899741946238 -12
      vertex 1.9214153616405003 1.3959899741946238 -4.2
    endloop
  endfacet
  facet normal 0 0 1
    outer loop
      vertex -4.045084971874737 -2.938926261462366 0
      vertex -3.6448431371070584 -3.4227355296434423 0
      vertex -3.9433800601973856 -2.1678915334577193 0
    endloop
  endfacet
  facet normal 0 0 1
    outer loop
      vertex -3.6448431371070584 -3.4227355296434423 0
      vertex -3.2803588233963525 -3.080461976679098 0
      vertex -3.6405764746872635 -2.6450336353161292 0
    endloop
  endfacet
  facet normal 0 0 1
    outer loop
      vertex -3.1871199487434483 -3.852566213878947 0
      vertex -2.6791339748949836 -4.221639627510075 0
      vertex -2.868407953869103 -3.467309592491052 0
    endloop
  endfacet
  facet normal 0 0 1
    outer loop
      vertex -3.1871199487434483 -3.852566213878947 0
      vertex -3.2803588233963525 -3.080461976679098 0
      vertex -3.6448431371070584 -3.4227355296434423 0
    endloop
  endfacet
  facet normal 0 0 1
    outer loop
      vertex -3.1871199487434483 -3.852566213878947 0
      vertex -2.868407953869103 -3.467309592491052 0
      vertex -3.2803588233963525 -3.080461976679098 0
    endloop
  endfacet
  facet normal 0.7705132427757889 0.6374239897486902 0
    outer loop
      vertex -4.045084971874737 -2.938926261462366 0
      vertex -4.045084971874737 -2.938926261462366 3
      vertex -3.6448431371070584 -3.4227355296434423 0
    endloop
  endfacet
  facet normal 0.6845471059286894 0.7289686274214109 0
    outer loop
      vertex -3.1871199487434483 -3.852566213878947 0
      vertex -3.6448431371070584 -3.4227355296434423 0
      vertex -3.1871199487434483 -3.852566213878947 3
    endloop
  endfacet
  facet normal 0.5877852522924722 0.8090169943749481 0
    outer loop
      vertex -3.1871199487434483 -3.852566213878947 0
      vertex -2.6791339748949836 -4.221639627510075 3
      vertex -2.6791339748949836 -4.221639627510075 0
    endloop
  endfacet
  facet normal 0 0 1
    outer loop
      vertex -4.381533400219317 -2.408768370508577 0
      vertex -4.464516155915151 -0.5639995510393683 0
      vertex -4.648882429441257 -1.8406227634233894 0
    endloop
  endfacet
  facet normal 0 0 1
    outer loop
      vertex -4.381533400219317 -2.408768370508577 0
      vertex -4.183994186497132 -1.6565604870810504 0
      vertex -4.35862422507884 -1.119104492241847 0
    endloop
  endfacet
  facet normal 0 0 1
    outer loop
      vertex -4.381533400219317 -2.408768370508577 0
      vertex -4.35862422507884 -1.119104492241847 0
      vertex -4.464516155915151 -0.5639995510393683 0
    endloop
  endfacet
  facet normal 0 0 1
    outer loop
      vertex -4.648882429441257 -1.8406227634233894 0
      vertex -4.464516155915151 -0.5639995510393683 0
      vertex -4.5 0 0
    endloop
  endfacet
  facet normal 0 0 1
    outer loop
      vertex -4.648882429441257 -1.8406227634233894 0
      vertex -4.648882429441257 1.8406227634233894 0
      vertex -4.842915805643155 -1.2434494358242743 0
    endloop
  endfacet
  facet normal 0 0 1
    outer loop
      vertex -4.842915805643155 -1.2434494358242743 0
      vertex -4.842915805643155 1.2434494358242743 0
      vertex -4.9605735065723895 -0.6266661678215203 0
    endloop
  endfacet
  facet normal 0 0 1
    outer loop
      vertex -4.045084971874737 -2.938926261462366 0
      vertex -4.183994186497132 -1.6565604870810504 0
      vertex -4.381533400219317 -2.408768370508577 0
    endloop
  endfacet
  facet normal 0 0 1
    outer loop
      vertex -4.045084971874737 -2.938926261462366 0
      vertex -3.9433800601973856 -2.1678915334577193 0
      vertex -4.183994186497132 -1.6565604870810504 0
    endloop
  endfacet
  facet normal 0 0 1
    outer loop
      vertex -3.6448431371070584 -3.4227355296434423 0
      vertex -3.6405764746872635 -2.6450336353161292 0
      vertex -3.9433800601973856 -2.1678915334577193 0
    endloop
  endfacet
  facet normal 0.8443279255020154 0.535826794978996 0
    outer loop
      vertex -4.045084971874737 -2.938926261462366 0
      vertex -4.381533400219317 -2.408768370508577 0
      vertex -4.381533400219317 -2.408768370508577 3
    endloop
  endfacet
  facet normal 0.9510565162951536 0.30901699437494723 0
    outer loop
      vertex -4.648882429441257 -1.8406227634233894 0
      vertex -4.842915805643155 -1.2434494358242743 0
      vertex -4.842915805643155 -1.2434494358242743 3
    endloop
  endfacet
  facet normal 0.9048270524660195 0.42577929156507305 0
    outer loop
      vertex -4.381533400219317 -2.408768370508577 0
      vertex -4.648882429441257 -1.8406227634233894 0
      vertex -4.648882429441257 -1.8406227634233894 3
    endloop
  endfacet
  facet normal 0.9980267284282717 0.06279051952931294 0
    outer loop
      vertex -4.9605735065723895 -0.6266661678215203 0
      vertex -5 0 0
      vertex -5 0 3
    endloop
  endfacet
  facet normal 0.9822872507286885 0.18738131458572513 0
    outer loop
      vertex -4.842915805643155 -1.2434494358242743 0
      vertex -4.9605735065723895 -0.6266661678215203 0
      vertex -4.9605735065723895 -0.6266661678215203 3
    endloop
  endfacet
  facet normal 0 0 1
    outer loop
      vertex -2.128896457825362 -4.524135262330098 0
      vertex -1.545084971874737 -4.755282581475767 0
      vertex -1.916006812042826 -4.071721736097088 0
    endloop
  endfacet
  facet normal 0 0 1
    outer loop
      vertex -1.916006812042826 -4.071721736097088 0
      vertex -1.545084971874737 -4.755282581475767 0
      vertex -1.3905764746872633 -4.2797543233281905 0
    endloop
  endfacet
  facet normal 0 0 1
    outer loop
      vertex -2.6791339748949836 -4.221639627510075 0
      vertex -2.4112205774054853 -3.7994756647590675 0
      vertex -2.868407953869103 -3.467309592491052 0
    endloop
  endfacet
  facet normal 0 0 1
    outer loop
      vertex -2.6791339748949836 -4.221639627510075 0
      vertex -2.128896457825362 -4.524135262330098 0
      vertex -2.4112205774054853 -3.7994756647590675 0
    endloop
  endfacet
  facet normal 0 0 1
    outer loop
      vertex -2.128896457825362 -4.524135262330098 0
      vertex -1.916006812042826 -4.071721736097088 0
      vertex -2.4112205774054853 -3.7994756647590675 0
    endloop
  endfacet
  facet normal 0 0 1
    outer loop
      vertex -1.545084971874737 -4.755282581475767 0
      vertex -0.9369065729286241 -4.911436253643443 0
      vertex -1.3905764746872633 -4.2797543233281905 0
    endloop
  endfacet
  facet normal 0 0 1
    outer loop
      vertex -1.3905764746872633 -4.2797543233281905 0
      vertex -0.9369065729286241 -4.911436253643443 0
      vertex -0.8432159156357617 -4.420292628279099 0
    endloop
  endfacet
  facet normal 0 0 1
    outer loop
      vertex -0.9369065729286241 -4.911436253643443 0
      vertex -0.3139525976465688 -4.990133642141358 0
      vertex -0.8432159156357617 -4.420292628279099 0
    endloop
  endfacet
  facet normal 0 0 1
    outer loop
      vertex -0.8432159156357617 -4.420292628279099 0
      vertex -0.3139525976465688 -4.990133642141358 0
      vertex -0.282557337881912 -4.491120277927222 0
    endloop
  endfacet
  facet normal 0 0 1
    outer loop
      vertex -0.3139525976465688 -4.990133642141358 0
      vertex 0.28255733788191195 -4.491120277927222 0
      vertex -0.282557337881912 -4.491120277927222 0
    endloop
  endfacet
  facet normal 0.4817536741017159 0.8763066800438633 0
    outer loop
      vertex -2.6791339748949836 -4.221639627510075 0
      vertex -2.128896457825362 -4.524135262330098 3
      vertex -2.128896457825362 -4.524135262330098 0
    endloop
  endfacet
  facet normal 0.3681245526846768 0.9297764858882519 0
    outer loop
      vertex -2.128896457825362 -4.524135262330098 0
      vertex -1.545084971874737 -4.755282581475767 3
      vertex -1.545084971874737 -4.755282581475767 0
    endloop
  endfacet
  facet normal 0.24868988716485582 0.968583161128631 0
    outer loop
      vertex -1.545084971874737 -4.755282581475767 0
      vertex -0.9369065729286241 -4.911436253643443 3
      vertex -0.9369065729286241 -4.911436253643443 0
    endloop
  endfacet
  facet normal 0.12533323356430498 0.9921147013144778 0
    outer loop
      vertex -0.9369065729286241 -4.911436253643443 0
      vertex -0.3139525976465688 -4.990133642141358 3
      vertex -0.3139525976465688 -4.990133642141358 0
    endloop
  endfacet
  facet normal 0.7705132427757889 0.6374239897486902 0
    outer loop
      vertex -3.6448431371070584 -3.4227355296434423 0
      vertex -4.045084971874737 -2.938926261462366 3
      vertex -3.6448431371070584 -3.4227355296434423 3
    endloop
  endfacet
  facet normal 0.6845471059286894 0.7289686274214109 0
    outer loop
      vertex -3.6448431371070584 -3.4227355296434423 0
      vertex -3.6448431371070584 -3.4227355296434423 3
      vertex -3.1871199487434483 -3.852566213878947 3
    endloop
  endfacet
  facet normal 0.5877852522924722 0.8090169943749481 0
    outer loop
      vertex -3.1871199487434483 -3.852566213878947 0
      vertex -3.1871199487434483 -3.852566213878947 3
      vertex -2.6791339748949836 -4.221639627510075 3
    endloop
  endfacet
  facet normal 0.9048270524660195 0.42577929156507305 0
    outer loop
      vertex -4.381533400219317 -2.408768370508577 0
      vertex -4.648882429441257 -1.8406227634233894 3
      vertex -4.381533400219317 -2.408768370508577 3
    endloop
  endfacet
  facet normal 0.9510565162951536 0.30901699437494723 0
    outer loop
      vertex -4.648882429441257 -1.8406227634233894 0
      vertex -4.842915805643155 -1.2434494358242743 3
      vertex -4.648882429441257 -1.8406227634233894 3
    endloop
  endfacet
  facet normal 0.9980267284282717 0.06279051952931294 0
    outer loop
      vertex -4.9605735065723895 -0.6266661678215203 0
      vertex -5 0 3
      vertex -4.9605735065723895 -0.6266661678215203 3
    endloop
  endfacet
  facet normal 0.9822872507286885 0.18738131458572513 0
    outer loop
      vertex -4.842915805643155 -1.2434494358242743 0
      vertex -4.9605735065723895 -0.6266661678215203 3
      vertex -4.842915805643155 -1.2434494358242743 3
    endloop
  endfacet
  facet normal 0.8443279255020154 0.535826794978996 0
    outer loop
      vertex -4.045084971874737 -2.938926261462366 0
      vertex -4.381533400219317 -2.408768370508577 3
      vertex -4.045084971874737 -2.938926261462366 3
    endloop
  endfacet
  facet normal 0.4817536741017159 0.8763066800438633 0
    outer loop
      vertex -2.6791339748949836 -4.221639627510075 0
      vertex -2.6791339748949836 -4.221639627510075 3
      vertex -2.128896457825362 -4.524135262330098 3
    endloop
  endfacet
  facet normal 0.3681245526846768 0.9297764858882519 0
    outer loop
      vertex -2.128896457825362 -4.524135262330098 0
      vertex -2.128896457825362 -4.524135262330098 3
      vertex -1.545084971874737 -4.755282581475767 3
    endloop
  endfacet
  facet normal 0.12533323356430498 0.9921147013144778 0
    outer loop
      vertex -0.9369065729286241 -4.911436253643443 0
      vertex -0.9369065729286241 -4.911436253643443 3
      vertex -0.3139525976465688 -4.990133642141358 3
    endloop
  endfacet
  facet normal 0.24868988716485582 0.968583161128631 0
    outer loop
      vertex -1.545084971874737 -4.755282581475767 0
      vertex -1.545084971874737 -4.755282581475767 3
      vertex -0.9369065729286241 -4.911436253643443 3
    endloop
  endfacet
  facet normal 0 1 0
    outer loop
      vertex -0.3139525976465688 -4.990133642141358 0
      vertex -0.3139525976465688 -4.990133642141358 3
      vertex 0.3139525976465688 -4.990133642141358 3
    endloop
  endfacet
  facet normal 0 0 1
    outer loop
      vertex -4.9605735065723895 -0.6266661678215203 0
      vertex -4.9605735065723895 0.6266661678215203 0
      vertex -5 0 0
    endloop
  endfacet
  facet normal 0 0 1
    outer loop
      vertex -4.9605735065723895 -0.6266661678215203 0
      vertex -4.842915805643155 1.2434494358242743 0
      vertex -4.9605735065723895 0.6266661678215203 0
    endloop
  endfacet
  facet normal 0 0 1
    outer loop
      vertex -4.842915805643155 -1.2434494358242743 0
      vertex -4.648882429441257 1.8406227634233894 0
      vertex -4.842915805643155 1.2434494358242743 0
    endloop
  endfacet
  facet normal 0 0 1
    outer loop
      vertex -4.648882429441257 -1.8406227634233894 0
      vertex -4.5 0 0
      vertex -4.381533400219317 2.408768370508577 0
    endloop
  endfacet
  facet normal 0 0 1
    outer loop
      vertex -4.648882429441257 -1.8406227634233894 0
      vertex -4.381533400219317 2.408768370508577 0
      vertex -4.648882429441257 1.8406227634233894 0
    endloop
  endfacet
  facet normal 0 0 1
    outer loop
      vertex -4.5 0 0
      vertex -4.464516155915151 0.5639995510393683 0
      vertex -4.381533400219317 2.408768370508577 0
    endloop
  endfacet
  facet normal 0 0 1
    outer loop
      vertex -4.464516155915151 0.5639995510393683 0
      vertex -4.35862422507884 1.119104492241847 0
      vertex -4.381533400219317 2.408768370508577 0
    endloop
  endfacet
  facet normal 0 0 1
    outer loop
      vertex -4.35862422507884 1.119104492241847 0
      vertex -4.183994186497132 1.6565604870810504 0
      vertex -4.381533400219317 2.408768370508577 0
    endloop
  endfacet
  facet normal 0 0 1
    outer loop
      vertex -4.381533400219317 2.408768370508577 0
      vertex -4.183994186497132 1.6565604870810504 0
      vertex -3.9433800601973856 2.1678915334577193 0
    endloop
  endfacet
  facet normal 0 0 1
    outer loop
      vertex -4.381533400219317 2.408768370508577 0
      vertex -3.9433800601973856 2.1678915334577193 0
      vertex -4.045084971874737 2.938926261462366 0
    endloop
  endfacet
  facet normal 0 0 1
    outer loop
      vertex -3.9433800601973856 2.1678915334577193 0
      vertex -3.6405764746872635 2.6450336353161292 0
      vertex -4.045084971874737 2.938926261462366 0
    endloop
  endfacet
  facet normal 0.9980267284282717 -0.06279051952931294 0
    outer loop
      vertex -5 0 0
      vertex -4.9605735065723895 0.6266661678215203 0
      vertex -4.9605735065723895 0.6266661678215203 3
    endloop
  endfacet
  facet normal 0.9822872507286885 -0.18738131458572513 0
    outer loop
      vertex -4.9605735065723895 0.6266661678215203 0
      vertex -4.842915805643155 1.2434494358242743 0
      vertex -4.842915805643155 1.2434494358242743 3
    endloop
  endfacet
  facet normal 0.9510565162951536 -0.30901699437494723 0
    outer loop
      vertex -4.842915805643155 1.2434494358242743 0
      vertex -4.648882429441257 1.8406227634233894 0
      vertex -4.648882429441257 1.8406227634233894 3
    endloop
  endfacet
  facet normal 0.9048270524660195 -0.42577929156507305 0
    outer loop
      vertex -4.648882429441257 1.8406227634233894 0
      vertex -4.381533400219317 2.408768370508577 0
      vertex -4.381533400219317 2.408768370508577 3
    endloop
  endfacet
  facet normal 0.8443279255020154 -0.535826794978996 0
    outer loop
      vertex -4.381533400219317 2.408768370508577 0
      vertex -4.045084971874737 2.938926261462366 0
      vertex -4.045084971874737 2.938926261462366 3
    endloop
  endfacet
  facet normal 0 0 1
    outer loop
      vertex -4.045084971874737 2.938926261462366 0
      vertex -3.6405764746872635 2.6450336353161292 0
      vertex -3.6448431371070584 3.4227355296434423 0
    endloop
  endfacet
  facet normal 0 0 1
    outer loop
      vertex -3.6405764746872635 2.6450336353161292 0
      vertex -3.2803588233963525 3.080461976679098 0
      vertex -3.6448431371070584 3.4227355296434423 0
    endloop
  endfacet
  facet normal 0 0 1
    outer loop
      vertex -3.2803588233963525 3.080461976679098 0
      vertex -2.868407953869103 3.467309592491052 0
      vertex -3.6448431371070584 3.4227355296434423 0
    endloop
  endfacet
  facet normal 0 0 1
    outer loop
      vertex -3.6448431371070584 3.4227355296434423 0
      vertex -2.868407953869103 3.467309592491052 0
      vertex -3.1871199487434483 3.852566213878947 0
    endloop
  endfacet
  facet normal 0 0 1
    outer loop
      vertex -2.868407953869103 3.467309592491052 0
      vertex -2.4112205774054853 3.7994756647590675 0
      vertex -3.1871199487434483 3.852566213878947 0
    endloop
  endfacet
  facet normal 0.7705132427757889 -0.6374239897486902 0
    outer loop
      vertex -4.045084971874737 2.938926261462366 0
      vertex -3.6448431371070584 3.4227355296434423 0
      vertex -3.6448431371070584 3.4227355296434423 3
    endloop
  endfacet
  facet normal 0.6845471059286894 -0.7289686274214109 0
    outer loop
      vertex -3.6448431371070584 3.4227355296434423 0
      vertex -3.1871199487434483 3.852566213878947 0
      vertex -3.6448431371070584 3.4227355296434423 3
    endloop
  endfacet
  facet normal 0.5877852522924722 -0.8090169943749481 0
    outer loop
      vertex -3.1871199487434483 3.852566213878947 0
      vertex -2.6791339748949836 4.221639627510075 0
      vertex -3.1871199487434483 3.852566213878947 3
    endloop
  endfacet
  facet normal 0 0 1
    outer loop
      vertex -3.1871199487434483 3.852566213878947 0
      vertex -2.4112205774054853 3.7994756647590675 0
      vertex -2.6791339748949836 4.221639627510075 0
    endloop
  endfacet
  facet normal 0 0 1
    outer loop
      vertex -2.6791339748949836 4.221639627510075 0
      vertex -2.4112205774054853 3.7994756647590675 0
      vertex -1.9160068120428273 4.071721736097087 0
    endloop
  endfacet
  facet normal 0 0 1
    outer loop
      vertex -2.6791339748949836 4.221639627510075 0
      vertex -1.9160068120428273 4.071721736097087 0
      vertex -2.1288964578253635 4.524135262330097 0
    endloop
  endfacet
  facet normal 0 0 1
    outer loop
      vertex -1.9160068120428273 4.071721736097087 0
      vertex -1.3905764746872633 4.2797543233281905 0
      vertex -2.1288964578253635 4.524135262330097 0
    endloop
  endfacet
  facet normal 0 0 1
    outer loop
      vertex -2.1288964578253635 4.524135262330097 0
      vertex -1.3905764746872633 4.2797543233281905 0
      vertex -1.545084971874737 4.755282581475767 0
    endloop
  endfacet
  facet normal 0 0 1
    outer loop
      vertex -1.3905764746872633 4.2797543233281905 0
      vertex -0.8432159156357606 4.420292628279099 0
      vertex -1.545084971874737 4.755282581475767 0
    endloop
  endfacet
  facet normal 0 0 1
    outer loop
      vertex -1.545084971874737 4.755282581475767 0
      vertex -0.8432159156357606 4.420292628279099 0
      vertex -0.9369065729286229 4.911436253643443 0
    endloop
  endfacet
  facet normal 0 0 1
    outer loop
      vertex -0.8432159156357606 4.420292628279099 0
      vertex -0.28255733788190973 4.491120277927222 0
      vertex -0.9369065729286229 4.911436253643443 0
    endloop
  endfacet
  facet normal 0 0 1
    outer loop
      vertex -0.9369065729286229 4.911436253643443 0
      vertex -0.28255733788190973 4.491120277927222 0
      vertex -0.31395259764656636 4.990133642141358 0
    endloop
  endfacet
  facet normal 0 0 1
    outer loop
      vertex -0.31395259764656636 4.990133642141358 0
      vertex -0.28255733788190973 4.491120277927222 0
      vertex 0.28255733788190973 4.491120277927222 0
    endloop
  endfacet
  facet normal 0.48175367410171566 -0.8763066800438633 0
    outer loop
      vertex -2.6791339748949836 4.221639627510075 0
      vertex -2.1288964578253635 4.524135262330097 0
      vertex -2.6791339748949836 4.221639627510075 3
    endloop
  endfacet
  facet normal 0.3681245526846773 -0.9297764858882517 0
    outer loop
      vertex -2.1288964578253635 4.524135262330097 0
      vertex -1.545084971874737 4.755282581475767 0
      vertex -2.1288964578253635 4.524135262330097 3
    endloop
  endfacet
  facet normal 0.24868988716485532 -0.968583161128631 0
    outer loop
      vertex -1.545084971874737 4.755282581475767 0
      vertex -0.9369065729286229 4.911436253643443 0
      vertex -1.545084971874737 4.755282581475767 3
    endloop
  endfacet
  facet normal 0.12533323356430473 -0.9921147013144778 0
    outer loop
      vertex -0.9369065729286229 4.911436253643443 0
      vertex -0.31395259764656636 4.990133642141358 0
      vertex -0.9369065729286229 4.911436253643443 3
    endloop
  endfacet
  facet normal 0 -1 0
    outer loop
      vertex -0.31395259764656636 4.990133642141358 0
      vertex 0.31395259764656636 4.990133642141358 0
      vertex -0.313952597646562 4.990133642141358 3
    endloop
  endfacet
  facet normal 0.9980267284282717 -0.06279051952931294 0
    outer loop
      vertex -5 0 0
      vertex -4.9605735065723895 0.6266661678215203 3
      vertex -5 0 3
    endloop
  endfacet
  facet normal 0.9822872507286885 -0.18738131458572513 0
    outer loop
      vertex -4.9605735065723895 0.6266661678215203 0
      vertex -4.842915805643155 1.2434494358242743 3
      vertex -4.9605735065723895 0.6266661678215203 3
    endloop
  endfacet
  facet normal 0.9510565162951536 -0.30901699437494723 0
    outer loop
      vertex -4.842915805643155 1.2434494358242743 0
      vertex -4.648882429441257 1.8406227634233894 3
      vertex -4.842915805643155 1.2434494358242743 3
    endloop
  endfacet
  facet normal 0.9048270524660195 -0.42577929156507305 0
    outer loop
      vertex -4.648882429441257 1.8406227634233894 0
      vertex -4.381533400219317 2.408768370508577 3
      vertex -4.648882429441257 1.8406227634233894 3
    endloop
  endfacet
  facet normal 0.8443279255020154 -0.535826794978996 0
    outer loop
      vertex -4.381533400219317 2.408768370508577 0
      vertex -4.045084971874737 2.938926261462366 3
      vertex -4.381533400219317 2.408768370508577 3
    endloop
  endfacet
  facet normal 0.7705132427757889 -0.6374239897486902 0
    outer loop
      vertex -4.045084971874737 2.938926261462366 0
      vertex -3.6448431371070584 3.4227355296434423 3
      vertex -4.045084971874737 2.938926261462366 3
    endloop
  endfacet
  facet normal 0.6845471059286894 -0.7289686274214109 0
    outer loop
      vertex -3.1871199487434483 3.852566213878947 0
      vertex -3.1871199487434483 3.852566213878947 3
      vertex -3.6448431371070584 3.4227355296434423 3
    endloop
  endfacet
  facet normal 0.5877852522924722 -0.8090169943749481 0
    outer loop
      vertex -2.6791339748949836 4.221639627510075 0
      vertex -2.6791339748949836 4.221639627510075 3
      vertex -3.1871199487434483 3.852566213878947 3
    endloop
  endfacet
  facet normal 0.48175367410171566 -0.8763066800438633 0
    outer loop
      vertex -2.1288964578253635 4.524135262330097 0
      vertex -2.1288964578253635 4.524135262330097 3
      vertex -2.6791339748949836 4.221639627510075 3
    endloop
  endfacet
  facet normal 0.3681245526846773 -0.9297764858882517 0
    outer loop
      vertex -1.545084971874737 4.755282581475767 0
      vertex -1.545084971874737 4.755282581475767 3
      vertex -2.1288964578253635 4.524135262330097 3
    endloop
  endfacet
  facet normal 0.24868988716485532 -0.968583161128631 0
    outer loop
      vertex -0.9369065729286229 4.911436253643443 0
      vertex -0.9369065729286229 4.911436253643443 3
      vertex -1.545084971874737 4.755282581475767 3
    endloop
  endfacet
  facet normal 0.12533323356430387 -0.9921147013144779 -1.8089219414995641e-16
    outer loop
      vertex -0.31395259764656636 4.990133642141358 0
      vertex -0.313952597646562 4.990133642141358 3
      vertex -0.9369065729286229 4.911436253643443 3
    endloop
  endfacet
  facet normal 0 0 1
    outer loop
      vertex -0.3139525976465688 -4.990133642141358 0
      vertex 0.3139525976465688 -4.990133642141358 0
      vertex 0.28255733788191195 -4.491120277927222 0
    endloop
  endfacet
  facet normal 0 0 1
    outer loop
      vertex 0.28255733788191195 -4.491120277927222 0
      vertex 0.3139525976465688 -4.990133642141358 0
      vertex 0.9369065729286241 -4.911436253643443 0
    endloop
  endfacet
  facet normal 0 0 1
    outer loop
      vertex 0.28255733788191195 -4.491120277927222 0
      vertex 0.9369065729286241 -4.911436253643443 0
      vertex 0.8432159156357617 -4.420292628279099 0
    endloop
  endfacet
  facet normal 0 0 1
    outer loop
      vertex 0.9369065729286241 -4.911436253643443 0
      vertex 1.545084971874737 -4.755282581475767 0
      vertex 0.8432159156357617 -4.420292628279099 0
    endloop
  endfacet
  facet normal 0 0 1
    outer loop
      vertex 0.8432159156357617 -4.420292628279099 0
      vertex 1.545084971874737 -4.755282581475767 0
      vertex 1.3905764746872633 -4.2797543233281905 0
    endloop
  endfacet
  facet normal 0 0 1
    outer loop
      vertex 1.545084971874737 -4.755282581475767 0
      vertex 2.128896457825362 -4.524135262330098 0
      vertex 1.3905764746872633 -4.2797543233281905 0
    endloop
  endfacet
  facet normal 0 0 1
    outer loop
      vertex 1.3905764746872633 -4.2797543233281905 0
      vertex 2.128896457825362 -4.524135262330098 0
      vertex 1.916006812042826 -4.071721736097088 0
    endloop
  endfacet
  facet normal 0 0 1
    outer loop
      vertex 2.128896457825362 -4.524135262330098 0
      vertex 2.679133974894981 -4.2216396275100765 0
      vertex 1.916006812042826 -4.071721736097088 0
    endloop
  endfacet
  facet normal 0 0 1
    outer loop
      vertex 1.916006812042826 -4.071721736097088 0
      vertex 2.679133974894981 -4.2216396275100765 0
      vertex 2.411220577405483 -3.799475664759069 0
    endloop
  endfacet
  facet normal 0 0 1
    outer loop
      vertex 2.411220577405483 -3.799475664759069 0
      vertex 2.679133974894981 -4.2216396275100765 0
      vertex 3.18711994874345 -3.852566213878945 0
    endloop
  endfacet
  facet normal 0 1 0
    outer loop
      vertex -0.3139525976465688 -4.990133642141358 0
      vertex 0.3139525976465688 -4.990133642141358 3
      vertex 0.3139525976465688 -4.990133642141358 0
    endloop
  endfacet
  facet normal -0.12533323356430498 0.9921147013144778 0
    outer loop
      vertex 0.3139525976465688 -4.990133642141358 0
      vertex 0.9369065729286241 -4.911436253643443 3
      vertex 0.9369065729286241 -4.911436253643443 0
    endloop
  endfacet
  facet normal -0.24868988716485582 0.968583161128631 0
    outer loop
      vertex 0.9369065729286241 -4.911436253643443 0
      vertex 1.545084971874737 -4.755282581475767 3
      vertex 1.545084971874737 -4.755282581475767 0
    endloop
  endfacet
  facet normal -0.3681245526846768 0.9297764858882519 0
    outer loop
      vertex 1.545084971874737 -4.755282581475767 0
      vertex 2.128896457825362 -4.524135262330098 3
      vertex 2.128896457825362 -4.524135262330098 0
    endloop
  endfacet
  facet normal -0.4817536741017155 0.8763066800438635 0
    outer loop
      vertex 2.128896457825362 -4.524135262330098 0
      vertex 2.679133974894981 -4.2216396275100765 3
      vertex 2.679133974894981 -4.2216396275100765 0
    endloop
  endfacet
  facet normal 0 0 1
    outer loop
      vertex 2.411220577405483 -3.799475664759069 0
      vertex 3.18711994874345 -3.852566213878945 0
      vertex 2.868407953869105 -3.4673095924910506 0
    endloop
  endfacet
  facet normal 0 0 1
    outer loop
      vertex 3.18711994874345 -3.852566213878945 0
      vertex 3.6448431371070584 -3.4227355296434423 0
      vertex 2.868407953869105 -3.4673095924910506 0
    endloop
  endfacet
  facet normal 0 0 1
    outer loop
      vertex 2.868407953869105 -3.4673095924910506 0
      vertex 3.6448431371070584 -3.4227355296434423 0
      vertex 3.2803588233963525 -3.080461976679098 0
    endloop
  endfacet
  facet normal 0 0 1
    outer loop
      vertex 3.6448431371070584 -3.4227355296434423 0
      vertex 3.6405764746872635 -2.6450336353161292 0
      vertex 3.2803588233963525 -3.080461976679098 0
    endloop
  endfacet
  facet normal 0 0 1
    outer loop
      vertex 3.6448431371070584 -3.4227355296434423 0
      vertex 4.045084971874737 -2.938926261462366 0
      vertex 3.6405764746872635 -2.6450336353161292 0
    endloop
  endfacet
  facet normal -0.5877852522924726 0.8090169943749479 0
    outer loop
      vertex 2.679133974894981 -4.2216396275100765 0
      vertex 3.18711994874345 -3.852566213878945 3
      vertex 3.18711994874345 -3.852566213878945 0
    endloop
  endfacet
  facet normal -0.6845471059286893 0.728968627421411 0
    outer loop
      vertex 3.18711994874345 -3.852566213878945 0
      vertex 3.6448431371070584 -3.4227355296434423 3
      vertex 3.6448431371070584 -3.4227355296434423 0
    endloop
  endfacet
  facet normal -0.7705132427757889 0.6374239897486902 0
    outer loop
      vertex 3.6448431371070584 -3.4227355296434423 0
      vertex 3.6448431371070584 -3.4227355296434423 3
      vertex 4.045084971874737 -2.938926261462366 0
    endloop
  endfacet
  facet normal 0 0 1
    outer loop
      vertex 3.6405764746872635 -2.6450336353161292 0
      vertex 4.045084971874737 -2.938926261462366 0
      vertex 3.9433800601973856 -2.1678915334577193 0
    endloop
  endfacet
  facet normal 0 0 1
    outer loop
      vertex 4.045084971874737 -2.938926261462366 0
      vertex 4.381533400219317 -2.408768370508577 0
      vertex 3.9433800601973856 -2.1678915334577193 0
    endloop
  endfacet
  facet normal 0 0 1
    outer loop
      vertex 3.9433800601973856 -2.1678915334577193 0
      vertex 4.381533400219317 -2.408768370508577 0
      vertex 4.183994186497131 -1.6565604870810526 0
    endloop
  endfacet
  facet normal 0 0 1
    outer loop
      vertex 4.183994186497131 -1.6565604870810526 0
      vertex 4.381533400219317 -2.408768370508577 0
      vertex 4.358624225078841 -1.119104492241845 0
    endloop
  endfacet
  facet normal 0 0 1
    outer loop
      vertex 4.381533400219317 -2.408768370508577 0
      vertex 4.464516155915151 -0.5639995510393683 0
      vertex 4.358624225078841 -1.119104492241845 0
    endloop
  endfacet
  facet normal 0 0 1
    outer loop
      vertex 4.381533400219317 -2.408768370508577 0
      vertex 4.5 0 0
      vertex 4.464516155915151 -0.5639995510393683 0
    endloop
  endfacet
  facet normal 0 0 1
    outer loop
      vertex 4.381533400219317 -2.408768370508577 0
      vertex 4.648882429441256 -1.8406227634233918 0
      vertex 4.648882429441256 1.8406227634233898 0
    endloop
  endfacet
  facet normal 0 0 1
    outer loop
      vertex 4.381533400219317 -2.408768370508577 0
      vertex 4.648882429441256 1.8406227634233898 0
      vertex 4.5 0 0
    endloop
  endfacet
  facet normal 0 0 1
    outer loop
      vertex 4.648882429441256 -1.8406227634233918 0
      vertex 4.842915805643156 -1.2434494358242723 0
      vertex 4.842915805643155 1.243449435824274 0
    endloop
  endfacet
  facet normal 0 0 1
    outer loop
      vertex 4.842915805643156 -1.2434494358242723 0
      vertex 4.9605735065723895 -0.6266661678215203 0
      vertex 4.9605735065723895 0.6266661678215213 0
    endloop
  endfacet
  facet normal -0.8443279255020154 0.535826794978996 0
    outer loop
      vertex 4.045084971874737 -2.938926261462366 0
      vertex 4.045084971874737 -2.938926261462366 3
      vertex 4.381533400219317 -2.408768370508577 0
    endloop
  endfacet
  facet normal -0.9048270524660191 0.4257792915650733 0
    outer loop
      vertex 4.381533400219317 -2.408768370508577 0
      vertex 4.381533400219317 -2.408768370508577 3
      vertex 4.648882429441256 -1.8406227634233918 0
    endloop
  endfacet
  facet normal -0.9510565162951534 0.3090169943749477 0
    outer loop
      vertex 4.648882429441256 -1.8406227634233918 0
      vertex 4.648882429441256 -1.8406227634233918 3
      vertex 4.842915805643156 -1.2434494358242723 0
    endloop
  endfacet
  facet normal -0.9822872507286887 0.18738131458572432 0
    outer loop
      vertex 4.842915805643156 -1.2434494358242723 0
      vertex 4.842915805643156 -1.2434494358242723 3
      vertex 4.9605735065723895 -0.6266661678215203 0
    endloop
  endfacet
  facet normal -0.9980267284282717 0.06279051952931294 0
    outer loop
      vertex 4.9605735065723895 -0.6266661678215203 0
      vertex 4.9605735065723895 -0.6266661678215203 3
      vertex 5 0 0
    endloop
  endfacet
  facet normal -0.12533323356430498 0.9921147013144778 0
    outer loop
      vertex 0.3139525976465688 -4.990133642141358 0
      vertex 0.3139525976465688 -4.990133642141358 3
      vertex 0.9369065729286241 -4.911436253643443 3
    endloop
  endfacet
  facet normal -0.24868988716485582 0.968583161128631 0
    outer loop
      vertex 0.9369065729286241 -4.911436253643443 0
      vertex 0.9369065729286241 -4.911436253643443 3
      vertex 1.545084971874737 -4.755282581475767 3
    endloop
  endfacet
  facet normal -0.3681245526846768 0.9297764858882519 0
    outer loop
      vertex 1.545084971874737 -4.755282581475767 0
      vertex 1.545084971874737 -4.755282581475767 3
      vertex 2.128896457825362 -4.524135262330098 3
    endloop
  endfacet
  facet normal -0.4817536741017155 0.8763066800438635 0
    outer loop
      vertex 2.128896457825362 -4.524135262330098 0
      vertex 2.128896457825362 -4.524135262330098 3
      vertex 2.679133974894981 -4.2216396275100765 3
    endloop
  endfacet
  facet normal -0.5877852522924726 0.8090169943749479 0
    outer loop
      vertex 2.679133974894981 -4.2216396275100765 0
      vertex 2.679133974894981 -4.2216396275100765 3
      vertex 3.18711994874345 -3.852566213878945 3
    endloop
  endfacet
  facet normal -0.6845471059286893 0.728968627421411 0
    outer loop
      vertex 3.18711994874345 -3.852566213878945 0
      vertex 3.18711994874345 -3.852566213878945 3
      vertex 3.6448431371070584 -3.4227355296434423 3
    endloop
  endfacet
  facet normal -0.7705132427757889 0.6374239897486902 0
    outer loop
      vertex 4.045084971874737 -2.938926261462366 0
      vertex 3.6448431371070584 -3.4227355296434423 3
      vertex 4.045084971874737 -2.938926261462366 3
    endloop
  endfacet
  facet normal -0.8443279255020154 0.535826794978996 0
    outer loop
      vertex 4.381533400219317 -2.408768370508577 0
      vertex 4.045084971874737 -2.938926261462366 3
      vertex 4.381533400219317 -2.408768370508577 3
    endloop
  endfacet
  facet normal -0.9048270524660191 0.4257792915650733 0
    outer loop
      vertex 4.648882429441256 -1.8406227634233918 0
      vertex 4.381533400219317 -2.408768370508577 3
      vertex 4.648882429441256 -1.8406227634233918 3
    endloop
  endfacet
  facet normal -0.9510565162951534 0.3090169943749477 0
    outer loop
      vertex 4.842915805643156 -1.2434494358242723 0
      vertex 4.648882429441256 -1.8406227634233918 3
      vertex 4.842915805643156 -1.2434494358242723 3
    endloop
  endfacet
  facet normal -0.9822872507286887 0.18738131458572432 0
    outer loop
      vertex 4.9605735065723895 -0.6266661678215203 0
      vertex 4.842915805643156 -1.2434494358242723 3
      vertex 4.9605735065723895 -0.6266661678215203 3
    endloop
  endfacet
  facet normal -0.9980267284282717 0.06279051952931294 0
    outer loop
      vertex 5 0 0
      vertex 4.9605735065723895 -0.6266661678215203 3
      vertex 5 0 3
    endloop
  endfacet
  facet normal 0 0 1
    outer loop
      vertex -0.31395259764656636 4.990133642141358 0
      vertex 0.28255733788190973 4.491120277927222 0
      vertex 0.31395259764656636 4.990133642141358 0
    endloop
  endfacet
  facet normal 0 0 1
    outer loop
      vertex 0.28255733788190973 4.491120277927222 0
      vertex 0.8432159156357606 4.420292628279099 0
      vertex 0.31395259764656636 4.990133642141358 0
    endloop
  endfacet
  facet normal 0 0 1
    outer loop
      vertex 0.31395259764656636 4.990133642141358 0
      vertex 0.8432159156357606 4.420292628279099 0
      vertex 0.9369065729286229 4.911436253643443 0
    endloop
  endfacet
  facet normal 0 0 1
    outer loop
      vertex 0.8432159156357606 4.420292628279099 0
      vertex 1.3905764746872633 4.2797543233281905 0
      vertex 0.9369065729286229 4.911436253643443 0
    endloop
  endfacet
  facet normal 0 0 1
    outer loop
      vertex 0.9369065729286229 4.911436253643443 0
      vertex 1.3905764746872633 4.2797543233281905 0
      vertex 1.545084971874737 4.755282581475767 0
    endloop
  endfacet
  facet normal 0 0 1
    outer loop
      vertex 1.9160068120428273 4.071721736097087 0
      vertex 2.411220577405485 3.799475664759068 0
      vertex 2.1288964578253635 4.524135262330097 0
    endloop
  endfacet
  facet normal 0 0 1
    outer loop
      vertex 2.411220577405485 3.799475664759068 0
      vertex 2.679133974894983 4.221639627510076 0
      vertex 2.1288964578253635 4.524135262330097 0
    endloop
  endfacet
  facet normal 0 0 1
    outer loop
      vertex 2.411220577405485 3.799475664759068 0
      vertex 2.868407953869104 3.467309592491051 0
      vertex 2.679133974894983 4.221639627510076 0
    endloop
  endfacet
  facet normal 0 0 1
    outer loop
      vertex 1.3905764746872633 4.2797543233281905 0
      vertex 1.9160068120428273 4.071721736097087 0
      vertex 1.545084971874737 4.755282581475767 0
    endloop
  endfacet
  facet normal 0 0 1
    outer loop
      vertex 1.545084971874737 4.755282581475767 0
      vertex 1.9160068120428273 4.071721736097087 0
      vertex 2.1288964578253635 4.524135262330097 0
    endloop
  endfacet
  facet normal -0.12533323356430473 -0.9921147013144778 0
    outer loop
      vertex 0.31395259764656636 4.990133642141358 0
      vertex 0.9369065729286229 4.911436253643443 0
      vertex 0.31395259764656636 4.990133642141358 3
    endloop
  endfacet
  facet normal -0.24868988716485532 -0.968583161128631 0
    outer loop
      vertex 0.9369065729286229 4.911436253643443 0
      vertex 1.545084971874737 4.755282581475767 0
      vertex 0.9369065729286229 4.911436253643443 3
    endloop
  endfacet
  facet normal -0.3681245526846773 -0.9297764858882517 0
    outer loop
      vertex 1.545084971874737 4.755282581475767 0
      vertex 2.1288964578253635 4.524135262330097 0
      vertex 1.545084971874737 4.755282581475767 3
    endloop
  endfacet
  facet normal -0.48175367410171493 -0.8763066800438638 0
    outer loop
      vertex 2.1288964578253635 4.524135262330097 0
      vertex 2.679133974894983 4.221639627510076 0
      vertex 2.1288964578253635 4.524135262330097 3
    endloop
  endfacet
  facet normal 0 0 1
    outer loop
      vertex 3.943380060197386 2.167891533457719 0
      vertex 3.644843137107058 3.4227355296434436 0
      vertex 3.6405764746872635 2.6450336353161292 0
    endloop
  endfacet
  facet normal 0 0 1
    outer loop
      vertex 4.183994186497131 1.6565604870810509 0
      vertex 4.045084971874737 2.938926261462366 0
      vertex 3.943380060197386 2.167891533457719 0
    endloop
  endfacet
  facet normal 0 0 1
    outer loop
      vertex 4.183994186497131 1.6565604870810509 0
      vertex 4.381533400219318 2.4087683705085765 0
      vertex 4.045084971874737 2.938926261462366 0
    endloop
  endfacet
  facet normal 0 0 1
    outer loop
      vertex 4.842915805643156 -1.2434494358242723 0
      vertex 4.9605735065723895 0.6266661678215213 0
      vertex 4.842915805643155 1.243449435824274 0
    endloop
  endfacet
  facet normal 0 0 1
    outer loop
      vertex 4.648882429441256 -1.8406227634233918 0
      vertex 4.842915805643155 1.243449435824274 0
      vertex 4.648882429441256 1.8406227634233898 0
    endloop
  endfacet
  facet normal 0 0 1
    outer loop
      vertex 4.5 0 0
      vertex 4.648882429441256 1.8406227634233898 0
      vertex 4.464516155915151 0.5639995510393692 0
    endloop
  endfacet
  facet normal 0 0 1
    outer loop
      vertex 4.35862422507884 1.1191044922418465 0
      vertex 4.464516155915151 0.5639995510393692 0
      vertex 4.381533400219318 2.4087683705085765 0
    endloop
  endfacet
  facet normal 0 0 1
    outer loop
      vertex 4.9605735065723895 -0.6266661678215203 0
      vertex 5 0 0
      vertex 4.9605735065723895 0.6266661678215213 0
    endloop
  endfacet
  facet normal 0 0 1
    outer loop
      vertex 4.35862422507884 1.1191044922418465 0
      vertex 4.381533400219318 2.4087683705085765 0
      vertex 4.183994186497131 1.6565604870810509 0
    endloop
  endfacet
  facet normal 0 0 1
    outer loop
      vertex 4.464516155915151 0.5639995510393692 0
      vertex 4.648882429441256 1.8406227634233898 0
      vertex 4.381533400219318 2.4087683705085765 0
    endloop
  endfacet
  facet normal -0.9822872507286885 -0.18738131458572546 0
    outer loop
      vertex 4.9605735065723895 0.6266661678215213 0
      vertex 4.9605735065723895 0.6266661678215213 3
      vertex 4.842915805643155 1.243449435824274 0
    endloop
  endfacet
  facet normal -0.9980267284282716 -0.06279051952931283 0
    outer loop
      vertex 5 0 0
      vertex 5 0 3
      vertex 4.9605735065723895 0.6266661678215213 0
    endloop
  endfacet
  facet normal -0.9048270524660202 -0.42577929156507127 0
    outer loop
      vertex 4.648882429441256 1.8406227634233898 0
      vertex 4.648882429441256 1.8406227634233898 3
      vertex 4.381533400219318 2.4087683705085765 0
    endloop
  endfacet
  facet normal -0.9510565162951534 -0.30901699437494823 0
    outer loop
      vertex 4.842915805643155 1.243449435824274 0
      vertex 4.842915805643155 1.243449435824274 3
      vertex 4.648882429441256 1.8406227634233898 0
    endloop
  endfacet
  facet normal -0.844327925502015 -0.5358267949789968 0
    outer loop
      vertex 4.381533400219318 2.4087683705085765 0
      vertex 4.381533400219318 2.4087683705085765 3
      vertex 4.045084971874737 2.938926261462366 0
    endloop
  endfacet
  facet normal 0 0 1
    outer loop
      vertex 2.868407953869104 3.467309592491051 0
      vertex 3.280358823396352 3.080461976679099 0
      vertex 3.1871199487434487 3.8525662138789456 0
    endloop
  endfacet
  facet normal 0 0 1
    outer loop
      vertex 3.280358823396352 3.080461976679099 0
      vertex 3.644843137107058 3.4227355296434436 0
      vertex 3.1871199487434487 3.8525662138789456 0
    endloop
  endfacet
  facet normal 0 0 1
    outer loop
      vertex 2.868407953869104 3.467309592491051 0
      vertex 3.1871199487434487 3.8525662138789456 0
      vertex 2.679133974894983 4.221639627510076 0
    endloop
  endfacet
  facet normal 0 0 1
    outer loop
      vertex 3.280358823396352 3.080461976679099 0
      vertex 3.6405764746872635 2.6450336353161292 0
      vertex 3.644843137107058 3.4227355296434436 0
    endloop
  endfacet
  facet normal 0 0 1
    outer loop
      vertex 3.943380060197386 2.167891533457719 0
      vertex 4.045084971874737 2.938926261462366 0
      vertex 3.644843137107058 3.4227355296434436 0
    endloop
  endfacet
  facet normal -0.5877852522924738 -0.8090169943749468 0
    outer loop
      vertex 2.679133974894983 4.221639627510076 0
      vertex 3.1871199487434487 3.8525662138789456 0
      vertex 2.679133974894983 4.221639627510076 3
    endloop
  endfacet
  facet normal -0.6845471059286878 -0.7289686274214123 0
    outer loop
      vertex 3.644843137107058 3.4227355296434436 0
      vertex 3.1871199487434487 3.8525662138789456 3
      vertex 3.1871199487434487 3.8525662138789456 0
    endloop
  endfacet
  facet normal -0.7705132427757895 -0.6374239897486895 0
    outer loop
      vertex 3.644843137107058 3.4227355296434436 0
      vertex 4.045084971874737 2.938926261462366 0
      vertex 4.045084971874737 2.938926261462366 3
    endloop
  endfacet
  facet normal 0 -1 0
    outer loop
      vertex 0.31395259764656636 4.990133642141358 0
      vertex 0.31395259764656636 4.990133642141358 3
      vertex -0.313952597646562 4.990133642141358 3
    endloop
  endfacet
  facet normal -0.24868988716485532 -0.968583161128631 0
    outer loop
      vertex 1.545084971874737 4.755282581475767 0
      vertex 1.545084971874737 4.755282581475767 3
      vertex 0.9369065729286229 4.911436253643443 3
    endloop
  endfacet
  facet normal -0.12533323356430473 -0.9921147013144778 0
    outer loop
      vertex 0.9369065729286229 4.911436253643443 0
      vertex 0.9369065729286229 4.911436253643443 3
      vertex 0.31395259764656636 4.990133642141358 3
    endloop
  endfacet
  facet normal -0.3681245526846773 -0.9297764858882517 0
    outer loop
      vertex 2.1288964578253635 4.524135262330097 0
      vertex 2.1288964578253635 4.524135262330097 3
      vertex 1.545084971874737 4.755282581475767 3
    endloop
  endfacet
  facet normal -0.48175367410171493 -0.8763066800438638 0
    outer loop
      vertex 2.679133974894983 4.221639627510076 0
      vertex 2.679133974894983 4.221639627510076 3
      vertex 2.1288964578253635 4.524135262330097 3
    endloop
  endfacet
  facet normal -0.844327925502015 -0.5358267949789968 0
    outer loop
      vertex 4.045084971874737 2.938926261462366 0
      vertex 4.381533400219318 2.4087683705085765 3
      vertex 4.045084971874737 2.938926261462366 3
    endloop
  endfacet
  facet normal -0.9822872507286885 -0.18738131458572546 0
    outer loop
      vertex 4.842915805643155 1.243449435824274 0
      vertex 4.9605735065723895 0.6266661678215213 3
      vertex 4.842915805643155 1.243449435824274 3
    endloop
  endfacet
  facet normal -0.9980267284282716 -0.06279051952931283 0
    outer loop
      vertex 4.9605735065723895 0.6266661678215213 0
      vertex 5 0 3
      vertex 4.9605735065723895 0.6266661678215213 3
    endloop
  endfacet
  facet normal -0.9510565162951534 -0.30901699437494823 0
    outer loop
      vertex 4.648882429441256 1.8406227634233898 0
      vertex 4.842915805643155 1.243449435824274 3
      vertex 4.648882429441256 1.8406227634233898 3
    endloop
  endfacet
  facet normal -0.9048270524660202 -0.42577929156507127 0
    outer loop
      vertex 4.381533400219318 2.4087683705085765 0
      vertex 4.648882429441256 1.8406227634233898 3
      vertex 4.381533400219318 2.4087683705085765 3
    endloop
  endfacet
  facet normal -0.5877852522924738 -0.8090169943749468 0
    outer loop
      vertex 3.1871199487434487 3.8525662138789456 0
      vertex 3.1871199487434487 3.8525662138789456 3
      vertex 2.679133974894983 4.221639627510076 3
    endloop
  endfacet
  facet normal -0.6845471059286878 -0.7289686274214123 0
    outer loop
      vertex 3.644843137107058 3.4227355296434436 0
      vertex 3.644843137107058 3.4227355296434436 3
      vertex 3.1871199487434487 3.8525662138789456 3
    endloop
  endfacet
  facet normal -0.7705132427757895 -0.6374239897486895 0
    outer loop
      vertex 3.644843137107058 3.4227355296434436 0
      vertex 4.045084971874737 2.938926261462366 3
      vertex 3.644843137107058 3.4227355296434436 3
    endloop
  endfacet
endsolid OpenSCAD_Model
