solid OpenSCAD_Model
  facet normal -0.5877852522924728 -0.8090169943749479 -1.3813577981043515e-16
    outer loop
      vertex -2.5496959589947585 -3.0820529711031575 -4.5
      vertex -2.143307179915987 -3.37731170200806 -4.5
      vertex -2.447513437051213 -3.1562929189139846 -3.2
    endloop
  endfacet
  facet normal -0.5877852522924724 -0.809016994374948 0
    outer loop
      vertex -2.143307179915987 -3.37731170200806 -4.5
      vertex -2.143307179915987 -3.37731170200806 -3.2
      vertex -2.447513437051213 -3.1562929189139846 -3.2
    endloop
  endfacet
  facet normal 0 0 -1
    outer loop
      vertex -2.5496959589947585 -3.0820529711031575 -4.5
      vertex -2.9158745096856467 -2.738188423714754 -4.5
      vertex -2.5193817051261074 -1.3850418130424318 -4.5
    endloop
  endfacet
  facet normal 0 0 -1
    outer loop
      vertex -2.5496959589947585 -3.0820529711031575 -4.5
      vertex -2.0957848038365587 -1.9680729295449795 -4.5
      vertex -2.143307179915987 -3.37731170200806 -4.5
    endloop
  endfacet
  facet normal 0 0 -1
    outer loop
      vertex -2.143307179915987 -3.37731170200806 -4.5
      vertex -2.0957848038365587 -1.9680729295449795 -4.5
      vertex -1.8325939705274827 -2.2152255729803945 -4.5
    endloop
  endfacet
  facet normal 0 0 -1
    outer loop
      vertex -2.5496959589947585 -3.0820529711031575 -4.5
      vertex -2.325923858827974 -1.6898826003408602 -4.5
      vertex -2.0957848038365587 -1.9680729295449795 -4.5
    endloop
  endfacet
  facet normal 0 0 -1
    outer loop
      vertex -2.5496959589947585 -3.0820529711031575 -4.5
      vertex -2.5193817051261074 -1.3850418130424318 -4.5
      vertex -2.325923858827974 -1.6898826003408602 -4.5
    endloop
  endfacet
  facet normal -0.9822872507286887 -0.18738131458572496 -1.0625829216187268e-17
    outer loop
      vertex -3.8743326445145243 -0.9947595486594194 -4.5
      vertex -3.962588563980653 -0.5321058166980333 -3.2
      vertex -3.9684588052579115 -0.5013329342572163 -4.5
    endloop
  endfacet
  facet normal 0 0 -1
    outer loop
      vertex -3.719105943553006 -1.4724982107387115 -4.5
      vertex -3.8743326445145243 -0.9947595486594194 -4.5
      vertex -3.719105943553006 1.4724982107387115 -4.5
    endloop
  endfacet
  facet normal 0 0 -1
    outer loop
      vertex -3.8743326445145243 -0.9947595486594194 -4.5
      vertex -3.9684588052579115 -0.5013329342572163 -4.5
      vertex -3.8743326445145243 0.9947595486594194 -4.5
    endloop
  endfacet
  facet normal 0 0 -1
    outer loop
      vertex -3.505226720175454 -1.9270146964068615 -4.5
      vertex -3.719105943553006 -1.4724982107387115 -4.5
      vertex -3.505226720175454 1.9270146964068615 -4.5
    endloop
  endfacet
  facet normal -0.9980267284282717 -0.06279051952931311 0
    outer loop
      vertex -3.9684588052579115 -0.5013329342572163 -4.5
      vertex -4 0 -3.2
      vertex -4 0 -4.5
    endloop
  endfacet
  facet normal 0 0 -1
    outer loop
      vertex -3.23606797749979 -2.3511410091698925 -4.5
      vertex -3.505226720175454 -1.9270146964068615 -4.5
      vertex -3.23606797749979 2.3511410091698925 -4.5
    endloop
  endfacet
  facet normal 0 0 -1
    outer loop
      vertex -3.23606797749979 -2.3511410091698925 -4.5
      vertex -2.9158745096856467 2.738188423714754 -4.5
      vertex -2.9158745096856467 -2.738188423714754 -4.5
    endloop
  endfacet
  facet normal -0.9822872507286887 -0.18738131458572482 0
    outer loop
      vertex -3.9684588052579115 -0.5013329342572163 -4.5
      vertex -3.962588563980653 -0.5321058166980333 -3.2
      vertex -3.9684588052579115 -0.5013329342572163 -3.2
    endloop
  endfacet
  facet normal -0.9980267284282717 -0.06279051952931311 0
    outer loop
      vertex -3.9684588052579115 -0.5013329342572163 -4.5
      vertex -3.9684588052579115 -0.5013329342572163 -3.2
      vertex -4 0 -3.2
    endloop
  endfacet
  facet normal 0 0 -1
    outer loop
      vertex -2.9158745096856467 -2.738188423714754 -4.5
      vertex -2.7846765882448143 -0.7149834255989577 -4.5
      vertex -2.673107396928723 -1.058358088968449 -4.5
    endloop
  endfacet
  facet normal 0 0 -1
    outer loop
      vertex -2.9158745096856467 -2.738188423714754 -4.5
      vertex -2.673107396928723 -1.058358088968449 -4.5
      vertex -2.5193817051261074 -1.3850418130424318 -4.5
    endloop
  endfacet
  facet normal 0 0 -1
    outer loop
      vertex -2.9158745096856467 -2.738188423714754 -4.5
      vertex -2.852329766279124 -0.3603330464973742 -4.5
      vertex -2.7846765882448143 -0.7149834255989577 -4.5
    endloop
  endfacet
  facet normal 0 0 -1
    outer loop
      vertex -2.9158745096856467 -2.738188423714754 -4.5
      vertex -2.875 0 -4.5
      vertex -2.852329766279124 -0.3603330464973742 -4.5
    endloop
  endfacet
  facet normal 0 0 -1
    outer loop
      vertex -2.143307179915987 -3.37731170200806 -4.5
      vertex -1.5405020355646157 -2.427442785818293 -4.5
      vertex -1.7031171662602897 -3.6193082098640783 -4.5
    endloop
  endfacet
  facet normal -0.4817536741017151 -0.8763066800438637 0
    outer loop
      vertex -2.143307179915987 -3.37731170200806 -4.5
      vertex -1.7031171662602897 -3.6193082098640783 -4.5
      vertex -2.143307179915987 -3.37731170200806 -3.2
    endloop
  endfacet
  facet normal -0.3681245526846778 -0.9297764858882515 0
    outer loop
      vertex -1.7031171662602897 -3.6193082098640783 -4.5
      vertex -1.2360679774997896 -3.804226065180614 -4.5
      vertex -1.5049825102141463 -3.6977552697062492 -3.2
    endloop
  endfacet
  facet normal 0 0 -1
    outer loop
      vertex -1.7031171662602897 -3.6193082098640783 -4.5
      vertex -1.2241154632495832 -2.6013777758398064 -4.5
      vertex -1.2360679774997896 -3.804226065180614 -4.5
    endloop
  endfacet
  facet normal 0 0 -1
    outer loop
      vertex -1.2360679774997896 -3.804226065180614 -4.5
      vertex -1.2241154632495832 -2.6013777758398064 -4.5
      vertex -0.8884238588279738 -2.7342874843485663 -4.5
    endloop
  endfacet
  facet normal -0.4817536741017151 -0.8763066800438637 0
    outer loop
      vertex -1.7031171662602897 -3.6193082098640783 -4.5
      vertex -1.7031171662602897 -3.6193082098640783 -3.2
      vertex -2.143307179915987 -3.37731170200806 -3.2
    endloop
  endfacet
  facet normal -0.36812455268467786 -0.9297764858882515 0
    outer loop
      vertex -1.7031171662602897 -3.6193082098640783 -4.5
      vertex -1.5049825102141463 -3.6977552697062492 -3.2
      vertex -1.7031171662602897 -3.6193082098640783 -3.2
    endloop
  endfacet
  facet normal 0 0 -1
    outer loop
      vertex -2.143307179915987 -3.37731170200806 -4.5
      vertex -1.8325939705274827 -2.2152255729803945 -4.5
      vertex -1.5405020355646157 -2.427442785818293 -4.5
    endloop
  endfacet
  facet normal 0 0 -1
    outer loop
      vertex -1.7031171662602897 -3.6193082098640783 -4.5
      vertex -1.5405020355646157 -2.427442785818293 -4.5
      vertex -1.2241154632495832 -2.6013777758398064 -4.5
    endloop
  endfacet
  facet normal 0 0 -1
    outer loop
      vertex -1.2360679774997896 -3.804226065180614 -4.5
      vertex -0.5387212794339589 -2.82407584584498 -4.5
      vertex -0.7495252583428993 -3.9291490029147544 -4.5
    endloop
  endfacet
  facet normal 0 0 -1
    outer loop
      vertex -1.2360679774997896 -3.804226065180614 -4.5
      vertex -0.8884238588279738 -2.7342874843485663 -4.5
      vertex -0.5387212794339589 -2.82407584584498 -4.5
    endloop
  endfacet
  facet normal 0 0 -1
    outer loop
      vertex -0.7495252583428993 -3.9291490029147544 -4.5
      vertex -0.18052274364677706 -2.869326844231281 -4.5
      vertex -0.25116207811725505 -3.9921069137130862 -4.5
    endloop
  endfacet
  facet normal 0 0 -1
    outer loop
      vertex -0.7495252583428993 -3.9291490029147544 -4.5
      vertex -0.5387212794339589 -2.82407584584498 -4.5
      vertex -0.18052274364677706 -2.869326844231281 -4.5
    endloop
  endfacet
  facet normal 0 0 -1
    outer loop
      vertex -0.25116207811725505 -3.9921069137130862 -4.5
      vertex -0.18052274364677706 -2.869326844231281 -4.5
      vertex 0.18052274364677706 -2.869326844231281 -4.5
    endloop
  endfacet
  facet normal -0.8443279255020153 -0.5358267949789961 0
    outer loop
      vertex -3.23606797749979 -2.3511410091698925 -4.5
      vertex -3.505226720175454 -1.9270146964068615 0
      vertex -3.505226720175454 -1.9270146964068615 -4.5
    endloop
  endfacet
  facet normal -0.770513242775789 -0.6374239897486899 0
    outer loop
      vertex -3.23606797749979 -2.3511410091698925 -4.5
      vertex -2.9158745096856467 -2.738188423714754 -4.5
      vertex -3.23606797749979 -2.3511410091698925 0
    endloop
  endfacet
  facet normal -0.5877852522924738 -0.8090169943749469 0
    outer loop
      vertex -2.5496959589947585 -3.0820529711031575 -4.5
      vertex -2.447513437051213 -3.1562929189139846 -3.2
      vertex -2.447513437051213 -3.1562929189139846 0
    endloop
  endfacet
  facet normal -0.6845471059286891 -0.7289686274214111 0
    outer loop
      vertex -2.5496959589947585 -3.0820529711031575 -4.5
      vertex -2.9158745096856467 -2.738188423714754 0
      vertex -2.9158745096856467 -2.738188423714754 -4.5
    endloop
  endfacet
  facet normal -0.770513242775789 -0.6374239897486899 0
    outer loop
      vertex -2.9158745096856467 -2.738188423714754 -4.5
      vertex -2.9158745096856467 -2.738188423714754 0
      vertex -3.23606797749979 -2.3511410091698925 0
    endloop
  endfacet
  facet normal -0.8443279255020153 -0.5358267949789961 0
    outer loop
      vertex -3.23606797749979 -2.3511410091698925 -4.5
      vertex -3.23606797749979 -2.3511410091698925 0
      vertex -3.505226720175454 -1.9270146964068615 0
    endloop
  endfacet
  facet normal -0.5877852522924738 -0.8090169943749468 0
    outer loop
      vertex -2.5496959589947585 -3.0820529711031575 -4.5
      vertex -2.447513437051213 -3.1562929189139846 0
      vertex -2.5496959589947585 -3.0820529711031575 0
    endloop
  endfacet
  facet normal -0.6845471059286891 -0.7289686274214111 0
    outer loop
      vertex -2.5496959589947585 -3.0820529711031575 -4.5
      vertex -2.5496959589947585 -3.0820529711031575 0
      vertex -2.9158745096856467 -2.738188423714754 0
    endloop
  endfacet
  facet normal -0.9048270524660192 -0.4257792915650731 0
    outer loop
      vertex -3.505226720175454 -1.9270146964068615 -4.5
      vertex -3.719105943553006 -1.4724982107387115 0
      vertex -3.719105943553006 -1.4724982107387115 -4.5
    endloop
  endfacet
  facet normal -0.9510565162951538 -0.30901699437494706 0
    outer loop
      vertex -3.719105943553006 -1.4724982107387115 -4.5
      vertex -3.8743326445145243 -0.9947595486594194 0
      vertex -3.8743326445145243 -0.9947595486594194 -4.5
    endloop
  endfacet
  facet normal -0.9822872507286886 -0.18738131458572496 0
    outer loop
      vertex -3.8743326445145243 -0.9947595486594194 -4.5
      vertex -3.962588563980653 -0.5321058166980333 0
      vertex -3.962588563980653 -0.5321058166980333 -3.2
    endloop
  endfacet
  facet normal -0.9048270524660192 -0.4257792915650731 0
    outer loop
      vertex -3.505226720175454 -1.9270146964068615 -4.5
      vertex -3.505226720175454 -1.9270146964068615 0
      vertex -3.719105943553006 -1.4724982107387115 0
    endloop
  endfacet
  facet normal -0.9510565162951538 -0.30901699437494706 0
    outer loop
      vertex -3.719105943553006 -1.4724982107387115 -4.5
      vertex -3.719105943553006 -1.4724982107387115 0
      vertex -3.8743326445145243 -0.9947595486594194 0
    endloop
  endfacet
  facet normal -0.9822872507286886 -0.18738131458572496 0
    outer loop
      vertex -3.8743326445145243 -0.9947595486594194 -4.5
      vertex -3.8743326445145243 -0.9947595486594194 0
      vertex -3.962588563980653 -0.5321058166980333 0
    endloop
  endfacet
  facet normal -0.24868988716485496 -0.968583161128631 0
    outer loop
      vertex -1.2360679774997896 -3.804226065180614 -4.5
      vertex -0.7495252583428993 -3.9291490029147544 -4.5
      vertex -1.2360679774997896 -3.804226065180614 0
    endloop
  endfacet
  facet normal -0.3681245526846778 -0.9297764858882515 0
    outer loop
      vertex -1.2360679774997896 -3.804226065180614 -4.5
      vertex -1.2360679774997896 -3.804226065180614 0
      vertex -1.5049825102141463 -3.6977552697062492 -3.2
    endloop
  endfacet
  facet normal -0.12533323356430498 -0.9921147013144777 0
    outer loop
      vertex -0.7495252583428993 -3.9291490029147544 -4.5
      vertex -0.25116207811725505 -3.9921069137130862 -4.5
      vertex -0.7495252583428993 -3.9291490029147544 0
    endloop
  endfacet
  facet normal 0 -1 0
    outer loop
      vertex -0.25116207811725505 -3.9921069137130862 -4.5
      vertex 0.25116207811725505 -3.9921069137130862 -4.5
      vertex -0.25116207811725505 -3.9921069137130862 0
    endloop
  endfacet
  facet normal -0.3681245526846778 -0.9297764858882515 0
    outer loop
      vertex -1.2360679774997896 -3.804226065180614 0
      vertex -1.5049825102141463 -3.6977552697062492 0
      vertex -1.5049825102141463 -3.6977552697062492 -3.2
    endloop
  endfacet
  facet normal -0.24868988716485496 -0.968583161128631 0
    outer loop
      vertex -0.7495252583428993 -3.9291490029147544 -4.5
      vertex -0.7495252583428993 -3.9291490029147544 0
      vertex -1.2360679774997896 -3.804226065180614 0
    endloop
  endfacet
  facet normal -0.12533323356430498 -0.9921147013144777 0
    outer loop
      vertex -0.25116207811725505 -3.9921069137130862 -4.5
      vertex -0.25116207811725505 -3.9921069137130862 0
      vertex -0.7495252583428993 -3.9291490029147544 0
    endloop
  endfacet
  facet normal 0 0 -1
    outer loop
      vertex -3.9684588052579115 -0.5013329342572163 -4.5
      vertex -4 0 -4.5
      vertex -3.9684588052579115 0.5013329342572163 -4.5
    endloop
  endfacet
  facet normal 0 0 -1
    outer loop
      vertex -3.9684588052579115 -0.5013329342572163 -4.5
      vertex -3.9684588052579115 0.5013329342572163 -4.5
      vertex -3.8743326445145243 0.9947595486594194 -4.5
    endloop
  endfacet
  facet normal 0 0 -1
    outer loop
      vertex -3.8743326445145243 -0.9947595486594194 -4.5
      vertex -3.8743326445145243 0.9947595486594194 -4.5
      vertex -3.719105943553006 1.4724982107387115 -4.5
    endloop
  endfacet
  facet normal -0.9980267284282717 0.06279051952931311 0
    outer loop
      vertex -4 0 -4.5
      vertex -3.9684588052579115 0.5013329342572163 -3.2
      vertex -3.9684588052579115 0.5013329342572163 -4.5
    endloop
  endfacet
  facet normal 0 0 -1
    outer loop
      vertex -3.719105943553006 -1.4724982107387115 -4.5
      vertex -3.719105943553006 1.4724982107387115 -4.5
      vertex -3.505226720175454 1.9270146964068615 -4.5
    endloop
  endfacet
  facet normal 0 0 -1
    outer loop
      vertex -3.505226720175454 -1.9270146964068615 -4.5
      vertex -3.505226720175454 1.9270146964068615 -4.5
      vertex -3.23606797749979 2.3511410091698925 -4.5
    endloop
  endfacet
  facet normal 0 0 -1
    outer loop
      vertex -3.23606797749979 -2.3511410091698925 -4.5
      vertex -3.23606797749979 2.3511410091698925 -4.5
      vertex -2.9158745096856467 2.738188423714754 -4.5
    endloop
  endfacet
  facet normal -0.9980267284282717 0.06279051952931311 0
    outer loop
      vertex -4 0 -4.5
      vertex -4 0 -3.2
      vertex -3.9684588052579115 0.5013329342572163 -3.2
    endloop
  endfacet
  facet normal -0.9822872507286887 0.18738131458572482 0
    outer loop
      vertex -3.9684588052579115 0.5013329342572163 -4.5
      vertex -3.9684588052579115 0.5013329342572163 -3.2
      vertex -3.962588563980653 0.5321058166980333 -3.2
    endloop
  endfacet
  facet normal 0 0 -1
    outer loop
      vertex -2.9158745096856467 -2.738188423714754 -4.5
      vertex -2.9158745096856467 2.738188423714754 -4.5
      vertex -2.875 0 -4.5
    endloop
  endfacet
  facet normal 0 0 -1
    outer loop
      vertex -2.875 0 -4.5
      vertex -2.9158745096856467 2.738188423714754 -4.5
      vertex -2.852329766279124 0.3603330464973742 -4.5
    endloop
  endfacet
  facet normal 0 0 -1
    outer loop
      vertex -2.852329766279124 0.3603330464973742 -4.5
      vertex -2.9158745096856467 2.738188423714754 -4.5
      vertex -2.7846765882448143 0.7149834255989577 -4.5
    endloop
  endfacet
  facet normal 0 0 -1
    outer loop
      vertex -2.7846765882448143 0.7149834255989577 -4.5
      vertex -2.5496959589947585 3.0820529711031575 -4.5
      vertex -2.673107396928723 1.058358088968449 -4.5
    endloop
  endfacet
  facet normal 0 0 -1
    outer loop
      vertex -2.673107396928723 1.058358088968449 -4.5
      vertex -2.5496959589947585 3.0820529711031575 -4.5
      vertex -2.5193817051261074 1.3850418130424318 -4.5
    endloop
  endfacet
  facet normal 0 0 -1
    outer loop
      vertex -2.7846765882448143 0.7149834255989577 -4.5
      vertex -2.9158745096856467 2.738188423714754 -4.5
      vertex -2.5496959589947585 3.0820529711031575 -4.5
    endloop
  endfacet
  facet normal 0 0 -1
    outer loop
      vertex -2.5193817051261074 1.3850418130424318 -4.5
      vertex -2.5496959589947585 3.0820529711031575 -4.5
      vertex -2.325923858827974 1.6898826003408602 -4.5
    endloop
  endfacet
  facet normal 0 0 -1
    outer loop
      vertex -2.325923858827974 1.6898826003408602 -4.5
      vertex -2.143307179915987 3.37731170200806 -4.5
      vertex -2.0957848038365587 1.9680729295449795 -4.5
    endloop
  endfacet
  facet normal 0 0 -1
    outer loop
      vertex -2.325923858827974 1.6898826003408602 -4.5
      vertex -2.5496959589947585 3.0820529711031575 -4.5
      vertex -2.143307179915987 3.37731170200806 -4.5
    endloop
  endfacet
  facet normal 0 0 -1
    outer loop
      vertex -2.0957848038365587 1.9680729295449795 -4.5
      vertex -2.143307179915987 3.37731170200806 -4.5
      vertex -1.8325939705274827 2.2152255729803945 -4.5
    endloop
  endfacet
  facet normal -0.5877852522924728 0.8090169943749479 0
    outer loop
      vertex -2.5496959589947585 3.0820529711031575 -4.5
      vertex -2.143307179915987 3.37731170200806 -3.2
      vertex -2.143307179915987 3.37731170200806 -4.5
    endloop
  endfacet
  facet normal -0.5877852522924724 0.809016994374948 -1.8453542485584977e-16
    outer loop
      vertex -2.5496959589947585 3.0820529711031575 -4.5
      vertex -2.447513437051213 3.1562929189139846 -3.2
      vertex -2.143307179915987 3.37731170200806 -3.2
    endloop
  endfacet
  facet normal 0 0 -1
    outer loop
      vertex -1.8325939705274827 2.2152255729803945 -4.5
      vertex -1.7031171662602909 3.619308209864078 -4.5
      vertex -1.5405020355646157 2.427442785818293 -4.5
    endloop
  endfacet
  facet normal 0 0 -1
    outer loop
      vertex -1.5405020355646157 2.427442785818293 -4.5
      vertex -1.2360679774997896 3.804226065180614 -4.5
      vertex -1.224115463249584 2.601377775839806 -4.5
    endloop
  endfacet
  facet normal 0 0 -1
    outer loop
      vertex -2.143307179915987 3.37731170200806 -4.5
      vertex -1.7031171662602909 3.619308209864078 -4.5
      vertex -1.8325939705274827 2.2152255729803945 -4.5
    endloop
  endfacet
  facet normal -0.4817536741017154 0.8763066800438636 0
    outer loop
      vertex -2.143307179915987 3.37731170200806 -4.5
      vertex -1.7031171662602909 3.619308209864078 -3.2
      vertex -1.7031171662602909 3.619308209864078 -4.5
    endloop
  endfacet
  facet normal 0 0 -1
    outer loop
      vertex -1.5405020355646157 2.427442785818293 -4.5
      vertex -1.7031171662602909 3.619308209864078 -4.5
      vertex -1.2360679774997896 3.804226065180614 -4.5
    endloop
  endfacet
  facet normal 0 0 -1
    outer loop
      vertex -1.224115463249584 2.601377775839806 -4.5
      vertex -1.2360679774997896 3.804226065180614 -4.5
      vertex -0.8884238588279738 2.7342874843485663 -4.5
    endloop
  endfacet
  facet normal -0.3681245526846778 0.9297764858882515 -1.0625829216187281e-17
    outer loop
      vertex -1.7031171662602909 3.619308209864078 -4.5
      vertex -1.5049825102141463 3.6977552697062492 -3.2
      vertex -1.2360679774997896 3.804226065180614 -4.5
    endloop
  endfacet
  facet normal -0.4817536741017154 0.8763066800438636 0
    outer loop
      vertex -2.143307179915987 3.37731170200806 -4.5
      vertex -2.143307179915987 3.37731170200806 -3.2
      vertex -1.7031171662602909 3.619308209864078 -3.2
    endloop
  endfacet
  facet normal -0.36812455268467786 0.9297764858882515 0
    outer loop
      vertex -1.7031171662602909 3.619308209864078 -4.5
      vertex -1.7031171662602909 3.619308209864078 -3.2
      vertex -1.5049825102141463 3.6977552697062492 -3.2
    endloop
  endfacet
  facet normal 0 0 -1
    outer loop
      vertex -1.2360679774997896 3.804226065180614 -4.5
      vertex -0.7495252583428983 3.929149002914755 -4.5
      vertex -0.8884238588279738 2.7342874843485663 -4.5
    endloop
  endfacet
  facet normal 0 0 -1
    outer loop
      vertex -0.8884238588279738 2.7342874843485663 -4.5
      vertex -0.7495252583428983 3.929149002914755 -4.5
      vertex -0.5387212794339582 2.82407584584498 -4.5
    endloop
  endfacet
  facet normal 0 0 -1
    outer loop
      vertex -0.5387212794339582 2.82407584584498 -4.5
      vertex -0.7495252583428983 3.929149002914755 -4.5
      vertex -0.2511620781172531 3.9921069137130862 -4.5
    endloop
  endfacet
  facet normal 0 0 -1
    outer loop
      vertex -0.5387212794339582 2.82407584584498 -4.5
      vertex -0.2511620781172531 3.9921069137130862 -4.5
      vertex -0.18052274364677567 2.869326844231281 -4.5
    endloop
  endfacet
  facet normal 0 0 -1
    outer loop
      vertex -0.18052274364677567 2.869326844231281 -4.5
      vertex -0.2511620781172531 3.9921069137130862 -4.5
      vertex 0.2511620781172531 3.9921069137130862 -4.5
    endloop
  endfacet
  facet normal -0.9822872507286886 0.18738131458572493 0
    outer loop
      vertex -3.9684588052579115 0.5013329342572163 -4.5
      vertex -3.8743326445145243 0.9947595486594194 0
      vertex -3.8743326445145243 0.9947595486594194 -4.5
    endloop
  endfacet
  facet normal -0.9822872507286886 0.18738131458572496 -5.081737381071787e-18
    outer loop
      vertex -3.9684588052579115 0.5013329342572163 -4.5
      vertex -3.962588563980653 0.5321058166980333 -3.2
      vertex -3.8743326445145243 0.9947595486594194 0
    endloop
  endfacet
  facet normal -0.9510565162951538 0.30901699437494706 0
    outer loop
      vertex -3.8743326445145243 0.9947595486594194 -4.5
      vertex -3.719105943553006 1.4724982107387115 0
      vertex -3.719105943553006 1.4724982107387115 -4.5
    endloop
  endfacet
  facet normal -0.9048270524660192 0.4257792915650731 0
    outer loop
      vertex -3.719105943553006 1.4724982107387115 -4.5
      vertex -3.505226720175454 1.9270146964068615 0
      vertex -3.505226720175454 1.9270146964068615 -4.5
    endloop
  endfacet
  facet normal -0.9822872507286886 0.18738131458572496 0
    outer loop
      vertex -3.8743326445145243 0.9947595486594194 0
      vertex -3.962588563980653 0.5321058166980333 -3.2
      vertex -3.962588563980653 0.5321058166980333 0
    endloop
  endfacet
  facet normal -0.9510565162951538 0.30901699437494706 0
    outer loop
      vertex -3.8743326445145243 0.9947595486594194 -4.5
      vertex -3.8743326445145243 0.9947595486594194 0
      vertex -3.719105943553006 1.4724982107387115 0
    endloop
  endfacet
  facet normal -0.9048270524660192 0.4257792915650731 0
    outer loop
      vertex -3.719105943553006 1.4724982107387115 -4.5
      vertex -3.719105943553006 1.4724982107387115 0
      vertex -3.505226720175454 1.9270146964068615 0
    endloop
  endfacet
  facet normal -0.8443279255020153 0.5358267949789961 0
    outer loop
      vertex -3.505226720175454 1.9270146964068615 -4.5
      vertex -3.23606797749979 2.3511410091698925 0
      vertex -3.23606797749979 2.3511410091698925 -4.5
    endloop
  endfacet
  facet normal -0.770513242775789 0.6374239897486899 0
    outer loop
      vertex -3.23606797749979 2.3511410091698925 -4.5
      vertex -2.9158745096856467 2.738188423714754 0
      vertex -2.9158745096856467 2.738188423714754 -4.5
    endloop
  endfacet
  facet normal -0.6845471059286891 0.7289686274214111 0
    outer loop
      vertex -2.9158745096856467 2.738188423714754 -4.5
      vertex -2.5496959589947585 3.0820529711031575 0
      vertex -2.5496959589947585 3.0820529711031575 -4.5
    endloop
  endfacet
  facet normal -0.5877852522924738 0.8090169943749468 0
    outer loop
      vertex -2.5496959589947585 3.0820529711031575 -4.5
      vertex -2.5496959589947585 3.0820529711031575 0
      vertex -2.447513437051213 3.1562929189139846 -3.2
    endloop
  endfacet
  facet normal -0.8443279255020153 0.5358267949789961 0
    outer loop
      vertex -3.505226720175454 1.9270146964068615 -4.5
      vertex -3.505226720175454 1.9270146964068615 0
      vertex -3.23606797749979 2.3511410091698925 0
    endloop
  endfacet
  facet normal -0.770513242775789 0.6374239897486899 0
    outer loop
      vertex -3.23606797749979 2.3511410091698925 -4.5
      vertex -3.23606797749979 2.3511410091698925 0
      vertex -2.9158745096856467 2.738188423714754 0
    endloop
  endfacet
  facet normal -0.6845471059286891 0.7289686274214111 0
    outer loop
      vertex -2.9158745096856467 2.738188423714754 -4.5
      vertex -2.9158745096856467 2.738188423714754 0
      vertex -2.5496959589947585 3.0820529711031575 0
    endloop
  endfacet
  facet normal -0.5877852522924738 0.8090169943749469 0
    outer loop
      vertex -2.5496959589947585 3.0820529711031575 0
      vertex -2.447513437051213 3.1562929189139846 0
      vertex -2.447513437051213 3.1562929189139846 -3.2
    endloop
  endfacet
  facet normal -0.3681245526846778 0.9297764858882515 0
    outer loop
      vertex -1.2360679774997896 3.804226065180614 -4.5
      vertex -1.5049825102141463 3.6977552697062492 -3.2
      vertex -1.5049825102141463 3.6977552697062492 0
    endloop
  endfacet
  facet normal -0.24868988716485535 0.9685831611286311 0
    outer loop
      vertex -1.2360679774997896 3.804226065180614 -4.5
      vertex -0.7495252583428983 3.929149002914755 0
      vertex -0.7495252583428983 3.929149002914755 -4.5
    endloop
  endfacet
  facet normal -0.12533323356430387 0.9921147013144779 0
    outer loop
      vertex -0.7495252583428983 3.929149002914755 -4.5
      vertex -0.2511620781172531 3.9921069137130862 0
      vertex -0.2511620781172531 3.9921069137130862 -4.5
    endloop
  endfacet
  facet normal -0.3681245526846778 0.9297764858882515 0
    outer loop
      vertex -1.2360679774997896 3.804226065180614 -4.5
      vertex -1.5049825102141463 3.6977552697062492 0
      vertex -1.2360679774997896 3.804226065180614 0
    endloop
  endfacet
  facet normal -0.24868988716485535 0.9685831611286311 0
    outer loop
      vertex -1.2360679774997896 3.804226065180614 -4.5
      vertex -1.2360679774997896 3.804226065180614 0
      vertex -0.7495252583428983 3.929149002914755 0
    endloop
  endfacet
  facet normal -0.12533323356430387 0.9921147013144779 0
    outer loop
      vertex -0.7495252583428983 3.929149002914755 -4.5
      vertex -0.7495252583428983 3.929149002914755 0
      vertex -0.2511620781172531 3.9921069137130862 0
    endloop
  endfacet
  facet normal 0 1 0
    outer loop
      vertex -0.2511620781172531 3.9921069137130862 -4.5
      vertex -0.2511620781172531 3.9921069137130862 0
      vertex 0.2511620781172531 3.9921069137130862 0
    endloop
  endfacet
  facet normal 0 0 -1
    outer loop
      vertex -0.25116207811725505 -3.9921069137130862 -4.5
      vertex 0.18052274364677706 -2.869326844231281 -4.5
      vertex 0.25116207811725505 -3.9921069137130862 -4.5
    endloop
  endfacet
  facet normal 0 0 -1
    outer loop
      vertex 0.25116207811725505 -3.9921069137130862 -4.5
      vertex 0.18052274364677706 -2.869326844231281 -4.5
      vertex 0.5387212794339589 -2.82407584584498 -4.5
    endloop
  endfacet
  facet normal 0 0 -1
    outer loop
      vertex 0.25116207811725505 -3.9921069137130862 -4.5
      vertex 0.5387212794339589 -2.82407584584498 -4.5
      vertex 0.7495252583428993 -3.9291490029147544 -4.5
    endloop
  endfacet
  facet normal 0 0 -1
    outer loop
      vertex 0.7495252583428993 -3.9291490029147544 -4.5
      vertex 0.5387212794339589 -2.82407584584498 -4.5
      vertex 0.8884238588279738 -2.7342874843485663 -4.5
    endloop
  endfacet
  facet normal 0 0 -1
    outer loop
      vertex 0.7495252583428993 -3.9291490029147544 -4.5
      vertex 0.8884238588279738 -2.7342874843485663 -4.5
      vertex 1.2360679774997896 -3.804226065180614 -4.5
    endloop
  endfacet
  facet normal 0.3681245526846778 -0.9297764858882515 0
    outer loop
      vertex 1.2360679774997896 -3.804226065180614 -4.5
      vertex 1.7031171662602897 -3.6193082098640783 -4.5
      vertex 1.5049825102141463 -3.6977552697062492 -3.2
    endloop
  endfacet
  facet normal 0 0 -1
    outer loop
      vertex 0.8884238588279738 -2.7342874843485663 -4.5
      vertex 1.2241154632495832 -2.6013777758398064 -4.5
      vertex 1.2360679774997896 -3.804226065180614 -4.5
    endloop
  endfacet
  facet normal 0 0 -1
    outer loop
      vertex 1.2360679774997896 -3.804226065180614 -4.5
      vertex 1.5405020355646142 -2.427442785818294 -4.5
      vertex 1.7031171662602897 -3.6193082098640783 -4.5
    endloop
  endfacet
  facet normal 0.4817536741017149 -0.8763066800438638 0
    outer loop
      vertex 1.7031171662602897 -3.6193082098640783 -4.5
      vertex 2.143307179915985 -3.377311702008061 -4.5
      vertex 1.7031171662602897 -3.6193082098640783 -3.2
    endloop
  endfacet
  facet normal 0 0 -1
    outer loop
      vertex 1.7031171662602897 -3.6193082098640783 -4.5
      vertex 1.8325939705274836 -2.2152255729803936 -4.5
      vertex 2.143307179915985 -3.377311702008061 -4.5
    endloop
  endfacet
  facet normal 0.36812455268467786 -0.9297764858882515 0
    outer loop
      vertex 1.7031171662602897 -3.6193082098640783 -4.5
      vertex 1.7031171662602897 -3.6193082098640783 -3.2
      vertex 1.5049825102141463 -3.6977552697062492 -3.2
    endloop
  endfacet
  facet normal 0.4817536741017149 -0.8763066800438638 0
    outer loop
      vertex 2.143307179915985 -3.377311702008061 -4.5
      vertex 2.143307179915985 -3.377311702008061 -3.2
      vertex 1.7031171662602897 -3.6193082098640783 -3.2
    endloop
  endfacet
  facet normal 0 0 -1
    outer loop
      vertex 1.2360679774997896 -3.804226065180614 -4.5
      vertex 1.2241154632495832 -2.6013777758398064 -4.5
      vertex 1.5405020355646142 -2.427442785818294 -4.5
    endloop
  endfacet
  facet normal 0 0 -1
    outer loop
      vertex 1.7031171662602897 -3.6193082098640783 -4.5
      vertex 1.5405020355646142 -2.427442785818294 -4.5
      vertex 1.8325939705274836 -2.2152255729803936 -4.5
    endloop
  endfacet
  facet normal 0.5877852522924728 -0.8090169943749477 0
    outer loop
      vertex 2.143307179915985 -3.377311702008061 -4.5
      vertex 2.54969595899476 -3.082052971103156 -4.5
      vertex 2.143307179915985 -3.377311702008061 -3.2
    endloop
  endfacet
  facet normal 0.5877852522924734 -0.8090169943749472 2.697056209431628e-16
    outer loop
      vertex 2.54969595899476 -3.082052971103156 -4.5
      vertex 2.447513437051213 -3.1562929189139837 -3.2
      vertex 2.143307179915985 -3.377311702008061 -3.2
    endloop
  endfacet
  facet normal 0 0 -1
    outer loop
      vertex 1.8325939705274836 -2.2152255729803936 -4.5
      vertex 2.0957848038365587 -1.9680729295449795 -4.5
      vertex 2.143307179915985 -3.377311702008061 -4.5
    endloop
  endfacet
  facet normal 0 0 -1
    outer loop
      vertex 2.143307179915985 -3.377311702008061 -4.5
      vertex 2.325923858827974 -1.6898826003408602 -4.5
      vertex 2.54969595899476 -3.082052971103156 -4.5
    endloop
  endfacet
  facet normal 0 0 -1
    outer loop
      vertex 2.143307179915985 -3.377311702008061 -4.5
      vertex 2.0957848038365587 -1.9680729295449795 -4.5
      vertex 2.325923858827974 -1.6898826003408602 -4.5
    endloop
  endfacet
  facet normal 0 0 -1
    outer loop
      vertex 2.54969595899476 -3.082052971103156 -4.5
      vertex 2.325923858827974 -1.6898826003408602 -4.5
      vertex 2.5193817051261074 -1.3850418130424318 -4.5
    endloop
  endfacet
  facet normal 0 0 -1
    outer loop
      vertex 2.54969595899476 -3.082052971103156 -4.5
      vertex 2.784676588244815 -0.7149834255989564 -4.5
      vertex 2.9158745096856467 -2.738188423714754 -4.5
    endloop
  endfacet
  facet normal 0 0 -1
    outer loop
      vertex 2.54969595899476 -3.082052971103156 -4.5
      vertex 2.5193817051261074 -1.3850418130424318 -4.5
      vertex 2.6731073969287222 -1.0583580889684503 -4.5
    endloop
  endfacet
  facet normal 0 0 -1
    outer loop
      vertex 2.54969595899476 -3.082052971103156 -4.5
      vertex 2.6731073969287222 -1.0583580889684503 -4.5
      vertex 2.784676588244815 -0.7149834255989564 -4.5
    endloop
  endfacet
  facet normal 0 0 -1
    outer loop
      vertex 2.9158745096856467 -2.738188423714754 -4.5
      vertex 2.784676588244815 -0.7149834255989564 -4.5
      vertex 2.852329766279124 -0.3603330464973742 -4.5
    endloop
  endfacet
  facet normal 0 0 -1
    outer loop
      vertex 2.9158745096856467 -2.738188423714754 -4.5
      vertex 2.852329766279124 -0.3603330464973742 -4.5
      vertex 2.875 0 -4.5
    endloop
  endfacet
  facet normal 0 0 -1
    outer loop
      vertex 2.9158745096856467 -2.738188423714754 -4.5
      vertex 3.23606797749979 2.3511410091698925 -4.5
      vertex 3.23606797749979 -2.3511410091698925 -4.5
    endloop
  endfacet
  facet normal 0 0 -1
    outer loop
      vertex 3.23606797749979 -2.3511410091698925 -4.5
      vertex 3.5052267201754543 1.9270146964068613 -4.5
      vertex 3.505226720175454 -1.9270146964068615 -4.5
    endloop
  endfacet
  facet normal 0 0 -1
    outer loop
      vertex 3.505226720175454 -1.9270146964068615 -4.5
      vertex 3.7191059435530054 1.472498210738712 -4.5
      vertex 3.719105943553005 -1.4724982107387135 -4.5
    endloop
  endfacet
  facet normal 0 0 -1
    outer loop
      vertex 3.719105943553005 -1.4724982107387135 -4.5
      vertex 3.8743326445145243 0.9947595486594192 -4.5
      vertex 3.8743326445145247 -0.9947595486594177 -4.5
    endloop
  endfacet
  facet normal 0 0 -1
    outer loop
      vertex 3.8743326445145247 -0.9947595486594177 -4.5
      vertex 3.9684588052579115 0.501332934257217 -4.5
      vertex 3.9684588052579115 -0.5013329342572163 -4.5
    endloop
  endfacet
  facet normal 0.9980267284282717 -0.06279051952931311 0
    outer loop
      vertex 3.9684588052579115 -0.5013329342572163 -4.5
      vertex 4 0 -4.5
      vertex 3.9684588052579115 -0.5013329342572163 -3.2
    endloop
  endfacet
  facet normal 0.9822872507286887 -0.18738131458572482 0
    outer loop
      vertex 3.9684588052579115 -0.5013329342572163 -4.5
      vertex 3.9684588052579115 -0.5013329342572163 -3.2
      vertex 3.962588563980653 -0.5321058166980333 -3.2
    endloop
  endfacet
  facet normal 0.9980267284282717 -0.06279051952931311 0
    outer loop
      vertex 4 0 -4.5
      vertex 4 0 -3.2
      vertex 3.9684588052579115 -0.5013329342572163 -3.2
    endloop
  endfacet
  facet normal 0.12533323356430498 -0.9921147013144777 0
    outer loop
      vertex 0.25116207811725505 -3.9921069137130862 -4.5
      vertex 0.7495252583428993 -3.9291490029147544 -4.5
      vertex 0.25116207811725505 -3.9921069137130862 0
    endloop
  endfacet
  facet normal 0.24868988716485496 -0.968583161128631 0
    outer loop
      vertex 0.7495252583428993 -3.9291490029147544 -4.5
      vertex 1.2360679774997896 -3.804226065180614 -4.5
      vertex 0.7495252583428993 -3.9291490029147544 0
    endloop
  endfacet
  facet normal 0.3681245526846778 -0.9297764858882515 0
    outer loop
      vertex 1.2360679774997896 -3.804226065180614 -4.5
      vertex 1.5049825102141463 -3.6977552697062492 -3.2
      vertex 1.5049825102141463 -3.6977552697062492 0
    endloop
  endfacet
  facet normal 0 -1 0
    outer loop
      vertex 0.25116207811725505 -3.9921069137130862 -4.5
      vertex 0.25116207811725505 -3.9921069137130862 0
      vertex -0.25116207811725505 -3.9921069137130862 0
    endloop
  endfacet
  facet normal 0.12533323356430498 -0.9921147013144777 0
    outer loop
      vertex 0.7495252583428993 -3.9291490029147544 -4.5
      vertex 0.7495252583428993 -3.9291490029147544 0
      vertex 0.25116207811725505 -3.9921069137130862 0
    endloop
  endfacet
  facet normal 0.24868988716485496 -0.968583161128631 0
    outer loop
      vertex 1.2360679774997896 -3.804226065180614 -4.5
      vertex 1.2360679774997896 -3.804226065180614 0
      vertex 0.7495252583428993 -3.9291490029147544 0
    endloop
  endfacet
  facet normal 0.3681245526846778 -0.9297764858882515 0
    outer loop
      vertex 1.2360679774997896 -3.804226065180614 -4.5
      vertex 1.5049825102141463 -3.6977552697062492 0
      vertex 1.2360679774997896 -3.804226065180614 0
    endloop
  endfacet
  facet normal 0.5877852522924711 -0.8090169943749489 0
    outer loop
      vertex 2.54969595899476 -3.082052971103156 -4.5
      vertex 2.54969595899476 -3.082052971103156 0
      vertex 2.447513437051213 -3.1562929189139837 -3.2
    endloop
  endfacet
  facet normal 0.6845471059286891 -0.7289686274214112 0
    outer loop
      vertex 2.54969595899476 -3.082052971103156 -4.5
      vertex 2.9158745096856467 -2.738188423714754 -4.5
      vertex 2.54969595899476 -3.082052971103156 0
    endloop
  endfacet
  facet normal 0.770513242775789 -0.6374239897486899 0
    outer loop
      vertex 2.9158745096856467 -2.738188423714754 -4.5
      vertex 3.23606797749979 -2.3511410091698925 -4.5
      vertex 2.9158745096856467 -2.738188423714754 0
    endloop
  endfacet
  facet normal 0.8443279255020153 -0.5358267949789961 0
    outer loop
      vertex 3.23606797749979 -2.3511410091698925 -4.5
      vertex 3.505226720175454 -1.9270146964068615 -4.5
      vertex 3.23606797749979 -2.3511410091698925 0
    endloop
  endfacet
  facet normal 0.5877852522924711 -0.8090169943749489 0
    outer loop
      vertex 2.54969595899476 -3.082052971103156 0
      vertex 2.447513437051213 -3.1562929189139837 0
      vertex 2.447513437051213 -3.1562929189139837 -3.2
    endloop
  endfacet
  facet normal 0.6845471059286891 -0.7289686274214112 0
    outer loop
      vertex 2.9158745096856467 -2.738188423714754 -4.5
      vertex 2.9158745096856467 -2.738188423714754 0
      vertex 2.54969595899476 -3.082052971103156 0
    endloop
  endfacet
  facet normal 0.770513242775789 -0.6374239897486899 0
    outer loop
      vertex 3.23606797749979 -2.3511410091698925 -4.5
      vertex 3.23606797749979 -2.3511410091698925 0
      vertex 2.9158745096856467 -2.738188423714754 0
    endloop
  endfacet
  facet normal 0.8443279255020153 -0.5358267949789961 0
    outer loop
      vertex 3.505226720175454 -1.9270146964068615 -4.5
      vertex 3.505226720175454 -1.9270146964068615 0
      vertex 3.23606797749979 -2.3511410091698925 0
    endloop
  endfacet
  facet normal 0.9048270524660194 -0.42577929156507327 0
    outer loop
      vertex 3.505226720175454 -1.9270146964068615 -4.5
      vertex 3.719105943553005 -1.4724982107387135 -4.5
      vertex 3.505226720175454 -1.9270146964068615 0
    endloop
  endfacet
  facet normal 0.9510565162951538 -0.3090169943749474 0
    outer loop
      vertex 3.719105943553005 -1.4724982107387135 -4.5
      vertex 3.8743326445145247 -0.9947595486594177 -4.5
      vertex 3.719105943553005 -1.4724982107387135 0
    endloop
  endfacet
  facet normal 0.9822872507286887 -0.1873813145857247 0
    outer loop
      vertex 3.8743326445145247 -0.9947595486594177 -4.5
      vertex 3.9684588052579115 -0.5013329342572163 -4.5
      vertex 3.8743326445145247 -0.9947595486594177 0
    endloop
  endfacet
  facet normal 0.9822872507286887 -0.18738131458572468 1.6939124603572699e-18
    outer loop
      vertex 3.9684588052579115 -0.5013329342572163 -4.5
      vertex 3.962588563980653 -0.5321058166980333 -3.2
      vertex 3.8743326445145247 -0.9947595486594177 0
    endloop
  endfacet
  facet normal 0.9048270524660194 -0.42577929156507327 0
    outer loop
      vertex 3.719105943553005 -1.4724982107387135 -4.5
      vertex 3.719105943553005 -1.4724982107387135 0
      vertex 3.505226720175454 -1.9270146964068615 0
    endloop
  endfacet
  facet normal 0.9510565162951538 -0.3090169943749474 0
    outer loop
      vertex 3.8743326445145247 -0.9947595486594177 -4.5
      vertex 3.8743326445145247 -0.9947595486594177 0
      vertex 3.719105943553005 -1.4724982107387135 0
    endloop
  endfacet
  facet normal 0.9822872507286887 -0.1873813145857247 0
    outer loop
      vertex 3.8743326445145247 -0.9947595486594177 0
      vertex 3.962588563980653 -0.5321058166980333 -3.2
      vertex 3.962588563980653 -0.5321058166980333 0
    endloop
  endfacet
  facet normal 0 0 -1
    outer loop
      vertex -0.18052274364677567 2.869326844231281 -4.5
      vertex 0.2511620781172531 3.9921069137130862 -4.5
      vertex 0.18052274364677542 2.869326844231281 -4.5
    endloop
  endfacet
  facet normal 0 0 -1
    outer loop
      vertex 0.18052274364677542 2.869326844231281 -4.5
      vertex 0.7495252583428983 3.929149002914755 -4.5
      vertex 0.5387212794339582 2.82407584584498 -4.5
    endloop
  endfacet
  facet normal 0 0 -1
    outer loop
      vertex 0.18052274364677542 2.869326844231281 -4.5
      vertex 0.2511620781172531 3.9921069137130862 -4.5
      vertex 0.7495252583428983 3.929149002914755 -4.5
    endloop
  endfacet
  facet normal 0 0 -1
    outer loop
      vertex 0.5387212794339582 2.82407584584498 -4.5
      vertex 1.2360679774997896 3.804226065180614 -4.5
      vertex 0.8884238588279738 2.7342874843485663 -4.5
    endloop
  endfacet
  facet normal 0 0 -1
    outer loop
      vertex 0.5387212794339582 2.82407584584498 -4.5
      vertex 0.7495252583428983 3.929149002914755 -4.5
      vertex 1.2360679774997896 3.804226065180614 -4.5
    endloop
  endfacet
  facet normal 0 0 -1
    outer loop
      vertex 1.224115463249584 2.601377775839806 -4.5
      vertex 1.7031171662602909 3.619308209864078 -4.5
      vertex 1.5405020355646153 2.427442785818293 -4.5
    endloop
  endfacet
  facet normal 0 0 -1
    outer loop
      vertex 1.5405020355646153 2.427442785818293 -4.5
      vertex 2.1433071799159866 3.3773117020080603 -4.5
      vertex 1.832593970527483 2.2152255729803936 -4.5
    endloop
  endfacet
  facet normal 0 0 -1
    outer loop
      vertex 0.8884238588279738 2.7342874843485663 -4.5
      vertex 1.2360679774997896 3.804226065180614 -4.5
      vertex 1.224115463249584 2.601377775839806 -4.5
    endloop
  endfacet
  facet normal 0 0 -1
    outer loop
      vertex 1.224115463249584 2.601377775839806 -4.5
      vertex 1.2360679774997896 3.804226065180614 -4.5
      vertex 1.7031171662602909 3.619308209864078 -4.5
    endloop
  endfacet
  facet normal 0.3681245526846778 0.9297764858882515 -1.0625829216187281e-17
    outer loop
      vertex 1.2360679774997896 3.804226065180614 -4.5
      vertex 1.5049825102141463 3.6977552697062492 -3.2
      vertex 1.7031171662602909 3.619308209864078 -4.5
    endloop
  endfacet
  facet normal 0 0 -1
    outer loop
      vertex 1.5405020355646153 2.427442785818293 -4.5
      vertex 1.7031171662602909 3.619308209864078 -4.5
      vertex 2.1433071799159866 3.3773117020080603 -4.5
    endloop
  endfacet
  facet normal 0.4817536741017151 0.8763066800438638 0
    outer loop
      vertex 1.7031171662602909 3.619308209864078 -4.5
      vertex 2.1433071799159866 3.3773117020080603 -3.2
      vertex 2.1433071799159866 3.3773117020080603 -4.5
    endloop
  endfacet
  facet normal 0.36812455268467786 0.9297764858882515 0
    outer loop
      vertex 1.7031171662602909 3.619308209864078 -4.5
      vertex 1.5049825102141463 3.6977552697062492 -3.2
      vertex 1.7031171662602909 3.619308209864078 -3.2
    endloop
  endfacet
  facet normal 0.4817536741017151 0.8763066800438638 0
    outer loop
      vertex 1.7031171662602909 3.619308209864078 -4.5
      vertex 1.7031171662602909 3.619308209864078 -3.2
      vertex 2.1433071799159866 3.3773117020080603 -3.2
    endloop
  endfacet
  facet normal 0 0 -1
    outer loop
      vertex 2.9158745096856467 -2.738188423714754 -4.5
      vertex 2.875 0 -4.5
      vertex 2.915874509685646 2.738188423714755 -4.5
    endloop
  endfacet
  facet normal 0 0 -1
    outer loop
      vertex 2.875 0 -4.5
      vertex 2.852329766279124 0.36033304649737474 -4.5
      vertex 2.915874509685646 2.738188423714755 -4.5
    endloop
  endfacet
  facet normal 0 0 -1
    outer loop
      vertex 2.852329766279124 0.36033304649737474 -4.5
      vertex 2.7846765882448143 0.7149834255989576 -4.5
      vertex 2.915874509685646 2.738188423714755 -4.5
    endloop
  endfacet
  facet normal 0 0 -1
    outer loop
      vertex 2.6731073969287227 1.0583580889684492 -4.5
      vertex 2.519381705126108 1.3850418130424316 -4.5
      vertex 2.915874509685646 2.738188423714755 -4.5
    endloop
  endfacet
  facet normal 0 0 -1
    outer loop
      vertex 2.7846765882448143 0.7149834255989576 -4.5
      vertex 2.6731073969287227 1.0583580889684492 -4.5
      vertex 2.915874509685646 2.738188423714755 -4.5
    endloop
  endfacet
  facet normal 0 0 -1
    outer loop
      vertex 2.9158745096856467 -2.738188423714754 -4.5
      vertex 2.915874509685646 2.738188423714755 -4.5
      vertex 3.23606797749979 2.3511410091698925 -4.5
    endloop
  endfacet
  facet normal 0 0 -1
    outer loop
      vertex 3.23606797749979 -2.3511410091698925 -4.5
      vertex 3.23606797749979 2.3511410091698925 -4.5
      vertex 3.5052267201754543 1.9270146964068613 -4.5
    endloop
  endfacet
  facet normal 0 0 -1
    outer loop
      vertex 3.505226720175454 -1.9270146964068615 -4.5
      vertex 3.5052267201754543 1.9270146964068613 -4.5
      vertex 3.7191059435530054 1.472498210738712 -4.5
    endloop
  endfacet
  facet normal 0 0 -1
    outer loop
      vertex 3.9684588052579115 -0.5013329342572163 -4.5
      vertex 3.9684588052579115 0.501332934257217 -4.5
      vertex 4 0 -4.5
    endloop
  endfacet
  facet normal 0 0 -1
    outer loop
      vertex 3.8743326445145247 -0.9947595486594177 -4.5
      vertex 3.8743326445145243 0.9947595486594192 -4.5
      vertex 3.9684588052579115 0.501332934257217 -4.5
    endloop
  endfacet
  facet normal 0 0 -1
    outer loop
      vertex 3.719105943553005 -1.4724982107387135 -4.5
      vertex 3.7191059435530054 1.472498210738712 -4.5
      vertex 3.8743326445145243 0.9947595486594192 -4.5
    endloop
  endfacet
  facet normal 0.9980267284282714 0.06279051952931301 0
    outer loop
      vertex 4 0 -4.5
      vertex 3.9684588052579115 0.501332934257217 -4.5
      vertex 4 0 -3.2
    endloop
  endfacet
  facet normal 0.9822872507286885 0.1873813145857253 1.4676926604858692e-16
    outer loop
      vertex 3.9684588052579115 0.501332934257217 -4.5
      vertex 3.8743326445145243 0.9947595486594192 -4.5
      vertex 3.962588563980653 0.5321058166980329 -3.2
    endloop
  endfacet
  facet normal 0.9980267284282714 0.06279051952931301 0
    outer loop
      vertex 3.9684588052579115 0.501332934257217 -4.5
      vertex 3.9684588052579115 0.501332934257217 -3.2
      vertex 4 0 -3.2
    endloop
  endfacet
  facet normal 0.9822872507286874 0.18738131458573132 0
    outer loop
      vertex 3.9684588052579115 0.501332934257217 -4.5
      vertex 3.962588563980653 0.5321058166980329 -3.2
      vertex 3.9684588052579115 0.501332934257217 -3.2
    endloop
  endfacet
  facet normal 0 0 -1
    outer loop
      vertex 2.325923858827974 1.6898826003408602 -4.5
      vertex 2.549695958994759 3.0820529711031566 -4.5
      vertex 2.519381705126108 1.3850418130424316 -4.5
    endloop
  endfacet
  facet normal 0 0 -1
    outer loop
      vertex 2.0957848038365583 1.9680729295449801 -4.5
      vertex 2.549695958994759 3.0820529711031566 -4.5
      vertex 2.325923858827974 1.6898826003408602 -4.5
    endloop
  endfacet
  facet normal 0 0 -1
    outer loop
      vertex 1.832593970527483 2.2152255729803936 -4.5
      vertex 2.1433071799159866 3.3773117020080603 -4.5
      vertex 2.0957848038365583 1.9680729295449801 -4.5
    endloop
  endfacet
  facet normal 0 0 -1
    outer loop
      vertex 2.0957848038365583 1.9680729295449801 -4.5
      vertex 2.1433071799159866 3.3773117020080603 -4.5
      vertex 2.549695958994759 3.0820529711031566 -4.5
    endloop
  endfacet
  facet normal 0 0 -1
    outer loop
      vertex 2.519381705126108 1.3850418130424316 -4.5
      vertex 2.549695958994759 3.0820529711031566 -4.5
      vertex 2.915874509685646 2.738188423714755 -4.5
    endloop
  endfacet
  facet normal 0.5877852522924736 0.8090169943749471 1.700132674589966e-16
    outer loop
      vertex 2.1433071799159866 3.3773117020080603 -4.5
      vertex 2.447513437051213 3.1562929189139837 -3.2
      vertex 2.549695958994759 3.0820529711031566 -4.5
    endloop
  endfacet
  facet normal 0.587785252292474 0.8090169943749468 0
    outer loop
      vertex 2.1433071799159866 3.3773117020080603 -4.5
      vertex 2.1433071799159866 3.3773117020080603 -3.2
      vertex 2.447513437051213 3.1562929189139837 -3.2
    endloop
  endfacet
  facet normal 0 1 0
    outer loop
      vertex -0.2511620781172531 3.9921069137130862 -4.5
      vertex 0.2511620781172531 3.9921069137130862 0
      vertex 0.2511620781172531 3.9921069137130862 -4.5
    endloop
  endfacet
  facet normal 0.12533323356430387 0.9921147013144779 0
    outer loop
      vertex 0.2511620781172531 3.9921069137130862 -4.5
      vertex 0.7495252583428983 3.929149002914755 0
      vertex 0.7495252583428983 3.929149002914755 -4.5
    endloop
  endfacet
  facet normal 0.24868988716485535 0.9685831611286311 0
    outer loop
      vertex 0.7495252583428983 3.929149002914755 -4.5
      vertex 1.2360679774997896 3.804226065180614 0
      vertex 1.2360679774997896 3.804226065180614 -4.5
    endloop
  endfacet
  facet normal 0.3681245526846778 0.9297764858882515 0
    outer loop
      vertex 1.2360679774997896 3.804226065180614 -4.5
      vertex 1.2360679774997896 3.804226065180614 0
      vertex 1.5049825102141463 3.6977552697062492 -3.2
    endloop
  endfacet
  facet normal 0.12533323356430387 0.9921147013144779 0
    outer loop
      vertex 0.2511620781172531 3.9921069137130862 -4.5
      vertex 0.2511620781172531 3.9921069137130862 0
      vertex 0.7495252583428983 3.929149002914755 0
    endloop
  endfacet
  facet normal 0.24868988716485535 0.9685831611286311 0
    outer loop
      vertex 0.7495252583428983 3.929149002914755 -4.5
      vertex 0.7495252583428983 3.929149002914755 0
      vertex 1.2360679774997896 3.804226065180614 0
    endloop
  endfacet
  facet normal 0.3681245526846778 0.9297764858882515 0
    outer loop
      vertex 1.2360679774997896 3.804226065180614 0
      vertex 1.5049825102141463 3.6977552697062492 0
      vertex 1.5049825102141463 3.6977552697062492 -3.2
    endloop
  endfacet
  facet normal 0.9822872507286886 0.1873813145857249 0
    outer loop
      vertex 3.8743326445145243 0.9947595486594192 -4.5
      vertex 3.962588563980653 0.5321058166980329 0
      vertex 3.962588563980653 0.5321058166980329 -3.2
    endloop
  endfacet
  facet normal 0.9510565162951536 0.3090169943749475 0
    outer loop
      vertex 3.8743326445145243 0.9947595486594192 -4.5
      vertex 3.7191059435530054 1.472498210738712 -4.5
      vertex 3.8743326445145243 0.9947595486594192 0
    endloop
  endfacet
  facet normal 0.9048270524660198 0.42577929156507227 0
    outer loop
      vertex 3.7191059435530054 1.472498210738712 -4.5
      vertex 3.5052267201754543 1.9270146964068613 -4.5
      vertex 3.7191059435530054 1.472498210738712 0
    endloop
  endfacet
  facet normal 0.9822872507286886 0.1873813145857249 0
    outer loop
      vertex 3.8743326445145243 0.9947595486594192 -4.5
      vertex 3.8743326445145243 0.9947595486594192 0
      vertex 3.962588563980653 0.5321058166980329 0
    endloop
  endfacet
  facet normal 0.9510565162951536 0.3090169943749475 0
    outer loop
      vertex 3.7191059435530054 1.472498210738712 -4.5
      vertex 3.7191059435530054 1.472498210738712 0
      vertex 3.8743326445145243 0.9947595486594192 0
    endloop
  endfacet
  facet normal 0.9048270524660198 0.42577929156507227 0
    outer loop
      vertex 3.5052267201754543 1.9270146964068613 -4.5
      vertex 3.5052267201754543 1.9270146964068613 0
      vertex 3.7191059435530054 1.472498210738712 0
    endloop
  endfacet
  facet normal 0.6845471059286882 0.7289686274214121 0
    outer loop
      vertex 2.915874509685646 2.738188423714755 -4.5
      vertex 2.549695958994759 3.0820529711031566 -4.5
      vertex 2.915874509685646 2.738188423714755 0
    endloop
  endfacet
  facet normal 0.5877852522924721 0.8090169943749481 0
    outer loop
      vertex 2.549695958994759 3.0820529711031566 -4.5
      vertex 2.447513437051213 3.1562929189139837 -3.2
      vertex 2.447513437051213 3.1562929189139837 0
    endloop
  endfacet
  facet normal 0.7705132427757895 0.6374239897486896 0
    outer loop
      vertex 2.915874509685646 2.738188423714755 -4.5
      vertex 3.23606797749979 2.3511410091698925 0
      vertex 3.23606797749979 2.3511410091698925 -4.5
    endloop
  endfacet
  facet normal 0.8443279255020152 0.5358267949789967 0
    outer loop
      vertex 3.5052267201754543 1.9270146964068613 -4.5
      vertex 3.23606797749979 2.3511410091698925 -4.5
      vertex 3.5052267201754543 1.9270146964068613 0
    endloop
  endfacet
  facet normal 0.6845471059286882 0.7289686274214121 0
    outer loop
      vertex 2.549695958994759 3.0820529711031566 -4.5
      vertex 2.549695958994759 3.0820529711031566 0
      vertex 2.915874509685646 2.738188423714755 0
    endloop
  endfacet
  facet normal 0.5877852522924721 0.8090169943749481 0
    outer loop
      vertex 2.549695958994759 3.0820529711031566 -4.5
      vertex 2.447513437051213 3.1562929189139837 0
      vertex 2.549695958994759 3.0820529711031566 0
    endloop
  endfacet
  facet normal 0.8443279255020152 0.5358267949789967 0
    outer loop
      vertex 3.23606797749979 2.3511410091698925 -4.5
      vertex 3.23606797749979 2.3511410091698925 0
      vertex 3.5052267201754543 1.9270146964068613 0
    endloop
  endfacet
  facet normal 0.7705132427757895 0.6374239897486896 0
    outer loop
      vertex 2.915874509685646 2.738188423714755 -4.5
      vertex 2.915874509685646 2.738188423714755 0
      vertex 3.23606797749979 2.3511410091698925 0
    endloop
  endfacet
  facet normal -0.6845471059286888 -0.7289686274214112 0
    outer loop
      vertex -2.0957848038365587 -1.9680729295449795 -6
      vertex -1.8325939705274827 -2.2152255729803945 -4.5
      vertex -2.0957848038365587 -1.9680729295449795 -4.5
    endloop
  endfacet
  facet normal -0.9048270524660189 -0.4257792915650738 0
    outer loop
      vertex -2.5193817051261074 -1.3850418130424318 -6
      vertex -2.5193817051261074 -1.3850418130424318 -4.5
      vertex -2.673107396928723 -1.058358088968449 -6
    endloop
  endfacet
  facet normal -0.8443279255020155 -0.5358267949789958 0
    outer loop
      vertex -2.5193817051261074 -1.3850418130424318 -6
      vertex -2.325923858827974 -1.6898826003408602 -6
      vertex -2.325923858827974 -1.6898826003408602 -4.5
    endloop
  endfacet
  facet normal -0.7705132427757894 -0.6374239897486896 0
    outer loop
      vertex -2.325923858827974 -1.6898826003408602 -6
      vertex -2.0957848038365587 -1.9680729295449795 -6
      vertex -2.0957848038365587 -1.9680729295449795 -4.5
    endloop
  endfacet
  facet normal 0 0 -1
    outer loop
      vertex -2.325923858827974 -1.6898826003408602 -6
      vertex -2.091997093248566 -0.8282802435405252 -6
      vertex -2.0957848038365587 -1.9680729295449795 -6
    endloop
  endfacet
  facet normal 0 0 -1
    outer loop
      vertex -2.0957848038365587 -1.9680729295449795 -6
      vertex -2.091997093248566 -0.8282802435405252 -6
      vertex -1.9716900300986928 -1.0839457667288597 -6
    endloop
  endfacet
  facet normal 0 0 -1
    outer loop
      vertex -2.325923858827974 -1.6898826003408602 -6
      vertex -2.17931211253942 -0.5595522461209235 -6
      vertex -2.091997093248566 -0.8282802435405252 -6
    endloop
  endfacet
  facet normal -0.9048270524660189 -0.4257792915650738 0
    outer loop
      vertex -2.673107396928723 -1.058358088968449 -6
      vertex -2.5193817051261074 -1.3850418130424318 -4.5
      vertex -2.673107396928723 -1.058358088968449 -4.5
    endloop
  endfacet
  facet normal -0.7705132427757894 -0.6374239897486896 0
    outer loop
      vertex -2.325923858827974 -1.6898826003408602 -6
      vertex -2.0957848038365587 -1.9680729295449795 -4.5
      vertex -2.325923858827974 -1.6898826003408602 -4.5
    endloop
  endfacet
  facet normal -0.8443279255020155 -0.5358267949789958 0
    outer loop
      vertex -2.5193817051261074 -1.3850418130424318 -6
      vertex -2.325923858827974 -1.6898826003408602 -4.5
      vertex -2.5193817051261074 -1.3850418130424318 -4.5
    endloop
  endfacet
  facet normal -0.9822872507286887 -0.18738131458572477 0
    outer loop
      vertex -2.7846765882448143 -0.7149834255989577 -6
      vertex -2.7846765882448143 -0.7149834255989577 -4.5
      vertex -2.852329766279124 -0.3603330464973742 -6
    endloop
  endfacet
  facet normal -0.9510565162951539 -0.3090169943749465 0
    outer loop
      vertex -2.673107396928723 -1.058358088968449 -6
      vertex -2.673107396928723 -1.058358088968449 -4.5
      vertex -2.7846765882448143 -0.7149834255989577 -6
    endloop
  endfacet
  facet normal 0 0 -1
    outer loop
      vertex -2.7846765882448143 -0.7149834255989577 -6
      vertex -2.852329766279124 -0.3603330464973742 -6
      vertex -2.7846765882448143 0.7149834255989577 -6
    endloop
  endfacet
  facet normal 0 0 -1
    outer loop
      vertex -2.5193817051261074 -1.3850418130424318 -6
      vertex -2.673107396928723 -1.058358088968449 -6
      vertex -2.5193817051261074 1.3850418130424318 -6
    endloop
  endfacet
  facet normal 0 0 -1
    outer loop
      vertex -2.673107396928723 -1.058358088968449 -6
      vertex -2.7846765882448143 -0.7149834255989577 -6
      vertex -2.673107396928723 1.058358088968449 -6
    endloop
  endfacet
  facet normal -0.9980267284282714 -0.06279051952931329 0
    outer loop
      vertex -2.852329766279124 -0.3603330464973742 -6
      vertex -2.852329766279124 -0.3603330464973742 -4.5
      vertex -2.875 0 -6
    endloop
  endfacet
  facet normal 0 0 -1
    outer loop
      vertex -2.325923858827974 -1.6898826003408602 -6
      vertex -2.25 0 -6
      vertex -2.2322580779575754 -0.28199977551968414 -6
    endloop
  endfacet
  facet normal 0 0 -1
    outer loop
      vertex -2.325923858827974 -1.6898826003408602 -6
      vertex -2.2322580779575754 -0.28199977551968414 -6
      vertex -2.17931211253942 -0.5595522461209235 -6
    endloop
  endfacet
  facet normal 0 0 -1
    outer loop
      vertex -2.5193817051261074 -1.3850418130424318 -6
      vertex -2.325923858827974 1.6898826003408602 -6
      vertex -2.325923858827974 -1.6898826003408602 -6
    endloop
  endfacet
  facet normal -0.9510565162951539 -0.3090169943749465 0
    outer loop
      vertex -2.673107396928723 -1.058358088968449 -4.5
      vertex -2.7846765882448143 -0.7149834255989577 -4.5
      vertex -2.7846765882448143 -0.7149834255989577 -6
    endloop
  endfacet
  facet normal -0.9822872507286887 -0.18738131458572477 0
    outer loop
      vertex -2.852329766279124 -0.3603330464973742 -6
      vertex -2.7846765882448143 -0.7149834255989577 -4.5
      vertex -2.852329766279124 -0.3603330464973742 -4.5
    endloop
  endfacet
  facet normal -0.9980267284282714 -0.06279051952931329 0
    outer loop
      vertex -2.852329766279124 -0.3603330464973742 -4.5
      vertex -2.875 0 -4.5
      vertex -2.875 0 -6
    endloop
  endfacet
  facet normal 0 0 -1
    outer loop
      vertex -1.8325939705274827 -2.2152255729803945 -6
      vertex -1.4342039769345516 -1.733654796245526 -6
      vertex -1.5405020355646157 -2.427442785818293 -6
    endloop
  endfacet
  facet normal -0.6845471059286888 -0.7289686274214112 0
    outer loop
      vertex -2.0957848038365587 -1.9680729295449795 -6
      vertex -1.8325939705274827 -2.2152255729803945 -6
      vertex -1.8325939705274827 -2.2152255729803945 -4.5
    endloop
  endfacet
  facet normal -0.5877852522924729 -0.8090169943749476 0
    outer loop
      vertex -1.8325939705274827 -2.2152255729803945 -6
      vertex -1.5405020355646157 -2.427442785818293 -6
      vertex -1.5405020355646157 -2.427442785818293 -4.5
    endloop
  endfacet
  facet normal -0.48175367410171493 -0.8763066800438637 0
    outer loop
      vertex -1.5405020355646157 -2.427442785818293 -6
      vertex -1.2241154632495832 -2.6013777758398064 -6
      vertex -1.2241154632495832 -2.6013777758398064 -4.5
    endloop
  endfacet
  facet normal -0.36812455268467725 -0.9297764858882517 0
    outer loop
      vertex -1.2241154632495832 -2.6013777758398064 -6
      vertex -0.8884238588279738 -2.7342874843485663 -6
      vertex -0.8884238588279738 -2.7342874843485663 -4.5
    endloop
  endfacet
  facet normal 0 0 -1
    outer loop
      vertex -1.5405020355646157 -2.427442785818293 -6
      vertex -1.2056102887027427 -1.8997378323795338 -6
      vertex -1.2241154632495832 -2.6013777758398064 -6
    endloop
  endfacet
  facet normal 0 0 -1
    outer loop
      vertex -1.5405020355646157 -2.427442785818293 -6
      vertex -1.4342039769345516 -1.733654796245526 -6
      vertex -1.2056102887027427 -1.8997378323795338 -6
    endloop
  endfacet
  facet normal 0 0 -1
    outer loop
      vertex -1.2241154632495832 -2.6013777758398064 -6
      vertex -1.2056102887027427 -1.8997378323795338 -6
      vertex -0.958003406021413 -2.035860868048544 -6
    endloop
  endfacet
  facet normal -0.5877852522924729 -0.8090169943749476 0
    outer loop
      vertex -1.8325939705274827 -2.2152255729803945 -6
      vertex -1.5405020355646157 -2.427442785818293 -4.5
      vertex -1.8325939705274827 -2.2152255729803945 -4.5
    endloop
  endfacet
  facet normal -0.36812455268467725 -0.9297764858882517 0
    outer loop
      vertex -1.2241154632495832 -2.6013777758398064 -6
      vertex -0.8884238588279738 -2.7342874843485663 -4.5
      vertex -1.2241154632495832 -2.6013777758398064 -4.5
    endloop
  endfacet
  facet normal -0.48175367410171493 -0.8763066800438637 0
    outer loop
      vertex -1.5405020355646157 -2.427442785818293 -6
      vertex -1.2241154632495832 -2.6013777758398064 -4.5
      vertex -1.5405020355646157 -2.427442785818293 -4.5
    endloop
  endfacet
  facet normal 0 0 -1
    outer loop
      vertex -0.8884238588279738 -2.7342874843485663 -6
      vertex -0.42160795781788085 -2.2101463141395494 -6
      vertex -0.5387212794339589 -2.82407584584498 -6
    endloop
  endfacet
  facet normal -0.24868988716485577 -0.9685831611286309 0
    outer loop
      vertex -0.8884238588279738 -2.7342874843485663 -6
      vertex -0.5387212794339589 -2.82407584584498 -6
      vertex -0.5387212794339589 -2.82407584584498 -4.5
    endloop
  endfacet
  facet normal 0 0 -1
    outer loop
      vertex -1.2241154632495832 -2.6013777758398064 -6
      vertex -0.6952882373436317 -2.1398771616640953 -6
      vertex -0.8884238588279738 -2.7342874843485663 -6
    endloop
  endfacet
  facet normal 0 0 -1
    outer loop
      vertex -1.2241154632495832 -2.6013777758398064 -6
      vertex -0.958003406021413 -2.035860868048544 -6
      vertex -0.6952882373436317 -2.1398771616640953 -6
    endloop
  endfacet
  facet normal 0 0 -1
    outer loop
      vertex -0.8884238588279738 -2.7342874843485663 -6
      vertex -0.6952882373436317 -2.1398771616640953 -6
      vertex -0.42160795781788085 -2.2101463141395494 -6
    endloop
  endfacet
  facet normal 0 0 -1
    outer loop
      vertex -0.5387212794339589 -2.82407584584498 -6
      vertex -0.14127866894095598 -2.245560138963611 -6
      vertex -0.18052274364677706 -2.869326844231281 -6
    endloop
  endfacet
  facet normal -0.12533323356430495 -0.9921147013144777 0
    outer loop
      vertex -0.5387212794339589 -2.82407584584498 -6
      vertex -0.18052274364677706 -2.869326844231281 -6
      vertex -0.18052274364677706 -2.869326844231281 -4.5
    endloop
  endfacet
  facet normal 0 0 -1
    outer loop
      vertex -0.5387212794339589 -2.82407584584498 -6
      vertex -0.42160795781788085 -2.2101463141395494 -6
      vertex -0.14127866894095598 -2.245560138963611 -6
    endloop
  endfacet
  facet normal 0 0 -1
    outer loop
      vertex -0.18052274364677706 -2.869326844231281 -6
      vertex -0.14127866894095598 -2.245560138963611 -6
      vertex 0.14127866894095598 -2.245560138963611 -6
    endloop
  endfacet
  facet normal -0.24868988716485577 -0.9685831611286309 0
    outer loop
      vertex -0.8884238588279738 -2.7342874843485663 -6
      vertex -0.5387212794339589 -2.82407584584498 -4.5
      vertex -0.8884238588279738 -2.7342874843485663 -4.5
    endloop
  endfacet
  facet normal -0.12533323356430495 -0.9921147013144777 0
    outer loop
      vertex -0.5387212794339589 -2.82407584584498 -6
      vertex -0.18052274364677706 -2.869326844231281 -4.5
      vertex -0.5387212794339589 -2.82407584584498 -4.5
    endloop
  endfacet
  facet normal 0 -1 0
    outer loop
      vertex -0.18052274364677706 -2.869326844231281 -6
      vertex 0.18052274364677706 -2.869326844231281 -4.5
      vertex -0.18052274364677706 -2.869326844231281 -4.5
    endloop
  endfacet
  facet normal 0 0 -1
    outer loop
      vertex -2.0957848038365587 -1.9680729295449795 -6
      vertex -1.8202882373436318 -1.3225168176580646 -6
      vertex -1.8325939705274827 -2.2152255729803945 -6
    endloop
  endfacet
  facet normal 0 0 -1
    outer loop
      vertex -1.8325939705274827 -2.2152255729803945 -6
      vertex -1.8202882373436318 -1.3225168176580646 -6
      vertex -1.6401794116981763 -1.540230988339549 -6
    endloop
  endfacet
  facet normal 0 0 -1
    outer loop
      vertex -1.8325939705274827 -2.2152255729803945 -6
      vertex -1.6401794116981763 -1.540230988339549 -6
      vertex -1.4342039769345516 -1.733654796245526 -6
    endloop
  endfacet
  facet normal 0 0 -1
    outer loop
      vertex -2.0957848038365587 -1.9680729295449795 -6
      vertex -1.9716900300986928 -1.0839457667288597 -6
      vertex -1.8202882373436318 -1.3225168176580646 -6
    endloop
  endfacet
  facet normal 0 0 -1
    outer loop
      vertex -2.852329766279124 -0.3603330464973742 -6
      vertex -2.875 0 -6
      vertex -2.852329766279124 0.3603330464973742 -6
    endloop
  endfacet
  facet normal 0 0 -1
    outer loop
      vertex -2.852329766279124 -0.3603330464973742 -6
      vertex -2.852329766279124 0.3603330464973742 -6
      vertex -2.7846765882448143 0.7149834255989577 -6
    endloop
  endfacet
  facet normal 0 0 -1
    outer loop
      vertex -2.7846765882448143 -0.7149834255989577 -6
      vertex -2.7846765882448143 0.7149834255989577 -6
      vertex -2.673107396928723 1.058358088968449 -6
    endloop
  endfacet
  facet normal 0 0 -1
    outer loop
      vertex -2.673107396928723 -1.058358088968449 -6
      vertex -2.673107396928723 1.058358088968449 -6
      vertex -2.5193817051261074 1.3850418130424318 -6
    endloop
  endfacet
  facet normal -0.9980267284282714 0.06279051952931329 0
    outer loop
      vertex -2.875 0 -6
      vertex -2.875 0 -4.5
      vertex -2.852329766279124 0.3603330464973742 -6
    endloop
  endfacet
  facet normal -0.9822872507286887 0.18738131458572477 0
    outer loop
      vertex -2.852329766279124 0.3603330464973742 -6
      vertex -2.852329766279124 0.3603330464973742 -4.5
      vertex -2.7846765882448143 0.7149834255989577 -6
    endloop
  endfacet
  facet normal -0.9510565162951539 0.3090169943749465 0
    outer loop
      vertex -2.7846765882448143 0.7149834255989577 -6
      vertex -2.7846765882448143 0.7149834255989577 -4.5
      vertex -2.673107396928723 1.058358088968449 -6
    endloop
  endfacet
  facet normal 0 0 -1
    outer loop
      vertex -2.325923858827974 -1.6898826003408602 -6
      vertex -2.325923858827974 1.6898826003408602 -6
      vertex -2.25 0 -6
    endloop
  endfacet
  facet normal 0 0 -1
    outer loop
      vertex -2.5193817051261074 -1.3850418130424318 -6
      vertex -2.5193817051261074 1.3850418130424318 -6
      vertex -2.325923858827974 1.6898826003408602 -6
    endloop
  endfacet
  facet normal 0 0 -1
    outer loop
      vertex -2.325923858827974 1.6898826003408602 -6
      vertex -2.2322580779575754 0.28199977551968414 -6
      vertex -2.25 0 -6
    endloop
  endfacet
  facet normal 0 0 -1
    outer loop
      vertex -2.0957848038365587 1.9680729295449795 -6
      vertex -2.17931211253942 0.5595522461209235 -6
      vertex -2.2322580779575754 0.28199977551968414 -6
    endloop
  endfacet
  facet normal -0.9980267284282714 0.06279051952931329 0
    outer loop
      vertex -2.852329766279124 0.3603330464973742 -6
      vertex -2.875 0 -4.5
      vertex -2.852329766279124 0.3603330464973742 -4.5
    endloop
  endfacet
  facet normal -0.9822872507286887 0.18738131458572477 0
    outer loop
      vertex -2.7846765882448143 0.7149834255989577 -6
      vertex -2.852329766279124 0.3603330464973742 -4.5
      vertex -2.7846765882448143 0.7149834255989577 -4.5
    endloop
  endfacet
  facet normal -0.9510565162951539 0.3090169943749465 0
    outer loop
      vertex -2.7846765882448143 0.7149834255989577 -4.5
      vertex -2.673107396928723 1.058358088968449 -4.5
      vertex -2.673107396928723 1.058358088968449 -6
    endloop
  endfacet
  facet normal -0.9048270524660189 0.4257792915650738 0
    outer loop
      vertex -2.673107396928723 1.058358088968449 -6
      vertex -2.673107396928723 1.058358088968449 -4.5
      vertex -2.5193817051261074 1.3850418130424318 -6
    endloop
  endfacet
  facet normal 0 0 -1
    outer loop
      vertex -2.0957848038365587 1.9680729295449795 -6
      vertex -2.091997093248566 0.8282802435405252 -6
      vertex -2.17931211253942 0.5595522461209235 -6
    endloop
  endfacet
  facet normal 0 0 -1
    outer loop
      vertex -2.325923858827974 1.6898826003408602 -6
      vertex -2.0957848038365587 1.9680729295449795 -6
      vertex -2.2322580779575754 0.28199977551968414 -6
    endloop
  endfacet
  facet normal 0 0 -1
    outer loop
      vertex -2.0957848038365587 1.9680729295449795 -6
      vertex -1.9716900300986928 1.0839457667288597 -6
      vertex -2.091997093248566 0.8282802435405252 -6
    endloop
  endfacet
  facet normal -0.8443279255020155 0.5358267949789958 0
    outer loop
      vertex -2.5193817051261074 1.3850418130424318 -6
      vertex -2.5193817051261074 1.3850418130424318 -4.5
      vertex -2.325923858827974 1.6898826003408602 -6
    endloop
  endfacet
  facet normal -0.7705132427757894 0.6374239897486896 0
    outer loop
      vertex -2.325923858827974 1.6898826003408602 -6
      vertex -2.325923858827974 1.6898826003408602 -4.5
      vertex -2.0957848038365587 1.9680729295449795 -6
    endloop
  endfacet
  facet normal -0.9048270524660189 0.4257792915650738 0
    outer loop
      vertex -2.5193817051261074 1.3850418130424318 -6
      vertex -2.673107396928723 1.058358088968449 -4.5
      vertex -2.5193817051261074 1.3850418130424318 -4.5
    endloop
  endfacet
  facet normal -0.8443279255020155 0.5358267949789958 0
    outer loop
      vertex -2.325923858827974 1.6898826003408602 -6
      vertex -2.5193817051261074 1.3850418130424318 -4.5
      vertex -2.325923858827974 1.6898826003408602 -4.5
    endloop
  endfacet
  facet normal -0.7705132427757894 0.6374239897486896 0
    outer loop
      vertex -2.0957848038365587 1.9680729295449795 -6
      vertex -2.325923858827974 1.6898826003408602 -4.5
      vertex -2.0957848038365587 1.9680729295449795 -4.5
    endloop
  endfacet
  facet normal -0.6845471059286888 0.7289686274214112 0
    outer loop
      vertex -2.0957848038365587 1.9680729295449795 -6
      vertex -2.0957848038365587 1.9680729295449795 -4.5
      vertex -1.8325939705274827 2.2152255729803945 -6
    endloop
  endfacet
  facet normal 0 0 -1
    outer loop
      vertex -1.8325939705274827 2.2152255729803945 -6
      vertex -1.8202882373436318 1.3225168176580646 -6
      vertex -1.9716900300986928 1.0839457667288597 -6
    endloop
  endfacet
  facet normal 0 0 -1
    outer loop
      vertex -1.8325939705274827 2.2152255729803945 -6
      vertex -1.6401794116981763 1.540230988339549 -6
      vertex -1.8202882373436318 1.3225168176580646 -6
    endloop
  endfacet
  facet normal 0 0 -1
    outer loop
      vertex -2.0957848038365587 1.9680729295449795 -6
      vertex -1.8325939705274827 2.2152255729803945 -6
      vertex -1.9716900300986928 1.0839457667288597 -6
    endloop
  endfacet
  facet normal 0 0 -1
    outer loop
      vertex -1.5405020355646157 2.427442785818293 -6
      vertex -1.4342039769345516 1.733654796245526 -6
      vertex -1.6401794116981763 1.540230988339549 -6
    endloop
  endfacet
  facet normal 0 0 -1
    outer loop
      vertex -1.8325939705274827 2.2152255729803945 -6
      vertex -1.5405020355646157 2.427442785818293 -6
      vertex -1.6401794116981763 1.540230988339549 -6
    endloop
  endfacet
  facet normal -0.5877852522924729 0.8090169943749476 0
    outer loop
      vertex -1.8325939705274827 2.2152255729803945 -6
      vertex -1.8325939705274827 2.2152255729803945 -4.5
      vertex -1.5405020355646157 2.427442785818293 -6
    endloop
  endfacet
  facet normal 0 0 -1
    outer loop
      vertex -1.224115463249584 2.601377775839806 -6
      vertex -1.2056102887027427 1.8997378323795338 -6
      vertex -1.4342039769345516 1.733654796245526 -6
    endloop
  endfacet
  facet normal 0 0 -1
    outer loop
      vertex -1.5405020355646157 2.427442785818293 -6
      vertex -1.224115463249584 2.601377775839806 -6
      vertex -1.4342039769345516 1.733654796245526 -6
    endloop
  endfacet
  facet normal 0 0 -1
    outer loop
      vertex -1.224115463249584 2.601377775839806 -6
      vertex -0.9580034060214137 2.0358608680485437 -6
      vertex -1.2056102887027427 1.8997378323795338 -6
    endloop
  endfacet
  facet normal 0 0 -1
    outer loop
      vertex -1.224115463249584 2.601377775839806 -6
      vertex -0.8884238588279738 2.7342874843485663 -6
      vertex -0.9580034060214137 2.0358608680485437 -6
    endloop
  endfacet
  facet normal -0.48175367410171505 0.8763066800438638 0
    outer loop
      vertex -1.5405020355646157 2.427442785818293 -6
      vertex -1.5405020355646157 2.427442785818293 -4.5
      vertex -1.224115463249584 2.601377775839806 -6
    endloop
  endfacet
  facet normal -0.3681245526846775 0.9297764858882517 0
    outer loop
      vertex -1.224115463249584 2.601377775839806 -6
      vertex -1.224115463249584 2.601377775839806 -4.5
      vertex -0.8884238588279738 2.7342874843485663 -6
    endloop
  endfacet
  facet normal -0.6845471059286888 0.7289686274214112 0
    outer loop
      vertex -2.0957848038365587 1.9680729295449795 -4.5
      vertex -1.8325939705274827 2.2152255729803945 -4.5
      vertex -1.8325939705274827 2.2152255729803945 -6
    endloop
  endfacet
  facet normal -0.5877852522924729 0.8090169943749476 0
    outer loop
      vertex -1.5405020355646157 2.427442785818293 -6
      vertex -1.8325939705274827 2.2152255729803945 -4.5
      vertex -1.5405020355646157 2.427442785818293 -4.5
    endloop
  endfacet
  facet normal -0.48175367410171505 0.8763066800438638 0
    outer loop
      vertex -1.224115463249584 2.601377775839806 -6
      vertex -1.5405020355646157 2.427442785818293 -4.5
      vertex -1.224115463249584 2.601377775839806 -4.5
    endloop
  endfacet
  facet normal -0.3681245526846775 0.9297764858882517 0
    outer loop
      vertex -1.224115463249584 2.601377775839806 -4.5
      vertex -0.8884238588279738 2.7342874843485663 -4.5
      vertex -0.8884238588279738 2.7342874843485663 -6
    endloop
  endfacet
  facet normal 0 0 -1
    outer loop
      vertex -0.8884238588279738 2.7342874843485663 -6
      vertex -0.6952882373436317 2.1398771616640953 -6
      vertex -0.9580034060214137 2.0358608680485437 -6
    endloop
  endfacet
  facet normal 0 0 -1
    outer loop
      vertex -0.5387212794339582 2.82407584584498 -6
      vertex -0.4216079578178803 2.2101463141395494 -6
      vertex -0.6952882373436317 2.1398771616640953 -6
    endloop
  endfacet
  facet normal 0 0 -1
    outer loop
      vertex -0.8884238588279738 2.7342874843485663 -6
      vertex -0.5387212794339582 2.82407584584498 -6
      vertex -0.6952882373436317 2.1398771616640953 -6
    endloop
  endfacet
  facet normal -0.24868988716485532 0.9685831611286309 0
    outer loop
      vertex -0.8884238588279738 2.7342874843485663 -6
      vertex -0.8884238588279738 2.7342874843485663 -4.5
      vertex -0.5387212794339582 2.82407584584498 -6
    endloop
  endfacet
  facet normal 0 0 -1
    outer loop
      vertex -0.18052274364677567 2.869326844231281 -6
      vertex -0.14127866894095487 2.245560138963611 -6
      vertex -0.4216079578178803 2.2101463141395494 -6
    endloop
  endfacet
  facet normal 0 0 -1
    outer loop
      vertex -0.5387212794339582 2.82407584584498 -6
      vertex -0.18052274364677567 2.869326844231281 -6
      vertex -0.4216079578178803 2.2101463141395494 -6
    endloop
  endfacet
  facet normal 0 0 -1
    outer loop
      vertex -0.18052274364677567 2.869326844231281 -6
      vertex 0.18052274364677567 2.869326844231281 -6
      vertex -0.14127866894095487 2.245560138963611 -6
    endloop
  endfacet
  facet normal -0.1253332335643047 0.9921147013144778 0
    outer loop
      vertex -0.5387212794339582 2.82407584584498 -6
      vertex -0.5387212794339582 2.82407584584498 -4.5
      vertex -0.18052274364677567 2.869326844231281 -6
    endloop
  endfacet
  facet normal 0 1 0
    outer loop
      vertex -0.18052274364677567 2.869326844231281 -6
      vertex -0.18052274364677567 2.869326844231281 -4.5
      vertex 0.18052274364677567 2.869326844231281 -6
    endloop
  endfacet
  facet normal -0.24868988716485532 0.9685831611286309 0
    outer loop
      vertex -0.5387212794339582 2.82407584584498 -6
      vertex -0.8884238588279738 2.7342874843485663 -4.5
      vertex -0.5387212794339582 2.82407584584498 -4.5
    endloop
  endfacet
  facet normal -0.1253332335643047 0.9921147013144778 0
    outer loop
      vertex -0.18052274364677567 2.869326844231281 -6
      vertex -0.5387212794339582 2.82407584584498 -4.5
      vertex -0.18052274364677567 2.869326844231281 -4.5
    endloop
  endfacet
  facet normal 0 0 -1
    outer loop
      vertex -0.18052274364677706 -2.869326844231281 -6
      vertex 0.14127866894095598 -2.245560138963611 -6
      vertex 0.18052274364677706 -2.869326844231281 -6
    endloop
  endfacet
  facet normal 0 0 -1
    outer loop
      vertex 0.18052274364677706 -2.869326844231281 -6
      vertex 0.42160795781788085 -2.2101463141395494 -6
      vertex 0.5387212794339589 -2.82407584584498 -6
    endloop
  endfacet
  facet normal 0 -1 0
    outer loop
      vertex -0.18052274364677706 -2.869326844231281 -6
      vertex 0.18052274364677706 -2.869326844231281 -6
      vertex 0.18052274364677706 -2.869326844231281 -4.5
    endloop
  endfacet
  facet normal 0.12533323356430495 -0.9921147013144777 0
    outer loop
      vertex 0.18052274364677706 -2.869326844231281 -6
      vertex 0.5387212794339589 -2.82407584584498 -6
      vertex 0.5387212794339589 -2.82407584584498 -4.5
    endloop
  endfacet
  facet normal 0 0 -1
    outer loop
      vertex 0.18052274364677706 -2.869326844231281 -6
      vertex 0.14127866894095598 -2.245560138963611 -6
      vertex 0.42160795781788085 -2.2101463141395494 -6
    endloop
  endfacet
  facet normal 0 0 -1
    outer loop
      vertex 0.5387212794339589 -2.82407584584498 -6
      vertex 0.6952882373436317 -2.1398771616640953 -6
      vertex 0.8884238588279738 -2.7342874843485663 -6
    endloop
  endfacet
  facet normal 0.24868988716485577 -0.9685831611286309 0
    outer loop
      vertex 0.5387212794339589 -2.82407584584498 -6
      vertex 0.8884238588279738 -2.7342874843485663 -6
      vertex 0.8884238588279738 -2.7342874843485663 -4.5
    endloop
  endfacet
  facet normal 0 0 -1
    outer loop
      vertex 0.5387212794339589 -2.82407584584498 -6
      vertex 0.42160795781788085 -2.2101463141395494 -6
      vertex 0.6952882373436317 -2.1398771616640953 -6
    endloop
  endfacet
  facet normal 0 0 -1
    outer loop
      vertex 0.8884238588279738 -2.7342874843485663 -6
      vertex 0.6952882373436317 -2.1398771616640953 -6
      vertex 0.958003406021413 -2.035860868048544 -6
    endloop
  endfacet
  facet normal 0.12533323356430495 -0.9921147013144777 0
    outer loop
      vertex 0.18052274364677706 -2.869326844231281 -6
      vertex 0.5387212794339589 -2.82407584584498 -4.5
      vertex 0.18052274364677706 -2.869326844231281 -4.5
    endloop
  endfacet
  facet normal 0.24868988716485577 -0.9685831611286309 0
    outer loop
      vertex 0.5387212794339589 -2.82407584584498 -6
      vertex 0.8884238588279738 -2.7342874843485663 -4.5
      vertex 0.5387212794339589 -2.82407584584498 -4.5
    endloop
  endfacet
  facet normal 0.36812455268467725 -0.9297764858882517 0
    outer loop
      vertex 0.8884238588279738 -2.7342874843485663 -6
      vertex 1.2241154632495832 -2.6013777758398064 -6
      vertex 1.2241154632495832 -2.6013777758398064 -4.5
    endloop
  endfacet
  facet normal 0 0 -1
    outer loop
      vertex 0.8884238588279738 -2.7342874843485663 -6
      vertex 0.958003406021413 -2.035860868048544 -6
      vertex 1.2241154632495832 -2.6013777758398064 -6
    endloop
  endfacet
  facet normal 0 0 -1
    outer loop
      vertex 1.2241154632495832 -2.6013777758398064 -6
      vertex 0.958003406021413 -2.035860868048544 -6
      vertex 1.2056102887027416 -1.8997378323795344 -6
    endloop
  endfacet
  facet normal 0 0 -1
    outer loop
      vertex 1.2241154632495832 -2.6013777758398064 -6
      vertex 1.4342039769345525 -1.7336547962455253 -6
      vertex 1.5405020355646142 -2.427442785818294 -6
    endloop
  endfacet
  facet normal 0 0 -1
    outer loop
      vertex 1.2241154632495832 -2.6013777758398064 -6
      vertex 1.2056102887027416 -1.8997378323795344 -6
      vertex 1.4342039769345525 -1.7336547962455253 -6
    endloop
  endfacet
  facet normal 0.4817536741017148 -0.8763066800438638 0
    outer loop
      vertex 1.2241154632495832 -2.6013777758398064 -6
      vertex 1.5405020355646142 -2.427442785818294 -6
      vertex 1.5405020355646142 -2.427442785818294 -4.5
    endloop
  endfacet
  facet normal 0 0 -1
    outer loop
      vertex 1.5405020355646142 -2.427442785818294 -6
      vertex 1.6401794116981763 -1.540230988339549 -6
      vertex 1.8325939705274836 -2.2152255729803936 -6
    endloop
  endfacet
  facet normal 0.5877852522924729 -0.8090169943749476 0
    outer loop
      vertex 1.5405020355646142 -2.427442785818294 -6
      vertex 1.8325939705274836 -2.2152255729803936 -6
      vertex 1.8325939705274836 -2.2152255729803936 -4.5
    endloop
  endfacet
  facet normal 0.36812455268467725 -0.9297764858882517 0
    outer loop
      vertex 0.8884238588279738 -2.7342874843485663 -6
      vertex 1.2241154632495832 -2.6013777758398064 -4.5
      vertex 0.8884238588279738 -2.7342874843485663 -4.5
    endloop
  endfacet
  facet normal 0.4817536741017148 -0.8763066800438638 0
    outer loop
      vertex 1.2241154632495832 -2.6013777758398064 -6
      vertex 1.5405020355646142 -2.427442785818294 -4.5
      vertex 1.2241154632495832 -2.6013777758398064 -4.5
    endloop
  endfacet
  facet normal 0.5877852522924729 -0.8090169943749476 0
    outer loop
      vertex 1.5405020355646142 -2.427442785818294 -6
      vertex 1.8325939705274836 -2.2152255729803936 -4.5
      vertex 1.5405020355646142 -2.427442785818294 -4.5
    endloop
  endfacet
  facet normal 0.684547105928689 -0.7289686274214114 0
    outer loop
      vertex 1.8325939705274836 -2.2152255729803936 -6
      vertex 2.0957848038365587 -1.9680729295449795 -4.5
      vertex 1.8325939705274836 -2.2152255729803936 -4.5
    endloop
  endfacet
  facet normal 0 0 -1
    outer loop
      vertex 1.5405020355646142 -2.427442785818294 -6
      vertex 1.4342039769345525 -1.7336547962455253 -6
      vertex 1.6401794116981763 -1.540230988339549 -6
    endloop
  endfacet
  facet normal 0 0 -1
    outer loop
      vertex 1.8325939705274836 -2.2152255729803936 -6
      vertex 1.9716900300986928 -1.0839457667288597 -6
      vertex 2.0957848038365587 -1.9680729295449795 -6
    endloop
  endfacet
  facet normal 0 0 -1
    outer loop
      vertex 1.8325939705274836 -2.2152255729803936 -6
      vertex 1.6401794116981763 -1.540230988339549 -6
      vertex 1.8202882373436318 -1.3225168176580646 -6
    endloop
  endfacet
  facet normal 0 0 -1
    outer loop
      vertex 1.8325939705274836 -2.2152255729803936 -6
      vertex 1.8202882373436318 -1.3225168176580646 -6
      vertex 1.9716900300986928 -1.0839457667288597 -6
    endloop
  endfacet
  facet normal 0.684547105928689 -0.7289686274214114 0
    outer loop
      vertex 1.8325939705274836 -2.2152255729803936 -6
      vertex 2.0957848038365587 -1.9680729295449795 -6
      vertex 2.0957848038365587 -1.9680729295449795 -4.5
    endloop
  endfacet
  facet normal 0.7705132427757894 -0.6374239897486896 0
    outer loop
      vertex 2.0957848038365587 -1.9680729295449795 -6
      vertex 2.325923858827974 -1.6898826003408602 -6
      vertex 2.325923858827974 -1.6898826003408602 -4.5
    endloop
  endfacet
  facet normal 0 0 -1
    outer loop
      vertex 2.0957848038365587 -1.9680729295449795 -6
      vertex 1.9716900300986928 -1.0839457667288597 -6
      vertex 2.0919970932485654 -0.8282802435405263 -6
    endloop
  endfacet
  facet normal 0 0 -1
    outer loop
      vertex 2.0957848038365587 -1.9680729295449795 -6
      vertex 2.2322580779575754 -0.28199977551968414 -6
      vertex 2.325923858827974 -1.6898826003408602 -6
    endloop
  endfacet
  facet normal 0 0 -1
    outer loop
      vertex 2.0957848038365587 -1.9680729295449795 -6
      vertex 2.0919970932485654 -0.8282802435405263 -6
      vertex 2.1793121125394204 -0.5595522461209225 -6
    endloop
  endfacet
  facet normal 0.8443279255020155 -0.5358267949789958 0
    outer loop
      vertex 2.325923858827974 -1.6898826003408602 -6
      vertex 2.5193817051261074 -1.3850418130424318 -6
      vertex 2.5193817051261074 -1.3850418130424318 -4.5
    endloop
  endfacet
  facet normal 0.9048270524660191 -0.42577929156507316 0
    outer loop
      vertex 2.5193817051261074 -1.3850418130424318 -6
      vertex 2.6731073969287222 -1.0583580889684503 -6
      vertex 2.6731073969287222 -1.0583580889684503 -4.5
    endloop
  endfacet
  facet normal 0.7705132427757894 -0.6374239897486896 0
    outer loop
      vertex 2.0957848038365587 -1.9680729295449795 -6
      vertex 2.325923858827974 -1.6898826003408602 -4.5
      vertex 2.0957848038365587 -1.9680729295449795 -4.5
    endloop
  endfacet
  facet normal 0.8443279255020155 -0.5358267949789958 0
    outer loop
      vertex 2.325923858827974 -1.6898826003408602 -6
      vertex 2.5193817051261074 -1.3850418130424318 -4.5
      vertex 2.325923858827974 -1.6898826003408602 -4.5
    endloop
  endfacet
  facet normal 0.9048270524660191 -0.42577929156507316 0
    outer loop
      vertex 2.5193817051261074 -1.3850418130424318 -6
      vertex 2.6731073969287222 -1.0583580889684503 -4.5
      vertex 2.5193817051261074 -1.3850418130424318 -4.5
    endloop
  endfacet
  facet normal 0 0 -1
    outer loop
      vertex 2.0957848038365587 -1.9680729295449795 -6
      vertex 2.1793121125394204 -0.5595522461209225 -6
      vertex 2.2322580779575754 -0.28199977551968414 -6
    endloop
  endfacet
  facet normal 0 0 -1
    outer loop
      vertex 2.325923858827974 -1.6898826003408602 -6
      vertex 2.2322580779575754 -0.28199977551968414 -6
      vertex 2.25 0 -6
    endloop
  endfacet
  facet normal 0 0 -1
    outer loop
      vertex 2.325923858827974 -1.6898826003408602 -6
      vertex 2.519381705126108 1.3850418130424316 -6
      vertex 2.5193817051261074 -1.3850418130424318 -6
    endloop
  endfacet
  facet normal 0.9510565162951534 -0.3090169943749478 0
    outer loop
      vertex 2.6731073969287222 -1.0583580889684503 -6
      vertex 2.784676588244815 -0.7149834255989564 -6
      vertex 2.784676588244815 -0.7149834255989564 -4.5
    endloop
  endfacet
  facet normal 0 0 -1
    outer loop
      vertex 2.5193817051261074 -1.3850418130424318 -6
      vertex 2.6731073969287227 1.0583580889684492 -6
      vertex 2.6731073969287222 -1.0583580889684503 -6
    endloop
  endfacet
  facet normal 0 0 -1
    outer loop
      vertex 2.6731073969287222 -1.0583580889684503 -6
      vertex 2.7846765882448143 0.7149834255989576 -6
      vertex 2.784676588244815 -0.7149834255989564 -6
    endloop
  endfacet
  facet normal 0 0 -1
    outer loop
      vertex 2.784676588244815 -0.7149834255989564 -6
      vertex 2.852329766279124 0.36033304649737474 -6
      vertex 2.852329766279124 -0.3603330464973742 -6
    endloop
  endfacet
  facet normal 0.9822872507286887 -0.1873813145857242 0
    outer loop
      vertex 2.784676588244815 -0.7149834255989564 -6
      vertex 2.852329766279124 -0.3603330464973742 -6
      vertex 2.852329766279124 -0.3603330464973742 -4.5
    endloop
  endfacet
  facet normal 0.9980267284282714 -0.06279051952931329 0
    outer loop
      vertex 2.852329766279124 -0.3603330464973742 -6
      vertex 2.875 0 -6
      vertex 2.875 0 -4.5
    endloop
  endfacet
  facet normal 0.9510565162951534 -0.3090169943749478 0
    outer loop
      vertex 2.6731073969287222 -1.0583580889684503 -6
      vertex 2.784676588244815 -0.7149834255989564 -4.5
      vertex 2.6731073969287222 -1.0583580889684503 -4.5
    endloop
  endfacet
  facet normal 0.9822872507286887 -0.1873813145857242 0
    outer loop
      vertex 2.784676588244815 -0.7149834255989564 -6
      vertex 2.852329766279124 -0.3603330464973742 -4.5
      vertex 2.784676588244815 -0.7149834255989564 -4.5
    endloop
  endfacet
  facet normal 0.9980267284282714 -0.06279051952931329 0
    outer loop
      vertex 2.852329766279124 -0.3603330464973742 -6
      vertex 2.875 0 -4.5
      vertex 2.852329766279124 -0.3603330464973742 -4.5
    endloop
  endfacet
  facet normal 0 0 -1
    outer loop
      vertex 2.0957848038365583 1.9680729295449801 -6
      vertex 1.971690030098693 1.0839457667288595 -6
      vertex 1.8202882373436318 1.3225168176580646 -6
    endloop
  endfacet
  facet normal 0 0 -1
    outer loop
      vertex 1.832593970527483 2.2152255729803936 -6
      vertex 1.640179411698176 1.5402309883395495 -6
      vertex 1.434203976934552 1.7336547962455255 -6
    endloop
  endfacet
  facet normal 0 0 -1
    outer loop
      vertex 1.832593970527483 2.2152255729803936 -6
      vertex 1.8202882373436318 1.3225168176580646 -6
      vertex 1.640179411698176 1.5402309883395495 -6
    endloop
  endfacet
  facet normal 0 0 -1
    outer loop
      vertex 1.832593970527483 2.2152255729803936 -6
      vertex 2.0957848038365583 1.9680729295449801 -6
      vertex 1.8202882373436318 1.3225168176580646 -6
    endloop
  endfacet
  facet normal 0 0 -1
    outer loop
      vertex 0.18052274364677567 2.869326844231281 -6
      vertex 0.14127866894095423 2.245560138963611 -6
      vertex -0.14127866894095487 2.245560138963611 -6
    endloop
  endfacet
  facet normal 0 0 -1
    outer loop
      vertex 0.5387212794339582 2.82407584584498 -6
      vertex 0.4216079578178803 2.2101463141395494 -6
      vertex 0.14127866894095423 2.245560138963611 -6
    endloop
  endfacet
  facet normal 0 0 -1
    outer loop
      vertex 0.18052274364677567 2.869326844231281 -6
      vertex 0.5387212794339582 2.82407584584498 -6
      vertex 0.14127866894095423 2.245560138963611 -6
    endloop
  endfacet
  facet normal 0.1253332335643047 0.9921147013144778 2.0872176248072033e-17
    outer loop
      vertex 0.18052274364677567 2.869326844231281 -6
      vertex 0.18052274364677542 2.869326844231281 -4.5
      vertex 0.5387212794339582 2.82407584584498 -6
    endloop
  endfacet
  facet normal 0 0 -1
    outer loop
      vertex 0.8884238588279738 2.7342874843485663 -6
      vertex 0.6952882373436317 2.1398771616640953 -6
      vertex 0.4216079578178803 2.2101463141395494 -6
    endloop
  endfacet
  facet normal 0 0 -1
    outer loop
      vertex 1.224115463249584 2.601377775839806 -6
      vertex 0.9580034060214137 2.0358608680485437 -6
      vertex 0.6952882373436317 2.1398771616640953 -6
    endloop
  endfacet
  facet normal 0 0 -1
    outer loop
      vertex 0.8884238588279738 2.7342874843485663 -6
      vertex 1.224115463249584 2.601377775839806 -6
      vertex 0.6952882373436317 2.1398771616640953 -6
    endloop
  endfacet
  facet normal 0 0 -1
    outer loop
      vertex 0.5387212794339582 2.82407584584498 -6
      vertex 0.8884238588279738 2.7342874843485663 -6
      vertex 0.4216079578178803 2.2101463141395494 -6
    endloop
  endfacet
  facet normal 0.24868988716485532 0.9685831611286309 0
    outer loop
      vertex 0.5387212794339582 2.82407584584498 -6
      vertex 0.5387212794339582 2.82407584584498 -4.5
      vertex 0.8884238588279738 2.7342874843485663 -6
    endloop
  endfacet
  facet normal 0 1 0
    outer loop
      vertex -0.18052274364677567 2.869326844231281 -4.5
      vertex 0.18052274364677542 2.869326844231281 -4.5
      vertex 0.18052274364677567 2.869326844231281 -6
    endloop
  endfacet
  facet normal 0.12533323356430465 0.9921147013144778 0
    outer loop
      vertex 0.5387212794339582 2.82407584584498 -6
      vertex 0.18052274364677542 2.869326844231281 -4.5
      vertex 0.5387212794339582 2.82407584584498 -4.5
    endloop
  endfacet
  facet normal 0.24868988716485532 0.9685831611286309 0
    outer loop
      vertex 0.8884238588279738 2.7342874843485663 -6
      vertex 0.5387212794339582 2.82407584584498 -4.5
      vertex 0.8884238588279738 2.7342874843485663 -4.5
    endloop
  endfacet
  facet normal 0 0 -1
    outer loop
      vertex 1.224115463249584 2.601377775839806 -6
      vertex 1.2056102887027424 1.899737832379534 -6
      vertex 0.9580034060214137 2.0358608680485437 -6
    endloop
  endfacet
  facet normal 0 0 -1
    outer loop
      vertex 1.5405020355646153 2.427442785818293 -6
      vertex 1.434203976934552 1.7336547962455255 -6
      vertex 1.2056102887027424 1.899737832379534 -6
    endloop
  endfacet
  facet normal 0 0 -1
    outer loop
      vertex 1.224115463249584 2.601377775839806 -6
      vertex 1.5405020355646153 2.427442785818293 -6
      vertex 1.2056102887027424 1.899737832379534 -6
    endloop
  endfacet
  facet normal 0.3681245526846775 0.9297764858882517 0
    outer loop
      vertex 0.8884238588279738 2.7342874843485663 -6
      vertex 0.8884238588279738 2.7342874843485663 -4.5
      vertex 1.224115463249584 2.601377775839806 -6
    endloop
  endfacet
  facet normal 0.48175367410171555 0.8763066800438635 0
    outer loop
      vertex 1.224115463249584 2.601377775839806 -6
      vertex 1.224115463249584 2.601377775839806 -4.5
      vertex 1.5405020355646153 2.427442785818293 -6
    endloop
  endfacet
  facet normal 0 0 -1
    outer loop
      vertex 1.5405020355646153 2.427442785818293 -6
      vertex 1.832593970527483 2.2152255729803936 -6
      vertex 1.434203976934552 1.7336547962455255 -6
    endloop
  endfacet
  facet normal 0.5877852522924737 0.8090169943749471 0
    outer loop
      vertex 1.5405020355646153 2.427442785818293 -6
      vertex 1.5405020355646153 2.427442785818293 -4.5
      vertex 1.832593970527483 2.2152255729803936 -6
    endloop
  endfacet
  facet normal 0.6845471059286875 0.7289686274214126 0
    outer loop
      vertex 1.832593970527483 2.2152255729803936 -6
      vertex 1.832593970527483 2.2152255729803936 -4.5
      vertex 2.0957848038365583 1.9680729295449801 -6
    endloop
  endfacet
  facet normal 0.48175367410171555 0.8763066800438635 0
    outer loop
      vertex 1.5405020355646153 2.427442785818293 -6
      vertex 1.224115463249584 2.601377775839806 -4.5
      vertex 1.5405020355646153 2.427442785818293 -4.5
    endloop
  endfacet
  facet normal 0.3681245526846775 0.9297764858882517 0
    outer loop
      vertex 0.8884238588279738 2.7342874843485663 -4.5
      vertex 1.224115463249584 2.601377775839806 -4.5
      vertex 1.224115463249584 2.601377775839806 -6
    endloop
  endfacet
  facet normal 0.5877852522924737 0.8090169943749471 0
    outer loop
      vertex 1.832593970527483 2.2152255729803936 -6
      vertex 1.5405020355646153 2.427442785818293 -4.5
      vertex 1.832593970527483 2.2152255729803936 -4.5
    endloop
  endfacet
  facet normal 0 0 -1
    outer loop
      vertex 2.325923858827974 -1.6898826003408602 -6
      vertex 2.25 0 -6
      vertex 2.325923858827974 1.6898826003408602 -6
    endloop
  endfacet
  facet normal 0 0 -1
    outer loop
      vertex 2.325923858827974 -1.6898826003408602 -6
      vertex 2.325923858827974 1.6898826003408602 -6
      vertex 2.519381705126108 1.3850418130424316 -6
    endloop
  endfacet
  facet normal 0 0 -1
    outer loop
      vertex 2.325923858827974 1.6898826003408602 -6
      vertex 2.2322580779575754 0.2819997755196846 -6
      vertex 2.17931211253942 0.5595522461209232 -6
    endloop
  endfacet
  facet normal 0 0 -1
    outer loop
      vertex 2.325923858827974 1.6898826003408602 -6
      vertex 2.25 0 -6
      vertex 2.2322580779575754 0.2819997755196846 -6
    endloop
  endfacet
  facet normal 0 0 -1
    outer loop
      vertex 2.6731073969287222 -1.0583580889684503 -6
      vertex 2.6731073969287227 1.0583580889684492 -6
      vertex 2.7846765882448143 0.7149834255989576 -6
    endloop
  endfacet
  facet normal 0 0 -1
    outer loop
      vertex 2.5193817051261074 -1.3850418130424318 -6
      vertex 2.519381705126108 1.3850418130424316 -6
      vertex 2.6731073969287227 1.0583580889684492 -6
    endloop
  endfacet
  facet normal 0 0 -1
    outer loop
      vertex 2.784676588244815 -0.7149834255989564 -6
      vertex 2.7846765882448143 0.7149834255989576 -6
      vertex 2.852329766279124 0.36033304649737474 -6
    endloop
  endfacet
  facet normal 0 0 -1
    outer loop
      vertex 2.852329766279124 -0.3603330464973742 -6
      vertex 2.852329766279124 0.36033304649737474 -6
      vertex 2.875 0 -6
    endloop
  endfacet
  facet normal 0.9980267284282714 0.0627905195293132 0
    outer loop
      vertex 2.875 0 -6
      vertex 2.852329766279124 0.36033304649737474 -6
      vertex 2.852329766279124 0.36033304649737474 -4.5
    endloop
  endfacet
  facet normal 0.9510565162951535 0.30901699437494734 0
    outer loop
      vertex 2.7846765882448143 0.7149834255989576 -6
      vertex 2.6731073969287227 1.0583580889684492 -6
      vertex 2.6731073969287227 1.0583580889684492 -4.5
    endloop
  endfacet
  facet normal 0.9822872507286885 0.18738131458572513 0
    outer loop
      vertex 2.852329766279124 0.36033304649737474 -6
      vertex 2.7846765882448143 0.7149834255989576 -6
      vertex 2.7846765882448143 0.7149834255989576 -4.5
    endloop
  endfacet
  facet normal 0.9980267284282714 0.0627905195293132 0
    outer loop
      vertex 2.875 0 -6
      vertex 2.852329766279124 0.36033304649737474 -4.5
      vertex 2.875 0 -4.5
    endloop
  endfacet
  facet normal 0.9822872507286885 0.18738131458572513 0
    outer loop
      vertex 2.852329766279124 0.36033304649737474 -6
      vertex 2.7846765882448143 0.7149834255989576 -4.5
      vertex 2.852329766279124 0.36033304649737474 -4.5
    endloop
  endfacet
  facet normal 0.9510565162951535 0.30901699437494734 0
    outer loop
      vertex 2.7846765882448143 0.7149834255989576 -6
      vertex 2.6731073969287227 1.0583580889684492 -4.5
      vertex 2.7846765882448143 0.7149834255989576 -4.5
    endloop
  endfacet
  facet normal 0 0 -1
    outer loop
      vertex 2.325923858827974 1.6898826003408602 -6
      vertex 2.17931211253942 0.5595522461209232 -6
      vertex 2.0919970932485654 0.8282802435405254 -6
    endloop
  endfacet
  facet normal 0 0 -1
    outer loop
      vertex 2.0957848038365583 1.9680729295449801 -6
      vertex 2.0919970932485654 0.8282802435405254 -6
      vertex 1.971690030098693 1.0839457667288595 -6
    endloop
  endfacet
  facet normal 0 0 -1
    outer loop
      vertex 2.0957848038365583 1.9680729295449801 -6
      vertex 2.325923858827974 1.6898826003408602 -6
      vertex 2.0919970932485654 0.8282802435405254 -6
    endloop
  endfacet
  facet normal 0.7705132427757895 0.6374239897486894 0
    outer loop
      vertex 2.0957848038365583 1.9680729295449801 -6
      vertex 2.0957848038365583 1.9680729295449801 -4.5
      vertex 2.325923858827974 1.6898826003408602 -6
    endloop
  endfacet
  facet normal 0.8443279255020153 0.5358267949789965 0
    outer loop
      vertex 2.325923858827974 1.6898826003408602 -6
      vertex 2.325923858827974 1.6898826003408602 -4.5
      vertex 2.519381705126108 1.3850418130424316 -6
    endloop
  endfacet
  facet normal 0.9048270524660197 0.4257792915650723 0
    outer loop
      vertex 2.6731073969287227 1.0583580889684492 -6
      vertex 2.519381705126108 1.3850418130424316 -6
      vertex 2.519381705126108 1.3850418130424316 -4.5
    endloop
  endfacet
  facet normal 0.8443279255020153 0.5358267949789965 0
    outer loop
      vertex 2.519381705126108 1.3850418130424316 -6
      vertex 2.325923858827974 1.6898826003408602 -4.5
      vertex 2.519381705126108 1.3850418130424316 -4.5
    endloop
  endfacet
  facet normal 0.7705132427757895 0.6374239897486894 0
    outer loop
      vertex 2.325923858827974 1.6898826003408602 -6
      vertex 2.0957848038365583 1.9680729295449801 -4.5
      vertex 2.325923858827974 1.6898826003408602 -4.5
    endloop
  endfacet
  facet normal 0.9048270524660197 0.4257792915650723 0
    outer loop
      vertex 2.6731073969287227 1.0583580889684492 -6
      vertex 2.519381705126108 1.3850418130424316 -4.5
      vertex 2.6731073969287227 1.0583580889684492 -4.5
    endloop
  endfacet
  facet normal 0.6845471059286875 0.7289686274214126 0
    outer loop
      vertex 1.832593970527483 2.2152255729803936 -4.5
      vertex 2.0957848038365583 1.9680729295449801 -4.5
      vertex 2.0957848038365583 1.9680729295449801 -6
    endloop
  endfacet
  facet normal 0 0 1
    outer loop
      vertex -2.17931211253942 -0.5595522461209235 -3.2
      vertex -2.447513437051213 -3.1562929189139846 -3.2
      vertex -2.143307179915987 -3.37731170200806 -3.2
    endloop
  endfacet
  facet normal 0 0 1
    outer loop
      vertex -2.17931211253942 -0.5595522461209235 -3.2
      vertex -3.9684588052579115 -0.5013329342572163 -3.2
      vertex -3.962588563980653 -0.5321058166980333 -3.2
    endloop
  endfacet
  facet normal 0 0 1
    outer loop
      vertex -2.17931211253942 -0.5595522461209235 -3.2
      vertex -4 0 -3.2
      vertex -3.9684588052579115 -0.5013329342572163 -3.2
    endloop
  endfacet
  facet normal 0 0 1
    outer loop
      vertex -2.17931211253942 -0.5595522461209235 -3.2
      vertex -3.962588563980653 -0.5321058166980333 -3.2
      vertex -2.447513437051213 -3.1562929189139846 -3.2
    endloop
  endfacet
  facet normal 0 0 1
    outer loop
      vertex -1.9716900300986928 -1.0839457667288597 -3.2
      vertex -2.091997093248566 -0.8282802435405252 -3.2
      vertex -2.143307179915987 -3.37731170200806 -3.2
    endloop
  endfacet
  facet normal 0 0 1
    outer loop
      vertex -2.091997093248566 -0.8282802435405252 -3.2
      vertex -2.17931211253942 -0.5595522461209235 -3.2
      vertex -2.143307179915987 -3.37731170200806 -3.2
    endloop
  endfacet
  facet normal 0 0 1
    outer loop
      vertex -2.2322580779575754 -0.28199977551968414 -3.2
      vertex -4 0 -3.2
      vertex -2.17931211253942 -0.5595522461209235 -3.2
    endloop
  endfacet
  facet normal 0 0 1
    outer loop
      vertex -2.2322580779575754 -0.28199977551968414 -3.2
      vertex -2.25 0 -3.2
      vertex -4 0 -3.2
    endloop
  endfacet
  facet normal 0 0 1
    outer loop
      vertex 0.42160795781788085 -2.2101463141395494 -3.2
      vertex -2.143307179915987 -3.37731170200806 -3.2
      vertex -1.7031171662602897 -3.6193082098640783 -3.2
    endloop
  endfacet
  facet normal 0 0 1
    outer loop
      vertex -1.8202882373436318 -1.3225168176580646 -3.2
      vertex -2.143307179915987 -3.37731170200806 -3.2
      vertex -1.6401794116981763 -1.540230988339549 -3.2
    endloop
  endfacet
  facet normal 0 0 1
    outer loop
      vertex -1.4342039769345516 -1.733654796245526 -3.2
      vertex -2.143307179915987 -3.37731170200806 -3.2
      vertex -1.2056102887027427 -1.8997378323795338 -3.2
    endloop
  endfacet
  facet normal 0 0 1
    outer loop
      vertex -1.6401794116981763 -1.540230988339549 -3.2
      vertex -2.143307179915987 -3.37731170200806 -3.2
      vertex -1.4342039769345516 -1.733654796245526 -3.2
    endloop
  endfacet
  facet normal 0 0 1
    outer loop
      vertex -0.958003406021413 -2.035860868048544 -3.2
      vertex -2.143307179915987 -3.37731170200806 -3.2
      vertex -0.6952882373436317 -2.1398771616640953 -3.2
    endloop
  endfacet
  facet normal 0 0 1
    outer loop
      vertex -0.6952882373436317 -2.1398771616640953 -3.2
      vertex -2.143307179915987 -3.37731170200806 -3.2
      vertex -0.42160795781788085 -2.2101463141395494 -3.2
    endloop
  endfacet
  facet normal 0 0 1
    outer loop
      vertex -1.2056102887027427 -1.8997378323795338 -3.2
      vertex -2.143307179915987 -3.37731170200806 -3.2
      vertex -0.958003406021413 -2.035860868048544 -3.2
    endloop
  endfacet
  facet normal 0 0 1
    outer loop
      vertex 0.42160795781788085 -2.2101463141395494 -3.2
      vertex -1.7031171662602897 -3.6193082098640783 -3.2
      vertex -1.5049825102141463 -3.6977552697062492 -3.2
    endloop
  endfacet
  facet normal 0 0 1
    outer loop
      vertex -0.42160795781788085 -2.2101463141395494 -3.2
      vertex -2.143307179915987 -3.37731170200806 -3.2
      vertex -0.14127866894095598 -2.245560138963611 -3.2
    endloop
  endfacet
  facet normal 0 0 1
    outer loop
      vertex -0.14127866894095598 -2.245560138963611 -3.2
      vertex -2.143307179915987 -3.37731170200806 -3.2
      vertex 0.14127866894095598 -2.245560138963611 -3.2
    endloop
  endfacet
  facet normal 0 0 1
    outer loop
      vertex 0.14127866894095598 -2.245560138963611 -3.2
      vertex -2.143307179915987 -3.37731170200806 -3.2
      vertex 0.42160795781788085 -2.2101463141395494 -3.2
    endloop
  endfacet
  facet normal 0 0 1
    outer loop
      vertex -1.8202882373436318 -1.3225168176580646 -3.2
      vertex -1.9716900300986928 -1.0839457667288597 -3.2
      vertex -2.143307179915987 -3.37731170200806 -3.2
    endloop
  endfacet
  facet normal 0.8660254042044092 0.4999999992725898 0
    outer loop
      vertex -2.447513437051213 -3.1562929189139846 -3.2
      vertex -3.962588563980653 -0.5321058166980333 -3.2
      vertex -2.447513437051213 -3.1562929189139846 0
    endloop
  endfacet
  facet normal 0.8660254042044092 0.4999999992725898 0
    outer loop
      vertex -3.962588563980653 -0.5321058166980333 0
      vertex -2.447513437051213 -3.1562929189139846 0
      vertex -3.962588563980653 -0.5321058166980333 -3.2
    endloop
  endfacet
  facet normal 0 1 0
    outer loop
      vertex 1.5049825102141463 -3.6977552697062492 0
      vertex -1.5049825102141463 -3.6977552697062492 -3.2
      vertex -1.5049825102141463 -3.6977552697062492 0
    endloop
  endfacet
  facet normal 0 0 1
    outer loop
      vertex -2.25 0 -3.2
      vertex -3.9684588052579115 0.5013329342572163 -3.2
      vertex -4 0 -3.2
    endloop
  endfacet
  facet normal 0 0 1
    outer loop
      vertex -2.091997093248566 0.8282802435405252 -3.2
      vertex -3.962588563980653 0.5321058166980333 -3.2
      vertex -3.9684588052579115 0.5013329342572163 -3.2
    endloop
  endfacet
  facet normal 0 0 1
    outer loop
      vertex -2.25 0 -3.2
      vertex -2.2322580779575754 0.28199977551968414 -3.2
      vertex -3.9684588052579115 0.5013329342572163 -3.2
    endloop
  endfacet
  facet normal 0 0 1
    outer loop
      vertex -2.2322580779575754 0.28199977551968414 -3.2
      vertex -2.17931211253942 0.5595522461209235 -3.2
      vertex -3.9684588052579115 0.5013329342572163 -3.2
    endloop
  endfacet
  facet normal 0 0 1
    outer loop
      vertex -2.17931211253942 0.5595522461209235 -3.2
      vertex -2.091997093248566 0.8282802435405252 -3.2
      vertex -3.9684588052579115 0.5013329342572163 -3.2
    endloop
  endfacet
  facet normal 0 0 1
    outer loop
      vertex -2.091997093248566 0.8282802435405252 -3.2
      vertex -2.447513437051213 3.1562929189139846 -3.2
      vertex -3.962588563980653 0.5321058166980333 -3.2
    endloop
  endfacet
  facet normal 0 0 1
    outer loop
      vertex -2.091997093248566 0.8282802435405252 -3.2
      vertex -2.143307179915987 3.37731170200806 -3.2
      vertex -2.447513437051213 3.1562929189139846 -3.2
    endloop
  endfacet
  facet normal 0 0 1
    outer loop
      vertex -2.091997093248566 0.8282802435405252 -3.2
      vertex -1.9716900300986928 1.0839457667288597 -3.2
      vertex -1.7031171662602909 3.619308209864078 -3.2
    endloop
  endfacet
  facet normal 0 0 1
    outer loop
      vertex -1.9716900300986928 1.0839457667288597 -3.2
      vertex -1.8202882373436318 1.3225168176580646 -3.2
      vertex -1.7031171662602909 3.619308209864078 -3.2
    endloop
  endfacet
  facet normal 0 0 1
    outer loop
      vertex -1.8202882373436318 1.3225168176580646 -3.2
      vertex -1.6401794116981763 1.540230988339549 -3.2
      vertex -1.7031171662602909 3.619308209864078 -3.2
    endloop
  endfacet
  facet normal 0 0 1
    outer loop
      vertex -1.6401794116981763 1.540230988339549 -3.2
      vertex -1.4342039769345516 1.733654796245526 -3.2
      vertex -1.7031171662602909 3.619308209864078 -3.2
    endloop
  endfacet
  facet normal 0 0 1
    outer loop
      vertex -2.091997093248566 0.8282802435405252 -3.2
      vertex -1.7031171662602909 3.619308209864078 -3.2
      vertex -2.143307179915987 3.37731170200806 -3.2
    endloop
  endfacet
  facet normal 0 0 1
    outer loop
      vertex -1.4342039769345516 1.733654796245526 -3.2
      vertex -1.2056102887027427 1.8997378323795338 -3.2
      vertex -1.7031171662602909 3.619308209864078 -3.2
    endloop
  endfacet
  facet normal 0 0 1
    outer loop
      vertex -1.2056102887027427 1.8997378323795338 -3.2
      vertex -0.9580034060214137 2.0358608680485437 -3.2
      vertex -1.7031171662602909 3.619308209864078 -3.2
    endloop
  endfacet
  facet normal 0 0 1
    outer loop
      vertex -0.9580034060214137 2.0358608680485437 -3.2
      vertex -0.6952882373436317 2.1398771616640953 -3.2
      vertex -1.7031171662602909 3.619308209864078 -3.2
    endloop
  endfacet
  facet normal 0 0 1
    outer loop
      vertex -0.4216079578178803 2.2101463141395494 -3.2
      vertex -1.5049825102141463 3.6977552697062492 -3.2
      vertex -1.7031171662602909 3.619308209864078 -3.2
    endloop
  endfacet
  facet normal 0 0 1
    outer loop
      vertex -0.6952882373436317 2.1398771616640953 -3.2
      vertex -0.4216079578178803 2.2101463141395494 -3.2
      vertex -1.7031171662602909 3.619308209864078 -3.2
    endloop
  endfacet
  facet normal 0 0 1
    outer loop
      vertex -0.4216079578178803 2.2101463141395494 -3.2
      vertex 1.5049825102141463 3.6977552697062492 -3.2
      vertex -1.5049825102141463 3.6977552697062492 -3.2
    endloop
  endfacet
  facet normal 0.8660254042044092 -0.4999999992725898 0
    outer loop
      vertex -2.447513437051213 3.1562929189139846 -3.2
      vertex -3.962588563980653 0.5321058166980333 0
      vertex -3.962588563980653 0.5321058166980333 -3.2
    endloop
  endfacet
  facet normal 0.8660254042044092 -0.4999999992725898 0
    outer loop
      vertex -2.447513437051213 3.1562929189139846 0
      vertex -3.962588563980653 0.5321058166980333 0
      vertex -2.447513437051213 3.1562929189139846 -3.2
    endloop
  endfacet
  facet normal 0 -1 0
    outer loop
      vertex -1.5049825102141463 3.6977552697062492 -3.2
      vertex 1.5049825102141463 3.6977552697062492 -3.2
      vertex -1.5049825102141463 3.6977552697062492 0
    endloop
  endfacet
  facet normal 0 0 1
    outer loop
      vertex 0.42160795781788085 -2.2101463141395494 -3.2
      vertex -1.5049825102141463 -3.6977552697062492 -3.2
      vertex 1.5049825102141463 -3.6977552697062492 -3.2
    endloop
  endfacet
  facet normal 0 0 1
    outer loop
      vertex 0.42160795781788085 -2.2101463141395494 -3.2
      vertex 1.7031171662602897 -3.6193082098640783 -3.2
      vertex 0.6952882373436317 -2.1398771616640953 -3.2
    endloop
  endfacet
  facet normal 0 0 1
    outer loop
      vertex 0.42160795781788085 -2.2101463141395494 -3.2
      vertex 1.5049825102141463 -3.6977552697062492 -3.2
      vertex 1.7031171662602897 -3.6193082098640783 -3.2
    endloop
  endfacet
  facet normal 0 0 1
    outer loop
      vertex 0.6952882373436317 -2.1398771616640953 -3.2
      vertex 1.7031171662602897 -3.6193082098640783 -3.2
      vertex 0.958003406021413 -2.035860868048544 -3.2
    endloop
  endfacet
  facet normal 0 0 1
    outer loop
      vertex 0.958003406021413 -2.035860868048544 -3.2
      vertex 1.7031171662602897 -3.6193082098640783 -3.2
      vertex 1.2056102887027416 -1.8997378323795344 -3.2
    endloop
  endfacet
  facet normal 0 0 1
    outer loop
      vertex 1.2056102887027416 -1.8997378323795344 -3.2
      vertex 1.7031171662602897 -3.6193082098640783 -3.2
      vertex 1.4342039769345525 -1.7336547962455253 -3.2
    endloop
  endfacet
  facet normal 0 0 1
    outer loop
      vertex 2.0919970932485654 -0.8282802435405263 -3.2
      vertex 1.7031171662602897 -3.6193082098640783 -3.2
      vertex 2.143307179915985 -3.377311702008061 -3.2
    endloop
  endfacet
  facet normal 0 0 1
    outer loop
      vertex 1.4342039769345525 -1.7336547962455253 -3.2
      vertex 1.7031171662602897 -3.6193082098640783 -3.2
      vertex 1.6401794116981763 -1.540230988339549 -3.2
    endloop
  endfacet
  facet normal 0 0 1
    outer loop
      vertex 1.6401794116981763 -1.540230988339549 -3.2
      vertex 1.7031171662602897 -3.6193082098640783 -3.2
      vertex 1.8202882373436318 -1.3225168176580646 -3.2
    endloop
  endfacet
  facet normal 0 0 1
    outer loop
      vertex 1.8202882373436318 -1.3225168176580646 -3.2
      vertex 1.7031171662602897 -3.6193082098640783 -3.2
      vertex 1.9716900300986928 -1.0839457667288597 -3.2
    endloop
  endfacet
  facet normal 0 0 1
    outer loop
      vertex 1.9716900300986928 -1.0839457667288597 -3.2
      vertex 1.7031171662602897 -3.6193082098640783 -3.2
      vertex 2.0919970932485654 -0.8282802435405263 -3.2
    endloop
  endfacet
  facet normal 0 0 1
    outer loop
      vertex 2.0919970932485654 -0.8282802435405263 -3.2
      vertex 2.143307179915985 -3.377311702008061 -3.2
      vertex 2.447513437051213 -3.1562929189139837 -3.2
    endloop
  endfacet
  facet normal 0 0 1
    outer loop
      vertex 2.0919970932485654 -0.8282802435405263 -3.2
      vertex 2.447513437051213 -3.1562929189139837 -3.2
      vertex 3.962588563980653 -0.5321058166980333 -3.2
    endloop
  endfacet
  facet normal 0 0 1
    outer loop
      vertex 2.0919970932485654 -0.8282802435405263 -3.2
      vertex 3.9684588052579115 -0.5013329342572163 -3.2
      vertex 2.1793121125394204 -0.5595522461209225 -3.2
    endloop
  endfacet
  facet normal 0 0 1
    outer loop
      vertex 2.1793121125394204 -0.5595522461209225 -3.2
      vertex 3.9684588052579115 -0.5013329342572163 -3.2
      vertex 2.2322580779575754 -0.28199977551968414 -3.2
    endloop
  endfacet
  facet normal 0 0 1
    outer loop
      vertex 2.2322580779575754 -0.28199977551968414 -3.2
      vertex 3.9684588052579115 -0.5013329342572163 -3.2
      vertex 2.25 0 -3.2
    endloop
  endfacet
  facet normal 0 0 1
    outer loop
      vertex 2.0919970932485654 -0.8282802435405263 -3.2
      vertex 3.962588563980653 -0.5321058166980333 -3.2
      vertex 3.9684588052579115 -0.5013329342572163 -3.2
    endloop
  endfacet
  facet normal 0 0 1
    outer loop
      vertex 2.25 0 -3.2
      vertex 3.9684588052579115 -0.5013329342572163 -3.2
      vertex 4 0 -3.2
    endloop
  endfacet
  facet normal 0 1 0
    outer loop
      vertex -1.5049825102141463 -3.6977552697062492 -3.2
      vertex 1.5049825102141463 -3.6977552697062492 0
      vertex 1.5049825102141463 -3.6977552697062492 -3.2
    endloop
  endfacet
  facet normal -0.8660254042044092 0.4999999992725899 0
    outer loop
      vertex 2.447513437051213 -3.1562929189139837 -3.2
      vertex 2.447513437051213 -3.1562929189139837 0
      vertex 3.962588563980653 -0.5321058166980333 0
    endloop
  endfacet
  facet normal -0.8660254042044092 0.4999999992725899 0
    outer loop
      vertex 2.447513437051213 -3.1562929189139837 -3.2
      vertex 3.962588563980653 -0.5321058166980333 0
      vertex 3.962588563980653 -0.5321058166980333 -3.2
    endloop
  endfacet
  facet normal 0 0 1
    outer loop
      vertex 1.971690030098693 1.0839457667288595 -3.2
      vertex 2.1433071799159866 3.3773117020080603 -3.2
      vertex 1.8202882373436318 1.3225168176580646 -3.2
    endloop
  endfacet
  facet normal 0 0 1
    outer loop
      vertex -0.4216079578178803 2.2101463141395494 -3.2
      vertex -0.14127866894095487 2.245560138963611 -3.2
      vertex 2.1433071799159866 3.3773117020080603 -3.2
    endloop
  endfacet
  facet normal 0 0 1
    outer loop
      vertex -0.14127866894095487 2.245560138963611 -3.2
      vertex 0.1412786689409542 2.245560138963611 -3.2
      vertex 2.1433071799159866 3.3773117020080603 -3.2
    endloop
  endfacet
  facet normal 0 0 1
    outer loop
      vertex 0.1412786689409542 2.245560138963611 -3.2
      vertex 0.4216079578178803 2.2101463141395494 -3.2
      vertex 2.1433071799159866 3.3773117020080603 -3.2
    endloop
  endfacet
  facet normal 0 0 1
    outer loop
      vertex -0.4216079578178803 2.2101463141395494 -3.2
      vertex 1.7031171662602909 3.619308209864078 -3.2
      vertex 1.5049825102141463 3.6977552697062492 -3.2
    endloop
  endfacet
  facet normal 0 0 1
    outer loop
      vertex 0.9580034060214137 2.0358608680485437 -3.2
      vertex 1.2056102887027424 1.899737832379534 -3.2
      vertex 2.1433071799159866 3.3773117020080603 -3.2
    endloop
  endfacet
  facet normal 0 0 1
    outer loop
      vertex 0.4216079578178803 2.2101463141395494 -3.2
      vertex 0.6952882373436317 2.1398771616640953 -3.2
      vertex 2.1433071799159866 3.3773117020080603 -3.2
    endloop
  endfacet
  facet normal 0 0 1
    outer loop
      vertex 0.6952882373436317 2.1398771616640953 -3.2
      vertex 0.9580034060214137 2.0358608680485437 -3.2
      vertex 2.1433071799159866 3.3773117020080603 -3.2
    endloop
  endfacet
  facet normal 0 0 1
    outer loop
      vertex 1.434203976934552 1.7336547962455255 -3.2
      vertex 1.640179411698176 1.5402309883395495 -3.2
      vertex 2.1433071799159866 3.3773117020080603 -3.2
    endloop
  endfacet
  facet normal 0 0 1
    outer loop
      vertex 1.2056102887027424 1.899737832379534 -3.2
      vertex 1.434203976934552 1.7336547962455255 -3.2
      vertex 2.1433071799159866 3.3773117020080603 -3.2
    endloop
  endfacet
  facet normal 0 0 1
    outer loop
      vertex 1.640179411698176 1.5402309883395495 -3.2
      vertex 1.8202882373436318 1.3225168176580646 -3.2
      vertex 2.1433071799159866 3.3773117020080603 -3.2
    endloop
  endfacet
  facet normal 0 0 1
    outer loop
      vertex -0.4216079578178803 2.2101463141395494 -3.2
      vertex 2.1433071799159866 3.3773117020080603 -3.2
      vertex 1.7031171662602909 3.619308209864078 -3.2
    endloop
  endfacet
  facet normal 0 0 1
    outer loop
      vertex 2.25 0 -3.2
      vertex 4 0 -3.2
      vertex 2.2322580779575754 0.2819997755196846 -3.2
    endloop
  endfacet
  facet normal 0 0 1
    outer loop
      vertex 2.17931211253942 0.5595522461209232 -3.2
      vertex 2.2322580779575754 0.2819997755196846 -3.2
      vertex 4 0 -3.2
    endloop
  endfacet
  facet normal 0 0 1
    outer loop
      vertex 2.17931211253942 0.5595522461209232 -3.2
      vertex 2.1433071799159866 3.3773117020080603 -3.2
      vertex 2.0919970932485654 0.8282802435405254 -3.2
    endloop
  endfacet
  facet normal 0 0 1
    outer loop
      vertex 2.0919970932485654 0.8282802435405254 -3.2
      vertex 2.1433071799159866 3.3773117020080603 -3.2
      vertex 1.971690030098693 1.0839457667288595 -3.2
    endloop
  endfacet
  facet normal 0 0 1
    outer loop
      vertex 2.17931211253942 0.5595522461209232 -3.2
      vertex 3.962588563980653 0.5321058166980329 -3.2
      vertex 2.447513437051213 3.1562929189139837 -3.2
    endloop
  endfacet
  facet normal 0 0 1
    outer loop
      vertex 2.17931211253942 0.5595522461209232 -3.2
      vertex 4 0 -3.2
      vertex 3.9684588052579115 0.501332934257217 -3.2
    endloop
  endfacet
  facet normal 0 0 1
    outer loop
      vertex 2.17931211253942 0.5595522461209232 -3.2
      vertex 3.9684588052579115 0.501332934257217 -3.2
      vertex 3.962588563980653 0.5321058166980329 -3.2
    endloop
  endfacet
  facet normal 0 0 1
    outer loop
      vertex 2.17931211253942 0.5595522461209232 -3.2
      vertex 2.447513437051213 3.1562929189139837 -3.2
      vertex 2.1433071799159866 3.3773117020080603 -3.2
    endloop
  endfacet
  facet normal 0 -1 0
    outer loop
      vertex -1.5049825102141463 3.6977552697062492 0
      vertex 1.5049825102141463 3.6977552697062492 -3.2
      vertex 1.5049825102141463 3.6977552697062492 0
    endloop
  endfacet
  facet normal -0.8660254042044092 -0.4999999992725899 0
    outer loop
      vertex 3.962588563980653 0.5321058166980329 -3.2
      vertex 3.962588563980653 0.5321058166980329 0
      vertex 2.447513437051213 3.1562929189139837 0
    endloop
  endfacet
  facet normal -0.8660254042044092 -0.4999999992725899 0
    outer loop
      vertex 2.447513437051213 3.1562929189139837 0
      vertex 2.447513437051213 3.1562929189139837 -3.2
      vertex 3.962588563980653 0.5321058166980329 -3.2
    endloop
  endfacet
  facet normal 0 0 1
    outer loop
      vertex -2.5496959589947585 -3.0820529711031575 0
      vertex -3.962588563980653 -0.5321058166980333 0
      vertex -2.9158745096856467 -2.738188423714754 0
    endloop
  endfacet
  facet normal 0 0 1
    outer loop
      vertex -2.5496959589947585 -3.0820529711031575 0
      vertex -2.447513437051213 -3.1562929189139846 0
      vertex -3.962588563980653 -0.5321058166980333 0
    endloop
  endfacet
  facet normal 0 0 1
    outer loop
      vertex -3.719105943553006 -1.4724982107387115 0
      vertex -3.23606797749979 -2.3511410091698925 0
      vertex -3.8743326445145243 -0.9947595486594194 0
    endloop
  endfacet
  facet normal 0 0 1
    outer loop
      vertex -3.23606797749979 -2.3511410091698925 0
      vertex -3.962588563980653 -0.5321058166980333 0
      vertex -3.8743326445145243 -0.9947595486594194 0
    endloop
  endfacet
  facet normal 0 0 1
    outer loop
      vertex -3.505226720175454 -1.9270146964068615 0
      vertex -3.23606797749979 -2.3511410091698925 0
      vertex -3.719105943553006 -1.4724982107387115 0
    endloop
  endfacet
  facet normal 0 0 1
    outer loop
      vertex -3.23606797749979 -2.3511410091698925 0
      vertex -2.9158745096856467 -2.738188423714754 0
      vertex -3.962588563980653 -0.5321058166980333 0
    endloop
  endfacet
  facet normal 0 0 1
    outer loop
      vertex -1.2360679774997896 -3.804226065180614 0
      vertex 0.7495252583428993 -3.9291490029147544 0
      vertex -1.5049825102141463 -3.6977552697062492 0
    endloop
  endfacet
  facet normal 0 0 1
    outer loop
      vertex -0.7495252583428993 -3.9291490029147544 0
      vertex 0.25116207811725505 -3.9921069137130862 0
      vertex -1.2360679774997896 -3.804226065180614 0
    endloop
  endfacet
  facet normal 0 0 1
    outer loop
      vertex -0.7495252583428993 -3.9291490029147544 0
      vertex -0.25116207811725505 -3.9921069137130862 0
      vertex 0.25116207811725505 -3.9921069137130862 0
    endloop
  endfacet
  facet normal 0 0 1
    outer loop
      vertex -1.2360679774997896 -3.804226065180614 0
      vertex 0.25116207811725505 -3.9921069137130862 0
      vertex 0.7495252583428993 -3.9291490029147544 0
    endloop
  endfacet
  facet normal 0 0 1
    outer loop
      vertex -2.9158745096856467 2.738188423714754 0
      vertex -3.8743326445145243 0.9947595486594194 0
      vertex -3.962588563980653 0.5321058166980333 0
    endloop
  endfacet
  facet normal 0 0 1
    outer loop
      vertex -3.719105943553006 1.4724982107387115 0
      vertex -3.8743326445145243 0.9947595486594194 0
      vertex -3.23606797749979 2.3511410091698925 0
    endloop
  endfacet
  facet normal 0 0 1
    outer loop
      vertex -3.23606797749979 2.3511410091698925 0
      vertex -3.505226720175454 1.9270146964068615 0
      vertex -3.719105943553006 1.4724982107387115 0
    endloop
  endfacet
  facet normal 0 0 1
    outer loop
      vertex -3.23606797749979 2.3511410091698925 0
      vertex -3.8743326445145243 0.9947595486594194 0
      vertex -2.9158745096856467 2.738188423714754 0
    endloop
  endfacet
  facet normal 0 0 1
    outer loop
      vertex -2.9158745096856467 2.738188423714754 0
      vertex -3.962588563980653 0.5321058166980333 0
      vertex -2.5496959589947585 3.0820529711031575 0
    endloop
  endfacet
  facet normal 0 0 1
    outer loop
      vertex -2.5496959589947585 3.0820529711031575 0
      vertex -3.962588563980653 0.5321058166980333 0
      vertex -2.447513437051213 3.1562929189139846 0
    endloop
  endfacet
  facet normal 0 0 1
    outer loop
      vertex -1.2360679774997896 3.804226065180614 0
      vertex -1.5049825102141463 3.6977552697062492 0
      vertex 1.5049825102141463 3.6977552697062492 0
    endloop
  endfacet
  facet normal 0 0 1
    outer loop
      vertex -1.2360679774997896 3.804226065180614 0
      vertex 1.5049825102141463 3.6977552697062492 0
      vertex -0.7495252583428983 3.929149002914755 0
    endloop
  endfacet
  facet normal 0 0 1
    outer loop
      vertex -1.5049825102141463 -3.6977552697062492 0
      vertex 0.7495252583428993 -3.9291490029147544 0
      vertex 1.2360679774997896 -3.804226065180614 0
    endloop
  endfacet
  facet normal 0 0 1
    outer loop
      vertex 1.2360679774997896 -3.804226065180614 0
      vertex 1.5049825102141463 -3.6977552697062492 0
      vertex -1.5049825102141463 -3.6977552697062492 0
    endloop
  endfacet
  facet normal 0 0 1
    outer loop
      vertex 2.54969595899476 -3.082052971103156 0
      vertex 3.962588563980653 -0.5321058166980333 0
      vertex 2.447513437051213 -3.1562929189139837 0
    endloop
  endfacet
  facet normal 0 0 1
    outer loop
      vertex 2.9158745096856467 -2.738188423714754 0
      vertex 3.962588563980653 -0.5321058166980333 0
      vertex 2.54969595899476 -3.082052971103156 0
    endloop
  endfacet
  facet normal 0 0 1
    outer loop
      vertex 3.23606797749979 -2.3511410091698925 0
      vertex 3.8743326445145247 -0.9947595486594177 0
      vertex 2.9158745096856467 -2.738188423714754 0
    endloop
  endfacet
  facet normal 0 0 1
    outer loop
      vertex 3.23606797749979 -2.3511410091698925 0
      vertex 3.505226720175454 -1.9270146964068615 0
      vertex 3.719105943553005 -1.4724982107387135 0
    endloop
  endfacet
  facet normal 0 0 1
    outer loop
      vertex 3.719105943553005 -1.4724982107387135 0
      vertex 3.8743326445145247 -0.9947595486594177 0
      vertex 3.23606797749979 -2.3511410091698925 0
    endloop
  endfacet
  facet normal 0 0 1
    outer loop
      vertex 2.9158745096856467 -2.738188423714754 0
      vertex 3.8743326445145247 -0.9947595486594177 0
      vertex 3.962588563980653 -0.5321058166980333 0
    endloop
  endfacet
  facet normal 0 0 1
    outer loop
      vertex -0.7495252583428983 3.929149002914755 0
      vertex 1.2360679774997896 3.804226065180614 0
      vertex -0.2511620781172531 3.9921069137130862 0
    endloop
  endfacet
  facet normal 0 0 1
    outer loop
      vertex 0.2511620781172531 3.9921069137130862 0
      vertex -0.2511620781172531 3.9921069137130862 0
      vertex 0.7495252583428983 3.929149002914755 0
    endloop
  endfacet
  facet normal 0 0 1
    outer loop
      vertex -0.2511620781172531 3.9921069137130862 0
      vertex 1.2360679774997896 3.804226065180614 0
      vertex 0.7495252583428983 3.929149002914755 0
    endloop
  endfacet
  facet normal 0 0 1
    outer loop
      vertex -0.7495252583428983 3.929149002914755 0
      vertex 1.5049825102141463 3.6977552697062492 0
      vertex 1.2360679774997896 3.804226065180614 0
    endloop
  endfacet
  facet normal 0 0 1
    outer loop
      vertex 3.7191059435530054 1.472498210738712 0
      vertex 3.5052267201754543 1.9270146964068613 0
      vertex 3.23606797749979 2.3511410091698925 0
    endloop
  endfacet
  facet normal 0 0 1
    outer loop
      vertex 3.962588563980653 0.5321058166980329 0
      vertex 3.8743326445145243 0.9947595486594192 0
      vertex 2.915874509685646 2.738188423714755 0
    endloop
  endfacet
  facet normal 0 0 1
    outer loop
      vertex 3.8743326445145243 0.9947595486594192 0
      vertex 3.7191059435530054 1.472498210738712 0
      vertex 3.23606797749979 2.3511410091698925 0
    endloop
  endfacet
  facet normal 0 0 1
    outer loop
      vertex 2.549695958994759 3.0820529711031566 0
      vertex 2.447513437051213 3.1562929189139837 0
      vertex 3.962588563980653 0.5321058166980329 0
    endloop
  endfacet
  facet normal 0 0 1
    outer loop
      vertex 2.549695958994759 3.0820529711031566 0
      vertex 3.962588563980653 0.5321058166980329 0
      vertex 2.915874509685646 2.738188423714755 0
    endloop
  endfacet
  facet normal 0 0 1
    outer loop
      vertex 3.23606797749979 2.3511410091698925 0
      vertex 2.915874509685646 2.738188423714755 0
      vertex 3.8743326445145243 0.9947595486594192 0
    endloop
  endfacet
  facet normal 0.9048270524660192 0.4257792915650733 0
    outer loop
      vertex -2.091997093248566 -0.8282802435405252 -3.2
      vertex -1.9716900300986928 -1.0839457667288597 -6
      vertex -2.091997093248566 -0.8282802435405252 -6
    endloop
  endfacet
  facet normal 0.9510565162951538 0.3090169943749469 0
    outer loop
      vertex -2.17931211253942 -0.5595522461209235 -3.2
      vertex -2.091997093248566 -0.8282802435405252 -6
      vertex -2.17931211253942 -0.5595522461209235 -6
    endloop
  endfacet
  facet normal 0.9822872507286885 0.18738131458572538 0
    outer loop
      vertex -2.2322580779575754 -0.28199977551968414 -3.2
      vertex -2.17931211253942 -0.5595522461209235 -6
      vertex -2.2322580779575754 -0.28199977551968414 -6
    endloop
  endfacet
  facet normal 0.9980267284282716 0.06279051952931262 0
    outer loop
      vertex -2.25 0 -3.2
      vertex -2.2322580779575754 -0.28199977551968414 -6
      vertex -2.25 0 -6
    endloop
  endfacet
  facet normal 0.9048270524660192 0.4257792915650733 0
    outer loop
      vertex -1.9716900300986928 -1.0839457667288597 -3.2
      vertex -1.9716900300986928 -1.0839457667288597 -6
      vertex -2.091997093248566 -0.8282802435405252 -3.2
    endloop
  endfacet
  facet normal 0.9510565162951538 0.3090169943749469 0
    outer loop
      vertex -2.091997093248566 -0.8282802435405252 -3.2
      vertex -2.091997093248566 -0.8282802435405252 -6
      vertex -2.17931211253942 -0.5595522461209235 -3.2
    endloop
  endfacet
  facet normal 0.9822872507286885 0.18738131458572538 0
    outer loop
      vertex -2.2322580779575754 -0.28199977551968414 -3.2
      vertex -2.17931211253942 -0.5595522461209235 -3.2
      vertex -2.17931211253942 -0.5595522461209235 -6
    endloop
  endfacet
  facet normal 0.9980267284282716 0.06279051952931262 0
    outer loop
      vertex -2.2322580779575754 -0.28199977551968414 -3.2
      vertex -2.2322580779575754 -0.28199977551968414 -6
      vertex -2.25 0 -3.2
    endloop
  endfacet
  facet normal 0.3681245526846769 0.9297764858882518 0
    outer loop
      vertex -0.958003406021413 -2.035860868048544 -3.2
      vertex -0.6952882373436317 -2.1398771616640953 -6
      vertex -0.958003406021413 -2.035860868048544 -6
    endloop
  endfacet
  facet normal 0.2486898871648558 0.9685831611286309 0
    outer loop
      vertex -0.6952882373436317 -2.1398771616640953 -3.2
      vertex -0.42160795781788085 -2.2101463141395494 -6
      vertex -0.6952882373436317 -2.1398771616640953 -6
    endloop
  endfacet
  facet normal 0.12533323356430495 0.9921147013144777 0
    outer loop
      vertex -0.42160795781788085 -2.2101463141395494 -3.2
      vertex -0.14127866894095598 -2.245560138963611 -6
      vertex -0.42160795781788085 -2.2101463141395494 -6
    endloop
  endfacet
  facet normal 0 1 0
    outer loop
      vertex -0.14127866894095598 -2.245560138963611 -3.2
      vertex 0.14127866894095598 -2.245560138963611 -6
      vertex -0.14127866894095598 -2.245560138963611 -6
    endloop
  endfacet
  facet normal 0.3681245526846769 0.9297764858882518 0
    outer loop
      vertex -0.958003406021413 -2.035860868048544 -3.2
      vertex -0.6952882373436317 -2.1398771616640953 -3.2
      vertex -0.6952882373436317 -2.1398771616640953 -6
    endloop
  endfacet
  facet normal 0.2486898871648558 0.9685831611286309 0
    outer loop
      vertex -0.6952882373436317 -2.1398771616640953 -3.2
      vertex -0.42160795781788085 -2.2101463141395494 -3.2
      vertex -0.42160795781788085 -2.2101463141395494 -6
    endloop
  endfacet
  facet normal 0.12533323356430495 0.9921147013144777 0
    outer loop
      vertex -0.42160795781788085 -2.2101463141395494 -3.2
      vertex -0.14127866894095598 -2.245560138963611 -3.2
      vertex -0.14127866894095598 -2.245560138963611 -6
    endloop
  endfacet
  facet normal 0.684547105928689 0.7289686274214113 0
    outer loop
      vertex -1.6401794116981763 -1.540230988339549 -3.2
      vertex -1.4342039769345516 -1.733654796245526 -6
      vertex -1.6401794116981763 -1.540230988339549 -6
    endloop
  endfacet
  facet normal 0.7705132427757891 0.63742398974869 0
    outer loop
      vertex -1.8202882373436318 -1.3225168176580646 -3.2
      vertex -1.6401794116981763 -1.540230988339549 -6
      vertex -1.8202882373436318 -1.3225168176580646 -6
    endloop
  endfacet
  facet normal 0.8443279255020154 0.5358267949789962 0
    outer loop
      vertex -1.9716900300986928 -1.0839457667288597 -3.2
      vertex -1.8202882373436318 -1.3225168176580646 -6
      vertex -1.9716900300986928 -1.0839457667288597 -6
    endloop
  endfacet
  facet normal 0.5877852522924731 0.8090169943749475 0
    outer loop
      vertex -1.4342039769345516 -1.733654796245526 -3.2
      vertex -1.2056102887027427 -1.8997378323795338 -6
      vertex -1.4342039769345516 -1.733654796245526 -6
    endloop
  endfacet
  facet normal 0.4817536741017152 0.8763066800438636 0
    outer loop
      vertex -1.2056102887027427 -1.8997378323795338 -3.2
      vertex -0.958003406021413 -2.035860868048544 -6
      vertex -1.2056102887027427 -1.8997378323795338 -6
    endloop
  endfacet
  facet normal 0.684547105928689 0.7289686274214113 0
    outer loop
      vertex -1.6401794116981763 -1.540230988339549 -3.2
      vertex -1.4342039769345516 -1.733654796245526 -3.2
      vertex -1.4342039769345516 -1.733654796245526 -6
    endloop
  endfacet
  facet normal 0.8443279255020154 0.5358267949789962 0
    outer loop
      vertex -1.8202882373436318 -1.3225168176580646 -3.2
      vertex -1.8202882373436318 -1.3225168176580646 -6
      vertex -1.9716900300986928 -1.0839457667288597 -3.2
    endloop
  endfacet
  facet normal 0.7705132427757891 0.63742398974869 0
    outer loop
      vertex -1.8202882373436318 -1.3225168176580646 -3.2
      vertex -1.6401794116981763 -1.540230988339549 -3.2
      vertex -1.6401794116981763 -1.540230988339549 -6
    endloop
  endfacet
  facet normal 0.5877852522924731 0.8090169943749475 0
    outer loop
      vertex -1.4342039769345516 -1.733654796245526 -3.2
      vertex -1.2056102887027427 -1.8997378323795338 -3.2
      vertex -1.2056102887027427 -1.8997378323795338 -6
    endloop
  endfacet
  facet normal 0.4817536741017152 0.8763066800438636 0
    outer loop
      vertex -1.2056102887027427 -1.8997378323795338 -3.2
      vertex -0.958003406021413 -2.035860868048544 -3.2
      vertex -0.958003406021413 -2.035860868048544 -6
    endloop
  endfacet
  facet normal 0.9980267284282716 -0.06279051952931262 0
    outer loop
      vertex -2.2322580779575754 0.28199977551968414 -3.2
      vertex -2.25 0 -6
      vertex -2.2322580779575754 0.28199977551968414 -6
    endloop
  endfacet
  facet normal 0.9822872507286885 -0.18738131458572538 0
    outer loop
      vertex -2.17931211253942 0.5595522461209235 -3.2
      vertex -2.2322580779575754 0.28199977551968414 -6
      vertex -2.17931211253942 0.5595522461209235 -6
    endloop
  endfacet
  facet normal 0.9510565162951538 -0.3090169943749469 0
    outer loop
      vertex -2.091997093248566 0.8282802435405252 -3.2
      vertex -2.17931211253942 0.5595522461209235 -6
      vertex -2.091997093248566 0.8282802435405252 -6
    endloop
  endfacet
  facet normal 0.9048270524660192 -0.4257792915650733 0
    outer loop
      vertex -1.9716900300986928 1.0839457667288597 -3.2
      vertex -2.091997093248566 0.8282802435405252 -6
      vertex -1.9716900300986928 1.0839457667288597 -6
    endloop
  endfacet
  facet normal 0.9980267284282716 -0.06279051952931262 0
    outer loop
      vertex -2.25 0 -3.2
      vertex -2.25 0 -6
      vertex -2.2322580779575754 0.28199977551968414 -3.2
    endloop
  endfacet
  facet normal 0.9822872507286885 -0.18738131458572538 0
    outer loop
      vertex -2.2322580779575754 0.28199977551968414 -3.2
      vertex -2.2322580779575754 0.28199977551968414 -6
      vertex -2.17931211253942 0.5595522461209235 -3.2
    endloop
  endfacet
  facet normal 0.9510565162951538 -0.3090169943749469 0
    outer loop
      vertex -2.17931211253942 0.5595522461209235 -3.2
      vertex -2.17931211253942 0.5595522461209235 -6
      vertex -2.091997093248566 0.8282802435405252 -3.2
    endloop
  endfacet
  facet normal 0.9048270524660192 -0.4257792915650733 0
    outer loop
      vertex -2.091997093248566 0.8282802435405252 -3.2
      vertex -2.091997093248566 0.8282802435405252 -6
      vertex -1.9716900300986928 1.0839457667288597 -3.2
    endloop
  endfacet
  facet normal 0.8443279255020154 -0.5358267949789962 0
    outer loop
      vertex -1.8202882373436318 1.3225168176580646 -3.2
      vertex -1.9716900300986928 1.0839457667288597 -6
      vertex -1.8202882373436318 1.3225168176580646 -6
    endloop
  endfacet
  facet normal 0.7705132427757891 -0.63742398974869 0
    outer loop
      vertex -1.6401794116981763 1.540230988339549 -3.2
      vertex -1.8202882373436318 1.3225168176580646 -6
      vertex -1.6401794116981763 1.540230988339549 -6
    endloop
  endfacet
  facet normal 0.684547105928689 -0.7289686274214113 0
    outer loop
      vertex -1.4342039769345516 1.733654796245526 -3.2
      vertex -1.6401794116981763 1.540230988339549 -6
      vertex -1.4342039769345516 1.733654796245526 -6
    endloop
  endfacet
  facet normal 0.5877852522924731 -0.8090169943749475 0
    outer loop
      vertex -1.2056102887027427 1.8997378323795338 -3.2
      vertex -1.4342039769345516 1.733654796245526 -6
      vertex -1.2056102887027427 1.8997378323795338 -6
    endloop
  endfacet
  facet normal 0.481753674101715 -0.8763066800438638 0
    outer loop
      vertex -0.9580034060214137 2.0358608680485437 -3.2
      vertex -1.2056102887027427 1.8997378323795338 -6
      vertex -0.9580034060214137 2.0358608680485437 -6
    endloop
  endfacet
  facet normal 0.8443279255020154 -0.5358267949789962 0
    outer loop
      vertex -1.9716900300986928 1.0839457667288597 -3.2
      vertex -1.9716900300986928 1.0839457667288597 -6
      vertex -1.8202882373436318 1.3225168176580646 -3.2
    endloop
  endfacet
  facet normal 0.7705132427757891 -0.63742398974869 0
    outer loop
      vertex -1.8202882373436318 1.3225168176580646 -3.2
      vertex -1.8202882373436318 1.3225168176580646 -6
      vertex -1.6401794116981763 1.540230988339549 -3.2
    endloop
  endfacet
  facet normal 0.684547105928689 -0.7289686274214113 0
    outer loop
      vertex -1.6401794116981763 1.540230988339549 -3.2
      vertex -1.6401794116981763 1.540230988339549 -6
      vertex -1.4342039769345516 1.733654796245526 -3.2
    endloop
  endfacet
  facet normal 0.5877852522924731 -0.8090169943749475 0
    outer loop
      vertex -1.4342039769345516 1.733654796245526 -3.2
      vertex -1.4342039769345516 1.733654796245526 -6
      vertex -1.2056102887027427 1.8997378323795338 -3.2
    endloop
  endfacet
  facet normal 0.481753674101715 -0.8763066800438638 0
    outer loop
      vertex -1.2056102887027427 1.8997378323795338 -3.2
      vertex -1.2056102887027427 1.8997378323795338 -6
      vertex -0.9580034060214137 2.0358608680485437 -3.2
    endloop
  endfacet
  facet normal 0.3681245526846775 -0.9297764858882516 0
    outer loop
      vertex -0.6952882373436317 2.1398771616640953 -3.2
      vertex -0.9580034060214137 2.0358608680485437 -6
      vertex -0.6952882373436317 2.1398771616640953 -6
    endloop
  endfacet
  facet normal 0.24868988716485532 -0.968583161128631 0
    outer loop
      vertex -0.4216079578178803 2.2101463141395494 -3.2
      vertex -0.6952882373436317 2.1398771616640953 -6
      vertex -0.4216079578178803 2.2101463141395494 -6
    endloop
  endfacet
  facet normal 0.12533323356430473 -0.9921147013144779 0
    outer loop
      vertex -0.14127866894095487 2.245560138963611 -3.2
      vertex -0.4216079578178803 2.2101463141395494 -6
      vertex -0.14127866894095487 2.245560138963611 -6
    endloop
  endfacet
  facet normal 0.3681245526846775 -0.9297764858882516 0
    outer loop
      vertex -0.9580034060214137 2.0358608680485437 -3.2
      vertex -0.9580034060214137 2.0358608680485437 -6
      vertex -0.6952882373436317 2.1398771616640953 -3.2
    endloop
  endfacet
  facet normal 0.24868988716485532 -0.968583161128631 0
    outer loop
      vertex -0.6952882373436317 2.1398771616640953 -3.2
      vertex -0.6952882373436317 2.1398771616640953 -6
      vertex -0.4216079578178803 2.2101463141395494 -3.2
    endloop
  endfacet
  facet normal 0.12533323356430473 -0.9921147013144779 0
    outer loop
      vertex -0.4216079578178803 2.2101463141395494 -3.2
      vertex -0.4216079578178803 2.2101463141395494 -6
      vertex -0.14127866894095487 2.245560138963611 -3.2
    endloop
  endfacet
  facet normal 0 -1 0
    outer loop
      vertex -0.14127866894095487 2.245560138963611 -3.2
      vertex -0.14127866894095487 2.245560138963611 -6
      vertex 0.1412786689409542 2.245560138963611 -3.2
    endloop
  endfacet
  facet normal -0.12533323356430495 0.9921147013144777 0
    outer loop
      vertex 0.14127866894095598 -2.245560138963611 -3.2
      vertex 0.42160795781788085 -2.2101463141395494 -6
      vertex 0.14127866894095598 -2.245560138963611 -6
    endloop
  endfacet
  facet normal -0.2486898871648558 0.9685831611286309 0
    outer loop
      vertex 0.42160795781788085 -2.2101463141395494 -3.2
      vertex 0.6952882373436317 -2.1398771616640953 -6
      vertex 0.42160795781788085 -2.2101463141395494 -6
    endloop
  endfacet
  facet normal -0.3681245526846769 0.9297764858882518 0
    outer loop
      vertex 0.6952882373436317 -2.1398771616640953 -3.2
      vertex 0.958003406021413 -2.035860868048544 -6
      vertex 0.6952882373436317 -2.1398771616640953 -6
    endloop
  endfacet
  facet normal 0 1 0
    outer loop
      vertex -0.14127866894095598 -2.245560138963611 -3.2
      vertex 0.14127866894095598 -2.245560138963611 -3.2
      vertex 0.14127866894095598 -2.245560138963611 -6
    endloop
  endfacet
  facet normal -0.12533323356430495 0.9921147013144777 0
    outer loop
      vertex 0.14127866894095598 -2.245560138963611 -3.2
      vertex 0.42160795781788085 -2.2101463141395494 -3.2
      vertex 0.42160795781788085 -2.2101463141395494 -6
    endloop
  endfacet
  facet normal -0.2486898871648558 0.9685831611286309 0
    outer loop
      vertex 0.42160795781788085 -2.2101463141395494 -3.2
      vertex 0.6952882373436317 -2.1398771616640953 -3.2
      vertex 0.6952882373436317 -2.1398771616640953 -6
    endloop
  endfacet
  facet normal -0.3681245526846769 0.9297764858882518 0
    outer loop
      vertex 0.6952882373436317 -2.1398771616640953 -3.2
      vertex 0.958003406021413 -2.035860868048544 -3.2
      vertex 0.958003406021413 -2.035860868048544 -6
    endloop
  endfacet
  facet normal -0.48175367410171505 0.8763066800438637 0
    outer loop
      vertex 0.958003406021413 -2.035860868048544 -3.2
      vertex 1.2056102887027416 -1.8997378323795344 -6
      vertex 0.958003406021413 -2.035860868048544 -6
    endloop
  endfacet
  facet normal -0.5877852522924729 0.8090169943749477 0
    outer loop
      vertex 1.2056102887027416 -1.8997378323795344 -3.2
      vertex 1.4342039769345525 -1.7336547962455253 -6
      vertex 1.2056102887027416 -1.8997378323795344 -6
    endloop
  endfacet
  facet normal -0.6845471059286892 0.728968627421411 0
    outer loop
      vertex 1.4342039769345525 -1.7336547962455253 -3.2
      vertex 1.6401794116981763 -1.540230988339549 -6
      vertex 1.4342039769345525 -1.7336547962455253 -6
    endloop
  endfacet
  facet normal -0.7705132427757891 0.63742398974869 0
    outer loop
      vertex 1.6401794116981763 -1.540230988339549 -3.2
      vertex 1.8202882373436318 -1.3225168176580646 -6
      vertex 1.6401794116981763 -1.540230988339549 -6
    endloop
  endfacet
  facet normal -0.8443279255020154 0.5358267949789962 0
    outer loop
      vertex 1.8202882373436318 -1.3225168176580646 -3.2
      vertex 1.9716900300986928 -1.0839457667288597 -6
      vertex 1.8202882373436318 -1.3225168176580646 -6
    endloop
  endfacet
  facet normal -0.48175367410171505 0.8763066800438637 0
    outer loop
      vertex 0.958003406021413 -2.035860868048544 -3.2
      vertex 1.2056102887027416 -1.8997378323795344 -3.2
      vertex 1.2056102887027416 -1.8997378323795344 -6
    endloop
  endfacet
  facet normal -0.5877852522924729 0.8090169943749477 0
    outer loop
      vertex 1.2056102887027416 -1.8997378323795344 -3.2
      vertex 1.4342039769345525 -1.7336547962455253 -3.2
      vertex 1.4342039769345525 -1.7336547962455253 -6
    endloop
  endfacet
  facet normal -0.6845471059286892 0.728968627421411 0
    outer loop
      vertex 1.4342039769345525 -1.7336547962455253 -3.2
      vertex 1.6401794116981763 -1.540230988339549 -3.2
      vertex 1.6401794116981763 -1.540230988339549 -6
    endloop
  endfacet
  facet normal -0.7705132427757891 0.63742398974869 0
    outer loop
      vertex 1.6401794116981763 -1.540230988339549 -3.2
      vertex 1.8202882373436318 -1.3225168176580646 -3.2
      vertex 1.8202882373436318 -1.3225168176580646 -6
    endloop
  endfacet
  facet normal -0.8443279255020154 0.5358267949789962 0
    outer loop
      vertex 1.8202882373436318 -1.3225168176580646 -3.2
      vertex 1.9716900300986928 -1.0839457667288597 -3.2
      vertex 1.9716900300986928 -1.0839457667288597 -6
    endloop
  endfacet
  facet normal -0.9048270524660191 0.4257792915650736 0
    outer loop
      vertex 1.9716900300986928 -1.0839457667288597 -3.2
      vertex 2.0919970932485654 -0.8282802435405263 -6
      vertex 1.9716900300986928 -1.0839457667288597 -6
    endloop
  endfacet
  facet normal -0.9510565162951535 0.3090169943749475 0
    outer loop
      vertex 2.0919970932485654 -0.8282802435405263 -3.2
      vertex 2.1793121125394204 -0.5595522461209225 -6
      vertex 2.0919970932485654 -0.8282802435405263 -6
    endloop
  endfacet
  facet normal -0.9822872507286887 0.18738131458572452 0
    outer loop
      vertex 2.1793121125394204 -0.5595522461209225 -3.2
      vertex 2.2322580779575754 -0.28199977551968414 -6
      vertex 2.1793121125394204 -0.5595522461209225 -6
    endloop
  endfacet
  facet normal -0.9980267284282716 0.06279051952931262 0
    outer loop
      vertex 2.2322580779575754 -0.28199977551968414 -3.2
      vertex 2.25 0 -6
      vertex 2.2322580779575754 -0.28199977551968414 -6
    endloop
  endfacet
  facet normal -0.9048270524660191 0.4257792915650736 0
    outer loop
      vertex 1.9716900300986928 -1.0839457667288597 -3.2
      vertex 2.0919970932485654 -0.8282802435405263 -3.2
      vertex 2.0919970932485654 -0.8282802435405263 -6
    endloop
  endfacet
  facet normal -0.9510565162951535 0.3090169943749475 0
    outer loop
      vertex 2.0919970932485654 -0.8282802435405263 -3.2
      vertex 2.1793121125394204 -0.5595522461209225 -3.2
      vertex 2.1793121125394204 -0.5595522461209225 -6
    endloop
  endfacet
  facet normal -0.9822872507286887 0.18738131458572452 0
    outer loop
      vertex 2.1793121125394204 -0.5595522461209225 -3.2
      vertex 2.2322580779575754 -0.28199977551968414 -3.2
      vertex 2.2322580779575754 -0.28199977551968414 -6
    endloop
  endfacet
  facet normal -0.9980267284282716 0.06279051952931262 0
    outer loop
      vertex 2.2322580779575754 -0.28199977551968414 -3.2
      vertex 2.25 0 -3.2
      vertex 2.25 0 -6
    endloop
  endfacet
  facet normal -0.4817536741017147 -0.8763066800438639 0
    outer loop
      vertex 1.2056102887027424 1.899737832379534 -3.2
      vertex 0.9580034060214137 2.0358608680485437 -6
      vertex 1.2056102887027424 1.899737832379534 -6
    endloop
  endfacet
  facet normal -0.5877852522924736 -0.8090169943749471 0
    outer loop
      vertex 1.434203976934552 1.7336547962455255 -3.2
      vertex 1.2056102887027424 1.899737832379534 -6
      vertex 1.434203976934552 1.7336547962455255 -6
    endloop
  endfacet
  facet normal -0.8443279255020153 -0.5358267949789964 0
    outer loop
      vertex 1.971690030098693 1.0839457667288595 -3.2
      vertex 1.8202882373436318 1.3225168176580646 -6
      vertex 1.971690030098693 1.0839457667288595 -6
    endloop
  endfacet
  facet normal -0.7705132427757893 -0.6374239897486896 0
    outer loop
      vertex 1.8202882373436318 1.3225168176580646 -3.2
      vertex 1.640179411698176 1.5402309883395495 -6
      vertex 1.8202882373436318 1.3225168176580646 -6
    endloop
  endfacet
  facet normal -0.6845471059286884 -0.7289686274214118 0
    outer loop
      vertex 1.640179411698176 1.5402309883395495 -3.2
      vertex 1.434203976934552 1.7336547962455255 -6
      vertex 1.640179411698176 1.5402309883395495 -6
    endloop
  endfacet
  facet normal -0.4817536741017147 -0.8763066800438639 0
    outer loop
      vertex 0.9580034060214137 2.0358608680485437 -3.2
      vertex 0.9580034060214137 2.0358608680485437 -6
      vertex 1.2056102887027424 1.899737832379534 -3.2
    endloop
  endfacet
  facet normal -0.5877852522924736 -0.8090169943749471 0
    outer loop
      vertex 1.2056102887027424 1.899737832379534 -3.2
      vertex 1.2056102887027424 1.899737832379534 -6
      vertex 1.434203976934552 1.7336547962455255 -3.2
    endloop
  endfacet
  facet normal -0.7705132427757893 -0.6374239897486896 0
    outer loop
      vertex 1.640179411698176 1.5402309883395495 -3.2
      vertex 1.640179411698176 1.5402309883395495 -6
      vertex 1.8202882373436318 1.3225168176580646 -3.2
    endloop
  endfacet
  facet normal -0.8443279255020153 -0.5358267949789964 0
    outer loop
      vertex 1.971690030098693 1.0839457667288595 -3.2
      vertex 1.8202882373436318 1.3225168176580646 -3.2
      vertex 1.8202882373436318 1.3225168176580646 -6
    endloop
  endfacet
  facet normal -0.6845471059286884 -0.7289686274214118 0
    outer loop
      vertex 1.434203976934552 1.7336547962455255 -3.2
      vertex 1.434203976934552 1.7336547962455255 -6
      vertex 1.640179411698176 1.5402309883395495 -3.2
    endloop
  endfacet
  facet normal 0 -1 0
    outer loop
      vertex 0.1412786689409542 2.245560138963611 -3.2
      vertex -0.14127866894095487 2.245560138963611 -6
      vertex 0.14127866894095423 2.245560138963611 -6
    endloop
  endfacet
  facet normal -0.12533323356430445 -0.9921147013144779 0
    outer loop
      vertex 0.4216079578178803 2.2101463141395494 -3.2
      vertex 0.14127866894095423 2.245560138963611 -6
      vertex 0.4216079578178803 2.2101463141395494 -6
    endloop
  endfacet
  facet normal -0.24868988716485532 -0.968583161128631 0
    outer loop
      vertex 0.6952882373436317 2.1398771616640953 -3.2
      vertex 0.4216079578178803 2.2101463141395494 -6
      vertex 0.6952882373436317 2.1398771616640953 -6
    endloop
  endfacet
  facet normal -0.3681245526846775 -0.9297764858882516 0
    outer loop
      vertex 0.9580034060214137 2.0358608680485437 -3.2
      vertex 0.6952882373436317 2.1398771616640953 -6
      vertex 0.9580034060214137 2.0358608680485437 -6
    endloop
  endfacet
  facet normal -0.12533323356430445 -0.9921147013144779 -1.2423914433376187e-18
    outer loop
      vertex 0.1412786689409542 2.245560138963611 -3.2
      vertex 0.14127866894095423 2.245560138963611 -6
      vertex 0.4216079578178803 2.2101463141395494 -3.2
    endloop
  endfacet
  facet normal -0.24868988716485532 -0.968583161128631 0
    outer loop
      vertex 0.4216079578178803 2.2101463141395494 -3.2
      vertex 0.4216079578178803 2.2101463141395494 -6
      vertex 0.6952882373436317 2.1398771616640953 -3.2
    endloop
  endfacet
  facet normal -0.3681245526846775 -0.9297764858882516 0
    outer loop
      vertex 0.6952882373436317 2.1398771616640953 -3.2
      vertex 0.6952882373436317 2.1398771616640953 -6
      vertex 0.9580034060214137 2.0358608680485437 -3.2
    endloop
  endfacet
  facet normal -0.9980267284282716 -0.06279051952931253 0
    outer loop
      vertex 2.25 0 -3.2
      vertex 2.2322580779575754 0.2819997755196846 -6
      vertex 2.25 0 -6
    endloop
  endfacet
  facet normal -0.9822872507286885 -0.18738131458572582 0
    outer loop
      vertex 2.2322580779575754 0.2819997755196846 -3.2
      vertex 2.17931211253942 0.5595522461209232 -6
      vertex 2.2322580779575754 0.2819997755196846 -6
    endloop
  endfacet
  facet normal -0.9510565162951534 -0.3090169943749478 0
    outer loop
      vertex 2.17931211253942 0.5595522461209232 -3.2
      vertex 2.0919970932485654 0.8282802435405254 -6
      vertex 2.17931211253942 0.5595522461209232 -6
    endloop
  endfacet
  facet normal -0.9048270524660199 -0.42577929156507194 0
    outer loop
      vertex 2.0919970932485654 0.8282802435405254 -3.2
      vertex 1.971690030098693 1.0839457667288595 -6
      vertex 2.0919970932485654 0.8282802435405254 -6
    endloop
  endfacet
  facet normal -0.9980267284282716 -0.06279051952931253 0
    outer loop
      vertex 2.25 0 -3.2
      vertex 2.2322580779575754 0.2819997755196846 -3.2
      vertex 2.2322580779575754 0.2819997755196846 -6
    endloop
  endfacet
  facet normal -0.9822872507286885 -0.18738131458572582 0
    outer loop
      vertex 2.17931211253942 0.5595522461209232 -3.2
      vertex 2.17931211253942 0.5595522461209232 -6
      vertex 2.2322580779575754 0.2819997755196846 -3.2
    endloop
  endfacet
  facet normal -0.9510565162951534 -0.3090169943749478 0
    outer loop
      vertex 2.17931211253942 0.5595522461209232 -3.2
      vertex 2.0919970932485654 0.8282802435405254 -3.2
      vertex 2.0919970932485654 0.8282802435405254 -6
    endloop
  endfacet
  facet normal -0.9048270524660199 -0.42577929156507194 0
    outer loop
      vertex 2.0919970932485654 0.8282802435405254 -3.2
      vertex 1.971690030098693 1.0839457667288595 -3.2
      vertex 1.971690030098693 1.0839457667288595 -6
    endloop
  endfacet
endsolid OpenSCAD_Model
