solid OpenSCAD_Model
  facet normal 0.7695556865203667 0.6366318303218893 -0.04983932147580131
    outer loop
      vertex -5.048107744893276 -4.7404887085561676 -2
      vertex -5.157453039006487 -4.843170774445471 -5
      vertex -5.723795235202753 -4.158580659969248 -5
    endloop
  endfacet
  facet normal 0.6836963841928093 0.7280627007864846 -0.04983932147580132
    outer loop
      vertex -5.048107744893276 -4.7404887085561676 -2
      vertex -4.50977472747198 -5.45138119263871 -5
      vertex -5.157453039006487 -4.843170774445471 -5
    endloop
  endfacet
  facet normal 0.6836963841928086 0.7280627007864852 -0.04983932147580158
    outer loop
      vertex -4.414161129009676 -5.335804206222341 -2
      vertex -4.50977472747198 -5.45138119263871 -5
      vertex -5.048107744893276 -4.7404887085561676 -2
    endloop
  endfacet
  facet normal 0.981066512071209 0.18714844623256735 -0.04983932147580164
    outer loop
      vertex -6.70743839081577 -1.7221774686166198 -2
      vertex -6.852725864985065 -1.759480951691348 -5
      vertex -7.019211511799931 -0.8867326274674513 -5
    endloop
  endfacet
  facet normal 0.996786429516027 0.06271248653595463 -0.04983932147580127
    outer loop
      vertex -6.870394306602759 -0.8679326424328057 -2
      vertex -7.019211511799931 -0.8867326274674513 -5
      vertex -7.075 0 -5
    endloop
  endfacet
  facet normal 0.843278635961216 0.5351608955876938 -0.049839321475801425
    outer loop
      vertex -5.602442686046511 -4.0704128721253765 -2
      vertex -5.723795235202753 -4.158580659969248 -5
      vertex -6.199869761310334 -3.4084072442696365 -5
    endloop
  endfacet
  facet normal 0.9037025775627165 0.425250153840459 -0.04983932147580161
    outer loop
      vertex -6.068423759303754 -3.3361441931543787 -2
      vertex -6.199869761310334 -3.4084072442696365 -5
      vertex -6.578168637659379 -2.6044812102440957 -5
    endloop
  endfacet
  facet normal 0.9498745896703008 0.30863296313503064 -0.04983932147580142
    outer loop
      vertex -6.438702164776141 -2.5492625273413942 -2
      vertex -6.578168637659379 -2.6044812102440957 -5
      vertex -6.852725864985065 -1.759480951691348 -5
    endloop
  endfacet
  facet normal 0.9810665120712087 0.1871484462325686 -0.04983932147580128
    outer loop
      vertex -6.70743839081577 -1.7221774686166198 -2
      vertex -7.019211511799931 -0.8867326274674513 -5
      vertex -6.870394306602759 -0.8679326424328057 -2
    endloop
  endfacet
  facet normal 0.996786429516027 0.06271248653595397 -0.04983932147580147
    outer loop
      vertex -6.870394306602759 -0.8679326424328057 -2
      vertex -7.075 0 -5
      vertex -6.925 0 -2
    endloop
  endfacet
  facet normal 0.8432786359612164 0.5351608955876933 -0.04983932147580161
    outer loop
      vertex -5.602442686046511 -4.0704128721253765 -2
      vertex -6.199869761310334 -3.4084072442696365 -5
      vertex -6.068423759303754 -3.3361441931543787 -2
    endloop
  endfacet
  facet normal 0.9037025775627162 0.4252501538404596 -0.0498393214758014
    outer loop
      vertex -6.438702164776141 -2.5492625273413942 -2
      vertex -6.068423759303754 -3.3361441931543787 -2
      vertex -6.578168637659379 -2.6044812102440957 -5
    endloop
  endfacet
  facet normal 0.769555686520367 0.636631830321889 -0.04983932147580144
    outer loop
      vertex -5.602442686046511 -4.0704128721253765 -2
      vertex -5.048107744893276 -4.7404887085561676 -2
      vertex -5.723795235202753 -4.158580659969248 -5
    endloop
  endfacet
  facet normal 0.9498745896703011 0.3086329631350299 -0.04983932147580164
    outer loop
      vertex -6.438702164776141 -2.5492625273413942 -2
      vertex -6.852725864985065 -1.759480951691348 -5
      vertex -6.70743839081577 -1.7221774686166198 -2
    endloop
  endfacet
  facet normal 0.4811549741461549 0.8752176488675517 -0.04983932147580148
    outer loop
      vertex -3.7106005552295525 -5.846970884101453 -2
      vertex -3.0123884878228875 -6.401651396197089 -5
      vertex -3.7909745744764023 -5.973620072926756 -5
    endloop
  endfacet
  facet normal 0.5870547814661049 0.8080115875361045 -0.04983932147580158
    outer loop
      vertex -4.414161129009676 -5.335804206222341 -2
      vertex -3.7909745744764023 -5.973620072926756 -5
      vertex -4.50977472747198 -5.45138119263871 -5
    endloop
  endfacet
  facet normal 0.36766706545586936 0.9286210050466774 -0.049839321475801446
    outer loop
      vertex -2.9485215940881266 -6.265927338327185 -2
      vertex -2.1862952352027527 -6.728724852788211 -5
      vertex -3.0123884878228875 -6.401651396197089 -5
    endloop
  endfacet
  facet normal 0.24838082750968676 0.9673794532449171 -0.049839321475801446
    outer loop
      vertex -2.1399426860465107 -6.586066375343938 -2
      vertex -1.3257228006940032 -6.949682298905472 -5
      vertex -2.1862952352027527 -6.728724852788211 -5
    endloop
  endfacet
  facet normal 0.12517747553816164 0.9908817495810107 -0.04983932147580159
    outer loop
      vertex -1.2976156035061444 -6.802339211296168 -2
      vertex -0.4442429256698949 -7.061039103630021 -5
      vertex -1.3257228006940032 -6.949682298905472 -5
    endloop
  endfacet
  facet normal 0.587054781466105 0.8080115875361041 -0.04983932147580148
    outer loop
      vertex -4.414161129009676 -5.335804206222341 -2
      vertex -3.7106005552295525 -5.846970884101453 -2
      vertex -3.7909745744764023 -5.973620072926756 -5
    endloop
  endfacet
  facet normal 0.481154974146155 0.8752176488675516 -0.04983932147580147
    outer loop
      vertex -3.7106005552295525 -5.846970884101453 -2
      vertex -2.9485215940881266 -6.265927338327185 -2
      vertex -3.0123884878228875 -6.401651396197089 -5
    endloop
  endfacet
  facet normal 0.36766706545586936 0.9286210050466774 -0.04983932147580146
    outer loop
      vertex -2.9485215940881266 -6.265927338327185 -2
      vertex -2.1399426860465107 -6.586066375343938 -2
      vertex -2.1862952352027527 -6.728724852788211 -5
    endloop
  endfacet
  facet normal 0.24838082750968637 0.9673794532449173 -0.04983932147580159
    outer loop
      vertex -2.1399426860465107 -6.586066375343938 -2
      vertex -1.2976156035061444 -6.802339211296168 -2
      vertex -1.3257228006940032 -6.949682298905472 -5
    endloop
  endfacet
  facet normal 0.12517747553816244 0.9908817495810106 -0.049839321475801356
    outer loop
      vertex -1.2976156035061444 -6.802339211296168 -2
      vertex -0.4348243477404978 -6.91133509436578 -2
      vertex -0.4442429256698949 -7.061039103630021 -5
    endloop
  endfacet
  facet normal 0 0.9987572488021461 -0.04983932147580136
    outer loop
      vertex -0.4348243477404978 -6.91133509436578 -2
      vertex 0.4348243477404978 -6.91133509436578 -2
      vertex -0.4442429256698949 -7.061039103630021 -5
    endloop
  endfacet
  facet normal 0 0 -1
    outer loop
      vertex -6.70743839081577 -1.7221774686166198 -2
      vertex -6.870394306602759 -0.8679326424328057 -2
      vertex -6.870394306602759 0.8679326424328057 -2
    endloop
  endfacet
  facet normal 0 0 -1
    outer loop
      vertex -5.602442686046511 -4.0704128721253765 -2
      vertex -6.068423759303754 -3.3361441931543787 -2
      vertex -6.068423759303754 3.3361441931543787 -2
    endloop
  endfacet
  facet normal 0 0 -1
    outer loop
      vertex -6.438702164776141 -2.5492625273413942 -2
      vertex -6.70743839081577 -1.7221774686166198 -2
      vertex -6.70743839081577 1.7221774686166198 -2
    endloop
  endfacet
  facet normal 0 0 -1
    outer loop
      vertex -6.438702164776141 -2.5492625273413942 -2
      vertex -6.438702164776141 2.5492625273413942 -2
      vertex -6.068423759303754 -3.3361441931543787 -2
    endloop
  endfacet
  facet normal 0 0 -1
    outer loop
      vertex -5.602442686046511 -4.0704128721253765 -2
      vertex -5.602442686046511 4.0704128721253765 -2
      vertex -5.048107744893276 -4.7404887085561676 -2
    endloop
  endfacet
  facet normal 0 0 -1
    outer loop
      vertex -4.414161129009676 -5.335804206222341 -2
      vertex -5.048107744893276 -4.7404887085561676 -2
      vertex -5.048107744893276 4.7404887085561676 -2
    endloop
  endfacet
  facet normal 0 0 -1
    outer loop
      vertex -4.414161129009676 -5.335804206222341 -2
      vertex -4.414161129009676 5.335804206222341 -2
      vertex -3.7106005552295525 -5.846970884101453 -2
    endloop
  endfacet
  facet normal 0 0 -1
    outer loop
      vertex -3.7106005552295525 -5.846970884101453 -2
      vertex -3.7106005552295525 5.846970884101453 -2
      vertex -2.9485215940881266 -6.265927338327185 -2
    endloop
  endfacet
  facet normal 0 0 -1
    outer loop
      vertex -2.9485215940881266 -6.265927338327185 -2
      vertex -2.9485215940881284 6.2659273383271845 -2
      vertex -2.1399426860465107 -6.586066375343938 -2
    endloop
  endfacet
  facet normal 0 0 -1
    outer loop
      vertex -2.1399426860465107 -6.586066375343938 -2
      vertex -2.1399426860465107 6.586066375343938 -2
      vertex -1.2976156035061444 -6.802339211296168 -2
    endloop
  endfacet
  facet normal 0 0 -1
    outer loop
      vertex -1.2976156035061444 -6.802339211296168 -2
      vertex -1.2976156035061426 6.802339211296169 -2
      vertex -0.4348243477404978 -6.91133509436578 -2
    endloop
  endfacet
  facet normal 0 0 -1
    outer loop
      vertex -0.4348243477404978 -6.91133509436578 -2
      vertex -0.43482434774049444 6.91133509436578 -2
      vertex 0.4348243477404978 -6.91133509436578 -2
    endloop
  endfacet
  facet normal 0.996786429516027 -0.06271248653595463 -0.04983932147580127
    outer loop
      vertex -6.870394306602759 0.8679326424328057 -2
      vertex -7.075 0 -5
      vertex -7.019211511799931 0.8867326274674513 -5
    endloop
  endfacet
  facet normal 0.981066512071209 -0.18714844623256735 -0.04983932147580164
    outer loop
      vertex -6.70743839081577 1.7221774686166198 -2
      vertex -7.019211511799931 0.8867326274674513 -5
      vertex -6.852725864985065 1.759480951691348 -5
    endloop
  endfacet
  facet normal 0.9498745896703008 -0.30863296313503064 -0.04983932147580142
    outer loop
      vertex -6.438702164776141 2.5492625273413942 -2
      vertex -6.852725864985065 1.759480951691348 -5
      vertex -6.578168637659379 2.6044812102440957 -5
    endloop
  endfacet
  facet normal 0.9037025775627165 -0.425250153840459 -0.04983932147580161
    outer loop
      vertex -6.068423759303754 3.3361441931543787 -2
      vertex -6.578168637659379 2.6044812102440957 -5
      vertex -6.199869761310334 3.4084072442696365 -5
    endloop
  endfacet
  facet normal 0.843278635961216 -0.5351608955876938 -0.049839321475801425
    outer loop
      vertex -5.602442686046511 4.0704128721253765 -2
      vertex -6.199869761310334 3.4084072442696365 -5
      vertex -5.723795235202753 4.158580659969248 -5
    endloop
  endfacet
  facet normal 0.996786429516027 -0.06271248653595397 -0.04983932147580147
    outer loop
      vertex -6.925 0 -2
      vertex -7.075 0 -5
      vertex -6.870394306602759 0.8679326424328057 -2
    endloop
  endfacet
  facet normal 0.9810665120712087 -0.1871484462325686 -0.04983932147580128
    outer loop
      vertex -6.870394306602759 0.8679326424328057 -2
      vertex -7.019211511799931 0.8867326274674513 -5
      vertex -6.70743839081577 1.7221774686166198 -2
    endloop
  endfacet
  facet normal 0.9498745896703011 -0.3086329631350299 -0.04983932147580164
    outer loop
      vertex -6.70743839081577 1.7221774686166198 -2
      vertex -6.852725864985065 1.759480951691348 -5
      vertex -6.438702164776141 2.5492625273413942 -2
    endloop
  endfacet
  facet normal 0.9037025775627162 -0.4252501538404596 -0.0498393214758014
    outer loop
      vertex -6.438702164776141 2.5492625273413942 -2
      vertex -6.578168637659379 2.6044812102440957 -5
      vertex -6.068423759303754 3.3361441931543787 -2
    endloop
  endfacet
  facet normal 0.8432786359612164 -0.5351608955876933 -0.04983932147580162
    outer loop
      vertex -6.068423759303754 3.3361441931543787 -2
      vertex -6.199869761310334 3.4084072442696365 -5
      vertex -5.602442686046511 4.0704128721253765 -2
    endloop
  endfacet
  facet normal 0.769555686520367 -0.636631830321889 -0.04983932147580144
    outer loop
      vertex -5.602442686046511 4.0704128721253765 -2
      vertex -5.723795235202753 4.158580659969248 -5
      vertex -5.048107744893276 4.7404887085561676 -2
    endloop
  endfacet
  facet normal 0.7695556865203667 -0.6366318303218893 -0.04983932147580131
    outer loop
      vertex -5.048107744893276 4.7404887085561676 -2
      vertex -5.723795235202753 4.158580659969248 -5
      vertex -5.157453039006487 4.843170774445471 -5
    endloop
  endfacet
  facet normal 0.6836963841928093 -0.7280627007864846 -0.04983932147580132
    outer loop
      vertex -5.048107744893276 4.7404887085561676 -2
      vertex -5.157453039006487 4.843170774445471 -5
      vertex -4.50977472747198 5.45138119263871 -5
    endloop
  endfacet
  facet normal 0.6836963841928086 -0.7280627007864852 -0.04983932147580158
    outer loop
      vertex -5.048107744893276 4.7404887085561676 -2
      vertex -4.50977472747198 5.45138119263871 -5
      vertex -4.414161129009676 5.335804206222341 -2
    endloop
  endfacet
  facet normal 0.5870547814661049 -0.8080115875361045 -0.04983932147580158
    outer loop
      vertex -4.414161129009676 5.335804206222341 -2
      vertex -4.50977472747198 5.45138119263871 -5
      vertex -3.7909745744764023 5.973620072926756 -5
    endloop
  endfacet
  facet normal 0.48115497414615516 -0.8752176488675515 -0.04983932147580149
    outer loop
      vertex -3.7106005552295525 5.846970884101453 -2
      vertex -3.7909745744764023 5.973620072926756 -5
      vertex -3.0123884878228897 6.401651396197088 -5
    endloop
  endfacet
  facet normal 0.36766706545586936 -0.9286210050466774 -0.0498393214758015
    outer loop
      vertex -2.9485215940881284 6.2659273383271845 -2
      vertex -3.0123884878228897 6.401651396197088 -5
      vertex -2.1862952352027527 6.728724852788211 -5
    endloop
  endfacet
  facet normal 0.2483808275096872 -0.967379453244917 -0.04983932147580145
    outer loop
      vertex -2.1399426860465107 6.586066375343938 -2
      vertex -2.1862952352027527 6.728724852788211 -5
      vertex -1.3257228006940014 6.949682298905473 -5
    endloop
  endfacet
  facet normal 0.1251774755381604 -0.9908817495810107 -0.0498393214758016
    outer loop
      vertex -1.2976156035061426 6.802339211296169 -2
      vertex -1.3257228006940014 6.949682298905473 -5
      vertex -0.44424292566989143 7.061039103630021 -5
    endloop
  endfacet
  facet normal 0 -0.998757248802146 -0.049839321475801356
    outer loop
      vertex -0.43482434774049444 6.91133509436578 -2
      vertex -0.44424292566989143 7.061039103630021 -5
      vertex 0.44424292566989093 7.061039103630021 -5
    endloop
  endfacet
  facet normal 0.587054781466105 -0.8080115875361041 -0.04983932147580148
    outer loop
      vertex -4.414161129009676 5.335804206222341 -2
      vertex -3.7909745744764023 5.973620072926756 -5
      vertex -3.7106005552295525 5.846970884101453 -2
    endloop
  endfacet
  facet normal 0.481154974146155 -0.8752176488675515 -0.04983932147580151
    outer loop
      vertex -3.7106005552295525 5.846970884101453 -2
      vertex -3.0123884878228897 6.401651396197088 -5
      vertex -2.9485215940881284 6.2659273383271845 -2
    endloop
  endfacet
  facet normal 0.3676670654558695 -0.9286210050466772 -0.04983932147580143
    outer loop
      vertex -2.9485215940881284 6.2659273383271845 -2
      vertex -2.1862952352027527 6.728724852788211 -5
      vertex -2.1399426860465107 6.586066375343938 -2
    endloop
  endfacet
  facet normal 0.24838082750968685 -0.9673794532449173 -0.0498393214758016
    outer loop
      vertex -2.1399426860465107 6.586066375343938 -2
      vertex -1.3257228006940014 6.949682298905473 -5
      vertex -1.2976156035061426 6.802339211296169 -2
    endloop
  endfacet
  facet normal 0.1251774755381612 -0.9908817495810106 -0.049839321475801356
    outer loop
      vertex -1.2976156035061426 6.802339211296169 -2
      vertex -0.44424292566989143 7.061039103630021 -5
      vertex -0.43482434774049444 6.91133509436578 -2
    endloop
  endfacet
  facet normal 0 0 -1
    outer loop
      vertex -6.870394306602759 -0.8679326424328057 -2
      vertex -6.925 0 -2
      vertex -6.870394306602759 0.8679326424328057 -2
    endloop
  endfacet
  facet normal 0 0 -1
    outer loop
      vertex -6.70743839081577 -1.7221774686166198 -2
      vertex -6.870394306602759 0.8679326424328057 -2
      vertex -6.70743839081577 1.7221774686166198 -2
    endloop
  endfacet
  facet normal 0 0 -1
    outer loop
      vertex -6.438702164776141 -2.5492625273413942 -2
      vertex -6.70743839081577 1.7221774686166198 -2
      vertex -6.438702164776141 2.5492625273413942 -2
    endloop
  endfacet
  facet normal 0 0 -1
    outer loop
      vertex -6.068423759303754 -3.3361441931543787 -2
      vertex -6.438702164776141 2.5492625273413942 -2
      vertex -6.068423759303754 3.3361441931543787 -2
    endloop
  endfacet
  facet normal 0 0 -1
    outer loop
      vertex -5.602442686046511 -4.0704128721253765 -2
      vertex -6.068423759303754 3.3361441931543787 -2
      vertex -5.602442686046511 4.0704128721253765 -2
    endloop
  endfacet
  facet normal 0 0 -1
    outer loop
      vertex -5.048107744893276 -4.7404887085561676 -2
      vertex -5.602442686046511 4.0704128721253765 -2
      vertex -5.048107744893276 4.7404887085561676 -2
    endloop
  endfacet
  facet normal 0 0 -1
    outer loop
      vertex -4.414161129009676 -5.335804206222341 -2
      vertex -5.048107744893276 4.7404887085561676 -2
      vertex -4.414161129009676 5.335804206222341 -2
    endloop
  endfacet
  facet normal 0 0 -1
    outer loop
      vertex -3.7106005552295525 -5.846970884101453 -2
      vertex -4.414161129009676 5.335804206222341 -2
      vertex -3.7106005552295525 5.846970884101453 -2
    endloop
  endfacet
  facet normal 0 0 -1
    outer loop
      vertex -2.9485215940881266 -6.265927338327185 -2
      vertex -3.7106005552295525 5.846970884101453 -2
      vertex -2.9485215940881284 6.2659273383271845 -2
    endloop
  endfacet
  facet normal 0 0 -1
    outer loop
      vertex -2.1399426860465107 -6.586066375343938 -2
      vertex -2.9485215940881284 6.2659273383271845 -2
      vertex -2.1399426860465107 6.586066375343938 -2
    endloop
  endfacet
  facet normal 0 0 -1
    outer loop
      vertex -1.2976156035061444 -6.802339211296168 -2
      vertex -2.1399426860465107 6.586066375343938 -2
      vertex -1.2976156035061426 6.802339211296169 -2
    endloop
  endfacet
  facet normal 0 0 -1
    outer loop
      vertex -0.4348243477404978 -6.91133509436578 -2
      vertex -1.2976156035061426 6.802339211296169 -2
      vertex -0.43482434774049444 6.91133509436578 -2
    endloop
  endfacet
  facet normal 0 0.998757248802146 -0.049839321475801356
    outer loop
      vertex 0.4348243477404978 -6.91133509436578 -2
      vertex 0.4442429256698949 -7.061039103630021 -5
      vertex -0.4442429256698949 -7.061039103630021 -5
    endloop
  endfacet
  facet normal -0.12517747553816164 0.9908817495810107 -0.04983932147580159
    outer loop
      vertex 1.2976156035061444 -6.802339211296168 -2
      vertex 1.3257228006940032 -6.949682298905472 -5
      vertex 0.4442429256698949 -7.061039103630021 -5
    endloop
  endfacet
  facet normal -0.24838082750968676 0.9673794532449171 -0.049839321475801446
    outer loop
      vertex 2.1399426860465107 -6.586066375343938 -2
      vertex 2.1862952352027527 -6.728724852788211 -5
      vertex 1.3257228006940032 -6.949682298905472 -5
    endloop
  endfacet
  facet normal -0.36766706545586936 0.9286210050466774 -0.049839321475801446
    outer loop
      vertex 2.9485215940881266 -6.265927338327185 -2
      vertex 3.0123884878228875 -6.401651396197089 -5
      vertex 2.1862952352027527 -6.728724852788211 -5
    endloop
  endfacet
  facet normal -0.48115497414615443 0.8752176488675518 -0.04983932147580149
    outer loop
      vertex 3.7106005552295485 -5.846970884101456 -2
      vertex 3.7909745744763983 -5.973620072926758 -5
      vertex 3.0123884878228875 -6.401651396197089 -5
    endloop
  endfacet
  facet normal -0.5870547814661057 0.8080115875361038 -0.04983932147580134
    outer loop
      vertex 4.414161129009678 -5.335804206222339 -2
      vertex 4.5097747274719815 -5.451381192638707 -5
      vertex 3.7909745744763983 -5.973620072926758 -5
    endloop
  endfacet
  facet normal -0.12517747553816244 0.9908817495810106 -0.04983932147580136
    outer loop
      vertex 0.4348243477404978 -6.91133509436578 -2
      vertex 1.2976156035061444 -6.802339211296168 -2
      vertex 0.4442429256698949 -7.061039103630021 -5
    endloop
  endfacet
  facet normal -0.24838082750968637 0.9673794532449173 -0.049839321475801605
    outer loop
      vertex 1.2976156035061444 -6.802339211296168 -2
      vertex 2.1399426860465107 -6.586066375343938 -2
      vertex 1.3257228006940032 -6.949682298905472 -5
    endloop
  endfacet
  facet normal -0.36766706545586936 0.9286210050466774 -0.049839321475801446
    outer loop
      vertex 2.1399426860465107 -6.586066375343938 -2
      vertex 2.9485215940881266 -6.265927338327185 -2
      vertex 2.1862952352027527 -6.728724852788211 -5
    endloop
  endfacet
  facet normal -0.48115497414615455 0.8752176488675517 -0.04983932147580144
    outer loop
      vertex 2.9485215940881266 -6.265927338327185 -2
      vertex 3.7106005552295485 -5.846970884101456 -2
      vertex 3.0123884878228875 -6.401651396197089 -5
    endloop
  endfacet
  facet normal -0.5870547814661052 0.808011587536104 -0.04983932147580149
    outer loop
      vertex 3.7106005552295485 -5.846970884101456 -2
      vertex 4.414161129009678 -5.335804206222339 -2
      vertex 3.7909745744763983 -5.973620072926758 -5
    endloop
  endfacet
  facet normal -0.6836963841928088 0.728062700786485 -0.04983932147580132
    outer loop
      vertex 5.048107744893276 -4.7404887085561676 -2
      vertex 5.157453039006487 -4.843170774445471 -5
      vertex 4.5097747274719815 -5.451381192638707 -5
    endloop
  endfacet
  facet normal -0.7695556865203667 0.6366318303218893 -0.04983932147580131
    outer loop
      vertex 5.048107744893276 -4.7404887085561676 -2
      vertex 5.723795235202753 -4.158580659969248 -5
      vertex 5.157453039006487 -4.843170774445471 -5
    endloop
  endfacet
  facet normal -0.6836963841928086 0.7280627007864852 -0.04983932147580136
    outer loop
      vertex 4.414161129009678 -5.335804206222339 -2
      vertex 5.048107744893276 -4.7404887085561676 -2
      vertex 4.5097747274719815 -5.451381192638707 -5
    endloop
  endfacet
  facet normal -0.843278635961216 0.5351608955876938 -0.049839321475801425
    outer loop
      vertex 5.602442686046511 -4.0704128721253765 -2
      vertex 6.199869761310334 -3.4084072442696365 -5
      vertex 5.723795235202753 -4.158580659969248 -5
    endloop
  endfacet
  facet normal -0.9037025775627167 0.42525015384045894 -0.04983932147580162
    outer loop
      vertex 6.068423759303754 -3.3361441931543787 -2
      vertex 6.5781686376593775 -2.6044812102440993 -5
      vertex 6.199869761310334 -3.4084072442696365 -5
    endloop
  endfacet
  facet normal -0.9498745896703007 0.3086329631350312 -0.049839321475801425
    outer loop
      vertex 6.4387021647761395 -2.549262527341398 -2
      vertex 6.852725864985066 -1.7594809516913452 -5
      vertex 6.5781686376593775 -2.6044812102440993 -5
    endloop
  endfacet
  facet normal -0.9810665120712091 0.18714844623256702 -0.04983932147580165
    outer loop
      vertex 6.707438390815771 -1.722177468616617 -2
      vertex 7.019211511799931 -0.8867326274674513 -5
      vertex 6.852725864985066 -1.7594809516913452 -5
    endloop
  endfacet
  facet normal -0.996786429516027 0.06271248653595463 -0.04983932147580127
    outer loop
      vertex 6.870394306602759 -0.8679326424328057 -2
      vertex 7.075 0 -5
      vertex 7.019211511799931 -0.8867326274674513 -5
    endloop
  endfacet
  facet normal -0.769555686520367 0.636631830321889 -0.04983932147580144
    outer loop
      vertex 5.048107744893276 -4.7404887085561676 -2
      vertex 5.602442686046511 -4.0704128721253765 -2
      vertex 5.723795235202753 -4.158580659969248 -5
    endloop
  endfacet
  facet normal -0.8432786359612164 0.5351608955876933 -0.04983932147580161
    outer loop
      vertex 5.602442686046511 -4.0704128721253765 -2
      vertex 6.068423759303754 -3.3361441931543787 -2
      vertex 6.199869761310334 -3.4084072442696365 -5
    endloop
  endfacet
  facet normal -0.9037025775627162 0.42525015384045955 -0.04983932147580141
    outer loop
      vertex 6.068423759303754 -3.3361441931543787 -2
      vertex 6.4387021647761395 -2.549262527341398 -2
      vertex 6.5781686376593775 -2.6044812102440993 -5
    endloop
  endfacet
  facet normal -0.949874589670301 0.3086329631350305 -0.04983932147580165
    outer loop
      vertex 6.4387021647761395 -2.549262527341398 -2
      vertex 6.707438390815771 -1.722177468616617 -2
      vertex 6.852725864985066 -1.7594809516913452 -5
    endloop
  endfacet
  facet normal -0.9810665120712088 0.1871484462325682 -0.04983932147580128
    outer loop
      vertex 6.707438390815771 -1.722177468616617 -2
      vertex 6.870394306602759 -0.8679326424328057 -2
      vertex 7.019211511799931 -0.8867326274674513 -5
    endloop
  endfacet
  facet normal -0.996786429516027 0.06271248653595397 -0.04983932147580147
    outer loop
      vertex 6.870394306602759 -0.8679326424328057 -2
      vertex 6.925 0 -2
      vertex 7.075 0 -5
    endloop
  endfacet
  facet normal 0 0 -1
    outer loop
      vertex 0.4348243477404978 -6.91133509436578 -2
      vertex 0.43482434774049444 6.91133509436578 -2
      vertex 1.2976156035061444 -6.802339211296168 -2
    endloop
  endfacet
  facet normal 0 0 -1
    outer loop
      vertex 1.2976156035061444 -6.802339211296168 -2
      vertex 1.2976156035061426 6.802339211296169 -2
      vertex 2.1399426860465107 -6.586066375343938 -2
    endloop
  endfacet
  facet normal 0 0 -1
    outer loop
      vertex 2.1399426860465107 -6.586066375343938 -2
      vertex 2.1399426860465107 6.586066375343938 -2
      vertex 2.9485215940881266 -6.265927338327185 -2
    endloop
  endfacet
  facet normal 0 0 -1
    outer loop
      vertex 2.9485215940881266 -6.265927338327185 -2
      vertex 2.9485215940881284 6.2659273383271845 -2
      vertex 3.7106005552295485 -5.846970884101456 -2
    endloop
  endfacet
  facet normal 0 0 -1
    outer loop
      vertex 3.7106005552295485 -5.846970884101456 -2
      vertex 3.7106005552295516 5.846970884101454 -2
      vertex 4.414161129009678 -5.335804206222339 -2
    endloop
  endfacet
  facet normal 0 0 -1
    outer loop
      vertex 4.414161129009678 -5.335804206222339 -2
      vertex 4.414161129009677 5.33580420622234 -2
      vertex 5.048107744893276 -4.7404887085561676 -2
    endloop
  endfacet
  facet normal 0 0 -1
    outer loop
      vertex 5.048107744893276 -4.7404887085561676 -2
      vertex 5.048107744893275 4.740488708556169 -2
      vertex 5.602442686046511 -4.0704128721253765 -2
    endloop
  endfacet
  facet normal 0 0 -1
    outer loop
      vertex 5.602442686046511 -4.0704128721253765 -2
      vertex 5.602442686046511 4.0704128721253765 -2
      vertex 6.068423759303754 -3.3361441931543787 -2
    endloop
  endfacet
  facet normal 0 0 -1
    outer loop
      vertex 6.068423759303754 -3.3361441931543787 -2
      vertex 6.068423759303755 3.3361441931543787 -2
      vertex 6.4387021647761395 -2.549262527341398 -2
    endloop
  endfacet
  facet normal 0 0 -1
    outer loop
      vertex 6.4387021647761395 -2.549262527341398 -2
      vertex 6.43870216477614 2.5492625273413947 -2
      vertex 6.707438390815771 -1.722177468616617 -2
    endloop
  endfacet
  facet normal 0 0 -1
    outer loop
      vertex 6.707438390815771 -1.722177468616617 -2
      vertex 6.70743839081577 1.7221774686166194 -2
      vertex 6.870394306602759 -0.8679326424328057 -2
    endloop
  endfacet
  facet normal -0.12517747553816033 -0.9908817495810108 -0.049839321475801605
    outer loop
      vertex 1.2976156035061426 6.802339211296169 -2
      vertex 0.44424292566989093 7.061039103630021 -5
      vertex 1.3257228006940014 6.949682298905473 -5
    endloop
  endfacet
  facet normal -0.2483808275096872 -0.967379453244917 -0.04983932147580145
    outer loop
      vertex 2.1399426860465107 6.586066375343938 -2
      vertex 1.3257228006940014 6.949682298905473 -5
      vertex 2.1862952352027527 6.728724852788211 -5
    endloop
  endfacet
  facet normal -0.36766706545586936 -0.9286210050466774 -0.0498393214758015
    outer loop
      vertex 2.9485215940881284 6.2659273383271845 -2
      vertex 2.1862952352027527 6.728724852788211 -5
      vertex 3.0123884878228897 6.401651396197088 -5
    endloop
  endfacet
  facet normal -0.5870547814661063 -0.8080115875361032 -0.04983932147580117
    outer loop
      vertex 4.414161129009677 5.33580420622234 -2
      vertex 3.7909745744764014 5.973620072926757 -5
      vertex 4.50977472747198 5.451381192638708 -5
    endloop
  endfacet
  facet normal -0.48115497414615477 -0.8752176488675517 -0.04983932147580148
    outer loop
      vertex 3.7106005552295516 5.846970884101454 -2
      vertex 3.0123884878228897 6.401651396197088 -5
      vertex 3.7909745744764014 5.973620072926757 -5
    endloop
  endfacet
  facet normal 0 -0.9987572488021459 -0.04983932147580136
    outer loop
      vertex -0.43482434774049444 6.91133509436578 -2
      vertex 0.44424292566989093 7.061039103630021 -5
      vertex 0.43482434774049444 6.91133509436578 -2
    endloop
  endfacet
  facet normal -0.1251774755381612 -0.9908817495810106 -0.04983932147580134
    outer loop
      vertex 0.43482434774049444 6.91133509436578 -2
      vertex 0.44424292566989093 7.061039103630021 -5
      vertex 1.2976156035061426 6.802339211296169 -2
    endloop
  endfacet
  facet normal -0.24838082750968685 -0.9673794532449173 -0.0498393214758016
    outer loop
      vertex 1.2976156035061426 6.802339211296169 -2
      vertex 1.3257228006940014 6.949682298905473 -5
      vertex 2.1399426860465107 6.586066375343938 -2
    endloop
  endfacet
  facet normal -0.3676670654558695 -0.9286210050466772 -0.049839321475801446
    outer loop
      vertex 2.1399426860465107 6.586066375343938 -2
      vertex 2.1862952352027527 6.728724852788211 -5
      vertex 2.9485215940881284 6.2659273383271845 -2
    endloop
  endfacet
  facet normal -0.48115497414615466 -0.8752176488675516 -0.049839321475801515
    outer loop
      vertex 2.9485215940881284 6.2659273383271845 -2
      vertex 3.0123884878228897 6.401651396197088 -5
      vertex 3.7106005552295516 5.846970884101454 -2
    endloop
  endfacet
  facet normal -0.5870547814661053 -0.8080115875361038 -0.04983932147580149
    outer loop
      vertex 3.7106005552295516 5.846970884101454 -2
      vertex 3.7909745744764014 5.973620072926757 -5
      vertex 4.414161129009677 5.33580420622234 -2
    endloop
  endfacet
  facet normal -0.9498745896703008 -0.30863296313503114 -0.04983932147580147
    outer loop
      vertex 6.43870216477614 2.5492625273413947 -2
      vertex 6.578168637659378 2.6044812102440966 -5
      vertex 6.852725864985065 1.7594809516913477 -5
    endloop
  endfacet
  facet normal -0.903702577562717 -0.42525015384045795 -0.04983932147580155
    outer loop
      vertex 6.068423759303755 3.3361441931543787 -2
      vertex 6.199869761310335 3.408407244269636 -5
      vertex 6.578168637659378 2.6044812102440966 -5
    endloop
  endfacet
  facet normal -0.8432786359612158 -0.5351608955876943 -0.04983932147580144
    outer loop
      vertex 5.602442686046511 4.0704128721253765 -2
      vertex 5.723795235202753 4.158580659969248 -5
      vertex 6.199869761310335 3.408407244269636 -5
    endloop
  endfacet
  facet normal -0.996786429516027 -0.06271248653595453 -0.04983932147580147
    outer loop
      vertex 6.925 0 -2
      vertex 7.019211511799931 0.8867326274674526 -5
      vertex 7.075 0 -5
    endloop
  endfacet
  facet normal -0.9810665120712089 -0.1871484462325677 -0.04983932147580164
    outer loop
      vertex 6.70743839081577 1.7221774686166194 -2
      vertex 6.852725864985065 1.7594809516913477 -5
      vertex 7.019211511799931 0.8867326274674526 -5
    endloop
  endfacet
  facet normal -0.949874589670301 -0.3086329631350306 -0.04983932147580165
    outer loop
      vertex 6.70743839081577 1.7221774686166194 -2
      vertex 6.43870216477614 2.5492625273413947 -2
      vertex 6.852725864985065 1.7594809516913477 -5
    endloop
  endfacet
  facet normal -0.7695556865203673 -0.6366318303218885 -0.04983932147580144
    outer loop
      vertex 5.048107744893275 4.740488708556169 -2
      vertex 5.723795235202753 4.158580659969248 -5
      vertex 5.602442686046511 4.0704128721253765 -2
    endloop
  endfacet
  facet normal -0.9037025775627169 -0.42525015384045817 -0.04983932147580147
    outer loop
      vertex 6.068423759303755 3.3361441931543787 -2
      vertex 6.578168637659378 2.6044812102440966 -5
      vertex 6.43870216477614 2.5492625273413947 -2
    endloop
  endfacet
  facet normal -0.843278635961216 -0.5351608955876941 -0.04983932147580154
    outer loop
      vertex 6.068423759303755 3.3361441931543787 -2
      vertex 5.602442686046511 4.0704128721253765 -2
      vertex 6.199869761310335 3.408407244269636 -5
    endloop
  endfacet
  facet normal -0.996786429516027 -0.06271248653595388 -0.04983932147580128
    outer loop
      vertex 6.925 0 -2
      vertex 6.870394306602759 0.867932642432807 -2
      vertex 7.019211511799931 0.8867326274674526 -5
    endloop
  endfacet
  facet normal -0.9810665120712087 -0.187148446232569 -0.04983932147580128
    outer loop
      vertex 6.870394306602759 0.867932642432807 -2
      vertex 6.70743839081577 1.7221774686166194 -2
      vertex 7.019211511799931 0.8867326274674526 -5
    endloop
  endfacet
  facet normal -0.6836963841928072 -0.7280627007864865 -0.04983932147580151
    outer loop
      vertex 5.048107744893275 4.740488708556169 -2
      vertex 4.50977472747198 5.451381192638708 -5
      vertex 5.157453039006487 4.843170774445473 -5
    endloop
  endfacet
  facet normal -0.7695556865203675 -0.6366318303218883 -0.049839321475801536
    outer loop
      vertex 5.048107744893275 4.740488708556169 -2
      vertex 5.157453039006487 4.843170774445473 -5
      vertex 5.723795235202753 4.158580659969248 -5
    endloop
  endfacet
  facet normal -0.6836963841928081 -0.7280627007864857 -0.04983932147580116
    outer loop
      vertex 5.048107744893275 4.740488708556169 -2
      vertex 4.414161129009677 5.33580420622234 -2
      vertex 4.50977472747198 5.451381192638708 -5
    endloop
  endfacet
  facet normal 0 0 -1
    outer loop
      vertex -0.43482434774049444 6.91133509436578 -2
      vertex 0.43482434774049444 6.91133509436578 -2
      vertex 0.4348243477404978 -6.91133509436578 -2
    endloop
  endfacet
  facet normal 0 0 -1
    outer loop
      vertex 1.2976156035061444 -6.802339211296168 -2
      vertex 0.43482434774049444 6.91133509436578 -2
      vertex 1.2976156035061426 6.802339211296169 -2
    endloop
  endfacet
  facet normal 0 0 -1
    outer loop
      vertex 2.1399426860465107 -6.586066375343938 -2
      vertex 1.2976156035061426 6.802339211296169 -2
      vertex 2.1399426860465107 6.586066375343938 -2
    endloop
  endfacet
  facet normal 0 0 -1
    outer loop
      vertex 2.9485215940881266 -6.265927338327185 -2
      vertex 2.1399426860465107 6.586066375343938 -2
      vertex 2.9485215940881284 6.2659273383271845 -2
    endloop
  endfacet
  facet normal 0 0 -1
    outer loop
      vertex 3.7106005552295485 -5.846970884101456 -2
      vertex 2.9485215940881284 6.2659273383271845 -2
      vertex 3.7106005552295516 5.846970884101454 -2
    endloop
  endfacet
  facet normal 0 0 -1
    outer loop
      vertex 4.414161129009678 -5.335804206222339 -2
      vertex 3.7106005552295516 5.846970884101454 -2
      vertex 4.414161129009677 5.33580420622234 -2
    endloop
  endfacet
  facet normal 0 0 -1
    outer loop
      vertex 5.048107744893276 -4.7404887085561676 -2
      vertex 4.414161129009677 5.33580420622234 -2
      vertex 5.048107744893275 4.740488708556169 -2
    endloop
  endfacet
  facet normal 0 0 -1
    outer loop
      vertex 5.602442686046511 -4.0704128721253765 -2
      vertex 5.048107744893275 4.740488708556169 -2
      vertex 5.602442686046511 4.0704128721253765 -2
    endloop
  endfacet
  facet normal 0 0 -1
    outer loop
      vertex 6.4387021647761395 -2.549262527341398 -2
      vertex 6.068423759303755 3.3361441931543787 -2
      vertex 6.43870216477614 2.5492625273413947 -2
    endloop
  endfacet
  facet normal 0 0 -1
    outer loop
      vertex 6.707438390815771 -1.722177468616617 -2
      vertex 6.43870216477614 2.5492625273413947 -2
      vertex 6.70743839081577 1.7221774686166194 -2
    endloop
  endfacet
  facet normal 0 0 -1
    outer loop
      vertex 6.068423759303754 -3.3361441931543787 -2
      vertex 5.602442686046511 4.0704128721253765 -2
      vertex 6.068423759303755 3.3361441931543787 -2
    endloop
  endfacet
  facet normal 0 0 -1
    outer loop
      vertex 6.870394306602759 -0.8679326424328057 -2
      vertex 6.870394306602759 0.867932642432807 -2
      vertex 6.925 0 -2
    endloop
  endfacet
  facet normal 0 0 -1
    outer loop
      vertex 6.870394306602759 -0.8679326424328057 -2
      vertex 6.70743839081577 1.7221774686166194 -2
      vertex 6.870394306602759 0.867932642432807 -2
    endloop
  endfacet
  facet normal 0.7381103049759573 0.6746800557955595 0
    outer loop
      vertex -4.590305611491203 -0.7123740836977959 -1
      vertex -4.590305611491203 -0.7123740836977959 0
      vertex -4.3541760221123695 -0.9707034677267075 -1
    endloop
  endfacet
  facet normal 0.8075186875357703 0.5898419867053437 0
    outer loop
      vertex -5.060272753238678 -0.13464061170816422 -1
      vertex -5.060272753238678 -0.13464061170816422 0
      vertex -4.826745003461838 -0.4543500021100044 -1
    endloop
  endfacet
  facet normal 0.7372718112047272 0.6755962377062954 0
    outer loop
      vertex -4.826745003461838 -0.4543500021100044 -1
      vertex -4.826745003461838 -0.4543500021100044 0
      vertex -4.590305611491203 -0.7123740836977959 -1
    endloop
  endfacet
  facet normal 0.8567299042754579 0.5157653256280076 0
    outer loop
      vertex -5.060272753238678 -0.13464061170816422 -1
      vertex -5.25787316262722 0.19359041005373 0
      vertex -5.060272753238678 -0.13464061170816422 0
    endloop
  endfacet
  facet normal 0.7372718112047272 0.6755962377062954 0
    outer loop
      vertex -4.590305611491203 -0.7123740836977959 -1
      vertex -4.826745003461838 -0.4543500021100044 0
      vertex -4.590305611491203 -0.7123740836977959 0
    endloop
  endfacet
  facet normal 0.8075186875357703 0.5898419867053437 0
    outer loop
      vertex -4.826745003461838 -0.4543500021100044 -1
      vertex -5.060272753238678 -0.13464061170816422 0
      vertex -4.826745003461838 -0.4543500021100044 0
    endloop
  endfacet
  facet normal 0.9846251409093244 -0.17468065688361992 0
    outer loop
      vertex -2.4098249971866608 -5.914530001580715 -1
      vertex -2.3801452070474625 -5.747233472764492 -1
      vertex -2.3801452070474625 -5.747233472764492 0
    endloop
  endfacet
  facet normal 0.9886365954827572 -0.15032525427306986 0
    outer loop
      vertex -2.3801452070474625 -5.747233472764492 -1
      vertex -2.3550315275788307 -5.582069590687752 -1
      vertex -2.3550315275788307 -5.582069590687752 0
    endloop
  endfacet
  facet normal 0.992151047359672 -0.12504518872434084 0
    outer loop
      vertex -2.3550315275788307 -5.582069590687752 -1
      vertex -2.3344839811325073 -5.419038370251656 -1
      vertex -2.3344839811325073 -5.419038370251656 0
    endloop
  endfacet
  facet normal 0.9951033644372059 -0.09883973940553133 0
    outer loop
      vertex -2.3344839811325073 -5.419038370251656 -1
      vertex -2.318502552807331 -5.258139796555042 -1
      vertex -2.318502552807331 -5.258139796555042 0
    endloop
  endfacet
  facet normal 0.9974251556046195 -0.07171512369856546 0
    outer loop
      vertex -2.318502552807331 -5.258139796555042 -1
      vertex -2.307087242603302 -5.099373877048492 -1
      vertex -2.307087242603302 -5.099373877048492 0
    endloop
  endfacet
  facet normal 0.9990453207493056 -0.043685776734736045 0
    outer loop
      vertex -2.307087242603302 -5.099373877048492 -1
      vertex -2.3002380579710007 -4.942740611732006 -1
      vertex -2.3002380579710007 -4.942740611732006 0
    endloop
  endfacet
  facet normal 0.9998908376751034 -0.014775409753367899 0
    outer loop
      vertex -2.3002380579710007 -4.942740611732006 -1
      vertex -2.297954998910427 -4.788240000605583 -1
      vertex -2.297954998910427 -4.788240000605583 0
    endloop
  endfacet
  facet normal 0.9989475508744108 0.04586709716143599 0
    outer loop
      vertex -2.297954998910427 -4.788240000605583 -1
      vertex -2.3159186765551567 -4.397005915641785 -1
      vertex -2.3159186765551567 -4.397005915641785 0
    endloop
  endfacet
  facet normal 0.9846251409093244 -0.17468065688361992 0
    outer loop
      vertex -2.4098249971866608 -5.914530001580715 -1
      vertex -2.3801452070474625 -5.747233472764492 0
      vertex -2.4098249971866608 -5.914530001580715 0
    endloop
  endfacet
  facet normal 0.9886365954827572 -0.15032525427306986 0
    outer loop
      vertex -2.3801452070474625 -5.747233472764492 -1
      vertex -2.3550315275788307 -5.582069590687752 0
      vertex -2.3801452070474625 -5.747233472764492 0
    endloop
  endfacet
  facet normal 0.992151047359672 -0.12504518872434084 0
    outer loop
      vertex -2.3550315275788307 -5.582069590687752 -1
      vertex -2.3344839811325073 -5.419038370251656 0
      vertex -2.3550315275788307 -5.582069590687752 0
    endloop
  endfacet
  facet normal 0.9951033644372059 -0.09883973940553133 0
    outer loop
      vertex -2.3344839811325073 -5.419038370251656 -1
      vertex -2.318502552807331 -5.258139796555042 0
      vertex -2.3344839811325073 -5.419038370251656 0
    endloop
  endfacet
  facet normal 0.9974251556046195 -0.07171512369856546 0
    outer loop
      vertex -2.318502552807331 -5.258139796555042 -1
      vertex -2.307087242603302 -5.099373877048492 0
      vertex -2.318502552807331 -5.258139796555042 0
    endloop
  endfacet
  facet normal 0.9990453207493056 -0.043685776734736045 0
    outer loop
      vertex -2.307087242603302 -5.099373877048492 -1
      vertex -2.3002380579710007 -4.942740611732006 0
      vertex -2.307087242603302 -5.099373877048492 0
    endloop
  endfacet
  facet normal 0.9998908376751034 -0.014775409753367899 0
    outer loop
      vertex -2.3002380579710007 -4.942740611732006 -1
      vertex -2.297954998910427 -4.788240000605583 0
      vertex -2.3002380579710007 -4.942740611732006 0
    endloop
  endfacet
  facet normal 0.9989475508744108 0.04586709716143599 0
    outer loop
      vertex -2.297954998910427 -4.788240000605583 -1
      vertex -2.3159186765551567 -4.397005915641785 0
      vertex -2.297954998910427 -4.788240000605583 0
    endloop
  endfacet
  facet normal 0 0 1
    outer loop
      vertex -2.4098249971866608 -5.914530001580715 -1
      vertex -1.5500335693359375 -5.4895012229681015 -1
      vertex -2.3801452070474625 -5.747233472764492 -1
    endloop
  endfacet
  facet normal -0.44314944352500246 0.8964477512401271 0
    outer loop
      vertex -2.4098249971866608 -5.914530001580715 -1
      vertex -2.4098249971866608 -5.914530001580715 0
      vertex -1.5500335693359375 -5.4895012229681015 -1
    endloop
  endfacet
  facet normal 0 0 1
    outer loop
      vertex -2.3801452070474625 -5.747233472764492 -1
      vertex -1.5500335693359375 -5.4895012229681015 -1
      vertex -2.3550315275788307 -5.582069590687752 -1
    endloop
  endfacet
  facet normal 0 0 1
    outer loop
      vertex -2.3550315275788307 -5.582069590687752 -1
      vertex -1.5500335693359375 -5.4895012229681015 -1
      vertex -2.3344839811325073 -5.419038370251656 -1
    endloop
  endfacet
  facet normal 0 0 1
    outer loop
      vertex -2.3344839811325073 -5.419038370251656 -1
      vertex -1.5500335693359375 -5.4895012229681015 -1
      vertex -2.318502552807331 -5.258139796555042 -1
    endloop
  endfacet
  facet normal 0 0 1
    outer loop
      vertex -2.318502552807331 -5.258139796555042 -1
      vertex -1.5500335693359375 -5.4895012229681015 -1
      vertex -2.307087242603302 -5.099373877048492 -1
    endloop
  endfacet
  facet normal 0 0 1
    outer loop
      vertex -2.307087242603302 -5.099373877048492 -1
      vertex -1.5500335693359375 -5.4895012229681015 -1
      vertex -2.3002380579710007 -4.942740611732006 -1
    endloop
  endfacet
  facet normal 0 0 1
    outer loop
      vertex -2.3002380579710007 -4.942740611732006 -1
      vertex -0.7310364320874214 -5.054123468697071 -1
      vertex -2.297954998910427 -4.788240000605583 -1
    endloop
  endfacet
  facet normal 0 0 1
    outer loop
      vertex -2.297954998910427 -4.788240000605583 -1
      vertex -0.7310364320874214 -5.054123468697071 -1
      vertex -2.3159186765551567 -4.397005915641785 -1
    endloop
  endfacet
  facet normal 0 0 1
    outer loop
      vertex -2.3002380579710007 -4.942740611732006 -1
      vertex -1.5500335693359375 -5.4895012229681015 -1
      vertex -0.7310364320874214 -5.054123468697071 -1
    endloop
  endfacet
  facet normal -0.46939528643724754 0.8829881454869564 0
    outer loop
      vertex -1.5500335693359375 -5.4895012229681015 -1
      vertex -1.5500335693359375 -5.4895012229681015 0
      vertex -0.7310364320874214 -5.054123468697071 -1
    endloop
  endfacet
  facet normal 0 0 1
    outer loop
      vertex -2.3698096945881844 -4.0161208137869835 -1
      vertex -0.7310364320874214 -5.054123468697071 -1
      vertex 0.047166429460048676 -4.608396731317043 -1
    endloop
  endfacet
  facet normal -0.4970123802728511 0.8677434493302238 0
    outer loop
      vertex -0.7310364320874214 -5.054123468697071 -1
      vertex -0.7310364320874214 -5.054123468697071 0
      vertex 0.047166429460048676 -4.608396731317043 -1
    endloop
  endfacet
  facet normal -0.44314944352500246 0.8964477512401271 0
    outer loop
      vertex -1.5500335693359375 -5.4895012229681015 -1
      vertex -2.4098249971866608 -5.914530001580715 0
      vertex -1.5500335693359375 -5.4895012229681015 0
    endloop
  endfacet
  facet normal -0.46939528643724754 0.8829881454869564 0
    outer loop
      vertex -0.7310364320874214 -5.054123468697071 -1
      vertex -1.5500335693359375 -5.4895012229681015 0
      vertex -0.7310364320874214 -5.054123468697071 0
    endloop
  endfacet
  facet normal -0.4970123802728511 0.8677434493302238 0
    outer loop
      vertex 0.047166429460048676 -4.608396731317043 -1
      vertex -0.7310364320874214 -5.054123468697071 0
      vertex 0.047166429460048676 -4.608396731317043 0
    endloop
  endfacet
  facet normal 0.9901382669028358 0.14009358448783038 0
    outer loop
      vertex -2.3159186765551567 -4.397005915641785 -1
      vertex -2.3698096945881844 -4.0161208137869835 -1
      vertex -2.3698096945881844 -4.0161208137869835 0
    endloop
  endfacet
  facet normal 0.9441194217184011 0.3296035763369565 0
    outer loop
      vertex -2.4596280604600906 -3.6455846950411797 -1
      vertex -2.5853737741708755 -3.2853975519537926 -1
      vertex -2.5853737741708755 -3.2853975519537926 0
    endloop
  endfacet
  facet normal 0.9718552533331893 0.23557879057479356 0
    outer loop
      vertex -2.3698096945881844 -4.0161208137869835 -1
      vertex -2.4596280604600906 -3.6455846950411797 -1
      vertex -2.4596280604600906 -3.6455846950411797 0
    endloop
  endfacet
  facet normal 0.8155721829359465 0.5786553502916006 0
    outer loop
      vertex -3.178175002336502 -2.2669299989938736 -1
      vertex -3.178175002336502 -2.2669299989938736 0
      vertex -2.9446472451090813 -2.59607020765543 -1
    endloop
  endfacet
  facet normal 0.8642604245455395 0.5030446486787864 0
    outer loop
      vertex -2.747046835720539 -2.9355593845248222 -1
      vertex -2.9446472451090813 -2.59607020765543 -1
      vertex -2.9446472451090813 -2.59607020765543 0
    endloop
  endfacet
  facet normal 0.9077526440011535 0.41950582511916934 0
    outer loop
      vertex -2.747046835720539 -2.9355593845248222 -1
      vertex -2.747046835720539 -2.9355593845248222 0
      vertex -2.5853737741708755 -3.2853975519537926 -1
    endloop
  endfacet
  facet normal 0.9901382669028358 0.14009358448783038 0
    outer loop
      vertex -2.3159186765551567 -4.397005915641785 -1
      vertex -2.3698096945881844 -4.0161208137869835 0
      vertex -2.3159186765551567 -4.397005915641785 0
    endloop
  endfacet
  facet normal 0.9718552533331893 0.23557879057479356 0
    outer loop
      vertex -2.3698096945881844 -4.0161208137869835 -1
      vertex -2.4596280604600906 -3.6455846950411797 0
      vertex -2.3698096945881844 -4.0161208137869835 0
    endloop
  endfacet
  facet normal 0.9441194217184011 0.3296035763369565 0
    outer loop
      vertex -2.4596280604600906 -3.6455846950411797 -1
      vertex -2.5853737741708755 -3.2853975519537926 0
      vertex -2.4596280604600906 -3.6455846950411797 0
    endloop
  endfacet
  facet normal 0.8642604245455395 0.5030446486787864 0
    outer loop
      vertex -2.747046835720539 -2.9355593845248222 -1
      vertex -2.9446472451090813 -2.59607020765543 0
      vertex -2.747046835720539 -2.9355593845248222 0
    endloop
  endfacet
  facet normal 0.8155721829359465 0.5786553502916006 0
    outer loop
      vertex -2.9446472451090813 -2.59607020765543 -1
      vertex -3.178175002336502 -2.2669299989938736 0
      vertex -2.9446472451090813 -2.59607020765543 0
    endloop
  endfacet
  facet normal 0.9077526440011535 0.41950582511916934 0
    outer loop
      vertex -2.5853737741708755 -3.2853975519537926 -1
      vertex -2.747046835720539 -2.9355593845248222 0
      vertex -2.5853737741708755 -3.2853975519537926 0
    endloop
  endfacet
  facet normal 0.7397836267095043 0.6728448451556517 0
    outer loop
      vertex -4.118356227874756 -1.2293381616473198 -1
      vertex -4.118356227874756 -1.2293381616473198 0
      vertex -3.8828462213277817 -1.4882781654596329 -1
    endloop
  endfacet
  facet normal 0.7414520557179839 0.6710058487610787 0
    outer loop
      vertex -3.647646017372608 -1.747523471713066 -1
      vertex -3.647646017372608 -1.747523471713066 0
      vertex -3.412755608558655 -2.0070740804076195 -1
    endloop
  endfacet
  facet normal 0.7406184600816155 0.6719258118172992 0
    outer loop
      vertex -3.8828462213277817 -1.4882781654596329 -1
      vertex -3.8828462213277817 -1.4882781654596329 0
      vertex -3.647646017372608 -1.747523471713066 -1
    endloop
  endfacet
  facet normal 0.7389475812263245 0.6737629198759492 0
    outer loop
      vertex -4.3541760221123695 -0.9707034677267075 -1
      vertex -4.3541760221123695 -0.9707034677267075 0
      vertex -4.118356227874756 -1.2293381616473198 -1
    endloop
  endfacet
  facet normal 0.7422844408721686 0.6700849265869901 0
    outer loop
      vertex -3.178175002336502 -2.2669299989938736 -1
      vertex -3.412755608558655 -2.0070740804076195 -1
      vertex -3.412755608558655 -2.0070740804076195 0
    endloop
  endfacet
  facet normal 0.7389475812263245 0.6737629198759492 0
    outer loop
      vertex -4.118356227874756 -1.2293381616473198 -1
      vertex -4.3541760221123695 -0.9707034677267075 0
      vertex -4.118356227874756 -1.2293381616473198 0
    endloop
  endfacet
  facet normal 0.7397836267095043 0.6728448451556517 0
    outer loop
      vertex -3.8828462213277817 -1.4882781654596329 -1
      vertex -4.118356227874756 -1.2293381616473198 0
      vertex -3.8828462213277817 -1.4882781654596329 0
    endloop
  endfacet
  facet normal 0.7414520557179839 0.6710058487610787 0
    outer loop
      vertex -3.412755608558655 -2.0070740804076195 -1
      vertex -3.647646017372608 -1.747523471713066 0
      vertex -3.412755608558655 -2.0070740804076195 0
    endloop
  endfacet
  facet normal 0.7406184600816155 0.6719258118172992 0
    outer loop
      vertex -3.647646017372608 -1.747523471713066 -1
      vertex -3.8828462213277817 -1.4882781654596329 0
      vertex -3.647646017372608 -1.747523471713066 0
    endloop
  endfacet
  facet normal 0.7381103049759573 0.6746800557955595 0
    outer loop
      vertex -4.3541760221123695 -0.9707034677267075 -1
      vertex -4.590305611491203 -0.7123740836977959 0
      vertex -4.3541760221123695 -0.9707034677267075 0
    endloop
  endfacet
  facet normal 0.7422844408721686 0.6700849265869901 0
    outer loop
      vertex -3.178175002336502 -2.2669299989938736 -1
      vertex -3.412755608558655 -2.0070740804076195 0
      vertex -3.178175002336502 -2.2669299989938736 0
    endloop
  endfacet
  facet normal 0 0 1
    outer loop
      vertex -2.3159186765551567 -4.397005915641785 -1
      vertex -0.7310364320874214 -5.054123468697071 -1
      vertex -2.3698096945881844 -4.0161208137869835 -1
    endloop
  endfacet
  facet normal 0 0 1
    outer loop
      vertex -2.3698096945881844 -4.0161208137869835 -1
      vertex 0.047166429460048676 -4.608396731317043 -1
      vertex -2.4596280604600906 -3.6455846950411797 -1
    endloop
  endfacet
  facet normal 0 0 1
    outer loop
      vertex -2.4596280604600906 -3.6455846950411797 -1
      vertex 0.7845750004053116 -4.152321018278599 -1
      vertex -2.5853737741708755 -3.2853975519537926 -1
    endloop
  endfacet
  facet normal 0 0 1
    outer loop
      vertex -2.747046835720539 -2.9355593845248222 -1
      vertex -2.5853737741708755 -3.2853975519537926 -1
      vertex 0.7845750004053116 -4.152321018278599 -1
    endloop
  endfacet
  facet normal 0 0 1
    outer loop
      vertex -2.747046835720539 -2.9355593845248222 -1
      vertex 1.481189288198948 -3.6858963295817375 -1
      vertex -2.9446472451090813 -2.59607020765543 -1
    endloop
  endfacet
  facet normal 0 0 1
    outer loop
      vertex -3.178175002336502 -2.2669299989938736 -1
      vertex -2.9446472451090813 -2.59607020765543 -1
      vertex 2.137009285390377 -3.2091226503252983 -1
    endloop
  endfacet
  facet normal 0 0 1
    outer loop
      vertex -2.4596280604600906 -3.6455846950411797 -1
      vertex 0.047166429460048676 -4.608396731317043 -1
      vertex 0.7845750004053116 -4.152321018278599 -1
    endloop
  endfacet
  facet normal 0 0 1
    outer loop
      vertex -2.747046835720539 -2.9355593845248222 -1
      vertex 0.7845750004053116 -4.152321018278599 -1
      vertex 1.481189288198948 -3.6858963295817375 -1
    endloop
  endfacet
  facet normal 0 0 1
    outer loop
      vertex -3.647646017372608 -1.747523471713066 -1
      vertex -3.412755608558655 -2.0070740804076195 -1
      vertex 3.5456266328692436 -2.0142600014805794 -1
    endloop
  endfacet
  facet normal 0 0 1
    outer loop
      vertex -4.590305611491203 -0.7123740836977959 -1
      vertex -4.3541760221123695 -0.9707034677267075 -1
      vertex 5.499082960188389 0.777099996805191 -1
    endloop
  endfacet
  facet normal 0 0 1
    outer loop
      vertex -4.826745003461838 -0.4543500021100044 -1
      vertex -4.590305611491203 -0.7123740836977959 -1
      vertex 5.499082960188389 0.777099996805191 -1
    endloop
  endfacet
  facet normal 0 0 1
    outer loop
      vertex -3.178175002336502 -2.2669299989938736 -1
      vertex 3.5456266328692436 -2.0142600014805794 -1
      vertex -3.412755608558655 -2.0070740804076195 -1
    endloop
  endfacet
  facet normal 0 0 1
    outer loop
      vertex -3.8828462213277817 -1.4882781654596329 -1
      vertex -3.647646017372608 -1.747523471713066 -1
      vertex 4.217127241194248 -1.310479998588562 -1
    endloop
  endfacet
  facet normal 0 0 1
    outer loop
      vertex -4.118356227874756 -1.2293381616473198 -1
      vertex -3.8828462213277817 -1.4882781654596329 -1
      vertex 4.7665368393063545 -0.6106600016355515 -1
    endloop
  endfacet
  facet normal 0 0 1
    outer loop
      vertex -4.3541760221123695 -0.9707034677267075 -1
      vertex -4.118356227874756 -1.2293381616473198 -1
      vertex 5.499082960188389 0.777099996805191 -1
    endloop
  endfacet
  facet normal 0.9891184662559324 0.14712124153742012 0
    outer loop
      vertex -5.635110303759575 1.2294132634997368 -1
      vertex -5.689001329243183 1.5917308181524277 -1
      vertex -5.689001329243183 1.5917308181524277 0
    endloop
  endfacet
  facet normal 0.998828815141239 0.04838386139559983 0
    outer loop
      vertex -5.689001329243183 1.5917308181524277 -1
      vertex -5.706964999437332 1.962569996714592 -1
      vertex -5.706964999437332 1.962569996714592 0
    endloop
  endfacet
  facet normal 0.998784250300514 -0.049295246744897055 0
    outer loop
      vertex -5.706964999437332 1.962569996714592 -1
      vertex -5.689230307936668 2.3218973502516747 -1
      vertex -5.689230307936668 2.3218973502516747 0
    endloop
  endfacet
  facet normal 0.9014898570663714 0.4328002282883563 0
    outer loop
      vertex -5.419546224176884 0.5303430631756783 -1
      vertex -5.419546224176884 0.5303430631756783 0
      vertex -5.25787316262722 0.19359041005373 -1
    endloop
  endfacet
  facet normal 0.8567299042754579 0.5157653256280076 0
    outer loop
      vertex -5.060272753238678 -0.13464061170816422 -1
      vertex -5.25787316262722 0.19359041005373 -1
      vertex -5.25787316262722 0.19359041005373 0
    endloop
  endfacet
  facet normal 0.9396259979781322 0.34220313254498297 0
    outer loop
      vertex -5.545291937887669 0.8756173476576805 -1
      vertex -5.545291937887669 0.8756173476576805 0
      vertex -5.419546224176884 0.5303430631756783 -1
    endloop
  endfacet
  facet normal 0.9692533572475477 0.24606488872725746 0
    outer loop
      vertex -5.545291937887669 0.8756173476576805 -1
      vertex -5.635110303759575 1.2294132634997368 -1
      vertex -5.635110303759575 1.2294132634997368 0
    endloop
  endfacet
  facet normal 0.9891184662559324 0.14712124153742012 0
    outer loop
      vertex -5.635110303759575 1.2294132634997368 -1
      vertex -5.689001329243183 1.5917308181524277 0
      vertex -5.635110303759575 1.2294132634997368 0
    endloop
  endfacet
  facet normal 0.998828815141239 0.04838386139559983 0
    outer loop
      vertex -5.689001329243183 1.5917308181524277 -1
      vertex -5.706964999437332 1.962569996714592 0
      vertex -5.689001329243183 1.5917308181524277 0
    endloop
  endfacet
  facet normal 0.998784250300514 -0.049295246744897055 0
    outer loop
      vertex -5.706964999437332 1.962569996714592 -1
      vertex -5.689230307936668 2.3218973502516747 0
      vertex -5.706964999437332 1.962569996714592 0
    endloop
  endfacet
  facet normal 0.9014898570663714 0.4328002282883563 0
    outer loop
      vertex -5.25787316262722 0.19359041005373 -1
      vertex -5.419546224176884 0.5303430631756783 0
      vertex -5.25787316262722 0.19359041005373 0
    endloop
  endfacet
  facet normal 0.9396259979781322 0.34220313254498297 0
    outer loop
      vertex -5.419546224176884 0.5303430631756783 -1
      vertex -5.545291937887669 0.8756173476576805 0
      vertex -5.419546224176884 0.5303430631756783 0
    endloop
  endfacet
  facet normal 0.9692533572475477 0.24606488872725746 0
    outer loop
      vertex -5.545291937887669 0.8756173476576805 -1
      vertex -5.635110303759575 1.2294132634997368 0
      vertex -5.545291937887669 0.8756173476576805 0
    endloop
  endfacet
  facet normal 0.9880188609046143 -0.15433318015497574 0
    outer loop
      vertex -5.689230307936668 2.3218973502516747 -1
      vertex -5.6360262259840965 2.662502244114876 -1
      vertex -5.6360262259840965 2.662502244114876 0
    endloop
  endfacet
  facet normal 0.9640859912938682 -0.2655902885854821 0
    outer loop
      vertex -5.6360262259840965 2.662502244114876 -1
      vertex -5.5473527535796165 2.9843846932053566 -1
      vertex -5.5473527535796165 2.9843846932053566 0
    endloop
  endfacet
  facet normal 0.9254154779828149 -0.3789540778377222 0
    outer loop
      vertex -5.5473527535796165 2.9843846932053566 -1
      vertex -5.423209898173809 3.287544697523117 -1
      vertex -5.423209898173809 3.287544697523117 0
    endloop
  endfacet
  facet normal 0.8720779865887082 -0.48936692298048196 0
    outer loop
      vertex -5.423209898173809 3.287544697523117 -1
      vertex -5.2635976523160934 3.571982242166996 -1
      vertex -5.2635976523160934 3.571982242166996 0
    endloop
  endfacet
  facet normal 0.8060809887818867 -0.5918052378311768 0
    outer loop
      vertex -5.2635976523160934 3.571982242166996 -1
      vertex -5.06851602345705 3.837697349488735 -1
      vertex -5.06851602345705 3.837697349488735 0
    endloop
  endfacet
  facet normal 0.7310190151407157 -0.68235709090087 0
    outer loop
      vertex -5.06851602345705 3.837697349488735 -1
      vertex -4.8379649966955185 4.084689997136593 -1
      vertex -4.8379649966955185 4.084689997136593 0
    endloop
  endfacet
  facet normal 0.6513254593906739 -0.7587984883679775 0
    outer loop
      vertex -4.8379649966955185 4.084689997136593 -1
      vertex -4.580897241830826 4.305347755551338 -1
      vertex -4.580897241830826 4.305347755551338 0
    endloop
  endfacet
  facet normal 0.9880188609046143 -0.15433318015497574 0
    outer loop
      vertex -5.689230307936668 2.3218973502516747 -1
      vertex -5.6360262259840965 2.662502244114876 0
      vertex -5.689230307936668 2.3218973502516747 0
    endloop
  endfacet
  facet normal 0.9640859912938682 -0.2655902885854821 0
    outer loop
      vertex -5.6360262259840965 2.662502244114876 -1
      vertex -5.5473527535796165 2.9843846932053566 0
      vertex -5.6360262259840965 2.662502244114876 0
    endloop
  endfacet
  facet normal 0.9254154779828149 -0.3789540778377222 0
    outer loop
      vertex -5.5473527535796165 2.9843846932053566 -1
      vertex -5.423209898173809 3.287544697523117 0
      vertex -5.5473527535796165 2.9843846932053566 0
    endloop
  endfacet
  facet normal 0.8720779865887082 -0.48936692298048196 0
    outer loop
      vertex -5.423209898173809 3.287544697523117 -1
      vertex -5.2635976523160934 3.571982242166996 0
      vertex -5.423209898173809 3.287544697523117 0
    endloop
  endfacet
  facet normal 0.8060809887818867 -0.5918052378311768 0
    outer loop
      vertex -5.2635976523160934 3.571982242166996 -1
      vertex -5.06851602345705 3.837697349488735 0
      vertex -5.2635976523160934 3.571982242166996 0
    endloop
  endfacet
  facet normal 0.7310190151407157 -0.68235709090087 0
    outer loop
      vertex -5.06851602345705 3.837697349488735 -1
      vertex -4.8379649966955185 4.084689997136593 0
      vertex -5.06851602345705 3.837697349488735 0
    endloop
  endfacet
  facet normal 0.6513254593906739 -0.7587984883679775 0
    outer loop
      vertex -4.8379649966955185 4.084689997136593 -1
      vertex -4.580897241830826 4.305347755551338 0
      vertex -4.8379649966955185 4.084689997136593 0
    endloop
  endfacet
  facet normal 0.5623172434701201 -0.8269215910206758 0
    outer loop
      vertex -4.580897241830826 4.305347755551338 -1
      vertex -4.306328266859055 4.492058165371418 -1
      vertex -4.306328266859055 4.492058165371418 0
    endloop
  endfacet
  facet normal 0 0 1
    outer loop
      vertex -4.014258064329624 4.644821226596832 -1
      vertex 0.029315002262592316 3.1336300000548363 -1
      vertex -3.7046866342425346 4.763636939227581 -1
    endloop
  endfacet
  facet normal 0 0 1
    outer loop
      vertex -3.7046866342425346 4.763636939227581 -1
      vertex 0.029315002262592316 3.1336300000548363 -1
      vertex -3.377613976597786 4.848505303263664 -1
    endloop
  endfacet
  facet normal 0.5623172434701201 -0.8269215910206758 0
    outer loop
      vertex -4.580897241830826 4.305347755551338 -1
      vertex -4.306328266859055 4.492058165371418 0
      vertex -4.580897241830826 4.305347755551338 0
    endloop
  endfacet
  facet normal 0 0 1
    outer loop
      vertex -5.419546224176884 0.5303430631756783 -1
      vertex -5.25787316262722 0.19359041005373 -1
      vertex 5.499082960188389 0.777099996805191 -1
    endloop
  endfacet
  facet normal 0 0 1
    outer loop
      vertex -5.545291937887669 0.8756173476576805 -1
      vertex -5.419546224176884 0.5303430631756783 -1
      vertex 5.499082960188389 0.777099996805191 -1
    endloop
  endfacet
  facet normal 0 0 1
    outer loop
      vertex -5.545291937887669 0.8756173476576805 -1
      vertex 5.499082960188389 0.777099996805191 -1
      vertex -5.635110303759575 1.2294132634997368 -1
    endloop
  endfacet
  facet normal 0 0 1
    outer loop
      vertex -5.060272753238678 -0.13464061170816422 -1
      vertex 5.499082960188389 0.777099996805191 -1
      vertex -5.25787316262722 0.19359041005373 -1
    endloop
  endfacet
  facet normal 0 0 1
    outer loop
      vertex -5.060272753238678 -0.13464061170816422 -1
      vertex -4.826745003461838 -0.4543500021100044 -1
      vertex 5.499082960188389 0.777099996805191 -1
    endloop
  endfacet
  facet normal 0 0 1
    outer loop
      vertex -5.635110303759575 1.2294132634997368 -1
      vertex 5.499082960188389 0.777099996805191 -1
      vertex -5.689001329243183 1.5917308181524277 -1
    endloop
  endfacet
  facet normal 0 0 1
    outer loop
      vertex -5.689001329243183 1.5917308181524277 -1
      vertex 5.499082960188389 0.777099996805191 -1
      vertex -5.706964999437332 1.962569996714592 -1
    endloop
  endfacet
  facet normal 0 0 1
    outer loop
      vertex -5.706964999437332 1.962569996714592 -1
      vertex 5.499082960188389 0.777099996805191 -1
      vertex -5.689230307936668 2.3218973502516747 -1
    endloop
  endfacet
  facet normal 0 0 1
    outer loop
      vertex -5.689230307936668 2.3218973502516747 -1
      vertex 5.499082960188389 0.777099996805191 -1
      vertex -5.6360262259840965 2.662502244114876 -1
    endloop
  endfacet
  facet normal 0 0 1
    outer loop
      vertex -5.6360262259840965 2.662502244114876 -1
      vertex 5.499082960188389 0.777099996805191 -1
      vertex -5.5473527535796165 2.9843846932053566 -1
    endloop
  endfacet
  facet normal 0 0 1
    outer loop
      vertex -5.5473527535796165 2.9843846932053566 -1
      vertex 5.499082960188389 0.777099996805191 -1
      vertex -5.423209898173809 3.287544697523117 -1
    endloop
  endfacet
  facet normal 0 0 1
    outer loop
      vertex -5.423209898173809 3.287544697523117 -1
      vertex 5.499082960188389 0.777099996805191 -1
      vertex -5.2635976523160934 3.571982242166996 -1
    endloop
  endfacet
  facet normal 0 0 1
    outer loop
      vertex -5.2635976523160934 3.571982242166996 -1
      vertex 5.499082960188389 0.777099996805191 -1
      vertex -5.06851602345705 3.837697349488735 -1
    endloop
  endfacet
  facet normal 0 0 1
    outer loop
      vertex -5.06851602345705 3.837697349488735 -1
      vertex 5.499082960188389 0.777099996805191 -1
      vertex -4.8379649966955185 4.084689997136593 -1
    endloop
  endfacet
  facet normal 0 0 1
    outer loop
      vertex -4.8379649966955185 4.084689997136593 -1
      vertex 5.499082960188389 0.777099996805191 -1
      vertex -4.580897241830826 4.305347755551338 -1
    endloop
  endfacet
  facet normal 0 0 1
    outer loop
      vertex -4.580897241830826 4.305347755551338 -1
      vertex 5.499082960188389 0.777099996805191 -1
      vertex -4.306328266859055 4.492058165371418 -1
    endloop
  endfacet
  facet normal 0 0 1
    outer loop
      vertex -3.377613976597786 4.848505303263664 -1
      vertex 0.029315002262592316 3.1336300000548363 -1
      vertex -3.0330400988459587 4.8994263261556625 -1
    endloop
  endfacet
  facet normal 0 0 1
    outer loop
      vertex -3.0330400988459587 4.8994263261556625 -1
      vertex 0.029315002262592316 3.1336300000548363 -1
      vertex -2.670965000987053 4.916400000452995 -1
    endloop
  endfacet
  facet normal 0 0 1
    outer loop
      vertex -2.670965000987053 4.916400000452995 -1
      vertex 0.029315002262592316 3.1336300000548363 -1
      vertex -2.419924795627594 4.90696244686842 -1
    endloop
  endfacet
  facet normal 0 0 1
    outer loop
      vertex -2.419924795627594 4.90696244686842 -1
      vertex 0.029315002262592316 3.1336300000548363 -1
      vertex -2.1740613281726837 4.878649793565273 -1
    endloop
  endfacet
  facet normal 0 0 1
    outer loop
      vertex -1.9333745911717415 4.831462040543556 -1
      vertex -2.1740613281726837 4.878649793565273 -1
      vertex 0.029315002262592316 3.1336300000548363 -1
    endloop
  endfacet
  facet normal 0 0 1
    outer loop
      vertex -1.9333745911717415 4.831462040543556 -1
      vertex 0.029315002262592316 3.1336300000548363 -1
      vertex -1.697864592075348 4.765399180352688 -1
    endloop
  endfacet
  facet normal 0 0 1
    outer loop
      vertex -4.306328266859055 4.492058165371418 -1
      vertex 5.499082960188389 0.777099996805191 -1
      vertex -4.014258064329624 4.644821226596832 -1
    endloop
  endfacet
  facet normal 0 0 1
    outer loop
      vertex -1.697864592075348 4.765399180352688 -1
      vertex 0.029315002262592316 3.1336300000548363 -1
      vertex -1.4675313234329224 4.680461227893829 -1
    endloop
  endfacet
  facet normal 0 0 1
    outer loop
      vertex -1.4675313234329224 4.680461227893829 -1
      vertex 0.029315002262592316 3.1336300000548363 -1
      vertex -1.2423747926950455 4.576648160815239 -1
    endloop
  endfacet
  facet normal 0 0 1
    outer loop
      vertex -1.2423747926950455 4.576648160815239 -1
      vertex 0.029315002262592316 3.1336300000548363 -1
      vertex -1.0223949998617172 4.4539600014686584 -1
    endloop
  endfacet
  facet normal 0 0 1
    outer loop
      vertex -1.0223949998617172 4.4539600014686584 -1
      vertex 0.029315002262592316 3.1336300000548363 -1
      vertex -0.7981633692979813 4.302799798548222 -1
    endloop
  endfacet
  facet normal 0 0 1
    outer loop
      vertex -0.7981633692979813 4.302799798548222 -1
      vertex 0.029315002262592316 3.1336300000548363 -1
      vertex -0.598594181239605 4.139153473079205 -1
    endloop
  endfacet
  facet normal 0 0 1
    outer loop
      vertex -0.598594181239605 4.139153473079205 -1
      vertex 0.029315002262592316 3.1336300000548363 -1
      vertex -0.4236874505877495 3.9630210176110268 -1
    endloop
  endfacet
  facet normal 0 0 1
    outer loop
      vertex -0.4236874505877495 3.9630210176110268 -1
      vertex 0.029315002262592316 3.1336300000548363 -1
      vertex -0.27344316244125366 3.7744024470448494 -1
    endloop
  endfacet
  facet normal 0 0 1
    outer loop
      vertex -0.046941936016082764 3.359706938266754 -1
      vertex -0.1478613242506981 3.573297753930092 -1
      vertex -0.27344316244125366 3.7744024470448494 -1
    endloop
  endfacet
  facet normal 0 0 1
    outer loop
      vertex -0.046941936016082764 3.359706938266754 -1
      vertex -0.27344316244125366 3.7744024470448494 -1
      vertex 0.029315002262592316 3.1336300000548363 -1
    endloop
  endfacet
  facet normal -0.558974456940932 -0.8291848747339704 0
    outer loop
      vertex -1.0223949998617172 4.4539600014686584 -1
      vertex -0.7981633692979813 4.302799798548222 -1
      vertex -0.7981633692979813 4.302799798548222 0
    endloop
  endfacet
  facet normal -0.6340786412226009 -0.7732685670226742 0
    outer loop
      vertex -0.7981633692979813 4.302799798548222 -1
      vertex -0.598594181239605 4.139153473079205 -1
      vertex -0.598594181239605 4.139153473079205 0
    endloop
  endfacet
  facet normal -0.7821830982876512 -0.6230486343401537 0
    outer loop
      vertex -0.4236874505877495 3.9630210176110268 -1
      vertex -0.27344316244125366 3.7744024470448494 -1
      vertex -0.27344316244125366 3.7744024470448494 0
    endloop
  endfacet
  facet normal -0.8482040934194234 -0.5296695346218565 0
    outer loop
      vertex -0.27344316244125366 3.7744024470448494 -1
      vertex -0.1478613242506981 3.573297753930092 -1
      vertex -0.1478613242506981 3.573297753930092 0
    endloop
  endfacet
  facet normal -0.9041553633608462 -0.42720379083736604 0
    outer loop
      vertex -0.046941936016082764 3.359706938266754 -1
      vertex -0.046941936016082764 3.359706938266754 0
      vertex -0.1478613242506981 3.573297753930092 -1
    endloop
  endfacet
  facet normal -0.7095714630006685 -0.7046334784092302 0
    outer loop
      vertex -0.598594181239605 4.139153473079205 -1
      vertex -0.4236874505877495 3.9630210176110268 -1
      vertex -0.4236874505877495 3.9630210176110268 0
    endloop
  endfacet
  facet normal -0.947548176212476 -0.31961297495003327 0
    outer loop
      vertex -0.046941936016082764 3.359706938266754 -1
      vertex 0.029315002262592316 3.1336300000548363 0
      vertex -0.046941936016082764 3.359706938266754 0
    endloop
  endfacet
  facet normal -0.558974456940932 -0.8291848747339704 0
    outer loop
      vertex -1.0223949998617172 4.4539600014686584 -1
      vertex -0.7981633692979813 4.302799798548222 0
      vertex -1.0223949998617172 4.4539600014686584 0
    endloop
  endfacet
  facet normal -0.6340786412226009 -0.7732685670226742 0
    outer loop
      vertex -0.7981633692979813 4.302799798548222 -1
      vertex -0.598594181239605 4.139153473079205 0
      vertex -0.7981633692979813 4.302799798548222 0
    endloop
  endfacet
  facet normal -0.7821830982876512 -0.6230486343401537 0
    outer loop
      vertex -0.4236874505877495 3.9630210176110268 -1
      vertex -0.27344316244125366 3.7744024470448494 0
      vertex -0.4236874505877495 3.9630210176110268 0
    endloop
  endfacet
  facet normal -0.9041553633608462 -0.42720379083736604 0
    outer loop
      vertex -0.1478613242506981 3.573297753930092 -1
      vertex -0.046941936016082764 3.359706938266754 0
      vertex -0.1478613242506981 3.573297753930092 0
    endloop
  endfacet
  facet normal -0.8482040934194234 -0.5296695346218565 0
    outer loop
      vertex -0.27344316244125366 3.7744024470448494 -1
      vertex -0.1478613242506981 3.573297753930092 0
      vertex -0.27344316244125366 3.7744024470448494 0
    endloop
  endfacet
  facet normal -0.7095714630006685 -0.7046334784092302 0
    outer loop
      vertex -0.598594181239605 4.139153473079205 -1
      vertex -0.4236874505877495 3.9630210176110268 0
      vertex -0.598594181239605 4.139153473079205 0
    endloop
  endfacet
  facet normal 0.4634686511226 -0.8861133163577882 0
    outer loop
      vertex -4.306328266859055 4.492058165371418 -1
      vertex -4.014258064329624 4.644821226596832 -1
      vertex -4.014258064329624 4.644821226596832 0
    endloop
  endfacet
  facet normal 0.3583216206448582 -0.9335982091769683 0
    outer loop
      vertex -4.014258064329624 4.644821226596832 -1
      vertex -3.7046866342425346 4.763636939227581 -1
      vertex -3.7046866342425346 4.763636939227581 0
    endloop
  endfacet
  facet normal 0.2511611158357162 -0.9679452948861097 0
    outer loop
      vertex -3.7046866342425346 4.763636939227581 -1
      vertex -3.377613976597786 4.848505303263664 -1
      vertex -3.377613976597786 4.848505303263664 0
    endloop
  endfacet
  facet normal 0.14619198599516306 -0.9892562373979706 0
    outer loop
      vertex -3.377613976597786 4.848505303263664 -1
      vertex -3.0330400988459587 4.8994263261556625 -1
      vertex -3.0330400988459587 4.8994263261556625 0
    endloop
  endfacet
  facet normal 0.04682745143534861 -0.9989029931840578 0
    outer loop
      vertex -3.0330400988459587 4.8994263261556625 -1
      vertex -2.670965000987053 4.916400000452995 -1
      vertex -2.670965000987053 4.916400000452995 0
    endloop
  endfacet
  facet normal -0.03756725587489577 -0.9992941014966666 0
    outer loop
      vertex -2.670965000987053 4.916400000452995 -1
      vertex -2.419924795627594 4.90696244686842 -1
      vertex -2.419924795627594 4.90696244686842 0
    endloop
  endfacet
  facet normal -0.11439997396262394 -0.993434771868466 0
    outer loop
      vertex -2.419924795627594 4.90696244686842 -1
      vertex -2.1740613281726837 4.878649793565273 -1
      vertex -2.1740613281726837 4.878649793565273 0
    endloop
  endfacet
  facet normal 0.4634686511226 -0.8861133163577882 0
    outer loop
      vertex -4.306328266859055 4.492058165371418 -1
      vertex -4.014258064329624 4.644821226596832 0
      vertex -4.306328266859055 4.492058165371418 0
    endloop
  endfacet
  facet normal 0.3583216206448582 -0.9335982091769683 0
    outer loop
      vertex -4.014258064329624 4.644821226596832 -1
      vertex -3.7046866342425346 4.763636939227581 0
      vertex -4.014258064329624 4.644821226596832 0
    endloop
  endfacet
  facet normal 0.2511611158357162 -0.9679452948861097 0
    outer loop
      vertex -3.7046866342425346 4.763636939227581 -1
      vertex -3.377613976597786 4.848505303263664 0
      vertex -3.7046866342425346 4.763636939227581 0
    endloop
  endfacet
  facet normal 0.14619198599516306 -0.9892562373979706 0
    outer loop
      vertex -3.377613976597786 4.848505303263664 -1
      vertex -3.0330400988459587 4.8994263261556625 0
      vertex -3.377613976597786 4.848505303263664 0
    endloop
  endfacet
  facet normal 0.04682745143534861 -0.9989029931840578 0
    outer loop
      vertex -3.0330400988459587 4.8994263261556625 -1
      vertex -2.670965000987053 4.916400000452995 0
      vertex -3.0330400988459587 4.8994263261556625 0
    endloop
  endfacet
  facet normal -0.03756725587489577 -0.9992941014966666 0
    outer loop
      vertex -2.670965000987053 4.916400000452995 -1
      vertex -2.419924795627594 4.90696244686842 0
      vertex -2.670965000987053 4.916400000452995 0
    endloop
  endfacet
  facet normal -0.11439997396262394 -0.993434771868466 0
    outer loop
      vertex -2.419924795627594 4.90696244686842 -1
      vertex -2.1740613281726837 4.878649793565273 0
      vertex -2.419924795627594 4.90696244686842 0
    endloop
  endfacet
  facet normal -0.1923919838229328 -0.9813181566447634 0
    outer loop
      vertex -1.9333745911717415 4.831462040543556 -1
      vertex -1.9333745911717415 4.831462040543556 0
      vertex -2.1740613281726837 4.878649793565273 -1
    endloop
  endfacet
  facet normal -0.2700850545170139 -0.9628364675927795 0
    outer loop
      vertex -1.9333745911717415 4.831462040543556 -1
      vertex -1.697864592075348 4.765399180352688 -1
      vertex -1.697864592075348 4.765399180352688 0
    endloop
  endfacet
  facet normal -0.3459862699292548 -0.9382395754925502 0
    outer loop
      vertex -1.697864592075348 4.765399180352688 -1
      vertex -1.4675313234329224 4.680461227893829 -1
      vertex -1.4675313234329224 4.680461227893829 0
    endloop
  endfacet
  facet normal -0.4187079180269085 -0.9081209607654542 0
    outer loop
      vertex -1.4675313234329224 4.680461227893829 -1
      vertex -1.2423747926950455 4.576648160815239 -1
      vertex -1.2423747926950455 4.576648160815239 0
    endloop
  endfacet
  facet normal -0.4870898789140976 -0.8733518476876599 0
    outer loop
      vertex -1.2423747926950455 4.576648160815239 -1
      vertex -1.0223949998617172 4.4539600014686584 -1
      vertex -1.0223949998617172 4.4539600014686584 0
    endloop
  endfacet
  facet normal -0.1923919838229328 -0.9813181566447634 0
    outer loop
      vertex -2.1740613281726837 4.878649793565273 -1
      vertex -1.9333745911717415 4.831462040543556 0
      vertex -2.1740613281726837 4.878649793565273 0
    endloop
  endfacet
  facet normal -0.2700850545170139 -0.9628364675927795 0
    outer loop
      vertex -1.9333745911717415 4.831462040543556 -1
      vertex -1.697864592075348 4.765399180352688 0
      vertex -1.9333745911717415 4.831462040543556 0
    endloop
  endfacet
  facet normal -0.3459862699292548 -0.9382395754925502 0
    outer loop
      vertex -1.697864592075348 4.765399180352688 -1
      vertex -1.4675313234329224 4.680461227893829 0
      vertex -1.697864592075348 4.765399180352688 0
    endloop
  endfacet
  facet normal -0.4187079180269085 -0.9081209607654542 0
    outer loop
      vertex -1.4675313234329224 4.680461227893829 -1
      vertex -1.2423747926950455 4.576648160815239 0
      vertex -1.4675313234329224 4.680461227893829 0
    endloop
  endfacet
  facet normal -0.4870898789140976 -0.8733518476876599 0
    outer loop
      vertex -1.2423747926950455 4.576648160815239 -1
      vertex -1.0223949998617172 4.4539600014686584 0
      vertex -1.2423747926950455 4.576648160815239 0
    endloop
  endfacet
  facet normal -0.5260082859325881 0.8504794430968105 0
    outer loop
      vertex 0.047166429460048676 -4.608396731317043 -1
      vertex 0.047166429460048676 -4.608396731317043 0
      vertex 0.7845750004053116 -4.152321018278599 -1
    endloop
  endfacet
  facet normal -0.5563632132339547 0.8309392125540768 0
    outer loop
      vertex 0.7845750004053116 -4.152321018278599 -1
      vertex 0.7845750004053116 -4.152321018278599 0
      vertex 1.481189288198948 -3.6858963295817375 -1
    endloop
  endfacet
  facet normal 0 0 1
    outer loop
      vertex -2.9446472451090813 -2.59607020765543 -1
      vertex 1.481189288198948 -3.6858963295817375 -1
      vertex 2.137009285390377 -3.2091226503252983 -1
    endloop
  endfacet
  facet normal 0 0 1
    outer loop
      vertex -3.178175002336502 -2.2669299989938736 -1
      vertex 2.137009285390377 -3.2091226503252983 -1
      vertex 2.7520349994301796 -2.722000002861023 -1
    endloop
  endfacet
  facet normal 0 0 1
    outer loop
      vertex -3.178175002336502 -2.2669299989938736 -1
      vertex 2.7520349994301796 -2.722000002861023 -1
      vertex 3.5456266328692436 -2.0142600014805794 -1
    endloop
  endfacet
  facet normal -0.5880213902999631 0.8088453774051617 0
    outer loop
      vertex 1.481189288198948 -3.6858963295817375 -1
      vertex 1.481189288198948 -3.6858963295817375 0
      vertex 2.137009285390377 -3.2091226503252983 -1
    endloop
  endfacet
  facet normal -0.5260082859325881 0.8504794430968105 0
    outer loop
      vertex 0.7845750004053116 -4.152321018278599 -1
      vertex 0.047166429460048676 -4.608396731317043 0
      vertex 0.7845750004053116 -4.152321018278599 0
    endloop
  endfacet
  facet normal -0.5563632132339547 0.8309392125540768 0
    outer loop
      vertex 1.481189288198948 -3.6858963295817375 -1
      vertex 0.7845750004053116 -4.152321018278599 0
      vertex 1.481189288198948 -3.6858963295817375 0
    endloop
  endfacet
  facet normal -0.5880213902999631 0.8088453774051617 0
    outer loop
      vertex 2.137009285390377 -3.2091226503252983 -1
      vertex 1.481189288198948 -3.6858963295817375 0
      vertex 2.137009285390377 -3.2091226503252983 0
    endloop
  endfacet
  facet normal 0 0 1
    outer loop
      vertex -3.647646017372608 -1.747523471713066 -1
      vertex 3.5456266328692436 -2.0142600014805794 -1
      vertex 4.217127241194248 -1.310479998588562 -1
    endloop
  endfacet
  facet normal 0 0 1
    outer loop
      vertex -3.8828462213277817 -1.4882781654596329 -1
      vertex 4.217127241194248 -1.310479998588562 -1
      vertex 4.7665368393063545 -0.6106600016355515 -1
    endloop
  endfacet
  facet normal 0 0 1
    outer loop
      vertex -4.118356227874756 -1.2293381616473198 -1
      vertex 4.7665368393063545 -0.6106600016355515 -1
      vertex 5.193855404853821 0.0851999968290329 -1
    endloop
  endfacet
  facet normal 0 0 1
    outer loop
      vertex -4.118356227874756 -1.2293381616473198 -1
      vertex 5.193855404853821 0.0851999968290329 -1
      vertex 5.499082960188389 0.777099996805191 -1
    endloop
  endfacet
  facet normal -0.6208810161940711 0.7839048180294708 0
    outer loop
      vertex 2.137009285390377 -3.2091226503252983 -1
      vertex 2.137009285390377 -3.2091226503252983 0
      vertex 2.7520349994301796 -2.722000002861023 -1
    endloop
  endfacet
  facet normal -0.6655844974220316 0.7463225018659572 0
    outer loop
      vertex 2.7520349994301796 -2.722000002861023 -1
      vertex 2.7520349994301796 -2.722000002861023 0
      vertex 3.5456266328692436 -2.0142600014805794 -1
    endloop
  endfacet
  facet normal -0.6208810161940711 0.7839048180294708 0
    outer loop
      vertex 2.7520349994301796 -2.722000002861023 -1
      vertex 2.137009285390377 -3.2091226503252983 0
      vertex 2.7520349994301796 -2.722000002861023 0
    endloop
  endfacet
  facet normal -0.6655844974220316 0.7463225018659572 0
    outer loop
      vertex 3.5456266328692436 -2.0142600014805794 -1
      vertex 2.7520349994301796 -2.722000002861023 0
      vertex 3.5456266328692436 -2.0142600014805794 0
    endloop
  endfacet
  facet normal -0.7235041190775384 0.6903200632154878 0
    outer loop
      vertex 3.5456266328692436 -2.0142600014805794 -1
      vertex 3.5456266328692436 -2.0142600014805794 0
      vertex 4.217127241194248 -1.310479998588562 -1
    endloop
  endfacet
  facet normal -0.7865634241981969 0.6175094976707703 0
    outer loop
      vertex 4.217127241194248 -1.310479998588562 -1
      vertex 4.217127241194248 -1.310479998588562 0
      vertex 4.7665368393063545 -0.6106600016355515 -1
    endloop
  endfacet
  facet normal -0.7235041190775384 0.6903200632154878 0
    outer loop
      vertex 4.217127241194248 -1.310479998588562 -1
      vertex 3.5456266328692436 -2.0142600014805794 0
      vertex 4.217127241194248 -1.310479998588562 0
    endloop
  endfacet
  facet normal -0.8521515066283049 0.5232951459273345 0
    outer loop
      vertex 4.7665368393063545 -0.6106600016355515 -1
      vertex 4.7665368393063545 -0.6106600016355515 0
      vertex 5.193855404853821 0.0851999968290329 -1
    endloop
  endfacet
  facet normal -0.7865634241981969 0.6175094976707703 0
    outer loop
      vertex 4.7665368393063545 -0.6106600016355515 -1
      vertex 4.217127241194248 -1.310479998588562 0
      vertex 4.7665368393063545 -0.6106600016355515 0
    endloop
  endfacet
  facet normal -0.8521515066283049 0.5232951459273345 0
    outer loop
      vertex 5.193855404853821 0.0851999968290329 -1
      vertex 4.7665368393063545 -0.6106600016355515 0
      vertex 5.193855404853821 0.0851999968290329 0
    endloop
  endfacet
  facet normal 0 0 1
    outer loop
      vertex -4.014258064329624 4.644821226596832 -1
      vertex 5.499082960188389 0.777099996805191 -1
      vertex 0.029315002262592316 3.1336300000548363 -1
    endloop
  endfacet
  facet normal -0.947548176212476 -0.31961297495003327 0
    outer loop
      vertex -0.046941936016082764 3.359706938266754 -1
      vertex 0.029315002262592316 3.1336300000548363 -1
      vertex 0.029315002262592316 3.1336300000548363 0
    endloop
  endfacet
  facet normal 0.8623755003336607 -0.5062691936354298 0
    outer loop
      vertex 0.029315002262592316 3.1336300000548363 -1
      vertex 0.30698418617248535 3.6066097989678383 -1
      vertex 0.30698418617248535 3.6066097989678383 0
    endloop
  endfacet
  facet normal 0.7877153989874547 -0.6160393252041909 0
    outer loop
      vertex 0.30698418617248535 3.6066097989678383 -1
      vertex 0.6199745908379555 4.006823472678661 -1
      vertex 0.6199745908379555 4.006823472678661 0
    endloop
  endfacet
  facet normal 0.6849484470154142 -0.7285915350394707 0
    outer loop
      vertex 0.6199745908379555 4.006823472678661 -1
      vertex 0.9682862237095833 4.3342710211873055 -1
      vertex 0.9682862237095833 4.3342710211873055 0
    endloop
  endfacet
  facet normal 0 0 1
    outer loop
      vertex 0.029315002262592316 3.1336300000548363 -1
      vertex 3.049654595553875 4.900568976998329 -1
      vertex 0.30698418617248535 3.6066097989678383 -1
    endloop
  endfacet
  facet normal 0 0 1
    outer loop
      vertex 0.30698418617248535 3.6066097989678383 -1
      vertex 2.7147450000047684 4.916400000452995 -1
      vertex 0.6199745908379555 4.006823472678661 -1
    endloop
  endfacet
  facet normal 0 0 1
    outer loop
      vertex 0.6199745908379555 4.006823472678661 -1
      vertex 2.225148469209671 4.880016937851906 -1
      vertex 0.9682862237095833 4.3342710211873055 -1
    endloop
  endfacet
  facet normal 0 0 1
    outer loop
      vertex 0.30698418617248535 3.6066097989678383 -1
      vertex 3.049654595553875 4.900568976998329 -1
      vertex 2.7147450000047684 4.916400000452995 -1
    endloop
  endfacet
  facet normal 0 0 1
    outer loop
      vertex 0.029315002262592316 3.1336300000548363 -1
      vertex 3.3723833709955215 4.853075921535492 -1
      vertex 3.049654595553875 4.900568976998329 -1
    endloop
  endfacet
  facet normal 0.8623755003336607 -0.5062691936354298 0
    outer loop
      vertex 0.029315002262592316 3.1336300000548363 -1
      vertex 0.30698418617248535 3.6066097989678383 0
      vertex 0.029315002262592316 3.1336300000548363 0
    endloop
  endfacet
  facet normal 0.7877153989874547 -0.6160393252041909 0
    outer loop
      vertex 0.30698418617248535 3.6066097989678383 -1
      vertex 0.6199745908379555 4.006823472678661 0
      vertex 0.30698418617248535 3.6066097989678383 0
    endloop
  endfacet
  facet normal 0.6849484470154142 -0.7285915350394707 0
    outer loop
      vertex 0.6199745908379555 4.006823472678661 -1
      vertex 0.9682862237095833 4.3342710211873055 0
      vertex 0.6199745908379555 4.006823472678661 0
    endloop
  endfacet
  facet normal 0.5530847155774233 -0.8331250190665508 0
    outer loop
      vertex 0.9682862237095833 4.3342710211873055 -1
      vertex 1.3519190847873688 4.588952451944351 0
      vertex 0.9682862237095833 4.3342710211873055 0
    endloop
  endfacet
  facet normal 0 0 1
    outer loop
      vertex 0.029315002262592316 3.1336300000548363 -1
      vertex 5.499082960188389 0.777099996805191 -1
      vertex 5.682219490408897 1.465039998292923 -1
    endloop
  endfacet
  facet normal 0 0 1
    outer loop
      vertex 0.029315002262592316 3.1336300000548363 -1
      vertex 3.682931326329708 4.7739208191633224 -1
      vertex 3.3723833709955215 4.853075921535492 -1
    endloop
  endfacet
  facet normal 0 0 1
    outer loop
      vertex 0.029315002262592316 3.1336300000548363 -1
      vertex 3.9812984690070152 4.663103669881821 -1
      vertex 3.682931326329708 4.7739208191633224 -1
    endloop
  endfacet
  facet normal 0 0 1
    outer loop
      vertex 0.029315002262592316 3.1336300000548363 -1
      vertex 4.267484799027443 4.520624488592148 -1
      vertex 3.9812984690070152 4.663103669881821 -1
    endloop
  endfacet
  facet normal 0 0 1
    outer loop
      vertex 0.029315002262592316 3.1336300000548363 -1
      vertex 4.803314998745918 4.1406800001859665 -1
      vertex 4.541490308940411 4.346483267843723 -1
    endloop
  endfacet
  facet normal 0 0 1
    outer loop
      vertex 0.029315002262592316 3.1336300000548363 -1
      vertex 5.052689492702484 3.9009024500846863 -1
      vertex 4.803314998745918 4.1406800001859665 -1
    endloop
  endfacet
  facet normal 0 0 1
    outer loop
      vertex 0.029315002262592316 3.1336300000548363 -1
      vertex 4.541490308940411 4.346483267843723 -1
      vertex 4.267484799027443 4.520624488592148 -1
    endloop
  endfacet
  facet normal 0 0 1
    outer loop
      vertex 0.029315002262592316 3.1336300000548363 -1
      vertex 5.682219490408897 1.465039998292923 -1
      vertex 5.743265002965927 2.1490200012922287 -1
    endloop
  endfacet
  facet normal 0 0 1
    outer loop
      vertex 0.029315002262592316 3.1336300000548363 -1
      vertex 5.743265002965927 2.1490200012922287 -1
      vertex 5.724082343280315 2.4782881662249565 -1
    endloop
  endfacet
  facet normal 0 0 1
    outer loop
      vertex 0.029315002262592316 3.1336300000548363 -1
      vertex 5.724082343280315 2.4782881662249565 -1
      vertex 5.666534386575222 2.7926412224769592 -1
    endloop
  endfacet
  facet normal 0 0 1
    outer loop
      vertex 0.029315002262592316 3.1336300000548363 -1
      vertex 5.666534386575222 2.7926412224769592 -1
      vertex 5.570621125400066 3.092079184949398 -1
    endloop
  endfacet
  facet normal 0 0 1
    outer loop
      vertex 0.029315002262592316 3.1336300000548363 -1
      vertex 5.570621125400066 3.092079184949398 -1
      vertex 5.436342552304268 3.3766020387411118 -1
    endloop
  endfacet
  facet normal 0 0 1
    outer loop
      vertex 0.029315002262592316 3.1336300000548363 -1
      vertex 5.263698674738407 3.6462097987532616 -1
      vertex 5.052689492702484 3.9009024500846863 -1
    endloop
  endfacet
  facet normal 0 0 1
    outer loop
      vertex 0.029315002262592316 3.1336300000548363 -1
      vertex 5.436342552304268 3.3766020387411118 -1
      vertex 5.263698674738407 3.6462097987532616 -1
    endloop
  endfacet
  facet normal -0.5363801024413152 -0.8439765314894984 0
    outer loop
      vertex 4.267484799027443 4.520624488592148 -1
      vertex 4.541490308940411 4.346483267843723 -1
      vertex 4.541490308940411 4.346483267843723 0
    endloop
  endfacet
  facet normal -0.5363801024413152 -0.8439765314894984 0
    outer loop
      vertex 4.267484799027443 4.520624488592148 -1
      vertex 4.541490308940411 4.346483267843723 0
      vertex 4.267484799027443 4.520624488592148 0
    endloop
  endfacet
  facet normal 0 0 1
    outer loop
      vertex 0.9682862237095833 4.3342710211873055 -1
      vertex 1.7708731666207314 4.770867757499218 -1
      vertex 1.3519190847873688 4.588952451944351 -1
    endloop
  endfacet
  facet normal 0 0 1
    outer loop
      vertex 0.9682862237095833 4.3342710211873055 -1
      vertex 2.225148469209671 4.880016937851906 -1
      vertex 1.7708731666207314 4.770867757499218 -1
    endloop
  endfacet
  facet normal 0 0 1
    outer loop
      vertex 0.6199745908379555 4.006823472678661 -1
      vertex 2.7147450000047684 4.916400000452995 -1
      vertex 2.225148469209671 4.880016937851906 -1
    endloop
  endfacet
  facet normal 0.5530847155774233 -0.8331250190665508 0
    outer loop
      vertex 0.9682862237095833 4.3342710211873055 -1
      vertex 1.3519190847873688 4.588952451944351 -1
      vertex 1.3519190847873688 4.588952451944351 0
    endloop
  endfacet
  facet normal 0.39828664510079254 -0.917261003386907 0
    outer loop
      vertex 1.3519190847873688 4.588952451944351 -1
      vertex 1.7708731666207314 4.770867757499218 -1
      vertex 1.7708731666207314 4.770867757499218 0
    endloop
  endfacet
  facet normal 0.23362209276429372 -0.9723274745539343 0
    outer loop
      vertex 1.7708731666207314 4.770867757499218 -1
      vertex 2.225148469209671 4.880016937851906 -1
      vertex 2.225148469209671 4.880016937851906 0
    endloop
  endfacet
  facet normal 0.39828664510079254 -0.917261003386907 0
    outer loop
      vertex 1.3519190847873688 4.588952451944351 -1
      vertex 1.7708731666207314 4.770867757499218 0
      vertex 1.3519190847873688 4.588952451944351 0
    endloop
  endfacet
  facet normal 0.23362209276429372 -0.9723274745539343 0
    outer loop
      vertex 1.7708731666207314 4.770867757499218 -1
      vertex 2.225148469209671 4.880016937851906 0
      vertex 1.7708731666207314 4.770867757499218 0
    endloop
  endfacet
  facet normal 0.07410799499210176 -0.9972502218993239 0
    outer loop
      vertex 2.225148469209671 4.880016937851906 -1
      vertex 2.7147450000047684 4.916400000452995 -1
      vertex 2.7147450000047684 4.916400000452995 0
    endloop
  endfacet
  facet normal -0.04721682135393151 -0.9988846639033111 0
    outer loop
      vertex 2.7147450000047684 4.916400000452995 -1
      vertex 3.049654595553875 4.900568976998329 -1
      vertex 3.049654595553875 4.900568976998329 0
    endloop
  endfacet
  facet normal -0.14559283602919929 -0.9893445942122363 0
    outer loop
      vertex 3.049654595553875 4.900568976998329 -1
      vertex 3.3723833709955215 4.853075921535492 -1
      vertex 3.3723833709955215 4.853075921535492 0
    endloop
  endfacet
  facet normal -0.246991456722008 -0.9690176573759327 0
    outer loop
      vertex 3.3723833709955215 4.853075921535492 -1
      vertex 3.682931326329708 4.7739208191633224 -1
      vertex 3.682931326329708 4.7739208191633224 0
    endloop
  endfacet
  facet normal -0.3481729116892701 -0.9374303299796821 0
    outer loop
      vertex 3.682931326329708 4.7739208191633224 -1
      vertex 3.9812984690070152 4.663103669881821 -1
      vertex 3.9812984690070152 4.663103669881821 0
    endloop
  endfacet
  facet normal -0.4456764972388796 -0.8951940905797374 0
    outer loop
      vertex 3.9812984690070152 4.663103669881821 -1
      vertex 4.267484799027443 4.520624488592148 -1
      vertex 4.267484799027443 4.520624488592148 0
    endloop
  endfacet
  facet normal 0.07410799499210176 -0.9972502218993239 0
    outer loop
      vertex 2.225148469209671 4.880016937851906 -1
      vertex 2.7147450000047684 4.916400000452995 0
      vertex 2.225148469209671 4.880016937851906 0
    endloop
  endfacet
  facet normal -0.04721682135393151 -0.9988846639033111 0
    outer loop
      vertex 2.7147450000047684 4.916400000452995 -1
      vertex 3.049654595553875 4.900568976998329 0
      vertex 2.7147450000047684 4.916400000452995 0
    endloop
  endfacet
  facet normal -0.14559283602919929 -0.9893445942122363 0
    outer loop
      vertex 3.049654595553875 4.900568976998329 -1
      vertex 3.3723833709955215 4.853075921535492 0
      vertex 3.049654595553875 4.900568976998329 0
    endloop
  endfacet
  facet normal -0.246991456722008 -0.9690176573759327 0
    outer loop
      vertex 3.3723833709955215 4.853075921535492 -1
      vertex 3.682931326329708 4.7739208191633224 0
      vertex 3.3723833709955215 4.853075921535492 0
    endloop
  endfacet
  facet normal -0.3481729116892701 -0.9374303299796821 0
    outer loop
      vertex 3.682931326329708 4.7739208191633224 -1
      vertex 3.9812984690070152 4.663103669881821 0
      vertex 3.682931326329708 4.7739208191633224 0
    endloop
  endfacet
  facet normal -0.4456764972388796 -0.8951940905797374 0
    outer loop
      vertex 3.9812984690070152 4.663103669881821 -1
      vertex 4.267484799027443 4.520624488592148 0
      vertex 3.9812984690070152 4.663103669881821 0
    endloop
  endfacet
  facet normal -0.914928761811672 0.4036153624550988 0
    outer loop
      vertex 5.193855404853821 0.0851999968290329 -1
      vertex 5.193855404853821 0.0851999968290329 0
      vertex 5.499082960188389 0.777099996805191 -1
    endloop
  endfacet
  facet normal -0.966344710510924 0.257250656884601 0
    outer loop
      vertex 5.499082960188389 0.777099996805191 -1
      vertex 5.499082960188389 0.777099996805191 0
      vertex 5.682219490408897 1.465039998292923 -1
    endloop
  endfacet
  facet normal -0.9960408173867616 0.08889707587717215 0
    outer loop
      vertex 5.682219490408897 1.465039998292923 -1
      vertex 5.682219490408897 1.465039998292923 0
      vertex 5.743265002965927 2.1490200012922287 -1
    endloop
  endfacet
  facet normal -0.914928761811672 0.4036153624550988 0
    outer loop
      vertex 5.499082960188389 0.777099996805191 -1
      vertex 5.193855404853821 0.0851999968290329 0
      vertex 5.499082960188389 0.777099996805191 0
    endloop
  endfacet
  facet normal -0.966344710510924 0.257250656884601 0
    outer loop
      vertex 5.682219490408897 1.465039998292923 -1
      vertex 5.499082960188389 0.777099996805191 0
      vertex 5.682219490408897 1.465039998292923 0
    endloop
  endfacet
  facet normal -0.9960408173867616 0.08889707587717215 0
    outer loop
      vertex 5.743265002965927 2.1490200012922287 -1
      vertex 5.682219490408897 1.465039998292923 0
      vertex 5.743265002965927 2.1490200012922287 0
    endloop
  endfacet
  facet normal -0.9043461188723266 -0.4267998328028719 0
    outer loop
      vertex 5.436342552304268 3.3766020387411118 -1
      vertex 5.570621125400066 3.092079184949398 -1
      vertex 5.570621125400066 3.092079184949398 0
    endloop
  endfacet
  facet normal -0.6179772496499181 -0.7861959799662694 0
    outer loop
      vertex 4.541490308940411 4.346483267843723 -1
      vertex 4.803314998745918 4.1406800001859665 -1
      vertex 4.803314998745918 4.1406800001859665 0
    endloop
  endfacet
  facet normal -0.6931002794751244 -0.7208411770920863 0
    outer loop
      vertex 4.803314998745918 4.1406800001859665 -1
      vertex 5.052689492702484 3.9009024500846863 -1
      vertex 5.052689492702484 3.9009024500846863 0
    endloop
  endfacet
  facet normal -0.7700540482467779 -0.637978653858222 0
    outer loop
      vertex 5.052689492702484 3.9009024500846863 -1
      vertex 5.263698674738407 3.6462097987532616 -1
      vertex 5.263698674738407 3.6462097987532616 0
    endloop
  endfacet
  facet normal -0.8421367723769234 -0.5392639952848491 0
    outer loop
      vertex 5.436342552304268 3.3766020387411118 -1
      vertex 5.436342552304268 3.3766020387411118 0
      vertex 5.263698674738407 3.6462097987532616 -1
    endloop
  endfacet
  facet normal -0.9983072829625992 -0.058159855431671535 0
    outer loop
      vertex 5.743265002965927 2.1490200012922287 -1
      vertex 5.743265002965927 2.1490200012922287 0
      vertex 5.724082343280315 2.4782881662249565 -1
    endloop
  endfacet
  facet normal -0.9836528340921112 -0.18007526754820466 0
    outer loop
      vertex 5.724082343280315 2.4782881662249565 -1
      vertex 5.724082343280315 2.4782881662249565 0
      vertex 5.666534386575222 2.7926412224769592 -1
    endloop
  endfacet
  facet normal -0.9523381473627492 -0.30504434608378894 0
    outer loop
      vertex 5.666534386575222 2.7926412224769592 -1
      vertex 5.666534386575222 2.7926412224769592 0
      vertex 5.570621125400066 3.092079184949398 -1
    endloop
  endfacet
  facet normal -0.9523381473627492 -0.30504434608378894 0
    outer loop
      vertex 5.570621125400066 3.092079184949398 -1
      vertex 5.666534386575222 2.7926412224769592 0
      vertex 5.570621125400066 3.092079184949398 0
    endloop
  endfacet
  facet normal -0.9043461188723266 -0.4267998328028719 0
    outer loop
      vertex 5.436342552304268 3.3766020387411118 -1
      vertex 5.570621125400066 3.092079184949398 0
      vertex 5.436342552304268 3.3766020387411118 0
    endloop
  endfacet
  facet normal -0.6179772496499181 -0.7861959799662694 0
    outer loop
      vertex 4.541490308940411 4.346483267843723 -1
      vertex 4.803314998745918 4.1406800001859665 0
      vertex 4.541490308940411 4.346483267843723 0
    endloop
  endfacet
  facet normal -0.6931002794751244 -0.7208411770920863 0
    outer loop
      vertex 4.803314998745918 4.1406800001859665 -1
      vertex 5.052689492702484 3.9009024500846863 0
      vertex 4.803314998745918 4.1406800001859665 0
    endloop
  endfacet
  facet normal -0.8421367723769234 -0.5392639952848491 0
    outer loop
      vertex 5.263698674738407 3.6462097987532616 -1
      vertex 5.436342552304268 3.3766020387411118 0
      vertex 5.263698674738407 3.6462097987532616 0
    endloop
  endfacet
  facet normal -0.7700540482467779 -0.637978653858222 0
    outer loop
      vertex 5.052689492702484 3.9009024500846863 -1
      vertex 5.263698674738407 3.6462097987532616 0
      vertex 5.052689492702484 3.9009024500846863 0
    endloop
  endfacet
  facet normal -0.9983072829625992 -0.058159855431671535 0
    outer loop
      vertex 5.724082343280315 2.4782881662249565 -1
      vertex 5.743265002965927 2.1490200012922287 0
      vertex 5.724082343280315 2.4782881662249565 0
    endloop
  endfacet
  facet normal -0.9836528340921112 -0.18007526754820466 0
    outer loop
      vertex 5.666534386575222 2.7926412224769592 -1
      vertex 5.724082343280315 2.4782881662249565 0
      vertex 5.666534386575222 2.7926412224769592 0
    endloop
  endfacet
  facet normal 0 0 -1
    outer loop
      vertex -5.736815907738206 -6.934619184982104 -5
      vertex -6.560717646792705 -6.160923953358196 -5
      vertex -5.723795235202753 -4.158580659969248 -5
    endloop
  endfacet
  facet normal 0 0 -1
    outer loop
      vertex -7.281152949374527 -5.2900672706322585 -5
      vertex -6.199869761310334 -3.4084072442696365 -5
      vertex -6.560717646792705 -6.160923953358196 -5
    endloop
  endfacet
  facet normal 0 0 -1
    outer loop
      vertex -6.560717646792705 -6.160923953358196 -5
      vertex -6.199869761310334 -3.4084072442696365 -5
      vertex -5.723795235202753 -4.158580659969248 -5
    endloop
  endfacet
  facet normal 0 0 -1
    outer loop
      vertex -5.736815907738206 -6.934619184982104 -5
      vertex -5.157453039006487 -4.843170774445471 -5
      vertex -4.50977472747198 -5.45138119263871 -5
    endloop
  endfacet
  facet normal 0 0 -1
    outer loop
      vertex -5.736815907738206 -6.934619184982104 -5
      vertex -4.50977472747198 -5.45138119263871 -5
      vertex -4.822441154810971 -7.598951329518135 -5
    endloop
  endfacet
  facet normal 0 0 -1
    outer loop
      vertex -5.736815907738206 -6.934619184982104 -5
      vertex -5.723795235202753 -4.158580659969248 -5
      vertex -5.157453039006487 -4.843170774445471 -5
    endloop
  endfacet
  facet normal -0.8443279255020154 -0.5358267949789962 0
    outer loop
      vertex -7.281152949374527 -5.2900672706322585 -5
      vertex -7.886760120394771 -4.335783066915439 0
      vertex -7.886760120394771 -4.335783066915439 -5
    endloop
  endfacet
  facet normal -0.770513242775789 -0.6374239897486901 0
    outer loop
      vertex -7.281152949374527 -5.2900672706322585 -5
      vertex -6.560717646792705 -6.160923953358196 -5
      vertex -7.281152949374527 -5.2900672706322585 0
    endloop
  endfacet
  facet normal -0.5877852522924731 -0.8090169943749475 0
    outer loop
      vertex -5.736815907738206 -6.934619184982104 -5
      vertex -4.822441154810971 -7.598951329518135 -5
      vertex -4.822441154810971 -7.598951329518135 0
    endloop
  endfacet
  facet normal -0.6845471059286888 -0.7289686274214114 0
    outer loop
      vertex -5.736815907738206 -6.934619184982104 -5
      vertex -5.736815907738206 -6.934619184982104 0
      vertex -6.560717646792705 -6.160923953358196 -5
    endloop
  endfacet
  facet normal 0 0 -1
    outer loop
      vertex -7.281152949374527 -5.2900672706322585 -5
      vertex -6.852725864985065 -1.759480951691348 -5
      vertex -6.578168637659379 -2.6044812102440957 -5
    endloop
  endfacet
  facet normal 0 0 -1
    outer loop
      vertex -7.281152949374527 -5.2900672706322585 -5
      vertex -7.019211511799931 -0.8867326274674513 -5
      vertex -6.852725864985065 -1.759480951691348 -5
    endloop
  endfacet
  facet normal 0 0 -1
    outer loop
      vertex -8.367988372994263 -3.313120974162101 -5
      vertex -8.71724845015768 -2.238208984483694 -5
      vertex -8.367988372994263 3.313120974162101 -5
    endloop
  endfacet
  facet normal 0 0 -1
    outer loop
      vertex -8.71724845015768 -2.238208984483694 -5
      vertex -8.929032311830301 -1.1279991020787365 -5
      vertex -8.71724845015768 2.238208984483694 -5
    endloop
  endfacet
  facet normal 0 0 -1
    outer loop
      vertex -7.886760120394771 -4.335783066915439 -5
      vertex -8.367988372994263 -3.313120974162101 -5
      vertex -7.886760120394771 4.335783066915439 -5
    endloop
  endfacet
  facet normal 0 0 -1
    outer loop
      vertex -7.281152949374527 -5.2900672706322585 -5
      vertex -7.886760120394771 -4.335783066915439 -5
      vertex -7.281152949374527 5.2900672706322585 -5
    endloop
  endfacet
  facet normal 0 0 -1
    outer loop
      vertex -7.281152949374527 -5.2900672706322585 -5
      vertex -7.075 0 -5
      vertex -7.019211511799931 -0.8867326274674513 -5
    endloop
  endfacet
  facet normal 0 0 -1
    outer loop
      vertex -7.281152949374527 -5.2900672706322585 -5
      vertex -6.578168637659379 -2.6044812102440957 -5
      vertex -6.199869761310334 -3.4084072442696365 -5
    endloop
  endfacet
  facet normal -0.9048270524660192 -0.4257792915650733 0
    outer loop
      vertex -7.886760120394771 -4.335783066915439 -5
      vertex -8.367988372994263 -3.313120974162101 0
      vertex -8.367988372994263 -3.313120974162101 -5
    endloop
  endfacet
  facet normal -0.9510565162951538 -0.30901699437494684 0
    outer loop
      vertex -8.367988372994263 -3.313120974162101 -5
      vertex -8.71724845015768 -2.238208984483694 0
      vertex -8.71724845015768 -2.238208984483694 -5
    endloop
  endfacet
  facet normal -0.9822872507286886 -0.1873813145857254 0
    outer loop
      vertex -8.71724845015768 -2.238208984483694 -5
      vertex -8.929032311830301 -1.1279991020787365 0
      vertex -8.929032311830301 -1.1279991020787365 -5
    endloop
  endfacet
  facet normal -0.9980267284282716 -0.06279051952931262 0
    outer loop
      vertex -8.929032311830301 -1.1279991020787365 -5
      vertex -9 0 0
      vertex -9 0 -5
    endloop
  endfacet
  facet normal 0 0 -1
    outer loop
      vertex -4.822441154810971 -7.598951329518135 -5
      vertex -3.7909745744764023 -5.973620072926756 -5
      vertex -3.832013624085652 -8.143443472194177 -5
    endloop
  endfacet
  facet normal 0 0 -1
    outer loop
      vertex -3.832013624085652 -8.143443472194177 -5
      vertex -3.7909745744764023 -5.973620072926756 -5
      vertex -3.0123884878228875 -6.401651396197089 -5
    endloop
  endfacet
  facet normal 0 0 -1
    outer loop
      vertex -3.832013624085652 -8.143443472194177 -5
      vertex -2.1862952352027527 -6.728724852788211 -5
      vertex -2.7811529493745266 -8.559508646656381 -5
    endloop
  endfacet
  facet normal 0 0 -1
    outer loop
      vertex -3.832013624085652 -8.143443472194177 -5
      vertex -3.0123884878228875 -6.401651396197089 -5
      vertex -2.1862952352027527 -6.728724852788211 -5
    endloop
  endfacet
  facet normal 0 0 -1
    outer loop
      vertex -4.822441154810971 -7.598951329518135 -5
      vertex -4.50977472747198 -5.45138119263871 -5
      vertex -3.7909745744764023 -5.973620072926756 -5
    endloop
  endfacet
  facet normal 0 0 -1
    outer loop
      vertex -2.7811529493745266 -8.559508646656381 -5
      vertex -1.3257228006940032 -6.949682298905472 -5
      vertex -1.6864318312715234 -8.840585256558198 -5
    endloop
  endfacet
  facet normal 0 0 -1
    outer loop
      vertex -2.7811529493745266 -8.559508646656381 -5
      vertex -2.1862952352027527 -6.728724852788211 -5
      vertex -1.3257228006940032 -6.949682298905472 -5
    endloop
  endfacet
  facet normal 0 0 -1
    outer loop
      vertex -1.6864318312715234 -8.840585256558198 -5
      vertex -1.3257228006940032 -6.949682298905472 -5
      vertex -0.4442429256698949 -7.061039103630021 -5
    endloop
  endfacet
  facet normal 0 0 -1
    outer loop
      vertex -1.6864318312715234 -8.840585256558198 -5
      vertex -0.4442429256698949 -7.061039103630021 -5
      vertex -0.5651146757638239 -8.982240555854444 -5
    endloop
  endfacet
  facet normal 0 0 -1
    outer loop
      vertex -0.5651146757638239 -8.982240555854444 -5
      vertex -0.4442429256698949 -7.061039103630021 -5
      vertex 0.4442429256698949 -7.061039103630021 -5
    endloop
  endfacet
  facet normal -0.48175367410171527 -0.8763066800438636 0
    outer loop
      vertex -4.822441154810971 -7.598951329518135 -5
      vertex -3.832013624085652 -8.143443472194177 -5
      vertex -3.832013624085652 -8.143443472194177 0
    endloop
  endfacet
  facet normal -0.3681245526846769 -0.9297764858882519 0
    outer loop
      vertex -3.832013624085652 -8.143443472194177 -5
      vertex -2.7811529493745266 -8.559508646656381 -5
      vertex -2.7811529493745266 -8.559508646656381 0
    endloop
  endfacet
  facet normal -0.2486898871648558 -0.9685831611286307 0
    outer loop
      vertex -2.7811529493745266 -8.559508646656381 -5
      vertex -1.6864318312715234 -8.840585256558198 -5
      vertex -1.6864318312715234 -8.840585256558198 0
    endloop
  endfacet
  facet normal -0.12533323356430498 -0.9921147013144778 0
    outer loop
      vertex -1.6864318312715234 -8.840585256558198 -5
      vertex -0.5651146757638239 -8.982240555854444 -5
      vertex -0.5651146757638239 -8.982240555854444 0
    endloop
  endfacet
  facet normal -0.770513242775789 -0.6374239897486901 0
    outer loop
      vertex -6.560717646792705 -6.160923953358196 -5
      vertex -6.560717646792705 -6.160923953358196 0
      vertex -7.281152949374527 -5.2900672706322585 0
    endloop
  endfacet
  facet normal -0.8443279255020154 -0.5358267949789962 0
    outer loop
      vertex -7.281152949374527 -5.2900672706322585 -5
      vertex -7.281152949374527 -5.2900672706322585 0
      vertex -7.886760120394771 -4.335783066915439 0
    endloop
  endfacet
  facet normal -0.5877852522924731 -0.8090169943749475 0
    outer loop
      vertex -5.736815907738206 -6.934619184982104 -5
      vertex -4.822441154810971 -7.598951329518135 0
      vertex -5.736815907738206 -6.934619184982104 0
    endloop
  endfacet
  facet normal -0.6845471059286888 -0.7289686274214114 0
    outer loop
      vertex -6.560717646792705 -6.160923953358196 -5
      vertex -5.736815907738206 -6.934619184982104 0
      vertex -6.560717646792705 -6.160923953358196 0
    endloop
  endfacet
  facet normal 0 0 1
    outer loop
      vertex -5.736815907738206 -6.934619184982104 0
      vertex -4.822441154810971 -7.598951329518135 0
      vertex -5.419546224176884 0.5303430631756783 0
    endloop
  endfacet
  facet normal -0.9048270524660192 -0.4257792915650733 0
    outer loop
      vertex -7.886760120394771 -4.335783066915439 -5
      vertex -7.886760120394771 -4.335783066915439 0
      vertex -8.367988372994263 -3.313120974162101 0
    endloop
  endfacet
  facet normal -0.9510565162951538 -0.30901699437494684 0
    outer loop
      vertex -8.367988372994263 -3.313120974162101 -5
      vertex -8.367988372994263 -3.313120974162101 0
      vertex -8.71724845015768 -2.238208984483694 0
    endloop
  endfacet
  facet normal -0.9822872507286886 -0.1873813145857254 0
    outer loop
      vertex -8.71724845015768 -2.238208984483694 -5
      vertex -8.71724845015768 -2.238208984483694 0
      vertex -8.929032311830301 -1.1279991020787365 0
    endloop
  endfacet
  facet normal -0.9980267284282716 -0.06279051952931262 0
    outer loop
      vertex -8.929032311830301 -1.1279991020787365 -5
      vertex -8.929032311830301 -1.1279991020787365 0
      vertex -9 0 0
    endloop
  endfacet
  facet normal 0 0 1
    outer loop
      vertex -7.886760120394771 -4.335783066915439 0
      vertex -8.367988372994263 3.313120974162101 0
      vertex -8.367988372994263 -3.313120974162101 0
    endloop
  endfacet
  facet normal 0 0 1
    outer loop
      vertex -8.71724845015768 -2.238208984483694 0
      vertex -8.929032311830301 1.1279991020787365 0
      vertex -8.929032311830301 -1.1279991020787365 0
    endloop
  endfacet
  facet normal 0 0 1
    outer loop
      vertex -8.367988372994263 -3.313120974162101 0
      vertex -8.71724845015768 2.238208984483694 0
      vertex -8.71724845015768 -2.238208984483694 0
    endloop
  endfacet
  facet normal 0 0 1
    outer loop
      vertex -7.281152949374527 -5.2900672706322585 0
      vertex -7.886760120394771 4.335783066915439 0
      vertex -7.886760120394771 -4.335783066915439 0
    endloop
  endfacet
  facet normal 0 0 1
    outer loop
      vertex -7.281152949374527 -5.2900672706322585 0
      vertex -6.560717646792705 -6.160923953358196 0
      vertex -7.281152949374527 5.2900672706322585 0
    endloop
  endfacet
  facet normal 0 0 1
    outer loop
      vertex -5.736815907738206 -6.934619184982104 0
      vertex -6.560717646792705 6.160923953358196 0
      vertex -6.560717646792705 -6.160923953358196 0
    endloop
  endfacet
  facet normal 0 0 1
    outer loop
      vertex -4.822441154810971 -7.598951329518135 0
      vertex -5.25787316262722 0.19359041005373 0
      vertex -5.419546224176884 0.5303430631756783 0
    endloop
  endfacet
  facet normal 0 0 1
    outer loop
      vertex -4.822441154810971 -7.598951329518135 0
      vertex -4.3541760221123695 -0.9707034677267075 0
      vertex -4.590305611491203 -0.7123740836977959 0
    endloop
  endfacet
  facet normal 0 0 1
    outer loop
      vertex -4.822441154810971 -7.598951329518135 0
      vertex -4.590305611491203 -0.7123740836977959 0
      vertex -4.826745003461838 -0.4543500021100044 0
    endloop
  endfacet
  facet normal 0 0 1
    outer loop
      vertex -4.822441154810971 -7.598951329518135 0
      vertex -4.826745003461838 -0.4543500021100044 0
      vertex -5.060272753238678 -0.13464061170816422 0
    endloop
  endfacet
  facet normal 0 0 1
    outer loop
      vertex -4.822441154810971 -7.598951329518135 0
      vertex -5.060272753238678 -0.13464061170816422 0
      vertex -5.25787316262722 0.19359041005373 0
    endloop
  endfacet
  facet normal 0 0 1
    outer loop
      vertex -5.736815907738206 -6.934619184982104 0
      vertex -5.545291937887669 0.8756173476576805 0
      vertex -5.635110303759575 1.2294132634997368 0
    endloop
  endfacet
  facet normal 0 0 1
    outer loop
      vertex -5.736815907738206 -6.934619184982104 0
      vertex -5.635110303759575 1.2294132634997368 0
      vertex -5.689001329243183 1.5917308181524277 0
    endloop
  endfacet
  facet normal 0 0 1
    outer loop
      vertex -5.736815907738206 -6.934619184982104 0
      vertex -5.689001329243183 1.5917308181524277 0
      vertex -5.706964999437332 1.962569996714592 0
    endloop
  endfacet
  facet normal 0 0 1
    outer loop
      vertex -5.736815907738206 -6.934619184982104 0
      vertex -5.419546224176884 0.5303430631756783 0
      vertex -5.545291937887669 0.8756173476576805 0
    endloop
  endfacet
  facet normal -0.3681245526846769 -0.9297764858882519 0
    outer loop
      vertex -3.832013624085652 -8.143443472194177 -5
      vertex -2.7811529493745266 -8.559508646656381 0
      vertex -3.832013624085652 -8.143443472194177 0
    endloop
  endfacet
  facet normal -0.48175367410171527 -0.8763066800438636 0
    outer loop
      vertex -4.822441154810971 -7.598951329518135 -5
      vertex -3.832013624085652 -8.143443472194177 0
      vertex -4.822441154810971 -7.598951329518135 0
    endloop
  endfacet
  facet normal -0.2486898871648558 -0.9685831611286307 0
    outer loop
      vertex -2.7811529493745266 -8.559508646656381 -5
      vertex -1.6864318312715234 -8.840585256558198 0
      vertex -2.7811529493745266 -8.559508646656381 0
    endloop
  endfacet
  facet normal -0.12533323356430498 -0.9921147013144778 0
    outer loop
      vertex -1.6864318312715234 -8.840585256558198 -5
      vertex -0.5651146757638239 -8.982240555854444 0
      vertex -1.6864318312715234 -8.840585256558198 0
    endloop
  endfacet
  facet normal 0 -1 0
    outer loop
      vertex -0.5651146757638239 -8.982240555854444 -5
      vertex 0.5651146757638239 -8.982240555854444 0
      vertex -0.5651146757638239 -8.982240555854444 0
    endloop
  endfacet
  facet normal 0 0 1
    outer loop
      vertex -2.7811529493745266 -8.559508646656381 0
      vertex -1.6864318312715234 -8.840585256558198 0
      vertex -2.4098249971866608 -5.914530001580715 0
    endloop
  endfacet
  facet normal 0 0 1
    outer loop
      vertex -4.822441154810971 -7.598951329518135 0
      vertex -3.832013624085652 -8.143443472194177 0
      vertex -4.3541760221123695 -0.9707034677267075 0
    endloop
  endfacet
  facet normal 0 0 1
    outer loop
      vertex -3.832013624085652 -8.143443472194177 0
      vertex -2.7811529493745266 -8.559508646656381 0
      vertex -3.178175002336502 -2.2669299989938736 0
    endloop
  endfacet
  facet normal 0 0 1
    outer loop
      vertex -2.7811529493745266 -8.559508646656381 0
      vertex -2.4098249971866608 -5.914530001580715 0
      vertex -2.9446472451090813 -2.59607020765543 0
    endloop
  endfacet
  facet normal 0 0 1
    outer loop
      vertex -2.9446472451090813 -2.59607020765543 0
      vertex -2.4098249971866608 -5.914530001580715 0
      vertex -2.3801452070474625 -5.747233472764492 0
    endloop
  endfacet
  facet normal 0 0 1
    outer loop
      vertex -2.9446472451090813 -2.59607020765543 0
      vertex -2.3801452070474625 -5.747233472764492 0
      vertex -2.3550315275788307 -5.582069590687752 0
    endloop
  endfacet
  facet normal 0 0 1
    outer loop
      vertex -2.3550315275788307 -5.582069590687752 0
      vertex -2.3344839811325073 -5.419038370251656 0
      vertex -2.747046835720539 -2.9355593845248222 0
    endloop
  endfacet
  facet normal 0 0 1
    outer loop
      vertex -2.3344839811325073 -5.419038370251656 0
      vertex -2.318502552807331 -5.258139796555042 0
      vertex -2.747046835720539 -2.9355593845248222 0
    endloop
  endfacet
  facet normal 0 0 1
    outer loop
      vertex -2.318502552807331 -5.258139796555042 0
      vertex -2.307087242603302 -5.099373877048492 0
      vertex -2.5853737741708755 -3.2853975519537926 0
    endloop
  endfacet
  facet normal 0 0 1
    outer loop
      vertex -1.6864318312715234 -8.840585256558198 0
      vertex -1.5500335693359375 -5.4895012229681015 0
      vertex -2.4098249971866608 -5.914530001580715 0
    endloop
  endfacet
  facet normal 0 0 1
    outer loop
      vertex -1.6864318312715234 -8.840585256558198 0
      vertex -0.5651146757638239 -8.982240555854444 0
      vertex -1.5500335693359375 -5.4895012229681015 0
    endloop
  endfacet
  facet normal 0 0 1
    outer loop
      vertex -0.5651146757638239 -8.982240555854444 0
      vertex 0.5651146757638239 -8.982240555854444 0
      vertex -0.7310364320874214 -5.054123468697071 0
    endloop
  endfacet
  facet normal 0 0 1
    outer loop
      vertex -0.5651146757638239 -8.982240555854444 0
      vertex -0.7310364320874214 -5.054123468697071 0
      vertex -1.5500335693359375 -5.4895012229681015 0
    endloop
  endfacet
  facet normal 0 0 1
    outer loop
      vertex 0.5651146757638239 -8.982240555854444 0
      vertex 0.047166429460048676 -4.608396731317043 0
      vertex -0.7310364320874214 -5.054123468697071 0
    endloop
  endfacet
  facet normal 0 0 1
    outer loop
      vertex -3.832013624085652 -8.143443472194177 0
      vertex -4.118356227874756 -1.2293381616473198 0
      vertex -4.3541760221123695 -0.9707034677267075 0
    endloop
  endfacet
  facet normal 0 0 1
    outer loop
      vertex -3.832013624085652 -8.143443472194177 0
      vertex -3.8828462213277817 -1.4882781654596329 0
      vertex -4.118356227874756 -1.2293381616473198 0
    endloop
  endfacet
  facet normal 0 0 1
    outer loop
      vertex -3.832013624085652 -8.143443472194177 0
      vertex -3.412755608558655 -2.0070740804076195 0
      vertex -3.647646017372608 -1.747523471713066 0
    endloop
  endfacet
  facet normal 0 0 1
    outer loop
      vertex -3.832013624085652 -8.143443472194177 0
      vertex -3.178175002336502 -2.2669299989938736 0
      vertex -3.412755608558655 -2.0070740804076195 0
    endloop
  endfacet
  facet normal 0 0 1
    outer loop
      vertex -3.832013624085652 -8.143443472194177 0
      vertex -3.647646017372608 -1.747523471713066 0
      vertex -3.8828462213277817 -1.4882781654596329 0
    endloop
  endfacet
  facet normal 0 0 1
    outer loop
      vertex -2.7811529493745266 -8.559508646656381 0
      vertex -2.9446472451090813 -2.59607020765543 0
      vertex -3.178175002336502 -2.2669299989938736 0
    endloop
  endfacet
  facet normal 0 0 1
    outer loop
      vertex -2.307087242603302 -5.099373877048492 0
      vertex -2.3002380579710007 -4.942740611732006 0
      vertex -2.5853737741708755 -3.2853975519537926 0
    endloop
  endfacet
  facet normal 0 0 1
    outer loop
      vertex -2.3002380579710007 -4.942740611732006 0
      vertex -2.297954998910427 -4.788240000605583 0
      vertex -2.4596280604600906 -3.6455846950411797 0
    endloop
  endfacet
  facet normal 0 0 1
    outer loop
      vertex -2.297954998910427 -4.788240000605583 0
      vertex -2.3159186765551567 -4.397005915641785 0
      vertex -2.4596280604600906 -3.6455846950411797 0
    endloop
  endfacet
  facet normal 0 0 1
    outer loop
      vertex -2.3002380579710007 -4.942740611732006 0
      vertex -2.4596280604600906 -3.6455846950411797 0
      vertex -2.5853737741708755 -3.2853975519537926 0
    endloop
  endfacet
  facet normal 0 0 1
    outer loop
      vertex -2.3159186765551567 -4.397005915641785 0
      vertex -2.3698096945881844 -4.0161208137869835 0
      vertex -2.4596280604600906 -3.6455846950411797 0
    endloop
  endfacet
  facet normal 0 0 1
    outer loop
      vertex -2.9446472451090813 -2.59607020765543 0
      vertex -2.3550315275788307 -5.582069590687752 0
      vertex -2.747046835720539 -2.9355593845248222 0
    endloop
  endfacet
  facet normal 0 0 1
    outer loop
      vertex -2.318502552807331 -5.258139796555042 0
      vertex -2.5853737741708755 -3.2853975519537926 0
      vertex -2.747046835720539 -2.9355593845248222 0
    endloop
  endfacet
  facet normal 0 0 -1
    outer loop
      vertex -8.929032311830301 -1.1279991020787365 -5
      vertex -9 0 -5
      vertex -8.929032311830301 1.1279991020787365 -5
    endloop
  endfacet
  facet normal 0 0 -1
    outer loop
      vertex -8.929032311830301 -1.1279991020787365 -5
      vertex -8.929032311830301 1.1279991020787365 -5
      vertex -8.71724845015768 2.238208984483694 -5
    endloop
  endfacet
  facet normal 0 0 -1
    outer loop
      vertex -8.71724845015768 -2.238208984483694 -5
      vertex -8.71724845015768 2.238208984483694 -5
      vertex -8.367988372994263 3.313120974162101 -5
    endloop
  endfacet
  facet normal 0 0 -1
    outer loop
      vertex -8.367988372994263 -3.313120974162101 -5
      vertex -8.367988372994263 3.313120974162101 -5
      vertex -7.886760120394771 4.335783066915439 -5
    endloop
  endfacet
  facet normal 0 0 -1
    outer loop
      vertex -7.281152949374527 -5.2900672706322585 -5
      vertex -7.281152949374527 5.2900672706322585 -5
      vertex -7.075 0 -5
    endloop
  endfacet
  facet normal 0 0 -1
    outer loop
      vertex -7.886760120394771 -4.335783066915439 -5
      vertex -7.886760120394771 4.335783066915439 -5
      vertex -7.281152949374527 5.2900672706322585 -5
    endloop
  endfacet
  facet normal 0 0 -1
    outer loop
      vertex -7.281152949374527 5.2900672706322585 -5
      vertex -7.019211511799931 0.8867326274674513 -5
      vertex -7.075 0 -5
    endloop
  endfacet
  facet normal 0 0 -1
    outer loop
      vertex -7.281152949374527 5.2900672706322585 -5
      vertex -6.852725864985065 1.759480951691348 -5
      vertex -7.019211511799931 0.8867326274674513 -5
    endloop
  endfacet
  facet normal 0 0 -1
    outer loop
      vertex -7.281152949374527 5.2900672706322585 -5
      vertex -6.560717646792705 6.160923953358196 -5
      vertex -6.852725864985065 1.759480951691348 -5
    endloop
  endfacet
  facet normal 0 0 -1
    outer loop
      vertex -6.560717646792705 6.160923953358196 -5
      vertex -6.578168637659379 2.6044812102440957 -5
      vertex -6.852725864985065 1.759480951691348 -5
    endloop
  endfacet
  facet normal 0 0 -1
    outer loop
      vertex -6.560717646792705 6.160923953358196 -5
      vertex -6.199869761310334 3.4084072442696365 -5
      vertex -6.578168637659379 2.6044812102440957 -5
    endloop
  endfacet
  facet normal -0.9980267284282716 0.06279051952931262 0
    outer loop
      vertex -9 0 -5
      vertex -8.929032311830301 1.1279991020787365 0
      vertex -8.929032311830301 1.1279991020787365 -5
    endloop
  endfacet
  facet normal -0.9822872507286886 0.1873813145857254 0
    outer loop
      vertex -8.929032311830301 1.1279991020787365 -5
      vertex -8.71724845015768 2.238208984483694 0
      vertex -8.71724845015768 2.238208984483694 -5
    endloop
  endfacet
  facet normal -0.9510565162951538 0.30901699437494684 0
    outer loop
      vertex -8.71724845015768 2.238208984483694 -5
      vertex -8.367988372994263 3.313120974162101 0
      vertex -8.367988372994263 3.313120974162101 -5
    endloop
  endfacet
  facet normal -0.9048270524660192 0.4257792915650733 0
    outer loop
      vertex -8.367988372994263 3.313120974162101 -5
      vertex -7.886760120394771 4.335783066915439 0
      vertex -7.886760120394771 4.335783066915439 -5
    endloop
  endfacet
  facet normal 0 0 -1
    outer loop
      vertex -5.736815907738206 6.934619184982104 -5
      vertex -5.723795235202753 4.158580659969248 -5
      vertex -6.199869761310334 3.4084072442696365 -5
    endloop
  endfacet
  facet normal 0 0 -1
    outer loop
      vertex -6.560717646792705 6.160923953358196 -5
      vertex -5.736815907738206 6.934619184982104 -5
      vertex -6.199869761310334 3.4084072442696365 -5
    endloop
  endfacet
  facet normal 0 0 -1
    outer loop
      vertex -5.736815907738206 6.934619184982104 -5
      vertex -5.157453039006487 4.843170774445471 -5
      vertex -5.723795235202753 4.158580659969248 -5
    endloop
  endfacet
  facet normal 0 0 -1
    outer loop
      vertex -5.736815907738206 6.934619184982104 -5
      vertex -4.822441154810971 7.598951329518135 -5
      vertex -5.157453039006487 4.843170774445471 -5
    endloop
  endfacet
  facet normal 0 0 -1
    outer loop
      vertex -4.822441154810971 7.598951329518135 -5
      vertex -4.50977472747198 5.45138119263871 -5
      vertex -5.157453039006487 4.843170774445471 -5
    endloop
  endfacet
  facet normal -0.8443279255020154 0.5358267949789962 0
    outer loop
      vertex -7.886760120394771 4.335783066915439 -5
      vertex -7.281152949374527 5.2900672706322585 0
      vertex -7.281152949374527 5.2900672706322585 -5
    endloop
  endfacet
  facet normal -0.770513242775789 0.6374239897486901 0
    outer loop
      vertex -7.281152949374527 5.2900672706322585 -5
      vertex -6.560717646792705 6.160923953358196 0
      vertex -6.560717646792705 6.160923953358196 -5
    endloop
  endfacet
  facet normal -0.6845471059286888 0.7289686274214114 0
    outer loop
      vertex -6.560717646792705 6.160923953358196 -5
      vertex -6.560717646792705 6.160923953358196 0
      vertex -5.736815907738206 6.934619184982104 -5
    endloop
  endfacet
  facet normal -0.5877852522924731 0.8090169943749475 0
    outer loop
      vertex -5.736815907738206 6.934619184982104 -5
      vertex -5.736815907738206 6.934619184982104 0
      vertex -4.822441154810971 7.598951329518135 -5
    endloop
  endfacet
  facet normal 0 0 -1
    outer loop
      vertex -3.8320136240856546 8.143443472194175 -5
      vertex -3.7909745744764023 5.973620072926756 -5
      vertex -4.50977472747198 5.45138119263871 -5
    endloop
  endfacet
  facet normal 0 0 -1
    outer loop
      vertex -4.822441154810971 7.598951329518135 -5
      vertex -3.8320136240856546 8.143443472194175 -5
      vertex -4.50977472747198 5.45138119263871 -5
    endloop
  endfacet
  facet normal 0 0 -1
    outer loop
      vertex -3.8320136240856546 8.143443472194175 -5
      vertex -3.0123884878228897 6.401651396197088 -5
      vertex -3.7909745744764023 5.973620072926756 -5
    endloop
  endfacet
  facet normal 0 0 -1
    outer loop
      vertex -3.8320136240856546 8.143443472194175 -5
      vertex -2.7811529493745266 8.559508646656381 -5
      vertex -3.0123884878228897 6.401651396197088 -5
    endloop
  endfacet
  facet normal 0 0 -1
    outer loop
      vertex -2.7811529493745266 8.559508646656381 -5
      vertex -2.1862952352027527 6.728724852788211 -5
      vertex -3.0123884878228897 6.401651396197088 -5
    endloop
  endfacet
  facet normal 0 0 -1
    outer loop
      vertex -1.6864318312715212 8.840585256558198 -5
      vertex -1.3257228006940014 6.949682298905473 -5
      vertex -2.1862952352027527 6.728724852788211 -5
    endloop
  endfacet
  facet normal 0 0 -1
    outer loop
      vertex -2.7811529493745266 8.559508646656381 -5
      vertex -1.6864318312715212 8.840585256558198 -5
      vertex -2.1862952352027527 6.728724852788211 -5
    endloop
  endfacet
  facet normal 0 0 -1
    outer loop
      vertex -1.6864318312715212 8.840585256558198 -5
      vertex -0.5651146757638195 8.982240555854444 -5
      vertex -1.3257228006940014 6.949682298905473 -5
    endloop
  endfacet
  facet normal 0 0 -1
    outer loop
      vertex -0.5651146757638195 8.982240555854444 -5
      vertex -0.44424292566989143 7.061039103630021 -5
      vertex -1.3257228006940014 6.949682298905473 -5
    endloop
  endfacet
  facet normal 0 0 -1
    outer loop
      vertex -0.5651146757638195 8.982240555854444 -5
      vertex 0.44424292566989093 7.061039103630021 -5
      vertex -0.44424292566989143 7.061039103630021 -5
    endloop
  endfacet
  facet normal -0.481753674101715 0.8763066800438638 0
    outer loop
      vertex -4.822441154810971 7.598951329518135 -5
      vertex -4.822441154810971 7.598951329518135 0
      vertex -3.8320136240856546 8.143443472194175 -5
    endloop
  endfacet
  facet normal -0.3681245526846775 0.9297764858882516 0
    outer loop
      vertex -3.8320136240856546 8.143443472194175 -5
      vertex -3.8320136240856546 8.143443472194175 0
      vertex -2.7811529493745266 8.559508646656381 -5
    endloop
  endfacet
  facet normal -0.24868988716485532 0.968583161128631 0
    outer loop
      vertex -2.7811529493745266 8.559508646656381 -5
      vertex -2.7811529493745266 8.559508646656381 0
      vertex -1.6864318312715212 8.840585256558198 -5
    endloop
  endfacet
  facet normal -0.12533323356430473 0.9921147013144779 0
    outer loop
      vertex -1.6864318312715212 8.840585256558198 -5
      vertex -1.6864318312715212 8.840585256558198 0
      vertex -0.5651146757638195 8.982240555854444 -5
    endloop
  endfacet
  facet normal 0 1 0
    outer loop
      vertex -0.5651146757638195 8.982240555854444 -5
      vertex -0.5651146757638195 8.982240555854444 0
      vertex 0.5651146757638195 8.982240555854444 -5
    endloop
  endfacet
  facet normal -0.9980267284282716 0.06279051952931262 0
    outer loop
      vertex -9 0 -5
      vertex -9 0 0
      vertex -8.929032311830301 1.1279991020787365 0
    endloop
  endfacet
  facet normal -0.9822872507286886 0.1873813145857254 0
    outer loop
      vertex -8.929032311830301 1.1279991020787365 -5
      vertex -8.929032311830301 1.1279991020787365 0
      vertex -8.71724845015768 2.238208984483694 0
    endloop
  endfacet
  facet normal -0.9510565162951538 0.30901699437494684 0
    outer loop
      vertex -8.71724845015768 2.238208984483694 -5
      vertex -8.71724845015768 2.238208984483694 0
      vertex -8.367988372994263 3.313120974162101 0
    endloop
  endfacet
  facet normal -0.9048270524660192 0.4257792915650733 0
    outer loop
      vertex -8.367988372994263 3.313120974162101 -5
      vertex -8.367988372994263 3.313120974162101 0
      vertex -7.886760120394771 4.335783066915439 0
    endloop
  endfacet
  facet normal 0 0 1
    outer loop
      vertex -8.929032311830301 -1.1279991020787365 0
      vertex -8.929032311830301 1.1279991020787365 0
      vertex -9 0 0
    endloop
  endfacet
  facet normal 0 0 1
    outer loop
      vertex -8.71724845015768 -2.238208984483694 0
      vertex -8.71724845015768 2.238208984483694 0
      vertex -8.929032311830301 1.1279991020787365 0
    endloop
  endfacet
  facet normal 0 0 1
    outer loop
      vertex -8.367988372994263 -3.313120974162101 0
      vertex -8.367988372994263 3.313120974162101 0
      vertex -8.71724845015768 2.238208984483694 0
    endloop
  endfacet
  facet normal 0 0 1
    outer loop
      vertex -7.886760120394771 -4.335783066915439 0
      vertex -7.886760120394771 4.335783066915439 0
      vertex -8.367988372994263 3.313120974162101 0
    endloop
  endfacet
  facet normal 0 0 1
    outer loop
      vertex -7.281152949374527 -5.2900672706322585 0
      vertex -7.281152949374527 5.2900672706322585 0
      vertex -7.886760120394771 4.335783066915439 0
    endloop
  endfacet
  facet normal 0 0 1
    outer loop
      vertex -6.560717646792705 -6.160923953358196 0
      vertex -6.560717646792705 6.160923953358196 0
      vertex -7.281152949374527 5.2900672706322585 0
    endloop
  endfacet
  facet normal 0 0 1
    outer loop
      vertex -5.736815907738206 -6.934619184982104 0
      vertex -5.706964999437332 1.962569996714592 0
      vertex -5.736815907738206 6.934619184982104 0
    endloop
  endfacet
  facet normal 0 0 1
    outer loop
      vertex -5.736815907738206 -6.934619184982104 0
      vertex -5.736815907738206 6.934619184982104 0
      vertex -6.560717646792705 6.160923953358196 0
    endloop
  endfacet
  facet normal 0 0 1
    outer loop
      vertex -5.736815907738206 6.934619184982104 0
      vertex -5.706964999437332 1.962569996714592 0
      vertex -5.689230307936668 2.3218973502516747 0
    endloop
  endfacet
  facet normal 0 0 1
    outer loop
      vertex -5.736815907738206 6.934619184982104 0
      vertex -5.689230307936668 2.3218973502516747 0
      vertex -5.6360262259840965 2.662502244114876 0
    endloop
  endfacet
  facet normal 0 0 1
    outer loop
      vertex -5.736815907738206 6.934619184982104 0
      vertex -5.6360262259840965 2.662502244114876 0
      vertex -5.5473527535796165 2.9843846932053566 0
    endloop
  endfacet
  facet normal 0 0 1
    outer loop
      vertex -5.736815907738206 6.934619184982104 0
      vertex -5.5473527535796165 2.9843846932053566 0
      vertex -5.423209898173809 3.287544697523117 0
    endloop
  endfacet
  facet normal -0.8443279255020154 0.5358267949789962 0
    outer loop
      vertex -7.886760120394771 4.335783066915439 -5
      vertex -7.886760120394771 4.335783066915439 0
      vertex -7.281152949374527 5.2900672706322585 0
    endloop
  endfacet
  facet normal -0.770513242775789 0.6374239897486901 0
    outer loop
      vertex -7.281152949374527 5.2900672706322585 -5
      vertex -7.281152949374527 5.2900672706322585 0
      vertex -6.560717646792705 6.160923953358196 0
    endloop
  endfacet
  facet normal -0.6845471059286888 0.7289686274214114 0
    outer loop
      vertex -5.736815907738206 6.934619184982104 -5
      vertex -6.560717646792705 6.160923953358196 0
      vertex -5.736815907738206 6.934619184982104 0
    endloop
  endfacet
  facet normal -0.5877852522924731 0.8090169943749475 0
    outer loop
      vertex -4.822441154810971 7.598951329518135 -5
      vertex -5.736815907738206 6.934619184982104 0
      vertex -4.822441154810971 7.598951329518135 0
    endloop
  endfacet
  facet normal 0 0 1
    outer loop
      vertex -5.736815907738206 6.934619184982104 0
      vertex -5.423209898173809 3.287544697523117 0
      vertex -5.2635976523160934 3.571982242166996 0
    endloop
  endfacet
  facet normal 0 0 1
    outer loop
      vertex -5.736815907738206 6.934619184982104 0
      vertex -5.2635976523160934 3.571982242166996 0
      vertex -5.06851602345705 3.837697349488735 0
    endloop
  endfacet
  facet normal 0 0 1
    outer loop
      vertex -5.736815907738206 6.934619184982104 0
      vertex -5.06851602345705 3.837697349488735 0
      vertex -4.8379649966955185 4.084689997136593 0
    endloop
  endfacet
  facet normal 0 0 1
    outer loop
      vertex -5.736815907738206 6.934619184982104 0
      vertex -4.8379649966955185 4.084689997136593 0
      vertex -4.580897241830826 4.305347755551338 0
    endloop
  endfacet
  facet normal 0 0 1
    outer loop
      vertex -4.822441154810971 7.598951329518135 0
      vertex -4.580897241830826 4.305347755551338 0
      vertex -4.306328266859055 4.492058165371418 0
    endloop
  endfacet
  facet normal 0 0 1
    outer loop
      vertex -5.736815907738206 6.934619184982104 0
      vertex -4.580897241830826 4.305347755551338 0
      vertex -4.822441154810971 7.598951329518135 0
    endloop
  endfacet
  facet normal -0.481753674101715 0.8763066800438638 0
    outer loop
      vertex -3.8320136240856546 8.143443472194175 -5
      vertex -4.822441154810971 7.598951329518135 0
      vertex -3.8320136240856546 8.143443472194175 0
    endloop
  endfacet
  facet normal -0.3681245526846775 0.9297764858882516 0
    outer loop
      vertex -2.7811529493745266 8.559508646656381 -5
      vertex -3.8320136240856546 8.143443472194175 0
      vertex -2.7811529493745266 8.559508646656381 0
    endloop
  endfacet
  facet normal -0.24868988716485532 0.968583161128631 0
    outer loop
      vertex -1.6864318312715212 8.840585256558198 -5
      vertex -2.7811529493745266 8.559508646656381 0
      vertex -1.6864318312715212 8.840585256558198 0
    endloop
  endfacet
  facet normal -0.12533323356430473 0.9921147013144779 0
    outer loop
      vertex -0.5651146757638195 8.982240555854444 -5
      vertex -1.6864318312715212 8.840585256558198 0
      vertex -0.5651146757638195 8.982240555854444 0
    endloop
  endfacet
  facet normal 0 0 1
    outer loop
      vertex -4.822441154810971 7.598951329518135 0
      vertex -4.306328266859055 4.492058165371418 0
      vertex -4.014258064329624 4.644821226596832 0
    endloop
  endfacet
  facet normal 0 0 1
    outer loop
      vertex -4.822441154810971 7.598951329518135 0
      vertex -4.014258064329624 4.644821226596832 0
      vertex -3.7046866342425346 4.763636939227581 0
    endloop
  endfacet
  facet normal 0 0 1
    outer loop
      vertex -3.8320136240856546 8.143443472194175 0
      vertex -3.7046866342425346 4.763636939227581 0
      vertex -3.377613976597786 4.848505303263664 0
    endloop
  endfacet
  facet normal 0 0 1
    outer loop
      vertex -3.8320136240856546 8.143443472194175 0
      vertex -3.377613976597786 4.848505303263664 0
      vertex -3.0330400988459587 4.8994263261556625 0
    endloop
  endfacet
  facet normal 0 0 1
    outer loop
      vertex -3.8320136240856546 8.143443472194175 0
      vertex -3.0330400988459587 4.8994263261556625 0
      vertex -2.670965000987053 4.916400000452995 0
    endloop
  endfacet
  facet normal 0 0 1
    outer loop
      vertex -2.7811529493745266 8.559508646656381 0
      vertex -2.670965000987053 4.916400000452995 0
      vertex -2.419924795627594 4.90696244686842 0
    endloop
  endfacet
  facet normal 0 0 1
    outer loop
      vertex -2.7811529493745266 8.559508646656381 0
      vertex -2.419924795627594 4.90696244686842 0
      vertex -2.1740613281726837 4.878649793565273 0
    endloop
  endfacet
  facet normal 0 0 1
    outer loop
      vertex -4.822441154810971 7.598951329518135 0
      vertex -3.7046866342425346 4.763636939227581 0
      vertex -3.8320136240856546 8.143443472194175 0
    endloop
  endfacet
  facet normal 0 0 1
    outer loop
      vertex -3.8320136240856546 8.143443472194175 0
      vertex -2.670965000987053 4.916400000452995 0
      vertex -2.7811529493745266 8.559508646656381 0
    endloop
  endfacet
  facet normal 0 0 1
    outer loop
      vertex -1.6864318312715212 8.840585256558198 0
      vertex -1.9333745911717415 4.831462040543556 0
      vertex -1.697864592075348 4.765399180352688 0
    endloop
  endfacet
  facet normal 0 0 1
    outer loop
      vertex -1.6864318312715212 8.840585256558198 0
      vertex -2.1740613281726837 4.878649793565273 0
      vertex -1.9333745911717415 4.831462040543556 0
    endloop
  endfacet
  facet normal 0 0 1
    outer loop
      vertex -1.6864318312715212 8.840585256558198 0
      vertex -1.697864592075348 4.765399180352688 0
      vertex -1.4675313234329224 4.680461227893829 0
    endloop
  endfacet
  facet normal 0 0 1
    outer loop
      vertex -1.6864318312715212 8.840585256558198 0
      vertex -1.4675313234329224 4.680461227893829 0
      vertex -1.2423747926950455 4.576648160815239 0
    endloop
  endfacet
  facet normal 0 0 1
    outer loop
      vertex -0.5651146757638195 8.982240555854444 0
      vertex -0.27344316244125366 3.7744024470448494 0
      vertex -0.1478613242506981 3.573297753930092 0
    endloop
  endfacet
  facet normal 0 0 1
    outer loop
      vertex -0.5651146757638195 8.982240555854444 0
      vertex -0.4236874505877495 3.9630210176110268 0
      vertex -0.27344316244125366 3.7744024470448494 0
    endloop
  endfacet
  facet normal 0 0 1
    outer loop
      vertex -0.5651146757638195 8.982240555854444 0
      vertex -0.1478613242506981 3.573297753930092 0
      vertex 0.30698418617248535 3.6066097989678383 0
    endloop
  endfacet
  facet normal 0 0 1
    outer loop
      vertex -0.5651146757638195 8.982240555854444 0
      vertex -1.2423747926950455 4.576648160815239 0
      vertex -1.0223949998617172 4.4539600014686584 0
    endloop
  endfacet
  facet normal 0 0 1
    outer loop
      vertex -0.5651146757638195 8.982240555854444 0
      vertex -0.7981633692979813 4.302799798548222 0
      vertex -0.598594181239605 4.139153473079205 0
    endloop
  endfacet
  facet normal 0 0 1
    outer loop
      vertex -0.5651146757638195 8.982240555854444 0
      vertex -1.0223949998617172 4.4539600014686584 0
      vertex -0.7981633692979813 4.302799798548222 0
    endloop
  endfacet
  facet normal 0 0 1
    outer loop
      vertex -0.5651146757638195 8.982240555854444 0
      vertex -0.598594181239605 4.139153473079205 0
      vertex -0.4236874505877495 3.9630210176110268 0
    endloop
  endfacet
  facet normal 0 0 1
    outer loop
      vertex -2.7811529493745266 8.559508646656381 0
      vertex -2.1740613281726837 4.878649793565273 0
      vertex -1.6864318312715212 8.840585256558198 0
    endloop
  endfacet
  facet normal 0 0 1
    outer loop
      vertex -1.6864318312715212 8.840585256558198 0
      vertex -1.2423747926950455 4.576648160815239 0
      vertex -0.5651146757638195 8.982240555854444 0
    endloop
  endfacet
  facet normal 0 0 -1
    outer loop
      vertex -0.5651146757638239 -8.982240555854444 -5
      vertex 0.4442429256698949 -7.061039103630021 -5
      vertex 0.5651146757638239 -8.982240555854444 -5
    endloop
  endfacet
  facet normal 0 0 -1
    outer loop
      vertex 0.5651146757638239 -8.982240555854444 -5
      vertex 0.4442429256698949 -7.061039103630021 -5
      vertex 1.3257228006940032 -6.949682298905472 -5
    endloop
  endfacet
  facet normal 0 0 -1
    outer loop
      vertex 0.5651146757638239 -8.982240555854444 -5
      vertex 1.3257228006940032 -6.949682298905472 -5
      vertex 1.6864318312715234 -8.840585256558198 -5
    endloop
  endfacet
  facet normal 0 0 -1
    outer loop
      vertex 1.6864318312715234 -8.840585256558198 -5
      vertex 2.1862952352027527 -6.728724852788211 -5
      vertex 2.7811529493745266 -8.559508646656381 -5
    endloop
  endfacet
  facet normal 0 0 -1
    outer loop
      vertex 1.6864318312715234 -8.840585256558198 -5
      vertex 1.3257228006940032 -6.949682298905472 -5
      vertex 2.1862952352027527 -6.728724852788211 -5
    endloop
  endfacet
  facet normal 0 0 -1
    outer loop
      vertex 2.7811529493745266 -8.559508646656381 -5
      vertex 2.1862952352027527 -6.728724852788211 -5
      vertex 3.0123884878228875 -6.401651396197089 -5
    endloop
  endfacet
  facet normal 0 0 -1
    outer loop
      vertex 2.7811529493745266 -8.559508646656381 -5
      vertex 3.0123884878228875 -6.401651396197089 -5
      vertex 3.832013624085652 -8.143443472194177 -5
    endloop
  endfacet
  facet normal 0 0 -1
    outer loop
      vertex 3.832013624085652 -8.143443472194177 -5
      vertex 3.0123884878228875 -6.401651396197089 -5
      vertex 3.7909745744763983 -5.973620072926758 -5
    endloop
  endfacet
  facet normal 0 0 -1
    outer loop
      vertex 3.832013624085652 -8.143443472194177 -5
      vertex 4.5097747274719815 -5.451381192638707 -5
      vertex 4.822441154810966 -7.598951329518138 -5
    endloop
  endfacet
  facet normal 0 0 -1
    outer loop
      vertex 3.832013624085652 -8.143443472194177 -5
      vertex 3.7909745744763983 -5.973620072926758 -5
      vertex 4.5097747274719815 -5.451381192638707 -5
    endloop
  endfacet
  facet normal 0 -1 0
    outer loop
      vertex -0.5651146757638239 -8.982240555854444 -5
      vertex 0.5651146757638239 -8.982240555854444 -5
      vertex 0.5651146757638239 -8.982240555854444 0
    endloop
  endfacet
  facet normal 0.12533323356430498 -0.9921147013144778 0
    outer loop
      vertex 0.5651146757638239 -8.982240555854444 -5
      vertex 1.6864318312715234 -8.840585256558198 -5
      vertex 1.6864318312715234 -8.840585256558198 0
    endloop
  endfacet
  facet normal 0.2486898871648558 -0.9685831611286307 0
    outer loop
      vertex 1.6864318312715234 -8.840585256558198 -5
      vertex 2.7811529493745266 -8.559508646656381 -5
      vertex 2.7811529493745266 -8.559508646656381 0
    endloop
  endfacet
  facet normal 0.3681245526846769 -0.9297764858882519 0
    outer loop
      vertex 2.7811529493745266 -8.559508646656381 -5
      vertex 3.832013624085652 -8.143443472194177 -5
      vertex 3.832013624085652 -8.143443472194177 0
    endloop
  endfacet
  facet normal 0.48175367410171505 -0.8763066800438637 0
    outer loop
      vertex 3.832013624085652 -8.143443472194177 -5
      vertex 4.822441154810966 -7.598951329518138 -5
      vertex 4.822441154810966 -7.598951329518138 0
    endloop
  endfacet
  facet normal 0 0 -1
    outer loop
      vertex 4.822441154810966 -7.598951329518138 -5
      vertex 4.5097747274719815 -5.451381192638707 -5
      vertex 5.157453039006487 -4.843170774445471 -5
    endloop
  endfacet
  facet normal 0 0 -1
    outer loop
      vertex 4.822441154810966 -7.598951329518138 -5
      vertex 5.157453039006487 -4.843170774445471 -5
      vertex 5.73681590773821 -6.934619184982101 -5
    endloop
  endfacet
  facet normal 0 0 -1
    outer loop
      vertex 5.73681590773821 -6.934619184982101 -5
      vertex 5.157453039006487 -4.843170774445471 -5
      vertex 5.723795235202753 -4.158580659969248 -5
    endloop
  endfacet
  facet normal 0 0 -1
    outer loop
      vertex 5.73681590773821 -6.934619184982101 -5
      vertex 6.199869761310334 -3.4084072442696365 -5
      vertex 6.560717646792705 -6.160923953358196 -5
    endloop
  endfacet
  facet normal 0 0 -1
    outer loop
      vertex 5.73681590773821 -6.934619184982101 -5
      vertex 5.723795235202753 -4.158580659969248 -5
      vertex 6.199869761310334 -3.4084072442696365 -5
    endloop
  endfacet
  facet normal 0.5877852522924728 -0.8090169943749476 0
    outer loop
      vertex 4.822441154810966 -7.598951329518138 -5
      vertex 5.73681590773821 -6.934619184982101 -5
      vertex 5.73681590773821 -6.934619184982101 0
    endloop
  endfacet
  facet normal 0.6845471059286891 -0.728968627421411 0
    outer loop
      vertex 5.73681590773821 -6.934619184982101 -5
      vertex 6.560717646792705 -6.160923953358196 -5
      vertex 6.560717646792705 -6.160923953358196 0
    endloop
  endfacet
  facet normal 0.770513242775789 -0.6374239897486901 0
    outer loop
      vertex 6.560717646792705 -6.160923953358196 -5
      vertex 7.281152949374527 -5.2900672706322585 -5
      vertex 6.560717646792705 -6.160923953358196 0
    endloop
  endfacet
  facet normal 0.8443279255020154 -0.5358267949789962 0
    outer loop
      vertex 7.281152949374527 -5.2900672706322585 -5
      vertex 7.886760120394771 -4.335783066915439 -5
      vertex 7.281152949374527 -5.2900672706322585 0
    endloop
  endfacet
  facet normal 0 0 -1
    outer loop
      vertex 6.560717646792705 -6.160923953358196 -5
      vertex 6.199869761310334 -3.4084072442696365 -5
      vertex 6.5781686376593775 -2.6044812102440993 -5
    endloop
  endfacet
  facet normal 0 0 -1
    outer loop
      vertex 6.560717646792705 -6.160923953358196 -5
      vertex 6.5781686376593775 -2.6044812102440993 -5
      vertex 6.852725864985066 -1.7594809516913452 -5
    endloop
  endfacet
  facet normal 0 0 -1
    outer loop
      vertex 6.560717646792705 -6.160923953358196 -5
      vertex 6.852725864985066 -1.7594809516913452 -5
      vertex 7.281152949374527 -5.2900672706322585 -5
    endloop
  endfacet
  facet normal 0 0 -1
    outer loop
      vertex 7.281152949374527 -5.2900672706322585 -5
      vertex 6.852725864985066 -1.7594809516913452 -5
      vertex 7.019211511799931 -0.8867326274674513 -5
    endloop
  endfacet
  facet normal 0 0 -1
    outer loop
      vertex 7.281152949374527 -5.2900672706322585 -5
      vertex 7.019211511799931 -0.8867326274674513 -5
      vertex 7.075 0 -5
    endloop
  endfacet
  facet normal 0 0 -1
    outer loop
      vertex 7.281152949374527 -5.2900672706322585 -5
      vertex 7.886760120394772 4.335783066915438 -5
      vertex 7.886760120394771 -4.335783066915439 -5
    endloop
  endfacet
  facet normal 0 0 -1
    outer loop
      vertex 7.886760120394771 -4.335783066915439 -5
      vertex 8.367988372994262 3.3131209741621017 -5
      vertex 8.367988372994262 -3.3131209741621053 -5
    endloop
  endfacet
  facet normal 0 0 -1
    outer loop
      vertex 8.367988372994262 -3.3131209741621053 -5
      vertex 8.71724845015768 2.238208984483693 -5
      vertex 8.717248450157681 -2.23820898448369 -5
    endloop
  endfacet
  facet normal 0 0 -1
    outer loop
      vertex 8.717248450157681 -2.23820898448369 -5
      vertex 8.929032311830301 1.1279991020787383 -5
      vertex 8.929032311830301 -1.1279991020787365 -5
    endloop
  endfacet
  facet normal 0.9048270524660191 -0.42577929156507355 0
    outer loop
      vertex 7.886760120394771 -4.335783066915439 -5
      vertex 8.367988372994262 -3.3131209741621053 -5
      vertex 7.886760120394771 -4.335783066915439 0
    endloop
  endfacet
  facet normal 0.9510565162951535 -0.30901699437494745 0
    outer loop
      vertex 8.367988372994262 -3.3131209741621053 -5
      vertex 8.717248450157681 -2.23820898448369 -5
      vertex 8.367988372994262 -3.3131209741621053 0
    endloop
  endfacet
  facet normal 0.9822872507286887 -0.1873813145857245 0
    outer loop
      vertex 8.717248450157681 -2.23820898448369 -5
      vertex 8.929032311830301 -1.1279991020787365 -5
      vertex 8.717248450157681 -2.23820898448369 0
    endloop
  endfacet
  facet normal 0.9980267284282716 -0.06279051952931262 0
    outer loop
      vertex 8.929032311830301 -1.1279991020787365 -5
      vertex 9 0 -5
      vertex 8.929032311830301 -1.1279991020787365 0
    endloop
  endfacet
  facet normal 0.12533323356430498 -0.9921147013144778 0
    outer loop
      vertex 0.5651146757638239 -8.982240555854444 -5
      vertex 1.6864318312715234 -8.840585256558198 0
      vertex 0.5651146757638239 -8.982240555854444 0
    endloop
  endfacet
  facet normal 0.2486898871648558 -0.9685831611286307 0
    outer loop
      vertex 1.6864318312715234 -8.840585256558198 -5
      vertex 2.7811529493745266 -8.559508646656381 0
      vertex 1.6864318312715234 -8.840585256558198 0
    endloop
  endfacet
  facet normal 0.3681245526846769 -0.9297764858882519 0
    outer loop
      vertex 2.7811529493745266 -8.559508646656381 -5
      vertex 3.832013624085652 -8.143443472194177 0
      vertex 2.7811529493745266 -8.559508646656381 0
    endloop
  endfacet
  facet normal 0.48175367410171505 -0.8763066800438637 0
    outer loop
      vertex 3.832013624085652 -8.143443472194177 -5
      vertex 4.822441154810966 -7.598951329518138 0
      vertex 3.832013624085652 -8.143443472194177 0
    endloop
  endfacet
  facet normal 0 0 1
    outer loop
      vertex 0.5651146757638239 -8.982240555854444 0
      vertex 1.6864318312715234 -8.840585256558198 0
      vertex 0.047166429460048676 -4.608396731317043 0
    endloop
  endfacet
  facet normal 0 0 1
    outer loop
      vertex 1.6864318312715234 -8.840585256558198 0
      vertex 2.7811529493745266 -8.559508646656381 0
      vertex 1.481189288198948 -3.6858963295817375 0
    endloop
  endfacet
  facet normal 0 0 1
    outer loop
      vertex 1.6864318312715234 -8.840585256558198 0
      vertex 0.7845750004053116 -4.152321018278599 0
      vertex 0.047166429460048676 -4.608396731317043 0
    endloop
  endfacet
  facet normal 0 0 1
    outer loop
      vertex 1.6864318312715234 -8.840585256558198 0
      vertex 1.481189288198948 -3.6858963295817375 0
      vertex 0.7845750004053116 -4.152321018278599 0
    endloop
  endfacet
  facet normal 0 0 1
    outer loop
      vertex 2.7811529493745266 -8.559508646656381 0
      vertex 2.137009285390377 -3.2091226503252983 0
      vertex 1.481189288198948 -3.6858963295817375 0
    endloop
  endfacet
  facet normal 0 0 1
    outer loop
      vertex 2.7811529493745266 -8.559508646656381 0
      vertex 3.832013624085652 -8.143443472194177 0
      vertex 2.7520349994301796 -2.722000002861023 0
    endloop
  endfacet
  facet normal 0 0 1
    outer loop
      vertex 2.7811529493745266 -8.559508646656381 0
      vertex 2.7520349994301796 -2.722000002861023 0
      vertex 2.137009285390377 -3.2091226503252983 0
    endloop
  endfacet
  facet normal 0 0 1
    outer loop
      vertex 3.832013624085652 -8.143443472194177 0
      vertex 4.822441154810966 -7.598951329518138 0
      vertex 3.5456266328692436 -2.0142600014805794 0
    endloop
  endfacet
  facet normal 0 0 1
    outer loop
      vertex 3.832013624085652 -8.143443472194177 0
      vertex 3.5456266328692436 -2.0142600014805794 0
      vertex 2.7520349994301796 -2.722000002861023 0
    endloop
  endfacet
  facet normal 0 0 1
    outer loop
      vertex 4.822441154810966 -7.598951329518138 0
      vertex 4.217127241194248 -1.310479998588562 0
      vertex 3.5456266328692436 -2.0142600014805794 0
    endloop
  endfacet
  facet normal 0.5877852522924728 -0.8090169943749476 0
    outer loop
      vertex 4.822441154810966 -7.598951329518138 -5
      vertex 5.73681590773821 -6.934619184982101 0
      vertex 4.822441154810966 -7.598951329518138 0
    endloop
  endfacet
  facet normal 0.6845471059286891 -0.728968627421411 0
    outer loop
      vertex 5.73681590773821 -6.934619184982101 -5
      vertex 6.560717646792705 -6.160923953358196 0
      vertex 5.73681590773821 -6.934619184982101 0
    endloop
  endfacet
  facet normal 0.770513242775789 -0.6374239897486901 0
    outer loop
      vertex 7.281152949374527 -5.2900672706322585 -5
      vertex 7.281152949374527 -5.2900672706322585 0
      vertex 6.560717646792705 -6.160923953358196 0
    endloop
  endfacet
  facet normal 0.8443279255020154 -0.5358267949789962 0
    outer loop
      vertex 7.886760120394771 -4.335783066915439 -5
      vertex 7.886760120394771 -4.335783066915439 0
      vertex 7.281152949374527 -5.2900672706322585 0
    endloop
  endfacet
  facet normal 0 0 1
    outer loop
      vertex 4.822441154810966 -7.598951329518138 0
      vertex 5.73681590773821 -6.934619184982101 0
      vertex 4.7665368393063545 -0.6106600016355515 0
    endloop
  endfacet
  facet normal 0.9048270524660191 -0.42577929156507355 0
    outer loop
      vertex 8.367988372994262 -3.3131209741621053 -5
      vertex 8.367988372994262 -3.3131209741621053 0
      vertex 7.886760120394771 -4.335783066915439 0
    endloop
  endfacet
  facet normal 0.9510565162951535 -0.30901699437494745 0
    outer loop
      vertex 8.717248450157681 -2.23820898448369 -5
      vertex 8.717248450157681 -2.23820898448369 0
      vertex 8.367988372994262 -3.3131209741621053 0
    endloop
  endfacet
  facet normal 0.9822872507286887 -0.1873813145857245 0
    outer loop
      vertex 8.929032311830301 -1.1279991020787365 -5
      vertex 8.929032311830301 -1.1279991020787365 0
      vertex 8.717248450157681 -2.23820898448369 0
    endloop
  endfacet
  facet normal 0.9980267284282716 -0.06279051952931262 0
    outer loop
      vertex 8.929032311830301 -1.1279991020787365 0
      vertex 9 0 -5
      vertex 9 0 0
    endloop
  endfacet
  facet normal 0 0 1
    outer loop
      vertex 4.822441154810966 -7.598951329518138 0
      vertex 4.7665368393063545 -0.6106600016355515 0
      vertex 4.217127241194248 -1.310479998588562 0
    endloop
  endfacet
  facet normal 0 0 1
    outer loop
      vertex 5.73681590773821 -6.934619184982101 0
      vertex 5.193855404853821 0.0851999968290329 0
      vertex 4.7665368393063545 -0.6106600016355515 0
    endloop
  endfacet
  facet normal 0 0 1
    outer loop
      vertex 5.73681590773821 -6.934619184982101 0
      vertex 6.560717646792705 -6.160923953358196 0
      vertex 5.682219490408897 1.465039998292923 0
    endloop
  endfacet
  facet normal 0 0 1
    outer loop
      vertex 5.73681590773821 -6.934619184982101 0
      vertex 5.499082960188389 0.777099996805191 0
      vertex 5.193855404853821 0.0851999968290329 0
    endloop
  endfacet
  facet normal 0 0 1
    outer loop
      vertex 5.73681590773821 -6.934619184982101 0
      vertex 5.682219490408897 1.465039998292923 0
      vertex 5.499082960188389 0.777099996805191 0
    endloop
  endfacet
  facet normal 0 0 1
    outer loop
      vertex 6.560717646792705 -6.160923953358196 0
      vertex 5.743265002965927 2.1490200012922287 0
      vertex 5.682219490408897 1.465039998292923 0
    endloop
  endfacet
  facet normal 0 0 1
    outer loop
      vertex 6.560717646792705 -6.160923953358196 0
      vertex 7.281152949374527 -5.2900672706322585 0
      vertex 6.560717646792704 6.160923953358198 0
    endloop
  endfacet
  facet normal 0 0 1
    outer loop
      vertex 7.281152949374527 -5.2900672706322585 0
      vertex 7.886760120394771 -4.335783066915439 0
      vertex 7.281152949374527 5.2900672706322585 0
    endloop
  endfacet
  facet normal 0 0 1
    outer loop
      vertex 7.886760120394771 -4.335783066915439 0
      vertex 8.367988372994262 -3.3131209741621053 0
      vertex 7.886760120394772 4.335783066915438 0
    endloop
  endfacet
  facet normal 0 0 1
    outer loop
      vertex 8.367988372994262 -3.3131209741621053 0
      vertex 8.717248450157681 -2.23820898448369 0
      vertex 8.367988372994262 3.3131209741621017 0
    endloop
  endfacet
  facet normal 0 0 1
    outer loop
      vertex 8.717248450157681 -2.23820898448369 0
      vertex 8.929032311830301 -1.1279991020787365 0
      vertex 8.71724845015768 2.238208984483693 0
    endloop
  endfacet
  facet normal 0 0 -1
    outer loop
      vertex -0.5651146757638195 8.982240555854444 -5
      vertex 0.5651146757638195 8.982240555854444 -5
      vertex 0.44424292566989093 7.061039103630021 -5
    endloop
  endfacet
  facet normal 0 0 -1
    outer loop
      vertex 0.5651146757638195 8.982240555854444 -5
      vertex 1.6864318312715212 8.840585256558198 -5
      vertex 0.44424292566989093 7.061039103630021 -5
    endloop
  endfacet
  facet normal 0 0 -1
    outer loop
      vertex 1.6864318312715212 8.840585256558198 -5
      vertex 1.3257228006940014 6.949682298905473 -5
      vertex 0.44424292566989093 7.061039103630021 -5
    endloop
  endfacet
  facet normal 0 0 -1
    outer loop
      vertex 2.7811529493745266 8.559508646656381 -5
      vertex 2.1862952352027527 6.728724852788211 -5
      vertex 1.3257228006940014 6.949682298905473 -5
    endloop
  endfacet
  facet normal 0 0 -1
    outer loop
      vertex 1.6864318312715212 8.840585256558198 -5
      vertex 2.7811529493745266 8.559508646656381 -5
      vertex 1.3257228006940014 6.949682298905473 -5
    endloop
  endfacet
  facet normal 0 0 -1
    outer loop
      vertex 4.82244115481097 7.598951329518136 -5
      vertex 4.50977472747198 5.451381192638708 -5
      vertex 3.7909745744764014 5.973620072926757 -5
    endloop
  endfacet
  facet normal 0 0 -1
    outer loop
      vertex 3.8320136240856546 8.143443472194175 -5
      vertex 3.0123884878228897 6.401651396197088 -5
      vertex 2.1862952352027527 6.728724852788211 -5
    endloop
  endfacet
  facet normal 0 0 -1
    outer loop
      vertex 2.7811529493745266 8.559508646656381 -5
      vertex 3.8320136240856546 8.143443472194175 -5
      vertex 2.1862952352027527 6.728724852788211 -5
    endloop
  endfacet
  facet normal 0 0 -1
    outer loop
      vertex 3.8320136240856546 8.143443472194175 -5
      vertex 3.7909745744764014 5.973620072926757 -5
      vertex 3.0123884878228897 6.401651396197088 -5
    endloop
  endfacet
  facet normal 0 0 -1
    outer loop
      vertex 3.8320136240856546 8.143443472194175 -5
      vertex 4.82244115481097 7.598951329518136 -5
      vertex 3.7909745744764014 5.973620072926757 -5
    endloop
  endfacet
  facet normal 0.12533323356430473 0.9921147013144779 0
    outer loop
      vertex 0.5651146757638195 8.982240555854444 -5
      vertex 0.5651146757638195 8.982240555854444 0
      vertex 1.6864318312715212 8.840585256558198 -5
    endloop
  endfacet
  facet normal 0.24868988716485532 0.968583161128631 0
    outer loop
      vertex 1.6864318312715212 8.840585256558198 -5
      vertex 1.6864318312715212 8.840585256558198 0
      vertex 2.7811529493745266 8.559508646656381 -5
    endloop
  endfacet
  facet normal 0.3681245526846775 0.9297764858882516 0
    outer loop
      vertex 2.7811529493745266 8.559508646656381 -5
      vertex 2.7811529493745266 8.559508646656381 0
      vertex 3.8320136240856546 8.143443472194175 -5
    endloop
  endfacet
  facet normal 0.4817536741017147 0.8763066800438638 0
    outer loop
      vertex 3.8320136240856546 8.143443472194175 -5
      vertex 3.8320136240856546 8.143443472194175 0
      vertex 4.82244115481097 7.598951329518136 -5
    endloop
  endfacet
  facet normal 0 0 -1
    outer loop
      vertex 7.281152949374527 5.2900672706322585 -5
      vertex 6.578168637659378 2.6044812102440966 -5
      vertex 6.199869761310335 3.408407244269636 -5
    endloop
  endfacet
  facet normal 0 0 -1
    outer loop
      vertex 7.281152949374527 -5.2900672706322585 -5
      vertex 7.075 0 -5
      vertex 7.281152949374527 5.2900672706322585 -5
    endloop
  endfacet
  facet normal 0 0 -1
    outer loop
      vertex 7.281152949374527 5.2900672706322585 -5
      vertex 7.075 0 -5
      vertex 7.019211511799931 0.8867326274674526 -5
    endloop
  endfacet
  facet normal 0 0 -1
    outer loop
      vertex 7.281152949374527 -5.2900672706322585 -5
      vertex 7.281152949374527 5.2900672706322585 -5
      vertex 7.886760120394772 4.335783066915438 -5
    endloop
  endfacet
  facet normal 0 0 -1
    outer loop
      vertex 7.886760120394771 -4.335783066915439 -5
      vertex 7.886760120394772 4.335783066915438 -5
      vertex 8.367988372994262 3.3131209741621017 -5
    endloop
  endfacet
  facet normal 0 0 -1
    outer loop
      vertex 8.929032311830301 -1.1279991020787365 -5
      vertex 8.929032311830301 1.1279991020787383 -5
      vertex 9 0 -5
    endloop
  endfacet
  facet normal 0 0 -1
    outer loop
      vertex 8.717248450157681 -2.23820898448369 -5
      vertex 8.71724845015768 2.238208984483693 -5
      vertex 8.929032311830301 1.1279991020787383 -5
    endloop
  endfacet
  facet normal 0 0 -1
    outer loop
      vertex 8.367988372994262 -3.3131209741621053 -5
      vertex 8.367988372994262 3.3131209741621017 -5
      vertex 8.71724845015768 2.238208984483693 -5
    endloop
  endfacet
  facet normal 0 0 -1
    outer loop
      vertex 7.281152949374527 5.2900672706322585 -5
      vertex 7.019211511799931 0.8867326274674526 -5
      vertex 6.852725864985065 1.7594809516913477 -5
    endloop
  endfacet
  facet normal 0 0 -1
    outer loop
      vertex 7.281152949374527 5.2900672706322585 -5
      vertex 6.852725864985065 1.7594809516913477 -5
      vertex 6.578168637659378 2.6044812102440966 -5
    endloop
  endfacet
  facet normal 0.9980267284282716 0.06279051952931253 0
    outer loop
      vertex 9 0 -5
      vertex 8.929032311830301 1.1279991020787383 -5
      vertex 9 0 0
    endloop
  endfacet
  facet normal 0.9822872507286884 0.1873813145857258 0
    outer loop
      vertex 8.929032311830301 1.1279991020787383 -5
      vertex 8.71724845015768 2.238208984483693 -5
      vertex 8.929032311830301 1.1279991020787383 0
    endloop
  endfacet
  facet normal 0.9510565162951535 0.30901699437494784 0
    outer loop
      vertex 8.71724845015768 2.238208984483693 -5
      vertex 8.367988372994262 3.3131209741621017 -5
      vertex 8.71724845015768 2.238208984483693 0
    endloop
  endfacet
  facet normal 0.9048270524660198 0.42577929156507194 0
    outer loop
      vertex 8.367988372994262 3.3131209741621017 -5
      vertex 7.886760120394772 4.335783066915438 -5
      vertex 8.367988372994262 3.3131209741621017 0
    endloop
  endfacet
  facet normal 0 0 -1
    outer loop
      vertex 5.736815907738208 6.934619184982102 -5
      vertex 5.723795235202753 4.158580659969248 -5
      vertex 5.157453039006487 4.843170774445473 -5
    endloop
  endfacet
  facet normal 0 0 -1
    outer loop
      vertex 4.82244115481097 7.598951329518136 -5
      vertex 5.736815907738208 6.934619184982102 -5
      vertex 4.50977472747198 5.451381192638708 -5
    endloop
  endfacet
  facet normal 0 0 -1
    outer loop
      vertex 5.736815907738208 6.934619184982102 -5
      vertex 5.157453039006487 4.843170774445473 -5
      vertex 4.50977472747198 5.451381192638708 -5
    endloop
  endfacet
  facet normal 0 0 -1
    outer loop
      vertex 6.560717646792704 6.160923953358198 -5
      vertex 6.199869761310335 3.408407244269636 -5
      vertex 5.723795235202753 4.158580659969248 -5
    endloop
  endfacet
  facet normal 0 0 -1
    outer loop
      vertex 6.560717646792704 6.160923953358198 -5
      vertex 7.281152949374527 5.2900672706322585 -5
      vertex 6.199869761310335 3.408407244269636 -5
    endloop
  endfacet
  facet normal 0 0 -1
    outer loop
      vertex 6.560717646792704 6.160923953358198 -5
      vertex 5.723795235202753 4.158580659969248 -5
      vertex 5.736815907738208 6.934619184982102 -5
    endloop
  endfacet
  facet normal 0.6845471059286883 0.7289686274214118 0
    outer loop
      vertex 6.560717646792704 6.160923953358198 -5
      vertex 5.736815907738208 6.934619184982102 -5
      vertex 5.736815907738208 6.934619184982102 0
    endloop
  endfacet
  facet normal 0.5877852522924735 0.809016994374947 0
    outer loop
      vertex 4.82244115481097 7.598951329518136 -5
      vertex 4.82244115481097 7.598951329518136 0
      vertex 5.736815907738208 6.934619184982102 -5
    endloop
  endfacet
  facet normal 0.7705132427757893 0.6374239897486897 0
    outer loop
      vertex 6.560717646792704 6.160923953358198 -5
      vertex 7.281152949374527 5.2900672706322585 0
      vertex 7.281152949374527 5.2900672706322585 -5
    endloop
  endfacet
  facet normal 0.8443279255020152 0.5358267949789964 0
    outer loop
      vertex 7.886760120394772 4.335783066915438 -5
      vertex 7.281152949374527 5.2900672706322585 -5
      vertex 7.886760120394772 4.335783066915438 0
    endloop
  endfacet
  facet normal 0 0 1
    outer loop
      vertex -0.046941936016082764 3.359706938266754 0
      vertex 0.029315002262592316 3.1336300000548363 0
      vertex 0.30698418617248535 3.6066097989678383 0
    endloop
  endfacet
  facet normal 0 0 1
    outer loop
      vertex -0.046941936016082764 3.359706938266754 0
      vertex 0.30698418617248535 3.6066097989678383 0
      vertex -0.1478613242506981 3.573297753930092 0
    endloop
  endfacet
  facet normal 0 1 0
    outer loop
      vertex -0.5651146757638195 8.982240555854444 0
      vertex 0.5651146757638195 8.982240555854444 0
      vertex 0.5651146757638195 8.982240555854444 -5
    endloop
  endfacet
  facet normal 0.12533323356430473 0.9921147013144779 0
    outer loop
      vertex 1.6864318312715212 8.840585256558198 -5
      vertex 0.5651146757638195 8.982240555854444 0
      vertex 1.6864318312715212 8.840585256558198 0
    endloop
  endfacet
  facet normal 0.24868988716485532 0.968583161128631 0
    outer loop
      vertex 2.7811529493745266 8.559508646656381 -5
      vertex 1.6864318312715212 8.840585256558198 0
      vertex 2.7811529493745266 8.559508646656381 0
    endloop
  endfacet
  facet normal 0.4817536741017147 0.8763066800438638 0
    outer loop
      vertex 4.82244115481097 7.598951329518136 -5
      vertex 3.8320136240856546 8.143443472194175 0
      vertex 4.82244115481097 7.598951329518136 0
    endloop
  endfacet
  facet normal 0.3681245526846775 0.9297764858882516 0
    outer loop
      vertex 3.8320136240856546 8.143443472194175 -5
      vertex 2.7811529493745266 8.559508646656381 0
      vertex 3.8320136240856546 8.143443472194175 0
    endloop
  endfacet
  facet normal 0 0 1
    outer loop
      vertex -0.5651146757638195 8.982240555854444 0
      vertex 0.30698418617248535 3.6066097989678383 0
      vertex 0.6199745908379555 4.006823472678661 0
    endloop
  endfacet
  facet normal 0 0 1
    outer loop
      vertex 0.5651146757638195 8.982240555854444 0
      vertex 0.6199745908379555 4.006823472678661 0
      vertex 0.9682862237095833 4.3342710211873055 0
    endloop
  endfacet
  facet normal 0 0 1
    outer loop
      vertex 0.5651146757638195 8.982240555854444 0
      vertex 0.9682862237095833 4.3342710211873055 0
      vertex 1.3519190847873688 4.588952451944351 0
    endloop
  endfacet
  facet normal 0 0 1
    outer loop
      vertex 0.5651146757638195 8.982240555854444 0
      vertex 1.3519190847873688 4.588952451944351 0
      vertex 1.7708731666207314 4.770867757499218 0
    endloop
  endfacet
  facet normal 0 0 1
    outer loop
      vertex 1.6864318312715212 8.840585256558198 0
      vertex 1.7708731666207314 4.770867757499218 0
      vertex 2.225148469209671 4.880016937851906 0
    endloop
  endfacet
  facet normal 0 0 1
    outer loop
      vertex -0.5651146757638195 8.982240555854444 0
      vertex 0.6199745908379555 4.006823472678661 0
      vertex 0.5651146757638195 8.982240555854444 0
    endloop
  endfacet
  facet normal 0 0 1
    outer loop
      vertex 0.5651146757638195 8.982240555854444 0
      vertex 1.7708731666207314 4.770867757499218 0
      vertex 1.6864318312715212 8.840585256558198 0
    endloop
  endfacet
  facet normal 0 0 1
    outer loop
      vertex 1.6864318312715212 8.840585256558198 0
      vertex 2.225148469209671 4.880016937851906 0
      vertex 2.7811529493745266 8.559508646656381 0
    endloop
  endfacet
  facet normal 0 0 1
    outer loop
      vertex 2.7811529493745266 8.559508646656381 0
      vertex 2.225148469209671 4.880016937851906 0
      vertex 2.7147450000047684 4.916400000452995 0
    endloop
  endfacet
  facet normal 0 0 1
    outer loop
      vertex 2.7811529493745266 8.559508646656381 0
      vertex 2.7147450000047684 4.916400000452995 0
      vertex 3.049654595553875 4.900568976998329 0
    endloop
  endfacet
  facet normal 0 0 1
    outer loop
      vertex 3.8320136240856546 8.143443472194175 0
      vertex 3.049654595553875 4.900568976998329 0
      vertex 3.3723833709955215 4.853075921535492 0
    endloop
  endfacet
  facet normal 0 0 1
    outer loop
      vertex 3.8320136240856546 8.143443472194175 0
      vertex 3.3723833709955215 4.853075921535492 0
      vertex 3.682931326329708 4.7739208191633224 0
    endloop
  endfacet
  facet normal 0 0 1
    outer loop
      vertex 3.8320136240856546 8.143443472194175 0
      vertex 3.682931326329708 4.7739208191633224 0
      vertex 3.9812984690070152 4.663103669881821 0
    endloop
  endfacet
  facet normal 0 0 1
    outer loop
      vertex 3.8320136240856546 8.143443472194175 0
      vertex 3.9812984690070152 4.663103669881821 0
      vertex 4.267484799027443 4.520624488592148 0
    endloop
  endfacet
  facet normal 0 0 1
    outer loop
      vertex 2.7811529493745266 8.559508646656381 0
      vertex 3.049654595553875 4.900568976998329 0
      vertex 3.8320136240856546 8.143443472194175 0
    endloop
  endfacet
  facet normal 0 0 1
    outer loop
      vertex 3.8320136240856546 8.143443472194175 0
      vertex 4.267484799027443 4.520624488592148 0
      vertex 4.82244115481097 7.598951329518136 0
    endloop
  endfacet
  facet normal 0.9980267284282716 0.06279051952931253 0
    outer loop
      vertex 8.929032311830301 1.1279991020787383 -5
      vertex 8.929032311830301 1.1279991020787383 0
      vertex 9 0 0
    endloop
  endfacet
  facet normal 0.9822872507286884 0.1873813145857258 0
    outer loop
      vertex 8.71724845015768 2.238208984483693 -5
      vertex 8.71724845015768 2.238208984483693 0
      vertex 8.929032311830301 1.1279991020787383 0
    endloop
  endfacet
  facet normal 0.9510565162951535 0.30901699437494784 0
    outer loop
      vertex 8.367988372994262 3.3131209741621017 -5
      vertex 8.367988372994262 3.3131209741621017 0
      vertex 8.71724845015768 2.238208984483693 0
    endloop
  endfacet
  facet normal 0.9048270524660198 0.42577929156507194 0
    outer loop
      vertex 7.886760120394772 4.335783066915438 -5
      vertex 7.886760120394772 4.335783066915438 0
      vertex 8.367988372994262 3.3131209741621017 0
    endloop
  endfacet
  facet normal 0 0 1
    outer loop
      vertex 6.560717646792705 -6.160923953358196 0
      vertex 5.736815907738208 6.934619184982102 0
      vertex 5.743265002965927 2.1490200012922287 0
    endloop
  endfacet
  facet normal 0 0 1
    outer loop
      vertex 5.736815907738208 6.934619184982102 0
      vertex 5.436342552304268 3.3766020387411118 0
      vertex 5.570621125400066 3.092079184949398 0
    endloop
  endfacet
  facet normal 0 0 1
    outer loop
      vertex 6.560717646792705 -6.160923953358196 0
      vertex 6.560717646792704 6.160923953358198 0
      vertex 5.736815907738208 6.934619184982102 0
    endloop
  endfacet
  facet normal 0 0 1
    outer loop
      vertex 5.736815907738208 6.934619184982102 0
      vertex 5.724082343280315 2.4782881662249565 0
      vertex 5.743265002965927 2.1490200012922287 0
    endloop
  endfacet
  facet normal 0 0 1
    outer loop
      vertex 5.736815907738208 6.934619184982102 0
      vertex 5.666534386575222 2.7926412224769592 0
      vertex 5.724082343280315 2.4782881662249565 0
    endloop
  endfacet
  facet normal 0 0 1
    outer loop
      vertex 5.736815907738208 6.934619184982102 0
      vertex 5.570621125400066 3.092079184949398 0
      vertex 5.666534386575222 2.7926412224769592 0
    endloop
  endfacet
  facet normal 0 0 1
    outer loop
      vertex 7.281152949374527 -5.2900672706322585 0
      vertex 7.281152949374527 5.2900672706322585 0
      vertex 6.560717646792704 6.160923953358198 0
    endloop
  endfacet
  facet normal 0 0 1
    outer loop
      vertex 7.886760120394771 -4.335783066915439 0
      vertex 7.886760120394772 4.335783066915438 0
      vertex 7.281152949374527 5.2900672706322585 0
    endloop
  endfacet
  facet normal 0 0 1
    outer loop
      vertex 8.929032311830301 -1.1279991020787365 0
      vertex 9 0 0
      vertex 8.929032311830301 1.1279991020787383 0
    endloop
  endfacet
  facet normal 0 0 1
    outer loop
      vertex 8.717248450157681 -2.23820898448369 0
      vertex 8.71724845015768 2.238208984483693 0
      vertex 8.367988372994262 3.3131209741621017 0
    endloop
  endfacet
  facet normal 0 0 1
    outer loop
      vertex 8.929032311830301 -1.1279991020787365 0
      vertex 8.929032311830301 1.1279991020787383 0
      vertex 8.71724845015768 2.238208984483693 0
    endloop
  endfacet
  facet normal 0 0 1
    outer loop
      vertex 8.367988372994262 -3.3131209741621053 0
      vertex 8.367988372994262 3.3131209741621017 0
      vertex 7.886760120394772 4.335783066915438 0
    endloop
  endfacet
  facet normal 0.6845471059286883 0.7289686274214118 0
    outer loop
      vertex 6.560717646792704 6.160923953358198 -5
      vertex 5.736815907738208 6.934619184982102 0
      vertex 6.560717646792704 6.160923953358198 0
    endloop
  endfacet
  facet normal 0.5877852522924735 0.809016994374947 0
    outer loop
      vertex 5.736815907738208 6.934619184982102 -5
      vertex 4.82244115481097 7.598951329518136 0
      vertex 5.736815907738208 6.934619184982102 0
    endloop
  endfacet
  facet normal 0.8443279255020152 0.5358267949789964 0
    outer loop
      vertex 7.281152949374527 5.2900672706322585 -5
      vertex 7.281152949374527 5.2900672706322585 0
      vertex 7.886760120394772 4.335783066915438 0
    endloop
  endfacet
  facet normal 0.7705132427757893 0.6374239897486897 0
    outer loop
      vertex 6.560717646792704 6.160923953358198 -5
      vertex 6.560717646792704 6.160923953358198 0
      vertex 7.281152949374527 5.2900672706322585 0
    endloop
  endfacet
  facet normal 0 0 1
    outer loop
      vertex 4.82244115481097 7.598951329518136 0
      vertex 5.052689492702484 3.9009024500846863 0
      vertex 5.263698674738407 3.6462097987532616 0
    endloop
  endfacet
  facet normal 0 0 1
    outer loop
      vertex 4.82244115481097 7.598951329518136 0
      vertex 4.267484799027443 4.520624488592148 0
      vertex 4.541490308940411 4.346483267843723 0
    endloop
  endfacet
  facet normal 0 0 1
    outer loop
      vertex 4.82244115481097 7.598951329518136 0
      vertex 4.541490308940411 4.346483267843723 0
      vertex 4.803314998745918 4.1406800001859665 0
    endloop
  endfacet
  facet normal 0 0 1
    outer loop
      vertex 4.82244115481097 7.598951329518136 0
      vertex 4.803314998745918 4.1406800001859665 0
      vertex 5.052689492702484 3.9009024500846863 0
    endloop
  endfacet
  facet normal 0 0 1
    outer loop
      vertex 5.736815907738208 6.934619184982102 0
      vertex 5.263698674738407 3.6462097987532616 0
      vertex 5.436342552304268 3.3766020387411118 0
    endloop
  endfacet
  facet normal 0 0 1
    outer loop
      vertex 4.82244115481097 7.598951329518136 0
      vertex 5.263698674738407 3.6462097987532616 0
      vertex 5.736815907738208 6.934619184982102 0
    endloop
  endfacet
endsolid OpenSCAD_Model
