solid OpenSCAD_Model
  facet normal 0.8660254034145013 0.5000000006407503 0
    outer loop
      vertex -1.557899996638298 -2.6983619555830956 -1.9
      vertex -3.1158000007271767 0 -1.9
      vertex -3.1158000007271767 0 0
    endloop
  endfacet
  facet normal 0 0 1
    outer loop
      vertex -1.557899996638298 -2.6983619555830956 -1.9
      vertex -0.2904410376078735 -1.5225452386294673 -1.9
      vertex -0.47897634128116845 -1.474137600257488 -1.9
    endloop
  endfacet
  facet normal 0 0 1
    outer loop
      vertex -1.557899996638298 -2.6983619555830956 -1.9
      vertex 1.557899996638298 -2.6983619555830956 -1.9
      vertex -0.2904410376078735 -1.5225452386294673 -1.9
    endloop
  endfacet
  facet normal 0 1 0
    outer loop
      vertex -1.557899996638298 -2.6983619555830956 -1.9
      vertex -1.557899996638298 -2.6983619555830956 0
      vertex 1.557899996638298 -2.6983619555830956 -1.9
    endloop
  endfacet
  facet normal 0 0 1
    outer loop
      vertex -1.557899996638298 -2.6983619555830956 -1.9
      vertex -1.3582753540679884 -0.7467181948576589 -1.9
      vertex -1.4411535531267898 -0.5705930566612507 -1.9
    endloop
  endfacet
  facet normal 0 0 1
    outer loop
      vertex -1.557899996638298 -2.6983619555830956 -1.9
      vertex -1.4411535531267898 -0.5705930566612507 -1.9
      vertex -1.5013038997493782 -0.385469325105525 -1.9
    endloop
  endfacet
  facet normal 0 0 1
    outer loop
      vertex -1.557899996638298 -2.6983619555830956 -1.9
      vertex -1.5013038997493782 -0.385469325105525 -1.9
      vertex -1.5377777870374407 -0.1942665120246713 -1.9
    endloop
  endfacet
  facet normal 0 0 1
    outer loop
      vertex -1.557899996638298 -2.6983619555830956 -1.9
      vertex -1.5377777870374407 -0.1942665120246713 -1.9
      vertex -1.55 0 -1.9
    endloop
  endfacet
  facet normal 0 0 1
    outer loop
      vertex -1.557899996638298 -2.6983619555830956 -1.9
      vertex -0.988007184110469 -1.1942955263024735 -1.9
      vertex -1.1299013725031881 -1.0610480141894671 -1.9
    endloop
  endfacet
  facet normal 0 0 1
    outer loop
      vertex -1.557899996638298 -2.6983619555830956 -1.9
      vertex -1.1299013725031881 -1.0610480141894671 -1.9
      vertex -1.2539763412811686 -0.9110671410533334 -1.9
    endloop
  endfacet
  facet normal 0 0 1
    outer loop
      vertex -1.557899996638298 -2.6983619555830956 -1.9
      vertex -1.2539763412811686 -0.9110671410533334 -1.9
      vertex -1.3582753540679884 -0.7467181948576589 -1.9
    endloop
  endfacet
  facet normal 0 0 1
    outer loop
      vertex -1.557899996638298 -2.6983619555830956 -1.9
      vertex -0.830531532217445 -1.3087082845281233 -1.9
      vertex -0.988007184110469 -1.1942955263024735 -1.9
    endloop
  endfacet
  facet normal 0 0 1
    outer loop
      vertex -1.557899996638298 -2.6983619555830956 -1.9
      vertex -0.6599579019258623 -1.4024819313223305 -1.9
      vertex -0.830531532217445 -1.3087082845281233 -1.9
    endloop
  endfacet
  facet normal 0 0 1
    outer loop
      vertex -1.557899996638298 -2.6983619555830956 -1.9
      vertex -0.47897634128116845 -1.474137600257488 -1.9
      vertex -0.6599579019258623 -1.4024819313223305 -1.9
    endloop
  endfacet
  facet normal 0.8660254034145013 0.5000000006407503 0
    outer loop
      vertex -1.557899996638298 -2.6983619555830956 -1.9
      vertex -3.1158000007271767 0 0
      vertex -1.557899996638298 -2.6983619555830956 0
    endloop
  endfacet
  facet normal 0 0 1
    outer loop
      vertex -1.557899996638298 -2.6983619555830956 -1.9
      vertex -1.557899996638298 2.6983619555830956 -1.9
      vertex -3.1158000007271767 0 -1.9
    endloop
  endfacet
  facet normal 0.8660254034145013 -0.5000000006407503 0
    outer loop
      vertex -3.1158000007271767 0 -1.9
      vertex -1.557899996638298 2.6983619555830956 -1.9
      vertex -1.557899996638298 2.6983619555830956 0
    endloop
  endfacet
  facet normal 0 0 1
    outer loop
      vertex -1.557899996638298 -2.6983619555830956 -1.9
      vertex -1.55 0 -1.9
      vertex -1.557899996638298 2.6983619555830956 -1.9
    endloop
  endfacet
  facet normal 0 0 1
    outer loop
      vertex -1.55 0 -1.9
      vertex -1.5377777870374407 0.1942665120246713 -1.9
      vertex -1.557899996638298 2.6983619555830956 -1.9
    endloop
  endfacet
  facet normal 0 0 1
    outer loop
      vertex -1.5377777870374407 0.1942665120246713 -1.9
      vertex -1.5013038997493782 0.385469325105525 -1.9
      vertex -1.557899996638298 2.6983619555830956 -1.9
    endloop
  endfacet
  facet normal 0 0 1
    outer loop
      vertex -1.5013038997493782 0.385469325105525 -1.9
      vertex -1.4411535531267898 0.5705930566612507 -1.9
      vertex -1.557899996638298 2.6983619555830956 -1.9
    endloop
  endfacet
  facet normal 0 0 1
    outer loop
      vertex -1.4411535531267898 0.5705930566612507 -1.9
      vertex -1.3582753540679884 0.7467181948576589 -1.9
      vertex -1.557899996638298 2.6983619555830956 -1.9
    endloop
  endfacet
  facet normal 0 0 1
    outer loop
      vertex -1.3582753540679884 0.7467181948576589 -1.9
      vertex -1.2539763412811686 0.9110671410533334 -1.9
      vertex -1.557899996638298 2.6983619555830956 -1.9
    endloop
  endfacet
  facet normal 0 0 1
    outer loop
      vertex -1.2539763412811686 0.9110671410533334 -1.9
      vertex -1.1299013725031881 1.0610480141894671 -1.9
      vertex -1.557899996638298 2.6983619555830956 -1.9
    endloop
  endfacet
  facet normal 0 0 1
    outer loop
      vertex -1.1299013725031881 1.0610480141894671 -1.9
      vertex -0.988007184110469 1.1942955263024735 -1.9
      vertex -1.557899996638298 2.6983619555830956 -1.9
    endloop
  endfacet
  facet normal 0 0 1
    outer loop
      vertex -0.988007184110469 1.1942955263024735 -1.9
      vertex -0.830531532217445 1.3087082845281233 -1.9
      vertex -1.557899996638298 2.6983619555830956 -1.9
    endloop
  endfacet
  facet normal 0 0 1
    outer loop
      vertex -0.830531532217445 1.3087082845281233 -1.9
      vertex -0.6599579019258627 1.4024819313223302 -1.9
      vertex -1.557899996638298 2.6983619555830956 -1.9
    endloop
  endfacet
  facet normal 0 0 1
    outer loop
      vertex -0.6599579019258627 1.4024819313223302 -1.9
      vertex -0.47897634128116845 1.474137600257488 -1.9
      vertex -1.557899996638298 2.6983619555830956 -1.9
    endloop
  endfacet
  facet normal 0 0 1
    outer loop
      vertex -0.47897634128116845 1.474137600257488 -1.9
      vertex -0.2904410376078731 1.5225452386294676 -1.9
      vertex -1.557899996638298 2.6983619555830956 -1.9
    endloop
  endfacet
  facet normal 0 0 1
    outer loop
      vertex -0.2904410376078731 1.5225452386294676 -1.9
      vertex -0.09732530527043558 1.546941429063821 -1.9
      vertex -1.557899996638298 2.6983619555830956 -1.9
    endloop
  endfacet
  facet normal 0 0 1
    outer loop
      vertex -0.09732530527043558 1.546941429063821 -1.9
      vertex 0.09732530527043474 1.546941429063821 -1.9
      vertex -1.557899996638298 2.6983619555830956 -1.9
    endloop
  endfacet
  facet normal 0 0 1
    outer loop
      vertex -1.557899996638298 2.6983619555830956 -1.9
      vertex 0.09732530527043474 1.546941429063821 -1.9
      vertex 0.2904410376078731 1.5225452386294676 -1.9
    endloop
  endfacet
  facet normal 0.8660254034145013 -0.5000000006407503 0
    outer loop
      vertex -3.1158000007271767 0 -1.9
      vertex -1.557899996638298 2.6983619555830956 0
      vertex -3.1158000007271767 0 0
    endloop
  endfacet
  facet normal 0 -1 0
    outer loop
      vertex -1.557899996638298 2.6983619555830956 -1.9
      vertex 1.557899996638298 2.6983619555830956 0
      vertex -1.557899996638298 2.6983619555830956 0
    endloop
  endfacet
  facet normal 0 0 1
    outer loop
      vertex -0.2904410376078735 -1.5225452386294673 -1.9
      vertex 1.557899996638298 -2.6983619555830956 -1.9
      vertex -0.09732530527043634 -1.546941429063821 -1.9
    endloop
  endfacet
  facet normal 0 0 1
    outer loop
      vertex -0.09732530527043634 -1.546941429063821 -1.9
      vertex 1.557899996638298 -2.6983619555830956 -1.9
      vertex 0.09732530527043634 -1.546941429063821 -1.9
    endloop
  endfacet
  facet normal 0 0 1
    outer loop
      vertex 1.557899996638298 -2.6983619555830956 -1.9
      vertex 0.2904410376078735 -1.5225452386294673 -1.9
      vertex 0.09732530527043634 -1.546941429063821 -1.9
    endloop
  endfacet
  facet normal 0 0 1
    outer loop
      vertex 1.557899996638298 -2.6983619555830956 -1.9
      vertex 0.47897634128116845 -1.474137600257488 -1.9
      vertex 0.2904410376078735 -1.5225452386294673 -1.9
    endloop
  endfacet
  facet normal 0 0 1
    outer loop
      vertex 1.557899996638298 -2.6983619555830956 -1.9
      vertex 0.6599579019258623 -1.4024819313223305 -1.9
      vertex 0.47897634128116845 -1.474137600257488 -1.9
    endloop
  endfacet
  facet normal 0 0 1
    outer loop
      vertex 1.557899996638298 -2.6983619555830956 -1.9
      vertex 0.8305315322174441 -1.3087082845281237 -1.9
      vertex 0.6599579019258623 -1.4024819313223305 -1.9
    endloop
  endfacet
  facet normal 0 0 1
    outer loop
      vertex 1.557899996638298 -2.6983619555830956 -1.9
      vertex 0.9880071841104695 -1.194295526302473 -1.9
      vertex 0.8305315322174441 -1.3087082845281237 -1.9
    endloop
  endfacet
  facet normal 0 0 1
    outer loop
      vertex 1.557899996638298 -2.6983619555830956 -1.9
      vertex 1.1299013725031881 -1.0610480141894671 -1.9
      vertex 0.9880071841104695 -1.194295526302473 -1.9
    endloop
  endfacet
  facet normal 0 0 1
    outer loop
      vertex 1.557899996638298 -2.6983619555830956 -1.9
      vertex 1.2539763412811686 -0.9110671410533334 -1.9
      vertex 1.1299013725031881 -1.0610480141894671 -1.9
    endloop
  endfacet
  facet normal 0 0 1
    outer loop
      vertex 1.557899996638298 -2.6983619555830956 -1.9
      vertex 1.3582753540679884 -0.7467181948576589 -1.9
      vertex 1.2539763412811686 -0.9110671410533334 -1.9
    endloop
  endfacet
  facet normal 0 0 1
    outer loop
      vertex 1.557899996638298 -2.6983619555830956 -1.9
      vertex 1.4411535531267894 -0.5705930566612515 -1.9
      vertex 1.3582753540679884 -0.7467181948576589 -1.9
    endloop
  endfacet
  facet normal 0 0 1
    outer loop
      vertex 1.557899996638298 -2.6983619555830956 -1.9
      vertex 1.5013038997493784 -0.3854693251055244 -1.9
      vertex 1.4411535531267894 -0.5705930566612515 -1.9
    endloop
  endfacet
  facet normal 0 0 1
    outer loop
      vertex 1.557899996638298 -2.6983619555830956 -1.9
      vertex 1.5377777870374407 -0.1942665120246713 -1.9
      vertex 1.5013038997493784 -0.3854693251055244 -1.9
    endloop
  endfacet
  facet normal 0 0 1
    outer loop
      vertex 1.557899996638298 -2.6983619555830956 -1.9
      vertex 1.55 0 -1.9
      vertex 1.5377777870374407 -0.1942665120246713 -1.9
    endloop
  endfacet
  facet normal -0.8660254034145013 0.5000000006407503 0
    outer loop
      vertex 1.557899996638298 -2.6983619555830956 -1.9
      vertex 1.557899996638298 -2.6983619555830956 0
      vertex 3.1158000007271767 0 -1.9
    endloop
  endfacet
  facet normal 0 1 0
    outer loop
      vertex -1.557899996638298 -2.6983619555830956 0
      vertex 1.557899996638298 -2.6983619555830956 0
      vertex 1.557899996638298 -2.6983619555830956 -1.9
    endloop
  endfacet
  facet normal -0.8660254034145013 0.5000000006407503 0
    outer loop
      vertex 1.557899996638298 -2.6983619555830956 0
      vertex 3.1158000007271767 0 0
      vertex 3.1158000007271767 0 -1.9
    endloop
  endfacet
  facet normal 0 0 1
    outer loop
      vertex 0.47897634128116845 1.474137600257488 -1.9
      vertex 0.6599579019258627 1.4024819313223302 -1.9
      vertex 1.557899996638298 2.6983619555830956 -1.9
    endloop
  endfacet
  facet normal 0 0 1
    outer loop
      vertex 1.557899996638298 -2.6983619555830956 -1.9
      vertex 1.557899996638298 2.6983619555830956 -1.9
      vertex 1.55 0 -1.9
    endloop
  endfacet
  facet normal 0 0 1
    outer loop
      vertex 0.6599579019258627 1.4024819313223302 -1.9
      vertex 0.8305315322174448 1.3087082845281235 -1.9
      vertex 1.557899996638298 2.6983619555830956 -1.9
    endloop
  endfacet
  facet normal 0 0 1
    outer loop
      vertex 0.9880071841104692 1.1942955263024733 -1.9
      vertex 1.557899996638298 2.6983619555830956 -1.9
      vertex 0.8305315322174448 1.3087082845281235 -1.9
    endloop
  endfacet
  facet normal 0 0 1
    outer loop
      vertex 1.3582753540679886 0.7467181948576588 -1.9
      vertex 1.557899996638298 2.6983619555830956 -1.9
      vertex 1.2539763412811686 0.9110671410533334 -1.9
    endloop
  endfacet
  facet normal 0 0 1
    outer loop
      vertex 1.129901372503188 1.0610480141894676 -1.9
      vertex 1.2539763412811686 0.9110671410533334 -1.9
      vertex 1.557899996638298 2.6983619555830956 -1.9
    endloop
  endfacet
  facet normal 0 0 1
    outer loop
      vertex 0.9880071841104692 1.1942955263024733 -1.9
      vertex 1.129901372503188 1.0610480141894676 -1.9
      vertex 1.557899996638298 2.6983619555830956 -1.9
    endloop
  endfacet
  facet normal 0 0 1
    outer loop
      vertex 1.55 0 -1.9
      vertex 1.557899996638298 2.6983619555830956 -1.9
      vertex 1.5377777870374407 0.1942665120246716 -1.9
    endloop
  endfacet
  facet normal 0 0 1
    outer loop
      vertex 1.5377777870374407 0.1942665120246716 -1.9
      vertex 1.557899996638298 2.6983619555830956 -1.9
      vertex 1.5013038997493782 0.38546932510552495 -1.9
    endloop
  endfacet
  facet normal 0 0 1
    outer loop
      vertex 1.5013038997493782 0.38546932510552495 -1.9
      vertex 1.557899996638298 2.6983619555830956 -1.9
      vertex 1.4411535531267896 0.5705930566612509 -1.9
    endloop
  endfacet
  facet normal 0 0 1
    outer loop
      vertex 1.4411535531267896 0.5705930566612509 -1.9
      vertex 1.557899996638298 2.6983619555830956 -1.9
      vertex 1.3582753540679886 0.7467181948576588 -1.9
    endloop
  endfacet
  facet normal 0 0 1
    outer loop
      vertex -1.557899996638298 2.6983619555830956 -1.9
      vertex 0.2904410376078731 1.5225452386294676 -1.9
      vertex 1.557899996638298 2.6983619555830956 -1.9
    endloop
  endfacet
  facet normal 0 0 1
    outer loop
      vertex 0.2904410376078731 1.5225452386294676 -1.9
      vertex 0.47897634128116845 1.474137600257488 -1.9
      vertex 1.557899996638298 2.6983619555830956 -1.9
    endloop
  endfacet
  facet normal 0 -1 0
    outer loop
      vertex -1.557899996638298 2.6983619555830956 -1.9
      vertex 1.557899996638298 2.6983619555830956 -1.9
      vertex 1.557899996638298 2.6983619555830956 0
    endloop
  endfacet
  facet normal 0 0 1
    outer loop
      vertex 1.557899996638298 -2.6983619555830956 -1.9
      vertex 3.1158000007271767 0 -1.9
      vertex 1.557899996638298 2.6983619555830956 -1.9
    endloop
  endfacet
  facet normal -0.8660254034145013 -0.5000000006407503 0
    outer loop
      vertex 1.557899996638298 2.6983619555830956 -1.9
      vertex 3.1158000007271767 0 -1.9
      vertex 3.1158000007271767 0 0
    endloop
  endfacet
  facet normal -0.8660254034145013 -0.5000000006407503 0
    outer loop
      vertex 1.557899996638298 2.6983619555830956 -1.9
      vertex 3.1158000007271767 0 0
      vertex 1.557899996638298 2.6983619555830956 0
    endloop
  endfacet
  facet normal 0 0 1
    outer loop
      vertex -4.648882429441257 -1.8406227634233894 0
      vertex -4.648882429441257 1.8406227634233894 0
      vertex -4.842915805643155 -1.2434494358242743 0
    endloop
  endfacet
  facet normal 0 0 1
    outer loop
      vertex -4.842915805643155 -1.2434494358242743 0
      vertex -4.842915805643155 1.2434494358242743 0
      vertex -4.9605735065723895 -0.6266661678215203 0
    endloop
  endfacet
  facet normal 0 0 1
    outer loop
      vertex -4.045084971874737 -2.938926261462366 0
      vertex -3.6448431371070584 -3.4227355296434423 0
      vertex -3.6448431371070584 3.4227355296434423 0
    endloop
  endfacet
  facet normal 0 0 1
    outer loop
      vertex -4.381533400219317 -2.408768370508577 0
      vertex -4.381533400219317 2.408768370508577 0
      vertex -4.648882429441257 -1.8406227634233894 0
    endloop
  endfacet
  facet normal 0 0 1
    outer loop
      vertex -4.045084971874737 -2.938926261462366 0
      vertex -4.045084971874737 2.938926261462366 0
      vertex -4.381533400219317 -2.408768370508577 0
    endloop
  endfacet
  facet normal 0 0 1
    outer loop
      vertex -2.6791339748949836 -4.221639627510075 0
      vertex -2.128896457825362 -4.524135262330098 0
      vertex -1.557899996638298 -2.6983619555830956 0
    endloop
  endfacet
  facet normal 0 0 1
    outer loop
      vertex -2.128896457825362 -4.524135262330098 0
      vertex -1.545084971874737 -4.755282581475767 0
      vertex 1.557899996638298 -2.6983619555830956 0
    endloop
  endfacet
  facet normal 0 0 1
    outer loop
      vertex -1.545084971874737 -4.755282581475767 0
      vertex -0.9369065729286241 -4.911436253643443 0
      vertex 1.557899996638298 -2.6983619555830956 0
    endloop
  endfacet
  facet normal 0 0 1
    outer loop
      vertex -3.1871199487434483 -3.852566213878947 0
      vertex -2.6791339748949836 -4.221639627510075 0
      vertex -1.557899996638298 -2.6983619555830956 0
    endloop
  endfacet
  facet normal 0 0 1
    outer loop
      vertex -3.1871199487434483 -3.852566213878947 0
      vertex -1.557899996638298 -2.6983619555830956 0
      vertex -3.1158000007271767 0 0
    endloop
  endfacet
  facet normal 0 0 1
    outer loop
      vertex -3.1871199487434483 -3.852566213878947 0
      vertex -3.1871199487434483 3.852566213878947 0
      vertex -3.6448431371070584 -3.4227355296434423 0
    endloop
  endfacet
  facet normal 0 0 1
    outer loop
      vertex -2.128896457825362 -4.524135262330098 0
      vertex 1.557899996638298 -2.6983619555830956 0
      vertex -1.557899996638298 -2.6983619555830956 0
    endloop
  endfacet
  facet normal 0.7705132427757889 0.6374239897486902 0
    outer loop
      vertex -4.045084971874737 -2.938926261462366 0
      vertex -4.045084971874737 -2.938926261462366 3
      vertex -3.6448431371070584 -3.4227355296434423 0
    endloop
  endfacet
  facet normal 0.8443279255020154 0.535826794978996 0
    outer loop
      vertex -4.045084971874737 -2.938926261462366 0
      vertex -4.381533400219317 -2.408768370508577 0
      vertex -4.381533400219317 -2.408768370508577 3
    endloop
  endfacet
  facet normal 0.9048270524660195 0.42577929156507305 0
    outer loop
      vertex -4.381533400219317 -2.408768370508577 0
      vertex -4.648882429441257 -1.8406227634233894 0
      vertex -4.648882429441257 -1.8406227634233894 3
    endloop
  endfacet
  facet normal 0.9510565162951536 0.30901699437494723 0
    outer loop
      vertex -4.648882429441257 -1.8406227634233894 0
      vertex -4.842915805643155 -1.2434494358242743 0
      vertex -4.842915805643155 -1.2434494358242743 3
    endloop
  endfacet
  facet normal 0.9822872507286885 0.18738131458572513 0
    outer loop
      vertex -4.842915805643155 -1.2434494358242743 0
      vertex -4.9605735065723895 -0.6266661678215203 0
      vertex -4.9605735065723895 -0.6266661678215203 3
    endloop
  endfacet
  facet normal 0.9980267284282717 0.06279051952931294 0
    outer loop
      vertex -4.9605735065723895 -0.6266661678215203 0
      vertex -5 0 0
      vertex -5 0 3
    endloop
  endfacet
  facet normal 0.7705132427757889 0.6374239897486902 0
    outer loop
      vertex -3.6448431371070584 -3.4227355296434423 0
      vertex -4.045084971874737 -2.938926261462366 3
      vertex -3.6448431371070584 -3.4227355296434423 3
    endloop
  endfacet
  facet normal 0.9048270524660195 0.42577929156507305 0
    outer loop
      vertex -4.381533400219317 -2.408768370508577 0
      vertex -4.648882429441257 -1.8406227634233894 3
      vertex -4.381533400219317 -2.408768370508577 3
    endloop
  endfacet
  facet normal 0.8443279255020154 0.535826794978996 0
    outer loop
      vertex -4.045084971874737 -2.938926261462366 0
      vertex -4.381533400219317 -2.408768370508577 3
      vertex -4.045084971874737 -2.938926261462366 3
    endloop
  endfacet
  facet normal 0.9510565162951536 0.30901699437494723 0
    outer loop
      vertex -4.648882429441257 -1.8406227634233894 0
      vertex -4.842915805643155 -1.2434494358242743 3
      vertex -4.648882429441257 -1.8406227634233894 3
    endloop
  endfacet
  facet normal 0.9822872507286885 0.18738131458572513 0
    outer loop
      vertex -4.842915805643155 -1.2434494358242743 0
      vertex -4.9605735065723895 -0.6266661678215203 3
      vertex -4.842915805643155 -1.2434494358242743 3
    endloop
  endfacet
  facet normal 0.9980267284282717 0.06279051952931294 0
    outer loop
      vertex -4.9605735065723895 -0.6266661678215203 0
      vertex -5 0 3
      vertex -4.9605735065723895 -0.6266661678215203 3
    endloop
  endfacet
  facet normal 0.5877852522924722 0.8090169943749481 0
    outer loop
      vertex -3.1871199487434483 -3.852566213878947 0
      vertex -2.6791339748949836 -4.221639627510075 3
      vertex -2.6791339748949836 -4.221639627510075 0
    endloop
  endfacet
  facet normal 0.4817536741017159 0.8763066800438633 0
    outer loop
      vertex -2.6791339748949836 -4.221639627510075 0
      vertex -2.128896457825362 -4.524135262330098 3
      vertex -2.128896457825362 -4.524135262330098 0
    endloop
  endfacet
  facet normal 0.24868988716485582 0.968583161128631 0
    outer loop
      vertex -1.545084971874737 -4.755282581475767 0
      vertex -0.9369065729286241 -4.911436253643443 3
      vertex -0.9369065729286241 -4.911436253643443 0
    endloop
  endfacet
  facet normal 0.3681245526846768 0.9297764858882519 0
    outer loop
      vertex -2.128896457825362 -4.524135262330098 0
      vertex -1.545084971874737 -4.755282581475767 3
      vertex -1.545084971874737 -4.755282581475767 0
    endloop
  endfacet
  facet normal 0.12533323356430498 0.9921147013144778 0
    outer loop
      vertex -0.9369065729286241 -4.911436253643443 0
      vertex -0.3139525976465688 -4.990133642141358 3
      vertex -0.3139525976465688 -4.990133642141358 0
    endloop
  endfacet
  facet normal 0.5877852522924722 0.8090169943749481 0
    outer loop
      vertex -3.1871199487434483 -3.852566213878947 0
      vertex -3.1871199487434483 -3.852566213878947 3
      vertex -2.6791339748949836 -4.221639627510075 3
    endloop
  endfacet
  facet normal 0.4817536741017159 0.8763066800438633 0
    outer loop
      vertex -2.6791339748949836 -4.221639627510075 0
      vertex -2.6791339748949836 -4.221639627510075 3
      vertex -2.128896457825362 -4.524135262330098 3
    endloop
  endfacet
  facet normal 0.3681245526846768 0.9297764858882519 0
    outer loop
      vertex -2.128896457825362 -4.524135262330098 0
      vertex -2.128896457825362 -4.524135262330098 3
      vertex -1.545084971874737 -4.755282581475767 3
    endloop
  endfacet
  facet normal 0.24868988716485582 0.968583161128631 0
    outer loop
      vertex -1.545084971874737 -4.755282581475767 0
      vertex -1.545084971874737 -4.755282581475767 3
      vertex -0.9369065729286241 -4.911436253643443 3
    endloop
  endfacet
  facet normal 0.12533323356430498 0.9921147013144778 0
    outer loop
      vertex -0.9369065729286241 -4.911436253643443 0
      vertex -0.9369065729286241 -4.911436253643443 3
      vertex -0.3139525976465688 -4.990133642141358 3
    endloop
  endfacet
  facet normal 0 1 0
    outer loop
      vertex -0.3139525976465688 -4.990133642141358 0
      vertex -0.3139525976465688 -4.990133642141358 3
      vertex 0.3139525976465688 -4.990133642141358 3
    endloop
  endfacet
  facet normal 0.6845471059286894 0.7289686274214109 0
    outer loop
      vertex -3.1871199487434483 -3.852566213878947 0
      vertex -3.6448431371070584 -3.4227355296434423 0
      vertex -3.1871199487434483 -3.852566213878947 3
    endloop
  endfacet
  facet normal 0.6845471059286894 0.7289686274214109 0
    outer loop
      vertex -3.6448431371070584 -3.4227355296434423 0
      vertex -3.6448431371070584 -3.4227355296434423 3
      vertex -3.1871199487434483 -3.852566213878947 3
    endloop
  endfacet
  facet normal 0 0 1
    outer loop
      vertex -4.9605735065723895 -0.6266661678215203 0
      vertex -4.9605735065723895 0.6266661678215203 0
      vertex -5 0 0
    endloop
  endfacet
  facet normal 0 0 1
    outer loop
      vertex -4.9605735065723895 -0.6266661678215203 0
      vertex -4.842915805643155 1.2434494358242743 0
      vertex -4.9605735065723895 0.6266661678215203 0
    endloop
  endfacet
  facet normal 0 0 1
    outer loop
      vertex -4.842915805643155 -1.2434494358242743 0
      vertex -4.648882429441257 1.8406227634233894 0
      vertex -4.842915805643155 1.2434494358242743 0
    endloop
  endfacet
  facet normal 0 0 1
    outer loop
      vertex -4.648882429441257 -1.8406227634233894 0
      vertex -4.381533400219317 2.408768370508577 0
      vertex -4.648882429441257 1.8406227634233894 0
    endloop
  endfacet
  facet normal 0 0 1
    outer loop
      vertex -4.381533400219317 -2.408768370508577 0
      vertex -4.045084971874737 2.938926261462366 0
      vertex -4.381533400219317 2.408768370508577 0
    endloop
  endfacet
  facet normal 0 0 1
    outer loop
      vertex -4.045084971874737 -2.938926261462366 0
      vertex -3.6448431371070584 3.4227355296434423 0
      vertex -4.045084971874737 2.938926261462366 0
    endloop
  endfacet
  facet normal 0 0 1
    outer loop
      vertex -3.1871199487434483 -3.852566213878947 0
      vertex -3.1158000007271767 0 0
      vertex -3.1871199487434483 3.852566213878947 0
    endloop
  endfacet
  facet normal 0 0 1
    outer loop
      vertex -3.6448431371070584 -3.4227355296434423 0
      vertex -3.1871199487434483 3.852566213878947 0
      vertex -3.6448431371070584 3.4227355296434423 0
    endloop
  endfacet
  facet normal 0 0 1
    outer loop
      vertex -3.1158000007271767 0 0
      vertex -2.6791339748949836 4.221639627510075 0
      vertex -3.1871199487434483 3.852566213878947 0
    endloop
  endfacet
  facet normal 0 0 1
    outer loop
      vertex -3.1158000007271767 0 0
      vertex -1.557899996638298 2.6983619555830956 0
      vertex -1.545084971874737 4.755282581475767 0
    endloop
  endfacet
  facet normal 0 0 1
    outer loop
      vertex -3.1158000007271767 0 0
      vertex -2.1288964578253635 4.524135262330097 0
      vertex -2.6791339748949836 4.221639627510075 0
    endloop
  endfacet
  facet normal 0 0 1
    outer loop
      vertex -3.1158000007271767 0 0
      vertex -1.545084971874737 4.755282581475767 0
      vertex -2.1288964578253635 4.524135262330097 0
    endloop
  endfacet
  facet normal 0 0 1
    outer loop
      vertex -1.557899996638298 2.6983619555830956 0
      vertex -0.9369065729286229 4.911436253643443 0
      vertex -1.545084971874737 4.755282581475767 0
    endloop
  endfacet
  facet normal 0 0 1
    outer loop
      vertex -1.557899996638298 2.6983619555830956 0
      vertex -0.31395259764656636 4.990133642141358 0
      vertex -0.9369065729286229 4.911436253643443 0
    endloop
  endfacet
  facet normal 0 0 1
    outer loop
      vertex -1.557899996638298 2.6983619555830956 0
      vertex 0.31395259764656636 4.990133642141358 0
      vertex -0.31395259764656636 4.990133642141358 0
    endloop
  endfacet
  facet normal 0 0 1
    outer loop
      vertex -1.557899996638298 2.6983619555830956 0
      vertex 0.9369065729286229 4.911436253643443 0
      vertex 0.31395259764656636 4.990133642141358 0
    endloop
  endfacet
  facet normal 0.9980267284282717 -0.06279051952931294 0
    outer loop
      vertex -5 0 0
      vertex -4.9605735065723895 0.6266661678215203 0
      vertex -4.9605735065723895 0.6266661678215203 3
    endloop
  endfacet
  facet normal 0.9822872507286885 -0.18738131458572513 0
    outer loop
      vertex -4.9605735065723895 0.6266661678215203 0
      vertex -4.842915805643155 1.2434494358242743 0
      vertex -4.842915805643155 1.2434494358242743 3
    endloop
  endfacet
  facet normal 0.9510565162951536 -0.30901699437494723 0
    outer loop
      vertex -4.842915805643155 1.2434494358242743 0
      vertex -4.648882429441257 1.8406227634233894 0
      vertex -4.648882429441257 1.8406227634233894 3
    endloop
  endfacet
  facet normal 0.9048270524660195 -0.42577929156507305 0
    outer loop
      vertex -4.648882429441257 1.8406227634233894 0
      vertex -4.381533400219317 2.408768370508577 0
      vertex -4.381533400219317 2.408768370508577 3
    endloop
  endfacet
  facet normal 0.8443279255020154 -0.535826794978996 0
    outer loop
      vertex -4.381533400219317 2.408768370508577 0
      vertex -4.045084971874737 2.938926261462366 0
      vertex -4.045084971874737 2.938926261462366 3
    endloop
  endfacet
  facet normal 0.7705132427757889 -0.6374239897486902 0
    outer loop
      vertex -4.045084971874737 2.938926261462366 0
      vertex -3.6448431371070584 3.4227355296434423 0
      vertex -3.6448431371070584 3.4227355296434423 3
    endloop
  endfacet
  facet normal 0.9980267284282717 -0.06279051952931294 0
    outer loop
      vertex -5 0 0
      vertex -4.9605735065723895 0.6266661678215203 3
      vertex -5 0 3
    endloop
  endfacet
  facet normal 0.9822872507286885 -0.18738131458572513 0
    outer loop
      vertex -4.9605735065723895 0.6266661678215203 0
      vertex -4.842915805643155 1.2434494358242743 3
      vertex -4.9605735065723895 0.6266661678215203 3
    endloop
  endfacet
  facet normal 0.9510565162951536 -0.30901699437494723 0
    outer loop
      vertex -4.842915805643155 1.2434494358242743 0
      vertex -4.648882429441257 1.8406227634233894 3
      vertex -4.842915805643155 1.2434494358242743 3
    endloop
  endfacet
  facet normal 0.9048270524660195 -0.42577929156507305 0
    outer loop
      vertex -4.648882429441257 1.8406227634233894 0
      vertex -4.381533400219317 2.408768370508577 3
      vertex -4.648882429441257 1.8406227634233894 3
    endloop
  endfacet
  facet normal 0.8443279255020154 -0.535826794978996 0
    outer loop
      vertex -4.381533400219317 2.408768370508577 0
      vertex -4.045084971874737 2.938926261462366 3
      vertex -4.381533400219317 2.408768370508577 3
    endloop
  endfacet
  facet normal 0.7705132427757889 -0.6374239897486902 0
    outer loop
      vertex -4.045084971874737 2.938926261462366 0
      vertex -3.6448431371070584 3.4227355296434423 3
      vertex -4.045084971874737 2.938926261462366 3
    endloop
  endfacet
  facet normal 0.6845471059286894 -0.7289686274214109 0
    outer loop
      vertex -3.6448431371070584 3.4227355296434423 0
      vertex -3.1871199487434483 3.852566213878947 0
      vertex -3.6448431371070584 3.4227355296434423 3
    endloop
  endfacet
  facet normal 0.6845471059286894 -0.7289686274214109 0
    outer loop
      vertex -3.1871199487434483 3.852566213878947 0
      vertex -3.1871199487434483 3.852566213878947 3
      vertex -3.6448431371070584 3.4227355296434423 3
    endloop
  endfacet
  facet normal 0.5877852522924722 -0.8090169943749481 0
    outer loop
      vertex -3.1871199487434483 3.852566213878947 0
      vertex -2.6791339748949836 4.221639627510075 0
      vertex -3.1871199487434483 3.852566213878947 3
    endloop
  endfacet
  facet normal 0.48175367410171566 -0.8763066800438633 0
    outer loop
      vertex -2.6791339748949836 4.221639627510075 0
      vertex -2.1288964578253635 4.524135262330097 0
      vertex -2.6791339748949836 4.221639627510075 3
    endloop
  endfacet
  facet normal 0.3681245526846773 -0.9297764858882517 0
    outer loop
      vertex -2.1288964578253635 4.524135262330097 0
      vertex -1.545084971874737 4.755282581475767 0
      vertex -2.1288964578253635 4.524135262330097 3
    endloop
  endfacet
  facet normal 0.24868988716485532 -0.968583161128631 0
    outer loop
      vertex -1.545084971874737 4.755282581475767 0
      vertex -0.9369065729286229 4.911436253643443 0
      vertex -1.545084971874737 4.755282581475767 3
    endloop
  endfacet
  facet normal 0.12533323356430473 -0.9921147013144778 0
    outer loop
      vertex -0.9369065729286229 4.911436253643443 0
      vertex -0.31395259764656636 4.990133642141358 0
      vertex -0.9369065729286229 4.911436253643443 3
    endloop
  endfacet
  facet normal 0 -1 0
    outer loop
      vertex -0.31395259764656636 4.990133642141358 0
      vertex 0.31395259764656636 4.990133642141358 0
      vertex -0.31395259764656047 4.990133642141358 3
    endloop
  endfacet
  facet normal 0.5877852522924722 -0.8090169943749481 0
    outer loop
      vertex -2.6791339748949836 4.221639627510075 0
      vertex -2.6791339748949836 4.221639627510075 3
      vertex -3.1871199487434483 3.852566213878947 3
    endloop
  endfacet
  facet normal 0.48175367410171566 -0.8763066800438633 0
    outer loop
      vertex -2.1288964578253635 4.524135262330097 0
      vertex -2.1288964578253635 4.524135262330097 3
      vertex -2.6791339748949836 4.221639627510075 3
    endloop
  endfacet
  facet normal 0.3681245526846773 -0.9297764858882517 0
    outer loop
      vertex -1.545084971874737 4.755282581475767 0
      vertex -1.545084971874737 4.755282581475767 3
      vertex -2.1288964578253635 4.524135262330097 3
    endloop
  endfacet
  facet normal 0.24868988716485532 -0.968583161128631 0
    outer loop
      vertex -0.9369065729286229 4.911436253643443 0
      vertex -0.9369065729286229 4.911436253643443 3
      vertex -1.545084971874737 4.755282581475767 3
    endloop
  endfacet
  facet normal 0.12533323356430356 -0.9921147013144779 -2.4582785358840173e-16
    outer loop
      vertex -0.31395259764656636 4.990133642141358 0
      vertex -0.31395259764656047 4.990133642141358 3
      vertex -0.9369065729286229 4.911436253643443 3
    endloop
  endfacet
  facet normal 0 0 1
    outer loop
      vertex -0.9369065729286241 -4.911436253643443 0
      vertex -0.3139525976465688 -4.990133642141358 0
      vertex 1.557899996638298 -2.6983619555830956 0
    endloop
  endfacet
  facet normal 0 0 1
    outer loop
      vertex -0.3139525976465688 -4.990133642141358 0
      vertex 0.3139525976465688 -4.990133642141358 0
      vertex 1.557899996638298 -2.6983619555830956 0
    endloop
  endfacet
  facet normal 0 0 1
    outer loop
      vertex 0.3139525976465688 -4.990133642141358 0
      vertex 0.9369065729286241 -4.911436253643443 0
      vertex 1.557899996638298 -2.6983619555830956 0
    endloop
  endfacet
  facet normal 0 0 1
    outer loop
      vertex 0.9369065729286241 -4.911436253643443 0
      vertex 1.545084971874737 -4.755282581475767 0
      vertex 1.557899996638298 -2.6983619555830956 0
    endloop
  endfacet
  facet normal 0 0 1
    outer loop
      vertex 1.545084971874737 -4.755282581475767 0
      vertex 2.128896457825362 -4.524135262330098 0
      vertex 3.1158000007271767 0 0
    endloop
  endfacet
  facet normal 0 0 1
    outer loop
      vertex 2.128896457825362 -4.524135262330098 0
      vertex 2.679133974894981 -4.2216396275100765 0
      vertex 3.1158000007271767 0 0
    endloop
  endfacet
  facet normal 0 0 1
    outer loop
      vertex 1.545084971874737 -4.755282581475767 0
      vertex 3.1158000007271767 0 0
      vertex 1.557899996638298 -2.6983619555830956 0
    endloop
  endfacet
  facet normal 0 0 1
    outer loop
      vertex 2.679133974894981 -4.2216396275100765 0
      vertex 3.18711994874345 -3.852566213878945 0
      vertex 3.1158000007271767 0 0
    endloop
  endfacet
  facet normal 0 0 1
    outer loop
      vertex 3.18711994874345 -3.852566213878945 0
      vertex 3.6448431371070584 -3.4227355296434423 0
      vertex 3.644843137107058 3.4227355296434436 0
    endloop
  endfacet
  facet normal 0 0 1
    outer loop
      vertex 3.6448431371070584 -3.4227355296434423 0
      vertex 4.045084971874737 -2.938926261462366 0
      vertex 4.045084971874737 2.938926261462366 0
    endloop
  endfacet
  facet normal 0 0 1
    outer loop
      vertex 4.045084971874737 -2.938926261462366 0
      vertex 4.381533400219317 -2.408768370508577 0
      vertex 4.381533400219318 2.4087683705085765 0
    endloop
  endfacet
  facet normal 0 0 1
    outer loop
      vertex 4.381533400219317 -2.408768370508577 0
      vertex 4.648882429441256 -1.8406227634233918 0
      vertex 4.648882429441256 1.8406227634233898 0
    endloop
  endfacet
  facet normal 0 0 1
    outer loop
      vertex 4.648882429441256 -1.8406227634233918 0
      vertex 4.842915805643156 -1.2434494358242723 0
      vertex 4.842915805643155 1.243449435824274 0
    endloop
  endfacet
  facet normal 0 0 1
    outer loop
      vertex 4.842915805643156 -1.2434494358242723 0
      vertex 4.9605735065723895 -0.6266661678215203 0
      vertex 4.9605735065723895 0.6266661678215213 0
    endloop
  endfacet
  facet normal 0 1 0
    outer loop
      vertex -0.3139525976465688 -4.990133642141358 0
      vertex 0.3139525976465688 -4.990133642141358 3
      vertex 0.3139525976465688 -4.990133642141358 0
    endloop
  endfacet
  facet normal -0.12533323356430498 0.9921147013144778 0
    outer loop
      vertex 0.3139525976465688 -4.990133642141358 0
      vertex 0.9369065729286241 -4.911436253643443 3
      vertex 0.9369065729286241 -4.911436253643443 0
    endloop
  endfacet
  facet normal -0.24868988716485582 0.968583161128631 0
    outer loop
      vertex 0.9369065729286241 -4.911436253643443 0
      vertex 1.545084971874737 -4.755282581475767 3
      vertex 1.545084971874737 -4.755282581475767 0
    endloop
  endfacet
  facet normal -0.3681245526846768 0.9297764858882519 0
    outer loop
      vertex 1.545084971874737 -4.755282581475767 0
      vertex 2.128896457825362 -4.524135262330098 3
      vertex 2.128896457825362 -4.524135262330098 0
    endloop
  endfacet
  facet normal -0.4817536741017155 0.8763066800438635 0
    outer loop
      vertex 2.128896457825362 -4.524135262330098 0
      vertex 2.679133974894981 -4.2216396275100765 3
      vertex 2.679133974894981 -4.2216396275100765 0
    endloop
  endfacet
  facet normal -0.5877852522924726 0.8090169943749479 0
    outer loop
      vertex 2.679133974894981 -4.2216396275100765 0
      vertex 3.18711994874345 -3.852566213878945 3
      vertex 3.18711994874345 -3.852566213878945 0
    endloop
  endfacet
  facet normal -0.12533323356430498 0.9921147013144778 0
    outer loop
      vertex 0.3139525976465688 -4.990133642141358 0
      vertex 0.3139525976465688 -4.990133642141358 3
      vertex 0.9369065729286241 -4.911436253643443 3
    endloop
  endfacet
  facet normal -0.24868988716485582 0.968583161128631 0
    outer loop
      vertex 0.9369065729286241 -4.911436253643443 0
      vertex 0.9369065729286241 -4.911436253643443 3
      vertex 1.545084971874737 -4.755282581475767 3
    endloop
  endfacet
  facet normal -0.3681245526846768 0.9297764858882519 0
    outer loop
      vertex 1.545084971874737 -4.755282581475767 0
      vertex 1.545084971874737 -4.755282581475767 3
      vertex 2.128896457825362 -4.524135262330098 3
    endloop
  endfacet
  facet normal -0.4817536741017155 0.8763066800438635 0
    outer loop
      vertex 2.128896457825362 -4.524135262330098 0
      vertex 2.128896457825362 -4.524135262330098 3
      vertex 2.679133974894981 -4.2216396275100765 3
    endloop
  endfacet
  facet normal -0.5877852522924726 0.8090169943749479 0
    outer loop
      vertex 2.679133974894981 -4.2216396275100765 0
      vertex 2.679133974894981 -4.2216396275100765 3
      vertex 3.18711994874345 -3.852566213878945 3
    endloop
  endfacet
  facet normal -0.6845471059286893 0.728968627421411 0
    outer loop
      vertex 3.18711994874345 -3.852566213878945 0
      vertex 3.6448431371070584 -3.4227355296434423 3
      vertex 3.6448431371070584 -3.4227355296434423 0
    endloop
  endfacet
  facet normal -0.6845471059286893 0.728968627421411 0
    outer loop
      vertex 3.18711994874345 -3.852566213878945 0
      vertex 3.18711994874345 -3.852566213878945 3
      vertex 3.6448431371070584 -3.4227355296434423 3
    endloop
  endfacet
  facet normal -0.7705132427757889 0.6374239897486902 0
    outer loop
      vertex 3.6448431371070584 -3.4227355296434423 0
      vertex 3.6448431371070584 -3.4227355296434423 3
      vertex 4.045084971874737 -2.938926261462366 0
    endloop
  endfacet
  facet normal -0.8443279255020154 0.535826794978996 0
    outer loop
      vertex 4.045084971874737 -2.938926261462366 0
      vertex 4.045084971874737 -2.938926261462366 3
      vertex 4.381533400219317 -2.408768370508577 0
    endloop
  endfacet
  facet normal -0.9048270524660191 0.4257792915650733 0
    outer loop
      vertex 4.381533400219317 -2.408768370508577 0
      vertex 4.381533400219317 -2.408768370508577 3
      vertex 4.648882429441256 -1.8406227634233918 0
    endloop
  endfacet
  facet normal -0.9510565162951534 0.3090169943749477 0
    outer loop
      vertex 4.648882429441256 -1.8406227634233918 0
      vertex 4.648882429441256 -1.8406227634233918 3
      vertex 4.842915805643156 -1.2434494358242723 0
    endloop
  endfacet
  facet normal -0.9822872507286887 0.18738131458572432 0
    outer loop
      vertex 4.842915805643156 -1.2434494358242723 0
      vertex 4.842915805643156 -1.2434494358242723 3
      vertex 4.9605735065723895 -0.6266661678215203 0
    endloop
  endfacet
  facet normal -0.9980267284282717 0.06279051952931294 0
    outer loop
      vertex 4.9605735065723895 -0.6266661678215203 0
      vertex 4.9605735065723895 -0.6266661678215203 3
      vertex 5 0 0
    endloop
  endfacet
  facet normal -0.7705132427757889 0.6374239897486902 0
    outer loop
      vertex 4.045084971874737 -2.938926261462366 0
      vertex 3.6448431371070584 -3.4227355296434423 3
      vertex 4.045084971874737 -2.938926261462366 3
    endloop
  endfacet
  facet normal -0.8443279255020154 0.535826794978996 0
    outer loop
      vertex 4.381533400219317 -2.408768370508577 0
      vertex 4.045084971874737 -2.938926261462366 3
      vertex 4.381533400219317 -2.408768370508577 3
    endloop
  endfacet
  facet normal -0.9048270524660191 0.4257792915650733 0
    outer loop
      vertex 4.648882429441256 -1.8406227634233918 0
      vertex 4.381533400219317 -2.408768370508577 3
      vertex 4.648882429441256 -1.8406227634233918 3
    endloop
  endfacet
  facet normal -0.9510565162951534 0.3090169943749477 0
    outer loop
      vertex 4.842915805643156 -1.2434494358242723 0
      vertex 4.648882429441256 -1.8406227634233918 3
      vertex 4.842915805643156 -1.2434494358242723 3
    endloop
  endfacet
  facet normal -0.9822872507286887 0.18738131458572432 0
    outer loop
      vertex 4.9605735065723895 -0.6266661678215203 0
      vertex 4.842915805643156 -1.2434494358242723 3
      vertex 4.9605735065723895 -0.6266661678215203 3
    endloop
  endfacet
  facet normal -0.9980267284282717 0.06279051952931294 0
    outer loop
      vertex 5 0 0
      vertex 4.9605735065723895 -0.6266661678215203 3
      vertex 5 0 3
    endloop
  endfacet
  facet normal 0 0 1
    outer loop
      vertex -1.557899996638298 2.6983619555830956 0
      vertex 1.557899996638298 2.6983619555830956 0
      vertex 2.1288964578253635 4.524135262330097 0
    endloop
  endfacet
  facet normal 0 0 1
    outer loop
      vertex 3.18711994874345 -3.852566213878945 0
      vertex 3.1871199487434487 3.8525662138789456 0
      vertex 3.1158000007271767 0 0
    endloop
  endfacet
  facet normal 0 0 1
    outer loop
      vertex 3.18711994874345 -3.852566213878945 0
      vertex 3.644843137107058 3.4227355296434436 0
      vertex 3.1871199487434487 3.8525662138789456 0
    endloop
  endfacet
  facet normal 0 0 1
    outer loop
      vertex 1.557899996638298 2.6983619555830956 0
      vertex 3.1158000007271767 0 0
      vertex 3.1871199487434487 3.8525662138789456 0
    endloop
  endfacet
  facet normal 0 0 1
    outer loop
      vertex 1.557899996638298 2.6983619555830956 0
      vertex 3.1871199487434487 3.8525662138789456 0
      vertex 2.679133974894983 4.221639627510076 0
    endloop
  endfacet
  facet normal 0 0 1
    outer loop
      vertex -1.557899996638298 2.6983619555830956 0
      vertex 1.545084971874737 4.755282581475767 0
      vertex 0.9369065729286229 4.911436253643443 0
    endloop
  endfacet
  facet normal 0 0 1
    outer loop
      vertex -1.557899996638298 2.6983619555830956 0
      vertex 2.1288964578253635 4.524135262330097 0
      vertex 1.545084971874737 4.755282581475767 0
    endloop
  endfacet
  facet normal 0 0 1
    outer loop
      vertex 1.557899996638298 2.6983619555830956 0
      vertex 2.679133974894983 4.221639627510076 0
      vertex 2.1288964578253635 4.524135262330097 0
    endloop
  endfacet
  facet normal 0 0 1
    outer loop
      vertex 4.045084971874737 -2.938926261462366 0
      vertex 4.381533400219318 2.4087683705085765 0
      vertex 4.045084971874737 2.938926261462366 0
    endloop
  endfacet
  facet normal 0 0 1
    outer loop
      vertex 4.381533400219317 -2.408768370508577 0
      vertex 4.648882429441256 1.8406227634233898 0
      vertex 4.381533400219318 2.4087683705085765 0
    endloop
  endfacet
  facet normal 0 0 1
    outer loop
      vertex 3.6448431371070584 -3.4227355296434423 0
      vertex 4.045084971874737 2.938926261462366 0
      vertex 3.644843137107058 3.4227355296434436 0
    endloop
  endfacet
  facet normal 0 0 1
    outer loop
      vertex 4.842915805643156 -1.2434494358242723 0
      vertex 4.9605735065723895 0.6266661678215213 0
      vertex 4.842915805643155 1.243449435824274 0
    endloop
  endfacet
  facet normal 0 0 1
    outer loop
      vertex 4.648882429441256 -1.8406227634233918 0
      vertex 4.842915805643155 1.243449435824274 0
      vertex 4.648882429441256 1.8406227634233898 0
    endloop
  endfacet
  facet normal 0 0 1
    outer loop
      vertex 4.9605735065723895 -0.6266661678215203 0
      vertex 5 0 0
      vertex 4.9605735065723895 0.6266661678215213 0
    endloop
  endfacet
  facet normal -0.6845471059286878 -0.7289686274214123 0
    outer loop
      vertex 3.644843137107058 3.4227355296434436 0
      vertex 3.1871199487434487 3.8525662138789456 3
      vertex 3.1871199487434487 3.8525662138789456 0
    endloop
  endfacet
  facet normal -0.6845471059286878 -0.7289686274214123 0
    outer loop
      vertex 3.644843137107058 3.4227355296434436 0
      vertex 3.644843137107058 3.4227355296434436 3
      vertex 3.1871199487434487 3.8525662138789456 3
    endloop
  endfacet
  facet normal -0.12533323356430473 -0.9921147013144778 0
    outer loop
      vertex 0.31395259764656636 4.990133642141358 0
      vertex 0.9369065729286229 4.911436253643443 0
      vertex 0.31395259764656636 4.990133642141358 3
    endloop
  endfacet
  facet normal -0.3681245526846773 -0.9297764858882517 0
    outer loop
      vertex 1.545084971874737 4.755282581475767 0
      vertex 2.1288964578253635 4.524135262330097 0
      vertex 1.545084971874737 4.755282581475767 3
    endloop
  endfacet
  facet normal -0.24868988716485532 -0.968583161128631 0
    outer loop
      vertex 0.9369065729286229 4.911436253643443 0
      vertex 1.545084971874737 4.755282581475767 0
      vertex 0.9369065729286229 4.911436253643443 3
    endloop
  endfacet
  facet normal -0.48175367410171493 -0.8763066800438638 0
    outer loop
      vertex 2.1288964578253635 4.524135262330097 0
      vertex 2.679133974894983 4.221639627510076 0
      vertex 2.1288964578253635 4.524135262330097 3
    endloop
  endfacet
  facet normal -0.5877852522924738 -0.8090169943749468 0
    outer loop
      vertex 2.679133974894983 4.221639627510076 0
      vertex 3.1871199487434487 3.8525662138789456 0
      vertex 2.679133974894983 4.221639627510076 3
    endloop
  endfacet
  facet normal 0 -1 0
    outer loop
      vertex 0.31395259764656636 4.990133642141358 0
      vertex 0.31395259764656636 4.990133642141358 3
      vertex -0.31395259764656047 4.990133642141358 3
    endloop
  endfacet
  facet normal -0.12533323356430473 -0.9921147013144778 0
    outer loop
      vertex 0.9369065729286229 4.911436253643443 0
      vertex 0.9369065729286229 4.911436253643443 3
      vertex 0.31395259764656636 4.990133642141358 3
    endloop
  endfacet
  facet normal -0.24868988716485532 -0.968583161128631 0
    outer loop
      vertex 1.545084971874737 4.755282581475767 0
      vertex 1.545084971874737 4.755282581475767 3
      vertex 0.9369065729286229 4.911436253643443 3
    endloop
  endfacet
  facet normal -0.3681245526846773 -0.9297764858882517 0
    outer loop
      vertex 2.1288964578253635 4.524135262330097 0
      vertex 2.1288964578253635 4.524135262330097 3
      vertex 1.545084971874737 4.755282581475767 3
    endloop
  endfacet
  facet normal -0.48175367410171493 -0.8763066800438638 0
    outer loop
      vertex 2.679133974894983 4.221639627510076 0
      vertex 2.679133974894983 4.221639627510076 3
      vertex 2.1288964578253635 4.524135262330097 3
    endloop
  endfacet
  facet normal -0.5877852522924738 -0.8090169943749468 0
    outer loop
      vertex 3.1871199487434487 3.8525662138789456 0
      vertex 3.1871199487434487 3.8525662138789456 3
      vertex 2.679133974894983 4.221639627510076 3
    endloop
  endfacet
  facet normal -0.9980267284282716 -0.06279051952931283 0
    outer loop
      vertex 5 0 0
      vertex 5 0 3
      vertex 4.9605735065723895 0.6266661678215213 0
    endloop
  endfacet
  facet normal -0.9822872507286885 -0.18738131458572546 0
    outer loop
      vertex 4.9605735065723895 0.6266661678215213 0
      vertex 4.9605735065723895 0.6266661678215213 3
      vertex 4.842915805643155 1.243449435824274 0
    endloop
  endfacet
  facet normal -0.9510565162951534 -0.30901699437494823 0
    outer loop
      vertex 4.842915805643155 1.243449435824274 0
      vertex 4.842915805643155 1.243449435824274 3
      vertex 4.648882429441256 1.8406227634233898 0
    endloop
  endfacet
  facet normal -0.9048270524660202 -0.42577929156507127 0
    outer loop
      vertex 4.648882429441256 1.8406227634233898 0
      vertex 4.648882429441256 1.8406227634233898 3
      vertex 4.381533400219318 2.4087683705085765 0
    endloop
  endfacet
  facet normal -0.844327925502015 -0.5358267949789968 0
    outer loop
      vertex 4.381533400219318 2.4087683705085765 0
      vertex 4.381533400219318 2.4087683705085765 3
      vertex 4.045084971874737 2.938926261462366 0
    endloop
  endfacet
  facet normal -0.7705132427757895 -0.6374239897486895 0
    outer loop
      vertex 3.644843137107058 3.4227355296434436 0
      vertex 4.045084971874737 2.938926261462366 0
      vertex 4.045084971874737 2.938926261462366 3
    endloop
  endfacet
  facet normal -0.9980267284282716 -0.06279051952931283 0
    outer loop
      vertex 4.9605735065723895 0.6266661678215213 0
      vertex 5 0 3
      vertex 4.9605735065723895 0.6266661678215213 3
    endloop
  endfacet
  facet normal -0.9822872507286885 -0.18738131458572546 0
    outer loop
      vertex 4.842915805643155 1.243449435824274 0
      vertex 4.9605735065723895 0.6266661678215213 3
      vertex 4.842915805643155 1.243449435824274 3
    endloop
  endfacet
  facet normal -0.9510565162951534 -0.30901699437494823 0
    outer loop
      vertex 4.648882429441256 1.8406227634233898 0
      vertex 4.842915805643155 1.243449435824274 3
      vertex 4.648882429441256 1.8406227634233898 3
    endloop
  endfacet
  facet normal -0.844327925502015 -0.5358267949789968 0
    outer loop
      vertex 4.045084971874737 2.938926261462366 0
      vertex 4.381533400219318 2.4087683705085765 3
      vertex 4.045084971874737 2.938926261462366 3
    endloop
  endfacet
  facet normal -0.9048270524660202 -0.42577929156507127 0
    outer loop
      vertex 4.381533400219318 2.4087683705085765 0
      vertex 4.648882429441256 1.8406227634233898 3
      vertex 4.381533400219318 2.4087683705085765 3
    endloop
  endfacet
  facet normal -0.7705132427757895 -0.6374239897486895 0
    outer loop
      vertex 3.644843137107058 3.4227355296434436 0
      vertex 4.045084971874737 2.938926261462366 3
      vertex 3.644843137107058 3.4227355296434436 3
    endloop
  endfacet
  facet normal 0.7705132427757888 0.6374239897486903 0
    outer loop
      vertex -1.2539763412811686 -0.9110671410533334 -1.9
      vertex -1.1299013725031881 -1.0610480141894671 -19.5
      vertex -1.2539763412811686 -0.9110671410533334 -19.5
    endloop
  endfacet
  facet normal 0.684547105928689 0.7289686274214112 0
    outer loop
      vertex -1.1299013725031881 -1.0610480141894671 -1.9
      vertex -0.988007184110469 -1.1942955263024735 -19.5
      vertex -1.1299013725031881 -1.0610480141894671 -19.5
    endloop
  endfacet
  facet normal 0.9048270524660191 0.4257792915650734 0
    outer loop
      vertex -1.4411535531267898 -0.5705930566612507 -1.9
      vertex -1.3582753540679884 -0.7467181948576589 -19.5
      vertex -1.4411535531267898 -0.5705930566612507 -19.5
    endloop
  endfacet
  facet normal 0.9822872507286886 0.18738131458572505 0
    outer loop
      vertex -1.5377777870374407 -0.1942665120246713 -1.9
      vertex -1.5013038997493782 -0.385469325105525 -19.5
      vertex -1.5377777870374407 -0.1942665120246713 -19.5
    endloop
  endfacet
  facet normal 0.9510565162951539 0.30901699437494673 0
    outer loop
      vertex -1.5013038997493782 -0.385469325105525 -1.9
      vertex -1.4411535531267898 -0.5705930566612507 -19.5
      vertex -1.5013038997493782 -0.385469325105525 -19.5
    endloop
  endfacet
  facet normal 0.9980267284282716 0.06279051952931326 0
    outer loop
      vertex -1.55 0 -1.9
      vertex -1.5377777870374407 -0.1942665120246713 -19.5
      vertex -1.55 0 -19.5
    endloop
  endfacet
  facet normal 0.8443279255020155 0.5358267949789959 0
    outer loop
      vertex -1.3582753540679884 -0.7467181948576589 -1.9
      vertex -1.2539763412811686 -0.9110671410533334 -19.5
      vertex -1.3582753540679884 -0.7467181948576589 -19.5
    endloop
  endfacet
  facet normal 0.3681245526846772 0.9297764858882518 0
    outer loop
      vertex -0.6599579019258623 -1.4024819313223305 -1.9
      vertex -0.47897634128116845 -1.474137600257488 -19.5
      vertex -0.6599579019258623 -1.4024819313223305 -19.5
    endloop
  endfacet
  facet normal 0.587785252292473 0.8090169943749475 0
    outer loop
      vertex -0.988007184110469 -1.1942955263024735 -1.9
      vertex -0.830531532217445 -1.3087082845281233 -19.5
      vertex -0.988007184110469 -1.1942955263024735 -19.5
    endloop
  endfacet
  facet normal 0.4817536741017153 0.8763066800438636 0
    outer loop
      vertex -0.830531532217445 -1.3087082845281233 -1.9
      vertex -0.6599579019258623 -1.4024819313223305 -19.5
      vertex -0.830531532217445 -1.3087082845281233 -19.5
    endloop
  endfacet
  facet normal 0.248689887164855 0.968583161128631 0
    outer loop
      vertex -0.47897634128116845 -1.474137600257488 -1.9
      vertex -0.2904410376078735 -1.5225452386294673 -19.5
      vertex -0.47897634128116845 -1.474137600257488 -19.5
    endloop
  endfacet
  facet normal 0.12533323356430565 0.9921147013144777 0
    outer loop
      vertex -0.2904410376078735 -1.5225452386294673 -1.9
      vertex -0.09732530527043634 -1.546941429063821 -19.5
      vertex -0.2904410376078735 -1.5225452386294673 -19.5
    endloop
  endfacet
  facet normal 0 1 0
    outer loop
      vertex -0.09732530527043634 -1.546941429063821 -1.9
      vertex 0.09732530527043634 -1.546941429063821 -19.5
      vertex -0.09732530527043634 -1.546941429063821 -19.5
    endloop
  endfacet
  facet normal 0.7705132427757888 0.6374239897486903 0
    outer loop
      vertex -1.2539763412811686 -0.9110671410533334 -1.9
      vertex -1.1299013725031881 -1.0610480141894671 -1.9
      vertex -1.1299013725031881 -1.0610480141894671 -19.5
    endloop
  endfacet
  facet normal 0.684547105928689 0.7289686274214112 0
    outer loop
      vertex -1.1299013725031881 -1.0610480141894671 -1.9
      vertex -0.988007184110469 -1.1942955263024735 -1.9
      vertex -0.988007184110469 -1.1942955263024735 -19.5
    endloop
  endfacet
  facet normal 0.9510565162951539 0.30901699437494673 0
    outer loop
      vertex -1.4411535531267898 -0.5705930566612507 -1.9
      vertex -1.4411535531267898 -0.5705930566612507 -19.5
      vertex -1.5013038997493782 -0.385469325105525 -1.9
    endloop
  endfacet
  facet normal 0.9822872507286886 0.18738131458572505 0
    outer loop
      vertex -1.5013038997493782 -0.385469325105525 -1.9
      vertex -1.5013038997493782 -0.385469325105525 -19.5
      vertex -1.5377777870374407 -0.1942665120246713 -1.9
    endloop
  endfacet
  facet normal 0.9980267284282716 0.06279051952931326 0
    outer loop
      vertex -1.5377777870374407 -0.1942665120246713 -1.9
      vertex -1.5377777870374407 -0.1942665120246713 -19.5
      vertex -1.55 0 -1.9
    endloop
  endfacet
  facet normal 0.8443279255020155 0.5358267949789959 0
    outer loop
      vertex -1.2539763412811686 -0.9110671410533334 -1.9
      vertex -1.2539763412811686 -0.9110671410533334 -19.5
      vertex -1.3582753540679884 -0.7467181948576589 -1.9
    endloop
  endfacet
  facet normal 0.9048270524660191 0.4257792915650734 0
    outer loop
      vertex -1.3582753540679884 -0.7467181948576589 -1.9
      vertex -1.3582753540679884 -0.7467181948576589 -19.5
      vertex -1.4411535531267898 -0.5705930566612507 -1.9
    endloop
  endfacet
  facet normal 0.3681245526846772 0.9297764858882518 0
    outer loop
      vertex -0.6599579019258623 -1.4024819313223305 -1.9
      vertex -0.47897634128116845 -1.474137600257488 -1.9
      vertex -0.47897634128116845 -1.474137600257488 -19.5
    endloop
  endfacet
  facet normal 0.587785252292473 0.8090169943749475 0
    outer loop
      vertex -0.830531532217445 -1.3087082845281233 -1.9
      vertex -0.830531532217445 -1.3087082845281233 -19.5
      vertex -0.988007184110469 -1.1942955263024735 -1.9
    endloop
  endfacet
  facet normal 0.4817536741017153 0.8763066800438636 0
    outer loop
      vertex -0.830531532217445 -1.3087082845281233 -1.9
      vertex -0.6599579019258623 -1.4024819313223305 -1.9
      vertex -0.6599579019258623 -1.4024819313223305 -19.5
    endloop
  endfacet
  facet normal 0.248689887164855 0.968583161128631 0
    outer loop
      vertex -0.47897634128116845 -1.474137600257488 -1.9
      vertex -0.2904410376078735 -1.5225452386294673 -1.9
      vertex -0.2904410376078735 -1.5225452386294673 -19.5
    endloop
  endfacet
  facet normal 0.12533323356430565 0.9921147013144777 0
    outer loop
      vertex -0.2904410376078735 -1.5225452386294673 -1.9
      vertex -0.09732530527043634 -1.546941429063821 -1.9
      vertex -0.09732530527043634 -1.546941429063821 -19.5
    endloop
  endfacet
  facet normal 0.9980267284282716 -0.06279051952931326 0
    outer loop
      vertex -1.5377777870374407 0.1942665120246713 -1.9
      vertex -1.55 0 -19.5
      vertex -1.5377777870374407 0.1942665120246713 -19.5
    endloop
  endfacet
  facet normal 0.9822872507286886 -0.18738131458572505 0
    outer loop
      vertex -1.5013038997493782 0.385469325105525 -1.9
      vertex -1.5377777870374407 0.1942665120246713 -19.5
      vertex -1.5013038997493782 0.385469325105525 -19.5
    endloop
  endfacet
  facet normal 0.9510565162951539 -0.30901699437494673 0
    outer loop
      vertex -1.4411535531267898 0.5705930566612507 -1.9
      vertex -1.5013038997493782 0.385469325105525 -19.5
      vertex -1.4411535531267898 0.5705930566612507 -19.5
    endloop
  endfacet
  facet normal 0.9048270524660191 -0.4257792915650734 0
    outer loop
      vertex -1.3582753540679884 0.7467181948576589 -1.9
      vertex -1.4411535531267898 0.5705930566612507 -19.5
      vertex -1.3582753540679884 0.7467181948576589 -19.5
    endloop
  endfacet
  facet normal 0.8443279255020155 -0.5358267949789959 0
    outer loop
      vertex -1.2539763412811686 0.9110671410533334 -1.9
      vertex -1.3582753540679884 0.7467181948576589 -19.5
      vertex -1.2539763412811686 0.9110671410533334 -19.5
    endloop
  endfacet
  facet normal 0.7705132427757888 -0.6374239897486903 0
    outer loop
      vertex -1.1299013725031881 1.0610480141894671 -1.9
      vertex -1.2539763412811686 0.9110671410533334 -19.5
      vertex -1.1299013725031881 1.0610480141894671 -19.5
    endloop
  endfacet
  facet normal 0.684547105928689 -0.7289686274214112 0
    outer loop
      vertex -0.988007184110469 1.1942955263024735 -1.9
      vertex -1.1299013725031881 1.0610480141894671 -19.5
      vertex -0.988007184110469 1.1942955263024735 -19.5
    endloop
  endfacet
  facet normal 0.587785252292473 -0.8090169943749475 0
    outer loop
      vertex -0.830531532217445 1.3087082845281233 -1.9
      vertex -0.988007184110469 1.1942955263024735 -19.5
      vertex -0.830531532217445 1.3087082845281233 -19.5
    endloop
  endfacet
  facet normal 0.4817536741017151 -0.8763066800438636 0
    outer loop
      vertex -0.6599579019258627 1.4024819313223302 -1.9
      vertex -0.830531532217445 1.3087082845281233 -19.5
      vertex -0.6599579019258627 1.4024819313223302 -19.5
    endloop
  endfacet
  facet normal 0.3681245526846776 -0.9297764858882516 0
    outer loop
      vertex -0.47897634128116845 1.474137600257488 -1.9
      vertex -0.6599579019258627 1.4024819313223302 -19.5
      vertex -0.47897634128116845 1.474137600257488 -19.5
    endloop
  endfacet
  facet normal 0.24868988716485557 -0.968583161128631 0
    outer loop
      vertex -0.2904410376078731 1.5225452386294676 -1.9
      vertex -0.47897634128116845 1.474137600257488 -19.5
      vertex -0.2904410376078731 1.5225452386294676 -19.5
    endloop
  endfacet
  facet normal 0.12533323356430429 -0.9921147013144779 0
    outer loop
      vertex -0.09732530527043558 1.546941429063821 -1.9
      vertex -0.2904410376078731 1.5225452386294676 -19.5
      vertex -0.09732530527043558 1.546941429063821 -19.5
    endloop
  endfacet
  facet normal 0.9980267284282716 -0.06279051952931326 0
    outer loop
      vertex -1.55 0 -1.9
      vertex -1.55 0 -19.5
      vertex -1.5377777870374407 0.1942665120246713 -1.9
    endloop
  endfacet
  facet normal 0.9822872507286886 -0.18738131458572505 0
    outer loop
      vertex -1.5377777870374407 0.1942665120246713 -1.9
      vertex -1.5377777870374407 0.1942665120246713 -19.5
      vertex -1.5013038997493782 0.385469325105525 -1.9
    endloop
  endfacet
  facet normal 0.9510565162951539 -0.30901699437494673 0
    outer loop
      vertex -1.5013038997493782 0.385469325105525 -1.9
      vertex -1.5013038997493782 0.385469325105525 -19.5
      vertex -1.4411535531267898 0.5705930566612507 -1.9
    endloop
  endfacet
  facet normal 0.9048270524660191 -0.4257792915650734 0
    outer loop
      vertex -1.4411535531267898 0.5705930566612507 -1.9
      vertex -1.4411535531267898 0.5705930566612507 -19.5
      vertex -1.3582753540679884 0.7467181948576589 -1.9
    endloop
  endfacet
  facet normal 0.8443279255020155 -0.5358267949789959 0
    outer loop
      vertex -1.3582753540679884 0.7467181948576589 -1.9
      vertex -1.3582753540679884 0.7467181948576589 -19.5
      vertex -1.2539763412811686 0.9110671410533334 -1.9
    endloop
  endfacet
  facet normal 0.7705132427757888 -0.6374239897486903 0
    outer loop
      vertex -1.2539763412811686 0.9110671410533334 -1.9
      vertex -1.2539763412811686 0.9110671410533334 -19.5
      vertex -1.1299013725031881 1.0610480141894671 -1.9
    endloop
  endfacet
  facet normal 0.684547105928689 -0.7289686274214112 0
    outer loop
      vertex -1.1299013725031881 1.0610480141894671 -1.9
      vertex -1.1299013725031881 1.0610480141894671 -19.5
      vertex -0.988007184110469 1.1942955263024735 -1.9
    endloop
  endfacet
  facet normal 0.587785252292473 -0.8090169943749475 0
    outer loop
      vertex -0.988007184110469 1.1942955263024735 -1.9
      vertex -0.988007184110469 1.1942955263024735 -19.5
      vertex -0.830531532217445 1.3087082845281233 -1.9
    endloop
  endfacet
  facet normal 0.4817536741017151 -0.8763066800438636 0
    outer loop
      vertex -0.830531532217445 1.3087082845281233 -1.9
      vertex -0.830531532217445 1.3087082845281233 -19.5
      vertex -0.6599579019258627 1.4024819313223302 -1.9
    endloop
  endfacet
  facet normal 0.3681245526846776 -0.9297764858882516 0
    outer loop
      vertex -0.6599579019258627 1.4024819313223302 -1.9
      vertex -0.6599579019258627 1.4024819313223302 -19.5
      vertex -0.47897634128116845 1.474137600257488 -1.9
    endloop
  endfacet
  facet normal 0.24868988716485557 -0.968583161128631 0
    outer loop
      vertex -0.47897634128116845 1.474137600257488 -1.9
      vertex -0.47897634128116845 1.474137600257488 -19.5
      vertex -0.2904410376078731 1.5225452386294676 -1.9
    endloop
  endfacet
  facet normal 0.12533323356430429 -0.9921147013144779 0
    outer loop
      vertex -0.2904410376078731 1.5225452386294676 -1.9
      vertex -0.2904410376078731 1.5225452386294676 -19.5
      vertex -0.09732530527043558 1.546941429063821 -1.9
    endloop
  endfacet
  facet normal 0 -1 0
    outer loop
      vertex -0.09732530527043558 1.546941429063821 -1.9
      vertex -0.09732530527043558 1.546941429063821 -19.5
      vertex 0.09732530527043474 1.546941429063821 -1.9
    endloop
  endfacet
  facet normal -0.12533323356430565 0.9921147013144777 0
    outer loop
      vertex 0.09732530527043634 -1.546941429063821 -1.9
      vertex 0.2904410376078735 -1.5225452386294673 -19.5
      vertex 0.09732530527043634 -1.546941429063821 -19.5
    endloop
  endfacet
  facet normal -0.248689887164855 0.968583161128631 0
    outer loop
      vertex 0.2904410376078735 -1.5225452386294673 -1.9
      vertex 0.47897634128116845 -1.474137600257488 -19.5
      vertex 0.2904410376078735 -1.5225452386294673 -19.5
    endloop
  endfacet
  facet normal -0.3681245526846772 0.9297764858882518 0
    outer loop
      vertex 0.47897634128116845 -1.474137600257488 -1.9
      vertex 0.6599579019258623 -1.4024819313223305 -19.5
      vertex 0.47897634128116845 -1.474137600257488 -19.5
    endloop
  endfacet
  facet normal -0.4817536741017155 0.8763066800438635 0
    outer loop
      vertex 0.6599579019258623 -1.4024819313223305 -1.9
      vertex 0.8305315322174441 -1.3087082845281237 -19.5
      vertex 0.6599579019258623 -1.4024819313223305 -19.5
    endloop
  endfacet
  facet normal -0.5877852522924725 0.8090169943749479 0
    outer loop
      vertex 0.8305315322174441 -1.3087082845281237 -1.9
      vertex 0.9880071841104695 -1.194295526302473 -19.5
      vertex 0.8305315322174441 -1.3087082845281237 -19.5
    endloop
  endfacet
  facet normal -0.6845471059286893 0.728968627421411 0
    outer loop
      vertex 0.9880071841104695 -1.194295526302473 -1.9
      vertex 1.1299013725031881 -1.0610480141894671 -19.5
      vertex 0.9880071841104695 -1.194295526302473 -19.5
    endloop
  endfacet
  facet normal -0.7705132427757888 0.6374239897486903 0
    outer loop
      vertex 1.1299013725031881 -1.0610480141894671 -1.9
      vertex 1.2539763412811686 -0.9110671410533334 -19.5
      vertex 1.1299013725031881 -1.0610480141894671 -19.5
    endloop
  endfacet
  facet normal -0.8443279255020155 0.5358267949789959 0
    outer loop
      vertex 1.2539763412811686 -0.9110671410533334 -1.9
      vertex 1.3582753540679884 -0.7467181948576589 -19.5
      vertex 1.2539763412811686 -0.9110671410533334 -19.5
    endloop
  endfacet
  facet normal -0.9048270524660194 0.42577929156507305 0
    outer loop
      vertex 1.3582753540679884 -0.7467181948576589 -1.9
      vertex 1.4411535531267894 -0.5705930566612515 -19.5
      vertex 1.3582753540679884 -0.7467181948576589 -19.5
    endloop
  endfacet
  facet normal -0.9510565162951534 0.3090169943749477 0
    outer loop
      vertex 1.4411535531267894 -0.5705930566612515 -1.9
      vertex 1.5013038997493784 -0.3854693251055244 -19.5
      vertex 1.4411535531267894 -0.5705930566612515 -19.5
    endloop
  endfacet
  facet normal -0.9822872507286887 0.18738131458572455 0
    outer loop
      vertex 1.5013038997493784 -0.3854693251055244 -1.9
      vertex 1.5377777870374407 -0.1942665120246713 -19.5
      vertex 1.5013038997493784 -0.3854693251055244 -19.5
    endloop
  endfacet
  facet normal -0.9980267284282716 0.06279051952931326 0
    outer loop
      vertex 1.5377777870374407 -0.1942665120246713 -1.9
      vertex 1.55 0 -19.5
      vertex 1.5377777870374407 -0.1942665120246713 -19.5
    endloop
  endfacet
  facet normal 0 1 0
    outer loop
      vertex -0.09732530527043634 -1.546941429063821 -1.9
      vertex 0.09732530527043634 -1.546941429063821 -1.9
      vertex 0.09732530527043634 -1.546941429063821 -19.5
    endloop
  endfacet
  facet normal -0.12533323356430565 0.9921147013144777 0
    outer loop
      vertex 0.09732530527043634 -1.546941429063821 -1.9
      vertex 0.2904410376078735 -1.5225452386294673 -1.9
      vertex 0.2904410376078735 -1.5225452386294673 -19.5
    endloop
  endfacet
  facet normal -0.248689887164855 0.968583161128631 0
    outer loop
      vertex 0.2904410376078735 -1.5225452386294673 -1.9
      vertex 0.47897634128116845 -1.474137600257488 -1.9
      vertex 0.47897634128116845 -1.474137600257488 -19.5
    endloop
  endfacet
  facet normal -0.3681245526846772 0.9297764858882518 0
    outer loop
      vertex 0.47897634128116845 -1.474137600257488 -1.9
      vertex 0.6599579019258623 -1.4024819313223305 -1.9
      vertex 0.6599579019258623 -1.4024819313223305 -19.5
    endloop
  endfacet
  facet normal -0.4817536741017155 0.8763066800438635 0
    outer loop
      vertex 0.6599579019258623 -1.4024819313223305 -1.9
      vertex 0.8305315322174441 -1.3087082845281237 -1.9
      vertex 0.8305315322174441 -1.3087082845281237 -19.5
    endloop
  endfacet
  facet normal -0.5877852522924725 0.8090169943749479 0
    outer loop
      vertex 0.8305315322174441 -1.3087082845281237 -1.9
      vertex 0.9880071841104695 -1.194295526302473 -1.9
      vertex 0.9880071841104695 -1.194295526302473 -19.5
    endloop
  endfacet
  facet normal -0.6845471059286893 0.728968627421411 0
    outer loop
      vertex 0.9880071841104695 -1.194295526302473 -1.9
      vertex 1.1299013725031881 -1.0610480141894671 -1.9
      vertex 1.1299013725031881 -1.0610480141894671 -19.5
    endloop
  endfacet
  facet normal -0.7705132427757888 0.6374239897486903 0
    outer loop
      vertex 1.1299013725031881 -1.0610480141894671 -1.9
      vertex 1.2539763412811686 -0.9110671410533334 -1.9
      vertex 1.2539763412811686 -0.9110671410533334 -19.5
    endloop
  endfacet
  facet normal -0.8443279255020155 0.5358267949789959 0
    outer loop
      vertex 1.2539763412811686 -0.9110671410533334 -1.9
      vertex 1.3582753540679884 -0.7467181948576589 -1.9
      vertex 1.3582753540679884 -0.7467181948576589 -19.5
    endloop
  endfacet
  facet normal -0.9048270524660194 0.42577929156507305 0
    outer loop
      vertex 1.3582753540679884 -0.7467181948576589 -1.9
      vertex 1.4411535531267894 -0.5705930566612515 -1.9
      vertex 1.4411535531267894 -0.5705930566612515 -19.5
    endloop
  endfacet
  facet normal -0.9510565162951534 0.3090169943749477 0
    outer loop
      vertex 1.4411535531267894 -0.5705930566612515 -1.9
      vertex 1.5013038997493784 -0.3854693251055244 -1.9
      vertex 1.5013038997493784 -0.3854693251055244 -19.5
    endloop
  endfacet
  facet normal -0.9822872507286887 0.18738131458572455 0
    outer loop
      vertex 1.5013038997493784 -0.3854693251055244 -1.9
      vertex 1.5377777870374407 -0.1942665120246713 -1.9
      vertex 1.5377777870374407 -0.1942665120246713 -19.5
    endloop
  endfacet
  facet normal -0.9980267284282716 0.06279051952931326 0
    outer loop
      vertex 1.5377777870374407 -0.1942665120246713 -1.9
      vertex 1.55 0 -1.9
      vertex 1.55 0 -19.5
    endloop
  endfacet
  facet normal 0 -1 0
    outer loop
      vertex 0.09732530527043474 1.546941429063821 -1.9
      vertex -0.09732530527043558 1.546941429063821 -19.5
      vertex 0.09732530527042872 1.546941429063821 -19.5
    endloop
  endfacet
  facet normal -0.12533323356429987 -0.9921147013144784 0
    outer loop
      vertex 0.2904410376078731 1.5225452386294676 -1.9
      vertex 0.09732530527042872 1.546941429063821 -19.5
      vertex 0.2904410376078731 1.5225452386294676 -19.5
    endloop
  endfacet
  facet normal -0.24868988716485557 -0.968583161128631 0
    outer loop
      vertex 0.47897634128116845 1.474137600257488 -1.9
      vertex 0.2904410376078731 1.5225452386294676 -19.5
      vertex 0.47897634128116845 1.474137600257488 -19.5
    endloop
  endfacet
  facet normal -0.48175367410171477 -0.8763066800438639 0
    outer loop
      vertex 0.8305315322174448 1.3087082845281235 -1.9
      vertex 0.6599579019258627 1.4024819313223302 -19.5
      vertex 0.8305315322174448 1.3087082845281235 -19.5
    endloop
  endfacet
  facet normal -0.5877852522924735 -0.8090169943749471 0
    outer loop
      vertex 0.9880071841104692 1.1942955263024733 -1.9
      vertex 0.8305315322174448 1.3087082845281235 -19.5
      vertex 0.9880071841104692 1.1942955263024733 -19.5
    endloop
  endfacet
  facet normal -0.3681245526846776 -0.9297764858882516 0
    outer loop
      vertex 0.6599579019258627 1.4024819313223302 -1.9
      vertex 0.47897634128116845 1.474137600257488 -19.5
      vertex 0.6599579019258627 1.4024819313223302 -19.5
    endloop
  endfacet
  facet normal -0.8443279255020153 -0.5358267949789964 0
    outer loop
      vertex 1.3582753540679886 0.7467181948576588 -1.9
      vertex 1.2539763412811686 0.9110671410533334 -19.5
      vertex 1.3582753540679886 0.7467181948576588 -19.5
    endloop
  endfacet
  facet normal -0.9980267284282716 -0.06279051952931317 0
    outer loop
      vertex 1.55 0 -1.9
      vertex 1.5377777870374407 0.1942665120246716 -19.5
      vertex 1.55 0 -19.5
    endloop
  endfacet
  facet normal -0.9510565162951535 -0.3090169943749473 0
    outer loop
      vertex 1.5013038997493782 0.38546932510552495 -1.9
      vertex 1.4411535531267896 0.5705930566612509 -19.5
      vertex 1.5013038997493782 0.38546932510552495 -19.5
    endloop
  endfacet
  facet normal -0.9822872507286885 -0.18738131458572538 0
    outer loop
      vertex 1.5377777870374407 0.1942665120246716 -1.9
      vertex 1.5013038997493782 0.38546932510552495 -19.5
      vertex 1.5377777870374407 0.1942665120246716 -19.5
    endloop
  endfacet
  facet normal -0.9048270524660197 -0.42577929156507216 0
    outer loop
      vertex 1.4411535531267896 0.5705930566612509 -1.9
      vertex 1.3582753540679886 0.7467181948576588 -19.5
      vertex 1.4411535531267896 0.5705930566612509 -19.5
    endloop
  endfacet
  facet normal -0.6845471059286884 -0.7289686274214118 0
    outer loop
      vertex 1.129901372503188 1.0610480141894676 -1.9
      vertex 0.9880071841104692 1.1942955263024733 -19.5
      vertex 1.129901372503188 1.0610480141894676 -19.5
    endloop
  endfacet
  facet normal -0.7705132427757893 -0.6374239897486897 0
    outer loop
      vertex 1.2539763412811686 0.9110671410533334 -1.9
      vertex 1.129901372503188 1.0610480141894676 -19.5
      vertex 1.2539763412811686 0.9110671410533334 -19.5
    endloop
  endfacet
  facet normal -0.12533323356430376 -0.9921147013144779 4.2890740964314363e-17
    outer loop
      vertex 0.09732530527043474 1.546941429063821 -1.9
      vertex 0.09732530527042872 1.546941429063821 -19.5
      vertex 0.2904410376078731 1.5225452386294676 -1.9
    endloop
  endfacet
  facet normal -0.24868988716485557 -0.968583161128631 0
    outer loop
      vertex 0.2904410376078731 1.5225452386294676 -1.9
      vertex 0.2904410376078731 1.5225452386294676 -19.5
      vertex 0.47897634128116845 1.474137600257488 -1.9
    endloop
  endfacet
  facet normal -0.48175367410171477 -0.8763066800438639 0
    outer loop
      vertex 0.6599579019258627 1.4024819313223302 -1.9
      vertex 0.6599579019258627 1.4024819313223302 -19.5
      vertex 0.8305315322174448 1.3087082845281235 -1.9
    endloop
  endfacet
  facet normal -0.5877852522924735 -0.8090169943749471 0
    outer loop
      vertex 0.9880071841104692 1.1942955263024733 -1.9
      vertex 0.8305315322174448 1.3087082845281235 -1.9
      vertex 0.8305315322174448 1.3087082845281235 -19.5
    endloop
  endfacet
  facet normal -0.3681245526846776 -0.9297764858882516 0
    outer loop
      vertex 0.47897634128116845 1.474137600257488 -1.9
      vertex 0.47897634128116845 1.474137600257488 -19.5
      vertex 0.6599579019258627 1.4024819313223302 -1.9
    endloop
  endfacet
  facet normal -0.9048270524660197 -0.42577929156507216 0
    outer loop
      vertex 1.4411535531267896 0.5705930566612509 -1.9
      vertex 1.3582753540679886 0.7467181948576588 -1.9
      vertex 1.3582753540679886 0.7467181948576588 -19.5
    endloop
  endfacet
  facet normal -0.8443279255020153 -0.5358267949789964 0
    outer loop
      vertex 1.3582753540679886 0.7467181948576588 -1.9
      vertex 1.2539763412811686 0.9110671410533334 -1.9
      vertex 1.2539763412811686 0.9110671410533334 -19.5
    endloop
  endfacet
  facet normal -0.9980267284282716 -0.06279051952931317 0
    outer loop
      vertex 1.55 0 -1.9
      vertex 1.5377777870374407 0.1942665120246716 -1.9
      vertex 1.5377777870374407 0.1942665120246716 -19.5
    endloop
  endfacet
  facet normal -0.9822872507286885 -0.18738131458572538 0
    outer loop
      vertex 1.5377777870374407 0.1942665120246716 -1.9
      vertex 1.5013038997493782 0.38546932510552495 -1.9
      vertex 1.5013038997493782 0.38546932510552495 -19.5
    endloop
  endfacet
  facet normal -0.9510565162951535 -0.3090169943749473 0
    outer loop
      vertex 1.5013038997493782 0.38546932510552495 -1.9
      vertex 1.4411535531267896 0.5705930566612509 -1.9
      vertex 1.4411535531267896 0.5705930566612509 -19.5
    endloop
  endfacet
  facet normal -0.6845471059286884 -0.7289686274214118 0
    outer loop
      vertex 0.9880071841104692 1.1942955263024733 -1.9
      vertex 0.9880071841104692 1.1942955263024733 -19.5
      vertex 1.129901372503188 1.0610480141894676 -1.9
    endloop
  endfacet
  facet normal -0.7705132427757893 -0.6374239897486897 0
    outer loop
      vertex 1.129901372503188 1.0610480141894676 -1.9
      vertex 1.129901372503188 1.0610480141894676 -19.5
      vertex 1.2539763412811686 0.9110671410533334 -1.9
    endloop
  endfacet
  facet normal -0.8443279255020157 -0.5358267949789955 0
    outer loop
      vertex -24.270509831248425 -17.633557568774194 -19.5
      vertex -26.289200401315902 -14.452610223051462 3
      vertex -26.289200401315902 -14.452610223051462 -19.5
    endloop
  endfacet
  facet normal -0.7705132427757891 -0.6374239897486897 0
    outer loop
      vertex -24.270509831248425 -17.633557568774194 -19.5
      vertex -21.86905882264235 -20.536413177860656 -19.5
      vertex -24.270509831248425 -17.633557568774194 3
    endloop
  endfacet
  facet normal -0.5877852522924734 -0.8090169943749473 0
    outer loop
      vertex -19.122719692460688 -23.11539728327368 -19.5
      vertex -16.074803849369903 -25.32983776506045 -19.5
      vertex -16.074803849369903 -25.32983776506045 3
    endloop
  endfacet
  facet normal -0.6845471059286885 -0.7289686274214117 0
    outer loop
      vertex -19.122719692460688 -23.11539728327368 -19.5
      vertex -19.122719692460688 -23.11539728327368 3
      vertex -21.86905882264235 -20.536413177860656 -19.5
    endloop
  endfacet
  facet normal 0 0 -1
    outer loop
      vertex -27.893294576647545 -11.043736580540337 -19.5
      vertex -29.057494833858932 -7.460696614945645 -19.5
      vertex -27.893294576647545 11.043736580540337 -19.5
    endloop
  endfacet
  facet normal 0 0 -1
    outer loop
      vertex -29.057494833858932 -7.460696614945645 -19.5
      vertex -29.763441039434337 -3.759997006929122 -19.5
      vertex -29.057494833858932 7.460696614945645 -19.5
    endloop
  endfacet
  facet normal 0 0 -1
    outer loop
      vertex -26.289200401315902 -14.452610223051462 -19.5
      vertex -27.893294576647545 -11.043736580540337 -19.5
      vertex -26.289200401315902 14.452610223051462 -19.5
    endloop
  endfacet
  facet normal 0 0 -1
    outer loop
      vertex -24.270509831248425 -17.633557568774194 -19.5
      vertex -26.289200401315902 -14.452610223051462 -19.5
      vertex -24.270509831248425 17.633557568774194 -19.5
    endloop
  endfacet
  facet normal 0 0 -1
    outer loop
      vertex -24.270509831248425 -17.633557568774194 -19.5
      vertex -21.86905882264235 20.536413177860656 -19.5
      vertex -21.86905882264235 -20.536413177860656 -19.5
    endloop
  endfacet
  facet normal 0 0 -1
    outer loop
      vertex -19.122719692460688 -23.11539728327368 -19.5
      vertex -16.074803849369903 25.32983776506045 -19.5
      vertex -16.074803849369903 -25.32983776506045 -19.5
    endloop
  endfacet
  facet normal 0 0 -1
    outer loop
      vertex -19.122719692460688 -23.11539728327368 -19.5
      vertex -21.86905882264235 -20.536413177860656 -19.5
      vertex -19.122719692460688 23.11539728327368 -19.5
    endloop
  endfacet
  facet normal -0.904827052466019 -0.42577929156507377 0
    outer loop
      vertex -26.289200401315902 -14.452610223051462 -19.5
      vertex -27.893294576647545 -11.043736580540337 3
      vertex -27.893294576647545 -11.043736580540337 -19.5
    endloop
  endfacet
  facet normal -0.9510565162951539 -0.30901699437494673 0
    outer loop
      vertex -27.893294576647545 -11.043736580540337 -19.5
      vertex -29.057494833858932 -7.460696614945645 3
      vertex -29.057494833858932 -7.460696614945645 -19.5
    endloop
  endfacet
  facet normal -0.9822872507286886 -0.18738131458572513 0
    outer loop
      vertex -29.057494833858932 -7.460696614945645 -19.5
      vertex -29.763441039434337 -3.759997006929122 3
      vertex -29.763441039434337 -3.759997006929122 -19.5
    endloop
  endfacet
  facet normal -0.9980267284282716 -0.06279051952931293 0
    outer loop
      vertex -29.763441039434337 -3.759997006929122 -19.5
      vertex -30 0 3
      vertex -30 0 -19.5
    endloop
  endfacet
  facet normal 0 0 -1
    outer loop
      vertex -1.8837155858794128 -29.940801852848146 -19.5
      vertex -0.09732530527043634 -1.546941429063821 -19.5
      vertex 1.8837155858794128 -29.940801852848146 -19.5
    endloop
  endfacet
  facet normal -0.48175367410171455 -0.8763066800438641 0
    outer loop
      vertex -16.074803849369903 -25.32983776506045 -19.5
      vertex -12.773378746952172 -27.144811573980586 -19.5
      vertex -12.773378746952172 -27.144811573980586 3
    endloop
  endfacet
  facet normal -0.36812455268467803 -0.9297764858882513 0
    outer loop
      vertex -12.773378746952172 -27.144811573980586 -19.5
      vertex -9.270509831248422 -28.531695488854606 -19.5
      vertex -9.270509831248422 -28.531695488854606 3
    endloop
  endfacet
  facet normal -0.248689887164855 -0.9685831611286311 0
    outer loop
      vertex -9.270509831248422 -28.531695488854606 -19.5
      vertex -5.621439437571745 -29.468617521860658 -19.5
      vertex -5.621439437571745 -29.468617521860658 3
    endloop
  endfacet
  facet normal -0.12533323356430498 -0.9921147013144778 0
    outer loop
      vertex -5.621439437571745 -29.468617521860658 -19.5
      vertex -1.8837155858794128 -29.940801852848146 -19.5
      vertex -1.8837155858794128 -29.940801852848146 3
    endloop
  endfacet
  facet normal 0 0 -1
    outer loop
      vertex -16.074803849369903 -25.32983776506045 -19.5
      vertex -12.773378746952181 27.144811573980583 -19.5
      vertex -12.773378746952172 -27.144811573980586 -19.5
    endloop
  endfacet
  facet normal 0 0 -1
    outer loop
      vertex -12.773378746952172 -27.144811573980586 -19.5
      vertex -9.270509831248422 28.531695488854606 -19.5
      vertex -9.270509831248422 -28.531695488854606 -19.5
    endloop
  endfacet
  facet normal 0 0 -1
    outer loop
      vertex -9.270509831248422 -28.531695488854606 -19.5
      vertex -5.621439437571738 29.46861752186066 -19.5
      vertex -5.621439437571745 -29.468617521860658 -19.5
    endloop
  endfacet
  facet normal 0 0 -1
    outer loop
      vertex -5.621439437571745 -29.468617521860658 -19.5
      vertex -1.8837155858793984 29.940801852848146 -19.5
      vertex -1.8837155858794128 -29.940801852848146 -19.5
    endloop
  endfacet
  facet normal 0 0 -1
    outer loop
      vertex -1.8837155858794128 -29.940801852848146 -19.5
      vertex -1.3582753540679884 -0.7467181948576589 -19.5
      vertex -1.2539763412811686 -0.9110671410533334 -19.5
    endloop
  endfacet
  facet normal 0 0 -1
    outer loop
      vertex -1.8837155858794128 -29.940801852848146 -19.5
      vertex -1.2539763412811686 -0.9110671410533334 -19.5
      vertex -1.1299013725031881 -1.0610480141894671 -19.5
    endloop
  endfacet
  facet normal 0 0 -1
    outer loop
      vertex -1.8837155858794128 -29.940801852848146 -19.5
      vertex -1.4411535531267898 -0.5705930566612507 -19.5
      vertex -1.3582753540679884 -0.7467181948576589 -19.5
    endloop
  endfacet
  facet normal 0 0 -1
    outer loop
      vertex -1.8837155858794128 -29.940801852848146 -19.5
      vertex -1.5013038997493782 -0.385469325105525 -19.5
      vertex -1.4411535531267898 -0.5705930566612507 -19.5
    endloop
  endfacet
  facet normal 0 0 -1
    outer loop
      vertex -1.8837155858794128 -29.940801852848146 -19.5
      vertex -0.988007184110469 -1.1942955263024735 -19.5
      vertex -0.830531532217445 -1.3087082845281233 -19.5
    endloop
  endfacet
  facet normal 0 0 -1
    outer loop
      vertex -1.8837155858794128 -29.940801852848146 -19.5
      vertex -0.830531532217445 -1.3087082845281233 -19.5
      vertex -0.6599579019258623 -1.4024819313223305 -19.5
    endloop
  endfacet
  facet normal 0 0 -1
    outer loop
      vertex -1.8837155858794128 -29.940801852848146 -19.5
      vertex -0.6599579019258623 -1.4024819313223305 -19.5
      vertex -0.47897634128116845 -1.474137600257488 -19.5
    endloop
  endfacet
  facet normal 0 0 -1
    outer loop
      vertex -1.8837155858794128 -29.940801852848146 -19.5
      vertex -1.1299013725031881 -1.0610480141894671 -19.5
      vertex -0.988007184110469 -1.1942955263024735 -19.5
    endloop
  endfacet
  facet normal 0 0 -1
    outer loop
      vertex -1.8837155858794128 -29.940801852848146 -19.5
      vertex -1.5377777870374407 -0.1942665120246713 -19.5
      vertex -1.5013038997493782 -0.385469325105525 -19.5
    endloop
  endfacet
  facet normal 0 0 -1
    outer loop
      vertex -1.8837155858794128 -29.940801852848146 -19.5
      vertex -1.55 0 -19.5
      vertex -1.5377777870374407 -0.1942665120246713 -19.5
    endloop
  endfacet
  facet normal 0 0 -1
    outer loop
      vertex -1.8837155858794128 -29.940801852848146 -19.5
      vertex -0.2904410376078735 -1.5225452386294673 -19.5
      vertex -0.09732530527043634 -1.546941429063821 -19.5
    endloop
  endfacet
  facet normal 0 0 -1
    outer loop
      vertex -1.8837155858794128 -29.940801852848146 -19.5
      vertex -0.47897634128116845 -1.474137600257488 -19.5
      vertex -0.2904410376078735 -1.5225452386294673 -19.5
    endloop
  endfacet
  facet normal -0.7705132427757891 -0.6374239897486897 0
    outer loop
      vertex -21.86905882264235 -20.536413177860656 -19.5
      vertex -21.86905882264235 -20.536413177860656 3
      vertex -24.270509831248425 -17.633557568774194 3
    endloop
  endfacet
  facet normal -0.8443279255020157 -0.5358267949789955 0
    outer loop
      vertex -24.270509831248425 -17.633557568774194 -19.5
      vertex -24.270509831248425 -17.633557568774194 3
      vertex -26.289200401315902 -14.452610223051462 3
    endloop
  endfacet
  facet normal -0.5877852522924734 -0.8090169943749473 0
    outer loop
      vertex -19.122719692460688 -23.11539728327368 -19.5
      vertex -16.074803849369903 -25.32983776506045 3
      vertex -19.122719692460688 -23.11539728327368 3
    endloop
  endfacet
  facet normal -0.6845471059286885 -0.7289686274214117 0
    outer loop
      vertex -21.86905882264235 -20.536413177860656 -19.5
      vertex -19.122719692460688 -23.11539728327368 3
      vertex -21.86905882264235 -20.536413177860656 3
    endloop
  endfacet
  facet normal -0.904827052466019 -0.42577929156507377 0
    outer loop
      vertex -26.289200401315902 -14.452610223051462 -19.5
      vertex -26.289200401315902 -14.452610223051462 3
      vertex -27.893294576647545 -11.043736580540337 3
    endloop
  endfacet
  facet normal -0.9510565162951539 -0.30901699437494673 0
    outer loop
      vertex -27.893294576647545 -11.043736580540337 -19.5
      vertex -27.893294576647545 -11.043736580540337 3
      vertex -29.057494833858932 -7.460696614945645 3
    endloop
  endfacet
  facet normal -0.9822872507286886 -0.18738131458572513 0
    outer loop
      vertex -29.057494833858932 -7.460696614945645 -19.5
      vertex -29.057494833858932 -7.460696614945645 3
      vertex -29.763441039434337 -3.759997006929122 3
    endloop
  endfacet
  facet normal -0.9980267284282716 -0.06279051952931293 0
    outer loop
      vertex -29.763441039434337 -3.759997006929122 -19.5
      vertex -29.763441039434337 -3.759997006929122 3
      vertex -30 0 3
    endloop
  endfacet
  facet normal 0 0 1
    outer loop
      vertex -26.289200401315902 -14.452610223051462 3
      vertex -27.893294576647545 11.043736580540337 3
      vertex -27.893294576647545 -11.043736580540337 3
    endloop
  endfacet
  facet normal 0 0 1
    outer loop
      vertex -29.057494833858932 -7.460696614945645 3
      vertex -29.763441039434337 3.759997006929122 3
      vertex -29.763441039434337 -3.759997006929122 3
    endloop
  endfacet
  facet normal 0 0 1
    outer loop
      vertex -27.893294576647545 -11.043736580540337 3
      vertex -29.057494833858932 7.460696614945645 3
      vertex -29.057494833858932 -7.460696614945645 3
    endloop
  endfacet
  facet normal 0 0 1
    outer loop
      vertex -24.270509831248425 -17.633557568774194 3
      vertex -26.289200401315902 14.452610223051462 3
      vertex -26.289200401315902 -14.452610223051462 3
    endloop
  endfacet
  facet normal 0 0 1
    outer loop
      vertex -24.270509831248425 -17.633557568774194 3
      vertex -21.86905882264235 -20.536413177860656 3
      vertex -24.270509831248425 17.633557568774194 3
    endloop
  endfacet
  facet normal 0 0 1
    outer loop
      vertex -19.122719692460688 -23.11539728327368 3
      vertex -21.86905882264235 20.536413177860656 3
      vertex -21.86905882264235 -20.536413177860656 3
    endloop
  endfacet
  facet normal 0 0 1
    outer loop
      vertex -19.122719692460688 -23.11539728327368 3
      vertex -16.074803849369903 -25.32983776506045 3
      vertex -19.122719692460688 23.11539728327368 3
    endloop
  endfacet
  facet normal -0.36812455268467803 -0.9297764858882513 0
    outer loop
      vertex -12.773378746952172 -27.144811573980586 -19.5
      vertex -9.270509831248422 -28.531695488854606 3
      vertex -12.773378746952172 -27.144811573980586 3
    endloop
  endfacet
  facet normal -0.48175367410171455 -0.8763066800438641 0
    outer loop
      vertex -16.074803849369903 -25.32983776506045 -19.5
      vertex -12.773378746952172 -27.144811573980586 3
      vertex -16.074803849369903 -25.32983776506045 3
    endloop
  endfacet
  facet normal -0.248689887164855 -0.9685831611286311 0
    outer loop
      vertex -9.270509831248422 -28.531695488854606 -19.5
      vertex -5.621439437571745 -29.468617521860658 3
      vertex -9.270509831248422 -28.531695488854606 3
    endloop
  endfacet
  facet normal -0.12533323356430498 -0.9921147013144778 0
    outer loop
      vertex -5.621439437571745 -29.468617521860658 -19.5
      vertex -1.8837155858794128 -29.940801852848146 3
      vertex -5.621439437571745 -29.468617521860658 3
    endloop
  endfacet
  facet normal 0 -1 0
    outer loop
      vertex -1.8837155858794128 -29.940801852848146 -19.5
      vertex 1.8837155858794128 -29.940801852848146 3
      vertex -1.8837155858794128 -29.940801852848146 3
    endloop
  endfacet
  facet normal 0 0 1
    outer loop
      vertex -5.621439437571745 -29.468617521860658 3
      vertex -1.8837155858794128 -29.940801852848146 3
      vertex -3.6448431371070584 -3.4227355296434423 3
    endloop
  endfacet
  facet normal 0 0 1
    outer loop
      vertex -16.074803849369903 -25.32983776506045 3
      vertex -12.773378746952172 -27.144811573980586 3
      vertex -16.074803849369903 25.32983776506045 3
    endloop
  endfacet
  facet normal 0 0 1
    outer loop
      vertex -12.773378746952172 -27.144811573980586 3
      vertex -9.270509831248422 -28.531695488854606 3
      vertex -12.773378746952181 27.144811573980583 3
    endloop
  endfacet
  facet normal 0 0 1
    outer loop
      vertex -9.270509831248422 -28.531695488854606 3
      vertex -5.621439437571745 -29.468617521860658 3
      vertex -9.270509831248422 28.531695488854606 3
    endloop
  endfacet
  facet normal 0 0 1
    outer loop
      vertex -5.621439437571745 -29.468617521860658 3
      vertex -4.381533400219317 -2.408768370508577 3
      vertex -4.648882429441257 -1.8406227634233894 3
    endloop
  endfacet
  facet normal 0 0 1
    outer loop
      vertex -5.621439437571745 -29.468617521860658 3
      vertex -3.6448431371070584 -3.4227355296434423 3
      vertex -4.045084971874737 -2.938926261462366 3
    endloop
  endfacet
  facet normal 0 0 1
    outer loop
      vertex -5.621439437571745 -29.468617521860658 3
      vertex -4.045084971874737 -2.938926261462366 3
      vertex -4.381533400219317 -2.408768370508577 3
    endloop
  endfacet
  facet normal 0 0 1
    outer loop
      vertex -5.621439437571745 -29.468617521860658 3
      vertex -4.648882429441257 -1.8406227634233894 3
      vertex -4.842915805643155 -1.2434494358242743 3
    endloop
  endfacet
  facet normal 0 0 1
    outer loop
      vertex -5.621439437571745 -29.468617521860658 3
      vertex -4.842915805643155 -1.2434494358242743 3
      vertex -4.9605735065723895 -0.6266661678215203 3
    endloop
  endfacet
  facet normal 0 0 1
    outer loop
      vertex -5.621439437571745 -29.468617521860658 3
      vertex -4.9605735065723895 -0.6266661678215203 3
      vertex -5 0 3
    endloop
  endfacet
  facet normal 0 0 1
    outer loop
      vertex -1.8837155858794128 -29.940801852848146 3
      vertex -3.1871199487434483 -3.852566213878947 3
      vertex -3.6448431371070584 -3.4227355296434423 3
    endloop
  endfacet
  facet normal 0 0 1
    outer loop
      vertex -1.8837155858794128 -29.940801852848146 3
      vertex -2.6791339748949836 -4.221639627510075 3
      vertex -3.1871199487434483 -3.852566213878947 3
    endloop
  endfacet
  facet normal 0 0 1
    outer loop
      vertex -1.8837155858794128 -29.940801852848146 3
      vertex -2.128896457825362 -4.524135262330098 3
      vertex -2.6791339748949836 -4.221639627510075 3
    endloop
  endfacet
  facet normal 0 0 1
    outer loop
      vertex -1.8837155858794128 -29.940801852848146 3
      vertex -0.9369065729286241 -4.911436253643443 3
      vertex -1.545084971874737 -4.755282581475767 3
    endloop
  endfacet
  facet normal 0 0 1
    outer loop
      vertex -1.8837155858794128 -29.940801852848146 3
      vertex -0.3139525976465688 -4.990133642141358 3
      vertex -0.9369065729286241 -4.911436253643443 3
    endloop
  endfacet
  facet normal 0 0 1
    outer loop
      vertex -1.8837155858794128 -29.940801852848146 3
      vertex 0.3139525976465688 -4.990133642141358 3
      vertex -0.3139525976465688 -4.990133642141358 3
    endloop
  endfacet
  facet normal 0 0 1
    outer loop
      vertex -1.8837155858794128 -29.940801852848146 3
      vertex -1.545084971874737 -4.755282581475767 3
      vertex -2.128896457825362 -4.524135262330098 3
    endloop
  endfacet
  facet normal 0 0 -1
    outer loop
      vertex -29.763441039434337 -3.759997006929122 -19.5
      vertex -30 0 -19.5
      vertex -29.763441039434337 3.759997006929122 -19.5
    endloop
  endfacet
  facet normal 0 0 -1
    outer loop
      vertex -29.763441039434337 -3.759997006929122 -19.5
      vertex -29.763441039434337 3.759997006929122 -19.5
      vertex -29.057494833858932 7.460696614945645 -19.5
    endloop
  endfacet
  facet normal 0 0 -1
    outer loop
      vertex -29.057494833858932 -7.460696614945645 -19.5
      vertex -29.057494833858932 7.460696614945645 -19.5
      vertex -27.893294576647545 11.043736580540337 -19.5
    endloop
  endfacet
  facet normal 0 0 -1
    outer loop
      vertex -27.893294576647545 -11.043736580540337 -19.5
      vertex -27.893294576647545 11.043736580540337 -19.5
      vertex -26.289200401315902 14.452610223051462 -19.5
    endloop
  endfacet
  facet normal 0 0 -1
    outer loop
      vertex -26.289200401315902 -14.452610223051462 -19.5
      vertex -26.289200401315902 14.452610223051462 -19.5
      vertex -24.270509831248425 17.633557568774194 -19.5
    endloop
  endfacet
  facet normal 0 0 -1
    outer loop
      vertex -24.270509831248425 -17.633557568774194 -19.5
      vertex -24.270509831248425 17.633557568774194 -19.5
      vertex -21.86905882264235 20.536413177860656 -19.5
    endloop
  endfacet
  facet normal 0 0 -1
    outer loop
      vertex -21.86905882264235 -20.536413177860656 -19.5
      vertex -21.86905882264235 20.536413177860656 -19.5
      vertex -19.122719692460688 23.11539728327368 -19.5
    endloop
  endfacet
  facet normal 0 0 -1
    outer loop
      vertex -19.122719692460688 -23.11539728327368 -19.5
      vertex -19.122719692460688 23.11539728327368 -19.5
      vertex -16.074803849369903 25.32983776506045 -19.5
    endloop
  endfacet
  facet normal -0.9980267284282716 0.06279051952931293 0
    outer loop
      vertex -30 0 -19.5
      vertex -29.763441039434337 3.759997006929122 3
      vertex -29.763441039434337 3.759997006929122 -19.5
    endloop
  endfacet
  facet normal -0.9822872507286886 0.18738131458572513 0
    outer loop
      vertex -29.763441039434337 3.759997006929122 -19.5
      vertex -29.057494833858932 7.460696614945645 3
      vertex -29.057494833858932 7.460696614945645 -19.5
    endloop
  endfacet
  facet normal -0.9510565162951539 0.30901699437494673 0
    outer loop
      vertex -29.057494833858932 7.460696614945645 -19.5
      vertex -27.893294576647545 11.043736580540337 3
      vertex -27.893294576647545 11.043736580540337 -19.5
    endloop
  endfacet
  facet normal -0.904827052466019 0.42577929156507377 0
    outer loop
      vertex -27.893294576647545 11.043736580540337 -19.5
      vertex -26.289200401315902 14.452610223051462 3
      vertex -26.289200401315902 14.452610223051462 -19.5
    endloop
  endfacet
  facet normal -0.8443279255020157 0.5358267949789955 0
    outer loop
      vertex -26.289200401315902 14.452610223051462 -19.5
      vertex -24.270509831248425 17.633557568774194 3
      vertex -24.270509831248425 17.633557568774194 -19.5
    endloop
  endfacet
  facet normal -0.7705132427757891 0.6374239897486897 0
    outer loop
      vertex -24.270509831248425 17.633557568774194 -19.5
      vertex -21.86905882264235 20.536413177860656 3
      vertex -21.86905882264235 20.536413177860656 -19.5
    endloop
  endfacet
  facet normal -0.6845471059286885 0.7289686274214117 0
    outer loop
      vertex -21.86905882264235 20.536413177860656 -19.5
      vertex -21.86905882264235 20.536413177860656 3
      vertex -19.122719692460688 23.11539728327368 -19.5
    endloop
  endfacet
  facet normal -0.5877852522924734 0.8090169943749473 0
    outer loop
      vertex -19.122719692460688 23.11539728327368 -19.5
      vertex -19.122719692460688 23.11539728327368 3
      vertex -16.074803849369903 25.32983776506045 -19.5
    endloop
  endfacet
  facet normal 0 0 -1
    outer loop
      vertex -16.074803849369903 -25.32983776506045 -19.5
      vertex -16.074803849369903 25.32983776506045 -19.5
      vertex -12.773378746952181 27.144811573980583 -19.5
    endloop
  endfacet
  facet normal 0 0 -1
    outer loop
      vertex -12.773378746952172 -27.144811573980586 -19.5
      vertex -12.773378746952181 27.144811573980583 -19.5
      vertex -9.270509831248422 28.531695488854606 -19.5
    endloop
  endfacet
  facet normal 0 0 -1
    outer loop
      vertex -9.270509831248422 -28.531695488854606 -19.5
      vertex -9.270509831248422 28.531695488854606 -19.5
      vertex -5.621439437571738 29.46861752186066 -19.5
    endloop
  endfacet
  facet normal 0 0 -1
    outer loop
      vertex -1.8837155858794128 -29.940801852848146 -19.5
      vertex -1.8837155858793984 29.940801852848146 -19.5
      vertex -1.55 0 -19.5
    endloop
  endfacet
  facet normal 0 0 -1
    outer loop
      vertex -5.621439437571745 -29.468617521860658 -19.5
      vertex -5.621439437571738 29.46861752186066 -19.5
      vertex -1.8837155858793984 29.940801852848146 -19.5
    endloop
  endfacet
  facet normal 0 0 -1
    outer loop
      vertex -1.8837155858793984 29.940801852848146 -19.5
      vertex -1.5377777870374407 0.1942665120246713 -19.5
      vertex -1.55 0 -19.5
    endloop
  endfacet
  facet normal 0 0 -1
    outer loop
      vertex -1.8837155858793984 29.940801852848146 -19.5
      vertex -1.5013038997493782 0.385469325105525 -19.5
      vertex -1.5377777870374407 0.1942665120246713 -19.5
    endloop
  endfacet
  facet normal 0 0 -1
    outer loop
      vertex -1.8837155858793984 29.940801852848146 -19.5
      vertex -1.4411535531267898 0.5705930566612507 -19.5
      vertex -1.5013038997493782 0.385469325105525 -19.5
    endloop
  endfacet
  facet normal 0 0 -1
    outer loop
      vertex -1.8837155858793984 29.940801852848146 -19.5
      vertex -1.3582753540679884 0.7467181948576589 -19.5
      vertex -1.4411535531267898 0.5705930566612507 -19.5
    endloop
  endfacet
  facet normal 0 0 -1
    outer loop
      vertex -1.8837155858793984 29.940801852848146 -19.5
      vertex -1.2539763412811686 0.9110671410533334 -19.5
      vertex -1.3582753540679884 0.7467181948576589 -19.5
    endloop
  endfacet
  facet normal 0 0 -1
    outer loop
      vertex -1.8837155858793984 29.940801852848146 -19.5
      vertex -1.1299013725031881 1.0610480141894671 -19.5
      vertex -1.2539763412811686 0.9110671410533334 -19.5
    endloop
  endfacet
  facet normal 0 0 -1
    outer loop
      vertex -1.8837155858793984 29.940801852848146 -19.5
      vertex -0.988007184110469 1.1942955263024735 -19.5
      vertex -1.1299013725031881 1.0610480141894671 -19.5
    endloop
  endfacet
  facet normal 0 0 -1
    outer loop
      vertex -1.8837155858793984 29.940801852848146 -19.5
      vertex -0.830531532217445 1.3087082845281233 -19.5
      vertex -0.988007184110469 1.1942955263024735 -19.5
    endloop
  endfacet
  facet normal 0 0 -1
    outer loop
      vertex -1.8837155858793984 29.940801852848146 -19.5
      vertex -0.6599579019258627 1.4024819313223302 -19.5
      vertex -0.830531532217445 1.3087082845281233 -19.5
    endloop
  endfacet
  facet normal 0 0 -1
    outer loop
      vertex -1.8837155858793984 29.940801852848146 -19.5
      vertex -0.47897634128116845 1.474137600257488 -19.5
      vertex -0.6599579019258627 1.4024819313223302 -19.5
    endloop
  endfacet
  facet normal 0 0 -1
    outer loop
      vertex -1.8837155858793984 29.940801852848146 -19.5
      vertex -0.2904410376078731 1.5225452386294676 -19.5
      vertex -0.47897634128116845 1.474137600257488 -19.5
    endloop
  endfacet
  facet normal 0 0 -1
    outer loop
      vertex -1.8837155858793984 29.940801852848146 -19.5
      vertex -0.09732530527043558 1.546941429063821 -19.5
      vertex -0.2904410376078731 1.5225452386294676 -19.5
    endloop
  endfacet
  facet normal 0 0 -1
    outer loop
      vertex -1.8837155858793984 29.940801852848146 -19.5
      vertex 0.09732530527042872 1.546941429063821 -19.5
      vertex -0.09732530527043558 1.546941429063821 -19.5
    endloop
  endfacet
  facet normal -0.48175367410171477 0.8763066800438639 0
    outer loop
      vertex -16.074803849369903 25.32983776506045 -19.5
      vertex -16.074803849369903 25.32983776506045 3
      vertex -12.773378746952181 27.144811573980583 -19.5
    endloop
  endfacet
  facet normal -0.36812455268467803 0.9297764858882513 0
    outer loop
      vertex -12.773378746952181 27.144811573980583 -19.5
      vertex -12.773378746952181 27.144811573980583 3
      vertex -9.270509831248422 28.531695488854606 -19.5
    endloop
  endfacet
  facet normal -0.24868988716485535 0.968583161128631 0
    outer loop
      vertex -9.270509831248422 28.531695488854606 -19.5
      vertex -9.270509831248422 28.531695488854606 3
      vertex -5.621439437571738 29.46861752186066 -19.5
    endloop
  endfacet
  facet normal -0.12533323356430381 0.992114701314478 0
    outer loop
      vertex -5.621439437571738 29.46861752186066 -19.5
      vertex -5.621439437571738 29.46861752186066 3
      vertex -1.8837155858793984 29.940801852848146 -19.5
    endloop
  endfacet
  facet normal 0 1 0
    outer loop
      vertex -1.8837155858793984 29.940801852848146 -19.5
      vertex -1.8837155858793984 29.940801852848146 3
      vertex 1.8837155858793984 29.940801852848146 -19.5
    endloop
  endfacet
  facet normal -0.9980267284282716 0.06279051952931293 0
    outer loop
      vertex -30 0 -19.5
      vertex -30 0 3
      vertex -29.763441039434337 3.759997006929122 3
    endloop
  endfacet
  facet normal -0.9822872507286886 0.18738131458572513 0
    outer loop
      vertex -29.763441039434337 3.759997006929122 -19.5
      vertex -29.763441039434337 3.759997006929122 3
      vertex -29.057494833858932 7.460696614945645 3
    endloop
  endfacet
  facet normal -0.9510565162951539 0.30901699437494673 0
    outer loop
      vertex -29.057494833858932 7.460696614945645 -19.5
      vertex -29.057494833858932 7.460696614945645 3
      vertex -27.893294576647545 11.043736580540337 3
    endloop
  endfacet
  facet normal -0.904827052466019 0.42577929156507377 0
    outer loop
      vertex -27.893294576647545 11.043736580540337 -19.5
      vertex -27.893294576647545 11.043736580540337 3
      vertex -26.289200401315902 14.452610223051462 3
    endloop
  endfacet
  facet normal 0 0 1
    outer loop
      vertex -29.763441039434337 -3.759997006929122 3
      vertex -29.763441039434337 3.759997006929122 3
      vertex -30 0 3
    endloop
  endfacet
  facet normal 0 0 1
    outer loop
      vertex -29.057494833858932 -7.460696614945645 3
      vertex -29.057494833858932 7.460696614945645 3
      vertex -29.763441039434337 3.759997006929122 3
    endloop
  endfacet
  facet normal 0 0 1
    outer loop
      vertex -27.893294576647545 -11.043736580540337 3
      vertex -27.893294576647545 11.043736580540337 3
      vertex -29.057494833858932 7.460696614945645 3
    endloop
  endfacet
  facet normal 0 0 1
    outer loop
      vertex -26.289200401315902 -14.452610223051462 3
      vertex -26.289200401315902 14.452610223051462 3
      vertex -27.893294576647545 11.043736580540337 3
    endloop
  endfacet
  facet normal 0 0 1
    outer loop
      vertex -24.270509831248425 -17.633557568774194 3
      vertex -24.270509831248425 17.633557568774194 3
      vertex -26.289200401315902 14.452610223051462 3
    endloop
  endfacet
  facet normal 0 0 1
    outer loop
      vertex -21.86905882264235 -20.536413177860656 3
      vertex -21.86905882264235 20.536413177860656 3
      vertex -24.270509831248425 17.633557568774194 3
    endloop
  endfacet
  facet normal 0 0 1
    outer loop
      vertex -19.122719692460688 -23.11539728327368 3
      vertex -19.122719692460688 23.11539728327368 3
      vertex -21.86905882264235 20.536413177860656 3
    endloop
  endfacet
  facet normal 0 0 1
    outer loop
      vertex -16.074803849369903 -25.32983776506045 3
      vertex -16.074803849369903 25.32983776506045 3
      vertex -19.122719692460688 23.11539728327368 3
    endloop
  endfacet
  facet normal -0.8443279255020157 0.5358267949789955 0
    outer loop
      vertex -26.289200401315902 14.452610223051462 -19.5
      vertex -26.289200401315902 14.452610223051462 3
      vertex -24.270509831248425 17.633557568774194 3
    endloop
  endfacet
  facet normal -0.7705132427757891 0.6374239897486897 0
    outer loop
      vertex -24.270509831248425 17.633557568774194 -19.5
      vertex -24.270509831248425 17.633557568774194 3
      vertex -21.86905882264235 20.536413177860656 3
    endloop
  endfacet
  facet normal -0.6845471059286885 0.7289686274214117 0
    outer loop
      vertex -19.122719692460688 23.11539728327368 -19.5
      vertex -21.86905882264235 20.536413177860656 3
      vertex -19.122719692460688 23.11539728327368 3
    endloop
  endfacet
  facet normal -0.5877852522924734 0.8090169943749473 0
    outer loop
      vertex -16.074803849369903 25.32983776506045 -19.5
      vertex -19.122719692460688 23.11539728327368 3
      vertex -16.074803849369903 25.32983776506045 3
    endloop
  endfacet
  facet normal 0 0 1
    outer loop
      vertex -12.773378746952172 -27.144811573980586 3
      vertex -12.773378746952181 27.144811573980583 3
      vertex -16.074803849369903 25.32983776506045 3
    endloop
  endfacet
  facet normal 0 0 1
    outer loop
      vertex -9.270509831248422 -28.531695488854606 3
      vertex -9.270509831248422 28.531695488854606 3
      vertex -12.773378746952181 27.144811573980583 3
    endloop
  endfacet
  facet normal 0 0 1
    outer loop
      vertex -5.621439437571745 -29.468617521860658 3
      vertex -5 0 3
      vertex -5.621439437571738 29.46861752186066 3
    endloop
  endfacet
  facet normal 0 0 1
    outer loop
      vertex -5.621439437571745 -29.468617521860658 3
      vertex -5.621439437571738 29.46861752186066 3
      vertex -9.270509831248422 28.531695488854606 3
    endloop
  endfacet
  facet normal 0 0 1
    outer loop
      vertex -5.621439437571738 29.46861752186066 3
      vertex -5 0 3
      vertex -4.9605735065723895 0.6266661678215203 3
    endloop
  endfacet
  facet normal 0 0 1
    outer loop
      vertex -5.621439437571738 29.46861752186066 3
      vertex -4.9605735065723895 0.6266661678215203 3
      vertex -4.842915805643155 1.2434494358242743 3
    endloop
  endfacet
  facet normal 0 0 1
    outer loop
      vertex -5.621439437571738 29.46861752186066 3
      vertex -4.842915805643155 1.2434494358242743 3
      vertex -4.648882429441257 1.8406227634233894 3
    endloop
  endfacet
  facet normal 0 0 1
    outer loop
      vertex -5.621439437571738 29.46861752186066 3
      vertex -4.648882429441257 1.8406227634233894 3
      vertex -4.381533400219317 2.408768370508577 3
    endloop
  endfacet
  facet normal 0 0 1
    outer loop
      vertex -5.621439437571738 29.46861752186066 3
      vertex -4.381533400219317 2.408768370508577 3
      vertex -4.045084971874737 2.938926261462366 3
    endloop
  endfacet
  facet normal 0 0 1
    outer loop
      vertex -5.621439437571738 29.46861752186066 3
      vertex -4.045084971874737 2.938926261462366 3
      vertex -3.6448431371070584 3.4227355296434423 3
    endloop
  endfacet
  facet normal 0 0 1
    outer loop
      vertex -5.621439437571738 29.46861752186066 3
      vertex -3.6448431371070584 3.4227355296434423 3
      vertex -3.1871199487434483 3.852566213878947 3
    endloop
  endfacet
  facet normal 0 0 1
    outer loop
      vertex -5.621439437571738 29.46861752186066 3
      vertex -3.1871199487434483 3.852566213878947 3
      vertex -2.6791339748949836 4.221639627510075 3
    endloop
  endfacet
  facet normal 0 0 1
    outer loop
      vertex -5.621439437571738 29.46861752186066 3
      vertex -2.6791339748949836 4.221639627510075 3
      vertex -2.1288964578253635 4.524135262330097 3
    endloop
  endfacet
  facet normal 0 0 1
    outer loop
      vertex -5.621439437571738 29.46861752186066 3
      vertex -2.1288964578253635 4.524135262330097 3
      vertex -1.545084971874737 4.755282581475767 3
    endloop
  endfacet
  facet normal 0 0 1
    outer loop
      vertex -1.8837155858793984 29.940801852848146 3
      vertex -1.545084971874737 4.755282581475767 3
      vertex -0.9369065729286229 4.911436253643443 3
    endloop
  endfacet
  facet normal 0 0 1
    outer loop
      vertex -1.8837155858793984 29.940801852848146 3
      vertex -0.9369065729286229 4.911436253643443 3
      vertex -0.31395259764656047 4.990133642141358 3
    endloop
  endfacet
  facet normal -0.48175367410171477 0.8763066800438639 0
    outer loop
      vertex -12.773378746952181 27.144811573980583 -19.5
      vertex -16.074803849369903 25.32983776506045 3
      vertex -12.773378746952181 27.144811573980583 3
    endloop
  endfacet
  facet normal -0.36812455268467803 0.9297764858882513 0
    outer loop
      vertex -9.270509831248422 28.531695488854606 -19.5
      vertex -12.773378746952181 27.144811573980583 3
      vertex -9.270509831248422 28.531695488854606 3
    endloop
  endfacet
  facet normal -0.24868988716485535 0.968583161128631 0
    outer loop
      vertex -5.621439437571738 29.46861752186066 -19.5
      vertex -9.270509831248422 28.531695488854606 3
      vertex -5.621439437571738 29.46861752186066 3
    endloop
  endfacet
  facet normal -0.12533323356430381 0.992114701314478 0
    outer loop
      vertex -1.8837155858793984 29.940801852848146 -19.5
      vertex -5.621439437571738 29.46861752186066 3
      vertex -1.8837155858793984 29.940801852848146 3
    endloop
  endfacet
  facet normal 0 0 1
    outer loop
      vertex -5.621439437571738 29.46861752186066 3
      vertex -1.545084971874737 4.755282581475767 3
      vertex -1.8837155858793984 29.940801852848146 3
    endloop
  endfacet
  facet normal 0 0 1
    outer loop
      vertex -1.8837155858793984 29.940801852848146 3
      vertex -0.31395259764656047 4.990133642141358 3
      vertex 1.8837155858793984 29.940801852848146 3
    endloop
  endfacet
  facet normal 0 -1 0
    outer loop
      vertex -1.8837155858794128 -29.940801852848146 -19.5
      vertex 1.8837155858794128 -29.940801852848146 -19.5
      vertex 1.8837155858794128 -29.940801852848146 3
    endloop
  endfacet
  facet normal 0.12533323356430498 -0.9921147013144778 0
    outer loop
      vertex 1.8837155858794128 -29.940801852848146 -19.5
      vertex 5.621439437571745 -29.468617521860658 -19.5
      vertex 5.621439437571745 -29.468617521860658 3
    endloop
  endfacet
  facet normal 0.248689887164855 -0.9685831611286311 0
    outer loop
      vertex 5.621439437571745 -29.468617521860658 -19.5
      vertex 9.270509831248422 -28.531695488854606 -19.5
      vertex 9.270509831248422 -28.531695488854606 3
    endloop
  endfacet
  facet normal 0.36812455268467803 -0.9297764858882513 0
    outer loop
      vertex 9.270509831248422 -28.531695488854606 -19.5
      vertex 12.773378746952172 -27.144811573980586 -19.5
      vertex 12.773378746952172 -27.144811573980586 3
    endloop
  endfacet
  facet normal 0.4817536741017143 -0.8763066800438641 0
    outer loop
      vertex 12.773378746952172 -27.144811573980586 -19.5
      vertex 16.074803849369886 -25.32983776506046 -19.5
      vertex 16.074803849369886 -25.32983776506046 3
    endloop
  endfacet
  facet normal 0 0 -1
    outer loop
      vertex 1.8837155858794128 -29.940801852848146 -19.5
      vertex -0.09732530527043634 -1.546941429063821 -19.5
      vertex 0.09732530527043634 -1.546941429063821 -19.5
    endloop
  endfacet
  facet normal 0 0 -1
    outer loop
      vertex 1.8837155858794128 -29.940801852848146 -19.5
      vertex 0.09732530527043634 -1.546941429063821 -19.5
      vertex 0.2904410376078735 -1.5225452386294673 -19.5
    endloop
  endfacet
  facet normal 0 0 -1
    outer loop
      vertex 1.8837155858794128 -29.940801852848146 -19.5
      vertex 0.2904410376078735 -1.5225452386294673 -19.5
      vertex 0.47897634128116845 -1.474137600257488 -19.5
    endloop
  endfacet
  facet normal 0 0 -1
    outer loop
      vertex 1.8837155858794128 -29.940801852848146 -19.5
      vertex 0.47897634128116845 -1.474137600257488 -19.5
      vertex 0.6599579019258623 -1.4024819313223305 -19.5
    endloop
  endfacet
  facet normal 0 0 -1
    outer loop
      vertex 1.8837155858794128 -29.940801852848146 -19.5
      vertex 0.6599579019258623 -1.4024819313223305 -19.5
      vertex 0.8305315322174441 -1.3087082845281237 -19.5
    endloop
  endfacet
  facet normal 0 0 -1
    outer loop
      vertex 1.8837155858794128 -29.940801852848146 -19.5
      vertex 0.8305315322174441 -1.3087082845281237 -19.5
      vertex 0.9880071841104695 -1.194295526302473 -19.5
    endloop
  endfacet
  facet normal 0 0 -1
    outer loop
      vertex 1.8837155858794128 -29.940801852848146 -19.5
      vertex 0.9880071841104695 -1.194295526302473 -19.5
      vertex 1.1299013725031881 -1.0610480141894671 -19.5
    endloop
  endfacet
  facet normal 0 0 -1
    outer loop
      vertex 1.8837155858794128 -29.940801852848146 -19.5
      vertex 1.1299013725031881 -1.0610480141894671 -19.5
      vertex 1.2539763412811686 -0.9110671410533334 -19.5
    endloop
  endfacet
  facet normal 0 0 -1
    outer loop
      vertex 1.8837155858794128 -29.940801852848146 -19.5
      vertex 1.2539763412811686 -0.9110671410533334 -19.5
      vertex 1.3582753540679884 -0.7467181948576589 -19.5
    endloop
  endfacet
  facet normal 0 0 -1
    outer loop
      vertex 1.8837155858794128 -29.940801852848146 -19.5
      vertex 1.3582753540679884 -0.7467181948576589 -19.5
      vertex 1.4411535531267894 -0.5705930566612515 -19.5
    endloop
  endfacet
  facet normal 0 0 -1
    outer loop
      vertex 1.8837155858794128 -29.940801852848146 -19.5
      vertex 1.4411535531267894 -0.5705930566612515 -19.5
      vertex 1.5013038997493784 -0.3854693251055244 -19.5
    endloop
  endfacet
  facet normal 0 0 -1
    outer loop
      vertex 1.8837155858794128 -29.940801852848146 -19.5
      vertex 1.5013038997493784 -0.3854693251055244 -19.5
      vertex 1.5377777870374407 -0.1942665120246713 -19.5
    endloop
  endfacet
  facet normal 0 0 -1
    outer loop
      vertex 1.8837155858794128 -29.940801852848146 -19.5
      vertex 1.5377777870374407 -0.1942665120246713 -19.5
      vertex 1.55 0 -19.5
    endloop
  endfacet
  facet normal 0 0 -1
    outer loop
      vertex 1.8837155858794128 -29.940801852848146 -19.5
      vertex 5.621439437571738 29.46861752186066 -19.5
      vertex 5.621439437571745 -29.468617521860658 -19.5
    endloop
  endfacet
  facet normal 0 0 -1
    outer loop
      vertex 5.621439437571745 -29.468617521860658 -19.5
      vertex 9.270509831248422 28.531695488854606 -19.5
      vertex 9.270509831248422 -28.531695488854606 -19.5
    endloop
  endfacet
  facet normal 0 0 -1
    outer loop
      vertex 9.270509831248422 -28.531695488854606 -19.5
      vertex 12.773378746952181 27.144811573980583 -19.5
      vertex 12.773378746952172 -27.144811573980586 -19.5
    endloop
  endfacet
  facet normal 0 0 -1
    outer loop
      vertex 12.773378746952172 -27.144811573980586 -19.5
      vertex 16.0748038493699 25.329837765060454 -19.5
      vertex 16.074803849369886 -25.32983776506046 -19.5
    endloop
  endfacet
  facet normal 0.5877852522924728 -0.8090169943749476 0
    outer loop
      vertex 16.074803849369886 -25.32983776506046 -19.5
      vertex 19.1227196924607 -23.115397283273673 -19.5
      vertex 19.1227196924607 -23.115397283273673 3
    endloop
  endfacet
  facet normal 0.684547105928689 -0.7289686274214112 0
    outer loop
      vertex 19.1227196924607 -23.115397283273673 -19.5
      vertex 21.86905882264235 -20.536413177860656 -19.5
      vertex 21.86905882264235 -20.536413177860656 3
    endloop
  endfacet
  facet normal 0.7705132427757891 -0.6374239897486897 0
    outer loop
      vertex 21.86905882264235 -20.536413177860656 -19.5
      vertex 24.270509831248425 -17.633557568774194 -19.5
      vertex 21.86905882264235 -20.536413177860656 3
    endloop
  endfacet
  facet normal 0.8443279255020157 -0.5358267949789955 0
    outer loop
      vertex 24.270509831248425 -17.633557568774194 -19.5
      vertex 26.289200401315902 -14.452610223051462 -19.5
      vertex 24.270509831248425 -17.633557568774194 3
    endloop
  endfacet
  facet normal 0 0 -1
    outer loop
      vertex 16.074803849369886 -25.32983776506046 -19.5
      vertex 19.12271969246069 23.115397283273673 -19.5
      vertex 19.1227196924607 -23.115397283273673 -19.5
    endloop
  endfacet
  facet normal 0 0 -1
    outer loop
      vertex 19.1227196924607 -23.115397283273673 -19.5
      vertex 21.869058822642348 20.536413177860663 -19.5
      vertex 21.86905882264235 -20.536413177860656 -19.5
    endloop
  endfacet
  facet normal 0 0 -1
    outer loop
      vertex 21.86905882264235 -20.536413177860656 -19.5
      vertex 24.270509831248425 17.633557568774194 -19.5
      vertex 24.270509831248425 -17.633557568774194 -19.5
    endloop
  endfacet
  facet normal 0 0 -1
    outer loop
      vertex 24.270509831248425 -17.633557568774194 -19.5
      vertex 26.289200401315906 14.45261022305146 -19.5
      vertex 26.289200401315902 -14.452610223051462 -19.5
    endloop
  endfacet
  facet normal 0 0 -1
    outer loop
      vertex 26.289200401315902 -14.452610223051462 -19.5
      vertex 27.89329457664754 11.043736580540338 -19.5
      vertex 27.893294576647538 -11.043736580540351 -19.5
    endloop
  endfacet
  facet normal 0 0 -1
    outer loop
      vertex 27.893294576647538 -11.043736580540351 -19.5
      vertex 29.057494833858932 7.460696614945644 -19.5
      vertex 29.057494833858936 -7.460696614945633 -19.5
    endloop
  endfacet
  facet normal 0 0 -1
    outer loop
      vertex 29.057494833858936 -7.460696614945633 -19.5
      vertex 29.763441039434337 3.7599970069291277 -19.5
      vertex 29.763441039434337 -3.759997006929122 -19.5
    endloop
  endfacet
  facet normal 0.9048270524660191 -0.42577929156507377 0
    outer loop
      vertex 26.289200401315902 -14.452610223051462 -19.5
      vertex 27.893294576647538 -11.043736580540351 -19.5
      vertex 26.289200401315902 -14.452610223051462 3
    endloop
  endfacet
  facet normal 0.9510565162951538 -0.30901699437494723 0
    outer loop
      vertex 27.893294576647538 -11.043736580540351 -19.5
      vertex 29.057494833858936 -7.460696614945633 -19.5
      vertex 27.893294576647538 -11.043736580540351 3
    endloop
  endfacet
  facet normal 0.9822872507286887 -0.18738131458572485 0
    outer loop
      vertex 29.057494833858936 -7.460696614945633 -19.5
      vertex 29.763441039434337 -3.759997006929122 -19.5
      vertex 29.057494833858936 -7.460696614945633 3
    endloop
  endfacet
  facet normal 0.9980267284282716 -0.06279051952931293 0
    outer loop
      vertex 29.763441039434337 -3.759997006929122 -19.5
      vertex 30 0 -19.5
      vertex 29.763441039434337 -3.759997006929122 3
    endloop
  endfacet
  facet normal 0.12533323356430498 -0.9921147013144778 0
    outer loop
      vertex 1.8837155858794128 -29.940801852848146 -19.5
      vertex 5.621439437571745 -29.468617521860658 3
      vertex 1.8837155858794128 -29.940801852848146 3
    endloop
  endfacet
  facet normal 0.248689887164855 -0.9685831611286311 0
    outer loop
      vertex 5.621439437571745 -29.468617521860658 -19.5
      vertex 9.270509831248422 -28.531695488854606 3
      vertex 5.621439437571745 -29.468617521860658 3
    endloop
  endfacet
  facet normal 0.36812455268467803 -0.9297764858882513 0
    outer loop
      vertex 9.270509831248422 -28.531695488854606 -19.5
      vertex 12.773378746952172 -27.144811573980586 3
      vertex 9.270509831248422 -28.531695488854606 3
    endloop
  endfacet
  facet normal 0.4817536741017143 -0.8763066800438641 0
    outer loop
      vertex 12.773378746952172 -27.144811573980586 -19.5
      vertex 16.074803849369886 -25.32983776506046 3
      vertex 12.773378746952172 -27.144811573980586 3
    endloop
  endfacet
  facet normal 0 0 1
    outer loop
      vertex -1.8837155858794128 -29.940801852848146 3
      vertex 1.8837155858794128 -29.940801852848146 3
      vertex 0.3139525976465688 -4.990133642141358 3
    endloop
  endfacet
  facet normal 0 0 1
    outer loop
      vertex 1.8837155858794128 -29.940801852848146 3
      vertex 5.621439437571745 -29.468617521860658 3
      vertex 1.545084971874737 -4.755282581475767 3
    endloop
  endfacet
  facet normal 0 0 1
    outer loop
      vertex 1.8837155858794128 -29.940801852848146 3
      vertex 0.9369065729286241 -4.911436253643443 3
      vertex 0.3139525976465688 -4.990133642141358 3
    endloop
  endfacet
  facet normal 0 0 1
    outer loop
      vertex 1.8837155858794128 -29.940801852848146 3
      vertex 1.545084971874737 -4.755282581475767 3
      vertex 0.9369065729286241 -4.911436253643443 3
    endloop
  endfacet
  facet normal 0 0 1
    outer loop
      vertex 5.621439437571745 -29.468617521860658 3
      vertex 2.128896457825362 -4.524135262330098 3
      vertex 1.545084971874737 -4.755282581475767 3
    endloop
  endfacet
  facet normal 0 0 1
    outer loop
      vertex 5.621439437571745 -29.468617521860658 3
      vertex 2.679133974894981 -4.2216396275100765 3
      vertex 2.128896457825362 -4.524135262330098 3
    endloop
  endfacet
  facet normal 0 0 1
    outer loop
      vertex 5.621439437571745 -29.468617521860658 3
      vertex 3.18711994874345 -3.852566213878945 3
      vertex 2.679133974894981 -4.2216396275100765 3
    endloop
  endfacet
  facet normal 0 0 1
    outer loop
      vertex 5.621439437571745 -29.468617521860658 3
      vertex 3.6448431371070584 -3.4227355296434423 3
      vertex 3.18711994874345 -3.852566213878945 3
    endloop
  endfacet
  facet normal 0 0 1
    outer loop
      vertex 5.621439437571745 -29.468617521860658 3
      vertex 4.045084971874737 -2.938926261462366 3
      vertex 3.6448431371070584 -3.4227355296434423 3
    endloop
  endfacet
  facet normal 0 0 1
    outer loop
      vertex 5.621439437571745 -29.468617521860658 3
      vertex 4.381533400219317 -2.408768370508577 3
      vertex 4.045084971874737 -2.938926261462366 3
    endloop
  endfacet
  facet normal 0 0 1
    outer loop
      vertex 5.621439437571745 -29.468617521860658 3
      vertex 4.648882429441256 -1.8406227634233918 3
      vertex 4.381533400219317 -2.408768370508577 3
    endloop
  endfacet
  facet normal 0 0 1
    outer loop
      vertex 5.621439437571745 -29.468617521860658 3
      vertex 4.842915805643156 -1.2434494358242723 3
      vertex 4.648882429441256 -1.8406227634233918 3
    endloop
  endfacet
  facet normal 0 0 1
    outer loop
      vertex 5.621439437571745 -29.468617521860658 3
      vertex 4.9605735065723895 -0.6266661678215203 3
      vertex 4.842915805643156 -1.2434494358242723 3
    endloop
  endfacet
  facet normal 0 0 1
    outer loop
      vertex 5.621439437571745 -29.468617521860658 3
      vertex 5 0 3
      vertex 4.9605735065723895 -0.6266661678215203 3
    endloop
  endfacet
  facet normal 0 0 1
    outer loop
      vertex 5.621439437571745 -29.468617521860658 3
      vertex 9.270509831248422 -28.531695488854606 3
      vertex 5.621439437571738 29.46861752186066 3
    endloop
  endfacet
  facet normal 0 0 1
    outer loop
      vertex 9.270509831248422 -28.531695488854606 3
      vertex 12.773378746952172 -27.144811573980586 3
      vertex 9.270509831248422 28.531695488854606 3
    endloop
  endfacet
  facet normal 0 0 1
    outer loop
      vertex 12.773378746952172 -27.144811573980586 3
      vertex 16.074803849369886 -25.32983776506046 3
      vertex 12.773378746952181 27.144811573980583 3
    endloop
  endfacet
  facet normal 0.5877852522924728 -0.8090169943749476 0
    outer loop
      vertex 16.074803849369886 -25.32983776506046 -19.5
      vertex 19.1227196924607 -23.115397283273673 3
      vertex 16.074803849369886 -25.32983776506046 3
    endloop
  endfacet
  facet normal 0.684547105928689 -0.7289686274214112 0
    outer loop
      vertex 19.1227196924607 -23.115397283273673 -19.5
      vertex 21.86905882264235 -20.536413177860656 3
      vertex 19.1227196924607 -23.115397283273673 3
    endloop
  endfacet
  facet normal 0.7705132427757891 -0.6374239897486897 0
    outer loop
      vertex 24.270509831248425 -17.633557568774194 -19.5
      vertex 24.270509831248425 -17.633557568774194 3
      vertex 21.86905882264235 -20.536413177860656 3
    endloop
  endfacet
  facet normal 0.8443279255020157 -0.5358267949789955 0
    outer loop
      vertex 26.289200401315902 -14.452610223051462 -19.5
      vertex 26.289200401315902 -14.452610223051462 3
      vertex 24.270509831248425 -17.633557568774194 3
    endloop
  endfacet
  facet normal 0.9048270524660191 -0.42577929156507377 0
    outer loop
      vertex 27.893294576647538 -11.043736580540351 -19.5
      vertex 27.893294576647538 -11.043736580540351 3
      vertex 26.289200401315902 -14.452610223051462 3
    endloop
  endfacet
  facet normal 0.9510565162951538 -0.30901699437494723 0
    outer loop
      vertex 29.057494833858936 -7.460696614945633 -19.5
      vertex 29.057494833858936 -7.460696614945633 3
      vertex 27.893294576647538 -11.043736580540351 3
    endloop
  endfacet
  facet normal 0.9822872507286887 -0.18738131458572485 0
    outer loop
      vertex 29.763441039434337 -3.759997006929122 -19.5
      vertex 29.763441039434337 -3.759997006929122 3
      vertex 29.057494833858936 -7.460696614945633 3
    endloop
  endfacet
  facet normal 0.9980267284282716 -0.06279051952931293 0
    outer loop
      vertex 29.763441039434337 -3.759997006929122 3
      vertex 30 0 -19.5
      vertex 30 0 3
    endloop
  endfacet
  facet normal 0 0 1
    outer loop
      vertex 16.074803849369886 -25.32983776506046 3
      vertex 19.1227196924607 -23.115397283273673 3
      vertex 16.0748038493699 25.329837765060454 3
    endloop
  endfacet
  facet normal 0 0 1
    outer loop
      vertex 19.1227196924607 -23.115397283273673 3
      vertex 21.86905882264235 -20.536413177860656 3
      vertex 19.12271969246069 23.115397283273673 3
    endloop
  endfacet
  facet normal 0 0 1
    outer loop
      vertex 21.86905882264235 -20.536413177860656 3
      vertex 24.270509831248425 -17.633557568774194 3
      vertex 21.869058822642348 20.536413177860663 3
    endloop
  endfacet
  facet normal 0 0 1
    outer loop
      vertex 24.270509831248425 -17.633557568774194 3
      vertex 26.289200401315902 -14.452610223051462 3
      vertex 24.270509831248425 17.633557568774194 3
    endloop
  endfacet
  facet normal 0 0 1
    outer loop
      vertex 26.289200401315902 -14.452610223051462 3
      vertex 27.893294576647538 -11.043736580540351 3
      vertex 26.289200401315906 14.45261022305146 3
    endloop
  endfacet
  facet normal 0 0 1
    outer loop
      vertex 27.893294576647538 -11.043736580540351 3
      vertex 29.057494833858936 -7.460696614945633 3
      vertex 27.89329457664754 11.043736580540338 3
    endloop
  endfacet
  facet normal 0 0 1
    outer loop
      vertex 29.057494833858936 -7.460696614945633 3
      vertex 29.763441039434337 -3.759997006929122 3
      vertex 29.057494833858932 7.460696614945644 3
    endloop
  endfacet
  facet normal 0 0 -1
    outer loop
      vertex 1.8837155858794128 -29.940801852848146 -19.5
      vertex 1.55 0 -19.5
      vertex 1.8837155858793984 29.940801852848146 -19.5
    endloop
  endfacet
  facet normal 0 0 -1
    outer loop
      vertex 1.8837155858793984 29.940801852848146 -19.5
      vertex 0.47897634128116845 1.474137600257488 -19.5
      vertex 0.2904410376078731 1.5225452386294676 -19.5
    endloop
  endfacet
  facet normal 0 0 -1
    outer loop
      vertex 1.8837155858793984 29.940801852848146 -19.5
      vertex 0.2904410376078731 1.5225452386294676 -19.5
      vertex 0.09732530527042872 1.546941429063821 -19.5
    endloop
  endfacet
  facet normal 0 0 -1
    outer loop
      vertex 1.8837155858793984 29.940801852848146 -19.5
      vertex 1.55 0 -19.5
      vertex 1.5377777870374407 0.1942665120246716 -19.5
    endloop
  endfacet
  facet normal 0 0 -1
    outer loop
      vertex 1.8837155858793984 29.940801852848146 -19.5
      vertex 1.5377777870374407 0.1942665120246716 -19.5
      vertex 1.5013038997493782 0.38546932510552495 -19.5
    endloop
  endfacet
  facet normal 0 0 -1
    outer loop
      vertex 1.8837155858793984 29.940801852848146 -19.5
      vertex 1.129901372503188 1.0610480141894676 -19.5
      vertex 0.9880071841104692 1.1942955263024733 -19.5
    endloop
  endfacet
  facet normal 0 0 -1
    outer loop
      vertex 1.8837155858793984 29.940801852848146 -19.5
      vertex 0.6599579019258627 1.4024819313223302 -19.5
      vertex 0.47897634128116845 1.474137600257488 -19.5
    endloop
  endfacet
  facet normal 0 0 -1
    outer loop
      vertex 1.8837155858793984 29.940801852848146 -19.5
      vertex 0.8305315322174448 1.3087082845281235 -19.5
      vertex 0.6599579019258627 1.4024819313223302 -19.5
    endloop
  endfacet
  facet normal 0 0 -1
    outer loop
      vertex 1.8837155858793984 29.940801852848146 -19.5
      vertex 0.9880071841104692 1.1942955263024733 -19.5
      vertex 0.8305315322174448 1.3087082845281235 -19.5
    endloop
  endfacet
  facet normal 0 0 -1
    outer loop
      vertex 1.8837155858793984 29.940801852848146 -19.5
      vertex 1.5013038997493782 0.38546932510552495 -19.5
      vertex 1.4411535531267896 0.5705930566612509 -19.5
    endloop
  endfacet
  facet normal 0 0 -1
    outer loop
      vertex 1.8837155858793984 29.940801852848146 -19.5
      vertex 1.4411535531267896 0.5705930566612509 -19.5
      vertex 1.3582753540679886 0.7467181948576588 -19.5
    endloop
  endfacet
  facet normal 0 0 -1
    outer loop
      vertex 1.8837155858793984 29.940801852848146 -19.5
      vertex 1.2539763412811686 0.9110671410533334 -19.5
      vertex 1.129901372503188 1.0610480141894676 -19.5
    endloop
  endfacet
  facet normal 0 0 -1
    outer loop
      vertex 1.8837155858793984 29.940801852848146 -19.5
      vertex 1.3582753540679886 0.7467181948576588 -19.5
      vertex 1.2539763412811686 0.9110671410533334 -19.5
    endloop
  endfacet
  facet normal 0 0 -1
    outer loop
      vertex 1.8837155858794128 -29.940801852848146 -19.5
      vertex 1.8837155858793984 29.940801852848146 -19.5
      vertex 5.621439437571738 29.46861752186066 -19.5
    endloop
  endfacet
  facet normal 0 0 -1
    outer loop
      vertex 5.621439437571745 -29.468617521860658 -19.5
      vertex 5.621439437571738 29.46861752186066 -19.5
      vertex 9.270509831248422 28.531695488854606 -19.5
    endloop
  endfacet
  facet normal 0 0 -1
    outer loop
      vertex 9.270509831248422 -28.531695488854606 -19.5
      vertex 9.270509831248422 28.531695488854606 -19.5
      vertex 12.773378746952181 27.144811573980583 -19.5
    endloop
  endfacet
  facet normal 0 0 -1
    outer loop
      vertex 12.773378746952172 -27.144811573980586 -19.5
      vertex 12.773378746952181 27.144811573980583 -19.5
      vertex 16.0748038493699 25.329837765060454 -19.5
    endloop
  endfacet
  facet normal 0 0 -1
    outer loop
      vertex -1.8837155858793984 29.940801852848146 -19.5
      vertex 1.8837155858793984 29.940801852848146 -19.5
      vertex 0.09732530527042872 1.546941429063821 -19.5
    endloop
  endfacet
  facet normal 0.12533323356430381 0.992114701314478 0
    outer loop
      vertex 1.8837155858793984 29.940801852848146 -19.5
      vertex 1.8837155858793984 29.940801852848146 3
      vertex 5.621439437571738 29.46861752186066 -19.5
    endloop
  endfacet
  facet normal 0.24868988716485535 0.968583161128631 0
    outer loop
      vertex 5.621439437571738 29.46861752186066 -19.5
      vertex 5.621439437571738 29.46861752186066 3
      vertex 9.270509831248422 28.531695488854606 -19.5
    endloop
  endfacet
  facet normal 0.36812455268467803 0.9297764858882513 0
    outer loop
      vertex 9.270509831248422 28.531695488854606 -19.5
      vertex 9.270509831248422 28.531695488854606 3
      vertex 12.773378746952181 27.144811573980583 -19.5
    endloop
  endfacet
  facet normal 0.48175367410171444 0.876306680043864 0
    outer loop
      vertex 12.773378746952181 27.144811573980583 -19.5
      vertex 12.773378746952181 27.144811573980583 3
      vertex 16.0748038493699 25.329837765060454 -19.5
    endloop
  endfacet
  facet normal 0 0 -1
    outer loop
      vertex 19.1227196924607 -23.115397283273673 -19.5
      vertex 19.12271969246069 23.115397283273673 -19.5
      vertex 21.869058822642348 20.536413177860663 -19.5
    endloop
  endfacet
  facet normal 0 0 -1
    outer loop
      vertex 16.074803849369886 -25.32983776506046 -19.5
      vertex 16.0748038493699 25.329837765060454 -19.5
      vertex 19.12271969246069 23.115397283273673 -19.5
    endloop
  endfacet
  facet normal 0 0 -1
    outer loop
      vertex 21.86905882264235 -20.536413177860656 -19.5
      vertex 21.869058822642348 20.536413177860663 -19.5
      vertex 24.270509831248425 17.633557568774194 -19.5
    endloop
  endfacet
  facet normal 0 0 -1
    outer loop
      vertex 24.270509831248425 -17.633557568774194 -19.5
      vertex 24.270509831248425 17.633557568774194 -19.5
      vertex 26.289200401315906 14.45261022305146 -19.5
    endloop
  endfacet
  facet normal 0 0 -1
    outer loop
      vertex 26.289200401315902 -14.452610223051462 -19.5
      vertex 26.289200401315906 14.45261022305146 -19.5
      vertex 27.89329457664754 11.043736580540338 -19.5
    endloop
  endfacet
  facet normal 0 0 -1
    outer loop
      vertex 29.763441039434337 -3.759997006929122 -19.5
      vertex 29.763441039434337 3.7599970069291277 -19.5
      vertex 30 0 -19.5
    endloop
  endfacet
  facet normal 0 0 -1
    outer loop
      vertex 29.057494833858936 -7.460696614945633 -19.5
      vertex 29.057494833858932 7.460696614945644 -19.5
      vertex 29.763441039434337 3.7599970069291277 -19.5
    endloop
  endfacet
  facet normal 0 0 -1
    outer loop
      vertex 27.893294576647538 -11.043736580540351 -19.5
      vertex 27.89329457664754 11.043736580540338 -19.5
      vertex 29.057494833858932 7.460696614945644 -19.5
    endloop
  endfacet
  facet normal 0.9980267284282716 0.06279051952931283 0
    outer loop
      vertex 30 0 -19.5
      vertex 29.763441039434337 3.7599970069291277 -19.5
      vertex 30 0 3
    endloop
  endfacet
  facet normal 0.9822872507286884 0.18738131458572546 0
    outer loop
      vertex 29.763441039434337 3.7599970069291277 -19.5
      vertex 29.057494833858932 7.460696614945644 -19.5
      vertex 29.763441039434337 3.7599970069291277 3
    endloop
  endfacet
  facet normal 0.9510565162951535 0.30901699437494734 0
    outer loop
      vertex 29.057494833858932 7.460696614945644 -19.5
      vertex 27.89329457664754 11.043736580540338 -19.5
      vertex 29.057494833858932 7.460696614945644 3
    endloop
  endfacet
  facet normal 0.9048270524660195 0.4257792915650726 0
    outer loop
      vertex 27.89329457664754 11.043736580540338 -19.5
      vertex 26.289200401315906 14.45261022305146 -19.5
      vertex 27.89329457664754 11.043736580540338 3
    endloop
  endfacet
  facet normal 0.6845471059286875 0.7289686274214127 0
    outer loop
      vertex 21.869058822642348 20.536413177860663 -19.5
      vertex 19.12271969246069 23.115397283273673 -19.5
      vertex 19.12271969246069 23.115397283273673 3
    endloop
  endfacet
  facet normal 0.5877852522924742 0.8090169943749466 0
    outer loop
      vertex 16.0748038493699 25.329837765060454 -19.5
      vertex 16.0748038493699 25.329837765060454 3
      vertex 19.12271969246069 23.115397283273673 -19.5
    endloop
  endfacet
  facet normal 0.7705132427757895 0.6374239897486894 0
    outer loop
      vertex 21.869058822642348 20.536413177860663 -19.5
      vertex 24.270509831248425 17.633557568774194 3
      vertex 24.270509831248425 17.633557568774194 -19.5
    endloop
  endfacet
  facet normal 0.8443279255020154 0.535826794978996 0
    outer loop
      vertex 26.289200401315906 14.45261022305146 -19.5
      vertex 24.270509831248425 17.633557568774194 -19.5
      vertex 26.289200401315906 14.45261022305146 3
    endloop
  endfacet
  facet normal 0 0 1
    outer loop
      vertex 5.621439437571745 -29.468617521860658 3
      vertex 5.621439437571738 29.46861752186066 3
      vertex 5 0 3
    endloop
  endfacet
  facet normal 0 0 1
    outer loop
      vertex 1.8837155858793984 29.940801852848146 3
      vertex 1.545084971874737 4.755282581475767 3
      vertex 2.1288964578253635 4.524135262330097 3
    endloop
  endfacet
  facet normal 0 0 1
    outer loop
      vertex 1.8837155858793984 29.940801852848146 3
      vertex -0.31395259764656047 4.990133642141358 3
      vertex 0.31395259764656636 4.990133642141358 3
    endloop
  endfacet
  facet normal 0 0 1
    outer loop
      vertex 1.8837155858793984 29.940801852848146 3
      vertex 0.31395259764656636 4.990133642141358 3
      vertex 0.9369065729286229 4.911436253643443 3
    endloop
  endfacet
  facet normal 0 0 1
    outer loop
      vertex 1.8837155858793984 29.940801852848146 3
      vertex 0.9369065729286229 4.911436253643443 3
      vertex 1.545084971874737 4.755282581475767 3
    endloop
  endfacet
  facet normal 0 0 1
    outer loop
      vertex 1.8837155858793984 29.940801852848146 3
      vertex 2.1288964578253635 4.524135262330097 3
      vertex 2.679133974894983 4.221639627510076 3
    endloop
  endfacet
  facet normal 0 0 1
    outer loop
      vertex 1.8837155858793984 29.940801852848146 3
      vertex 2.679133974894983 4.221639627510076 3
      vertex 3.1871199487434487 3.8525662138789456 3
    endloop
  endfacet
  facet normal 0 0 1
    outer loop
      vertex 1.8837155858793984 29.940801852848146 3
      vertex 3.1871199487434487 3.8525662138789456 3
      vertex 3.644843137107058 3.4227355296434436 3
    endloop
  endfacet
  facet normal 0 0 1
    outer loop
      vertex 5.621439437571738 29.46861752186066 3
      vertex 4.9605735065723895 0.6266661678215213 3
      vertex 5 0 3
    endloop
  endfacet
  facet normal 0 0 1
    outer loop
      vertex 5.621439437571738 29.46861752186066 3
      vertex 4.842915805643155 1.243449435824274 3
      vertex 4.9605735065723895 0.6266661678215213 3
    endloop
  endfacet
  facet normal 0 0 1
    outer loop
      vertex 5.621439437571738 29.46861752186066 3
      vertex 4.648882429441256 1.8406227634233898 3
      vertex 4.842915805643155 1.243449435824274 3
    endloop
  endfacet
  facet normal 0 0 1
    outer loop
      vertex 5.621439437571738 29.46861752186066 3
      vertex 4.045084971874737 2.938926261462366 3
      vertex 4.381533400219318 2.4087683705085765 3
    endloop
  endfacet
  facet normal 0 0 1
    outer loop
      vertex 5.621439437571738 29.46861752186066 3
      vertex 3.644843137107058 3.4227355296434436 3
      vertex 4.045084971874737 2.938926261462366 3
    endloop
  endfacet
  facet normal 0 0 1
    outer loop
      vertex 5.621439437571738 29.46861752186066 3
      vertex 4.381533400219318 2.4087683705085765 3
      vertex 4.648882429441256 1.8406227634233898 3
    endloop
  endfacet
  facet normal 0 0 1
    outer loop
      vertex 9.270509831248422 -28.531695488854606 3
      vertex 9.270509831248422 28.531695488854606 3
      vertex 5.621439437571738 29.46861752186066 3
    endloop
  endfacet
  facet normal 0 0 1
    outer loop
      vertex 12.773378746952172 -27.144811573980586 3
      vertex 12.773378746952181 27.144811573980583 3
      vertex 9.270509831248422 28.531695488854606 3
    endloop
  endfacet
  facet normal 0 0 1
    outer loop
      vertex 16.074803849369886 -25.32983776506046 3
      vertex 16.0748038493699 25.329837765060454 3
      vertex 12.773378746952181 27.144811573980583 3
    endloop
  endfacet
  facet normal 0 1 0
    outer loop
      vertex -1.8837155858793984 29.940801852848146 3
      vertex 1.8837155858793984 29.940801852848146 3
      vertex 1.8837155858793984 29.940801852848146 -19.5
    endloop
  endfacet
  facet normal 0.12533323356430381 0.992114701314478 0
    outer loop
      vertex 5.621439437571738 29.46861752186066 -19.5
      vertex 1.8837155858793984 29.940801852848146 3
      vertex 5.621439437571738 29.46861752186066 3
    endloop
  endfacet
  facet normal 0.24868988716485535 0.968583161128631 0
    outer loop
      vertex 9.270509831248422 28.531695488854606 -19.5
      vertex 5.621439437571738 29.46861752186066 3
      vertex 9.270509831248422 28.531695488854606 3
    endloop
  endfacet
  facet normal 0.48175367410171444 0.876306680043864 0
    outer loop
      vertex 16.0748038493699 25.329837765060454 -19.5
      vertex 12.773378746952181 27.144811573980583 3
      vertex 16.0748038493699 25.329837765060454 3
    endloop
  endfacet
  facet normal 0.36812455268467803 0.9297764858882513 0
    outer loop
      vertex 12.773378746952181 27.144811573980583 -19.5
      vertex 9.270509831248422 28.531695488854606 3
      vertex 12.773378746952181 27.144811573980583 3
    endloop
  endfacet
  facet normal 0 0 1
    outer loop
      vertex 1.8837155858793984 29.940801852848146 3
      vertex 3.644843137107058 3.4227355296434436 3
      vertex 5.621439437571738 29.46861752186066 3
    endloop
  endfacet
  facet normal 0.9980267284282716 0.06279051952931283 0
    outer loop
      vertex 29.763441039434337 3.7599970069291277 -19.5
      vertex 29.763441039434337 3.7599970069291277 3
      vertex 30 0 3
    endloop
  endfacet
  facet normal 0.9822872507286884 0.18738131458572546 0
    outer loop
      vertex 29.057494833858932 7.460696614945644 -19.5
      vertex 29.057494833858932 7.460696614945644 3
      vertex 29.763441039434337 3.7599970069291277 3
    endloop
  endfacet
  facet normal 0.9510565162951535 0.30901699437494734 0
    outer loop
      vertex 27.89329457664754 11.043736580540338 -19.5
      vertex 27.89329457664754 11.043736580540338 3
      vertex 29.057494833858932 7.460696614945644 3
    endloop
  endfacet
  facet normal 0.9048270524660195 0.4257792915650726 0
    outer loop
      vertex 26.289200401315906 14.45261022305146 -19.5
      vertex 26.289200401315906 14.45261022305146 3
      vertex 27.89329457664754 11.043736580540338 3
    endloop
  endfacet
  facet normal 0 0 1
    outer loop
      vertex 19.1227196924607 -23.115397283273673 3
      vertex 19.12271969246069 23.115397283273673 3
      vertex 16.0748038493699 25.329837765060454 3
    endloop
  endfacet
  facet normal 0 0 1
    outer loop
      vertex 21.86905882264235 -20.536413177860656 3
      vertex 21.869058822642348 20.536413177860663 3
      vertex 19.12271969246069 23.115397283273673 3
    endloop
  endfacet
  facet normal 0 0 1
    outer loop
      vertex 24.270509831248425 -17.633557568774194 3
      vertex 24.270509831248425 17.633557568774194 3
      vertex 21.869058822642348 20.536413177860663 3
    endloop
  endfacet
  facet normal 0 0 1
    outer loop
      vertex 26.289200401315902 -14.452610223051462 3
      vertex 26.289200401315906 14.45261022305146 3
      vertex 24.270509831248425 17.633557568774194 3
    endloop
  endfacet
  facet normal 0 0 1
    outer loop
      vertex 29.763441039434337 -3.759997006929122 3
      vertex 30 0 3
      vertex 29.763441039434337 3.7599970069291277 3
    endloop
  endfacet
  facet normal 0 0 1
    outer loop
      vertex 29.057494833858936 -7.460696614945633 3
      vertex 29.057494833858932 7.460696614945644 3
      vertex 27.89329457664754 11.043736580540338 3
    endloop
  endfacet
  facet normal 0 0 1
    outer loop
      vertex 29.763441039434337 -3.759997006929122 3
      vertex 29.763441039434337 3.7599970069291277 3
      vertex 29.057494833858932 7.460696614945644 3
    endloop
  endfacet
  facet normal 0 0 1
    outer loop
      vertex 27.893294576647538 -11.043736580540351 3
      vertex 27.89329457664754 11.043736580540338 3
      vertex 26.289200401315906 14.45261022305146 3
    endloop
  endfacet
  facet normal 0.6845471059286875 0.7289686274214127 0
    outer loop
      vertex 21.869058822642348 20.536413177860663 -19.5
      vertex 19.12271969246069 23.115397283273673 3
      vertex 21.869058822642348 20.536413177860663 3
    endloop
  endfacet
  facet normal 0.5877852522924742 0.8090169943749466 0
    outer loop
      vertex 19.12271969246069 23.115397283273673 -19.5
      vertex 16.0748038493699 25.329837765060454 3
      vertex 19.12271969246069 23.115397283273673 3
    endloop
  endfacet
  facet normal 0.8443279255020154 0.535826794978996 0
    outer loop
      vertex 24.270509831248425 17.633557568774194 -19.5
      vertex 24.270509831248425 17.633557568774194 3
      vertex 26.289200401315906 14.45261022305146 3
    endloop
  endfacet
  facet normal 0.7705132427757895 0.6374239897486894 0
    outer loop
      vertex 21.869058822642348 20.536413177860663 -19.5
      vertex 21.869058822642348 20.536413177860663 3
      vertex 24.270509831248425 17.633557568774194 3
    endloop
  endfacet
endsolid OpenSCAD_Model
