solid OpenSCAD_Model
  facet normal 0.55987844326633 0.46317172926897693 0.6870284404387177
    outer loop
      vertex -1.4562305898749055 -1.0580134541264516 -1.9
      vertex -2.624287058717082 -2.464369581343279 0
      vertex -1.312143529358541 -1.2321847906716394 -1.9
    endloop
  endfacet
  facet normal 0.49741282398873937 0.5296908575385183 0.6870284404387175
    outer loop
      vertex -1.312143529358541 -1.2321847906716394 -1.9
      vertex -2.2947263630952826 -2.773847673992842 0
      vertex -1.1473631815476413 -1.386923836996421 -1.9000000000000004
    endloop
  endfacet
  facet normal 0.7137599021622189 0.13615698327196932 0.6870284404387176
    outer loop
      vertex -1.743449690031536 -0.4476417968967387 -1.9
      vertex -1.78580646236606 -0.22559982041574733 -1.9
      vertex -3.57161292473212 -0.45119964083149466 0
    endloop
  endfacet
  facet normal 0.7251966871297574 0.045625508264218 0.6870284404387176
    outer loop
      vertex -1.78580646236606 -0.22559982041574733 -1.9
      vertex -1.8 0 -1.9
      vertex -3.6 0 0
    endloop
  endfacet
  facet normal 0.6135144450384407 0.38934810614348386 0.6870284404387176
    outer loop
      vertex -1.5773520240789543 -0.8671566133830877 -1.9000000000000004
      vertex -2.912461179749811 -2.1160269082529033 0
      vertex -1.4562305898749055 -1.0580134541264516 -1.9
    endloop
  endfacet
  facet normal 0.6574749575165318 0.30938423079882116 0.6870284404387174
    outer loop
      vertex -1.5773520240789543 -0.8671566133830877 -1.9000000000000004
      vertex -1.6735976745988526 -0.6626241948324202 -1.9
      vertex -3.1547040481579085 -1.7343132267661754 0
    endloop
  endfacet
  facet normal 0.6910666971580839 0.22454118131728237 0.6870284404387176
    outer loop
      vertex -1.6735976745988526 -0.6626241948324202 -1.9
      vertex -1.743449690031536 -0.4476417968967387 -1.9
      vertex -3.486899380063072 -0.8952835937934774 0
    endloop
  endfacet
  facet normal 0.42710270733682554 0.5878564445626988 0.6870284404387175
    outer loop
      vertex -1.1473631815476413 -1.386923836996421 -1.9000000000000004
      vertex -1.9289764619243883 -3.0395805318072537 0
      vertex -0.9644882309621942 -1.5197902659036269 -1.9000000000000004
    endloop
  endfacet
  facet normal 0.3500569258514209 0.636751184287706 0.6870284404387176
    outer loop
      vertex -0.9644882309621942 -1.5197902659036269 -1.9000000000000004
      vertex -1.532805449634261 -3.2573773888776705 0
      vertex -0.7664027248171305 -1.6286886944388352 -1.9
    endloop
  endfacet
  facet normal 0.2674905375314708 0.6756039774597752 0.6870284404387175
    outer loop
      vertex -0.7664027248171305 -1.6286886944388352 -1.9
      vertex -1.1124611797498107 -3.4238034586625528 0
      vertex -0.5562305898749054 -1.7119017293312764 -1.9000000000000004
    endloop
  endfacet
  facet normal 0.09107095349162904 0.7209008277554334 0.6870284404387175
    outer loop
      vertex -0.3372863662543047 -1.7681170513116395 -1.9000000000000004
      vertex -0.22604587030552986 -3.5928962223417775 0
      vertex -0.11302293515276478 -1.7964481111708888 -1.9000000000000004
    endloop
  endfacet
  facet normal 0.18070566364354418 0.7038020923210515 0.6870284404387175
    outer loop
      vertex -0.5562305898749054 -1.7119017293312764 -1.9000000000000004
      vertex -0.6745727325086094 -3.536234102623279 0
      vertex -0.3372863662543047 -1.7681170513116395 -1.9000000000000004
    endloop
  endfacet
  facet normal 0.6135144450384414 0.38934810614348253 0.6870284404387176
    outer loop
      vertex -1.5773520240789543 -0.8671566133830877 -1.9000000000000004
      vertex -3.1547040481579085 -1.7343132267661754 0
      vertex -2.912461179749811 -2.1160269082529033 0
    endloop
  endfacet
  facet normal 0.4271027073368254 0.5878564445626989 0.6870284404387175
    outer loop
      vertex -1.1473631815476413 -1.386923836996421 -1.9000000000000004
      vertex -2.2947263630952826 -2.773847673992842 0
      vertex -1.9289764619243883 -3.0395805318072537 0
    endloop
  endfacet
  facet normal 0.49741282398873843 0.5296908575385192 0.6870284404387176
    outer loop
      vertex -1.312143529358541 -1.2321847906716394 -1.9
      vertex -2.624287058717082 -2.464369581343279 0
      vertex -2.2947263630952826 -2.773847673992842 0
    endloop
  endfacet
  facet normal 0.55987844326633 0.46317172926897693 0.6870284404387175
    outer loop
      vertex -1.4562305898749055 -1.0580134541264516 -1.9
      vertex -2.912461179749811 -2.1160269082529033 0
      vertex -2.624287058717082 -2.464369581343279 0
    endloop
  endfacet
  facet normal 0.6910666971580838 0.22454118131728204 0.6870284404387177
    outer loop
      vertex -1.6735976745988526 -0.6626241948324202 -1.9
      vertex -3.486899380063072 -0.8952835937934774 0
      vertex -3.347195349197705 -1.3252483896648404 0
    endloop
  endfacet
  facet normal 0.6574749575165312 0.3093842307988225 0.6870284404387177
    outer loop
      vertex -1.6735976745988526 -0.6626241948324202 -1.9
      vertex -3.347195349197705 -1.3252483896648404 0
      vertex -3.1547040481579085 -1.7343132267661754 0
    endloop
  endfacet
  facet normal 0.7137599021622189 0.13615698327196932 0.6870284404387176
    outer loop
      vertex -1.743449690031536 -0.4476417968967387 -1.9
      vertex -3.57161292473212 -0.45119964083149466 0
      vertex -3.486899380063072 -0.8952835937934774 0
    endloop
  endfacet
  facet normal 0.7251966871297574 0.04562550826421804 0.6870284404387176
    outer loop
      vertex -1.78580646236606 -0.22559982041574733 -1.9
      vertex -3.6 0 0
      vertex -3.57161292473212 -0.45119964083149466 0
    endloop
  endfacet
  facet normal 0.3500569258514224 0.6367511842877056 0.6870284404387175
    outer loop
      vertex -0.9644882309621942 -1.5197902659036269 -1.9000000000000004
      vertex -1.9289764619243883 -3.0395805318072537 0
      vertex -1.532805449634261 -3.2573773888776705 0
    endloop
  endfacet
  facet normal 0.26749053753146934 0.6756039774597757 0.6870284404387175
    outer loop
      vertex -0.7664027248171305 -1.6286886944388352 -1.9
      vertex -1.532805449634261 -3.2573773888776705 0
      vertex -1.1124611797498107 -3.4238034586625528 0
    endloop
  endfacet
  facet normal 0.18070566364354437 0.7038020923210514 0.6870284404387175
    outer loop
      vertex -0.5562305898749054 -1.7119017293312764 -1.9000000000000004
      vertex -1.1124611797498107 -3.4238034586625528 0
      vertex -0.6745727325086094 -3.536234102623279 0
    endloop
  endfacet
  facet normal 0.09107095349162932 0.7209008277554335 0.6870284404387176
    outer loop
      vertex -0.3372863662543047 -1.7681170513116395 -1.9000000000000004
      vertex -0.6745727325086094 -3.536234102623279 0
      vertex -0.22604587030552986 -3.5928962223417775 0
    endloop
  endfacet
  facet normal 0 0.7266305264908319 0.6870284404387176
    outer loop
      vertex -0.11302293515276478 -1.7964481111708888 -1.9000000000000004
      vertex -0.22604587030552986 -3.5928962223417775 0
      vertex 0.22604587030552956 -3.5928962223417775 0
    endloop
  endfacet
  facet normal 0.7251966871297574 -0.045625508264218 0.6870284404387176
    outer loop
      vertex -1.8 0 -1.9
      vertex -1.78580646236606 0.22559982041574733 -1.9
      vertex -3.6 0 0
    endloop
  endfacet
  facet normal 0.7137599021622189 -0.13615698327196932 0.6870284404387176
    outer loop
      vertex -1.78580646236606 0.22559982041574733 -1.9
      vertex -1.743449690031536 0.4476417968967387 -1.9
      vertex -3.57161292473212 0.45119964083149466 0
    endloop
  endfacet
  facet normal 0.6910666971580839 -0.22454118131728237 0.6870284404387176
    outer loop
      vertex -1.743449690031536 0.4476417968967387 -1.9
      vertex -1.6735976745988526 0.6626241948324202 -1.9
      vertex -3.486899380063072 0.8952835937934774 0
    endloop
  endfacet
  facet normal 0.6574749575165312 -0.3093842307988223 0.6870284404387176
    outer loop
      vertex -1.6735976745988526 0.6626241948324202 -1.9
      vertex -1.5773520240789543 0.8671566133830877 -1.9
      vertex -3.1547040481579085 1.7343132267661754 0
    endloop
  endfacet
  facet normal 0.6135144450384414 -0.3893481061434828 0.6870284404387176
    outer loop
      vertex -1.5773520240789543 0.8671566133830877 -1.9
      vertex -1.4562305898749055 1.0580134541264516 -1.9
      vertex -2.912461179749811 2.1160269082529033 0
    endloop
  endfacet
  facet normal 0.55987844326633 -0.46317172926897693 0.6870284404387177
    outer loop
      vertex -1.4562305898749055 1.0580134541264516 -1.9
      vertex -1.312143529358541 1.2321847906716394 -1.9
      vertex -2.624287058717082 2.464369581343279 0
    endloop
  endfacet
  facet normal 0.4974128239887383 -0.5296908575385192 0.6870284404387176
    outer loop
      vertex -1.312143529358541 1.2321847906716394 -1.9
      vertex -1.1473631815476413 1.386923836996421 -1.9
      vertex -2.2947263630952826 2.773847673992842 0
    endloop
  endfacet
  facet normal 0.42710270733682554 -0.5878564445626989 0.6870284404387176
    outer loop
      vertex -1.1473631815476413 1.386923836996421 -1.9
      vertex -0.9644882309621942 1.5197902659036269 -1.9
      vertex -1.9289764619243883 3.0395805318072537 0
    endloop
  endfacet
  facet normal 0.3500569258514222 -0.6367511842877054 0.6870284404387176
    outer loop
      vertex -0.9644882309621942 1.5197902659036269 -1.9
      vertex -0.7664027248171309 1.628688694438835 -1.9
      vertex -1.5328054496342618 3.25737738887767 0
    endloop
  endfacet
  facet normal 0.2674905375314696 -0.6756039774597756 0.6870284404387177
    outer loop
      vertex -0.7664027248171309 1.628688694438835 -1.9
      vertex -0.5562305898749054 1.7119017293312764 -1.9
      vertex -1.1124611797498107 3.4238034586625528 0
    endloop
  endfacet
  facet normal 0.1807056636435445 -0.7038020923210514 0.6870284404387177
    outer loop
      vertex -0.5562305898749054 1.7119017293312764 -1.9
      vertex -0.33728636625430425 1.7681170513116398 -1.9
      vertex -0.6745727325086085 3.5362341026232795 0
    endloop
  endfacet
  facet normal 0.09107095349162816 -0.7209008277554334 0.6870284404387176
    outer loop
      vertex -0.33728636625430425 1.7681170513116398 -1.9
      vertex -0.1130229351527639 1.7964481111708888 -1.9
      vertex -0.2260458703055278 3.5928962223417775 0
    endloop
  endfacet
  facet normal 0 -0.7266305264908318 0.6870284404387176
    outer loop
      vertex -0.1130229351527639 1.7964481111708888 -1.9
      vertex 0.1130229351527639 1.7964481111708888 -1.9
      vertex -0.2260458703055278 3.5928962223417775 0
    endloop
  endfacet
  facet normal 0.7251966871297574 -0.04562550826421804 0.6870284404387176
    outer loop
      vertex -1.78580646236606 0.22559982041574733 -1.9
      vertex -3.57161292473212 0.45119964083149466 0
      vertex -3.6 0 0
    endloop
  endfacet
  facet normal 0.7137599021622189 -0.13615698327196932 0.6870284404387176
    outer loop
      vertex -1.743449690031536 0.4476417968967387 -1.9
      vertex -3.486899380063072 0.8952835937934774 0
      vertex -3.57161292473212 0.45119964083149466 0
    endloop
  endfacet
  facet normal 0.6910666971580838 -0.22454118131728204 0.6870284404387177
    outer loop
      vertex -1.6735976745988526 0.6626241948324202 -1.9
      vertex -3.347195349197705 1.3252483896648404 0
      vertex -3.486899380063072 0.8952835937934774 0
    endloop
  endfacet
  facet normal 0.6574749575165312 -0.3093842307988225 0.6870284404387177
    outer loop
      vertex -1.6735976745988526 0.6626241948324202 -1.9
      vertex -3.1547040481579085 1.7343132267661754 0
      vertex -3.347195349197705 1.3252483896648404 0
    endloop
  endfacet
  facet normal 0.6135144450384413 -0.38934810614348286 0.6870284404387175
    outer loop
      vertex -1.5773520240789543 0.8671566133830877 -1.9
      vertex -2.912461179749811 2.1160269082529033 0
      vertex -3.1547040481579085 1.7343132267661754 0
    endloop
  endfacet
  facet normal 0.55987844326633 -0.46317172926897693 0.6870284404387175
    outer loop
      vertex -1.4562305898749055 1.0580134541264516 -1.9
      vertex -2.624287058717082 2.464369581343279 0
      vertex -2.912461179749811 2.1160269082529033 0
    endloop
  endfacet
  facet normal 0.49741282398873843 -0.5296908575385192 0.6870284404387176
    outer loop
      vertex -1.312143529358541 1.2321847906716394 -1.9
      vertex -2.2947263630952826 2.773847673992842 0
      vertex -2.624287058717082 2.464369581343279 0
    endloop
  endfacet
  facet normal 0.42710270733682554 -0.5878564445626988 0.6870284404387177
    outer loop
      vertex -1.1473631815476413 1.386923836996421 -1.9
      vertex -1.9289764619243883 3.0395805318072537 0
      vertex -2.2947263630952826 2.773847673992842 0
    endloop
  endfacet
  facet normal 0.35005692585142206 -0.6367511842877054 0.6870284404387177
    outer loop
      vertex -0.9644882309621942 1.5197902659036269 -1.9
      vertex -1.5328054496342618 3.25737738887767 0
      vertex -1.9289764619243883 3.0395805318072537 0
    endloop
  endfacet
  facet normal 0.2674905375314695 -0.6756039774597755 0.6870284404387176
    outer loop
      vertex -0.7664027248171309 1.628688694438835 -1.9
      vertex -1.1124611797498107 3.4238034586625528 0
      vertex -1.5328054496342618 3.25737738887767 0
    endloop
  endfacet
  facet normal 0.18070566364354476 -0.7038020923210512 0.6870284404387176
    outer loop
      vertex -0.5562305898749054 1.7119017293312764 -1.9
      vertex -0.6745727325086085 3.5362341026232795 0
      vertex -1.1124611797498107 3.4238034586625528 0
    endloop
  endfacet
  facet normal 0.09107095349162797 -0.7209008277554334 0.6870284404387176
    outer loop
      vertex -0.33728636625430425 1.7681170513116398 -1.9
      vertex -0.2260458703055278 3.5928962223417775 0
      vertex -0.6745727325086085 3.5362341026232795 0
    endloop
  endfacet
  facet normal 0 0.7266305264908318 0.6870284404387175
    outer loop
      vertex -0.11302293515276478 -1.7964481111708888 -1.9000000000000004
      vertex 0.22604587030552956 -3.5928962223417775 0
      vertex 0.11302293515276478 -1.7964481111708888 -1.9000000000000004
    endloop
  endfacet
  facet normal -0.09107095349162904 0.7209008277554334 0.6870284404387175
    outer loop
      vertex 0.11302293515276478 -1.7964481111708888 -1.9000000000000004
      vertex 0.22604587030552956 -3.5928962223417775 0
      vertex 0.3372863662543047 -1.7681170513116395 -1.9000000000000004
    endloop
  endfacet
  facet normal -0.18070566364354418 0.7038020923210515 0.6870284404387175
    outer loop
      vertex 0.3372863662543047 -1.7681170513116395 -1.9000000000000004
      vertex 0.6745727325086094 -3.536234102623279 0
      vertex 0.5562305898749054 -1.7119017293312764 -1.9000000000000004
    endloop
  endfacet
  facet normal -0.26749053753146945 0.6756039774597756 0.6870284404387175
    outer loop
      vertex 0.5562305898749054 -1.7119017293312764 -1.9000000000000004
      vertex 1.1124611797498107 -3.4238034586625528 0
      vertex 0.7664027248171305 -1.6286886944388352 -1.9000000000000004
    endloop
  endfacet
  facet normal -0.3500569258514219 0.6367511842877057 0.6870284404387175
    outer loop
      vertex 0.7664027248171305 -1.6286886944388352 -1.9000000000000004
      vertex 1.532805449634261 -3.2573773888776705 0
      vertex 0.9644882309621932 -1.5197902659036275 -1.9000000000000004
    endloop
  endfacet
  facet normal -0.4271027073368259 0.5878564445626988 0.6870284404387176
    outer loop
      vertex 0.9644882309621932 -1.5197902659036275 -1.9000000000000004
      vertex 1.9289764619243863 -3.039580531807255 0
      vertex 1.147363181547642 -1.3869238369964203 -1.9000000000000004
    endloop
  endfacet
  facet normal -0.4974128239887382 0.5296908575385193 0.6870284404387175
    outer loop
      vertex 1.147363181547642 -1.3869238369964203 -1.9000000000000004
      vertex 2.294726363095284 -2.7738476739928406 0
      vertex 1.312143529358541 -1.2321847906716394 -1.9000000000000004
    endloop
  endfacet
  facet normal -0.55987844326633 0.46317172926897693 0.6870284404387176
    outer loop
      vertex 1.312143529358541 -1.2321847906716394 -1.9000000000000004
      vertex 2.624287058717082 -2.464369581343279 0
      vertex 1.4562305898749055 -1.0580134541264516 -1.9000000000000004
    endloop
  endfacet
  facet normal -0.6135144450384414 0.3893481061434828 0.6870284404387175
    outer loop
      vertex 1.4562305898749055 -1.0580134541264516 -1.9000000000000004
      vertex 2.912461179749811 -2.1160269082529033 0
      vertex 1.5773520240789543 -0.8671566133830877 -1.9000000000000004
    endloop
  endfacet
  facet normal -0.6574749575165311 0.30938423079882293 0.6870284404387176
    outer loop
      vertex 1.5773520240789543 -0.8671566133830877 -1.9000000000000004
      vertex 3.1547040481579085 -1.7343132267661754 0
      vertex 1.6735976745988523 -0.6626241948324211 -1.9000000000000004
    endloop
  endfacet
  facet normal -0.691066697158084 0.22454118131728215 0.6870284404387175
    outer loop
      vertex 1.6735976745988523 -0.6626241948324211 -1.9000000000000004
      vertex 3.4868993800630723 -0.895283593793476 0
      vertex 1.7434496900315362 -0.447641796896738 -1.9000000000000004
    endloop
  endfacet
  facet normal -0.713759902162219 0.1361569832719691 0.6870284404387175
    outer loop
      vertex 1.7434496900315362 -0.447641796896738 -1.9000000000000004
      vertex 3.57161292473212 -0.45119964083149466 0
      vertex 1.78580646236606 -0.22559982041574733 -1.9000000000000004
    endloop
  endfacet
  facet normal -0.7251966871297574 0.045625508264218 0.6870284404387175
    outer loop
      vertex 1.78580646236606 -0.22559982041574733 -1.9000000000000004
      vertex 3.6 0 0
      vertex 1.8 0 -1.9000000000000004
    endloop
  endfacet
  facet normal -0.09107095349162925 0.7209008277554334 0.6870284404387175
    outer loop
      vertex 0.3372863662543047 -1.7681170513116395 -1.9000000000000004
      vertex 0.22604587030552956 -3.5928962223417775 0
      vertex 0.6745727325086094 -3.536234102623279 0
    endloop
  endfacet
  facet normal -0.18070566364354437 0.7038020923210514 0.6870284404387175
    outer loop
      vertex 0.5562305898749054 -1.7119017293312764 -1.9000000000000004
      vertex 0.6745727325086094 -3.536234102623279 0
      vertex 1.1124611797498107 -3.4238034586625528 0
    endloop
  endfacet
  facet normal -0.26749053753146973 0.6756039774597759 0.6870284404387175
    outer loop
      vertex 0.7664027248171305 -1.6286886944388352 -1.9000000000000004
      vertex 1.1124611797498107 -3.4238034586625528 0
      vertex 1.532805449634261 -3.2573773888776705 0
    endloop
  endfacet
  facet normal -0.3500569258514219 0.6367511842877055 0.6870284404387175
    outer loop
      vertex 0.9644882309621932 -1.5197902659036275 -1.9000000000000004
      vertex 1.532805449634261 -3.2573773888776705 0
      vertex 1.9289764619243863 -3.039580531807255 0
    endloop
  endfacet
  facet normal -0.4271027073368259 0.5878564445626987 0.6870284404387175
    outer loop
      vertex 1.147363181547642 -1.3869238369964203 -1.9000000000000004
      vertex 1.9289764619243863 -3.039580531807255 0
      vertex 2.294726363095284 -2.7738476739928406 0
    endloop
  endfacet
  facet normal -0.4974128239887383 0.5296908575385194 0.6870284404387176
    outer loop
      vertex 1.312143529358541 -1.2321847906716394 -1.9000000000000004
      vertex 2.294726363095284 -2.7738476739928406 0
      vertex 2.624287058717082 -2.464369581343279 0
    endloop
  endfacet
  facet normal -0.55987844326633 0.46317172926897693 0.6870284404387175
    outer loop
      vertex 1.4562305898749055 -1.0580134541264516 -1.9000000000000004
      vertex 2.624287058717082 -2.464369581343279 0
      vertex 2.912461179749811 -2.1160269082529033 0
    endloop
  endfacet
  facet normal -0.6135144450384414 0.38934810614348253 0.6870284404387176
    outer loop
      vertex 1.5773520240789543 -0.8671566133830877 -1.9000000000000004
      vertex 2.912461179749811 -2.1160269082529033 0
      vertex 3.1547040481579085 -1.7343132267661754 0
    endloop
  endfacet
  facet normal -0.6574749575165312 0.3093842307988225 0.6870284404387175
    outer loop
      vertex 1.6735976745988523 -0.6626241948324211 -1.9000000000000004
      vertex 3.1547040481579085 -1.7343132267661754 0
      vertex 3.3471953491977047 -1.3252483896648422 0
    endloop
  endfacet
  facet normal -0.691066697158084 0.22454118131728223 0.6870284404387175
    outer loop
      vertex 1.6735976745988523 -0.6626241948324211 -1.9000000000000004
      vertex 3.3471953491977047 -1.3252483896648422 0
      vertex 3.4868993800630723 -0.895283593793476 0
    endloop
  endfacet
  facet normal -0.713759902162219 0.136156983271969 0.6870284404387175
    outer loop
      vertex 1.7434496900315362 -0.447641796896738 -1.9000000000000004
      vertex 3.4868993800630723 -0.895283593793476 0
      vertex 3.57161292473212 -0.45119964083149466 0
    endloop
  endfacet
  facet normal -0.7251966871297574 0.045625508264218025 0.6870284404387175
    outer loop
      vertex 1.78580646236606 -0.22559982041574733 -1.9000000000000004
      vertex 3.57161292473212 -0.45119964083149466 0
      vertex 3.6 0 0
    endloop
  endfacet
  facet normal -0.1807056636435445 -0.7038020923210514 0.6870284404387177
    outer loop
      vertex 0.33728636625430425 1.7681170513116398 -1.9
      vertex 0.5562305898749054 1.7119017293312764 -1.9
      vertex 0.6745727325086085 3.5362341026232795 0
    endloop
  endfacet
  facet normal -0.09107095349162816 -0.7209008277554334 0.6870284404387176
    outer loop
      vertex 0.1130229351527639 1.7964481111708888 -1.9
      vertex 0.33728636625430425 1.7681170513116398 -1.9
      vertex 0.2260458703055278 3.5928962223417775 0
    endloop
  endfacet
  facet normal -0.26749053753146834 -0.675603977459776 0.6870284404387177
    outer loop
      vertex 0.5562305898749054 1.7119017293312764 -1.9
      vertex 0.7664027248171309 1.628688694438835 -1.9000000000000004
      vertex 1.1124611797498107 3.4238034586625528 0
    endloop
  endfacet
  facet normal -0.350056925851423 -0.6367511842877052 0.6870284404387175
    outer loop
      vertex 0.7664027248171309 1.628688694438835 -1.9000000000000004
      vertex 0.964488230962194 1.519790265903627 -1.9
      vertex 1.5328054496342618 3.25737738887767 0
    endloop
  endfacet
  facet normal -0.42710270733682637 -0.5878564445626981 0.6870284404387175
    outer loop
      vertex 0.964488230962194 1.519790265903627 -1.9
      vertex 1.1473631815476415 1.3869238369964205 -1.9
      vertex 1.928976461924388 3.039580531807254 0
    endloop
  endfacet
  facet normal -0.6910666971580841 -0.22454118131728212 0.6870284404387175
    outer loop
      vertex 1.743449690031536 0.44764179689673866 -1.9000000000000004
      vertex 3.486899380063072 0.8952835937934773 0
      vertex 1.6735976745988526 0.6626241948324204 -1.9000000000000004
    endloop
  endfacet
  facet normal -0.6574749575165306 -0.3093842307988234 0.6870284404387177
    outer loop
      vertex 1.6735976745988526 0.6626241948324204 -1.9000000000000004
      vertex 3.154704048157909 1.7343132267661752 0
      vertex 1.5773520240789545 0.8671566133830876 -1.9
    endloop
  endfacet
  facet normal -0.613514445038442 -0.38934810614348214 0.6870284404387176
    outer loop
      vertex 1.4562305898749055 1.0580134541264516 -1.9000000000000004
      vertex 1.5773520240789545 0.8671566133830876 -1.9
      vertex 2.912461179749811 2.1160269082529033 0
    endloop
  endfacet
  facet normal -0.7251966871297575 -0.04562550826421793 0.6870284404387175
    outer loop
      vertex 1.8 0 -1.9000000000000004
      vertex 3.6 0 0
      vertex 1.78580646236606 0.22559982041574766 -1.9000000000000004
    endloop
  endfacet
  facet normal -0.7137599021622189 -0.13615698327196957 0.6870284404387175
    outer loop
      vertex 1.78580646236606 0.22559982041574766 -1.9000000000000004
      vertex 3.57161292473212 0.45119964083149533 0
      vertex 1.743449690031536 0.44764179689673866 -1.9000000000000004
    endloop
  endfacet
  facet normal -0.4974128239887369 -0.5296908575385205 0.6870284404387176
    outer loop
      vertex 1.1473631815476415 1.3869238369964205 -1.9
      vertex 1.3121435293585408 1.2321847906716397 -1.9000000000000004
      vertex 2.294726363095283 2.773847673992841 0
    endloop
  endfacet
  facet normal -0.55987844326633 -0.4631717292689771 0.6870284404387176
    outer loop
      vertex 1.3121435293585408 1.2321847906716397 -1.9000000000000004
      vertex 1.4562305898749055 1.0580134541264516 -1.9000000000000004
      vertex 2.6242870587170817 2.4643695813432793 0
    endloop
  endfacet
  facet normal 0 -0.7266305264908318 0.6870284404387176
    outer loop
      vertex -0.2260458703055278 3.5928962223417775 0
      vertex 0.1130229351527639 1.7964481111708888 -1.9
      vertex 0.2260458703055278 3.5928962223417775 0
    endloop
  endfacet
  facet normal -0.09107095349162797 -0.7209008277554334 0.6870284404387176
    outer loop
      vertex 0.33728636625430425 1.7681170513116398 -1.9
      vertex 0.6745727325086085 3.5362341026232795 0
      vertex 0.2260458703055278 3.5928962223417775 0
    endloop
  endfacet
  facet normal -0.18070566364354476 -0.7038020923210512 0.6870284404387176
    outer loop
      vertex 0.5562305898749054 1.7119017293312764 -1.9
      vertex 1.1124611797498107 3.4238034586625528 0
      vertex 0.6745727325086085 3.5362341026232795 0
    endloop
  endfacet
  facet normal -0.2674905375314698 -0.6756039774597755 0.6870284404387175
    outer loop
      vertex 0.7664027248171309 1.628688694438835 -1.9000000000000004
      vertex 1.5328054496342618 3.25737738887767 0
      vertex 1.1124611797498107 3.4238034586625528 0
    endloop
  endfacet
  facet normal -0.3500569258514216 -0.6367511842877056 0.6870284404387177
    outer loop
      vertex 0.964488230962194 1.519790265903627 -1.9
      vertex 1.928976461924388 3.039580531807254 0
      vertex 1.5328054496342618 3.25737738887767 0
    endloop
  endfacet
  facet normal -0.7251966871297575 -0.04562550826421796 0.6870284404387174
    outer loop
      vertex 1.78580646236606 0.22559982041574766 -1.9000000000000004
      vertex 3.6 0 0
      vertex 3.57161292473212 0.45119964083149533 0
    endloop
  endfacet
  facet normal -0.7137599021622189 -0.13615698327196957 0.6870284404387176
    outer loop
      vertex 1.743449690031536 0.44764179689673866 -1.9000000000000004
      vertex 3.57161292473212 0.45119964083149533 0
      vertex 3.486899380063072 0.8952835937934773 0
    endloop
  endfacet
  facet normal -0.6574749575165315 -0.3093842307988219 0.6870284404387175
    outer loop
      vertex 1.6735976745988526 0.6626241948324204 -1.9000000000000004
      vertex 3.347195349197705 1.3252483896648408 0
      vertex 3.154704048157909 1.7343132267661752 0
    endloop
  endfacet
  facet normal -0.6910666971580841 -0.22454118131728212 0.6870284404387175
    outer loop
      vertex 1.6735976745988526 0.6626241948324204 -1.9000000000000004
      vertex 3.486899380063072 0.8952835937934773 0
      vertex 3.347195349197705 1.3252483896648408 0
    endloop
  endfacet
  facet normal -0.5598784432663299 -0.463171729268977 0.6870284404387176
    outer loop
      vertex 1.4562305898749055 1.0580134541264516 -1.9000000000000004
      vertex 2.912461179749811 2.1160269082529033 0
      vertex 2.6242870587170817 2.4643695813432793 0
    endloop
  endfacet
  facet normal -0.49741282398873793 -0.5296908575385196 0.6870284404387176
    outer loop
      vertex 1.3121435293585408 1.2321847906716397 -1.9000000000000004
      vertex 2.6242870587170817 2.4643695813432793 0
      vertex 2.294726363095283 2.773847673992841 0
    endloop
  endfacet
  facet normal -0.4271027073368262 -0.5878564445626984 0.6870284404387176
    outer loop
      vertex 1.1473631815476415 1.3869238369964205 -1.9
      vertex 2.294726363095283 2.773847673992841 0
      vertex 1.928976461924388 3.039580531807254 0
    endloop
  endfacet
  facet normal -0.6135144450384412 -0.38934810614348314 0.6870284404387175
    outer loop
      vertex 1.5773520240789545 0.8671566133830876 -1.9
      vertex 3.154704048157909 1.7343132267661752 0
      vertex 2.912461179749811 2.1160269082529033 0
    endloop
  endfacet
  facet normal 0 0 1
    outer loop
      vertex -4.648882429441257 -1.8406227634233894 0
      vertex -4.648882429441257 1.8406227634233894 0
      vertex -4.842915805643155 -1.2434494358242743 0
    endloop
  endfacet
  facet normal 0 0 1
    outer loop
      vertex -4.842915805643155 -1.2434494358242743 0
      vertex -4.842915805643155 1.2434494358242743 0
      vertex -4.9605735065723895 -0.6266661678215203 0
    endloop
  endfacet
  facet normal 0 0 1
    outer loop
      vertex -3.1871199487434483 -3.852566213878947 0
      vertex -3.347195349197705 -1.3252483896648404 0
      vertex -3.6448431371070584 -3.4227355296434423 0
    endloop
  endfacet
  facet normal 0 0 1
    outer loop
      vertex -3.6448431371070584 -3.4227355296434423 0
      vertex -3.486899380063072 -0.8952835937934774 0
      vertex -3.57161292473212 -0.45119964083149466 0
    endloop
  endfacet
  facet normal 0 0 1
    outer loop
      vertex -3.1871199487434483 -3.852566213878947 0
      vertex -3.1547040481579085 -1.7343132267661754 0
      vertex -3.347195349197705 -1.3252483896648404 0
    endloop
  endfacet
  facet normal 0 0 1
    outer loop
      vertex -3.6448431371070584 -3.4227355296434423 0
      vertex -3.347195349197705 -1.3252483896648404 0
      vertex -3.486899380063072 -0.8952835937934774 0
    endloop
  endfacet
  facet normal 0 0 1
    outer loop
      vertex -4.045084971874737 -2.938926261462366 0
      vertex -4.045084971874737 2.938926261462366 0
      vertex -4.381533400219317 -2.408768370508577 0
    endloop
  endfacet
  facet normal 0 0 1
    outer loop
      vertex -4.381533400219317 -2.408768370508577 0
      vertex -4.381533400219317 2.408768370508577 0
      vertex -4.648882429441257 -1.8406227634233894 0
    endloop
  endfacet
  facet normal 0 0 1
    outer loop
      vertex -3.6448431371070584 -3.4227355296434423 0
      vertex -3.57161292473212 -0.45119964083149466 0
      vertex -3.6 0 0
    endloop
  endfacet
  facet normal 0 0 1
    outer loop
      vertex -4.045084971874737 -2.938926261462366 0
      vertex -3.6448431371070584 -3.4227355296434423 0
      vertex -3.6448431371070584 3.4227355296434423 0
    endloop
  endfacet
  facet normal 0 0 1
    outer loop
      vertex -3.1871199487434483 -3.852566213878947 0
      vertex -2.6791339748949836 -4.221639627510075 0
      vertex -2.912461179749811 -2.1160269082529033 0
    endloop
  endfacet
  facet normal 0 0 1
    outer loop
      vertex -2.6791339748949836 -4.221639627510075 0
      vertex -2.128896457825362 -4.524135262330098 0
      vertex -2.2947263630952826 -2.773847673992842 0
    endloop
  endfacet
  facet normal 0 0 1
    outer loop
      vertex -2.6791339748949836 -4.221639627510075 0
      vertex -2.2947263630952826 -2.773847673992842 0
      vertex -2.624287058717082 -2.464369581343279 0
    endloop
  endfacet
  facet normal 0 0 1
    outer loop
      vertex -2.128896457825362 -4.524135262330098 0
      vertex -1.545084971874737 -4.755282581475767 0
      vertex -1.9289764619243883 -3.0395805318072537 0
    endloop
  endfacet
  facet normal 0 0 1
    outer loop
      vertex -2.128896457825362 -4.524135262330098 0
      vertex -1.9289764619243883 -3.0395805318072537 0
      vertex -2.2947263630952826 -2.773847673992842 0
    endloop
  endfacet
  facet normal 0 0 1
    outer loop
      vertex -1.545084971874737 -4.755282581475767 0
      vertex -1.532805449634261 -3.2573773888776705 0
      vertex -1.9289764619243883 -3.0395805318072537 0
    endloop
  endfacet
  facet normal 0 0 1
    outer loop
      vertex -1.545084971874737 -4.755282581475767 0
      vertex -0.9369065729286241 -4.911436253643443 0
      vertex -1.1124611797498107 -3.4238034586625528 0
    endloop
  endfacet
  facet normal 0 0 1
    outer loop
      vertex -0.9369065729286241 -4.911436253643443 0
      vertex -0.6745727325086094 -3.536234102623279 0
      vertex -1.1124611797498107 -3.4238034586625528 0
    endloop
  endfacet
  facet normal 0 0 1
    outer loop
      vertex -1.545084971874737 -4.755282581475767 0
      vertex -1.1124611797498107 -3.4238034586625528 0
      vertex -1.532805449634261 -3.2573773888776705 0
    endloop
  endfacet
  facet normal 0 0 1
    outer loop
      vertex -0.9369065729286241 -4.911436253643443 0
      vertex -0.3139525976465688 -4.990133642141358 0
      vertex -0.6745727325086094 -3.536234102623279 0
    endloop
  endfacet
  facet normal 0 0 1
    outer loop
      vertex -0.3139525976465688 -4.990133642141358 0
      vertex -0.22604587030552986 -3.5928962223417775 0
      vertex -0.6745727325086094 -3.536234102623279 0
    endloop
  endfacet
  facet normal 0 0 1
    outer loop
      vertex -0.3139525976465688 -4.990133642141358 0
      vertex 0.22604587030552956 -3.5928962223417775 0
      vertex -0.22604587030552986 -3.5928962223417775 0
    endloop
  endfacet
  facet normal 0 0 1
    outer loop
      vertex -2.6791339748949836 -4.221639627510075 0
      vertex -2.624287058717082 -2.464369581343279 0
      vertex -2.912461179749811 -2.1160269082529033 0
    endloop
  endfacet
  facet normal 0 0 1
    outer loop
      vertex -3.1871199487434483 -3.852566213878947 0
      vertex -2.912461179749811 -2.1160269082529033 0
      vertex -3.1547040481579085 -1.7343132267661754 0
    endloop
  endfacet
  facet normal 0.6845471059286894 0.7289686274214109 0
    outer loop
      vertex -3.1871199487434483 -3.852566213878947 0
      vertex -3.6448431371070584 -3.4227355296434423 0
      vertex -3.1871199487434483 -3.852566213878947 3
    endloop
  endfacet
  facet normal 0.9510565162951536 0.30901699437494723 0
    outer loop
      vertex -4.648882429441257 -1.8406227634233894 0
      vertex -4.842915805643155 -1.2434494358242743 0
      vertex -4.842915805643155 -1.2434494358242743 3
    endloop
  endfacet
  facet normal 0.9822872507286885 0.18738131458572513 0
    outer loop
      vertex -4.842915805643155 -1.2434494358242743 0
      vertex -4.9605735065723895 -0.6266661678215203 0
      vertex -4.9605735065723895 -0.6266661678215203 3
    endloop
  endfacet
  facet normal 0.9980267284282717 0.06279051952931294 0
    outer loop
      vertex -4.9605735065723895 -0.6266661678215203 0
      vertex -5 0 0
      vertex -5 0 3
    endloop
  endfacet
  facet normal 0.7705132427757889 0.6374239897486902 0
    outer loop
      vertex -4.045084971874737 -2.938926261462366 0
      vertex -4.045084971874737 -2.938926261462366 3
      vertex -3.6448431371070584 -3.4227355296434423 0
    endloop
  endfacet
  facet normal 0.8443279255020154 0.535826794978996 0
    outer loop
      vertex -4.045084971874737 -2.938926261462366 0
      vertex -4.381533400219317 -2.408768370508577 0
      vertex -4.381533400219317 -2.408768370508577 3
    endloop
  endfacet
  facet normal 0.9048270524660195 0.42577929156507305 0
    outer loop
      vertex -4.381533400219317 -2.408768370508577 0
      vertex -4.648882429441257 -1.8406227634233894 0
      vertex -4.648882429441257 -1.8406227634233894 3
    endloop
  endfacet
  facet normal 0.5877852522924722 0.8090169943749481 0
    outer loop
      vertex -3.1871199487434483 -3.852566213878947 0
      vertex -2.6791339748949836 -4.221639627510075 3
      vertex -2.6791339748949836 -4.221639627510075 0
    endloop
  endfacet
  facet normal 0.4817536741017159 0.8763066800438633 0
    outer loop
      vertex -2.6791339748949836 -4.221639627510075 0
      vertex -2.128896457825362 -4.524135262330098 3
      vertex -2.128896457825362 -4.524135262330098 0
    endloop
  endfacet
  facet normal 0.3681245526846768 0.9297764858882519 0
    outer loop
      vertex -2.128896457825362 -4.524135262330098 0
      vertex -1.545084971874737 -4.755282581475767 3
      vertex -1.545084971874737 -4.755282581475767 0
    endloop
  endfacet
  facet normal 0.24868988716485582 0.968583161128631 0
    outer loop
      vertex -1.545084971874737 -4.755282581475767 0
      vertex -0.9369065729286241 -4.911436253643443 3
      vertex -0.9369065729286241 -4.911436253643443 0
    endloop
  endfacet
  facet normal 0.12533323356430498 0.9921147013144778 0
    outer loop
      vertex -0.9369065729286241 -4.911436253643443 0
      vertex -0.3139525976465688 -4.990133642141358 3
      vertex -0.3139525976465688 -4.990133642141358 0
    endloop
  endfacet
  facet normal 0.7705132427757889 0.6374239897486902 0
    outer loop
      vertex -3.6448431371070584 -3.4227355296434423 0
      vertex -4.045084971874737 -2.938926261462366 3
      vertex -3.6448431371070584 -3.4227355296434423 3
    endloop
  endfacet
  facet normal 0.6845471059286894 0.7289686274214109 0
    outer loop
      vertex -3.6448431371070584 -3.4227355296434423 0
      vertex -3.6448431371070584 -3.4227355296434423 3
      vertex -3.1871199487434483 -3.852566213878947 3
    endloop
  endfacet
  facet normal 0.9510565162951536 0.30901699437494723 0
    outer loop
      vertex -4.648882429441257 -1.8406227634233894 0
      vertex -4.842915805643155 -1.2434494358242743 3
      vertex -4.648882429441257 -1.8406227634233894 3
    endloop
  endfacet
  facet normal 0.9822872507286885 0.18738131458572513 0
    outer loop
      vertex -4.842915805643155 -1.2434494358242743 0
      vertex -4.9605735065723895 -0.6266661678215203 3
      vertex -4.842915805643155 -1.2434494358242743 3
    endloop
  endfacet
  facet normal 0.9980267284282717 0.06279051952931294 0
    outer loop
      vertex -4.9605735065723895 -0.6266661678215203 0
      vertex -5 0 3
      vertex -4.9605735065723895 -0.6266661678215203 3
    endloop
  endfacet
  facet normal 0.8443279255020154 0.535826794978996 0
    outer loop
      vertex -4.045084971874737 -2.938926261462366 0
      vertex -4.381533400219317 -2.408768370508577 3
      vertex -4.045084971874737 -2.938926261462366 3
    endloop
  endfacet
  facet normal 0.9048270524660195 0.42577929156507305 0
    outer loop
      vertex -4.381533400219317 -2.408768370508577 0
      vertex -4.648882429441257 -1.8406227634233894 3
      vertex -4.381533400219317 -2.408768370508577 3
    endloop
  endfacet
  facet normal 0.5877852522924722 0.8090169943749481 0
    outer loop
      vertex -3.1871199487434483 -3.852566213878947 0
      vertex -3.1871199487434483 -3.852566213878947 3
      vertex -2.6791339748949836 -4.221639627510075 3
    endloop
  endfacet
  facet normal 0.4817536741017159 0.8763066800438633 0
    outer loop
      vertex -2.6791339748949836 -4.221639627510075 0
      vertex -2.6791339748949836 -4.221639627510075 3
      vertex -2.128896457825362 -4.524135262330098 3
    endloop
  endfacet
  facet normal 0.3681245526846768 0.9297764858882519 0
    outer loop
      vertex -2.128896457825362 -4.524135262330098 0
      vertex -2.128896457825362 -4.524135262330098 3
      vertex -1.545084971874737 -4.755282581475767 3
    endloop
  endfacet
  facet normal 0.24868988716485582 0.968583161128631 0
    outer loop
      vertex -1.545084971874737 -4.755282581475767 0
      vertex -1.545084971874737 -4.755282581475767 3
      vertex -0.9369065729286241 -4.911436253643443 3
    endloop
  endfacet
  facet normal 0.12533323356430498 0.9921147013144778 0
    outer loop
      vertex -0.9369065729286241 -4.911436253643443 0
      vertex -0.9369065729286241 -4.911436253643443 3
      vertex -0.3139525976465688 -4.990133642141358 3
    endloop
  endfacet
  facet normal 0 1 0
    outer loop
      vertex -0.3139525976465688 -4.990133642141358 0
      vertex -0.3139525976465688 -4.990133642141358 3
      vertex 0.3139525976465688 -4.990133642141358 3
    endloop
  endfacet
  facet normal 0 0 1
    outer loop
      vertex -4.9605735065723895 -0.6266661678215203 0
      vertex -4.9605735065723895 0.6266661678215203 0
      vertex -5 0 0
    endloop
  endfacet
  facet normal 0 0 1
    outer loop
      vertex -4.9605735065723895 -0.6266661678215203 0
      vertex -4.842915805643155 1.2434494358242743 0
      vertex -4.9605735065723895 0.6266661678215203 0
    endloop
  endfacet
  facet normal 0 0 1
    outer loop
      vertex -4.842915805643155 -1.2434494358242743 0
      vertex -4.648882429441257 1.8406227634233894 0
      vertex -4.842915805643155 1.2434494358242743 0
    endloop
  endfacet
  facet normal 0 0 1
    outer loop
      vertex -4.648882429441257 -1.8406227634233894 0
      vertex -4.381533400219317 2.408768370508577 0
      vertex -4.648882429441257 1.8406227634233894 0
    endloop
  endfacet
  facet normal 0 0 1
    outer loop
      vertex -4.381533400219317 -2.408768370508577 0
      vertex -4.045084971874737 2.938926261462366 0
      vertex -4.381533400219317 2.408768370508577 0
    endloop
  endfacet
  facet normal 0 0 1
    outer loop
      vertex -4.045084971874737 -2.938926261462366 0
      vertex -3.6448431371070584 3.4227355296434423 0
      vertex -4.045084971874737 2.938926261462366 0
    endloop
  endfacet
  facet normal 0 0 1
    outer loop
      vertex -3.6448431371070584 -3.4227355296434423 0
      vertex -3.6 0 0
      vertex -3.6448431371070584 3.4227355296434423 0
    endloop
  endfacet
  facet normal 0 0 1
    outer loop
      vertex -3.6 0 0
      vertex -3.57161292473212 0.45119964083149466 0
      vertex -3.6448431371070584 3.4227355296434423 0
    endloop
  endfacet
  facet normal 0 0 1
    outer loop
      vertex -3.57161292473212 0.45119964083149466 0
      vertex -3.486899380063072 0.8952835937934774 0
      vertex -3.6448431371070584 3.4227355296434423 0
    endloop
  endfacet
  facet normal 0 0 1
    outer loop
      vertex -3.486899380063072 0.8952835937934774 0
      vertex -3.347195349197705 1.3252483896648404 0
      vertex -3.6448431371070584 3.4227355296434423 0
    endloop
  endfacet
  facet normal 0 0 1
    outer loop
      vertex -3.347195349197705 1.3252483896648404 0
      vertex -3.1547040481579085 1.7343132267661754 0
      vertex -3.6448431371070584 3.4227355296434423 0
    endloop
  endfacet
  facet normal 0 0 1
    outer loop
      vertex -3.1547040481579085 1.7343132267661754 0
      vertex -3.1871199487434483 3.852566213878947 0
      vertex -3.6448431371070584 3.4227355296434423 0
    endloop
  endfacet
  facet normal 0 0 1
    outer loop
      vertex -3.1547040481579085 1.7343132267661754 0
      vertex -2.912461179749811 2.1160269082529033 0
      vertex -3.1871199487434483 3.852566213878947 0
    endloop
  endfacet
  facet normal 0 0 1
    outer loop
      vertex -2.912461179749811 2.1160269082529033 0
      vertex -2.624287058717082 2.464369581343279 0
      vertex -3.1871199487434483 3.852566213878947 0
    endloop
  endfacet
  facet normal 0 0 1
    outer loop
      vertex -2.624287058717082 2.464369581343279 0
      vertex -2.6791339748949836 4.221639627510075 0
      vertex -3.1871199487434483 3.852566213878947 0
    endloop
  endfacet
  facet normal 0 0 1
    outer loop
      vertex -2.624287058717082 2.464369581343279 0
      vertex -2.2947263630952826 2.773847673992842 0
      vertex -2.6791339748949836 4.221639627510075 0
    endloop
  endfacet
  facet normal 0 0 1
    outer loop
      vertex -2.6791339748949836 4.221639627510075 0
      vertex -2.2947263630952826 2.773847673992842 0
      vertex -1.9289764619243883 3.0395805318072537 0
    endloop
  endfacet
  facet normal 0 0 1
    outer loop
      vertex -1.9289764619243883 3.0395805318072537 0
      vertex -1.5328054496342618 3.25737738887767 0
      vertex -2.1288964578253635 4.524135262330097 0
    endloop
  endfacet
  facet normal 0 0 1
    outer loop
      vertex -2.6791339748949836 4.221639627510075 0
      vertex -1.9289764619243883 3.0395805318072537 0
      vertex -2.1288964578253635 4.524135262330097 0
    endloop
  endfacet
  facet normal 0 0 1
    outer loop
      vertex -1.5328054496342618 3.25737738887767 0
      vertex -1.545084971874737 4.755282581475767 0
      vertex -2.1288964578253635 4.524135262330097 0
    endloop
  endfacet
  facet normal 0 0 1
    outer loop
      vertex -1.5328054496342618 3.25737738887767 0
      vertex -1.1124611797498107 3.4238034586625528 0
      vertex -1.545084971874737 4.755282581475767 0
    endloop
  endfacet
  facet normal 0 0 1
    outer loop
      vertex -1.545084971874737 4.755282581475767 0
      vertex -1.1124611797498107 3.4238034586625528 0
      vertex -0.6745727325086085 3.5362341026232795 0
    endloop
  endfacet
  facet normal 0 0 1
    outer loop
      vertex -1.545084971874737 4.755282581475767 0
      vertex -0.6745727325086085 3.5362341026232795 0
      vertex -0.9369065729286229 4.911436253643443 0
    endloop
  endfacet
  facet normal 0 0 1
    outer loop
      vertex -0.6745727325086085 3.5362341026232795 0
      vertex -0.2260458703055278 3.5928962223417775 0
      vertex -0.9369065729286229 4.911436253643443 0
    endloop
  endfacet
  facet normal 0 0 1
    outer loop
      vertex -0.2260458703055278 3.5928962223417775 0
      vertex -0.31395259764656636 4.990133642141358 0
      vertex -0.9369065729286229 4.911436253643443 0
    endloop
  endfacet
  facet normal 0 0 1
    outer loop
      vertex -0.2260458703055278 3.5928962223417775 0
      vertex 0.2260458703055278 3.5928962223417775 0
      vertex -0.31395259764656636 4.990133642141358 0
    endloop
  endfacet
  facet normal 0.9980267284282717 -0.06279051952931294 0
    outer loop
      vertex -5 0 0
      vertex -4.9605735065723895 0.6266661678215203 0
      vertex -4.9605735065723895 0.6266661678215203 3
    endloop
  endfacet
  facet normal 0.9822872507286885 -0.18738131458572513 0
    outer loop
      vertex -4.9605735065723895 0.6266661678215203 0
      vertex -4.842915805643155 1.2434494358242743 0
      vertex -4.842915805643155 1.2434494358242743 3
    endloop
  endfacet
  facet normal 0.9510565162951536 -0.30901699437494723 0
    outer loop
      vertex -4.842915805643155 1.2434494358242743 0
      vertex -4.648882429441257 1.8406227634233894 0
      vertex -4.648882429441257 1.8406227634233894 3
    endloop
  endfacet
  facet normal 0.9048270524660195 -0.42577929156507305 0
    outer loop
      vertex -4.648882429441257 1.8406227634233894 0
      vertex -4.381533400219317 2.408768370508577 0
      vertex -4.381533400219317 2.408768370508577 3
    endloop
  endfacet
  facet normal 0.8443279255020154 -0.535826794978996 0
    outer loop
      vertex -4.381533400219317 2.408768370508577 0
      vertex -4.045084971874737 2.938926261462366 0
      vertex -4.045084971874737 2.938926261462366 3
    endloop
  endfacet
  facet normal 0.7705132427757889 -0.6374239897486902 0
    outer loop
      vertex -4.045084971874737 2.938926261462366 0
      vertex -3.6448431371070584 3.4227355296434423 0
      vertex -3.6448431371070584 3.4227355296434423 3
    endloop
  endfacet
  facet normal 0.6845471059286894 -0.7289686274214109 0
    outer loop
      vertex -3.6448431371070584 3.4227355296434423 0
      vertex -3.1871199487434483 3.852566213878947 0
      vertex -3.6448431371070584 3.4227355296434423 3
    endloop
  endfacet
  facet normal 0.5877852522924722 -0.8090169943749481 0
    outer loop
      vertex -3.1871199487434483 3.852566213878947 0
      vertex -2.6791339748949836 4.221639627510075 0
      vertex -3.1871199487434483 3.852566213878947 3
    endloop
  endfacet
  facet normal 0.48175367410171566 -0.8763066800438633 0
    outer loop
      vertex -2.6791339748949836 4.221639627510075 0
      vertex -2.1288964578253635 4.524135262330097 0
      vertex -2.6791339748949836 4.221639627510075 3
    endloop
  endfacet
  facet normal 0.3681245526846773 -0.9297764858882517 0
    outer loop
      vertex -2.1288964578253635 4.524135262330097 0
      vertex -1.545084971874737 4.755282581475767 0
      vertex -2.1288964578253635 4.524135262330097 3
    endloop
  endfacet
  facet normal 0.24868988716485532 -0.968583161128631 0
    outer loop
      vertex -1.545084971874737 4.755282581475767 0
      vertex -0.9369065729286229 4.911436253643443 0
      vertex -1.545084971874737 4.755282581475767 3
    endloop
  endfacet
  facet normal 0.12533323356430473 -0.9921147013144778 0
    outer loop
      vertex -0.9369065729286229 4.911436253643443 0
      vertex -0.31395259764656636 4.990133642141358 0
      vertex -0.9369065729286229 4.911436253643443 3
    endloop
  endfacet
  facet normal 0 -1 0
    outer loop
      vertex -0.31395259764656636 4.990133642141358 0
      vertex 0.31395259764656636 4.990133642141358 0
      vertex -0.3139525976465646 4.990133642141358 3
    endloop
  endfacet
  facet normal 0.9980267284282717 -0.06279051952931294 0
    outer loop
      vertex -5 0 0
      vertex -4.9605735065723895 0.6266661678215203 3
      vertex -5 0 3
    endloop
  endfacet
  facet normal 0.9822872507286885 -0.18738131458572513 0
    outer loop
      vertex -4.9605735065723895 0.6266661678215203 0
      vertex -4.842915805643155 1.2434494358242743 3
      vertex -4.9605735065723895 0.6266661678215203 3
    endloop
  endfacet
  facet normal 0.9510565162951536 -0.30901699437494723 0
    outer loop
      vertex -4.842915805643155 1.2434494358242743 0
      vertex -4.648882429441257 1.8406227634233894 3
      vertex -4.842915805643155 1.2434494358242743 3
    endloop
  endfacet
  facet normal 0.9048270524660195 -0.42577929156507305 0
    outer loop
      vertex -4.648882429441257 1.8406227634233894 0
      vertex -4.381533400219317 2.408768370508577 3
      vertex -4.648882429441257 1.8406227634233894 3
    endloop
  endfacet
  facet normal 0.8443279255020154 -0.535826794978996 0
    outer loop
      vertex -4.381533400219317 2.408768370508577 0
      vertex -4.045084971874737 2.938926261462366 3
      vertex -4.381533400219317 2.408768370508577 3
    endloop
  endfacet
  facet normal 0.7705132427757889 -0.6374239897486902 0
    outer loop
      vertex -4.045084971874737 2.938926261462366 0
      vertex -3.6448431371070584 3.4227355296434423 3
      vertex -4.045084971874737 2.938926261462366 3
    endloop
  endfacet
  facet normal 0.6845471059286894 -0.7289686274214109 0
    outer loop
      vertex -3.1871199487434483 3.852566213878947 0
      vertex -3.1871199487434483 3.852566213878947 3
      vertex -3.6448431371070584 3.4227355296434423 3
    endloop
  endfacet
  facet normal 0.5877852522924722 -0.8090169943749481 0
    outer loop
      vertex -2.6791339748949836 4.221639627510075 0
      vertex -2.6791339748949836 4.221639627510075 3
      vertex -3.1871199487434483 3.852566213878947 3
    endloop
  endfacet
  facet normal 0.48175367410171566 -0.8763066800438633 0
    outer loop
      vertex -2.1288964578253635 4.524135262330097 0
      vertex -2.1288964578253635 4.524135262330097 3
      vertex -2.6791339748949836 4.221639627510075 3
    endloop
  endfacet
  facet normal 0.3681245526846773 -0.9297764858882517 0
    outer loop
      vertex -1.545084971874737 4.755282581475767 0
      vertex -1.545084971874737 4.755282581475767 3
      vertex -2.1288964578253635 4.524135262330097 3
    endloop
  endfacet
  facet normal 0.24868988716485532 -0.968583161128631 0
    outer loop
      vertex -0.9369065729286229 4.911436253643443 0
      vertex -0.9369065729286229 4.911436253643443 3
      vertex -1.545084971874737 4.755282581475767 3
    endloop
  endfacet
  facet normal 0.12533323356430437 -0.9921147013144779 -7.421218221536703e-17
    outer loop
      vertex -0.31395259764656636 4.990133642141358 0
      vertex -0.3139525976465646 4.990133642141358 3
      vertex -0.9369065729286229 4.911436253643443 3
    endloop
  endfacet
  facet normal 0 0 1
    outer loop
      vertex -0.3139525976465688 -4.990133642141358 0
      vertex 0.3139525976465688 -4.990133642141358 0
      vertex 0.22604587030552956 -3.5928962223417775 0
    endloop
  endfacet
  facet normal 0 0 1
    outer loop
      vertex 0.3139525976465688 -4.990133642141358 0
      vertex 0.9369065729286241 -4.911436253643443 0
      vertex 0.22604587030552956 -3.5928962223417775 0
    endloop
  endfacet
  facet normal 0 0 1
    outer loop
      vertex 0.9369065729286241 -4.911436253643443 0
      vertex 0.6745727325086094 -3.536234102623279 0
      vertex 0.22604587030552956 -3.5928962223417775 0
    endloop
  endfacet
  facet normal 0 0 1
    outer loop
      vertex 0.9369065729286241 -4.911436253643443 0
      vertex 1.545084971874737 -4.755282581475767 0
      vertex 0.6745727325086094 -3.536234102623279 0
    endloop
  endfacet
  facet normal 0 0 1
    outer loop
      vertex 0.6745727325086094 -3.536234102623279 0
      vertex 1.545084971874737 -4.755282581475767 0
      vertex 1.1124611797498107 -3.4238034586625528 0
    endloop
  endfacet
  facet normal 0 0 1
    outer loop
      vertex 1.1124611797498107 -3.4238034586625528 0
      vertex 1.545084971874737 -4.755282581475767 0
      vertex 1.532805449634261 -3.2573773888776705 0
    endloop
  endfacet
  facet normal 0 0 1
    outer loop
      vertex 1.545084971874737 -4.755282581475767 0
      vertex 2.128896457825362 -4.524135262330098 0
      vertex 1.532805449634261 -3.2573773888776705 0
    endloop
  endfacet
  facet normal 0 0 1
    outer loop
      vertex 2.128896457825362 -4.524135262330098 0
      vertex 2.679133974894981 -4.2216396275100765 0
      vertex 1.9289764619243863 -3.039580531807255 0
    endloop
  endfacet
  facet normal 0 0 1
    outer loop
      vertex 2.128896457825362 -4.524135262330098 0
      vertex 1.9289764619243863 -3.039580531807255 0
      vertex 1.532805449634261 -3.2573773888776705 0
    endloop
  endfacet
  facet normal 0 0 1
    outer loop
      vertex 1.9289764619243863 -3.039580531807255 0
      vertex 2.679133974894981 -4.2216396275100765 0
      vertex 2.294726363095284 -2.7738476739928406 0
    endloop
  endfacet
  facet normal 0 0 1
    outer loop
      vertex 2.294726363095284 -2.7738476739928406 0
      vertex 2.679133974894981 -4.2216396275100765 0
      vertex 2.624287058717082 -2.464369581343279 0
    endloop
  endfacet
  facet normal 0 0 1
    outer loop
      vertex 2.679133974894981 -4.2216396275100765 0
      vertex 3.18711994874345 -3.852566213878945 0
      vertex 2.624287058717082 -2.464369581343279 0
    endloop
  endfacet
  facet normal 0 0 1
    outer loop
      vertex 3.18711994874345 -3.852566213878945 0
      vertex 2.912461179749811 -2.1160269082529033 0
      vertex 2.624287058717082 -2.464369581343279 0
    endloop
  endfacet
  facet normal 0 0 1
    outer loop
      vertex 3.18711994874345 -3.852566213878945 0
      vertex 3.1547040481579085 -1.7343132267661754 0
      vertex 2.912461179749811 -2.1160269082529033 0
    endloop
  endfacet
  facet normal 0 0 1
    outer loop
      vertex 3.18711994874345 -3.852566213878945 0
      vertex 3.6448431371070584 -3.4227355296434423 0
      vertex 3.1547040481579085 -1.7343132267661754 0
    endloop
  endfacet
  facet normal 0 0 1
    outer loop
      vertex 3.6448431371070584 -3.4227355296434423 0
      vertex 3.3471953491977047 -1.3252483896648422 0
      vertex 3.1547040481579085 -1.7343132267661754 0
    endloop
  endfacet
  facet normal 0 0 1
    outer loop
      vertex 3.6448431371070584 -3.4227355296434423 0
      vertex 3.4868993800630723 -0.895283593793476 0
      vertex 3.3471953491977047 -1.3252483896648422 0
    endloop
  endfacet
  facet normal 0 0 1
    outer loop
      vertex 3.6448431371070584 -3.4227355296434423 0
      vertex 3.57161292473212 -0.45119964083149466 0
      vertex 3.4868993800630723 -0.895283593793476 0
    endloop
  endfacet
  facet normal 0 0 1
    outer loop
      vertex 3.6448431371070584 -3.4227355296434423 0
      vertex 3.6 0 0
      vertex 3.57161292473212 -0.45119964083149466 0
    endloop
  endfacet
  facet normal 0 0 1
    outer loop
      vertex 3.6448431371070584 -3.4227355296434423 0
      vertex 4.045084971874737 -2.938926261462366 0
      vertex 4.045084971874737 2.938926261462366 0
    endloop
  endfacet
  facet normal 0 0 1
    outer loop
      vertex 4.045084971874737 -2.938926261462366 0
      vertex 4.381533400219317 -2.408768370508577 0
      vertex 4.381533400219318 2.4087683705085765 0
    endloop
  endfacet
  facet normal 0 0 1
    outer loop
      vertex 4.381533400219317 -2.408768370508577 0
      vertex 4.648882429441256 -1.8406227634233918 0
      vertex 4.648882429441256 1.8406227634233898 0
    endloop
  endfacet
  facet normal 0 0 1
    outer loop
      vertex 4.648882429441256 -1.8406227634233918 0
      vertex 4.842915805643156 -1.2434494358242723 0
      vertex 4.842915805643155 1.243449435824274 0
    endloop
  endfacet
  facet normal 0 0 1
    outer loop
      vertex 4.842915805643156 -1.2434494358242723 0
      vertex 4.9605735065723895 -0.6266661678215203 0
      vertex 4.9605735065723895 0.6266661678215213 0
    endloop
  endfacet
  facet normal 0 1 0
    outer loop
      vertex -0.3139525976465688 -4.990133642141358 0
      vertex 0.3139525976465688 -4.990133642141358 3
      vertex 0.3139525976465688 -4.990133642141358 0
    endloop
  endfacet
  facet normal -0.12533323356430498 0.9921147013144778 0
    outer loop
      vertex 0.3139525976465688 -4.990133642141358 0
      vertex 0.9369065729286241 -4.911436253643443 3
      vertex 0.9369065729286241 -4.911436253643443 0
    endloop
  endfacet
  facet normal -0.24868988716485582 0.968583161128631 0
    outer loop
      vertex 0.9369065729286241 -4.911436253643443 0
      vertex 1.545084971874737 -4.755282581475767 3
      vertex 1.545084971874737 -4.755282581475767 0
    endloop
  endfacet
  facet normal -0.3681245526846768 0.9297764858882519 0
    outer loop
      vertex 1.545084971874737 -4.755282581475767 0
      vertex 2.128896457825362 -4.524135262330098 3
      vertex 2.128896457825362 -4.524135262330098 0
    endloop
  endfacet
  facet normal -0.4817536741017155 0.8763066800438635 0
    outer loop
      vertex 2.128896457825362 -4.524135262330098 0
      vertex 2.679133974894981 -4.2216396275100765 3
      vertex 2.679133974894981 -4.2216396275100765 0
    endloop
  endfacet
  facet normal -0.5877852522924726 0.8090169943749479 0
    outer loop
      vertex 2.679133974894981 -4.2216396275100765 0
      vertex 3.18711994874345 -3.852566213878945 3
      vertex 3.18711994874345 -3.852566213878945 0
    endloop
  endfacet
  facet normal -0.6845471059286893 0.728968627421411 0
    outer loop
      vertex 3.18711994874345 -3.852566213878945 0
      vertex 3.6448431371070584 -3.4227355296434423 3
      vertex 3.6448431371070584 -3.4227355296434423 0
    endloop
  endfacet
  facet normal -0.7705132427757889 0.6374239897486902 0
    outer loop
      vertex 3.6448431371070584 -3.4227355296434423 0
      vertex 3.6448431371070584 -3.4227355296434423 3
      vertex 4.045084971874737 -2.938926261462366 0
    endloop
  endfacet
  facet normal -0.8443279255020154 0.535826794978996 0
    outer loop
      vertex 4.045084971874737 -2.938926261462366 0
      vertex 4.045084971874737 -2.938926261462366 3
      vertex 4.381533400219317 -2.408768370508577 0
    endloop
  endfacet
  facet normal -0.9048270524660191 0.4257792915650733 0
    outer loop
      vertex 4.381533400219317 -2.408768370508577 0
      vertex 4.381533400219317 -2.408768370508577 3
      vertex 4.648882429441256 -1.8406227634233918 0
    endloop
  endfacet
  facet normal -0.9510565162951534 0.3090169943749477 0
    outer loop
      vertex 4.648882429441256 -1.8406227634233918 0
      vertex 4.648882429441256 -1.8406227634233918 3
      vertex 4.842915805643156 -1.2434494358242723 0
    endloop
  endfacet
  facet normal -0.9822872507286887 0.18738131458572432 0
    outer loop
      vertex 4.842915805643156 -1.2434494358242723 0
      vertex 4.842915805643156 -1.2434494358242723 3
      vertex 4.9605735065723895 -0.6266661678215203 0
    endloop
  endfacet
  facet normal -0.9980267284282717 0.06279051952931294 0
    outer loop
      vertex 4.9605735065723895 -0.6266661678215203 0
      vertex 4.9605735065723895 -0.6266661678215203 3
      vertex 5 0 0
    endloop
  endfacet
  facet normal -0.12533323356430498 0.9921147013144778 0
    outer loop
      vertex 0.3139525976465688 -4.990133642141358 0
      vertex 0.3139525976465688 -4.990133642141358 3
      vertex 0.9369065729286241 -4.911436253643443 3
    endloop
  endfacet
  facet normal -0.24868988716485582 0.968583161128631 0
    outer loop
      vertex 0.9369065729286241 -4.911436253643443 0
      vertex 0.9369065729286241 -4.911436253643443 3
      vertex 1.545084971874737 -4.755282581475767 3
    endloop
  endfacet
  facet normal -0.3681245526846768 0.9297764858882519 0
    outer loop
      vertex 1.545084971874737 -4.755282581475767 0
      vertex 1.545084971874737 -4.755282581475767 3
      vertex 2.128896457825362 -4.524135262330098 3
    endloop
  endfacet
  facet normal -0.4817536741017155 0.8763066800438635 0
    outer loop
      vertex 2.128896457825362 -4.524135262330098 0
      vertex 2.128896457825362 -4.524135262330098 3
      vertex 2.679133974894981 -4.2216396275100765 3
    endloop
  endfacet
  facet normal -0.5877852522924726 0.8090169943749479 0
    outer loop
      vertex 2.679133974894981 -4.2216396275100765 0
      vertex 2.679133974894981 -4.2216396275100765 3
      vertex 3.18711994874345 -3.852566213878945 3
    endloop
  endfacet
  facet normal -0.6845471059286893 0.728968627421411 0
    outer loop
      vertex 3.18711994874345 -3.852566213878945 0
      vertex 3.18711994874345 -3.852566213878945 3
      vertex 3.6448431371070584 -3.4227355296434423 3
    endloop
  endfacet
  facet normal -0.7705132427757889 0.6374239897486902 0
    outer loop
      vertex 4.045084971874737 -2.938926261462366 0
      vertex 3.6448431371070584 -3.4227355296434423 3
      vertex 4.045084971874737 -2.938926261462366 3
    endloop
  endfacet
  facet normal -0.8443279255020154 0.535826794978996 0
    outer loop
      vertex 4.381533400219317 -2.408768370508577 0
      vertex 4.045084971874737 -2.938926261462366 3
      vertex 4.381533400219317 -2.408768370508577 3
    endloop
  endfacet
  facet normal -0.9048270524660191 0.4257792915650733 0
    outer loop
      vertex 4.648882429441256 -1.8406227634233918 0
      vertex 4.381533400219317 -2.408768370508577 3
      vertex 4.648882429441256 -1.8406227634233918 3
    endloop
  endfacet
  facet normal -0.9510565162951534 0.3090169943749477 0
    outer loop
      vertex 4.842915805643156 -1.2434494358242723 0
      vertex 4.648882429441256 -1.8406227634233918 3
      vertex 4.842915805643156 -1.2434494358242723 3
    endloop
  endfacet
  facet normal -0.9822872507286887 0.18738131458572432 0
    outer loop
      vertex 4.9605735065723895 -0.6266661678215203 0
      vertex 4.842915805643156 -1.2434494358242723 3
      vertex 4.9605735065723895 -0.6266661678215203 3
    endloop
  endfacet
  facet normal -0.9980267284282717 0.06279051952931294 0
    outer loop
      vertex 5 0 0
      vertex 4.9605735065723895 -0.6266661678215203 3
      vertex 5 0 3
    endloop
  endfacet
  facet normal 0 0 1
    outer loop
      vertex 2.912461179749811 2.1160269082529033 0
      vertex 3.154704048157909 1.7343132267661752 0
      vertex 3.1871199487434487 3.8525662138789456 0
    endloop
  endfacet
  facet normal 0 0 1
    outer loop
      vertex 2.6242870587170817 2.4643695813432793 0
      vertex 2.912461179749811 2.1160269082529033 0
      vertex 2.679133974894983 4.221639627510076 0
    endloop
  endfacet
  facet normal 0 0 1
    outer loop
      vertex -0.31395259764656636 4.990133642141358 0
      vertex 0.2260458703055278 3.5928962223417775 0
      vertex 0.31395259764656636 4.990133642141358 0
    endloop
  endfacet
  facet normal 0 0 1
    outer loop
      vertex 0.2260458703055278 3.5928962223417775 0
      vertex 0.6745727325086085 3.5362341026232795 0
      vertex 0.31395259764656636 4.990133642141358 0
    endloop
  endfacet
  facet normal 0 0 1
    outer loop
      vertex 0.6745727325086085 3.5362341026232795 0
      vertex 0.9369065729286229 4.911436253643443 0
      vertex 0.31395259764656636 4.990133642141358 0
    endloop
  endfacet
  facet normal 0 0 1
    outer loop
      vertex 1.1124611797498107 3.4238034586625528 0
      vertex 1.5328054496342618 3.25737738887767 0
      vertex 1.545084971874737 4.755282581475767 0
    endloop
  endfacet
  facet normal 0 0 1
    outer loop
      vertex 0.6745727325086085 3.5362341026232795 0
      vertex 1.1124611797498107 3.4238034586625528 0
      vertex 0.9369065729286229 4.911436253643443 0
    endloop
  endfacet
  facet normal 0 0 1
    outer loop
      vertex 1.1124611797498107 3.4238034586625528 0
      vertex 1.545084971874737 4.755282581475767 0
      vertex 0.9369065729286229 4.911436253643443 0
    endloop
  endfacet
  facet normal 0 0 1
    outer loop
      vertex 1.5328054496342618 3.25737738887767 0
      vertex 1.928976461924388 3.039580531807254 0
      vertex 1.545084971874737 4.755282581475767 0
    endloop
  endfacet
  facet normal 0 0 1
    outer loop
      vertex 1.928976461924388 3.039580531807254 0
      vertex 2.294726363095283 2.773847673992841 0
      vertex 2.1288964578253635 4.524135262330097 0
    endloop
  endfacet
  facet normal 0 0 1
    outer loop
      vertex 1.928976461924388 3.039580531807254 0
      vertex 2.1288964578253635 4.524135262330097 0
      vertex 1.545084971874737 4.755282581475767 0
    endloop
  endfacet
  facet normal 0 0 1
    outer loop
      vertex 2.294726363095283 2.773847673992841 0
      vertex 2.6242870587170817 2.4643695813432793 0
      vertex 2.679133974894983 4.221639627510076 0
    endloop
  endfacet
  facet normal 0 0 1
    outer loop
      vertex 2.294726363095283 2.773847673992841 0
      vertex 2.679133974894983 4.221639627510076 0
      vertex 2.1288964578253635 4.524135262330097 0
    endloop
  endfacet
  facet normal 0 0 1
    outer loop
      vertex 2.912461179749811 2.1160269082529033 0
      vertex 3.1871199487434487 3.8525662138789456 0
      vertex 2.679133974894983 4.221639627510076 0
    endloop
  endfacet
  facet normal 0 0 1
    outer loop
      vertex 3.6448431371070584 -3.4227355296434423 0
      vertex 3.644843137107058 3.4227355296434436 0
      vertex 3.6 0 0
    endloop
  endfacet
  facet normal 0 0 1
    outer loop
      vertex 3.6448431371070584 -3.4227355296434423 0
      vertex 4.045084971874737 2.938926261462366 0
      vertex 3.644843137107058 3.4227355296434436 0
    endloop
  endfacet
  facet normal 0 0 1
    outer loop
      vertex 3.6 0 0
      vertex 3.644843137107058 3.4227355296434436 0
      vertex 3.57161292473212 0.45119964083149533 0
    endloop
  endfacet
  facet normal 0 0 1
    outer loop
      vertex 4.381533400219317 -2.408768370508577 0
      vertex 4.648882429441256 1.8406227634233898 0
      vertex 4.381533400219318 2.4087683705085765 0
    endloop
  endfacet
  facet normal 0 0 1
    outer loop
      vertex 4.045084971874737 -2.938926261462366 0
      vertex 4.381533400219318 2.4087683705085765 0
      vertex 4.045084971874737 2.938926261462366 0
    endloop
  endfacet
  facet normal 0 0 1
    outer loop
      vertex 3.486899380063072 0.8952835937934773 0
      vertex 3.644843137107058 3.4227355296434436 0
      vertex 3.347195349197705 1.3252483896648408 0
    endloop
  endfacet
  facet normal 0 0 1
    outer loop
      vertex 3.347195349197705 1.3252483896648408 0
      vertex 3.1871199487434487 3.8525662138789456 0
      vertex 3.154704048157909 1.7343132267661752 0
    endloop
  endfacet
  facet normal 0 0 1
    outer loop
      vertex 3.57161292473212 0.45119964083149533 0
      vertex 3.644843137107058 3.4227355296434436 0
      vertex 3.486899380063072 0.8952835937934773 0
    endloop
  endfacet
  facet normal 0 0 1
    outer loop
      vertex 3.347195349197705 1.3252483896648408 0
      vertex 3.644843137107058 3.4227355296434436 0
      vertex 3.1871199487434487 3.8525662138789456 0
    endloop
  endfacet
  facet normal 0 0 1
    outer loop
      vertex 4.842915805643156 -1.2434494358242723 0
      vertex 4.9605735065723895 0.6266661678215213 0
      vertex 4.842915805643155 1.243449435824274 0
    endloop
  endfacet
  facet normal 0 0 1
    outer loop
      vertex 4.9605735065723895 -0.6266661678215203 0
      vertex 5 0 0
      vertex 4.9605735065723895 0.6266661678215213 0
    endloop
  endfacet
  facet normal 0 0 1
    outer loop
      vertex 4.648882429441256 -1.8406227634233918 0
      vertex 4.842915805643155 1.243449435824274 0
      vertex 4.648882429441256 1.8406227634233898 0
    endloop
  endfacet
  facet normal -0.12533323356430473 -0.9921147013144778 0
    outer loop
      vertex 0.31395259764656636 4.990133642141358 0
      vertex 0.9369065729286229 4.911436253643443 0
      vertex 0.31395259764656636 4.990133642141358 3
    endloop
  endfacet
  facet normal -0.24868988716485532 -0.968583161128631 0
    outer loop
      vertex 0.9369065729286229 4.911436253643443 0
      vertex 1.545084971874737 4.755282581475767 0
      vertex 0.9369065729286229 4.911436253643443 3
    endloop
  endfacet
  facet normal -0.3681245526846773 -0.9297764858882517 0
    outer loop
      vertex 1.545084971874737 4.755282581475767 0
      vertex 2.1288964578253635 4.524135262330097 0
      vertex 1.545084971874737 4.755282581475767 3
    endloop
  endfacet
  facet normal -0.48175367410171493 -0.8763066800438638 0
    outer loop
      vertex 2.1288964578253635 4.524135262330097 0
      vertex 2.679133974894983 4.221639627510076 0
      vertex 2.1288964578253635 4.524135262330097 3
    endloop
  endfacet
  facet normal -0.5877852522924738 -0.8090169943749468 0
    outer loop
      vertex 2.679133974894983 4.221639627510076 0
      vertex 3.1871199487434487 3.8525662138789456 0
      vertex 2.679133974894983 4.221639627510076 3
    endloop
  endfacet
  facet normal -0.9048270524660202 -0.42577929156507127 0
    outer loop
      vertex 4.648882429441256 1.8406227634233898 0
      vertex 4.648882429441256 1.8406227634233898 3
      vertex 4.381533400219318 2.4087683705085765 0
    endloop
  endfacet
  facet normal -0.844327925502015 -0.5358267949789968 0
    outer loop
      vertex 4.381533400219318 2.4087683705085765 0
      vertex 4.381533400219318 2.4087683705085765 3
      vertex 4.045084971874737 2.938926261462366 0
    endloop
  endfacet
  facet normal -0.7705132427757895 -0.6374239897486895 0
    outer loop
      vertex 3.644843137107058 3.4227355296434436 0
      vertex 4.045084971874737 2.938926261462366 0
      vertex 4.045084971874737 2.938926261462366 3
    endloop
  endfacet
  facet normal -0.9980267284282716 -0.06279051952931283 0
    outer loop
      vertex 5 0 0
      vertex 5 0 3
      vertex 4.9605735065723895 0.6266661678215213 0
    endloop
  endfacet
  facet normal -0.9822872507286885 -0.18738131458572546 0
    outer loop
      vertex 4.9605735065723895 0.6266661678215213 0
      vertex 4.9605735065723895 0.6266661678215213 3
      vertex 4.842915805643155 1.243449435824274 0
    endloop
  endfacet
  facet normal -0.9510565162951534 -0.30901699437494823 0
    outer loop
      vertex 4.842915805643155 1.243449435824274 0
      vertex 4.842915805643155 1.243449435824274 3
      vertex 4.648882429441256 1.8406227634233898 0
    endloop
  endfacet
  facet normal -0.6845471059286878 -0.7289686274214123 0
    outer loop
      vertex 3.644843137107058 3.4227355296434436 0
      vertex 3.1871199487434487 3.8525662138789456 3
      vertex 3.1871199487434487 3.8525662138789456 0
    endloop
  endfacet
  facet normal 0 -1 0
    outer loop
      vertex 0.31395259764656636 4.990133642141358 0
      vertex 0.31395259764656636 4.990133642141358 3
      vertex -0.3139525976465646 4.990133642141358 3
    endloop
  endfacet
  facet normal -0.12533323356430473 -0.9921147013144778 0
    outer loop
      vertex 0.9369065729286229 4.911436253643443 0
      vertex 0.9369065729286229 4.911436253643443 3
      vertex 0.31395259764656636 4.990133642141358 3
    endloop
  endfacet
  facet normal -0.24868988716485532 -0.968583161128631 0
    outer loop
      vertex 1.545084971874737 4.755282581475767 0
      vertex 1.545084971874737 4.755282581475767 3
      vertex 0.9369065729286229 4.911436253643443 3
    endloop
  endfacet
  facet normal -0.3681245526846773 -0.9297764858882517 0
    outer loop
      vertex 2.1288964578253635 4.524135262330097 0
      vertex 2.1288964578253635 4.524135262330097 3
      vertex 1.545084971874737 4.755282581475767 3
    endloop
  endfacet
  facet normal -0.48175367410171493 -0.8763066800438638 0
    outer loop
      vertex 2.679133974894983 4.221639627510076 0
      vertex 2.679133974894983 4.221639627510076 3
      vertex 2.1288964578253635 4.524135262330097 3
    endloop
  endfacet
  facet normal -0.5877852522924738 -0.8090169943749468 0
    outer loop
      vertex 3.1871199487434487 3.8525662138789456 0
      vertex 3.1871199487434487 3.8525662138789456 3
      vertex 2.679133974894983 4.221639627510076 3
    endloop
  endfacet
  facet normal -0.9048270524660202 -0.42577929156507127 0
    outer loop
      vertex 4.381533400219318 2.4087683705085765 0
      vertex 4.648882429441256 1.8406227634233898 3
      vertex 4.381533400219318 2.4087683705085765 3
    endloop
  endfacet
  facet normal -0.844327925502015 -0.5358267949789968 0
    outer loop
      vertex 4.045084971874737 2.938926261462366 0
      vertex 4.381533400219318 2.4087683705085765 3
      vertex 4.045084971874737 2.938926261462366 3
    endloop
  endfacet
  facet normal -0.9980267284282716 -0.06279051952931283 0
    outer loop
      vertex 4.9605735065723895 0.6266661678215213 0
      vertex 5 0 3
      vertex 4.9605735065723895 0.6266661678215213 3
    endloop
  endfacet
  facet normal -0.9822872507286885 -0.18738131458572546 0
    outer loop
      vertex 4.842915805643155 1.243449435824274 0
      vertex 4.9605735065723895 0.6266661678215213 3
      vertex 4.842915805643155 1.243449435824274 3
    endloop
  endfacet
  facet normal -0.9510565162951534 -0.30901699437494823 0
    outer loop
      vertex 4.648882429441256 1.8406227634233898 0
      vertex 4.842915805643155 1.243449435824274 3
      vertex 4.648882429441256 1.8406227634233898 3
    endloop
  endfacet
  facet normal -0.6845471059286878 -0.7289686274214123 0
    outer loop
      vertex 3.644843137107058 3.4227355296434436 0
      vertex 3.644843137107058 3.4227355296434436 3
      vertex 3.1871199487434487 3.8525662138789456 3
    endloop
  endfacet
  facet normal -0.7705132427757895 -0.6374239897486895 0
    outer loop
      vertex 3.644843137107058 3.4227355296434436 0
      vertex 4.045084971874737 2.938926261462366 3
      vertex 3.644843137107058 3.4227355296434436 3
    endloop
  endfacet
  facet normal -0.8443279255020151 -0.5358267949789967 0
    outer loop
      vertex -10.112712429686843 -7.347315653655914 -1.9000000000000004
      vertex -10.953833500548294 -6.021920926271442 3
      vertex -10.953833500548294 -6.021920926271442 -1.9000000000000004
    endloop
  endfacet
  facet normal -0.7705132427757891 -0.6374239897486899 0
    outer loop
      vertex -10.112712429686843 -7.347315653655914 -1.9000000000000004
      vertex -9.112107842767646 -8.556838824108606 -1.9000000000000004
      vertex -10.112712429686843 -7.347315653655914 3
    endloop
  endfacet
  facet normal -0.5877852522924725 -0.809016994374948 0
    outer loop
      vertex -7.96779987185862 -9.631415534697368 -1.9000000000000004
      vertex -6.6978349372374595 -10.554099068775187 -1.9000000000000004
      vertex -6.6978349372374595 -10.554099068775187 3
    endloop
  endfacet
  facet normal -0.6845471059286893 -0.728968627421411 0
    outer loop
      vertex -7.96779987185862 -9.631415534697368 -1.9000000000000004
      vertex -7.96779987185862 -9.631415534697368 3
      vertex -9.112107842767646 -8.556838824108606 -1.9000000000000004
    endloop
  endfacet
  facet normal 0 0 -1
    outer loop
      vertex -11.622206073603143 -4.601556908558473 -1.9000000000000004
      vertex -12.107289514107888 -3.1086235895606857 -1.9000000000000004
      vertex -11.622206073603143 4.601556908558473 -1.9000000000000004
    endloop
  endfacet
  facet normal 0 0 -1
    outer loop
      vertex -12.107289514107888 -3.1086235895606857 -1.9000000000000004
      vertex -12.401433766430973 -1.5666654195538008 -1.9000000000000004
      vertex -12.107289514107888 3.1086235895606857 -1.9000000000000004
    endloop
  endfacet
  facet normal 0 0 -1
    outer loop
      vertex -10.953833500548294 -6.021920926271442 -1.9000000000000004
      vertex -11.622206073603143 -4.601556908558473 -1.9000000000000004
      vertex -10.953833500548294 6.021920926271442 -1.9000000000000004
    endloop
  endfacet
  facet normal 0 0 -1
    outer loop
      vertex -10.112712429686843 -7.347315653655914 -1.9000000000000004
      vertex -10.953833500548294 -6.021920926271442 -1.9000000000000004
      vertex -10.112712429686843 7.347315653655914 -1.9000000000000004
    endloop
  endfacet
  facet normal 0 0 -1
    outer loop
      vertex -10.112712429686843 -7.347315653655914 -1.9000000000000004
      vertex -9.112107842767646 8.556838824108606 -1.9000000000000004
      vertex -9.112107842767646 -8.556838824108606 -1.9000000000000004
    endloop
  endfacet
  facet normal 0 0 -1
    outer loop
      vertex -7.96779987185862 -9.631415534697368 -1.9000000000000004
      vertex -6.6978349372374595 10.554099068775187 -1.9000000000000004
      vertex -6.6978349372374595 -10.554099068775187 -1.9000000000000004
    endloop
  endfacet
  facet normal 0 0 -1
    outer loop
      vertex -7.96779987185862 -9.631415534697368 -1.9000000000000004
      vertex -9.112107842767646 -8.556838824108606 -1.9000000000000004
      vertex -7.96779987185862 9.631415534697368 -1.9000000000000004
    endloop
  endfacet
  facet normal -0.9048270524660194 -0.425779291565073 0
    outer loop
      vertex -10.953833500548294 -6.021920926271442 -1.9000000000000004
      vertex -11.622206073603143 -4.601556908558473 3
      vertex -11.622206073603143 -4.601556908558473 -1.9000000000000004
    endloop
  endfacet
  facet normal -0.9510565162951538 -0.309016994374947 0
    outer loop
      vertex -11.622206073603143 -4.601556908558473 -1.9000000000000004
      vertex -12.107289514107888 -3.1086235895606857 3
      vertex -12.107289514107888 -3.1086235895606857 -1.9000000000000004
    endloop
  endfacet
  facet normal -0.9822872507286887 -0.18738131458572457 0
    outer loop
      vertex -12.107289514107888 -3.1086235895606857 -1.9000000000000004
      vertex -12.401433766430973 -1.5666654195538008 3
      vertex -12.401433766430973 -1.5666654195538008 -1.9000000000000004
    endloop
  endfacet
  facet normal -0.9980267284282716 -0.0627905195293135 0
    outer loop
      vertex -12.401433766430973 -1.5666654195538008 -1.9000000000000004
      vertex -12.5 0 3
      vertex -12.5 0 -1.9000000000000004
    endloop
  endfacet
  facet normal 5.171132657043339e-18 4.0933729910254426e-17 -1
    outer loop
      vertex -2.3422664323215603 -12.278590634108607 -1.9000000000000004
      vertex -0.7664027248171305 -1.6286886944388352 -1.9
      vertex -0.784881494116422 -12.475334105353394 -1.9000000000000004
    endloop
  endfacet
  facet normal 0 0 -1
    outer loop
      vertex -0.784881494116422 -12.475334105353394 -1.9000000000000004
      vertex -0.11302293515276478 -1.7964481111708888 -1.9000000000000004
      vertex 0.784881494116422 -12.475334105353394 -1.9000000000000004
    endloop
  endfacet
  facet normal -0.48175367410171477 -0.8763066800438639 0
    outer loop
      vertex -6.6978349372374595 -10.554099068775187 -1.9000000000000004
      vertex -5.322241144563406 -11.310338155825244 -1.9000000000000004
      vertex -5.322241144563406 -11.310338155825244 3
    endloop
  endfacet
  facet normal -0.36812455268467786 -0.9297764858882515 0
    outer loop
      vertex -5.322241144563406 -11.310338155825244 -1.9000000000000004
      vertex -3.8627124296868423 -11.888206453689419 -1.9000000000000004
      vertex -3.8627124296868423 -11.888206453689419 3
    endloop
  endfacet
  facet normal -0.24868988716485477 -0.9685831611286311 0
    outer loop
      vertex -3.8627124296868423 -11.888206453689419 -1.9000000000000004
      vertex -2.3422664323215603 -12.278590634108607 -1.9000000000000004
      vertex -2.3422664323215603 -12.278590634108607 3
    endloop
  endfacet
  facet normal -0.12533323356430495 -0.9921147013144778 0
    outer loop
      vertex -2.3422664323215603 -12.278590634108607 -1.9000000000000004
      vertex -0.784881494116422 -12.475334105353394 -1.9000000000000004
      vertex -0.784881494116422 -12.475334105353394 3
    endloop
  endfacet
  facet normal 0 0 -1
    outer loop
      vertex -6.6978349372374595 -10.554099068775187 -1.9000000000000004
      vertex -5.322241144563409 11.310338155825244 -1.9000000000000004
      vertex -5.322241144563406 -11.310338155825244 -1.9000000000000004
    endloop
  endfacet
  facet normal 0 0 -1
    outer loop
      vertex -5.322241144563406 -11.310338155825244 -1.9000000000000004
      vertex -3.8627124296868423 11.888206453689419 -1.9000000000000004
      vertex -3.8627124296868423 -11.888206453689419 -1.9000000000000004
    endloop
  endfacet
  facet normal 3.316210354800255e-15 -2.2228731959042307e-16 -1
    outer loop
      vertex -2.3422664323215603 -12.278590634108607 -1.9000000000000004
      vertex -1.5773520240789543 -0.8671566133830877 -1.9000000000000004
      vertex -1.4562305898749055 -1.0580134541264516 -1.9
    endloop
  endfacet
  facet normal -2.443320048548956e-15 2.680518164094334e-16 -1
    outer loop
      vertex -2.3422664323215603 -12.278590634108607 -1.9000000000000004
      vertex -1.312143529358541 -1.2321847906716394 -1.9
      vertex -1.1473631815476413 -1.386923836996421 -1.9000000000000004
    endloop
  endfacet
  facet normal 4.367301083292796e-17 3.612945665823336e-17 -1
    outer loop
      vertex -2.3422664323215603 -12.278590634108607 -1.9000000000000004
      vertex -1.4562305898749055 -1.0580134541264516 -1.9
      vertex -1.312143529358541 -1.2321847906716394 -1.9
    endloop
  endfacet
  facet normal 0 0 -1
    outer loop
      vertex -3.8627124296868423 -11.888206453689419 -1.9000000000000004
      vertex -2.342266432321557 12.278590634108609 -1.9000000000000004
      vertex -2.3422664323215603 -12.278590634108607 -1.9000000000000004
    endloop
  endfacet
  facet normal 1.555102495233519e-16 2.966516664613443e-17 -1
    outer loop
      vertex -2.3422664323215603 -12.278590634108607 -1.9000000000000004
      vertex -1.78580646236606 -0.22559982041574733 -1.9
      vertex -1.743449690031536 -0.4476417968967387 -1.9
    endloop
  endfacet
  facet normal 3.3776953504788075e-16 2.1250657905957534e-17 -1
    outer loop
      vertex -2.3422664323215603 -12.278590634108607 -1.9000000000000004
      vertex -1.8 0 -1.9
      vertex -1.78580646236606 -0.22559982041574733 -1.9
    endloop
  endfacet
  facet normal -4.038806098893666e-15 2.7072329135242736e-16 -1
    outer loop
      vertex -2.3422664323215603 -12.278590634108607 -1.9000000000000004
      vertex -1.6735976745988526 -0.6626241948324202 -1.9
      vertex -1.5773520240789543 -0.8671566133830877 -1.9000000000000004
    endloop
  endfacet
  facet normal 9.995424306953386e-17 3.2477102295342966e-17 -1
    outer loop
      vertex -2.3422664323215603 -12.278590634108607 -1.9000000000000004
      vertex -1.743449690031536 -0.4476417968967387 -1.9
      vertex -1.6735976745988526 -0.6626241948324202 -1.9
    endloop
  endfacet
  facet normal 2.094453152490128e-15 -2.682168827853023e-16 -1
    outer loop
      vertex -2.3422664323215603 -12.278590634108607 -1.9000000000000004
      vertex -0.9644882309621942 -1.5197902659036269 -1.9000000000000004
      vertex -0.7664027248171305 -1.6286886944388352 -1.9
    endloop
  endfacet
  facet normal 0 0 -1
    outer loop
      vertex -2.3422664323215603 -12.278590634108607 -1.9000000000000004
      vertex -1.1473631815476413 -1.386923836996421 -1.9000000000000004
      vertex -0.9644882309621942 -1.5197902659036269 -1.9000000000000004
    endloop
  endfacet
  facet normal -2.095354881590309e-15 4.4512268172912034e-17 -1
    outer loop
      vertex -0.784881494116422 -12.475334105353394 -1.9000000000000004
      vertex -0.7664027248171305 -1.6286886944388352 -1.9
      vertex -0.5562305898749054 -1.7119017293312764 -1.9000000000000004
    endloop
  endfacet
  facet normal 0 0 -1
    outer loop
      vertex -0.784881494116422 -12.475334105353394 -1.9000000000000004
      vertex -0.5562305898749054 -1.7119017293312764 -1.9000000000000004
      vertex -0.3372863662543047 -1.7681170513116395 -1.9000000000000004
    endloop
  endfacet
  facet normal 0 0 -1
    outer loop
      vertex -0.784881494116422 -12.475334105353394 -1.9000000000000004
      vertex -0.3372863662543047 -1.7681170513116395 -1.9000000000000004
      vertex -0.11302293515276478 -1.7964481111708888 -1.9000000000000004
    endloop
  endfacet
  facet normal -0.7705132427757891 -0.6374239897486899 0
    outer loop
      vertex -9.112107842767646 -8.556838824108606 -1.9000000000000004
      vertex -9.112107842767646 -8.556838824108606 3
      vertex -10.112712429686843 -7.347315653655914 3
    endloop
  endfacet
  facet normal -0.8443279255020151 -0.5358267949789967 0
    outer loop
      vertex -10.112712429686843 -7.347315653655914 -1.9000000000000004
      vertex -10.112712429686843 -7.347315653655914 3
      vertex -10.953833500548294 -6.021920926271442 3
    endloop
  endfacet
  facet normal -0.5877852522924725 -0.809016994374948 0
    outer loop
      vertex -7.96779987185862 -9.631415534697368 -1.9000000000000004
      vertex -6.6978349372374595 -10.554099068775187 3
      vertex -7.96779987185862 -9.631415534697368 3
    endloop
  endfacet
  facet normal -0.6845471059286893 -0.728968627421411 0
    outer loop
      vertex -9.112107842767646 -8.556838824108606 -1.9000000000000004
      vertex -7.96779987185862 -9.631415534697368 3
      vertex -9.112107842767646 -8.556838824108606 3
    endloop
  endfacet
  facet normal -0.9048270524660194 -0.425779291565073 0
    outer loop
      vertex -10.953833500548294 -6.021920926271442 -1.9000000000000004
      vertex -10.953833500548294 -6.021920926271442 3
      vertex -11.622206073603143 -4.601556908558473 3
    endloop
  endfacet
  facet normal -0.9510565162951538 -0.309016994374947 0
    outer loop
      vertex -11.622206073603143 -4.601556908558473 -1.9000000000000004
      vertex -11.622206073603143 -4.601556908558473 3
      vertex -12.107289514107888 -3.1086235895606857 3
    endloop
  endfacet
  facet normal -0.9822872507286887 -0.18738131458572457 0
    outer loop
      vertex -12.107289514107888 -3.1086235895606857 -1.9000000000000004
      vertex -12.107289514107888 -3.1086235895606857 3
      vertex -12.401433766430973 -1.5666654195538008 3
    endloop
  endfacet
  facet normal -0.9980267284282716 -0.0627905195293135 0
    outer loop
      vertex -12.401433766430973 -1.5666654195538008 -1.9000000000000004
      vertex -12.401433766430973 -1.5666654195538008 3
      vertex -12.5 0 3
    endloop
  endfacet
  facet normal 0 0 1
    outer loop
      vertex -10.953833500548294 -6.021920926271442 3
      vertex -11.622206073603143 4.601556908558473 3
      vertex -11.622206073603143 -4.601556908558473 3
    endloop
  endfacet
  facet normal 0 0 1
    outer loop
      vertex -12.107289514107888 -3.1086235895606857 3
      vertex -12.401433766430973 1.5666654195538008 3
      vertex -12.401433766430973 -1.5666654195538008 3
    endloop
  endfacet
  facet normal 0 0 1
    outer loop
      vertex -11.622206073603143 -4.601556908558473 3
      vertex -12.107289514107888 3.1086235895606857 3
      vertex -12.107289514107888 -3.1086235895606857 3
    endloop
  endfacet
  facet normal 0 0 1
    outer loop
      vertex -10.112712429686843 -7.347315653655914 3
      vertex -10.953833500548294 6.021920926271442 3
      vertex -10.953833500548294 -6.021920926271442 3
    endloop
  endfacet
  facet normal 0 0 1
    outer loop
      vertex -10.112712429686843 -7.347315653655914 3
      vertex -9.112107842767646 -8.556838824108606 3
      vertex -10.112712429686843 7.347315653655914 3
    endloop
  endfacet
  facet normal 0 0 1
    outer loop
      vertex -7.96779987185862 -9.631415534697368 3
      vertex -9.112107842767646 8.556838824108606 3
      vertex -9.112107842767646 -8.556838824108606 3
    endloop
  endfacet
  facet normal 0 0 1
    outer loop
      vertex -7.96779987185862 -9.631415534697368 3
      vertex -6.6978349372374595 -10.554099068775187 3
      vertex -7.96779987185862 9.631415534697368 3
    endloop
  endfacet
  facet normal -0.36812455268467786 -0.9297764858882515 0
    outer loop
      vertex -5.322241144563406 -11.310338155825244 -1.9000000000000004
      vertex -3.8627124296868423 -11.888206453689419 3
      vertex -5.322241144563406 -11.310338155825244 3
    endloop
  endfacet
  facet normal -0.48175367410171477 -0.8763066800438639 0
    outer loop
      vertex -6.6978349372374595 -10.554099068775187 -1.9000000000000004
      vertex -5.322241144563406 -11.310338155825244 3
      vertex -6.6978349372374595 -10.554099068775187 3
    endloop
  endfacet
  facet normal -0.24868988716485477 -0.9685831611286311 0
    outer loop
      vertex -3.8627124296868423 -11.888206453689419 -1.9000000000000004
      vertex -2.3422664323215603 -12.278590634108607 3
      vertex -3.8627124296868423 -11.888206453689419 3
    endloop
  endfacet
  facet normal -0.12533323356430495 -0.9921147013144778 0
    outer loop
      vertex -2.3422664323215603 -12.278590634108607 -1.9000000000000004
      vertex -0.784881494116422 -12.475334105353394 3
      vertex -2.3422664323215603 -12.278590634108607 3
    endloop
  endfacet
  facet normal 0 -1 0
    outer loop
      vertex -0.784881494116422 -12.475334105353394 -1.9000000000000004
      vertex 0.784881494116422 -12.475334105353394 3
      vertex -0.784881494116422 -12.475334105353394 3
    endloop
  endfacet
  facet normal 0 0 1
    outer loop
      vertex -5.322241144563406 -11.310338155825244 3
      vertex -3.8627124296868423 -11.888206453689419 3
      vertex -4.648882429441257 -1.8406227634233894 3
    endloop
  endfacet
  facet normal 0 0 1
    outer loop
      vertex -3.8627124296868423 -11.888206453689419 3
      vertex -2.3422664323215603 -12.278590634108607 3
      vertex -3.1871199487434483 -3.852566213878947 3
    endloop
  endfacet
  facet normal 0 0 1
    outer loop
      vertex -3.8627124296868423 -11.888206453689419 3
      vertex -3.1871199487434483 -3.852566213878947 3
      vertex -3.6448431371070584 -3.4227355296434423 3
    endloop
  endfacet
  facet normal 0 0 1
    outer loop
      vertex -2.3422664323215603 -12.278590634108607 3
      vertex -0.784881494116422 -12.475334105353394 3
      vertex -1.545084971874737 -4.755282581475767 3
    endloop
  endfacet
  facet normal 0 0 1
    outer loop
      vertex -2.3422664323215603 -12.278590634108607 3
      vertex -2.6791339748949836 -4.221639627510075 3
      vertex -3.1871199487434483 -3.852566213878947 3
    endloop
  endfacet
  facet normal 0 0 1
    outer loop
      vertex -2.3422664323215603 -12.278590634108607 3
      vertex -2.128896457825362 -4.524135262330098 3
      vertex -2.6791339748949836 -4.221639627510075 3
    endloop
  endfacet
  facet normal 0 0 1
    outer loop
      vertex -2.3422664323215603 -12.278590634108607 3
      vertex -1.545084971874737 -4.755282581475767 3
      vertex -2.128896457825362 -4.524135262330098 3
    endloop
  endfacet
  facet normal 0 0 1
    outer loop
      vertex -0.784881494116422 -12.475334105353394 3
      vertex -0.9369065729286241 -4.911436253643443 3
      vertex -1.545084971874737 -4.755282581475767 3
    endloop
  endfacet
  facet normal 0 0 1
    outer loop
      vertex -0.784881494116422 -12.475334105353394 3
      vertex -0.3139525976465688 -4.990133642141358 3
      vertex -0.9369065729286241 -4.911436253643443 3
    endloop
  endfacet
  facet normal 0 0 1
    outer loop
      vertex -0.784881494116422 -12.475334105353394 3
      vertex 0.3139525976465688 -4.990133642141358 3
      vertex -0.3139525976465688 -4.990133642141358 3
    endloop
  endfacet
  facet normal 0 0 1
    outer loop
      vertex -5.322241144563406 -11.310338155825244 3
      vertex -4.648882429441257 -1.8406227634233894 3
      vertex -4.842915805643155 -1.2434494358242743 3
    endloop
  endfacet
  facet normal 0 0 1
    outer loop
      vertex -6.6978349372374595 -10.554099068775187 3
      vertex -5.322241144563406 -11.310338155825244 3
      vertex -6.6978349372374595 10.554099068775187 3
    endloop
  endfacet
  facet normal 0 0 1
    outer loop
      vertex -5.322241144563406 -11.310338155825244 3
      vertex -4.9605735065723895 -0.6266661678215203 3
      vertex -5 0 3
    endloop
  endfacet
  facet normal 0 0 1
    outer loop
      vertex -5.322241144563406 -11.310338155825244 3
      vertex -4.842915805643155 -1.2434494358242743 3
      vertex -4.9605735065723895 -0.6266661678215203 3
    endloop
  endfacet
  facet normal 0 0 1
    outer loop
      vertex -3.8627124296868423 -11.888206453689419 3
      vertex -4.045084971874737 -2.938926261462366 3
      vertex -4.381533400219317 -2.408768370508577 3
    endloop
  endfacet
  facet normal 0 0 1
    outer loop
      vertex -3.8627124296868423 -11.888206453689419 3
      vertex -4.381533400219317 -2.408768370508577 3
      vertex -4.648882429441257 -1.8406227634233894 3
    endloop
  endfacet
  facet normal 0 0 1
    outer loop
      vertex -3.8627124296868423 -11.888206453689419 3
      vertex -3.6448431371070584 -3.4227355296434423 3
      vertex -4.045084971874737 -2.938926261462366 3
    endloop
  endfacet
  facet normal 0 0 -1
    outer loop
      vertex -12.401433766430973 -1.5666654195538008 -1.9000000000000004
      vertex -12.5 0 -1.9000000000000004
      vertex -12.401433766430973 1.5666654195538008 -1.9000000000000004
    endloop
  endfacet
  facet normal 0 0 -1
    outer loop
      vertex -12.401433766430973 -1.5666654195538008 -1.9000000000000004
      vertex -12.401433766430973 1.5666654195538008 -1.9000000000000004
      vertex -12.107289514107888 3.1086235895606857 -1.9000000000000004
    endloop
  endfacet
  facet normal 0 0 -1
    outer loop
      vertex -12.107289514107888 -3.1086235895606857 -1.9000000000000004
      vertex -12.107289514107888 3.1086235895606857 -1.9000000000000004
      vertex -11.622206073603143 4.601556908558473 -1.9000000000000004
    endloop
  endfacet
  facet normal 0 0 -1
    outer loop
      vertex -11.622206073603143 -4.601556908558473 -1.9000000000000004
      vertex -11.622206073603143 4.601556908558473 -1.9000000000000004
      vertex -10.953833500548294 6.021920926271442 -1.9000000000000004
    endloop
  endfacet
  facet normal 0 0 -1
    outer loop
      vertex -10.953833500548294 -6.021920926271442 -1.9000000000000004
      vertex -10.953833500548294 6.021920926271442 -1.9000000000000004
      vertex -10.112712429686843 7.347315653655914 -1.9000000000000004
    endloop
  endfacet
  facet normal 0 0 -1
    outer loop
      vertex -10.112712429686843 -7.347315653655914 -1.9000000000000004
      vertex -10.112712429686843 7.347315653655914 -1.9000000000000004
      vertex -9.112107842767646 8.556838824108606 -1.9000000000000004
    endloop
  endfacet
  facet normal 0 0 -1
    outer loop
      vertex -9.112107842767646 -8.556838824108606 -1.9000000000000004
      vertex -9.112107842767646 8.556838824108606 -1.9000000000000004
      vertex -7.96779987185862 9.631415534697368 -1.9000000000000004
    endloop
  endfacet
  facet normal 0 0 -1
    outer loop
      vertex -7.96779987185862 -9.631415534697368 -1.9000000000000004
      vertex -7.96779987185862 9.631415534697368 -1.9000000000000004
      vertex -6.6978349372374595 10.554099068775187 -1.9000000000000004
    endloop
  endfacet
  facet normal -0.9980267284282716 0.0627905195293135 0
    outer loop
      vertex -12.5 0 -1.9000000000000004
      vertex -12.401433766430973 1.5666654195538008 3
      vertex -12.401433766430973 1.5666654195538008 -1.9000000000000004
    endloop
  endfacet
  facet normal -0.9822872507286887 0.18738131458572457 0
    outer loop
      vertex -12.401433766430973 1.5666654195538008 -1.9000000000000004
      vertex -12.107289514107888 3.1086235895606857 3
      vertex -12.107289514107888 3.1086235895606857 -1.9000000000000004
    endloop
  endfacet
  facet normal -0.9510565162951538 0.309016994374947 0
    outer loop
      vertex -12.107289514107888 3.1086235895606857 -1.9000000000000004
      vertex -11.622206073603143 4.601556908558473 3
      vertex -11.622206073603143 4.601556908558473 -1.9000000000000004
    endloop
  endfacet
  facet normal -0.9048270524660194 0.425779291565073 0
    outer loop
      vertex -11.622206073603143 4.601556908558473 -1.9000000000000004
      vertex -10.953833500548294 6.021920926271442 3
      vertex -10.953833500548294 6.021920926271442 -1.9000000000000004
    endloop
  endfacet
  facet normal -0.8443279255020151 0.5358267949789967 0
    outer loop
      vertex -10.953833500548294 6.021920926271442 -1.9000000000000004
      vertex -10.112712429686843 7.347315653655914 3
      vertex -10.112712429686843 7.347315653655914 -1.9000000000000004
    endloop
  endfacet
  facet normal -0.7705132427757891 0.6374239897486899 0
    outer loop
      vertex -10.112712429686843 7.347315653655914 -1.9000000000000004
      vertex -9.112107842767646 8.556838824108606 3
      vertex -9.112107842767646 8.556838824108606 -1.9000000000000004
    endloop
  endfacet
  facet normal -0.6845471059286893 0.728968627421411 0
    outer loop
      vertex -9.112107842767646 8.556838824108606 -1.9000000000000004
      vertex -9.112107842767646 8.556838824108606 3
      vertex -7.96779987185862 9.631415534697368 -1.9000000000000004
    endloop
  endfacet
  facet normal -0.5877852522924725 0.809016994374948 0
    outer loop
      vertex -7.96779987185862 9.631415534697368 -1.9000000000000004
      vertex -7.96779987185862 9.631415534697368 3
      vertex -6.6978349372374595 10.554099068775187 -1.9000000000000004
    endloop
  endfacet
  facet normal 0 0 -1
    outer loop
      vertex -6.6978349372374595 -10.554099068775187 -1.9000000000000004
      vertex -6.6978349372374595 10.554099068775187 -1.9000000000000004
      vertex -5.322241144563409 11.310338155825244 -1.9000000000000004
    endloop
  endfacet
  facet normal 0 0 -1
    outer loop
      vertex -5.322241144563406 -11.310338155825244 -1.9000000000000004
      vertex -5.322241144563409 11.310338155825244 -1.9000000000000004
      vertex -3.8627124296868423 11.888206453689419 -1.9000000000000004
    endloop
  endfacet
  facet normal 0 0 -1
    outer loop
      vertex -3.8627124296868423 -11.888206453689419 -1.9000000000000004
      vertex -3.8627124296868423 11.888206453689419 -1.9000000000000004
      vertex -2.342266432321557 12.278590634108609 -1.9000000000000004
    endloop
  endfacet
  facet normal 8.189502122578778e-16 -1.0366860271426474e-31 -1
    outer loop
      vertex -2.3422664323215603 -12.278590634108607 -1.9000000000000004
      vertex -2.342266432321557 12.278590634108609 -1.9000000000000004
      vertex -1.8 0 -1.9
    endloop
  endfacet
  facet normal 3.3776953504788075e-16 -2.1250657905957534e-17 -1
    outer loop
      vertex -2.342266432321557 12.278590634108609 -1.9000000000000004
      vertex -1.78580646236606 0.22559982041574733 -1.9
      vertex -1.8 0 -1.9
    endloop
  endfacet
  facet normal 1.555102495233521e-16 -2.9665166646134464e-17 -1
    outer loop
      vertex -2.342266432321557 12.278590634108609 -1.9000000000000004
      vertex -1.743449690031536 0.4476417968967387 -1.9
      vertex -1.78580646236606 0.22559982041574733 -1.9
    endloop
  endfacet
  facet normal 9.995424306953396e-17 -3.2477102295342996e-17 -1
    outer loop
      vertex -2.342266432321557 12.278590634108609 -1.9000000000000004
      vertex -1.6735976745988526 0.6626241948324202 -1.9
      vertex -1.743449690031536 0.4476417968967387 -1.9
    endloop
  endfacet
  facet normal 7.238939277601779e-17 -3.4063862579038063e-17 -1
    outer loop
      vertex -2.342266432321557 12.278590634108609 -1.9000000000000004
      vertex -1.5773520240789543 0.8671566133830877 -1.9
      vertex -1.6735976745988526 0.6626241948324202 -1.9
    endloop
  endfacet
  facet normal 6.754924674759399e-17 -4.286805552059455e-17 -1
    outer loop
      vertex -0.784881494116416 12.475334105353394 -1.9000000000000004
      vertex -1.4562305898749055 1.0580134541264516 -1.9
      vertex -1.5773520240789543 0.8671566133830877 -1.9
    endloop
  endfacet
  facet normal 5.0614917346192394e-17 -4.187230116822064e-17 -1
    outer loop
      vertex -0.784881494116416 12.475334105353394 -1.9000000000000004
      vertex -1.312143529358541 1.2321847906716394 -1.9
      vertex -1.4562305898749055 1.0580134541264516 -1.9
    endloop
  endfacet
  facet normal 3.8800414468116564e-17 -4.1318244768317315e-17 -1
    outer loop
      vertex -0.784881494116416 12.475334105353394 -1.9000000000000004
      vertex -1.1473631815476413 1.386923836996421 -1.9
      vertex -1.312143529358541 1.2321847906716394 -1.9
    endloop
  endfacet
  facet normal 2.9805833723646224e-17 -4.1024210661796545e-17 -1
    outer loop
      vertex -0.784881494116416 12.475334105353394 -1.9000000000000004
      vertex -0.9644882309621942 1.5197902659036269 -1.9
      vertex -1.1473631815476413 1.386923836996421 -1.9
    endloop
  endfacet
  facet normal 2.24872904216931e-17 -4.090422942670759e-17 -1
    outer loop
      vertex -0.784881494116416 12.475334105353394 -1.9000000000000004
      vertex -0.7664027248171309 1.628688694438835 -1.9
      vertex -0.9644882309621942 1.5197902659036269 -1.9
    endloop
  endfacet
  facet normal 1.6199371425628916e-17 -4.0914941771409485e-17 -1
    outer loop
      vertex -0.784881494116416 12.475334105353394 -1.9000000000000004
      vertex -0.5562305898749054 1.7119017293312764 -1.9
      vertex -0.7664027248171309 1.628688694438835 -1.9
    endloop
  endfacet
  facet normal 1.0536061234338929e-17 -4.103524921154571e-17 -1
    outer loop
      vertex -0.784881494116416 12.475334105353394 -1.9000000000000004
      vertex -0.33728636625430425 1.7681170513116398 -1.9
      vertex -0.5562305898749054 1.7119017293312764 -1.9
    endloop
  endfacet
  facet normal 5.212073309130496e-18 -4.1257808541770585e-17 -1
    outer loop
      vertex -0.784881494116416 12.475334105353394 -1.9000000000000004
      vertex -0.1130229351527639 1.7964481111708888 -1.9
      vertex -0.33728636625430425 1.7681170513116398 -1.9
    endloop
  endfacet
  facet normal 0 -4.1585724399716184e-17 -1
    outer loop
      vertex -0.784881494116416 12.475334105353394 -1.9000000000000004
      vertex 0.1130229351527639 1.7964481111708888 -1.9
      vertex -0.1130229351527639 1.7964481111708888 -1.9
    endloop
  endfacet
  facet normal 4.874973591596871e-18 -3.858938951145516e-17 -1
    outer loop
      vertex -2.342266432321557 12.278590634108609 -1.9000000000000004
      vertex -0.784881494116416 12.475334105353394 -1.9000000000000004
      vertex -1.5773520240789543 0.8671566133830877 -1.9
    endloop
  endfacet
  facet normal -0.4817536741017157 0.8763066800438634 0
    outer loop
      vertex -6.6978349372374595 10.554099068775187 -1.9000000000000004
      vertex -6.6978349372374595 10.554099068775187 3
      vertex -5.322241144563409 11.310338155825244 -1.9000000000000004
    endloop
  endfacet
  facet normal -0.36812455268467714 0.9297764858882518 0
    outer loop
      vertex -5.322241144563409 11.310338155825244 -1.9000000000000004
      vertex -5.322241144563409 11.310338155825244 3
      vertex -3.8627124296868423 11.888206453689419 -1.9000000000000004
    endloop
  endfacet
  facet normal -0.2486898871648554 0.9685831611286311 0
    outer loop
      vertex -3.8627124296868423 11.888206453689419 -1.9000000000000004
      vertex -3.8627124296868423 11.888206453689419 3
      vertex -2.342266432321557 12.278590634108609 -1.9000000000000004
    endloop
  endfacet
  facet normal -0.12533323356430362 0.992114701314478 0
    outer loop
      vertex -2.342266432321557 12.278590634108609 -1.9000000000000004
      vertex -2.342266432321557 12.278590634108609 3
      vertex -0.784881494116416 12.475334105353394 -1.9000000000000004
    endloop
  endfacet
  facet normal 0 1 0
    outer loop
      vertex -0.784881494116416 12.475334105353394 -1.9000000000000004
      vertex -0.784881494116416 12.475334105353394 3
      vertex 0.784881494116416 12.475334105353394 -1.9000000000000004
    endloop
  endfacet
  facet normal -0.9980267284282716 0.0627905195293135 0
    outer loop
      vertex -12.5 0 -1.9000000000000004
      vertex -12.5 0 3
      vertex -12.401433766430973 1.5666654195538008 3
    endloop
  endfacet
  facet normal -0.9822872507286887 0.18738131458572457 0
    outer loop
      vertex -12.401433766430973 1.5666654195538008 -1.9000000000000004
      vertex -12.401433766430973 1.5666654195538008 3
      vertex -12.107289514107888 3.1086235895606857 3
    endloop
  endfacet
  facet normal -0.9510565162951538 0.309016994374947 0
    outer loop
      vertex -12.107289514107888 3.1086235895606857 -1.9000000000000004
      vertex -12.107289514107888 3.1086235895606857 3
      vertex -11.622206073603143 4.601556908558473 3
    endloop
  endfacet
  facet normal -0.9048270524660194 0.425779291565073 0
    outer loop
      vertex -11.622206073603143 4.601556908558473 -1.9000000000000004
      vertex -11.622206073603143 4.601556908558473 3
      vertex -10.953833500548294 6.021920926271442 3
    endloop
  endfacet
  facet normal 0 0 1
    outer loop
      vertex -12.401433766430973 -1.5666654195538008 3
      vertex -12.401433766430973 1.5666654195538008 3
      vertex -12.5 0 3
    endloop
  endfacet
  facet normal 0 0 1
    outer loop
      vertex -12.107289514107888 -3.1086235895606857 3
      vertex -12.107289514107888 3.1086235895606857 3
      vertex -12.401433766430973 1.5666654195538008 3
    endloop
  endfacet
  facet normal 0 0 1
    outer loop
      vertex -11.622206073603143 -4.601556908558473 3
      vertex -11.622206073603143 4.601556908558473 3
      vertex -12.107289514107888 3.1086235895606857 3
    endloop
  endfacet
  facet normal 0 0 1
    outer loop
      vertex -10.953833500548294 -6.021920926271442 3
      vertex -10.953833500548294 6.021920926271442 3
      vertex -11.622206073603143 4.601556908558473 3
    endloop
  endfacet
  facet normal 0 0 1
    outer loop
      vertex -10.112712429686843 -7.347315653655914 3
      vertex -10.112712429686843 7.347315653655914 3
      vertex -10.953833500548294 6.021920926271442 3
    endloop
  endfacet
  facet normal 0 0 1
    outer loop
      vertex -9.112107842767646 -8.556838824108606 3
      vertex -9.112107842767646 8.556838824108606 3
      vertex -10.112712429686843 7.347315653655914 3
    endloop
  endfacet
  facet normal 0 0 1
    outer loop
      vertex -7.96779987185862 -9.631415534697368 3
      vertex -7.96779987185862 9.631415534697368 3
      vertex -9.112107842767646 8.556838824108606 3
    endloop
  endfacet
  facet normal 0 0 1
    outer loop
      vertex -6.6978349372374595 -10.554099068775187 3
      vertex -6.6978349372374595 10.554099068775187 3
      vertex -7.96779987185862 9.631415534697368 3
    endloop
  endfacet
  facet normal -0.8443279255020151 0.5358267949789967 0
    outer loop
      vertex -10.953833500548294 6.021920926271442 -1.9000000000000004
      vertex -10.953833500548294 6.021920926271442 3
      vertex -10.112712429686843 7.347315653655914 3
    endloop
  endfacet
  facet normal -0.7705132427757891 0.6374239897486899 0
    outer loop
      vertex -10.112712429686843 7.347315653655914 -1.9000000000000004
      vertex -10.112712429686843 7.347315653655914 3
      vertex -9.112107842767646 8.556838824108606 3
    endloop
  endfacet
  facet normal -0.6845471059286893 0.728968627421411 0
    outer loop
      vertex -7.96779987185862 9.631415534697368 -1.9000000000000004
      vertex -9.112107842767646 8.556838824108606 3
      vertex -7.96779987185862 9.631415534697368 3
    endloop
  endfacet
  facet normal -0.5877852522924725 0.809016994374948 0
    outer loop
      vertex -6.6978349372374595 10.554099068775187 -1.9000000000000004
      vertex -7.96779987185862 9.631415534697368 3
      vertex -6.6978349372374595 10.554099068775187 3
    endloop
  endfacet
  facet normal 0 0 1
    outer loop
      vertex -5.322241144563406 -11.310338155825244 3
      vertex -5 0 3
      vertex -5.322241144563409 11.310338155825244 3
    endloop
  endfacet
  facet normal 0 0 1
    outer loop
      vertex -5.322241144563406 -11.310338155825244 3
      vertex -5.322241144563409 11.310338155825244 3
      vertex -6.6978349372374595 10.554099068775187 3
    endloop
  endfacet
  facet normal 0 0 1
    outer loop
      vertex -5.322241144563409 11.310338155825244 3
      vertex -5 0 3
      vertex -4.9605735065723895 0.6266661678215203 3
    endloop
  endfacet
  facet normal 0 0 1
    outer loop
      vertex -5.322241144563409 11.310338155825244 3
      vertex -4.9605735065723895 0.6266661678215203 3
      vertex -4.842915805643155 1.2434494358242743 3
    endloop
  endfacet
  facet normal 0 0 1
    outer loop
      vertex -5.322241144563409 11.310338155825244 3
      vertex -4.842915805643155 1.2434494358242743 3
      vertex -4.648882429441257 1.8406227634233894 3
    endloop
  endfacet
  facet normal 0 0 1
    outer loop
      vertex -5.322241144563409 11.310338155825244 3
      vertex -4.648882429441257 1.8406227634233894 3
      vertex -4.381533400219317 2.408768370508577 3
    endloop
  endfacet
  facet normal 0 0 1
    outer loop
      vertex -5.322241144563409 11.310338155825244 3
      vertex -4.381533400219317 2.408768370508577 3
      vertex -4.045084971874737 2.938926261462366 3
    endloop
  endfacet
  facet normal 0 0 1
    outer loop
      vertex -5.322241144563409 11.310338155825244 3
      vertex -4.045084971874737 2.938926261462366 3
      vertex -3.6448431371070584 3.4227355296434423 3
    endloop
  endfacet
  facet normal -0.4817536741017157 0.8763066800438634 0
    outer loop
      vertex -5.322241144563409 11.310338155825244 -1.9000000000000004
      vertex -6.6978349372374595 10.554099068775187 3
      vertex -5.322241144563409 11.310338155825244 3
    endloop
  endfacet
  facet normal -0.36812455268467714 0.9297764858882518 0
    outer loop
      vertex -3.8627124296868423 11.888206453689419 -1.9000000000000004
      vertex -5.322241144563409 11.310338155825244 3
      vertex -3.8627124296868423 11.888206453689419 3
    endloop
  endfacet
  facet normal -0.2486898871648554 0.9685831611286311 0
    outer loop
      vertex -2.342266432321557 12.278590634108609 -1.9000000000000004
      vertex -3.8627124296868423 11.888206453689419 3
      vertex -2.342266432321557 12.278590634108609 3
    endloop
  endfacet
  facet normal -0.12533323356430362 0.992114701314478 0
    outer loop
      vertex -0.784881494116416 12.475334105353394 -1.9000000000000004
      vertex -2.342266432321557 12.278590634108609 3
      vertex -0.784881494116416 12.475334105353394 3
    endloop
  endfacet
  facet normal 0 0 1
    outer loop
      vertex -3.8627124296868423 11.888206453689419 3
      vertex -3.6448431371070584 3.4227355296434423 3
      vertex -3.1871199487434483 3.852566213878947 3
    endloop
  endfacet
  facet normal 0 0 1
    outer loop
      vertex -3.8627124296868423 11.888206453689419 3
      vertex -3.1871199487434483 3.852566213878947 3
      vertex -2.6791339748949836 4.221639627510075 3
    endloop
  endfacet
  facet normal 0 0 1
    outer loop
      vertex -5.322241144563409 11.310338155825244 3
      vertex -3.6448431371070584 3.4227355296434423 3
      vertex -3.8627124296868423 11.888206453689419 3
    endloop
  endfacet
  facet normal 0 0 1
    outer loop
      vertex -3.8627124296868423 11.888206453689419 3
      vertex -2.6791339748949836 4.221639627510075 3
      vertex -2.1288964578253635 4.524135262330097 3
    endloop
  endfacet
  facet normal 0 0 1
    outer loop
      vertex -2.342266432321557 12.278590634108609 3
      vertex -2.1288964578253635 4.524135262330097 3
      vertex -1.545084971874737 4.755282581475767 3
    endloop
  endfacet
  facet normal 0 0 1
    outer loop
      vertex -2.342266432321557 12.278590634108609 3
      vertex -1.545084971874737 4.755282581475767 3
      vertex -0.9369065729286229 4.911436253643443 3
    endloop
  endfacet
  facet normal 0 0 1
    outer loop
      vertex -2.342266432321557 12.278590634108609 3
      vertex -0.9369065729286229 4.911436253643443 3
      vertex -0.3139525976465646 4.990133642141358 3
    endloop
  endfacet
  facet normal 0 0 1
    outer loop
      vertex -3.8627124296868423 11.888206453689419 3
      vertex -2.1288964578253635 4.524135262330097 3
      vertex -2.342266432321557 12.278590634108609 3
    endloop
  endfacet
  facet normal 0 0 1
    outer loop
      vertex -2.342266432321557 12.278590634108609 3
      vertex -0.3139525976465646 4.990133642141358 3
      vertex -0.784881494116416 12.475334105353394 3
    endloop
  endfacet
  facet normal 0 0 1
    outer loop
      vertex -0.784881494116416 12.475334105353394 3
      vertex -0.3139525976465646 4.990133642141358 3
      vertex 0.784881494116416 12.475334105353394 3
    endloop
  endfacet
  facet normal 0 0 -1
    outer loop
      vertex 0.784881494116422 -12.475334105353394 -1.9000000000000004
      vertex 1.5773520240789543 -0.8671566133830877 -1.9000000000000004
      vertex 2.3422664323215603 -12.278590634108607 -1.9000000000000004
    endloop
  endfacet
  facet normal 0 -1 0
    outer loop
      vertex -0.784881494116422 -12.475334105353394 -1.9000000000000004
      vertex 0.784881494116422 -12.475334105353394 -1.9000000000000004
      vertex 0.784881494116422 -12.475334105353394 3
    endloop
  endfacet
  facet normal 0.12533323356430495 -0.9921147013144778 0
    outer loop
      vertex 0.784881494116422 -12.475334105353394 -1.9000000000000004
      vertex 2.3422664323215603 -12.278590634108607 -1.9000000000000004
      vertex 2.3422664323215603 -12.278590634108607 3
    endloop
  endfacet
  facet normal 0.24868988716485477 -0.9685831611286311 0
    outer loop
      vertex 2.3422664323215603 -12.278590634108607 -1.9000000000000004
      vertex 3.8627124296868423 -11.888206453689419 -1.9000000000000004
      vertex 3.8627124296868423 -11.888206453689419 3
    endloop
  endfacet
  facet normal 0.36812455268467786 -0.9297764858882515 0
    outer loop
      vertex 3.8627124296868423 -11.888206453689419 -1.9000000000000004
      vertex 5.322241144563406 -11.310338155825244 -1.9000000000000004
      vertex 5.322241144563406 -11.310338155825244 3
    endloop
  endfacet
  facet normal 0.4817536741017149 -0.8763066800438637 0
    outer loop
      vertex 5.322241144563406 -11.310338155825244 -1.9000000000000004
      vertex 6.697834937237452 -10.55409906877519 -1.9000000000000004
      vertex 6.697834937237452 -10.55409906877519 3
    endloop
  endfacet
  facet normal 0 0 -1
    outer loop
      vertex 0.784881494116422 -12.475334105353394 -1.9000000000000004
      vertex -0.11302293515276478 -1.7964481111708888 -1.9000000000000004
      vertex 0.11302293515276478 -1.7964481111708888 -1.9000000000000004
    endloop
  endfacet
  facet normal 0 0 -1
    outer loop
      vertex 0.784881494116422 -12.475334105353394 -1.9000000000000004
      vertex 0.11302293515276478 -1.7964481111708888 -1.9000000000000004
      vertex 0.3372863662543047 -1.7681170513116395 -1.9000000000000004
    endloop
  endfacet
  facet normal 0 0 -1
    outer loop
      vertex 0.784881494116422 -12.475334105353394 -1.9000000000000004
      vertex 0.3372863662543047 -1.7681170513116395 -1.9000000000000004
      vertex 0.5562305898749054 -1.7119017293312764 -1.9000000000000004
    endloop
  endfacet
  facet normal 0 0 -1
    outer loop
      vertex 0.784881494116422 -12.475334105353394 -1.9000000000000004
      vertex 0.5562305898749054 -1.7119017293312764 -1.9000000000000004
      vertex 0.7664027248171305 -1.6286886944388352 -1.9000000000000004
    endloop
  endfacet
  facet normal 0 0 -1
    outer loop
      vertex 0.784881494116422 -12.475334105353394 -1.9000000000000004
      vertex 0.7664027248171305 -1.6286886944388352 -1.9000000000000004
      vertex 0.9644882309621932 -1.5197902659036275 -1.9000000000000004
    endloop
  endfacet
  facet normal 0 0 -1
    outer loop
      vertex 0.784881494116422 -12.475334105353394 -1.9000000000000004
      vertex 0.9644882309621932 -1.5197902659036275 -1.9000000000000004
      vertex 1.147363181547642 -1.3869238369964203 -1.9000000000000004
    endloop
  endfacet
  facet normal 0 0 -1
    outer loop
      vertex 0.784881494116422 -12.475334105353394 -1.9000000000000004
      vertex 1.147363181547642 -1.3869238369964203 -1.9000000000000004
      vertex 1.312143529358541 -1.2321847906716394 -1.9000000000000004
    endloop
  endfacet
  facet normal 0 0 -1
    outer loop
      vertex 0.784881494116422 -12.475334105353394 -1.9000000000000004
      vertex 1.312143529358541 -1.2321847906716394 -1.9000000000000004
      vertex 1.4562305898749055 -1.0580134541264516 -1.9000000000000004
    endloop
  endfacet
  facet normal 0 0 -1
    outer loop
      vertex 0.784881494116422 -12.475334105353394 -1.9000000000000004
      vertex 1.4562305898749055 -1.0580134541264516 -1.9000000000000004
      vertex 1.5773520240789543 -0.8671566133830877 -1.9000000000000004
    endloop
  endfacet
  facet normal 0 0 -1
    outer loop
      vertex 2.3422664323215603 -12.278590634108607 -1.9000000000000004
      vertex 1.5773520240789543 -0.8671566133830877 -1.9000000000000004
      vertex 1.6735976745988523 -0.6626241948324211 -1.9000000000000004
    endloop
  endfacet
  facet normal 0 0 -1
    outer loop
      vertex 2.3422664323215603 -12.278590634108607 -1.9000000000000004
      vertex 1.6735976745988523 -0.6626241948324211 -1.9000000000000004
      vertex 1.7434496900315362 -0.447641796896738 -1.9000000000000004
    endloop
  endfacet
  facet normal 0 0 -1
    outer loop
      vertex 2.3422664323215603 -12.278590634108607 -1.9000000000000004
      vertex 1.7434496900315362 -0.447641796896738 -1.9000000000000004
      vertex 1.78580646236606 -0.22559982041574733 -1.9000000000000004
    endloop
  endfacet
  facet normal 0 0 -1
    outer loop
      vertex 2.3422664323215603 -12.278590634108607 -1.9000000000000004
      vertex 1.78580646236606 -0.22559982041574733 -1.9000000000000004
      vertex 1.8 0 -1.9000000000000004
    endloop
  endfacet
  facet normal 0 0 -1
    outer loop
      vertex 2.3422664323215603 -12.278590634108607 -1.9000000000000004
      vertex 3.8627124296868423 11.888206453689419 -1.9000000000000004
      vertex 3.8627124296868423 -11.888206453689419 -1.9000000000000004
    endloop
  endfacet
  facet normal 0 0 -1
    outer loop
      vertex 3.8627124296868423 -11.888206453689419 -1.9000000000000004
      vertex 5.322241144563409 11.310338155825244 -1.9000000000000004
      vertex 5.322241144563406 -11.310338155825244 -1.9000000000000004
    endloop
  endfacet
  facet normal 0 0 -1
    outer loop
      vertex 5.322241144563406 -11.310338155825244 -1.9000000000000004
      vertex 6.697834937237459 10.554099068775189 -1.9000000000000004
      vertex 6.697834937237452 -10.55409906877519 -1.9000000000000004
    endloop
  endfacet
  facet normal 0.5877852522924727 -0.8090169943749478 0
    outer loop
      vertex 6.697834937237452 -10.55409906877519 -1.9000000000000004
      vertex 7.967799871858625 -9.631415534697362 -1.9000000000000004
      vertex 7.967799871858625 -9.631415534697362 3
    endloop
  endfacet
  facet normal 0.684547105928689 -0.7289686274214113 0
    outer loop
      vertex 7.967799871858625 -9.631415534697362 -1.9000000000000004
      vertex 9.112107842767646 -8.556838824108606 -1.9000000000000004
      vertex 9.112107842767646 -8.556838824108606 3
    endloop
  endfacet
  facet normal 0.7705132427757891 -0.6374239897486899 0
    outer loop
      vertex 9.112107842767646 -8.556838824108606 -1.9000000000000004
      vertex 10.112712429686843 -7.347315653655914 -1.9000000000000004
      vertex 9.112107842767646 -8.556838824108606 3
    endloop
  endfacet
  facet normal 0.8443279255020151 -0.5358267949789967 0
    outer loop
      vertex 10.112712429686843 -7.347315653655914 -1.9000000000000004
      vertex 10.953833500548294 -6.021920926271442 -1.9000000000000004
      vertex 10.112712429686843 -7.347315653655914 3
    endloop
  endfacet
  facet normal 0 0 -1
    outer loop
      vertex 6.697834937237452 -10.55409906877519 -1.9000000000000004
      vertex 7.967799871858622 9.631415534697364 -1.9000000000000004
      vertex 7.967799871858625 -9.631415534697362 -1.9000000000000004
    endloop
  endfacet
  facet normal 0 0 -1
    outer loop
      vertex 7.967799871858625 -9.631415534697362 -1.9000000000000004
      vertex 9.112107842767644 8.55683882410861 -1.9000000000000004
      vertex 9.112107842767646 -8.556838824108606 -1.9000000000000004
    endloop
  endfacet
  facet normal 0 0 -1
    outer loop
      vertex 9.112107842767646 -8.556838824108606 -1.9000000000000004
      vertex 10.112712429686843 7.347315653655914 -1.9000000000000004
      vertex 10.112712429686843 -7.347315653655914 -1.9000000000000004
    endloop
  endfacet
  facet normal 0 0 -1
    outer loop
      vertex 10.112712429686843 -7.347315653655914 -1.9000000000000004
      vertex 10.953833500548296 6.0219209262714415 -1.9000000000000004
      vertex 10.953833500548294 -6.021920926271442 -1.9000000000000004
    endloop
  endfacet
  facet normal 0 0 -1
    outer loop
      vertex 10.953833500548294 -6.021920926271442 -1.9000000000000004
      vertex 11.622206073603142 4.601556908558475 -1.9000000000000004
      vertex 11.62220607360314 -4.6015569085584795 -1.9000000000000004
    endloop
  endfacet
  facet normal 0 0 -1
    outer loop
      vertex 11.62220607360314 -4.6015569085584795 -1.9000000000000004
      vertex 12.107289514107888 3.108623589560685 -1.9000000000000004
      vertex 12.10728951410789 -3.1086235895606804 -1.9000000000000004
    endloop
  endfacet
  facet normal 0 0 -1
    outer loop
      vertex 12.10728951410789 -3.1086235895606804 -1.9000000000000004
      vertex 12.401433766430973 1.5666654195538032 -1.9000000000000004
      vertex 12.401433766430973 -1.5666654195538008 -1.9000000000000004
    endloop
  endfacet
  facet normal 0.9048270524660196 -0.4257792915650726 0
    outer loop
      vertex 10.953833500548294 -6.021920926271442 -1.9000000000000004
      vertex 11.62220607360314 -4.6015569085584795 -1.9000000000000004
      vertex 10.953833500548294 -6.021920926271442 3
    endloop
  endfacet
  facet normal 0.9510565162951533 -0.3090169943749479 0
    outer loop
      vertex 11.62220607360314 -4.6015569085584795 -1.9000000000000004
      vertex 12.10728951410789 -3.1086235895606804 -1.9000000000000004
      vertex 11.62220607360314 -4.6015569085584795 3
    endloop
  endfacet
  facet normal 0.9822872507286888 -0.18738131458572413 0
    outer loop
      vertex 12.10728951410789 -3.1086235895606804 -1.9000000000000004
      vertex 12.401433766430973 -1.5666654195538008 -1.9000000000000004
      vertex 12.10728951410789 -3.1086235895606804 3
    endloop
  endfacet
  facet normal 0.9980267284282716 -0.0627905195293135 0
    outer loop
      vertex 12.401433766430973 -1.5666654195538008 -1.9000000000000004
      vertex 12.5 0 -1.9000000000000004
      vertex 12.401433766430973 -1.5666654195538008 3
    endloop
  endfacet
  facet normal 0.12533323356430495 -0.9921147013144778 0
    outer loop
      vertex 0.784881494116422 -12.475334105353394 -1.9000000000000004
      vertex 2.3422664323215603 -12.278590634108607 3
      vertex 0.784881494116422 -12.475334105353394 3
    endloop
  endfacet
  facet normal 0.24868988716485477 -0.9685831611286311 0
    outer loop
      vertex 2.3422664323215603 -12.278590634108607 -1.9000000000000004
      vertex 3.8627124296868423 -11.888206453689419 3
      vertex 2.3422664323215603 -12.278590634108607 3
    endloop
  endfacet
  facet normal 0.36812455268467786 -0.9297764858882515 0
    outer loop
      vertex 3.8627124296868423 -11.888206453689419 -1.9000000000000004
      vertex 5.322241144563406 -11.310338155825244 3
      vertex 3.8627124296868423 -11.888206453689419 3
    endloop
  endfacet
  facet normal 0.4817536741017149 -0.8763066800438637 0
    outer loop
      vertex 5.322241144563406 -11.310338155825244 -1.9000000000000004
      vertex 6.697834937237452 -10.55409906877519 3
      vertex 5.322241144563406 -11.310338155825244 3
    endloop
  endfacet
  facet normal 0 0 1
    outer loop
      vertex -0.784881494116422 -12.475334105353394 3
      vertex 0.784881494116422 -12.475334105353394 3
      vertex 0.3139525976465688 -4.990133642141358 3
    endloop
  endfacet
  facet normal 0 0 1
    outer loop
      vertex 0.784881494116422 -12.475334105353394 3
      vertex 2.3422664323215603 -12.278590634108607 3
      vertex 0.3139525976465688 -4.990133642141358 3
    endloop
  endfacet
  facet normal 0 0 1
    outer loop
      vertex 2.3422664323215603 -12.278590634108607 3
      vertex 3.8627124296868423 -11.888206453689419 3
      vertex 2.128896457825362 -4.524135262330098 3
    endloop
  endfacet
  facet normal 0 0 1
    outer loop
      vertex 2.3422664323215603 -12.278590634108607 3
      vertex 0.9369065729286241 -4.911436253643443 3
      vertex 0.3139525976465688 -4.990133642141358 3
    endloop
  endfacet
  facet normal 0 0 1
    outer loop
      vertex 2.3422664323215603 -12.278590634108607 3
      vertex 1.545084971874737 -4.755282581475767 3
      vertex 0.9369065729286241 -4.911436253643443 3
    endloop
  endfacet
  facet normal 0 0 1
    outer loop
      vertex 2.3422664323215603 -12.278590634108607 3
      vertex 2.128896457825362 -4.524135262330098 3
      vertex 1.545084971874737 -4.755282581475767 3
    endloop
  endfacet
  facet normal 0 0 1
    outer loop
      vertex 3.8627124296868423 -11.888206453689419 3
      vertex 2.679133974894981 -4.2216396275100765 3
      vertex 2.128896457825362 -4.524135262330098 3
    endloop
  endfacet
  facet normal 0 0 1
    outer loop
      vertex 3.8627124296868423 -11.888206453689419 3
      vertex 5.322241144563406 -11.310338155825244 3
      vertex 3.6448431371070584 -3.4227355296434423 3
    endloop
  endfacet
  facet normal 0 0 1
    outer loop
      vertex 3.8627124296868423 -11.888206453689419 3
      vertex 3.18711994874345 -3.852566213878945 3
      vertex 2.679133974894981 -4.2216396275100765 3
    endloop
  endfacet
  facet normal 0 0 1
    outer loop
      vertex 3.8627124296868423 -11.888206453689419 3
      vertex 3.6448431371070584 -3.4227355296434423 3
      vertex 3.18711994874345 -3.852566213878945 3
    endloop
  endfacet
  facet normal 0 0 1
    outer loop
      vertex 5.322241144563406 -11.310338155825244 3
      vertex 4.045084971874737 -2.938926261462366 3
      vertex 3.6448431371070584 -3.4227355296434423 3
    endloop
  endfacet
  facet normal 0 0 1
    outer loop
      vertex 5.322241144563406 -11.310338155825244 3
      vertex 4.381533400219317 -2.408768370508577 3
      vertex 4.045084971874737 -2.938926261462366 3
    endloop
  endfacet
  facet normal 0 0 1
    outer loop
      vertex 5.322241144563406 -11.310338155825244 3
      vertex 4.648882429441256 -1.8406227634233918 3
      vertex 4.381533400219317 -2.408768370508577 3
    endloop
  endfacet
  facet normal 0 0 1
    outer loop
      vertex 5.322241144563406 -11.310338155825244 3
      vertex 4.842915805643156 -1.2434494358242723 3
      vertex 4.648882429441256 -1.8406227634233918 3
    endloop
  endfacet
  facet normal 0 0 1
    outer loop
      vertex 5.322241144563406 -11.310338155825244 3
      vertex 4.9605735065723895 -0.6266661678215203 3
      vertex 4.842915805643156 -1.2434494358242723 3
    endloop
  endfacet
  facet normal 0 0 1
    outer loop
      vertex 5.322241144563406 -11.310338155825244 3
      vertex 5 0 3
      vertex 4.9605735065723895 -0.6266661678215203 3
    endloop
  endfacet
  facet normal 0 0 1
    outer loop
      vertex 5.322241144563406 -11.310338155825244 3
      vertex 6.697834937237452 -10.55409906877519 3
      vertex 5.322241144563409 11.310338155825244 3
    endloop
  endfacet
  facet normal 0.5877852522924727 -0.8090169943749478 0
    outer loop
      vertex 6.697834937237452 -10.55409906877519 -1.9000000000000004
      vertex 7.967799871858625 -9.631415534697362 3
      vertex 6.697834937237452 -10.55409906877519 3
    endloop
  endfacet
  facet normal 0.684547105928689 -0.7289686274214113 0
    outer loop
      vertex 7.967799871858625 -9.631415534697362 -1.9000000000000004
      vertex 9.112107842767646 -8.556838824108606 3
      vertex 7.967799871858625 -9.631415534697362 3
    endloop
  endfacet
  facet normal 0.7705132427757891 -0.6374239897486899 0
    outer loop
      vertex 10.112712429686843 -7.347315653655914 -1.9000000000000004
      vertex 10.112712429686843 -7.347315653655914 3
      vertex 9.112107842767646 -8.556838824108606 3
    endloop
  endfacet
  facet normal 0.8443279255020151 -0.5358267949789967 0
    outer loop
      vertex 10.953833500548294 -6.021920926271442 -1.9000000000000004
      vertex 10.953833500548294 -6.021920926271442 3
      vertex 10.112712429686843 -7.347315653655914 3
    endloop
  endfacet
  facet normal 0.9048270524660196 -0.4257792915650726 0
    outer loop
      vertex 11.62220607360314 -4.6015569085584795 -1.9000000000000004
      vertex 11.62220607360314 -4.6015569085584795 3
      vertex 10.953833500548294 -6.021920926271442 3
    endloop
  endfacet
  facet normal 0.9510565162951533 -0.3090169943749479 0
    outer loop
      vertex 12.10728951410789 -3.1086235895606804 -1.9000000000000004
      vertex 12.10728951410789 -3.1086235895606804 3
      vertex 11.62220607360314 -4.6015569085584795 3
    endloop
  endfacet
  facet normal 0.9822872507286888 -0.18738131458572413 0
    outer loop
      vertex 12.401433766430973 -1.5666654195538008 -1.9000000000000004
      vertex 12.401433766430973 -1.5666654195538008 3
      vertex 12.10728951410789 -3.1086235895606804 3
    endloop
  endfacet
  facet normal 0.9980267284282716 -0.0627905195293135 0
    outer loop
      vertex 12.401433766430973 -1.5666654195538008 3
      vertex 12.5 0 -1.9000000000000004
      vertex 12.5 0 3
    endloop
  endfacet
  facet normal 0 0 1
    outer loop
      vertex 6.697834937237452 -10.55409906877519 3
      vertex 7.967799871858625 -9.631415534697362 3
      vertex 6.697834937237459 10.554099068775189 3
    endloop
  endfacet
  facet normal 0 0 1
    outer loop
      vertex 7.967799871858625 -9.631415534697362 3
      vertex 9.112107842767646 -8.556838824108606 3
      vertex 7.967799871858622 9.631415534697364 3
    endloop
  endfacet
  facet normal 0 0 1
    outer loop
      vertex 9.112107842767646 -8.556838824108606 3
      vertex 10.112712429686843 -7.347315653655914 3
      vertex 9.112107842767644 8.55683882410861 3
    endloop
  endfacet
  facet normal 0 0 1
    outer loop
      vertex 10.112712429686843 -7.347315653655914 3
      vertex 10.953833500548294 -6.021920926271442 3
      vertex 10.112712429686843 7.347315653655914 3
    endloop
  endfacet
  facet normal 0 0 1
    outer loop
      vertex 10.953833500548294 -6.021920926271442 3
      vertex 11.62220607360314 -4.6015569085584795 3
      vertex 10.953833500548296 6.0219209262714415 3
    endloop
  endfacet
  facet normal 0 0 1
    outer loop
      vertex 11.62220607360314 -4.6015569085584795 3
      vertex 12.10728951410789 -3.1086235895606804 3
      vertex 11.622206073603142 4.601556908558475 3
    endloop
  endfacet
  facet normal 0 0 1
    outer loop
      vertex 12.10728951410789 -3.1086235895606804 3
      vertex 12.401433766430973 -1.5666654195538008 3
      vertex 12.107289514107888 3.108623589560685 3
    endloop
  endfacet
  facet normal 0 0 -1
    outer loop
      vertex 2.3422664323215603 -12.278590634108607 -1.9000000000000004
      vertex 1.8 0 -1.9000000000000004
      vertex 2.342266432321557 12.278590634108609 -1.9000000000000004
    endloop
  endfacet
  facet normal -5.212073309130496e-18 -4.1257808541770585e-17 -1
    outer loop
      vertex 0.784881494116416 12.475334105353394 -1.9000000000000004
      vertex 0.33728636625430425 1.7681170513116398 -1.9
      vertex 0.1130229351527639 1.7964481111708888 -1.9
    endloop
  endfacet
  facet normal -1.0536061234338929e-17 -4.103524921154571e-17 -1
    outer loop
      vertex 0.784881494116416 12.475334105353394 -1.9000000000000004
      vertex 0.5562305898749054 1.7119017293312764 -1.9
      vertex 0.33728636625430425 1.7681170513116398 -1.9
    endloop
  endfacet
  facet normal -2.1115542530159338e-15 3.597326401501277e-18 -1
    outer loop
      vertex 0.784881494116416 12.475334105353394 -1.9000000000000004
      vertex 0.7664027248171309 1.628688694438835 -1.9000000000000004
      vertex 0.5562305898749054 1.7119017293312764 -1.9
    endloop
  endfacet
  facet normal -2.743663076059523e-17 -3.77632825375265e-17 -1
    outer loop
      vertex 2.342266432321557 12.278590634108609 -1.9000000000000004
      vertex 1.1473631815476415 1.3869238369964205 -1.9
      vertex 0.964488230962194 1.519790265903627 -1.9
    endloop
  endfacet
  facet normal 2.073253515993405e-15 -3.0677887841766e-16 -1
    outer loop
      vertex 2.342266432321557 12.278590634108609 -1.9000000000000004
      vertex 0.964488230962194 1.519790265903627 -1.9
      vertex 0.7664027248171309 1.628688694438835 -1.9000000000000004
    endloop
  endfacet
  facet normal 0 0 -1
    outer loop
      vertex 2.342266432321557 12.278590634108609 -1.9000000000000004
      vertex 1.743449690031536 0.44764179689673866 -1.9000000000000004
      vertex 1.6735976745988526 0.6626241948324204 -1.9000000000000004
    endloop
  endfacet
  facet normal -4.111195491669692e-15 2.3665942877338873e-16 -1
    outer loop
      vertex 2.342266432321557 12.278590634108609 -1.9000000000000004
      vertex 1.6735976745988526 0.6626241948324204 -1.9000000000000004
      vertex 1.5773520240789545 0.8671566133830876 -1.9
    endloop
  endfacet
  facet normal 0 0 -1
    outer loop
      vertex 2.342266432321557 12.278590634108609 -1.9000000000000004
      vertex 1.8 0 -1.9000000000000004
      vertex 1.78580646236606 0.22559982041574766 -1.9000000000000004
    endloop
  endfacet
  facet normal 0 0 -1
    outer loop
      vertex 2.342266432321557 12.278590634108609 -1.9000000000000004
      vertex 1.78580646236606 0.22559982041574766 -1.9000000000000004
      vertex 1.743449690031536 0.44764179689673866 -1.9000000000000004
    endloop
  endfacet
  facet normal 0 0 -1
    outer loop
      vertex 2.3422664323215603 -12.278590634108607 -1.9000000000000004
      vertex 2.342266432321557 12.278590634108609 -1.9000000000000004
      vertex 3.8627124296868423 11.888206453689419 -1.9000000000000004
    endloop
  endfacet
  facet normal 0 0 -1
    outer loop
      vertex 2.342266432321557 12.278590634108609 -1.9000000000000004
      vertex 1.4562305898749055 1.0580134541264516 -1.9000000000000004
      vertex 1.3121435293585408 1.2321847906716397 -1.9000000000000004
    endloop
  endfacet
  facet normal -2.478032551347795e-15 2.310867554217076e-16 -1
    outer loop
      vertex 2.342266432321557 12.278590634108609 -1.9000000000000004
      vertex 1.3121435293585408 1.2321847906716397 -1.9000000000000004
      vertex 1.1473631815476415 1.3869238369964205 -1.9
    endloop
  endfacet
  facet normal 3.2607465602930857e-15 -2.574857138996926e-16 -1
    outer loop
      vertex 2.342266432321557 12.278590634108609 -1.9000000000000004
      vertex 1.5773520240789545 0.8671566133830876 -1.9
      vertex 1.4562305898749055 1.0580134541264516 -1.9000000000000004
    endloop
  endfacet
  facet normal 0 0 -1
    outer loop
      vertex 3.8627124296868423 -11.888206453689419 -1.9000000000000004
      vertex 3.8627124296868423 11.888206453689419 -1.9000000000000004
      vertex 5.322241144563409 11.310338155825244 -1.9000000000000004
    endloop
  endfacet
  facet normal 0 0 -1
    outer loop
      vertex 5.322241144563406 -11.310338155825244 -1.9000000000000004
      vertex 5.322241144563409 11.310338155825244 -1.9000000000000004
      vertex 6.697834937237459 10.554099068775189 -1.9000000000000004
    endloop
  endfacet
  facet normal 0 -4.1585724399716165e-17 -1
    outer loop
      vertex -0.784881494116416 12.475334105353394 -1.9000000000000004
      vertex 0.784881494116416 12.475334105353394 -1.9000000000000004
      vertex 0.1130229351527639 1.7964481111708888 -1.9
    endloop
  endfacet
  facet normal 0 0 -1
    outer loop
      vertex 0.784881494116416 12.475334105353394 -1.9000000000000004
      vertex 2.342266432321557 12.278590634108609 -1.9000000000000004
      vertex 0.7664027248171309 1.628688694438835 -1.9000000000000004
    endloop
  endfacet
  facet normal 0.12533323356430362 0.992114701314478 0
    outer loop
      vertex 0.784881494116416 12.475334105353394 -1.9000000000000004
      vertex 0.784881494116416 12.475334105353394 3
      vertex 2.342266432321557 12.278590634108609 -1.9000000000000004
    endloop
  endfacet
  facet normal 0.2486898871648554 0.9685831611286311 0
    outer loop
      vertex 2.342266432321557 12.278590634108609 -1.9000000000000004
      vertex 2.342266432321557 12.278590634108609 3
      vertex 3.8627124296868423 11.888206453689419 -1.9000000000000004
    endloop
  endfacet
  facet normal 0.36812455268467714 0.9297764858882518 0
    outer loop
      vertex 3.8627124296868423 11.888206453689419 -1.9000000000000004
      vertex 3.8627124296868423 11.888206453689419 3
      vertex 5.322241144563409 11.310338155825244 -1.9000000000000004
    endloop
  endfacet
  facet normal 0.48175367410171505 0.8763066800438637 0
    outer loop
      vertex 5.322241144563409 11.310338155825244 -1.9000000000000004
      vertex 5.322241144563409 11.310338155825244 3
      vertex 6.697834937237459 10.554099068775189 -1.9000000000000004
    endloop
  endfacet
  facet normal 0 0 -1
    outer loop
      vertex 7.967799871858625 -9.631415534697362 -1.9000000000000004
      vertex 7.967799871858622 9.631415534697364 -1.9000000000000004
      vertex 9.112107842767644 8.55683882410861 -1.9000000000000004
    endloop
  endfacet
  facet normal 0 0 -1
    outer loop
      vertex 6.697834937237452 -10.55409906877519 -1.9000000000000004
      vertex 6.697834937237459 10.554099068775189 -1.9000000000000004
      vertex 7.967799871858622 9.631415534697364 -1.9000000000000004
    endloop
  endfacet
  facet normal 0 0 -1
    outer loop
      vertex 9.112107842767646 -8.556838824108606 -1.9000000000000004
      vertex 9.112107842767644 8.55683882410861 -1.9000000000000004
      vertex 10.112712429686843 7.347315653655914 -1.9000000000000004
    endloop
  endfacet
  facet normal 0 0 -1
    outer loop
      vertex 10.112712429686843 -7.347315653655914 -1.9000000000000004
      vertex 10.112712429686843 7.347315653655914 -1.9000000000000004
      vertex 10.953833500548296 6.0219209262714415 -1.9000000000000004
    endloop
  endfacet
  facet normal 0 0 -1
    outer loop
      vertex 10.953833500548294 -6.021920926271442 -1.9000000000000004
      vertex 10.953833500548296 6.0219209262714415 -1.9000000000000004
      vertex 11.622206073603142 4.601556908558475 -1.9000000000000004
    endloop
  endfacet
  facet normal 0 0 -1
    outer loop
      vertex 12.401433766430973 -1.5666654195538008 -1.9000000000000004
      vertex 12.401433766430973 1.5666654195538032 -1.9000000000000004
      vertex 12.5 0 -1.9000000000000004
    endloop
  endfacet
  facet normal 0 0 -1
    outer loop
      vertex 12.10728951410789 -3.1086235895606804 -1.9000000000000004
      vertex 12.107289514107888 3.108623589560685 -1.9000000000000004
      vertex 12.401433766430973 1.5666654195538032 -1.9000000000000004
    endloop
  endfacet
  facet normal 0 0 -1
    outer loop
      vertex 11.62220607360314 -4.6015569085584795 -1.9000000000000004
      vertex 11.622206073603142 4.601556908558475 -1.9000000000000004
      vertex 12.107289514107888 3.108623589560685 -1.9000000000000004
    endloop
  endfacet
  facet normal 0.9980267284282716 0.0627905195293134 0
    outer loop
      vertex 12.5 0 -1.9000000000000004
      vertex 12.401433766430973 1.5666654195538032 -1.9000000000000004
      vertex 12.5 0 3
    endloop
  endfacet
  facet normal 0.9822872507286887 0.18738131458572496 0
    outer loop
      vertex 12.401433766430973 1.5666654195538032 -1.9000000000000004
      vertex 12.107289514107888 3.108623589560685 -1.9000000000000004
      vertex 12.401433766430973 1.5666654195538032 3
    endloop
  endfacet
  facet normal 0.9510565162951535 0.3090169943749475 0
    outer loop
      vertex 12.107289514107888 3.108623589560685 -1.9000000000000004
      vertex 11.622206073603142 4.601556908558475 -1.9000000000000004
      vertex 12.107289514107888 3.108623589560685 3
    endloop
  endfacet
  facet normal 0.9048270524660199 0.42577929156507177 0
    outer loop
      vertex 11.622206073603142 4.601556908558475 -1.9000000000000004
      vertex 10.953833500548296 6.0219209262714415 -1.9000000000000004
      vertex 11.622206073603142 4.601556908558475 3
    endloop
  endfacet
  facet normal 0.6845471059286881 0.7289686274214121 0
    outer loop
      vertex 9.112107842767644 8.55683882410861 -1.9000000000000004
      vertex 7.967799871858622 9.631415534697364 -1.9000000000000004
      vertex 7.967799871858622 9.631415534697364 3
    endloop
  endfacet
  facet normal 0.5877852522924738 0.8090169943749468 0
    outer loop
      vertex 6.697834937237459 10.554099068775189 -1.9000000000000004
      vertex 6.697834937237459 10.554099068775189 3
      vertex 7.967799871858622 9.631415534697364 -1.9000000000000004
    endloop
  endfacet
  facet normal 0.7705132427757896 0.6374239897486893 0
    outer loop
      vertex 9.112107842767644 8.55683882410861 -1.9000000000000004
      vertex 10.112712429686843 7.347315653655914 3
      vertex 10.112712429686843 7.347315653655914 -1.9000000000000004
    endloop
  endfacet
  facet normal 0.8443279255020147 0.5358267949789972 0
    outer loop
      vertex 10.953833500548296 6.0219209262714415 -1.9000000000000004
      vertex 10.112712429686843 7.347315653655914 -1.9000000000000004
      vertex 10.953833500548296 6.0219209262714415 3
    endloop
  endfacet
  facet normal 0 0 1
    outer loop
      vertex 5.322241144563406 -11.310338155825244 3
      vertex 5.322241144563409 11.310338155825244 3
      vertex 5 0 3
    endloop
  endfacet
  facet normal 0 0 1
    outer loop
      vertex 3.8627124296868423 11.888206453689419 3
      vertex 3.644843137107058 3.4227355296434436 3
      vertex 4.045084971874737 2.938926261462366 3
    endloop
  endfacet
  facet normal 0 0 1
    outer loop
      vertex 3.8627124296868423 11.888206453689419 3
      vertex 4.381533400219318 2.4087683705085765 3
      vertex 4.648882429441256 1.8406227634233898 3
    endloop
  endfacet
  facet normal 0 0 1
    outer loop
      vertex 3.8627124296868423 11.888206453689419 3
      vertex 4.045084971874737 2.938926261462366 3
      vertex 4.381533400219318 2.4087683705085765 3
    endloop
  endfacet
  facet normal 0 0 1
    outer loop
      vertex 5.322241144563409 11.310338155825244 3
      vertex 4.842915805643155 1.243449435824274 3
      vertex 4.9605735065723895 0.6266661678215213 3
    endloop
  endfacet
  facet normal 0 0 1
    outer loop
      vertex 5.322241144563409 11.310338155825244 3
      vertex 4.9605735065723895 0.6266661678215213 3
      vertex 5 0 3
    endloop
  endfacet
  facet normal 0 0 1
    outer loop
      vertex 6.697834937237452 -10.55409906877519 3
      vertex 6.697834937237459 10.554099068775189 3
      vertex 5.322241144563409 11.310338155825244 3
    endloop
  endfacet
  facet normal 0 0 1
    outer loop
      vertex 5.322241144563409 11.310338155825244 3
      vertex 4.648882429441256 1.8406227634233898 3
      vertex 4.842915805643155 1.243449435824274 3
    endloop
  endfacet
  facet normal 0 1 0
    outer loop
      vertex -0.784881494116416 12.475334105353394 3
      vertex 0.784881494116416 12.475334105353394 3
      vertex 0.784881494116416 12.475334105353394 -1.9000000000000004
    endloop
  endfacet
  facet normal 0.12533323356430362 0.992114701314478 0
    outer loop
      vertex 2.342266432321557 12.278590634108609 -1.9000000000000004
      vertex 0.784881494116416 12.475334105353394 3
      vertex 2.342266432321557 12.278590634108609 3
    endloop
  endfacet
  facet normal 0.2486898871648554 0.9685831611286311 0
    outer loop
      vertex 3.8627124296868423 11.888206453689419 -1.9000000000000004
      vertex 2.342266432321557 12.278590634108609 3
      vertex 3.8627124296868423 11.888206453689419 3
    endloop
  endfacet
  facet normal 0.48175367410171505 0.8763066800438637 0
    outer loop
      vertex 6.697834937237459 10.554099068775189 -1.9000000000000004
      vertex 5.322241144563409 11.310338155825244 3
      vertex 6.697834937237459 10.554099068775189 3
    endloop
  endfacet
  facet normal 0.36812455268467714 0.9297764858882518 0
    outer loop
      vertex 5.322241144563409 11.310338155825244 -1.9000000000000004
      vertex 3.8627124296868423 11.888206453689419 3
      vertex 5.322241144563409 11.310338155825244 3
    endloop
  endfacet
  facet normal 0 0 1
    outer loop
      vertex 0.784881494116416 12.475334105353394 3
      vertex -0.3139525976465646 4.990133642141358 3
      vertex 0.31395259764656636 4.990133642141358 3
    endloop
  endfacet
  facet normal 0 0 1
    outer loop
      vertex 0.784881494116416 12.475334105353394 3
      vertex 0.31395259764656636 4.990133642141358 3
      vertex 0.9369065729286229 4.911436253643443 3
    endloop
  endfacet
  facet normal 0 0 1
    outer loop
      vertex 0.784881494116416 12.475334105353394 3
      vertex 0.9369065729286229 4.911436253643443 3
      vertex 1.545084971874737 4.755282581475767 3
    endloop
  endfacet
  facet normal 0 0 1
    outer loop
      vertex 2.342266432321557 12.278590634108609 3
      vertex 1.545084971874737 4.755282581475767 3
      vertex 2.1288964578253635 4.524135262330097 3
    endloop
  endfacet
  facet normal 0 0 1
    outer loop
      vertex 2.342266432321557 12.278590634108609 3
      vertex 2.1288964578253635 4.524135262330097 3
      vertex 2.679133974894983 4.221639627510076 3
    endloop
  endfacet
  facet normal 0 0 1
    outer loop
      vertex 2.342266432321557 12.278590634108609 3
      vertex 2.679133974894983 4.221639627510076 3
      vertex 3.1871199487434487 3.8525662138789456 3
    endloop
  endfacet
  facet normal 0 0 1
    outer loop
      vertex 0.784881494116416 12.475334105353394 3
      vertex 1.545084971874737 4.755282581475767 3
      vertex 2.342266432321557 12.278590634108609 3
    endloop
  endfacet
  facet normal 0 0 1
    outer loop
      vertex 3.8627124296868423 11.888206453689419 3
      vertex 3.1871199487434487 3.8525662138789456 3
      vertex 3.644843137107058 3.4227355296434436 3
    endloop
  endfacet
  facet normal 0 0 1
    outer loop
      vertex 2.342266432321557 12.278590634108609 3
      vertex 3.1871199487434487 3.8525662138789456 3
      vertex 3.8627124296868423 11.888206453689419 3
    endloop
  endfacet
  facet normal 0 0 1
    outer loop
      vertex 3.8627124296868423 11.888206453689419 3
      vertex 4.648882429441256 1.8406227634233898 3
      vertex 5.322241144563409 11.310338155825244 3
    endloop
  endfacet
  facet normal 0.9980267284282716 0.0627905195293134 0
    outer loop
      vertex 12.401433766430973 1.5666654195538032 -1.9000000000000004
      vertex 12.401433766430973 1.5666654195538032 3
      vertex 12.5 0 3
    endloop
  endfacet
  facet normal 0.9822872507286887 0.18738131458572496 0
    outer loop
      vertex 12.107289514107888 3.108623589560685 -1.9000000000000004
      vertex 12.107289514107888 3.108623589560685 3
      vertex 12.401433766430973 1.5666654195538032 3
    endloop
  endfacet
  facet normal 0.9510565162951535 0.3090169943749475 0
    outer loop
      vertex 11.622206073603142 4.601556908558475 -1.9000000000000004
      vertex 11.622206073603142 4.601556908558475 3
      vertex 12.107289514107888 3.108623589560685 3
    endloop
  endfacet
  facet normal 0.9048270524660199 0.42577929156507177 0
    outer loop
      vertex 10.953833500548296 6.0219209262714415 -1.9000000000000004
      vertex 10.953833500548296 6.0219209262714415 3
      vertex 11.622206073603142 4.601556908558475 3
    endloop
  endfacet
  facet normal 0 0 1
    outer loop
      vertex 7.967799871858625 -9.631415534697362 3
      vertex 7.967799871858622 9.631415534697364 3
      vertex 6.697834937237459 10.554099068775189 3
    endloop
  endfacet
  facet normal 0 0 1
    outer loop
      vertex 9.112107842767646 -8.556838824108606 3
      vertex 9.112107842767644 8.55683882410861 3
      vertex 7.967799871858622 9.631415534697364 3
    endloop
  endfacet
  facet normal 0 0 1
    outer loop
      vertex 10.112712429686843 -7.347315653655914 3
      vertex 10.112712429686843 7.347315653655914 3
      vertex 9.112107842767644 8.55683882410861 3
    endloop
  endfacet
  facet normal 0 0 1
    outer loop
      vertex 10.953833500548294 -6.021920926271442 3
      vertex 10.953833500548296 6.0219209262714415 3
      vertex 10.112712429686843 7.347315653655914 3
    endloop
  endfacet
  facet normal 0 0 1
    outer loop
      vertex 12.401433766430973 -1.5666654195538008 3
      vertex 12.5 0 3
      vertex 12.401433766430973 1.5666654195538032 3
    endloop
  endfacet
  facet normal 0 0 1
    outer loop
      vertex 12.10728951410789 -3.1086235895606804 3
      vertex 12.107289514107888 3.108623589560685 3
      vertex 11.622206073603142 4.601556908558475 3
    endloop
  endfacet
  facet normal 0 0 1
    outer loop
      vertex 12.401433766430973 -1.5666654195538008 3
      vertex 12.401433766430973 1.5666654195538032 3
      vertex 12.107289514107888 3.108623589560685 3
    endloop
  endfacet
  facet normal 0 0 1
    outer loop
      vertex 11.62220607360314 -4.6015569085584795 3
      vertex 11.622206073603142 4.601556908558475 3
      vertex 10.953833500548296 6.0219209262714415 3
    endloop
  endfacet
  facet normal 0.6845471059286881 0.7289686274214121 0
    outer loop
      vertex 9.112107842767644 8.55683882410861 -1.9000000000000004
      vertex 7.967799871858622 9.631415534697364 3
      vertex 9.112107842767644 8.55683882410861 3
    endloop
  endfacet
  facet normal 0.5877852522924738 0.8090169943749468 0
    outer loop
      vertex 7.967799871858622 9.631415534697364 -1.9000000000000004
      vertex 6.697834937237459 10.554099068775189 3
      vertex 7.967799871858622 9.631415534697364 3
    endloop
  endfacet
  facet normal 0.8443279255020147 0.5358267949789972 0
    outer loop
      vertex 10.112712429686843 7.347315653655914 -1.9000000000000004
      vertex 10.112712429686843 7.347315653655914 3
      vertex 10.953833500548296 6.0219209262714415 3
    endloop
  endfacet
  facet normal 0.7705132427757896 0.6374239897486893 0
    outer loop
      vertex 9.112107842767644 8.55683882410861 -1.9000000000000004
      vertex 9.112107842767644 8.55683882410861 3
      vertex 10.112712429686843 7.347315653655914 3
    endloop
  endfacet
endsolid OpenSCAD_Model
