solid OpenSCAD_Model
  facet normal 0 0 -1
    outer loop
      vertex -2.5496959589947585 -3.0820529711031575 -6
      vertex -2.9158745096856467 -2.738188423714754 -6
      vertex -2.5193817051261074 -1.3850418130424318 -6
    endloop
  endfacet
  facet normal 0 0 -1
    outer loop
      vertex -2.5496959589947585 -3.0820529711031575 -6
      vertex -2.0957848038365587 -1.9680729295449795 -6
      vertex -2.143307179915987 -3.37731170200806 -6
    endloop
  endfacet
  facet normal 0 0 -1
    outer loop
      vertex -2.143307179915987 -3.37731170200806 -6
      vertex -2.0957848038365587 -1.9680729295449795 -6
      vertex -1.8325939705274827 -2.2152255729803945 -6
    endloop
  endfacet
  facet normal 0 0 -1
    outer loop
      vertex -2.5496959589947585 -3.0820529711031575 -6
      vertex -2.325923858827974 -1.6898826003408602 -6
      vertex -2.0957848038365587 -1.9680729295449795 -6
    endloop
  endfacet
  facet normal 0 0 -1
    outer loop
      vertex -2.5496959589947585 -3.0820529711031575 -6
      vertex -2.5193817051261074 -1.3850418130424318 -6
      vertex -2.325923858827974 -1.6898826003408602 -6
    endloop
  endfacet
  facet normal 0 0 -1
    outer loop
      vertex -3.719105943553006 -1.4724982107387115 -6
      vertex -3.8743326445145243 -0.9947595486594194 -6
      vertex -3.719105943553006 1.4724982107387115 -6
    endloop
  endfacet
  facet normal 0 0 -1
    outer loop
      vertex -3.8743326445145243 -0.9947595486594194 -6
      vertex -3.9684588052579115 -0.5013329342572163 -6
      vertex -3.8743326445145243 0.9947595486594194 -6
    endloop
  endfacet
  facet normal 0 0 -1
    outer loop
      vertex -3.505226720175454 -1.9270146964068615 -6
      vertex -3.719105943553006 -1.4724982107387115 -6
      vertex -3.505226720175454 1.9270146964068615 -6
    endloop
  endfacet
  facet normal 0 0 -1
    outer loop
      vertex -3.23606797749979 -2.3511410091698925 -6
      vertex -3.505226720175454 -1.9270146964068615 -6
      vertex -3.23606797749979 2.3511410091698925 -6
    endloop
  endfacet
  facet normal 0 0 -1
    outer loop
      vertex -3.23606797749979 -2.3511410091698925 -6
      vertex -2.9158745096856467 2.738188423714754 -6
      vertex -2.9158745096856467 -2.738188423714754 -6
    endloop
  endfacet
  facet normal 0 0 -1
    outer loop
      vertex -2.9158745096856467 -2.738188423714754 -6
      vertex -2.7846765882448143 -0.7149834255989577 -6
      vertex -2.673107396928723 -1.058358088968449 -6
    endloop
  endfacet
  facet normal 0 0 -1
    outer loop
      vertex -2.9158745096856467 -2.738188423714754 -6
      vertex -2.673107396928723 -1.058358088968449 -6
      vertex -2.5193817051261074 -1.3850418130424318 -6
    endloop
  endfacet
  facet normal 0 0 -1
    outer loop
      vertex -2.9158745096856467 -2.738188423714754 -6
      vertex -2.852329766279124 -0.3603330464973742 -6
      vertex -2.7846765882448143 -0.7149834255989577 -6
    endloop
  endfacet
  facet normal 0 0 -1
    outer loop
      vertex -2.9158745096856467 -2.738188423714754 -6
      vertex -2.875 0 -6
      vertex -2.852329766279124 -0.3603330464973742 -6
    endloop
  endfacet
  facet normal 0 0 -1
    outer loop
      vertex -2.143307179915987 -3.37731170200806 -6
      vertex -1.5405020355646157 -2.427442785818293 -6
      vertex -1.7031171662602897 -3.6193082098640783 -6
    endloop
  endfacet
  facet normal 0 0 -1
    outer loop
      vertex -1.7031171662602897 -3.6193082098640783 -6
      vertex -1.2241154632495832 -2.6013777758398064 -6
      vertex -1.2360679774997896 -3.804226065180614 -6
    endloop
  endfacet
  facet normal 0 0 -1
    outer loop
      vertex -1.2360679774997896 -3.804226065180614 -6
      vertex -1.2241154632495832 -2.6013777758398064 -6
      vertex -0.8884238588279738 -2.7342874843485663 -6
    endloop
  endfacet
  facet normal 0 0 -1
    outer loop
      vertex -2.143307179915987 -3.37731170200806 -6
      vertex -1.8325939705274827 -2.2152255729803945 -6
      vertex -1.5405020355646157 -2.427442785818293 -6
    endloop
  endfacet
  facet normal 0 0 -1
    outer loop
      vertex -1.7031171662602897 -3.6193082098640783 -6
      vertex -1.5405020355646157 -2.427442785818293 -6
      vertex -1.2241154632495832 -2.6013777758398064 -6
    endloop
  endfacet
  facet normal 0 0 -1
    outer loop
      vertex -1.2360679774997896 -3.804226065180614 -6
      vertex -0.5387212794339589 -2.82407584584498 -6
      vertex -0.7495252583428993 -3.9291490029147544 -6
    endloop
  endfacet
  facet normal 0 0 -1
    outer loop
      vertex -1.2360679774997896 -3.804226065180614 -6
      vertex -0.8884238588279738 -2.7342874843485663 -6
      vertex -0.5387212794339589 -2.82407584584498 -6
    endloop
  endfacet
  facet normal 0 0 -1
    outer loop
      vertex -0.7495252583428993 -3.9291490029147544 -6
      vertex -0.18052274364677706 -2.869326844231281 -6
      vertex -0.25116207811725505 -3.9921069137130862 -6
    endloop
  endfacet
  facet normal 0 0 -1
    outer loop
      vertex -0.7495252583428993 -3.9291490029147544 -6
      vertex -0.5387212794339589 -2.82407584584498 -6
      vertex -0.18052274364677706 -2.869326844231281 -6
    endloop
  endfacet
  facet normal 0 0 -1
    outer loop
      vertex -0.25116207811725505 -3.9921069137130862 -6
      vertex -0.18052274364677706 -2.869326844231281 -6
      vertex 0.18052274364677706 -2.869326844231281 -6
    endloop
  endfacet
  facet normal -0.8443279255020153 -0.5358267949789962 0
    outer loop
      vertex -3.23606797749979 -2.3511410091698925 -6
      vertex -3.505226720175454 -1.9270146964068615 -0.9882352941176471
      vertex -3.505226720175454 -1.9270146964068615 -6
    endloop
  endfacet
  facet normal -0.770513242775789 -0.6374239897486899 0
    outer loop
      vertex -3.23606797749979 -2.3511410091698925 -6
      vertex -2.9158745096856467 -2.738188423714754 -6
      vertex -3.23606797749979 -2.3511410091698925 -0.9882352941176472
    endloop
  endfacet
  facet normal -0.5877852522924727 -0.8090169943749478 0
    outer loop
      vertex -2.5496959589947585 -3.0820529711031575 -6
      vertex -2.143307179915987 -3.37731170200806 -6
      vertex -2.5496959589947585 -3.0820529711031575 -0.9882352941176468
    endloop
  endfacet
  facet normal -0.6845471059286891 -0.7289686274214111 0
    outer loop
      vertex -2.5496959589947585 -3.0820529711031575 -6
      vertex -2.9158745096856467 -2.738188423714754 -0.9882352941176472
      vertex -2.9158745096856467 -2.738188423714754 -6
    endloop
  endfacet
  facet normal -0.770513242775789 -0.6374239897486899 0
    outer loop
      vertex -2.9158745096856467 -2.738188423714754 -6
      vertex -2.9158745096856467 -2.738188423714754 -0.9882352941176472
      vertex -3.23606797749979 -2.3511410091698925 -0.9882352941176472
    endloop
  endfacet
  facet normal -0.8443279255020153 -0.5358267949789962 0
    outer loop
      vertex -3.23606797749979 -2.3511410091698925 -6
      vertex -3.23606797749979 -2.3511410091698925 -0.9882352941176472
      vertex -3.505226720175454 -1.9270146964068615 -0.9882352941176471
    endloop
  endfacet
  facet normal -0.5877852522924727 -0.8090169943749478 0
    outer loop
      vertex -2.143307179915987 -3.37731170200806 -6
      vertex -2.143307179915987 -3.37731170200806 -0.9882352941176474
      vertex -2.5496959589947585 -3.0820529711031575 -0.9882352941176468
    endloop
  endfacet
  facet normal -0.6845471059286891 -0.7289686274214111 0
    outer loop
      vertex -2.5496959589947585 -3.0820529711031575 -6
      vertex -2.5496959589947585 -3.0820529711031575 -0.9882352941176468
      vertex -2.9158745096856467 -2.738188423714754 -0.9882352941176472
    endloop
  endfacet
  facet normal -0.9048270524660192 -0.42577929156507316 0
    outer loop
      vertex -3.505226720175454 -1.9270146964068615 -6
      vertex -3.719105943553006 -1.4724982107387115 -0.9882352941176473
      vertex -3.719105943553006 -1.4724982107387115 -6
    endloop
  endfacet
  facet normal -0.9510565162951538 -0.3090169943749471 0
    outer loop
      vertex -3.719105943553006 -1.4724982107387115 -6
      vertex -3.8743326445145243 -0.9947595486594194 -0.9882352941176471
      vertex -3.8743326445145243 -0.9947595486594194 -6
    endloop
  endfacet
  facet normal -0.9822872507286885 -0.18738131458572493 0
    outer loop
      vertex -3.8743326445145243 -0.9947595486594194 -6
      vertex -3.9684588052579115 -0.5013329342572163 -0.9882352941176475
      vertex -3.9684588052579115 -0.5013329342572163 -6
    endloop
  endfacet
  facet normal -0.9980267284282716 -0.06279051952931311 0
    outer loop
      vertex -3.9684588052579115 -0.5013329342572163 -6
      vertex -4 0 -0.9882352941176471
      vertex -4 0 -6
    endloop
  endfacet
  facet normal -0.9048270524660192 -0.42577929156507316 0
    outer loop
      vertex -3.505226720175454 -1.9270146964068615 -6
      vertex -3.505226720175454 -1.9270146964068615 -0.9882352941176471
      vertex -3.719105943553006 -1.4724982107387115 -0.9882352941176473
    endloop
  endfacet
  facet normal -0.9510565162951538 -0.3090169943749471 0
    outer loop
      vertex -3.719105943553006 -1.4724982107387115 -6
      vertex -3.719105943553006 -1.4724982107387115 -0.9882352941176473
      vertex -3.8743326445145243 -0.9947595486594194 -0.9882352941176471
    endloop
  endfacet
  facet normal -0.9822872507286885 -0.18738131458572493 0
    outer loop
      vertex -3.8743326445145243 -0.9947595486594194 -6
      vertex -3.8743326445145243 -0.9947595486594194 -0.9882352941176471
      vertex -3.9684588052579115 -0.5013329342572163 -0.9882352941176475
    endloop
  endfacet
  facet normal -0.9980267284282716 -0.06279051952931311 0
    outer loop
      vertex -3.9684588052579115 -0.5013329342572163 -6
      vertex -3.9684588052579115 -0.5013329342572163 -0.9882352941176475
      vertex -4 0 -0.9882352941176471
    endloop
  endfacet
  facet normal -0.36812455268467786 -0.9297764858882515 0
    outer loop
      vertex -1.7031171662602897 -3.6193082098640783 -6
      vertex -1.2360679774997896 -3.804226065180614 -6
      vertex -1.7031171662602897 -3.6193082098640783 -0.9882352941176471
    endloop
  endfacet
  facet normal -0.4817536741017151 -0.8763066800438636 0
    outer loop
      vertex -2.143307179915987 -3.37731170200806 -6
      vertex -1.7031171662602897 -3.6193082098640783 -6
      vertex -2.143307179915987 -3.37731170200806 -0.9882352941176474
    endloop
  endfacet
  facet normal -0.248689887164855 -0.9685831611286311 -1.1018124549933148e-17
    outer loop
      vertex -1.2360679774997896 -3.804226065180614 -6
      vertex -0.7495252583428993 -3.9291490029147544 -6
      vertex -1.2360679774997898 -3.804226065180614 -0.9882352941176465
    endloop
  endfacet
  facet normal -0.12533323356430495 -0.9921147013144777 0
    outer loop
      vertex -0.7495252583428993 -3.9291490029147544 -6
      vertex -0.25116207811725505 -3.9921069137130862 -6
      vertex -0.7495252583428993 -3.9291490029147544 -0.9882352941176471
    endloop
  endfacet
  facet normal 0 -1 0
    outer loop
      vertex -0.25116207811725505 -3.9921069137130862 -6
      vertex 0.25116207811725505 -3.9921069137130862 -6
      vertex -0.25116207811725505 -3.9921069137130862 -0.9882352941176477
    endloop
  endfacet
  facet normal -0.4817536741017151 -0.8763066800438636 0
    outer loop
      vertex -1.7031171662602897 -3.6193082098640783 -6
      vertex -1.7031171662602897 -3.6193082098640783 -0.9882352941176471
      vertex -2.143307179915987 -3.37731170200806 -0.9882352941176474
    endloop
  endfacet
  facet normal -0.368124552684678 -0.9297764858882513 -1.630963855269066e-17
    outer loop
      vertex -1.2360679774997896 -3.804226065180614 -6
      vertex -1.2360679774997898 -3.804226065180614 -0.9882352941176465
      vertex -1.7031171662602897 -3.6193082098640783 -0.9882352941176471
    endloop
  endfacet
  facet normal -0.24868988716485485 -0.9685831611286311 0
    outer loop
      vertex -0.7495252583428993 -3.9291490029147544 -6
      vertex -0.7495252583428993 -3.9291490029147544 -0.9882352941176471
      vertex -1.2360679774997898 -3.804226065180614 -0.9882352941176465
    endloop
  endfacet
  facet normal -0.12533323356430495 -0.9921147013144777 0
    outer loop
      vertex -0.25116207811725505 -3.9921069137130862 -6
      vertex -0.25116207811725505 -3.9921069137130862 -0.9882352941176477
      vertex -0.7495252583428993 -3.9291490029147544 -0.9882352941176471
    endloop
  endfacet
  facet normal 0 0 -1
    outer loop
      vertex -3.9684588052579115 -0.5013329342572163 -6
      vertex -4 0 -6
      vertex -3.9684588052579115 0.5013329342572163 -6
    endloop
  endfacet
  facet normal 0 0 -1
    outer loop
      vertex -3.9684588052579115 -0.5013329342572163 -6
      vertex -3.9684588052579115 0.5013329342572163 -6
      vertex -3.8743326445145243 0.9947595486594194 -6
    endloop
  endfacet
  facet normal 0 0 -1
    outer loop
      vertex -3.8743326445145243 -0.9947595486594194 -6
      vertex -3.8743326445145243 0.9947595486594194 -6
      vertex -3.719105943553006 1.4724982107387115 -6
    endloop
  endfacet
  facet normal 0 0 -1
    outer loop
      vertex -3.719105943553006 -1.4724982107387115 -6
      vertex -3.719105943553006 1.4724982107387115 -6
      vertex -3.505226720175454 1.9270146964068615 -6
    endloop
  endfacet
  facet normal 0 0 -1
    outer loop
      vertex -3.505226720175454 -1.9270146964068615 -6
      vertex -3.505226720175454 1.9270146964068615 -6
      vertex -3.23606797749979 2.3511410091698925 -6
    endloop
  endfacet
  facet normal 0 0 -1
    outer loop
      vertex -3.23606797749979 -2.3511410091698925 -6
      vertex -3.23606797749979 2.3511410091698925 -6
      vertex -2.9158745096856467 2.738188423714754 -6
    endloop
  endfacet
  facet normal 0 0 -1
    outer loop
      vertex -2.9158745096856467 -2.738188423714754 -6
      vertex -2.9158745096856467 2.738188423714754 -6
      vertex -2.875 0 -6
    endloop
  endfacet
  facet normal 0 0 -1
    outer loop
      vertex -2.875 0 -6
      vertex -2.9158745096856467 2.738188423714754 -6
      vertex -2.852329766279124 0.3603330464973742 -6
    endloop
  endfacet
  facet normal 0 0 -1
    outer loop
      vertex -2.852329766279124 0.3603330464973742 -6
      vertex -2.9158745096856467 2.738188423714754 -6
      vertex -2.7846765882448143 0.7149834255989577 -6
    endloop
  endfacet
  facet normal 0 0 -1
    outer loop
      vertex -2.7846765882448143 0.7149834255989577 -6
      vertex -2.5496959589947585 3.0820529711031575 -6
      vertex -2.673107396928723 1.058358088968449 -6
    endloop
  endfacet
  facet normal 0 0 -1
    outer loop
      vertex -2.673107396928723 1.058358088968449 -6
      vertex -2.5496959589947585 3.0820529711031575 -6
      vertex -2.5193817051261074 1.3850418130424318 -6
    endloop
  endfacet
  facet normal 0 0 -1
    outer loop
      vertex -2.7846765882448143 0.7149834255989577 -6
      vertex -2.9158745096856467 2.738188423714754 -6
      vertex -2.5496959589947585 3.0820529711031575 -6
    endloop
  endfacet
  facet normal 0 0 -1
    outer loop
      vertex -2.5193817051261074 1.3850418130424318 -6
      vertex -2.5496959589947585 3.0820529711031575 -6
      vertex -2.325923858827974 1.6898826003408602 -6
    endloop
  endfacet
  facet normal 0 0 -1
    outer loop
      vertex -2.325923858827974 1.6898826003408602 -6
      vertex -2.143307179915987 3.37731170200806 -6
      vertex -2.0957848038365587 1.9680729295449795 -6
    endloop
  endfacet
  facet normal 0 0 -1
    outer loop
      vertex -2.325923858827974 1.6898826003408602 -6
      vertex -2.5496959589947585 3.0820529711031575 -6
      vertex -2.143307179915987 3.37731170200806 -6
    endloop
  endfacet
  facet normal 0 0 -1
    outer loop
      vertex -2.0957848038365587 1.9680729295449795 -6
      vertex -2.143307179915987 3.37731170200806 -6
      vertex -1.8325939705274827 2.2152255729803945 -6
    endloop
  endfacet
  facet normal 0 0 -1
    outer loop
      vertex -1.8325939705274827 2.2152255729803945 -6
      vertex -1.7031171662602909 3.619308209864078 -6
      vertex -1.5405020355646157 2.427442785818293 -6
    endloop
  endfacet
  facet normal 0 0 -1
    outer loop
      vertex -1.5405020355646157 2.427442785818293 -6
      vertex -1.2360679774997896 3.804226065180614 -6
      vertex -1.224115463249584 2.601377775839806 -6
    endloop
  endfacet
  facet normal 0 0 -1
    outer loop
      vertex -2.143307179915987 3.37731170200806 -6
      vertex -1.7031171662602909 3.619308209864078 -6
      vertex -1.8325939705274827 2.2152255729803945 -6
    endloop
  endfacet
  facet normal 0 0 -1
    outer loop
      vertex -1.5405020355646157 2.427442785818293 -6
      vertex -1.7031171662602909 3.619308209864078 -6
      vertex -1.2360679774997896 3.804226065180614 -6
    endloop
  endfacet
  facet normal 0 0 -1
    outer loop
      vertex -1.224115463249584 2.601377775839806 -6
      vertex -1.2360679774997896 3.804226065180614 -6
      vertex -0.8884238588279738 2.7342874843485663 -6
    endloop
  endfacet
  facet normal 0 0 -1
    outer loop
      vertex -1.2360679774997896 3.804226065180614 -6
      vertex -0.7495252583428983 3.929149002914755 -6
      vertex -0.8884238588279738 2.7342874843485663 -6
    endloop
  endfacet
  facet normal 0 0 -1
    outer loop
      vertex -0.8884238588279738 2.7342874843485663 -6
      vertex -0.7495252583428983 3.929149002914755 -6
      vertex -0.5387212794339582 2.82407584584498 -6
    endloop
  endfacet
  facet normal 0 0 -1
    outer loop
      vertex -0.5387212794339582 2.82407584584498 -6
      vertex -0.7495252583428983 3.929149002914755 -6
      vertex -0.2511620781172531 3.9921069137130862 -6
    endloop
  endfacet
  facet normal 0 0 -1
    outer loop
      vertex -0.5387212794339582 2.82407584584498 -6
      vertex -0.2511620781172531 3.9921069137130862 -6
      vertex -0.18052274364677567 2.869326844231281 -6
    endloop
  endfacet
  facet normal 0 0 -1
    outer loop
      vertex -0.18052274364677567 2.869326844231281 -6
      vertex -0.2511620781172531 3.9921069137130862 -6
      vertex 0.2511620781172531 3.9921069137130862 -6
    endloop
  endfacet
  facet normal -0.9980267284282716 0.06279051952931311 0
    outer loop
      vertex -4 0 -6
      vertex -3.9684588052579115 0.5013329342572163 -0.9882352941176475
      vertex -3.9684588052579115 0.5013329342572163 -6
    endloop
  endfacet
  facet normal -0.9822872507286885 0.18738131458572493 -2.7562303483302653e-18
    outer loop
      vertex -3.9684588052579115 0.5013329342572163 -6
      vertex -3.8743326445145243 0.9947595486594195 -0.9882352941176472
      vertex -3.8743326445145243 0.9947595486594194 -6
    endloop
  endfacet
  facet normal -0.9510565162951538 0.3090169943749471 0
    outer loop
      vertex -3.8743326445145243 0.9947595486594194 -6
      vertex -3.719105943553006 1.4724982107387115 -0.9882352941176473
      vertex -3.719105943553006 1.4724982107387115 -6
    endloop
  endfacet
  facet normal -0.9048270524660192 0.42577929156507316 0
    outer loop
      vertex -3.719105943553006 1.4724982107387115 -6
      vertex -3.505226720175454 1.9270146964068615 -0.9882352941176471
      vertex -3.505226720175454 1.9270146964068615 -6
    endloop
  endfacet
  facet normal -0.9980267284282716 0.06279051952931311 0
    outer loop
      vertex -4 0 -6
      vertex -4 0 -0.9882352941176471
      vertex -3.9684588052579115 0.5013329342572163 -0.9882352941176475
    endloop
  endfacet
  facet normal -0.9822872507286885 0.18738131458572488 0
    outer loop
      vertex -3.9684588052579115 0.5013329342572163 -6
      vertex -3.9684588052579115 0.5013329342572163 -0.9882352941176475
      vertex -3.8743326445145243 0.9947595486594195 -0.9882352941176472
    endloop
  endfacet
  facet normal -0.9510565162951536 0.3090169943749471 -6.845448704981209e-18
    outer loop
      vertex -3.8743326445145243 0.9947595486594194 -6
      vertex -3.8743326445145243 0.9947595486594195 -0.9882352941176472
      vertex -3.719105943553006 1.4724982107387115 -0.9882352941176473
    endloop
  endfacet
  facet normal -0.9048270524660192 0.42577929156507316 0
    outer loop
      vertex -3.719105943553006 1.4724982107387115 -6
      vertex -3.719105943553006 1.4724982107387115 -0.9882352941176473
      vertex -3.505226720175454 1.9270146964068615 -0.9882352941176471
    endloop
  endfacet
  facet normal -0.8443279255020153 0.5358267949789962 0
    outer loop
      vertex -3.505226720175454 1.9270146964068615 -6
      vertex -3.23606797749979 2.3511410091698925 -0.9882352941176472
      vertex -3.23606797749979 2.3511410091698925 -6
    endloop
  endfacet
  facet normal -0.770513242775789 0.6374239897486899 0
    outer loop
      vertex -3.23606797749979 2.3511410091698925 -6
      vertex -2.9158745096856467 2.738188423714754 -0.9882352941176472
      vertex -2.9158745096856467 2.738188423714754 -6
    endloop
  endfacet
  facet normal -0.6845471059286891 0.7289686274214111 0
    outer loop
      vertex -2.9158745096856467 2.738188423714754 -6
      vertex -2.5496959589947585 3.0820529711031575 -0.9882352941176468
      vertex -2.5496959589947585 3.0820529711031575 -6
    endloop
  endfacet
  facet normal -0.5877852522924727 0.8090169943749478 0
    outer loop
      vertex -2.5496959589947585 3.0820529711031575 -6
      vertex -2.143307179915987 3.37731170200806 -0.9882352941176475
      vertex -2.143307179915987 3.37731170200806 -6
    endloop
  endfacet
  facet normal -0.8443279255020153 0.5358267949789962 0
    outer loop
      vertex -3.505226720175454 1.9270146964068615 -6
      vertex -3.505226720175454 1.9270146964068615 -0.9882352941176471
      vertex -3.23606797749979 2.3511410091698925 -0.9882352941176472
    endloop
  endfacet
  facet normal -0.770513242775789 0.6374239897486899 0
    outer loop
      vertex -3.23606797749979 2.3511410091698925 -6
      vertex -3.23606797749979 2.3511410091698925 -0.9882352941176472
      vertex -2.9158745096856467 2.738188423714754 -0.9882352941176472
    endloop
  endfacet
  facet normal -0.6845471059286891 0.7289686274214111 0
    outer loop
      vertex -2.9158745096856467 2.738188423714754 -6
      vertex -2.9158745096856467 2.738188423714754 -0.9882352941176472
      vertex -2.5496959589947585 3.0820529711031575 -0.9882352941176468
    endloop
  endfacet
  facet normal -0.5877852522924727 0.8090169943749478 0
    outer loop
      vertex -2.5496959589947585 3.0820529711031575 -6
      vertex -2.5496959589947585 3.0820529711031575 -0.9882352941176468
      vertex -2.143307179915987 3.37731170200806 -0.9882352941176475
    endloop
  endfacet
  facet normal -0.4817536741017153 0.8763066800438636 0
    outer loop
      vertex -2.143307179915987 3.37731170200806 -6
      vertex -1.7031171662602909 3.619308209864078 -0.9882352941176473
      vertex -1.7031171662602909 3.619308209864078 -6
    endloop
  endfacet
  facet normal -0.3681245526846779 0.9297764858882515 0
    outer loop
      vertex -1.7031171662602909 3.619308209864078 -6
      vertex -1.2360679774997896 3.804226065180614 -0.9882352941176464
      vertex -1.2360679774997896 3.804226065180614 -6
    endloop
  endfacet
  facet normal -0.2486898871648553 0.968583161128631 0
    outer loop
      vertex -1.2360679774997896 3.804226065180614 -6
      vertex -0.7495252583428983 3.929149002914755 -0.9882352941176463
      vertex -0.7495252583428983 3.929149002914755 -6
    endloop
  endfacet
  facet normal -0.12533323356430387 0.9921147013144779 0
    outer loop
      vertex -0.7495252583428983 3.929149002914755 -6
      vertex -0.25116207811725305 3.9921069137130862 -0.9882352941176477
      vertex -0.2511620781172531 3.9921069137130862 -6
    endloop
  endfacet
  facet normal -0.4817536741017153 0.8763066800438636 0
    outer loop
      vertex -2.143307179915987 3.37731170200806 -6
      vertex -2.143307179915987 3.37731170200806 -0.9882352941176475
      vertex -1.7031171662602909 3.619308209864078 -0.9882352941176473
    endloop
  endfacet
  facet normal -0.36812455268467786 0.9297764858882515 0
    outer loop
      vertex -1.7031171662602909 3.619308209864078 -6
      vertex -1.7031171662602909 3.619308209864078 -0.9882352941176473
      vertex -1.2360679774997896 3.804226065180614 -0.9882352941176464
    endloop
  endfacet
  facet normal -0.2486898871648553 0.968583161128631 0
    outer loop
      vertex -1.2360679774997896 3.804226065180614 -6
      vertex -1.2360679774997896 3.804226065180614 -0.9882352941176464
      vertex -0.7495252583428983 3.929149002914755 -0.9882352941176463
    endloop
  endfacet
  facet normal -0.12533323356430384 0.9921147013144779 0
    outer loop
      vertex -0.7495252583428983 3.929149002914755 -6
      vertex -0.7495252583428983 3.929149002914755 -0.9882352941176463
      vertex -0.25116207811725305 3.9921069137130862 -0.9882352941176477
    endloop
  endfacet
  facet normal 0 1 0
    outer loop
      vertex -0.2511620781172531 3.9921069137130862 -6
      vertex -0.25116207811725305 3.9921069137130862 -0.9882352941176477
      vertex 0.2511620781172531 3.9921069137130862 -0.9882352941176477
    endloop
  endfacet
  facet normal 0 0 -1
    outer loop
      vertex -0.25116207811725505 -3.9921069137130862 -6
      vertex 0.18052274364677706 -2.869326844231281 -6
      vertex 0.25116207811725505 -3.9921069137130862 -6
    endloop
  endfacet
  facet normal 0 0 -1
    outer loop
      vertex 0.25116207811725505 -3.9921069137130862 -6
      vertex 0.18052274364677706 -2.869326844231281 -6
      vertex 0.5387212794339589 -2.82407584584498 -6
    endloop
  endfacet
  facet normal 0 0 -1
    outer loop
      vertex 0.25116207811725505 -3.9921069137130862 -6
      vertex 0.5387212794339589 -2.82407584584498 -6
      vertex 0.7495252583428993 -3.9291490029147544 -6
    endloop
  endfacet
  facet normal 0 0 -1
    outer loop
      vertex 0.7495252583428993 -3.9291490029147544 -6
      vertex 0.5387212794339589 -2.82407584584498 -6
      vertex 0.8884238588279738 -2.7342874843485663 -6
    endloop
  endfacet
  facet normal 0 0 -1
    outer loop
      vertex 0.7495252583428993 -3.9291490029147544 -6
      vertex 0.8884238588279738 -2.7342874843485663 -6
      vertex 1.2360679774997896 -3.804226065180614 -6
    endloop
  endfacet
  facet normal 0 0 -1
    outer loop
      vertex 0.8884238588279738 -2.7342874843485663 -6
      vertex 1.2241154632495832 -2.6013777758398064 -6
      vertex 1.2360679774997896 -3.804226065180614 -6
    endloop
  endfacet
  facet normal 0 0 -1
    outer loop
      vertex 1.2360679774997896 -3.804226065180614 -6
      vertex 1.5405020355646142 -2.427442785818294 -6
      vertex 1.7031171662602897 -3.6193082098640783 -6
    endloop
  endfacet
  facet normal 0 0 -1
    outer loop
      vertex 1.7031171662602897 -3.6193082098640783 -6
      vertex 1.8325939705274836 -2.2152255729803936 -6
      vertex 2.143307179915985 -3.377311702008061 -6
    endloop
  endfacet
  facet normal 0 0 -1
    outer loop
      vertex 1.2360679774997896 -3.804226065180614 -6
      vertex 1.2241154632495832 -2.6013777758398064 -6
      vertex 1.5405020355646142 -2.427442785818294 -6
    endloop
  endfacet
  facet normal 0 0 -1
    outer loop
      vertex 1.7031171662602897 -3.6193082098640783 -6
      vertex 1.5405020355646142 -2.427442785818294 -6
      vertex 1.8325939705274836 -2.2152255729803936 -6
    endloop
  endfacet
  facet normal 0 0 -1
    outer loop
      vertex 1.8325939705274836 -2.2152255729803936 -6
      vertex 2.0957848038365587 -1.9680729295449795 -6
      vertex 2.143307179915985 -3.377311702008061 -6
    endloop
  endfacet
  facet normal 0 0 -1
    outer loop
      vertex 2.143307179915985 -3.377311702008061 -6
      vertex 2.325923858827974 -1.6898826003408602 -6
      vertex 2.54969595899476 -3.082052971103156 -6
    endloop
  endfacet
  facet normal 0 0 -1
    outer loop
      vertex 2.143307179915985 -3.377311702008061 -6
      vertex 2.0957848038365587 -1.9680729295449795 -6
      vertex 2.325923858827974 -1.6898826003408602 -6
    endloop
  endfacet
  facet normal 0 0 -1
    outer loop
      vertex 2.54969595899476 -3.082052971103156 -6
      vertex 2.325923858827974 -1.6898826003408602 -6
      vertex 2.5193817051261074 -1.3850418130424318 -6
    endloop
  endfacet
  facet normal 0 0 -1
    outer loop
      vertex 2.54969595899476 -3.082052971103156 -6
      vertex 2.784676588244815 -0.7149834255989564 -6
      vertex 2.9158745096856467 -2.738188423714754 -6
    endloop
  endfacet
  facet normal 0 0 -1
    outer loop
      vertex 2.54969595899476 -3.082052971103156 -6
      vertex 2.5193817051261074 -1.3850418130424318 -6
      vertex 2.6731073969287222 -1.0583580889684503 -6
    endloop
  endfacet
  facet normal 0 0 -1
    outer loop
      vertex 2.54969595899476 -3.082052971103156 -6
      vertex 2.6731073969287222 -1.0583580889684503 -6
      vertex 2.784676588244815 -0.7149834255989564 -6
    endloop
  endfacet
  facet normal 0 0 -1
    outer loop
      vertex 2.9158745096856467 -2.738188423714754 -6
      vertex 2.784676588244815 -0.7149834255989564 -6
      vertex 2.852329766279124 -0.3603330464973742 -6
    endloop
  endfacet
  facet normal 0 0 -1
    outer loop
      vertex 2.9158745096856467 -2.738188423714754 -6
      vertex 2.852329766279124 -0.3603330464973742 -6
      vertex 2.875 0 -6
    endloop
  endfacet
  facet normal 0 0 -1
    outer loop
      vertex 2.9158745096856467 -2.738188423714754 -6
      vertex 3.23606797749979 2.3511410091698925 -6
      vertex 3.23606797749979 -2.3511410091698925 -6
    endloop
  endfacet
  facet normal 0 0 -1
    outer loop
      vertex 3.23606797749979 -2.3511410091698925 -6
      vertex 3.5052267201754543 1.9270146964068613 -6
      vertex 3.505226720175454 -1.9270146964068615 -6
    endloop
  endfacet
  facet normal 0 0 -1
    outer loop
      vertex 3.505226720175454 -1.9270146964068615 -6
      vertex 3.7191059435530054 1.472498210738712 -6
      vertex 3.719105943553005 -1.4724982107387135 -6
    endloop
  endfacet
  facet normal 0 0 -1
    outer loop
      vertex 3.719105943553005 -1.4724982107387135 -6
      vertex 3.8743326445145243 0.9947595486594192 -6
      vertex 3.8743326445145247 -0.9947595486594177 -6
    endloop
  endfacet
  facet normal 0 0 -1
    outer loop
      vertex 3.8743326445145247 -0.9947595486594177 -6
      vertex 3.9684588052579115 0.501332934257217 -6
      vertex 3.9684588052579115 -0.5013329342572163 -6
    endloop
  endfacet
  facet normal 0.12533323356430495 -0.9921147013144777 0
    outer loop
      vertex 0.25116207811725505 -3.9921069137130862 -6
      vertex 0.7495252583428993 -3.9291490029147544 -6
      vertex 0.25116207811725505 -3.9921069137130862 -0.9882352941176477
    endloop
  endfacet
  facet normal 0.248689887164855 -0.9685831611286311 0
    outer loop
      vertex 0.7495252583428993 -3.9291490029147544 -6
      vertex 1.2360679774997896 -3.804226065180614 -6
      vertex 0.7495252583428993 -3.9291490029147544 -0.9882352941176471
    endloop
  endfacet
  facet normal 0.3681245526846778 -0.9297764858882513 0
    outer loop
      vertex 1.2360679774997896 -3.804226065180614 -6
      vertex 1.7031171662602897 -3.6193082098640783 -6
      vertex 1.2360679774997896 -3.804226065180614 -0.9882352941176464
    endloop
  endfacet
  facet normal 0.4817536741017149 -0.8763066800438637 0
    outer loop
      vertex 1.7031171662602897 -3.6193082098640783 -6
      vertex 2.143307179915985 -3.377311702008061 -6
      vertex 1.7031171662602897 -3.6193082098640783 -0.9882352941176471
    endloop
  endfacet
  facet normal 0 -1 0
    outer loop
      vertex 0.25116207811725505 -3.9921069137130862 -6
      vertex 0.25116207811725505 -3.9921069137130862 -0.9882352941176477
      vertex -0.25116207811725505 -3.9921069137130862 -0.9882352941176477
    endloop
  endfacet
  facet normal 0.12533323356430495 -0.9921147013144777 0
    outer loop
      vertex 0.7495252583428993 -3.9291490029147544 -6
      vertex 0.7495252583428993 -3.9291490029147544 -0.9882352941176471
      vertex 0.25116207811725505 -3.9921069137130862 -0.9882352941176477
    endloop
  endfacet
  facet normal 0.248689887164855 -0.9685831611286311 0
    outer loop
      vertex 1.2360679774997896 -3.804226065180614 -6
      vertex 1.2360679774997896 -3.804226065180614 -0.9882352941176464
      vertex 0.7495252583428993 -3.9291490029147544 -0.9882352941176471
    endloop
  endfacet
  facet normal 0.36812455268467786 -0.9297764858882515 0
    outer loop
      vertex 1.7031171662602897 -3.6193082098640783 -6
      vertex 1.7031171662602897 -3.6193082098640783 -0.9882352941176471
      vertex 1.2360679774997896 -3.804226065180614 -0.9882352941176464
    endloop
  endfacet
  facet normal 0.4817536741017149 -0.8763066800438637 0
    outer loop
      vertex 2.143307179915985 -3.377311702008061 -6
      vertex 2.143307179915985 -3.377311702008061 -0.9882352941176474
      vertex 1.7031171662602897 -3.6193082098640783 -0.9882352941176471
    endloop
  endfacet
  facet normal 0.5877852522924727 -0.8090169943749477 0
    outer loop
      vertex 2.143307179915985 -3.377311702008061 -6
      vertex 2.54969595899476 -3.082052971103156 -6
      vertex 2.143307179915985 -3.377311702008061 -0.9882352941176474
    endloop
  endfacet
  facet normal 0.6845471059286891 -0.7289686274214112 0
    outer loop
      vertex 2.54969595899476 -3.082052971103156 -6
      vertex 2.9158745096856467 -2.738188423714754 -6
      vertex 2.54969595899476 -3.082052971103156 -0.9882352941176474
    endloop
  endfacet
  facet normal 0.770513242775789 -0.6374239897486899 0
    outer loop
      vertex 2.9158745096856467 -2.738188423714754 -6
      vertex 3.23606797749979 -2.3511410091698925 -6
      vertex 2.9158745096856467 -2.738188423714754 -0.9882352941176472
    endloop
  endfacet
  facet normal 0.8443279255020153 -0.5358267949789962 0
    outer loop
      vertex 3.23606797749979 -2.3511410091698925 -6
      vertex 3.505226720175454 -1.9270146964068615 -6
      vertex 3.23606797749979 -2.3511410091698925 -0.9882352941176472
    endloop
  endfacet
  facet normal 0.5877852522924727 -0.8090169943749477 0
    outer loop
      vertex 2.54969595899476 -3.082052971103156 -6
      vertex 2.54969595899476 -3.082052971103156 -0.9882352941176474
      vertex 2.143307179915985 -3.377311702008061 -0.9882352941176474
    endloop
  endfacet
  facet normal 0.6845471059286891 -0.7289686274214112 0
    outer loop
      vertex 2.9158745096856467 -2.738188423714754 -6
      vertex 2.9158745096856467 -2.738188423714754 -0.9882352941176472
      vertex 2.54969595899476 -3.082052971103156 -0.9882352941176474
    endloop
  endfacet
  facet normal 0.770513242775789 -0.6374239897486899 0
    outer loop
      vertex 3.23606797749979 -2.3511410091698925 -6
      vertex 3.23606797749979 -2.3511410091698925 -0.9882352941176472
      vertex 2.9158745096856467 -2.738188423714754 -0.9882352941176472
    endloop
  endfacet
  facet normal 0.8443279255020153 -0.5358267949789962 0
    outer loop
      vertex 3.505226720175454 -1.9270146964068615 -6
      vertex 3.505226720175454 -1.9270146964068615 -0.9882352941176471
      vertex 3.23606797749979 -2.3511410091698925 -0.9882352941176472
    endloop
  endfacet
  facet normal 0.9048270524660194 -0.42577929156507327 0
    outer loop
      vertex 3.505226720175454 -1.9270146964068615 -6
      vertex 3.719105943553005 -1.4724982107387135 -6
      vertex 3.505226720175454 -1.9270146964068615 -0.9882352941176471
    endloop
  endfacet
  facet normal 0.9510565162951536 -0.30901699437494734 0
    outer loop
      vertex 3.719105943553005 -1.4724982107387135 -6
      vertex 3.8743326445145247 -0.9947595486594177 -6
      vertex 3.719105943553005 -1.4724982107387135 -0.9882352941176475
    endloop
  endfacet
  facet normal 0.9822872507286886 -0.18738131458572468 0
    outer loop
      vertex 3.8743326445145247 -0.9947595486594177 -6
      vertex 3.9684588052579115 -0.5013329342572163 -6
      vertex 3.8743326445145247 -0.9947595486594177 -0.9882352941176477
    endloop
  endfacet
  facet normal 0.9980267284282716 -0.06279051952931311 0
    outer loop
      vertex 3.9684588052579115 -0.5013329342572163 -6
      vertex 4 0 -6
      vertex 3.9684588052579115 -0.5013329342572163 -0.9882352941176475
    endloop
  endfacet
  facet normal 0.9048270524660194 -0.42577929156507327 0
    outer loop
      vertex 3.719105943553005 -1.4724982107387135 -6
      vertex 3.719105943553005 -1.4724982107387135 -0.9882352941176475
      vertex 3.505226720175454 -1.9270146964068615 -0.9882352941176471
    endloop
  endfacet
  facet normal 0.9510565162951536 -0.30901699437494734 0
    outer loop
      vertex 3.8743326445145247 -0.9947595486594177 -6
      vertex 3.8743326445145247 -0.9947595486594177 -0.9882352941176477
      vertex 3.719105943553005 -1.4724982107387135 -0.9882352941176475
    endloop
  endfacet
  facet normal 0.9822872507286886 -0.18738131458572468 0
    outer loop
      vertex 3.9684588052579115 -0.5013329342572163 -6
      vertex 3.9684588052579115 -0.5013329342572163 -0.9882352941176475
      vertex 3.8743326445145247 -0.9947595486594177 -0.9882352941176477
    endloop
  endfacet
  facet normal 0.9980267284282716 -0.06279051952931311 0
    outer loop
      vertex 4 0 -6
      vertex 4 0 -0.9882352941176471
      vertex 3.9684588052579115 -0.5013329342572163 -0.9882352941176475
    endloop
  endfacet
  facet normal 0 0 -1
    outer loop
      vertex -0.18052274364677567 2.869326844231281 -6
      vertex 0.2511620781172531 3.9921069137130862 -6
      vertex 0.18052274364677542 2.869326844231281 -6
    endloop
  endfacet
  facet normal 0 0 -1
    outer loop
      vertex 0.18052274364677542 2.869326844231281 -6
      vertex 0.7495252583428983 3.929149002914755 -6
      vertex 0.5387212794339582 2.82407584584498 -6
    endloop
  endfacet
  facet normal 0 0 -1
    outer loop
      vertex 0.18052274364677542 2.869326844231281 -6
      vertex 0.2511620781172531 3.9921069137130862 -6
      vertex 0.7495252583428983 3.929149002914755 -6
    endloop
  endfacet
  facet normal 0 0 -1
    outer loop
      vertex 0.5387212794339582 2.82407584584498 -6
      vertex 1.2360679774997896 3.804226065180614 -6
      vertex 0.8884238588279738 2.7342874843485663 -6
    endloop
  endfacet
  facet normal 0 0 -1
    outer loop
      vertex 0.5387212794339582 2.82407584584498 -6
      vertex 0.7495252583428983 3.929149002914755 -6
      vertex 1.2360679774997896 3.804226065180614 -6
    endloop
  endfacet
  facet normal 0 0 -1
    outer loop
      vertex 1.224115463249584 2.601377775839806 -6
      vertex 1.7031171662602909 3.619308209864078 -6
      vertex 1.5405020355646153 2.427442785818293 -6
    endloop
  endfacet
  facet normal 0 0 -1
    outer loop
      vertex 1.5405020355646153 2.427442785818293 -6
      vertex 2.1433071799159866 3.3773117020080603 -6
      vertex 1.832593970527483 2.2152255729803936 -6
    endloop
  endfacet
  facet normal 0 0 -1
    outer loop
      vertex 0.8884238588279738 2.7342874843485663 -6
      vertex 1.2360679774997896 3.804226065180614 -6
      vertex 1.224115463249584 2.601377775839806 -6
    endloop
  endfacet
  facet normal 0 0 -1
    outer loop
      vertex 1.224115463249584 2.601377775839806 -6
      vertex 1.2360679774997896 3.804226065180614 -6
      vertex 1.7031171662602909 3.619308209864078 -6
    endloop
  endfacet
  facet normal 0 0 -1
    outer loop
      vertex 1.5405020355646153 2.427442785818293 -6
      vertex 1.7031171662602909 3.619308209864078 -6
      vertex 2.1433071799159866 3.3773117020080603 -6
    endloop
  endfacet
  facet normal 0 0 -1
    outer loop
      vertex 2.9158745096856467 -2.738188423714754 -6
      vertex 2.875 0 -6
      vertex 2.915874509685646 2.738188423714755 -6
    endloop
  endfacet
  facet normal 0 0 -1
    outer loop
      vertex 2.875 0 -6
      vertex 2.852329766279124 0.36033304649737474 -6
      vertex 2.915874509685646 2.738188423714755 -6
    endloop
  endfacet
  facet normal 0 0 -1
    outer loop
      vertex 2.852329766279124 0.36033304649737474 -6
      vertex 2.7846765882448143 0.7149834255989576 -6
      vertex 2.915874509685646 2.738188423714755 -6
    endloop
  endfacet
  facet normal 0 0 -1
    outer loop
      vertex 2.6731073969287227 1.0583580889684492 -6
      vertex 2.519381705126108 1.3850418130424316 -6
      vertex 2.915874509685646 2.738188423714755 -6
    endloop
  endfacet
  facet normal 0 0 -1
    outer loop
      vertex 2.7846765882448143 0.7149834255989576 -6
      vertex 2.6731073969287227 1.0583580889684492 -6
      vertex 2.915874509685646 2.738188423714755 -6
    endloop
  endfacet
  facet normal 0 0 -1
    outer loop
      vertex 2.9158745096856467 -2.738188423714754 -6
      vertex 2.915874509685646 2.738188423714755 -6
      vertex 3.23606797749979 2.3511410091698925 -6
    endloop
  endfacet
  facet normal 0 0 -1
    outer loop
      vertex 3.23606797749979 -2.3511410091698925 -6
      vertex 3.23606797749979 2.3511410091698925 -6
      vertex 3.5052267201754543 1.9270146964068613 -6
    endloop
  endfacet
  facet normal 0 0 -1
    outer loop
      vertex 3.505226720175454 -1.9270146964068615 -6
      vertex 3.5052267201754543 1.9270146964068613 -6
      vertex 3.7191059435530054 1.472498210738712 -6
    endloop
  endfacet
  facet normal 0 0 -1
    outer loop
      vertex 3.9684588052579115 -0.5013329342572163 -6
      vertex 3.9684588052579115 0.501332934257217 -6
      vertex 4 0 -6
    endloop
  endfacet
  facet normal 0 0 -1
    outer loop
      vertex 3.8743326445145247 -0.9947595486594177 -6
      vertex 3.8743326445145243 0.9947595486594192 -6
      vertex 3.9684588052579115 0.501332934257217 -6
    endloop
  endfacet
  facet normal 0 0 -1
    outer loop
      vertex 3.719105943553005 -1.4724982107387135 -6
      vertex 3.7191059435530054 1.472498210738712 -6
      vertex 3.8743326445145243 0.9947595486594192 -6
    endloop
  endfacet
  facet normal 0 0 -1
    outer loop
      vertex 2.325923858827974 1.6898826003408602 -6
      vertex 2.549695958994759 3.0820529711031566 -6
      vertex 2.519381705126108 1.3850418130424316 -6
    endloop
  endfacet
  facet normal 0 0 -1
    outer loop
      vertex 2.0957848038365583 1.9680729295449801 -6
      vertex 2.549695958994759 3.0820529711031566 -6
      vertex 2.325923858827974 1.6898826003408602 -6
    endloop
  endfacet
  facet normal 0 0 -1
    outer loop
      vertex 1.832593970527483 2.2152255729803936 -6
      vertex 2.1433071799159866 3.3773117020080603 -6
      vertex 2.0957848038365583 1.9680729295449801 -6
    endloop
  endfacet
  facet normal 0 0 -1
    outer loop
      vertex 2.0957848038365583 1.9680729295449801 -6
      vertex 2.1433071799159866 3.3773117020080603 -6
      vertex 2.549695958994759 3.0820529711031566 -6
    endloop
  endfacet
  facet normal 0 0 -1
    outer loop
      vertex 2.519381705126108 1.3850418130424316 -6
      vertex 2.549695958994759 3.0820529711031566 -6
      vertex 2.915874509685646 2.738188423714755 -6
    endloop
  endfacet
  facet normal 0 1 0
    outer loop
      vertex -0.2511620781172531 3.9921069137130862 -6
      vertex 0.2511620781172531 3.9921069137130862 -0.9882352941176477
      vertex 0.2511620781172531 3.9921069137130862 -6
    endloop
  endfacet
  facet normal 0.12533323356430387 0.9921147013144779 -2.7562303483302695e-18
    outer loop
      vertex 0.2511620781172531 3.9921069137130862 -6
      vertex 0.7495252583428984 3.929149002914755 -0.9882352941176463
      vertex 0.7495252583428983 3.929149002914755 -6
    endloop
  endfacet
  facet normal 0.2486898871648553 0.968583161128631 -1.1024921393321076e-17
    outer loop
      vertex 0.7495252583428983 3.929149002914755 -6
      vertex 1.2360679774997898 3.804226065180614 -0.9882352941176465
      vertex 1.2360679774997896 3.804226065180614 -6
    endloop
  endfacet
  facet normal 0.48175367410171505 0.8763066800438637 0
    outer loop
      vertex 1.7031171662602909 3.619308209864078 -6
      vertex 2.1433071799159866 3.3773117020080603 -0.9882352941176469
      vertex 2.1433071799159866 3.3773117020080603 -6
    endloop
  endfacet
  facet normal 0.36812455268467786 0.9297764858882515 0
    outer loop
      vertex 1.2360679774997896 3.804226065180614 -6
      vertex 1.7031171662602909 3.619308209864078 -0.9882352941176473
      vertex 1.7031171662602909 3.619308209864078 -6
    endloop
  endfacet
  facet normal 0.12533323356430384 0.9921147013144779 0
    outer loop
      vertex 0.2511620781172531 3.9921069137130862 -6
      vertex 0.2511620781172531 3.9921069137130862 -0.9882352941176477
      vertex 0.7495252583428984 3.929149002914755 -0.9882352941176463
    endloop
  endfacet
  facet normal 0.24868988716485527 0.968583161128631 -5.50906227496658e-18
    outer loop
      vertex 0.7495252583428983 3.929149002914755 -6
      vertex 0.7495252583428984 3.929149002914755 -0.9882352941176463
      vertex 1.2360679774997898 3.804226065180614 -0.9882352941176465
    endloop
  endfacet
  facet normal 0.36812455268467803 0.9297764858882512 -1.630963855269066e-17
    outer loop
      vertex 1.2360679774997896 3.804226065180614 -6
      vertex 1.2360679774997898 3.804226065180614 -0.9882352941176465
      vertex 1.7031171662602909 3.619308209864078 -0.9882352941176473
    endloop
  endfacet
  facet normal 0.48175367410171505 0.8763066800438637 0
    outer loop
      vertex 1.7031171662602909 3.619308209864078 -6
      vertex 1.7031171662602909 3.619308209864078 -0.9882352941176473
      vertex 2.1433071799159866 3.3773117020080603 -0.9882352941176469
    endloop
  endfacet
  facet normal 0.9980267284282716 0.062790519529313 0
    outer loop
      vertex 4 0 -6
      vertex 3.9684588052579115 0.501332934257217 -6
      vertex 4 0 -0.9882352941176471
    endloop
  endfacet
  facet normal 0.9822872507286885 0.18738131458572532 0
    outer loop
      vertex 3.9684588052579115 0.501332934257217 -6
      vertex 3.8743326445145243 0.9947595486594192 -6
      vertex 3.9684588052579115 0.501332934257217 -0.9882352941176475
    endloop
  endfacet
  facet normal 0.9510565162951535 0.30901699437494745 6.845448704981216e-18
    outer loop
      vertex 3.8743326445145243 0.9947595486594192 -6
      vertex 3.7191059435530054 1.472498210738712 -6
      vertex 3.8743326445145243 0.9947595486594191 -0.9882352941176471
    endloop
  endfacet
  facet normal 0.9048270524660198 0.4257792915650722 0
    outer loop
      vertex 3.7191059435530054 1.472498210738712 -6
      vertex 3.5052267201754543 1.9270146964068613 -6
      vertex 3.7191059435530054 1.472498210738712 -0.9882352941176467
    endloop
  endfacet
  facet normal 0.9980267284282716 0.062790519529313 0
    outer loop
      vertex 3.9684588052579115 0.501332934257217 -6
      vertex 3.9684588052579115 0.501332934257217 -0.9882352941176475
      vertex 4 0 -0.9882352941176471
    endloop
  endfacet
  facet normal 0.9822872507286885 0.18738131458572535 4.150934093003795e-18
    outer loop
      vertex 3.8743326445145243 0.9947595486594192 -6
      vertex 3.8743326445145243 0.9947595486594191 -0.9882352941176471
      vertex 3.9684588052579115 0.501332934257217 -0.9882352941176475
    endloop
  endfacet
  facet normal 0.9510565162951535 0.30901699437494745 0
    outer loop
      vertex 3.7191059435530054 1.472498210738712 -6
      vertex 3.7191059435530054 1.472498210738712 -0.9882352941176467
      vertex 3.8743326445145243 0.9947595486594191 -0.9882352941176471
    endloop
  endfacet
  facet normal 0.9048270524660198 0.4257792915650722 0
    outer loop
      vertex 3.5052267201754543 1.9270146964068613 -6
      vertex 3.5052267201754543 1.9270146964068613 -0.9882352941176471
      vertex 3.7191059435530054 1.472498210738712 -0.9882352941176467
    endloop
  endfacet
  facet normal 0.6845471059286881 0.728968627421412 0
    outer loop
      vertex 2.915874509685646 2.738188423714755 -6
      vertex 2.549695958994759 3.0820529711031566 -6
      vertex 2.915874509685646 2.738188423714755 -0.9882352941176473
    endloop
  endfacet
  facet normal 0.5877852522924736 0.8090169943749471 0
    outer loop
      vertex 2.1433071799159866 3.3773117020080603 -6
      vertex 2.549695958994759 3.0820529711031566 -0.9882352941176469
      vertex 2.549695958994759 3.0820529711031566 -6
    endloop
  endfacet
  facet normal 0.7705132427757894 0.6374239897486895 0
    outer loop
      vertex 2.915874509685646 2.738188423714755 -6
      vertex 3.23606797749979 2.3511410091698925 -0.9882352941176472
      vertex 3.23606797749979 2.3511410091698925 -6
    endloop
  endfacet
  facet normal 0.8443279255020151 0.5358267949789965 0
    outer loop
      vertex 3.5052267201754543 1.9270146964068613 -6
      vertex 3.23606797749979 2.3511410091698925 -6
      vertex 3.5052267201754543 1.9270146964068613 -0.9882352941176471
    endloop
  endfacet
  facet normal 0.6845471059286881 0.728968627421412 0
    outer loop
      vertex 2.549695958994759 3.0820529711031566 -6
      vertex 2.549695958994759 3.0820529711031566 -0.9882352941176469
      vertex 2.915874509685646 2.738188423714755 -0.9882352941176473
    endloop
  endfacet
  facet normal 0.5877852522924736 0.8090169943749471 0
    outer loop
      vertex 2.1433071799159866 3.3773117020080603 -6
      vertex 2.1433071799159866 3.3773117020080603 -0.9882352941176469
      vertex 2.549695958994759 3.0820529711031566 -0.9882352941176469
    endloop
  endfacet
  facet normal 0.8443279255020151 0.5358267949789965 0
    outer loop
      vertex 3.23606797749979 2.3511410091698925 -6
      vertex 3.23606797749979 2.3511410091698925 -0.9882352941176472
      vertex 3.5052267201754543 1.9270146964068613 -0.9882352941176471
    endloop
  endfacet
  facet normal 0.7705132427757894 0.6374239897486895 0
    outer loop
      vertex 2.915874509685646 2.738188423714755 -6
      vertex 2.915874509685646 2.738188423714755 -0.9882352941176473
      vertex 3.23606797749979 2.3511410091698925 -0.9882352941176472
    endloop
  endfacet
  facet normal -0.6845471059286888 -0.7289686274214112 0
    outer loop
      vertex -2.0957848038365587 -1.9680729295449795 -9
      vertex -1.8325939705274827 -2.2152255729803945 -6
      vertex -2.0957848038365587 -1.9680729295449795 -6
    endloop
  endfacet
  facet normal -0.9048270524660189 -0.4257792915650738 0
    outer loop
      vertex -2.5193817051261074 -1.3850418130424318 -9
      vertex -2.5193817051261074 -1.3850418130424318 -6
      vertex -2.673107396928723 -1.058358088968449 -9
    endloop
  endfacet
  facet normal 0 0 -1
    outer loop
      vertex -2.325923858827974 -1.6898826003408602 -9
      vertex -2.0812283651041756 -1.144164975991574 -9
      vertex -2.0957848038365587 -1.9680729295449795 -9
    endloop
  endfacet
  facet normal 0 0 -1
    outer loop
      vertex -2.0957848038365587 -1.9680729295449795 -9
      vertex -2.0812283651041756 -1.144164975991574 -9
      vertex -1.9214153616405003 -1.3959899741946238 -9
    endloop
  endfacet
  facet normal -0.8443279255020155 -0.5358267949789958 0
    outer loop
      vertex -2.5193817051261074 -1.3850418130424318 -9
      vertex -2.325923858827974 -1.6898826003408602 -9
      vertex -2.325923858827974 -1.6898826003408602 -6
    endloop
  endfacet
  facet normal -0.7705132427757894 -0.6374239897486896 0
    outer loop
      vertex -2.325923858827974 -1.6898826003408602 -9
      vertex -2.0957848038365587 -1.9680729295449795 -9
      vertex -2.0957848038365587 -1.9680729295449795 -6
    endloop
  endfacet
  facet normal 0 0 -1
    outer loop
      vertex -2.5193817051261074 -1.3850418130424318 -9
      vertex -2.300385007680499 -0.5906384820165302 -9
      vertex -2.325923858827974 -1.6898826003408602 -9
    endloop
  endfacet
  facet normal 0 0 -1
    outer loop
      vertex -2.325923858827974 -1.6898826003408602 -9
      vertex -2.300385007680499 -0.5906384820165302 -9
      vertex -2.2082191539845972 -0.8742958126261099 -9
    endloop
  endfacet
  facet normal 0 0 -1
    outer loop
      vertex -2.325923858827974 -1.6898826003408602 -9
      vertex -2.2082191539845972 -0.8742958126261099 -9
      vertex -2.0812283651041756 -1.144164975991574 -9
    endloop
  endfacet
  facet normal -0.9048270524660189 -0.4257792915650738 0
    outer loop
      vertex -2.673107396928723 -1.058358088968449 -9
      vertex -2.5193817051261074 -1.3850418130424318 -6
      vertex -2.673107396928723 -1.058358088968449 -6
    endloop
  endfacet
  facet normal -0.7705132427757894 -0.6374239897486896 0
    outer loop
      vertex -2.325923858827974 -1.6898826003408602 -9
      vertex -2.0957848038365587 -1.9680729295449795 -6
      vertex -2.325923858827974 -1.6898826003408602 -6
    endloop
  endfacet
  facet normal -0.8443279255020155 -0.5358267949789958 0
    outer loop
      vertex -2.5193817051261074 -1.3850418130424318 -9
      vertex -2.325923858827974 -1.6898826003408602 -6
      vertex -2.5193817051261074 -1.3850418130424318 -6
    endloop
  endfacet
  facet normal -0.9822872507286887 -0.18738131458572477 0
    outer loop
      vertex -2.7846765882448143 -0.7149834255989577 -9
      vertex -2.7846765882448143 -0.7149834255989577 -6
      vertex -2.852329766279124 -0.3603330464973742 -9
    endloop
  endfacet
  facet normal -0.9510565162951539 -0.3090169943749465 0
    outer loop
      vertex -2.673107396928723 -1.058358088968449 -9
      vertex -2.673107396928723 -1.058358088968449 -6
      vertex -2.7846765882448143 -0.7149834255989577 -9
    endloop
  endfacet
  facet normal 0 0 -1
    outer loop
      vertex -2.7846765882448143 -0.7149834255989577 -9
      vertex -2.852329766279124 -0.3603330464973742 -9
      vertex -2.7846765882448143 0.7149834255989577 -9
    endloop
  endfacet
  facet normal 0 0 -1
    outer loop
      vertex -2.5193817051261074 -1.3850418130424318 -9
      vertex -2.673107396928723 -1.058358088968449 -9
      vertex -2.5193817051261074 1.3850418130424318 -9
    endloop
  endfacet
  facet normal 0 0 -1
    outer loop
      vertex -2.673107396928723 -1.058358088968449 -9
      vertex -2.7846765882448143 -0.7149834255989577 -9
      vertex -2.673107396928723 1.058358088968449 -9
    endloop
  endfacet
  facet normal -0.9980267284282714 -0.06279051952931329 0
    outer loop
      vertex -2.852329766279124 -0.3603330464973742 -9
      vertex -2.852329766279124 -0.3603330464973742 -6
      vertex -2.875 0 -9
    endloop
  endfacet
  facet normal 0 0 -1
    outer loop
      vertex -2.5193817051261074 -1.3850418130424318 -9
      vertex -2.356272415621885 -0.29766642971522217 -9
      vertex -2.300385007680499 -0.5906384820165302 -9
    endloop
  endfacet
  facet normal 0 0 -1
    outer loop
      vertex -2.5193817051261074 -1.3850418130424318 -9
      vertex -2.375 0 -9
      vertex -2.356272415621885 -0.29766642971522217 -9
    endloop
  endfacet
  facet normal -0.9510565162951539 -0.3090169943749465 0
    outer loop
      vertex -2.7846765882448143 -0.7149834255989577 -9
      vertex -2.673107396928723 -1.058358088968449 -6
      vertex -2.7846765882448143 -0.7149834255989577 -6
    endloop
  endfacet
  facet normal -0.9822872507286887 -0.18738131458572477 0
    outer loop
      vertex -2.852329766279124 -0.3603330464973742 -9
      vertex -2.7846765882448143 -0.7149834255989577 -6
      vertex -2.852329766279124 -0.3603330464973742 -6
    endloop
  endfacet
  facet normal -0.9980267284282714 -0.06279051952931329 0
    outer loop
      vertex -2.852329766279124 -0.3603330464973742 -6
      vertex -2.875 0 -6
      vertex -2.875 0 -9
    endloop
  endfacet
  facet normal 0 0 -1
    outer loop
      vertex -1.8325939705274827 -2.2152255729803945 -9
      vertex -1.5138819756531379 -1.8299689515924997 -9
      vertex -1.5405020355646157 -2.427442785818293 -9
    endloop
  endfacet
  facet normal -0.6845471059286888 -0.7289686274214112 0
    outer loop
      vertex -2.0957848038365587 -1.9680729295449795 -9
      vertex -1.8325939705274827 -2.2152255729803945 -9
      vertex -1.8325939705274827 -2.2152255729803945 -6
    endloop
  endfacet
  facet normal -0.5877852522924729 -0.8090169943749476 0
    outer loop
      vertex -1.8325939705274827 -2.2152255729803945 -9
      vertex -1.5405020355646157 -2.427442785818293 -9
      vertex -1.5405020355646157 -2.427442785818293 -6
    endloop
  endfacet
  facet normal -0.48175367410171493 -0.8763066800438637 0
    outer loop
      vertex -1.5405020355646157 -2.427442785818293 -9
      vertex -1.2241154632495832 -2.6013777758398064 -9
      vertex -1.2241154632495832 -2.6013777758398064 -6
    endloop
  endfacet
  facet normal -0.36812455268467725 -0.9297764858882517 0
    outer loop
      vertex -1.2241154632495832 -2.6013777758398064 -9
      vertex -0.8884238588279738 -2.7342874843485663 -9
      vertex -0.8884238588279738 -2.7342874843485663 -6
    endloop
  endfacet
  facet normal 0 0 -1
    outer loop
      vertex -1.5405020355646157 -2.427442785818293 -9
      vertex -1.011225817467047 -2.1489642496067964 -9
      vertex -1.2241154632495832 -2.6013777758398064 -9
    endloop
  endfacet
  facet normal 0 0 -1
    outer loop
      vertex -1.5405020355646157 -2.427442785818293 -9
      vertex -1.5138819756531379 -1.8299689515924997 -9
      vertex -1.2725886380751172 -2.0052788230672856 -9
    endloop
  endfacet
  facet normal 0 0 -1
    outer loop
      vertex -1.5405020355646157 -2.427442785818293 -9
      vertex -1.2725886380751172 -2.0052788230672856 -9
      vertex -1.011225817467047 -2.1489642496067964 -9
    endloop
  endfacet
  facet normal -0.5877852522924729 -0.8090169943749476 0
    outer loop
      vertex -1.8325939705274827 -2.2152255729803945 -9
      vertex -1.5405020355646157 -2.427442785818293 -6
      vertex -1.8325939705274827 -2.2152255729803945 -6
    endloop
  endfacet
  facet normal -0.36812455268467725 -0.9297764858882517 0
    outer loop
      vertex -1.2241154632495832 -2.6013777758398064 -9
      vertex -0.8884238588279738 -2.7342874843485663 -6
      vertex -1.2241154632495832 -2.6013777758398064 -6
    endloop
  endfacet
  facet normal -0.48175367410171493 -0.8763066800438637 0
    outer loop
      vertex -1.5405020355646157 -2.427442785818293 -9
      vertex -1.2241154632495832 -2.6013777758398064 -6
      vertex -1.5405020355646157 -2.427442785818293 -6
    endloop
  endfacet
  facet normal 0 0 -1
    outer loop
      vertex -1.2241154632495832 -2.6013777758398064 -9
      vertex -0.7339153616405001 -2.2587592262009895 -9
      vertex -0.8884238588279738 -2.7342874843485663 -9
    endloop
  endfacet
  facet normal 0 0 -1
    outer loop
      vertex -0.8884238588279738 -2.7342874843485663 -9
      vertex -0.44503062214109645 -2.3329322204806355 -9
      vertex -0.5387212794339589 -2.82407584584498 -9
    endloop
  endfacet
  facet normal -0.24868988716485577 -0.9685831611286309 0
    outer loop
      vertex -0.8884238588279738 -2.7342874843485663 -9
      vertex -0.5387212794339589 -2.82407584584498 -9
      vertex -0.5387212794339589 -2.82407584584498 -6
    endloop
  endfacet
  facet normal 0 0 -1
    outer loop
      vertex -1.2241154632495832 -2.6013777758398064 -9
      vertex -1.011225817467047 -2.1489642496067964 -9
      vertex -0.7339153616405001 -2.2587592262009895 -9
    endloop
  endfacet
  facet normal 0 0 -1
    outer loop
      vertex -0.8884238588279738 -2.7342874843485663 -9
      vertex -0.7339153616405001 -2.2587592262009895 -9
      vertex -0.44503062214109645 -2.3329322204806355 -9
    endloop
  endfacet
  facet normal 0 0 -1
    outer loop
      vertex -0.5387212794339589 -2.82407584584498 -9
      vertex -0.44503062214109645 -2.3329322204806355 -9
      vertex -0.1491274838821202 -2.370313480017145 -9
    endloop
  endfacet
  facet normal 0 0 -1
    outer loop
      vertex -0.5387212794339589 -2.82407584584498 -9
      vertex -0.1491274838821202 -2.370313480017145 -9
      vertex -0.18052274364677706 -2.869326844231281 -9
    endloop
  endfacet
  facet normal 0 0 -1
    outer loop
      vertex -0.18052274364677706 -2.869326844231281 -9
      vertex -0.1491274838821202 -2.370313480017145 -9
      vertex 0.1491274838821202 -2.370313480017145 -9
    endloop
  endfacet
  facet normal -0.12533323356430495 -0.9921147013144777 0
    outer loop
      vertex -0.5387212794339589 -2.82407584584498 -9
      vertex -0.18052274364677706 -2.869326844231281 -9
      vertex -0.18052274364677706 -2.869326844231281 -6
    endloop
  endfacet
  facet normal -0.24868988716485577 -0.9685831611286309 0
    outer loop
      vertex -0.8884238588279738 -2.7342874843485663 -9
      vertex -0.5387212794339589 -2.82407584584498 -6
      vertex -0.8884238588279738 -2.7342874843485663 -6
    endloop
  endfacet
  facet normal -0.12533323356430495 -0.9921147013144777 0
    outer loop
      vertex -0.5387212794339589 -2.82407584584498 -9
      vertex -0.18052274364677706 -2.869326844231281 -6
      vertex -0.5387212794339589 -2.82407584584498 -6
    endloop
  endfacet
  facet normal 0 -1 0
    outer loop
      vertex -0.18052274364677706 -2.869326844231281 -9
      vertex 0.18052274364677706 -2.869326844231281 -6
      vertex -0.18052274364677706 -2.869326844231281 -6
    endloop
  endfacet
  facet normal 0 0 -1
    outer loop
      vertex -2.0957848038365587 -1.9680729295449795 -9
      vertex -1.7313004901258526 -1.6257993765806351 -9
      vertex -1.8325939705274827 -2.2152255729803945 -9
    endloop
  endfacet
  facet normal 0 0 -1
    outer loop
      vertex -2.0957848038365587 -1.9680729295449795 -9
      vertex -1.9214153616405003 -1.3959899741946238 -9
      vertex -1.7313004901258526 -1.6257993765806351 -9
    endloop
  endfacet
  facet normal 0 0 -1
    outer loop
      vertex -1.8325939705274827 -2.2152255729803945 -9
      vertex -1.7313004901258526 -1.6257993765806351 -9
      vertex -1.5138819756531379 -1.8299689515924997 -9
    endloop
  endfacet
  facet normal 0 0 -1
    outer loop
      vertex -2.852329766279124 -0.3603330464973742 -9
      vertex -2.875 0 -9
      vertex -2.852329766279124 0.3603330464973742 -9
    endloop
  endfacet
  facet normal 0 0 -1
    outer loop
      vertex -2.852329766279124 -0.3603330464973742 -9
      vertex -2.852329766279124 0.3603330464973742 -9
      vertex -2.7846765882448143 0.7149834255989577 -9
    endloop
  endfacet
  facet normal 0 0 -1
    outer loop
      vertex -2.7846765882448143 -0.7149834255989577 -9
      vertex -2.7846765882448143 0.7149834255989577 -9
      vertex -2.673107396928723 1.058358088968449 -9
    endloop
  endfacet
  facet normal 0 0 -1
    outer loop
      vertex -2.673107396928723 -1.058358088968449 -9
      vertex -2.673107396928723 1.058358088968449 -9
      vertex -2.5193817051261074 1.3850418130424318 -9
    endloop
  endfacet
  facet normal -0.9980267284282714 0.06279051952931329 0
    outer loop
      vertex -2.875 0 -9
      vertex -2.875 0 -6
      vertex -2.852329766279124 0.3603330464973742 -9
    endloop
  endfacet
  facet normal -0.9822872507286887 0.18738131458572477 0
    outer loop
      vertex -2.852329766279124 0.3603330464973742 -9
      vertex -2.852329766279124 0.3603330464973742 -6
      vertex -2.7846765882448143 0.7149834255989577 -9
    endloop
  endfacet
  facet normal -0.9510565162951539 0.3090169943749465 0
    outer loop
      vertex -2.7846765882448143 0.7149834255989577 -9
      vertex -2.7846765882448143 0.7149834255989577 -6
      vertex -2.673107396928723 1.058358088968449 -9
    endloop
  endfacet
  facet normal 0 0 -1
    outer loop
      vertex -2.5193817051261074 -1.3850418130424318 -9
      vertex -2.325923858827974 1.6898826003408602 -9
      vertex -2.375 0 -9
    endloop
  endfacet
  facet normal 0 0 -1
    outer loop
      vertex -2.5193817051261074 -1.3850418130424318 -9
      vertex -2.5193817051261074 1.3850418130424318 -9
      vertex -2.325923858827974 1.6898826003408602 -9
    endloop
  endfacet
  facet normal 0 0 -1
    outer loop
      vertex -2.325923858827974 1.6898826003408602 -9
      vertex -2.356272415621885 0.29766642971522217 -9
      vertex -2.375 0 -9
    endloop
  endfacet
  facet normal 0 0 -1
    outer loop
      vertex -2.325923858827974 1.6898826003408602 -9
      vertex -2.300385007680499 0.5906384820165302 -9
      vertex -2.356272415621885 0.29766642971522217 -9
    endloop
  endfacet
  facet normal -0.9980267284282714 0.06279051952931329 0
    outer loop
      vertex -2.852329766279124 0.3603330464973742 -9
      vertex -2.875 0 -6
      vertex -2.852329766279124 0.3603330464973742 -6
    endloop
  endfacet
  facet normal -0.9822872507286887 0.18738131458572477 0
    outer loop
      vertex -2.7846765882448143 0.7149834255989577 -9
      vertex -2.852329766279124 0.3603330464973742 -6
      vertex -2.7846765882448143 0.7149834255989577 -6
    endloop
  endfacet
  facet normal -0.9510565162951539 0.3090169943749465 0
    outer loop
      vertex -2.673107396928723 1.058358088968449 -9
      vertex -2.7846765882448143 0.7149834255989577 -6
      vertex -2.673107396928723 1.058358088968449 -6
    endloop
  endfacet
  facet normal -0.9048270524660189 0.4257792915650738 0
    outer loop
      vertex -2.673107396928723 1.058358088968449 -9
      vertex -2.673107396928723 1.058358088968449 -6
      vertex -2.5193817051261074 1.3850418130424318 -9
    endloop
  endfacet
  facet normal 0 0 -1
    outer loop
      vertex -2.325923858827974 1.6898826003408602 -9
      vertex -2.2082191539845972 0.8742958126261099 -9
      vertex -2.300385007680499 0.5906384820165302 -9
    endloop
  endfacet
  facet normal 0 0 -1
    outer loop
      vertex -2.0957848038365587 1.9680729295449795 -9
      vertex -2.0812283651041756 1.144164975991574 -9
      vertex -2.2082191539845972 0.8742958126261099 -9
    endloop
  endfacet
  facet normal -0.8443279255020155 0.5358267949789958 0
    outer loop
      vertex -2.5193817051261074 1.3850418130424318 -9
      vertex -2.5193817051261074 1.3850418130424318 -6
      vertex -2.325923858827974 1.6898826003408602 -9
    endloop
  endfacet
  facet normal 0 0 -1
    outer loop
      vertex -2.325923858827974 1.6898826003408602 -9
      vertex -2.0957848038365587 1.9680729295449795 -9
      vertex -2.2082191539845972 0.8742958126261099 -9
    endloop
  endfacet
  facet normal 0 0 -1
    outer loop
      vertex -2.0957848038365587 1.9680729295449795 -9
      vertex -1.9214153616405003 1.3959899741946238 -9
      vertex -2.0812283651041756 1.144164975991574 -9
    endloop
  endfacet
  facet normal -0.7705132427757894 0.6374239897486896 0
    outer loop
      vertex -2.325923858827974 1.6898826003408602 -9
      vertex -2.325923858827974 1.6898826003408602 -6
      vertex -2.0957848038365587 1.9680729295449795 -9
    endloop
  endfacet
  facet normal -0.9048270524660189 0.4257792915650738 0
    outer loop
      vertex -2.5193817051261074 1.3850418130424318 -9
      vertex -2.673107396928723 1.058358088968449 -6
      vertex -2.5193817051261074 1.3850418130424318 -6
    endloop
  endfacet
  facet normal -0.8443279255020155 0.5358267949789958 0
    outer loop
      vertex -2.325923858827974 1.6898826003408602 -9
      vertex -2.5193817051261074 1.3850418130424318 -6
      vertex -2.325923858827974 1.6898826003408602 -6
    endloop
  endfacet
  facet normal -0.7705132427757894 0.6374239897486896 0
    outer loop
      vertex -2.0957848038365587 1.9680729295449795 -9
      vertex -2.325923858827974 1.6898826003408602 -6
      vertex -2.0957848038365587 1.9680729295449795 -6
    endloop
  endfacet
  facet normal -0.6845471059286888 0.7289686274214112 0
    outer loop
      vertex -2.0957848038365587 1.9680729295449795 -9
      vertex -2.0957848038365587 1.9680729295449795 -6
      vertex -1.8325939705274827 2.2152255729803945 -9
    endloop
  endfacet
  facet normal 0 0 -1
    outer loop
      vertex -1.8325939705274827 2.2152255729803945 -9
      vertex -1.7313004901258526 1.6257993765806351 -9
      vertex -1.9214153616405003 1.3959899741946238 -9
    endloop
  endfacet
  facet normal 0 0 -1
    outer loop
      vertex -2.0957848038365587 1.9680729295449795 -9
      vertex -1.8325939705274827 2.2152255729803945 -9
      vertex -1.9214153616405003 1.3959899741946238 -9
    endloop
  endfacet
  facet normal 0 0 -1
    outer loop
      vertex -1.5405020355646157 2.427442785818293 -9
      vertex -1.5138819756531379 1.8299689515924997 -9
      vertex -1.7313004901258526 1.6257993765806351 -9
    endloop
  endfacet
  facet normal 0 0 -1
    outer loop
      vertex -1.8325939705274827 2.2152255729803945 -9
      vertex -1.5405020355646157 2.427442785818293 -9
      vertex -1.7313004901258526 1.6257993765806351 -9
    endloop
  endfacet
  facet normal -0.5877852522924729 0.8090169943749476 0
    outer loop
      vertex -1.8325939705274827 2.2152255729803945 -9
      vertex -1.8325939705274827 2.2152255729803945 -6
      vertex -1.5405020355646157 2.427442785818293 -9
    endloop
  endfacet
  facet normal 0 0 -1
    outer loop
      vertex -1.5405020355646157 2.427442785818293 -9
      vertex -1.2725886380751172 2.0052788230672856 -9
      vertex -1.5138819756531379 1.8299689515924997 -9
    endloop
  endfacet
  facet normal 0 0 -1
    outer loop
      vertex -1.5405020355646157 2.427442785818293 -9
      vertex -1.224115463249584 2.601377775839806 -9
      vertex -1.2725886380751172 2.0052788230672856 -9
    endloop
  endfacet
  facet normal 0 0 -1
    outer loop
      vertex -1.224115463249584 2.601377775839806 -9
      vertex -1.0112258174670476 2.1489642496067964 -9
      vertex -1.2725886380751172 2.0052788230672856 -9
    endloop
  endfacet
  facet normal 0 0 -1
    outer loop
      vertex -1.224115463249584 2.601377775839806 -9
      vertex -0.8884238588279738 2.7342874843485663 -9
      vertex -1.0112258174670476 2.1489642496067964 -9
    endloop
  endfacet
  facet normal -0.48175367410171505 0.8763066800438638 0
    outer loop
      vertex -1.5405020355646157 2.427442785818293 -9
      vertex -1.5405020355646157 2.427442785818293 -6
      vertex -1.224115463249584 2.601377775839806 -9
    endloop
  endfacet
  facet normal -0.3681245526846775 0.9297764858882517 0
    outer loop
      vertex -1.224115463249584 2.601377775839806 -9
      vertex -1.224115463249584 2.601377775839806 -6
      vertex -0.8884238588279738 2.7342874843485663 -9
    endloop
  endfacet
  facet normal -0.6845471059286888 0.7289686274214112 0
    outer loop
      vertex -2.0957848038365587 1.9680729295449795 -6
      vertex -1.8325939705274827 2.2152255729803945 -6
      vertex -1.8325939705274827 2.2152255729803945 -9
    endloop
  endfacet
  facet normal -0.5877852522924729 0.8090169943749476 0
    outer loop
      vertex -1.5405020355646157 2.427442785818293 -9
      vertex -1.8325939705274827 2.2152255729803945 -6
      vertex -1.5405020355646157 2.427442785818293 -6
    endloop
  endfacet
  facet normal -0.48175367410171505 0.8763066800438638 0
    outer loop
      vertex -1.224115463249584 2.601377775839806 -9
      vertex -1.5405020355646157 2.427442785818293 -6
      vertex -1.224115463249584 2.601377775839806 -6
    endloop
  endfacet
  facet normal -0.3681245526846775 0.9297764858882517 0
    outer loop
      vertex -0.8884238588279738 2.7342874843485663 -9
      vertex -1.224115463249584 2.601377775839806 -6
      vertex -0.8884238588279738 2.7342874843485663 -6
    endloop
  endfacet
  facet normal 0 0 -1
    outer loop
      vertex -0.8884238588279738 2.7342874843485663 -9
      vertex -0.7339153616405001 2.2587592262009895 -9
      vertex -1.0112258174670476 2.1489642496067964 -9
    endloop
  endfacet
  facet normal 0 0 -1
    outer loop
      vertex -0.5387212794339582 2.82407584584498 -9
      vertex -0.44503062214109584 2.3329322204806355 -9
      vertex -0.7339153616405001 2.2587592262009895 -9
    endloop
  endfacet
  facet normal 0 0 -1
    outer loop
      vertex -0.8884238588279738 2.7342874843485663 -9
      vertex -0.5387212794339582 2.82407584584498 -9
      vertex -0.7339153616405001 2.2587592262009895 -9
    endloop
  endfacet
  facet normal -0.24868988716485532 0.9685831611286309 0
    outer loop
      vertex -0.8884238588279738 2.7342874843485663 -9
      vertex -0.8884238588279738 2.7342874843485663 -6
      vertex -0.5387212794339582 2.82407584584498 -9
    endloop
  endfacet
  facet normal 0 0 -1
    outer loop
      vertex -0.5387212794339582 2.82407584584498 -9
      vertex -0.18052274364677567 2.869326844231281 -9
      vertex -0.44503062214109584 2.3329322204806355 -9
    endloop
  endfacet
  facet normal 0 0 -1
    outer loop
      vertex -0.18052274364677567 2.869326844231281 -9
      vertex -0.14912748388211902 2.370313480017145 -9
      vertex -0.44503062214109584 2.3329322204806355 -9
    endloop
  endfacet
  facet normal 0 0 -1
    outer loop
      vertex -0.18052274364677567 2.869326844231281 -9
      vertex 0.1491274838821189 2.370313480017145 -9
      vertex -0.14912748388211902 2.370313480017145 -9
    endloop
  endfacet
  facet normal -0.1253332335643047 0.9921147013144778 0
    outer loop
      vertex -0.5387212794339582 2.82407584584498 -9
      vertex -0.5387212794339582 2.82407584584498 -6
      vertex -0.18052274364677567 2.869326844231281 -9
    endloop
  endfacet
  facet normal 0 1 0
    outer loop
      vertex -0.18052274364677567 2.869326844231281 -9
      vertex -0.18052274364677567 2.869326844231281 -6
      vertex 0.18052274364677567 2.869326844231281 -9
    endloop
  endfacet
  facet normal -0.24868988716485532 0.9685831611286309 0
    outer loop
      vertex -0.5387212794339582 2.82407584584498 -9
      vertex -0.8884238588279738 2.7342874843485663 -6
      vertex -0.5387212794339582 2.82407584584498 -6
    endloop
  endfacet
  facet normal -0.1253332335643047 0.9921147013144778 0
    outer loop
      vertex -0.18052274364677567 2.869326844231281 -9
      vertex -0.5387212794339582 2.82407584584498 -6
      vertex -0.18052274364677567 2.869326844231281 -6
    endloop
  endfacet
  facet normal 0 0 -1
    outer loop
      vertex -0.18052274364677706 -2.869326844231281 -9
      vertex 0.1491274838821202 -2.370313480017145 -9
      vertex 0.18052274364677706 -2.869326844231281 -9
    endloop
  endfacet
  facet normal 0 0 -1
    outer loop
      vertex 0.18052274364677706 -2.869326844231281 -9
      vertex 0.1491274838821202 -2.370313480017145 -9
      vertex 0.44503062214109645 -2.3329322204806355 -9
    endloop
  endfacet
  facet normal 0 0 -1
    outer loop
      vertex 0.18052274364677706 -2.869326844231281 -9
      vertex 0.44503062214109645 -2.3329322204806355 -9
      vertex 0.5387212794339589 -2.82407584584498 -9
    endloop
  endfacet
  facet normal 0 -1 0
    outer loop
      vertex -0.18052274364677706 -2.869326844231281 -9
      vertex 0.18052274364677706 -2.869326844231281 -9
      vertex 0.18052274364677706 -2.869326844231281 -6
    endloop
  endfacet
  facet normal 0.12533323356430495 -0.9921147013144777 0
    outer loop
      vertex 0.18052274364677706 -2.869326844231281 -9
      vertex 0.5387212794339589 -2.82407584584498 -9
      vertex 0.5387212794339589 -2.82407584584498 -6
    endloop
  endfacet
  facet normal 0 0 -1
    outer loop
      vertex 0.5387212794339589 -2.82407584584498 -9
      vertex 0.7339153616405001 -2.2587592262009895 -9
      vertex 0.8884238588279738 -2.7342874843485663 -9
    endloop
  endfacet
  facet normal 0.24868988716485577 -0.9685831611286309 0
    outer loop
      vertex 0.5387212794339589 -2.82407584584498 -9
      vertex 0.8884238588279738 -2.7342874843485663 -9
      vertex 0.8884238588279738 -2.7342874843485663 -6
    endloop
  endfacet
  facet normal 0 0 -1
    outer loop
      vertex 0.5387212794339589 -2.82407584584498 -9
      vertex 0.44503062214109645 -2.3329322204806355 -9
      vertex 0.7339153616405001 -2.2587592262009895 -9
    endloop
  endfacet
  facet normal 0 0 -1
    outer loop
      vertex 0.8884238588279738 -2.7342874843485663 -9
      vertex 0.7339153616405001 -2.2587592262009895 -9
      vertex 1.011225817467047 -2.1489642496067964 -9
    endloop
  endfacet
  facet normal 0.12533323356430495 -0.9921147013144777 0
    outer loop
      vertex 0.18052274364677706 -2.869326844231281 -9
      vertex 0.5387212794339589 -2.82407584584498 -6
      vertex 0.18052274364677706 -2.869326844231281 -6
    endloop
  endfacet
  facet normal 0.24868988716485577 -0.9685831611286309 0
    outer loop
      vertex 0.5387212794339589 -2.82407584584498 -9
      vertex 0.8884238588279738 -2.7342874843485663 -6
      vertex 0.5387212794339589 -2.82407584584498 -6
    endloop
  endfacet
  facet normal 0.36812455268467725 -0.9297764858882517 0
    outer loop
      vertex 0.8884238588279738 -2.7342874843485663 -9
      vertex 1.2241154632495832 -2.6013777758398064 -9
      vertex 1.2241154632495832 -2.6013777758398064 -6
    endloop
  endfacet
  facet normal 0 0 -1
    outer loop
      vertex 0.8884238588279738 -2.7342874843485663 -9
      vertex 1.011225817467047 -2.1489642496067964 -9
      vertex 1.2241154632495832 -2.6013777758398064 -9
    endloop
  endfacet
  facet normal 0 0 -1
    outer loop
      vertex 1.2241154632495832 -2.6013777758398064 -9
      vertex 1.011225817467047 -2.1489642496067964 -9
      vertex 1.272588638075116 -2.0052788230672864 -9
    endloop
  endfacet
  facet normal 0 0 -1
    outer loop
      vertex 1.2241154632495832 -2.6013777758398064 -9
      vertex 1.272588638075116 -2.0052788230672864 -9
      vertex 1.5405020355646142 -2.427442785818294 -9
    endloop
  endfacet
  facet normal 0 0 -1
    outer loop
      vertex 1.5405020355646142 -2.427442785818294 -9
      vertex 1.272588638075116 -2.0052788230672864 -9
      vertex 1.5138819756531388 -1.829968951592499 -9
    endloop
  endfacet
  facet normal 0.4817536741017148 -0.8763066800438638 0
    outer loop
      vertex 1.2241154632495832 -2.6013777758398064 -9
      vertex 1.5405020355646142 -2.427442785818294 -9
      vertex 1.5405020355646142 -2.427442785818294 -6
    endloop
  endfacet
  facet normal 0 0 -1
    outer loop
      vertex 1.5405020355646142 -2.427442785818294 -9
      vertex 1.7313004901258526 -1.6257993765806351 -9
      vertex 1.8325939705274836 -2.2152255729803936 -9
    endloop
  endfacet
  facet normal 0.5877852522924729 -0.8090169943749476 0
    outer loop
      vertex 1.5405020355646142 -2.427442785818294 -9
      vertex 1.8325939705274836 -2.2152255729803936 -9
      vertex 1.8325939705274836 -2.2152255729803936 -6
    endloop
  endfacet
  facet normal 0.36812455268467725 -0.9297764858882517 0
    outer loop
      vertex 0.8884238588279738 -2.7342874843485663 -9
      vertex 1.2241154632495832 -2.6013777758398064 -6
      vertex 0.8884238588279738 -2.7342874843485663 -6
    endloop
  endfacet
  facet normal 0.4817536741017148 -0.8763066800438638 0
    outer loop
      vertex 1.2241154632495832 -2.6013777758398064 -9
      vertex 1.5405020355646142 -2.427442785818294 -6
      vertex 1.2241154632495832 -2.6013777758398064 -6
    endloop
  endfacet
  facet normal 0.5877852522924729 -0.8090169943749476 0
    outer loop
      vertex 1.5405020355646142 -2.427442785818294 -9
      vertex 1.8325939705274836 -2.2152255729803936 -6
      vertex 1.5405020355646142 -2.427442785818294 -6
    endloop
  endfacet
  facet normal 0.684547105928689 -0.7289686274214114 0
    outer loop
      vertex 1.8325939705274836 -2.2152255729803936 -9
      vertex 2.0957848038365587 -1.9680729295449795 -6
      vertex 1.8325939705274836 -2.2152255729803936 -6
    endloop
  endfacet
  facet normal 0 0 -1
    outer loop
      vertex 1.5405020355646142 -2.427442785818294 -9
      vertex 1.5138819756531388 -1.829968951592499 -9
      vertex 1.7313004901258526 -1.6257993765806351 -9
    endloop
  endfacet
  facet normal 0 0 -1
    outer loop
      vertex 1.8325939705274836 -2.2152255729803936 -9
      vertex 1.9214153616405003 -1.3959899741946238 -9
      vertex 2.0957848038365587 -1.9680729295449795 -9
    endloop
  endfacet
  facet normal 0 0 -1
    outer loop
      vertex 1.8325939705274836 -2.2152255729803936 -9
      vertex 1.7313004901258526 -1.6257993765806351 -9
      vertex 1.9214153616405003 -1.3959899741946238 -9
    endloop
  endfacet
  facet normal 0.684547105928689 -0.7289686274214114 0
    outer loop
      vertex 1.8325939705274836 -2.2152255729803936 -9
      vertex 2.0957848038365587 -1.9680729295449795 -9
      vertex 2.0957848038365587 -1.9680729295449795 -6
    endloop
  endfacet
  facet normal 0 0 -1
    outer loop
      vertex 2.0957848038365587 -1.9680729295449795 -9
      vertex 1.9214153616405003 -1.3959899741946238 -9
      vertex 2.0812283651041756 -1.144164975991574 -9
    endloop
  endfacet
  facet normal 0 0 -1
    outer loop
      vertex 2.0957848038365587 -1.9680729295449795 -9
      vertex 2.208219153984597 -0.8742958126261111 -9
      vertex 2.325923858827974 -1.6898826003408602 -9
    endloop
  endfacet
  facet normal 0.7705132427757894 -0.6374239897486896 0
    outer loop
      vertex 2.0957848038365587 -1.9680729295449795 -9
      vertex 2.325923858827974 -1.6898826003408602 -9
      vertex 2.325923858827974 -1.6898826003408602 -6
    endloop
  endfacet
  facet normal 0 0 -1
    outer loop
      vertex 2.0957848038365587 -1.9680729295449795 -9
      vertex 2.0812283651041756 -1.144164975991574 -9
      vertex 2.208219153984597 -0.8742958126261111 -9
    endloop
  endfacet
  facet normal 0 0 -1
    outer loop
      vertex 2.325923858827974 -1.6898826003408602 -9
      vertex 2.208219153984597 -0.8742958126261111 -9
      vertex 2.3003850076804992 -0.5906384820165292 -9
    endloop
  endfacet
  facet normal 0.8443279255020155 -0.5358267949789958 0
    outer loop
      vertex 2.325923858827974 -1.6898826003408602 -9
      vertex 2.5193817051261074 -1.3850418130424318 -9
      vertex 2.5193817051261074 -1.3850418130424318 -6
    endloop
  endfacet
  facet normal 0.9048270524660191 -0.42577929156507316 0
    outer loop
      vertex 2.5193817051261074 -1.3850418130424318 -9
      vertex 2.6731073969287222 -1.0583580889684503 -9
      vertex 2.6731073969287222 -1.0583580889684503 -6
    endloop
  endfacet
  facet normal 0.7705132427757894 -0.6374239897486896 0
    outer loop
      vertex 2.0957848038365587 -1.9680729295449795 -9
      vertex 2.325923858827974 -1.6898826003408602 -6
      vertex 2.0957848038365587 -1.9680729295449795 -6
    endloop
  endfacet
  facet normal 0.8443279255020155 -0.5358267949789958 0
    outer loop
      vertex 2.325923858827974 -1.6898826003408602 -9
      vertex 2.5193817051261074 -1.3850418130424318 -6
      vertex 2.325923858827974 -1.6898826003408602 -6
    endloop
  endfacet
  facet normal 0.9048270524660191 -0.42577929156507316 0
    outer loop
      vertex 2.5193817051261074 -1.3850418130424318 -9
      vertex 2.6731073969287222 -1.0583580889684503 -6
      vertex 2.5193817051261074 -1.3850418130424318 -6
    endloop
  endfacet
  facet normal 0 0 -1
    outer loop
      vertex 2.325923858827974 -1.6898826003408602 -9
      vertex 2.3003850076804992 -0.5906384820165292 -9
      vertex 2.356272415621885 -0.29766642971522217 -9
    endloop
  endfacet
  facet normal 0 0 -1
    outer loop
      vertex 2.325923858827974 -1.6898826003408602 -9
      vertex 2.356272415621885 -0.29766642971522217 -9
      vertex 2.375 0 -9
    endloop
  endfacet
  facet normal 0 0 -1
    outer loop
      vertex 2.325923858827974 -1.6898826003408602 -9
      vertex 2.519381705126108 1.3850418130424316 -9
      vertex 2.5193817051261074 -1.3850418130424318 -9
    endloop
  endfacet
  facet normal 0 0 -1
    outer loop
      vertex 2.325923858827974 -1.6898826003408602 -9
      vertex 2.375 0 -9
      vertex 2.519381705126108 1.3850418130424316 -9
    endloop
  endfacet
  facet normal 0.9510565162951534 -0.3090169943749478 0
    outer loop
      vertex 2.6731073969287222 -1.0583580889684503 -9
      vertex 2.784676588244815 -0.7149834255989564 -9
      vertex 2.784676588244815 -0.7149834255989564 -6
    endloop
  endfacet
  facet normal 0 0 -1
    outer loop
      vertex 2.5193817051261074 -1.3850418130424318 -9
      vertex 2.6731073969287227 1.0583580889684492 -9
      vertex 2.6731073969287222 -1.0583580889684503 -9
    endloop
  endfacet
  facet normal 0 0 -1
    outer loop
      vertex 2.6731073969287222 -1.0583580889684503 -9
      vertex 2.7846765882448143 0.7149834255989576 -9
      vertex 2.784676588244815 -0.7149834255989564 -9
    endloop
  endfacet
  facet normal 0 0 -1
    outer loop
      vertex 2.784676588244815 -0.7149834255989564 -9
      vertex 2.852329766279124 0.36033304649737474 -9
      vertex 2.852329766279124 -0.3603330464973742 -9
    endloop
  endfacet
  facet normal 0.9822872507286887 -0.1873813145857242 0
    outer loop
      vertex 2.784676588244815 -0.7149834255989564 -9
      vertex 2.852329766279124 -0.3603330464973742 -9
      vertex 2.852329766279124 -0.3603330464973742 -6
    endloop
  endfacet
  facet normal 0.9980267284282714 -0.06279051952931329 0
    outer loop
      vertex 2.852329766279124 -0.3603330464973742 -9
      vertex 2.875 0 -9
      vertex 2.875 0 -6
    endloop
  endfacet
  facet normal 0.9510565162951534 -0.3090169943749478 0
    outer loop
      vertex 2.6731073969287222 -1.0583580889684503 -9
      vertex 2.784676588244815 -0.7149834255989564 -6
      vertex 2.6731073969287222 -1.0583580889684503 -6
    endloop
  endfacet
  facet normal 0.9822872507286887 -0.1873813145857242 0
    outer loop
      vertex 2.784676588244815 -0.7149834255989564 -9
      vertex 2.852329766279124 -0.3603330464973742 -6
      vertex 2.784676588244815 -0.7149834255989564 -6
    endloop
  endfacet
  facet normal 0.9980267284282714 -0.06279051952931329 0
    outer loop
      vertex 2.852329766279124 -0.3603330464973742 -9
      vertex 2.875 0 -6
      vertex 2.852329766279124 -0.3603330464973742 -6
    endloop
  endfacet
  facet normal 0 0 -1
    outer loop
      vertex 1.832593970527483 2.2152255729803936 -9
      vertex 1.7313004901258524 1.6257993765806358 -9
      vertex 1.513881975653138 1.8299689515924993 -9
    endloop
  endfacet
  facet normal 0 0 -1
    outer loop
      vertex 2.0957848038365583 1.9680729295449801 -9
      vertex 1.9214153616405003 1.3959899741946238 -9
      vertex 1.7313004901258524 1.6257993765806358 -9
    endloop
  endfacet
  facet normal 0 0 -1
    outer loop
      vertex 1.832593970527483 2.2152255729803936 -9
      vertex 2.0957848038365583 1.9680729295449801 -9
      vertex 1.7313004901258524 1.6257993765806358 -9
    endloop
  endfacet
  facet normal 0 0 -1
    outer loop
      vertex -0.18052274364677567 2.869326844231281 -9
      vertex 0.18052274364677567 2.869326844231281 -9
      vertex 0.1491274838821189 2.370313480017145 -9
    endloop
  endfacet
  facet normal 0 0 -1
    outer loop
      vertex 0.18052274364677567 2.869326844231281 -9
      vertex 0.5387212794339582 2.82407584584498 -9
      vertex 0.1491274838821189 2.370313480017145 -9
    endloop
  endfacet
  facet normal 0 0 -1
    outer loop
      vertex 0.5387212794339582 2.82407584584498 -9
      vertex 0.44503062214109584 2.3329322204806355 -9
      vertex 0.1491274838821189 2.370313480017145 -9
    endloop
  endfacet
  facet normal 0.1253332335643047 0.9921147013144778 1.0436088124036017e-17
    outer loop
      vertex 0.18052274364677567 2.869326844231281 -9
      vertex 0.18052274364677542 2.869326844231281 -6
      vertex 0.5387212794339582 2.82407584584498 -9
    endloop
  endfacet
  facet normal 0 0 -1
    outer loop
      vertex 0.8884238588279738 2.7342874843485663 -9
      vertex 0.7339153616405001 2.2587592262009895 -9
      vertex 0.44503062214109584 2.3329322204806355 -9
    endloop
  endfacet
  facet normal 0 0 -1
    outer loop
      vertex 1.224115463249584 2.601377775839806 -9
      vertex 1.0112258174670476 2.1489642496067964 -9
      vertex 0.7339153616405001 2.2587592262009895 -9
    endloop
  endfacet
  facet normal 0 0 -1
    outer loop
      vertex 0.5387212794339582 2.82407584584498 -9
      vertex 0.8884238588279738 2.7342874843485663 -9
      vertex 0.44503062214109584 2.3329322204806355 -9
    endloop
  endfacet
  facet normal 0 0 -1
    outer loop
      vertex 0.8884238588279738 2.7342874843485663 -9
      vertex 1.224115463249584 2.601377775839806 -9
      vertex 0.7339153616405001 2.2587592262009895 -9
    endloop
  endfacet
  facet normal 0.24868988716485532 0.9685831611286309 0
    outer loop
      vertex 0.5387212794339582 2.82407584584498 -9
      vertex 0.5387212794339582 2.82407584584498 -6
      vertex 0.8884238588279738 2.7342874843485663 -9
    endloop
  endfacet
  facet normal 0 1 0
    outer loop
      vertex -0.18052274364677567 2.869326844231281 -6
      vertex 0.18052274364677542 2.869326844231281 -6
      vertex 0.18052274364677567 2.869326844231281 -9
    endloop
  endfacet
  facet normal 0.12533323356430465 0.9921147013144778 0
    outer loop
      vertex 0.5387212794339582 2.82407584584498 -9
      vertex 0.18052274364677542 2.869326844231281 -6
      vertex 0.5387212794339582 2.82407584584498 -6
    endloop
  endfacet
  facet normal 0.24868988716485532 0.9685831611286309 0
    outer loop
      vertex 0.8884238588279738 2.7342874843485663 -9
      vertex 0.5387212794339582 2.82407584584498 -6
      vertex 0.8884238588279738 2.7342874843485663 -6
    endloop
  endfacet
  facet normal 0 0 -1
    outer loop
      vertex 1.5405020355646153 2.427442785818293 -9
      vertex 1.272588638075117 2.005278823067286 -9
      vertex 1.0112258174670476 2.1489642496067964 -9
    endloop
  endfacet
  facet normal 0 0 -1
    outer loop
      vertex 1.5405020355646153 2.427442785818293 -9
      vertex 1.513881975653138 1.8299689515924993 -9
      vertex 1.272588638075117 2.005278823067286 -9
    endloop
  endfacet
  facet normal 0 0 -1
    outer loop
      vertex 1.224115463249584 2.601377775839806 -9
      vertex 1.5405020355646153 2.427442785818293 -9
      vertex 1.0112258174670476 2.1489642496067964 -9
    endloop
  endfacet
  facet normal 0.3681245526846775 0.9297764858882517 0
    outer loop
      vertex 0.8884238588279738 2.7342874843485663 -9
      vertex 0.8884238588279738 2.7342874843485663 -6
      vertex 1.224115463249584 2.601377775839806 -9
    endloop
  endfacet
  facet normal 0.48175367410171555 0.8763066800438635 0
    outer loop
      vertex 1.224115463249584 2.601377775839806 -9
      vertex 1.224115463249584 2.601377775839806 -6
      vertex 1.5405020355646153 2.427442785818293 -9
    endloop
  endfacet
  facet normal 0 0 -1
    outer loop
      vertex 1.5405020355646153 2.427442785818293 -9
      vertex 1.832593970527483 2.2152255729803936 -9
      vertex 1.513881975653138 1.8299689515924993 -9
    endloop
  endfacet
  facet normal 0.5877852522924737 0.8090169943749471 0
    outer loop
      vertex 1.5405020355646153 2.427442785818293 -9
      vertex 1.5405020355646153 2.427442785818293 -6
      vertex 1.832593970527483 2.2152255729803936 -9
    endloop
  endfacet
  facet normal 0.6845471059286875 0.7289686274214126 0
    outer loop
      vertex 1.832593970527483 2.2152255729803936 -9
      vertex 1.832593970527483 2.2152255729803936 -6
      vertex 2.0957848038365583 1.9680729295449801 -9
    endloop
  endfacet
  facet normal 0.48175367410171555 0.8763066800438635 0
    outer loop
      vertex 1.5405020355646153 2.427442785818293 -9
      vertex 1.224115463249584 2.601377775839806 -6
      vertex 1.5405020355646153 2.427442785818293 -6
    endloop
  endfacet
  facet normal 0.3681245526846775 0.9297764858882517 0
    outer loop
      vertex 1.224115463249584 2.601377775839806 -9
      vertex 0.8884238588279738 2.7342874843485663 -6
      vertex 1.224115463249584 2.601377775839806 -6
    endloop
  endfacet
  facet normal 0.5877852522924737 0.8090169943749471 0
    outer loop
      vertex 1.832593970527483 2.2152255729803936 -9
      vertex 1.5405020355646153 2.427442785818293 -6
      vertex 1.832593970527483 2.2152255729803936 -6
    endloop
  endfacet
  facet normal 0 0 -1
    outer loop
      vertex 2.519381705126108 1.3850418130424316 -9
      vertex 2.375 0 -9
      vertex 2.356272415621885 0.2976664297152226 -9
    endloop
  endfacet
  facet normal 0 0 -1
    outer loop
      vertex 2.519381705126108 1.3850418130424316 -9
      vertex 2.356272415621885 0.2976664297152226 -9
      vertex 2.300385007680499 0.5906384820165301 -9
    endloop
  endfacet
  facet normal 0 0 -1
    outer loop
      vertex 2.6731073969287222 -1.0583580889684503 -9
      vertex 2.6731073969287227 1.0583580889684492 -9
      vertex 2.7846765882448143 0.7149834255989576 -9
    endloop
  endfacet
  facet normal 0 0 -1
    outer loop
      vertex 2.5193817051261074 -1.3850418130424318 -9
      vertex 2.519381705126108 1.3850418130424316 -9
      vertex 2.6731073969287227 1.0583580889684492 -9
    endloop
  endfacet
  facet normal 0 0 -1
    outer loop
      vertex 2.784676588244815 -0.7149834255989564 -9
      vertex 2.7846765882448143 0.7149834255989576 -9
      vertex 2.852329766279124 0.36033304649737474 -9
    endloop
  endfacet
  facet normal 0 0 -1
    outer loop
      vertex 2.852329766279124 -0.3603330464973742 -9
      vertex 2.852329766279124 0.36033304649737474 -9
      vertex 2.875 0 -9
    endloop
  endfacet
  facet normal 0.9980267284282714 0.0627905195293132 0
    outer loop
      vertex 2.875 0 -9
      vertex 2.852329766279124 0.36033304649737474 -9
      vertex 2.852329766279124 0.36033304649737474 -6
    endloop
  endfacet
  facet normal 0.9510565162951535 0.30901699437494734 0
    outer loop
      vertex 2.7846765882448143 0.7149834255989576 -9
      vertex 2.6731073969287227 1.0583580889684492 -9
      vertex 2.6731073969287227 1.0583580889684492 -6
    endloop
  endfacet
  facet normal 0.9822872507286885 0.18738131458572513 0
    outer loop
      vertex 2.852329766279124 0.36033304649737474 -9
      vertex 2.7846765882448143 0.7149834255989576 -9
      vertex 2.7846765882448143 0.7149834255989576 -6
    endloop
  endfacet
  facet normal 0.9980267284282714 0.0627905195293132 0
    outer loop
      vertex 2.875 0 -9
      vertex 2.852329766279124 0.36033304649737474 -6
      vertex 2.875 0 -6
    endloop
  endfacet
  facet normal 0.9822872507286885 0.18738131458572513 0
    outer loop
      vertex 2.852329766279124 0.36033304649737474 -9
      vertex 2.7846765882448143 0.7149834255989576 -6
      vertex 2.852329766279124 0.36033304649737474 -6
    endloop
  endfacet
  facet normal 0.9510565162951535 0.30901699437494734 0
    outer loop
      vertex 2.7846765882448143 0.7149834255989576 -9
      vertex 2.6731073969287227 1.0583580889684492 -6
      vertex 2.7846765882448143 0.7149834255989576 -6
    endloop
  endfacet
  facet normal 0 0 -1
    outer loop
      vertex 2.325923858827974 1.6898826003408602 -9
      vertex 2.208219153984597 0.8742958126261102 -9
      vertex 2.081228365104176 1.144164975991574 -9
    endloop
  endfacet
  facet normal 0 0 -1
    outer loop
      vertex 2.325923858827974 1.6898826003408602 -9
      vertex 2.300385007680499 0.5906384820165301 -9
      vertex 2.208219153984597 0.8742958126261102 -9
    endloop
  endfacet
  facet normal 0 0 -1
    outer loop
      vertex 2.325923858827974 1.6898826003408602 -9
      vertex 2.519381705126108 1.3850418130424316 -9
      vertex 2.300385007680499 0.5906384820165301 -9
    endloop
  endfacet
  facet normal 0 0 -1
    outer loop
      vertex 2.0957848038365583 1.9680729295449801 -9
      vertex 2.081228365104176 1.144164975991574 -9
      vertex 1.9214153616405003 1.3959899741946238 -9
    endloop
  endfacet
  facet normal 0 0 -1
    outer loop
      vertex 2.0957848038365583 1.9680729295449801 -9
      vertex 2.325923858827974 1.6898826003408602 -9
      vertex 2.081228365104176 1.144164975991574 -9
    endloop
  endfacet
  facet normal 0.7705132427757895 0.6374239897486894 0
    outer loop
      vertex 2.0957848038365583 1.9680729295449801 -9
      vertex 2.0957848038365583 1.9680729295449801 -6
      vertex 2.325923858827974 1.6898826003408602 -9
    endloop
  endfacet
  facet normal 0.8443279255020153 0.5358267949789965 0
    outer loop
      vertex 2.325923858827974 1.6898826003408602 -9
      vertex 2.325923858827974 1.6898826003408602 -6
      vertex 2.519381705126108 1.3850418130424316 -9
    endloop
  endfacet
  facet normal 0.9048270524660197 0.4257792915650723 0
    outer loop
      vertex 2.6731073969287227 1.0583580889684492 -9
      vertex 2.519381705126108 1.3850418130424316 -9
      vertex 2.519381705126108 1.3850418130424316 -6
    endloop
  endfacet
  facet normal 0.8443279255020153 0.5358267949789965 0
    outer loop
      vertex 2.519381705126108 1.3850418130424316 -9
      vertex 2.325923858827974 1.6898826003408602 -6
      vertex 2.519381705126108 1.3850418130424316 -6
    endloop
  endfacet
  facet normal 0.7705132427757895 0.6374239897486894 0
    outer loop
      vertex 2.325923858827974 1.6898826003408602 -9
      vertex 2.0957848038365583 1.9680729295449801 -6
      vertex 2.325923858827974 1.6898826003408602 -6
    endloop
  endfacet
  facet normal 0.9048270524660197 0.4257792915650723 0
    outer loop
      vertex 2.6731073969287227 1.0583580889684492 -9
      vertex 2.519381705126108 1.3850418130424316 -6
      vertex 2.6731073969287227 1.0583580889684492 -6
    endloop
  endfacet
  facet normal 0.6845471059286875 0.7289686274214126 0
    outer loop
      vertex 1.832593970527483 2.2152255729803936 -6
      vertex 2.0957848038365583 1.9680729295449801 -6
      vertex 2.0957848038365583 1.9680729295449801 -9
    endloop
  endfacet
  facet normal 0.687799660779232 0.5689973638120441 0.45074785258159333
    outer loop
      vertex -1.7313004901258526 -1.6257993765806351 -4.2
      vertex -3.23606797749979 -2.3511410091698925 -0.9882352941176472
      vertex -2.9158745096856467 -2.738188423714754 -0.9882352941176472
    endloop
  endfacet
  facet normal 0.5246872794572319 0.7221700853461397 0.4507478525815933
    outer loop
      vertex -1.5138819756531379 -1.8299689515924997 -4.2
      vertex -2.5496959589947585 -3.0820529711031575 -0.9882352941176468
      vertex -2.143307179915987 -3.37731170200806 -0.9882352941176474
    endloop
  endfacet
  facet normal 0.6110618755220589 0.650714805177004 0.45074785258159317
    outer loop
      vertex -1.7313004901258526 -1.6257993765806351 -4.2
      vertex -2.9158745096856467 -2.738188423714754 -0.9882352941176472
      vertex -2.5496959589947585 -3.0820529711031575 -0.9882352941176468
    endloop
  endfacet
  facet normal 0.753690434514316 0.47830649411721754 0.4507478525815933
    outer loop
      vertex -2.0812283651041756 -1.144164975991574 -4.2
      vertex -3.505226720175454 -1.9270146964068615 -0.9882352941176471
      vertex -1.9214153616405003 -1.3959899741946238 -4.2
    endloop
  endfacet
  facet normal 0.8076950598642656 0.3800724452837155 0.45074785258159317
    outer loop
      vertex -2.0812283651041756 -1.144164975991574 -4.2
      vertex -2.2082191539845972 -0.8742958126261099 -4.2
      vertex -3.719105943553006 -1.4724982107387115 -0.9882352941176473
    endloop
  endfacet
  facet normal 0.6877996607792316 0.5689973638120447 0.45074785258159317
    outer loop
      vertex -1.7313004901258526 -1.6257993765806351 -4.2
      vertex -1.9214153616405003 -1.3959899741946238 -4.2
      vertex -3.23606797749979 -2.3511410091698925 -0.9882352941176472
    endloop
  endfacet
  facet normal 0.8489618516265156 0.2758444269438128 0.45074785258159317
    outer loop
      vertex -2.300385007680499 -0.5906384820165302 -4.2
      vertex -3.8743326445145243 -0.9947595486594194 -0.9882352941176471
      vertex -2.2082191539845972 -0.8742958126261099 -4.2
    endloop
  endfacet
  facet normal 0.8768400078433869 0.16726617720953474 0.4507478525815932
    outer loop
      vertex -2.300385007680499 -0.5906384820165302 -4.2
      vertex -2.356272415621885 -0.29766642971522217 -4.2
      vertex -3.9684588052579115 -0.5013329342572163 -0.9882352941176475
    endloop
  endfacet
  facet normal 0.8908898733377373 0.05605003994068938 0.4507478525815932
    outer loop
      vertex -2.356272415621885 -0.29766642971522217 -4.2
      vertex -2.375 0 -4.2
      vertex -4 0 -0.9882352941176471
    endloop
  endfacet
  facet normal 0.8076950598642656 0.3800724452837153 0.45074785258159317
    outer loop
      vertex -2.0812283651041756 -1.144164975991574 -4.2
      vertex -3.719105943553006 -1.4724982107387115 -0.9882352941176473
      vertex -3.505226720175454 -1.9270146964068615 -0.9882352941176471
    endloop
  endfacet
  facet normal 0.8489618516265156 0.27584442694381295 0.45074785258159317
    outer loop
      vertex -2.2082191539845972 -0.8742958126261099 -4.2
      vertex -3.8743326445145243 -0.9947595486594194 -0.9882352941176471
      vertex -3.719105943553006 -1.4724982107387115 -0.9882352941176473
    endloop
  endfacet
  facet normal 0.8768400078433869 0.16726617720953457 0.4507478525815932
    outer loop
      vertex -2.300385007680499 -0.5906384820165302 -4.2
      vertex -3.9684588052579115 -0.5013329342572163 -0.9882352941176475
      vertex -3.8743326445145243 -0.9947595486594194 -0.9882352941176471
    endloop
  endfacet
  facet normal 0.8908898733377373 0.05605003994068932 0.4507478525815932
    outer loop
      vertex -2.356272415621885 -0.29766642971522217 -4.2
      vertex -4 0 -0.9882352941176471
      vertex -3.9684588052579115 -0.5013329342572163 -0.9882352941176475
    endloop
  endfacet
  facet normal 0.7536904345143155 0.4783064941172185 0.45074785258159317
    outer loop
      vertex -1.9214153616405003 -1.3959899741946238 -4.2
      vertex -3.505226720175454 -1.9270146964068615 -0.9882352941176471
      vertex -3.23606797749979 -2.3511410091698925 -0.9882352941176472
    endloop
  endfacet
  facet normal 0.6110618755220593 0.6507148051770035 0.4507478525815931
    outer loop
      vertex -1.7313004901258526 -1.6257993765806351 -4.2
      vertex -2.5496959589947585 -3.0820529711031575 -0.9882352941176468
      vertex -1.5138819756531379 -1.8299689515924997 -4.2
    endloop
  endfacet
  facet normal 0.5246872794572313 0.7221700853461401 0.4507478525815932
    outer loop
      vertex -1.5138819756531379 -1.8299689515924997 -4.2
      vertex -2.143307179915987 -3.37731170200806 -0.9882352941176474
      vertex -1.2725886380751172 -2.0052788230672856 -4.2
    endloop
  endfacet
  facet normal 0.4300380515623759 0.7822363118658694 0.4507478525815932
    outer loop
      vertex -1.2725886380751172 -2.0052788230672856 -4.2
      vertex -1.7031171662602897 -3.6193082098640783 -0.9882352941176471
      vertex -1.011225817467047 -2.1489642496067964 -4.2
    endloop
  endfacet
  facet normal 0.3286068667021016 0.8299662044621514 0.4507478525815932
    outer loop
      vertex -0.7339153616405001 -2.2587592262009895 -4.2
      vertex -1.011225817467047 -2.1489642496067964 -4.2
      vertex -1.7031171662602897 -3.6193082098640783 -0.9882352941176471
    endloop
  endfacet
  facet normal 0.22199335525370928 0.8646070342162864 0.4507478525815931
    outer loop
      vertex -0.7339153616405001 -2.2587592262009895 -4.2
      vertex -0.7495252583428993 -3.9291490029147544 -0.9882352941176471
      vertex -0.44503062214109645 -2.3329322204806355 -4.2
    endloop
  endfacet
  facet normal 0.11187887598056205 0.8856124945496244 0.4507478525815932
    outer loop
      vertex -0.44503062214109645 -2.3329322204806355 -4.2
      vertex -0.7495252583428993 -3.9291490029147544 -0.9882352941176471
      vertex -0.1491274838821202 -2.370313480017145 -4.2
    endloop
  endfacet
  facet normal 0 0.8926513168046538 0.4507478525815933
    outer loop
      vertex -0.1491274838821202 -2.370313480017145 -4.2
      vertex -0.25116207811725505 -3.9921069137130862 -0.9882352941176477
      vertex 0.1491274838821202 -2.370313480017145 -4.2
    endloop
  endfacet
  facet normal 0.43003805156237573 0.7822363118658695 0.4507478525815932
    outer loop
      vertex -1.2725886380751172 -2.0052788230672856 -4.2
      vertex -2.143307179915987 -3.37731170200806 -0.9882352941176474
      vertex -1.7031171662602897 -3.6193082098640783 -0.9882352941176471
    endloop
  endfacet
  facet normal 0.3286068667021017 0.8299662044621513 0.45074785258159317
    outer loop
      vertex -0.7339153616405001 -2.2587592262009895 -4.2
      vertex -1.7031171662602897 -3.6193082098640783 -0.9882352941176471
      vertex -1.2360679774997898 -3.804226065180614 -0.9882352941176465
    endloop
  endfacet
  facet normal 0.22199335525370884 0.8646070342162865 0.4507478525815932
    outer loop
      vertex -0.7339153616405001 -2.2587592262009895 -4.2
      vertex -1.2360679774997898 -3.804226065180614 -0.9882352941176465
      vertex -0.7495252583428993 -3.9291490029147544 -0.9882352941176471
    endloop
  endfacet
  facet normal 0.11187887598056238 0.8856124945496242 0.4507478525815933
    outer loop
      vertex -0.1491274838821202 -2.370313480017145 -4.2
      vertex -0.7495252583428993 -3.9291490029147544 -0.9882352941176471
      vertex -0.25116207811725505 -3.9921069137130862 -0.9882352941176477
    endloop
  endfacet
  facet normal 0.8908898733377372 -0.056050039940689377 0.45074785258159317
    outer loop
      vertex -2.375 0 -4.2
      vertex -2.356272415621885 0.29766642971522217 -4.2
      vertex -3.9684588052579115 0.5013329342572163 -0.9882352941176475
    endloop
  endfacet
  facet normal 0.8768400078433869 -0.16726617720953474 0.45074785258159317
    outer loop
      vertex -2.356272415621885 0.29766642971522217 -4.2
      vertex -2.300385007680499 0.5906384820165302 -4.2
      vertex -3.8743326445145243 0.9947595486594195 -0.9882352941176472
    endloop
  endfacet
  facet normal 0.8489618516265156 -0.2758444269438128 0.4507478525815932
    outer loop
      vertex -2.300385007680499 0.5906384820165302 -4.2
      vertex -2.2082191539845972 0.8742958126261099 -4.2
      vertex -3.719105943553006 1.4724982107387115 -0.9882352941176473
    endloop
  endfacet
  facet normal 0.8076950598642656 -0.3800724452837155 0.4507478525815933
    outer loop
      vertex -2.2082191539845972 0.8742958126261099 -4.2
      vertex -2.0812283651041756 1.144164975991574 -4.2
      vertex -3.505226720175454 1.9270146964068615 -0.9882352941176471
    endloop
  endfacet
  facet normal 0.753690434514316 -0.47830649411721754 0.4507478525815931
    outer loop
      vertex -2.0812283651041756 1.144164975991574 -4.2
      vertex -1.9214153616405003 1.3959899741946238 -4.2
      vertex -3.23606797749979 2.3511410091698925 -0.9882352941176472
    endloop
  endfacet
  facet normal 0.6877996607792316 -0.5689973638120447 0.4507478525815933
    outer loop
      vertex -1.9214153616405003 1.3959899741946238 -4.2
      vertex -1.7313004901258526 1.6257993765806351 -4.2
      vertex -2.9158745096856467 2.738188423714754 -0.9882352941176472
    endloop
  endfacet
  facet normal 0.8908898733377372 -0.05605003994068931 0.4507478525815932
    outer loop
      vertex -2.375 0 -4.2
      vertex -3.9684588052579115 0.5013329342572163 -0.9882352941176475
      vertex -4 0 -0.9882352941176471
    endloop
  endfacet
  facet normal 0.8768400078433869 -0.16726617720953502 0.45074785258159317
    outer loop
      vertex -2.356272415621885 0.29766642971522217 -4.2
      vertex -3.8743326445145243 0.9947595486594195 -0.9882352941176472
      vertex -3.9684588052579115 0.5013329342572163 -0.9882352941176475
    endloop
  endfacet
  facet normal 0.8489618516265155 -0.275844426943813 0.4507478525815931
    outer loop
      vertex -2.300385007680499 0.5906384820165302 -4.2
      vertex -3.719105943553006 1.4724982107387115 -0.9882352941176473
      vertex -3.8743326445145243 0.9947595486594195 -0.9882352941176472
    endloop
  endfacet
  facet normal 0.8076950598642656 -0.38007244528371525 0.4507478525815932
    outer loop
      vertex -2.2082191539845972 0.8742958126261099 -4.2
      vertex -3.505226720175454 1.9270146964068615 -0.9882352941176471
      vertex -3.719105943553006 1.4724982107387115 -0.9882352941176473
    endloop
  endfacet
  facet normal 0.7536904345143156 -0.47830649411721793 0.4507478525815932
    outer loop
      vertex -2.0812283651041756 1.144164975991574 -4.2
      vertex -3.23606797749979 2.3511410091698925 -0.9882352941176472
      vertex -3.505226720175454 1.9270146964068615 -0.9882352941176471
    endloop
  endfacet
  facet normal 0.6877996607792322 -0.5689973638120439 0.45074785258159306
    outer loop
      vertex -1.9214153616405003 1.3959899741946238 -4.2
      vertex -2.9158745096856467 2.738188423714754 -0.9882352941176472
      vertex -3.23606797749979 2.3511410091698925 -0.9882352941176472
    endloop
  endfacet
  facet normal 0.6110618755220589 -0.650714805177004 0.45074785258159317
    outer loop
      vertex -1.7313004901258526 1.6257993765806351 -4.2
      vertex -2.5496959589947585 3.0820529711031575 -0.9882352941176468
      vertex -2.9158745096856467 2.738188423714754 -0.9882352941176472
    endloop
  endfacet
  facet normal 0.5246872794572319 -0.7221700853461397 0.4507478525815933
    outer loop
      vertex -1.5138819756531379 1.8299689515924997 -4.2
      vertex -2.143307179915987 3.37731170200806 -0.9882352941176475
      vertex -2.5496959589947585 3.0820529711031575 -0.9882352941176468
    endloop
  endfacet
  facet normal 0.6110618755220593 -0.6507148051770035 0.4507478525815931
    outer loop
      vertex -1.7313004901258526 1.6257993765806351 -4.2
      vertex -1.5138819756531379 1.8299689515924997 -4.2
      vertex -2.5496959589947585 3.0820529711031575 -0.9882352941176468
    endloop
  endfacet
  facet normal 0.5246872794572313 -0.7221700853461401 0.4507478525815932
    outer loop
      vertex -1.5138819756531379 1.8299689515924997 -4.2
      vertex -1.2725886380751172 2.0052788230672856 -4.2
      vertex -2.143307179915987 3.37731170200806 -0.9882352941176475
    endloop
  endfacet
  facet normal 0.4300380515623767 -0.782236311865869 0.45074785258159306
    outer loop
      vertex -1.2725886380751172 2.0052788230672856 -4.2
      vertex -1.0112258174670476 2.1489642496067964 -4.2
      vertex -1.7031171662602909 3.619308209864078 -0.9882352941176473
    endloop
  endfacet
  facet normal 0.32860686670210093 -0.8299662044621516 0.45074785258159317
    outer loop
      vertex -1.0112258174670476 2.1489642496067964 -4.2
      vertex -0.7339153616405001 2.2587592262009895 -4.2
      vertex -1.2360679774997896 3.804226065180614 -0.9882352941176464
    endloop
  endfacet
  facet normal 0.2219933552537089 -0.8646070342162867 0.4507478525815932
    outer loop
      vertex -0.7339153616405001 2.2587592262009895 -4.2
      vertex -0.44503062214109584 2.3329322204806355 -4.2
      vertex -0.7495252583428983 3.929149002914755 -0.9882352941176463
    endloop
  endfacet
  facet normal 0.11187887598056183 -0.8856124945496243 0.4507478525815932
    outer loop
      vertex -0.44503062214109584 2.3329322204806355 -4.2
      vertex -0.14912748388211902 2.370313480017145 -4.2
      vertex -0.25116207811725305 3.9921069137130862 -0.9882352941176477
    endloop
  endfacet
  facet normal 0.43003805156237584 -0.7822363118658694 0.4507478525815932
    outer loop
      vertex -1.2725886380751172 2.0052788230672856 -4.2
      vertex -1.7031171662602909 3.619308209864078 -0.9882352941176473
      vertex -2.143307179915987 3.37731170200806 -0.9882352941176475
    endloop
  endfacet
  facet normal 0.32860686670210126 -0.8299662044621515 0.450747852581593
    outer loop
      vertex -1.0112258174670476 2.1489642496067964 -4.2
      vertex -1.2360679774997896 3.804226065180614 -0.9882352941176464
      vertex -1.7031171662602909 3.619308209864078 -0.9882352941176473
    endloop
  endfacet
  facet normal 0.22199335525370892 -0.8646070342162866 0.4507478525815931
    outer loop
      vertex -0.7339153616405001 2.2587592262009895 -4.2
      vertex -0.7495252583428983 3.929149002914755 -0.9882352941176463
      vertex -1.2360679774997896 3.804226065180614 -0.9882352941176464
    endloop
  endfacet
  facet normal 0.11187887598056263 -0.8856124945496242 0.45074785258159317
    outer loop
      vertex -0.44503062214109584 2.3329322204806355 -4.2
      vertex -0.25116207811725305 3.9921069137130862 -0.9882352941176477
      vertex -0.7495252583428983 3.929149002914755 -0.9882352941176463
    endloop
  endfacet
  facet normal 0 -0.8926513168046537 0.45074785258159317
    outer loop
      vertex -0.14912748388211902 2.370313480017145 -4.2
      vertex 0.2511620781172531 3.9921069137130862 -0.9882352941176477
      vertex -0.25116207811725305 3.9921069137130862 -0.9882352941176477
    endloop
  endfacet
  facet normal -0.11187887598056204 0.8856124945496243 0.4507478525815932
    outer loop
      vertex 0.1491274838821202 -2.370313480017145 -4.2
      vertex 0.25116207811725505 -3.9921069137130862 -0.9882352941176477
      vertex 0.44503062214109645 -2.3329322204806355 -4.2
    endloop
  endfacet
  facet normal -0.22199335525370928 0.8646070342162864 0.4507478525815931
    outer loop
      vertex 0.44503062214109645 -2.3329322204806355 -4.2
      vertex 0.7495252583428993 -3.9291490029147544 -0.9882352941176471
      vertex 0.7339153616405001 -2.2587592262009895 -4.2
    endloop
  endfacet
  facet normal -0.3286068667021016 0.8299662044621514 0.45074785258159317
    outer loop
      vertex 0.7339153616405001 -2.2587592262009895 -4.2
      vertex 1.2360679774997896 -3.804226065180614 -0.9882352941176464
      vertex 1.011225817467047 -2.1489642496067964 -4.2
    endloop
  endfacet
  facet normal -0.4300380515623754 0.7822363118658695 0.45074785258159317
    outer loop
      vertex 1.011225817467047 -2.1489642496067964 -4.2
      vertex 1.7031171662602897 -3.6193082098640783 -0.9882352941176471
      vertex 1.272588638075116 -2.0052788230672864 -4.2
    endloop
  endfacet
  facet normal -0.5246872794572313 0.7221700853461404 0.4507478525815932
    outer loop
      vertex 1.272588638075116 -2.0052788230672864 -4.2
      vertex 2.143307179915985 -3.377311702008061 -0.9882352941176474
      vertex 1.5138819756531388 -1.829968951592499 -4.2
    endloop
  endfacet
  facet normal -0.6110618755220595 0.6507148051770032 0.45074785258159317
    outer loop
      vertex 1.5138819756531388 -1.829968951592499 -4.2
      vertex 2.54969595899476 -3.082052971103156 -0.9882352941176474
      vertex 1.7313004901258526 -1.6257993765806351 -4.2
    endloop
  endfacet
  facet normal 0 0.8926513168046537 0.4507478525815933
    outer loop
      vertex 0.1491274838821202 -2.370313480017145 -4.2
      vertex -0.25116207811725505 -3.9921069137130862 -0.9882352941176477
      vertex 0.25116207811725505 -3.9921069137130862 -0.9882352941176477
    endloop
  endfacet
  facet normal -0.11187887598056238 0.8856124945496243 0.45074785258159317
    outer loop
      vertex 0.44503062214109645 -2.3329322204806355 -4.2
      vertex 0.25116207811725505 -3.9921069137130862 -0.9882352941176477
      vertex 0.7495252583428993 -3.9291490029147544 -0.9882352941176471
    endloop
  endfacet
  facet normal -0.22199335525370942 0.8646070342162865 0.4507478525815931
    outer loop
      vertex 0.7339153616405001 -2.2587592262009895 -4.2
      vertex 0.7495252583428993 -3.9291490029147544 -0.9882352941176471
      vertex 1.2360679774997896 -3.804226065180614 -0.9882352941176464
    endloop
  endfacet
  facet normal -0.32860686670210115 0.8299662044621514 0.45074785258159317
    outer loop
      vertex 1.011225817467047 -2.1489642496067964 -4.2
      vertex 1.2360679774997896 -3.804226065180614 -0.9882352941176464
      vertex 1.7031171662602897 -3.6193082098640783 -0.9882352941176471
    endloop
  endfacet
  facet normal -0.43003805156237546 0.7822363118658696 0.45074785258159317
    outer loop
      vertex 1.272588638075116 -2.0052788230672864 -4.2
      vertex 1.7031171662602897 -3.6193082098640783 -0.9882352941176471
      vertex 2.143307179915985 -3.377311702008061 -0.9882352941176474
    endloop
  endfacet
  facet normal -0.5246872794572317 0.72217008534614 0.45074785258159317
    outer loop
      vertex 1.5138819756531388 -1.829968951592499 -4.2
      vertex 2.143307179915985 -3.377311702008061 -0.9882352941176474
      vertex 2.54969595899476 -3.082052971103156 -0.9882352941176474
    endloop
  endfacet
  facet normal -0.6110618755220594 0.6507148051770035 0.4507478525815932
    outer loop
      vertex 1.7313004901258526 -1.6257993765806351 -4.2
      vertex 2.54969595899476 -3.082052971103156 -0.9882352941176474
      vertex 2.9158745096856467 -2.738188423714754 -0.9882352941176472
    endloop
  endfacet
  facet normal -0.6877996607792322 0.5689973638120439 0.45074785258159306
    outer loop
      vertex 1.9214153616405003 -1.3959899741946238 -4.2
      vertex 2.9158745096856467 -2.738188423714754 -0.9882352941176472
      vertex 3.23606797749979 -2.3511410091698925 -0.9882352941176472
    endloop
  endfacet
  facet normal -0.6877996607792316 0.5689973638120447 0.4507478525815933
    outer loop
      vertex 1.7313004901258526 -1.6257993765806351 -4.2
      vertex 2.9158745096856467 -2.738188423714754 -0.9882352941176472
      vertex 1.9214153616405003 -1.3959899741946238 -4.2
    endloop
  endfacet
  facet normal -0.753690434514316 0.47830649411721754 0.4507478525815931
    outer loop
      vertex 1.9214153616405003 -1.3959899741946238 -4.2
      vertex 3.23606797749979 -2.3511410091698925 -0.9882352941176472
      vertex 2.0812283651041756 -1.144164975991574 -4.2
    endloop
  endfacet
  facet normal -0.8076950598642654 0.38007244528371587 0.4507478525815932
    outer loop
      vertex 2.0812283651041756 -1.144164975991574 -4.2
      vertex 3.505226720175454 -1.9270146964068615 -0.9882352941176471
      vertex 2.208219153984597 -0.8742958126261111 -4.2
    endloop
  endfacet
  facet normal -0.8489618516265155 0.2758444269438132 0.4507478525815931
    outer loop
      vertex 2.208219153984597 -0.8742958126261111 -4.2
      vertex 3.8743326445145247 -0.9947595486594177 -0.9882352941176477
      vertex 2.3003850076804992 -0.5906384820165292 -4.2
    endloop
  endfacet
  facet normal -0.876840007843387 0.16726617720953402 0.45074785258159317
    outer loop
      vertex 2.3003850076804992 -0.5906384820165292 -4.2
      vertex 3.8743326445145247 -0.9947595486594177 -0.9882352941176477
      vertex 2.356272415621885 -0.29766642971522217 -4.2
    endloop
  endfacet
  facet normal -0.8908898733377372 0.056050039940689377 0.45074785258159317
    outer loop
      vertex 2.356272415621885 -0.29766642971522217 -4.2
      vertex 3.9684588052579115 -0.5013329342572163 -0.9882352941176475
      vertex 2.375 0 -4.2
    endloop
  endfacet
  facet normal -0.7536904345143156 0.47830649411721793 0.4507478525815932
    outer loop
      vertex 2.0812283651041756 -1.144164975991574 -4.2
      vertex 3.23606797749979 -2.3511410091698925 -0.9882352941176472
      vertex 3.505226720175454 -1.9270146964068615 -0.9882352941176471
    endloop
  endfacet
  facet normal -0.8076950598642655 0.3800724452837156 0.4507478525815933
    outer loop
      vertex 2.208219153984597 -0.8742958126261111 -4.2
      vertex 3.505226720175454 -1.9270146964068615 -0.9882352941176471
      vertex 3.719105943553005 -1.4724982107387135 -0.9882352941176475
    endloop
  endfacet
  facet normal -0.8489618516265156 0.27584442694381284 0.4507478525815932
    outer loop
      vertex 2.208219153984597 -0.8742958126261111 -4.2
      vertex 3.719105943553005 -1.4724982107387135 -0.9882352941176475
      vertex 3.8743326445145247 -0.9947595486594177 -0.9882352941176477
    endloop
  endfacet
  facet normal -0.8768400078433871 0.16726617720953418 0.4507478525815932
    outer loop
      vertex 2.356272415621885 -0.29766642971522217 -4.2
      vertex 3.8743326445145247 -0.9947595486594177 -0.9882352941176477
      vertex 3.9684588052579115 -0.5013329342572163 -0.9882352941176475
    endloop
  endfacet
  facet normal -0.8908898733377372 0.05605003994068931 0.4507478525815932
    outer loop
      vertex 2.375 0 -4.2
      vertex 3.9684588052579115 -0.5013329342572163 -0.9882352941176475
      vertex 4 0 -0.9882352941176471
    endloop
  endfacet
  facet normal 0 -0.8926513168046538 0.4507478525815932
    outer loop
      vertex -0.14912748388211902 2.370313480017145 -4.2
      vertex 0.14912748388211902 2.370313480017145 -4.2
      vertex 0.2511620781172531 3.9921069137130862 -0.9882352941176477
    endloop
  endfacet
  facet normal -0.11187887598056186 -0.8856124945496244 0.4507478525815932
    outer loop
      vertex 0.14912748388211902 2.370313480017145 -4.2
      vertex 0.44503062214109584 2.3329322204806355 -4.2
      vertex 0.7495252583428984 3.929149002914755 -0.9882352941176463
    endloop
  endfacet
  facet normal -0.22199335525370886 -0.8646070342162866 0.4507478525815932
    outer loop
      vertex 0.44503062214109584 2.3329322204806355 -4.2
      vertex 0.7339153616405001 2.2587592262009895 -4.2
      vertex 1.2360679774997898 3.804226065180614 -0.9882352941176465
    endloop
  endfacet
  facet normal -0.32860686670210093 -0.8299662044621516 0.4507478525815931
    outer loop
      vertex 1.0112258174670476 2.1489642496067964 -4.2
      vertex 1.7031171662602909 3.619308209864078 -0.9882352941176473
      vertex 0.7339153616405001 2.2587592262009895 -4.2
    endloop
  endfacet
  facet normal -0.43003805156237596 -0.7822363118658694 0.4507478525815932
    outer loop
      vertex 1.0112258174670476 2.1489642496067964 -4.2
      vertex 1.272588638075117 2.005278823067286 -4.2
      vertex 1.7031171662602909 3.619308209864078 -0.9882352941176473
    endloop
  endfacet
  facet normal -0.5246872794572324 -0.7221700853461395 0.4507478525815931
    outer loop
      vertex 1.272588638075117 2.005278823067286 -4.2
      vertex 1.513881975653138 1.8299689515924993 -4.2
      vertex 2.1433071799159866 3.3773117020080603 -0.9882352941176469
    endloop
  endfacet
  facet normal -0.11187887598056218 -0.8856124945496243 0.4507478525815932
    outer loop
      vertex 0.14912748388211902 2.370313480017145 -4.2
      vertex 0.7495252583428984 3.929149002914755 -0.9882352941176463
      vertex 0.2511620781172531 3.9921069137130862 -0.9882352941176477
    endloop
  endfacet
  facet normal -0.2219933552537084 -0.8646070342162867 0.45074785258159306
    outer loop
      vertex 0.44503062214109584 2.3329322204806355 -4.2
      vertex 1.2360679774997898 3.804226065180614 -0.9882352941176465
      vertex 0.7495252583428984 3.929149002914755 -0.9882352941176463
    endloop
  endfacet
  facet normal -0.32860686670210143 -0.8299662044621513 0.4507478525815932
    outer loop
      vertex 0.7339153616405001 2.2587592262009895 -4.2
      vertex 1.7031171662602909 3.619308209864078 -0.9882352941176473
      vertex 1.2360679774997898 3.804226065180614 -0.9882352941176465
    endloop
  endfacet
  facet normal -0.43003805156237623 -0.7822363118658692 0.4507478525815931
    outer loop
      vertex 1.272588638075117 2.005278823067286 -4.2
      vertex 2.1433071799159866 3.3773117020080603 -0.9882352941176469
      vertex 1.7031171662602909 3.619308209864078 -0.9882352941176473
    endloop
  endfacet
  facet normal -0.8908898733377372 -0.05605003994068929 0.45074785258159317
    outer loop
      vertex 2.375 0 -4.2
      vertex 4 0 -0.9882352941176471
      vertex 2.356272415621885 0.2976664297152226 -4.2
    endloop
  endfacet
  facet normal -0.8768400078433869 -0.16726617720953504 0.4507478525815932
    outer loop
      vertex 2.356272415621885 0.2976664297152226 -4.2
      vertex 3.9684588052579115 0.501332934257217 -0.9882352941176475
      vertex 2.300385007680499 0.5906384820165301 -4.2
    endloop
  endfacet
  facet normal -0.8489618516265153 -0.2758444269438136 0.45074785258159317
    outer loop
      vertex 2.208219153984597 0.8742958126261102 -4.2
      vertex 2.300385007680499 0.5906384820165301 -4.2
      vertex 3.8743326445145243 0.9947595486594191 -0.9882352941176471
    endloop
  endfacet
  facet normal -0.6877996607792319 -0.5689973638120441 0.45074785258159306
    outer loop
      vertex 1.9214153616405003 1.3959899741946238 -4.2
      vertex 3.23606797749979 2.3511410091698925 -0.9882352941176472
      vertex 1.7313004901258524 1.6257993765806358 -4.2
    endloop
  endfacet
  facet normal -0.8076950598642664 -0.3800724452837137 0.45074785258159317
    outer loop
      vertex 2.208219153984597 0.8742958126261102 -4.2
      vertex 3.7191059435530054 1.472498210738712 -0.9882352941176467
      vertex 2.081228365104176 1.144164975991574 -4.2
    endloop
  endfacet
  facet normal -0.7536904345143154 -0.4783064941172184 0.4507478525815932
    outer loop
      vertex 1.9214153616405003 1.3959899741946238 -4.2
      vertex 2.081228365104176 1.144164975991574 -4.2
      vertex 3.5052267201754543 1.9270146964068613 -0.9882352941176471
    endloop
  endfacet
  facet normal -0.7536904345143153 -0.4783064941172186 0.4507478525815932
    outer loop
      vertex 1.9214153616405003 1.3959899741946238 -4.2
      vertex 3.5052267201754543 1.9270146964068613 -0.9882352941176471
      vertex 3.23606797749979 2.3511410091698925 -0.9882352941176472
    endloop
  endfacet
  facet normal -0.8908898733377373 -0.05605003994068923 0.4507478525815933
    outer loop
      vertex 2.356272415621885 0.2976664297152226 -4.2
      vertex 4 0 -0.9882352941176471
      vertex 3.9684588052579115 0.501332934257217 -0.9882352941176475
    endloop
  endfacet
  facet normal -0.8768400078433868 -0.16726617720953493 0.4507478525815932
    outer loop
      vertex 2.300385007680499 0.5906384820165301 -4.2
      vertex 3.9684588052579115 0.501332934257217 -0.9882352941176475
      vertex 3.8743326445145243 0.9947595486594191 -0.9882352941176471
    endloop
  endfacet
  facet normal -0.8489618516265153 -0.27584442694381345 0.45074785258159317
    outer loop
      vertex 2.208219153984597 0.8742958126261102 -4.2
      vertex 3.8743326445145243 0.9947595486594191 -0.9882352941176471
      vertex 3.7191059435530054 1.472498210738712 -0.9882352941176467
    endloop
  endfacet
  facet normal -0.8076950598642662 -0.3800724452837141 0.45074785258159317
    outer loop
      vertex 2.081228365104176 1.144164975991574 -4.2
      vertex 3.7191059435530054 1.472498210738712 -0.9882352941176467
      vertex 3.5052267201754543 1.9270146964068613 -0.9882352941176471
    endloop
  endfacet
  facet normal -0.6110618755220583 -0.6507148051770046 0.45074785258159317
    outer loop
      vertex 1.513881975653138 1.8299689515924993 -4.2
      vertex 1.7313004901258524 1.6257993765806358 -4.2
      vertex 2.915874509685646 2.738188423714755 -0.9882352941176473
    endloop
  endfacet
  facet normal -0.5246872794572319 -0.7221700853461398 0.45074785258159317
    outer loop
      vertex 1.513881975653138 1.8299689515924993 -4.2
      vertex 2.549695958994759 3.0820529711031566 -0.9882352941176469
      vertex 2.1433071799159866 3.3773117020080603 -0.9882352941176469
    endloop
  endfacet
  facet normal -0.6110618755220584 -0.6507148051770044 0.45074785258159317
    outer loop
      vertex 1.513881975653138 1.8299689515924993 -4.2
      vertex 2.915874509685646 2.738188423714755 -0.9882352941176473
      vertex 2.549695958994759 3.0820529711031566 -0.9882352941176469
    endloop
  endfacet
  facet normal -0.6877996607792323 -0.5689973638120439 0.4507478525815932
    outer loop
      vertex 1.7313004901258524 1.6257993765806358 -4.2
      vertex 3.23606797749979 2.3511410091698925 -0.9882352941176472
      vertex 2.915874509685646 2.738188423714755 -0.9882352941176473
    endloop
  endfacet
  facet normal 0.904827052466019 0.4257792915650735 0
    outer loop
      vertex -2.0812283651041756 -1.144164975991574 -4.2
      vertex -2.0812283651041756 -1.144164975991574 -9
      vertex -2.2082191539845972 -0.8742958126261099 -9
    endloop
  endfacet
  facet normal 0.9510565162951536 0.309016994374947 0
    outer loop
      vertex -2.2082191539845972 -0.8742958126261099 -4.2
      vertex -2.2082191539845972 -0.8742958126261099 -9
      vertex -2.300385007680499 -0.5906384820165302 -9
    endloop
  endfacet
  facet normal 0.9822872507286886 0.18738131458572532 0
    outer loop
      vertex -2.300385007680499 -0.5906384820165302 -4.2
      vertex -2.300385007680499 -0.5906384820165302 -9
      vertex -2.356272415621885 -0.29766642971522217 -9
    endloop
  endfacet
  facet normal 0.9980267284282716 0.06279051952931278 0
    outer loop
      vertex -2.356272415621885 -0.29766642971522217 -4.2
      vertex -2.356272415621885 -0.29766642971522217 -9
      vertex -2.375 0 -9
    endloop
  endfacet
  facet normal 0.8443279255020157 0.5358267949789953 0
    outer loop
      vertex -2.0812283651041756 -1.144164975991574 -4.2
      vertex -1.9214153616405003 -1.3959899741946238 -4.2
      vertex -2.0812283651041756 -1.144164975991574 -9
    endloop
  endfacet
  facet normal 0.9510565162951536 0.309016994374947 0
    outer loop
      vertex -2.300385007680499 -0.5906384820165302 -4.2
      vertex -2.2082191539845972 -0.8742958126261099 -4.2
      vertex -2.300385007680499 -0.5906384820165302 -9
    endloop
  endfacet
  facet normal 0.904827052466019 0.4257792915650735 0
    outer loop
      vertex -2.0812283651041756 -1.144164975991574 -4.2
      vertex -2.2082191539845972 -0.8742958126261099 -9
      vertex -2.2082191539845972 -0.8742958126261099 -4.2
    endloop
  endfacet
  facet normal 0.9822872507286886 0.18738131458572532 0
    outer loop
      vertex -2.300385007680499 -0.5906384820165302 -4.2
      vertex -2.356272415621885 -0.29766642971522217 -9
      vertex -2.356272415621885 -0.29766642971522217 -4.2
    endloop
  endfacet
  facet normal 0.9980267284282716 0.06279051952931278 0
    outer loop
      vertex -2.356272415621885 -0.29766642971522217 -4.2
      vertex -2.375 0 -9
      vertex -2.375 0 -4.2
    endloop
  endfacet
  facet normal 0.48175367410171493 0.8763066800438637 0
    outer loop
      vertex -1.011225817467047 -2.1489642496067964 -4.2
      vertex -1.011225817467047 -2.1489642496067964 -9
      vertex -1.2725886380751172 -2.0052788230672856 -9
    endloop
  endfacet
  facet normal 0.3681245526846776 0.9297764858882516 0
    outer loop
      vertex -0.7339153616405001 -2.2587592262009895 -4.2
      vertex -0.7339153616405001 -2.2587592262009895 -9
      vertex -1.011225817467047 -2.1489642496067964 -9
    endloop
  endfacet
  facet normal 0.2486898871648558 0.9685831611286309 0
    outer loop
      vertex -0.44503062214109645 -2.3329322204806355 -4.2
      vertex -0.44503062214109645 -2.3329322204806355 -9
      vertex -0.7339153616405001 -2.2587592262009895 -9
    endloop
  endfacet
  facet normal 0.12533323356430495 0.9921147013144778 0
    outer loop
      vertex -0.1491274838821202 -2.370313480017145 -4.2
      vertex -0.1491274838821202 -2.370313480017145 -9
      vertex -0.44503062214109645 -2.3329322204806355 -9
    endloop
  endfacet
  facet normal 0.48175367410171493 0.8763066800438637 0
    outer loop
      vertex -1.2725886380751172 -2.0052788230672856 -4.2
      vertex -1.011225817467047 -2.1489642496067964 -4.2
      vertex -1.2725886380751172 -2.0052788230672856 -9
    endloop
  endfacet
  facet normal 0.3681245526846776 0.9297764858882516 0
    outer loop
      vertex -0.7339153616405001 -2.2587592262009895 -4.2
      vertex -1.011225817467047 -2.1489642496067964 -9
      vertex -1.011225817467047 -2.1489642496067964 -4.2
    endloop
  endfacet
  facet normal 0.2486898871648558 0.9685831611286309 0
    outer loop
      vertex -0.7339153616405001 -2.2587592262009895 -4.2
      vertex -0.44503062214109645 -2.3329322204806355 -4.2
      vertex -0.7339153616405001 -2.2587592262009895 -9
    endloop
  endfacet
  facet normal 0.12533323356430495 0.9921147013144778 0
    outer loop
      vertex -0.44503062214109645 -2.3329322204806355 -4.2
      vertex -0.1491274838821202 -2.370313480017145 -4.2
      vertex -0.44503062214109645 -2.3329322204806355 -9
    endloop
  endfacet
  facet normal 0 1 0
    outer loop
      vertex -0.1491274838821202 -2.370313480017145 -4.2
      vertex 0.1491274838821202 -2.370313480017145 -4.2
      vertex -0.1491274838821202 -2.370313480017145 -9
    endloop
  endfacet
  facet normal 0.7705132427757885 0.6374239897486905 0
    outer loop
      vertex -1.7313004901258526 -1.6257993765806351 -4.2
      vertex -1.7313004901258526 -1.6257993765806351 -9
      vertex -1.9214153616405003 -1.3959899741946238 -9
    endloop
  endfacet
  facet normal 0.6845471059286893 0.7289686274214109 0
    outer loop
      vertex -1.5138819756531379 -1.8299689515924997 -4.2
      vertex -1.5138819756531379 -1.8299689515924997 -9
      vertex -1.7313004901258526 -1.6257993765806351 -9
    endloop
  endfacet
  facet normal 0.8443279255020157 0.5358267949789953 0
    outer loop
      vertex -1.9214153616405003 -1.3959899741946238 -4.2
      vertex -1.9214153616405003 -1.3959899741946238 -9
      vertex -2.0812283651041756 -1.144164975991574 -9
    endloop
  endfacet
  facet normal 0.5877852522924727 0.8090169943749478 0
    outer loop
      vertex -1.2725886380751172 -2.0052788230672856 -4.2
      vertex -1.2725886380751172 -2.0052788230672856 -9
      vertex -1.5138819756531379 -1.8299689515924997 -9
    endloop
  endfacet
  facet normal 0.6845471059286893 0.7289686274214109 0
    outer loop
      vertex -1.7313004901258526 -1.6257993765806351 -4.2
      vertex -1.5138819756531379 -1.8299689515924997 -4.2
      vertex -1.7313004901258526 -1.6257993765806351 -9
    endloop
  endfacet
  facet normal 0.7705132427757885 0.6374239897486905 0
    outer loop
      vertex -1.7313004901258526 -1.6257993765806351 -4.2
      vertex -1.9214153616405003 -1.3959899741946238 -9
      vertex -1.9214153616405003 -1.3959899741946238 -4.2
    endloop
  endfacet
  facet normal 0.5877852522924727 0.8090169943749478 0
    outer loop
      vertex -1.5138819756531379 -1.8299689515924997 -4.2
      vertex -1.2725886380751172 -2.0052788230672856 -4.2
      vertex -1.5138819756531379 -1.8299689515924997 -9
    endloop
  endfacet
  facet normal 0.9980267284282716 -0.06279051952931278 0
    outer loop
      vertex -2.375 0 -4.2
      vertex -2.375 0 -9
      vertex -2.356272415621885 0.29766642971522217 -9
    endloop
  endfacet
  facet normal 0.9822872507286886 -0.18738131458572532 0
    outer loop
      vertex -2.356272415621885 0.29766642971522217 -4.2
      vertex -2.356272415621885 0.29766642971522217 -9
      vertex -2.300385007680499 0.5906384820165302 -9
    endloop
  endfacet
  facet normal 0.9510565162951536 -0.309016994374947 0
    outer loop
      vertex -2.300385007680499 0.5906384820165302 -4.2
      vertex -2.300385007680499 0.5906384820165302 -9
      vertex -2.2082191539845972 0.8742958126261099 -9
    endloop
  endfacet
  facet normal 0.904827052466019 -0.4257792915650735 0
    outer loop
      vertex -2.2082191539845972 0.8742958126261099 -4.2
      vertex -2.2082191539845972 0.8742958126261099 -9
      vertex -2.0812283651041756 1.144164975991574 -9
    endloop
  endfacet
  facet normal 0.8443279255020157 -0.5358267949789953 0
    outer loop
      vertex -2.0812283651041756 1.144164975991574 -4.2
      vertex -2.0812283651041756 1.144164975991574 -9
      vertex -1.9214153616405003 1.3959899741946238 -9
    endloop
  endfacet
  facet normal 0.9980267284282716 -0.06279051952931278 0
    outer loop
      vertex -2.375 0 -4.2
      vertex -2.356272415621885 0.29766642971522217 -9
      vertex -2.356272415621885 0.29766642971522217 -4.2
    endloop
  endfacet
  facet normal 0.9822872507286886 -0.18738131458572532 0
    outer loop
      vertex -2.356272415621885 0.29766642971522217 -4.2
      vertex -2.300385007680499 0.5906384820165302 -9
      vertex -2.300385007680499 0.5906384820165302 -4.2
    endloop
  endfacet
  facet normal 0.9510565162951536 -0.309016994374947 0
    outer loop
      vertex -2.300385007680499 0.5906384820165302 -4.2
      vertex -2.2082191539845972 0.8742958126261099 -9
      vertex -2.2082191539845972 0.8742958126261099 -4.2
    endloop
  endfacet
  facet normal 0.904827052466019 -0.4257792915650735 0
    outer loop
      vertex -2.2082191539845972 0.8742958126261099 -4.2
      vertex -2.0812283651041756 1.144164975991574 -9
      vertex -2.0812283651041756 1.144164975991574 -4.2
    endloop
  endfacet
  facet normal 0.7705132427757885 -0.6374239897486905 0
    outer loop
      vertex -1.9214153616405003 1.3959899741946238 -4.2
      vertex -1.9214153616405003 1.3959899741946238 -9
      vertex -1.7313004901258526 1.6257993765806351 -9
    endloop
  endfacet
  facet normal 0.6845471059286893 -0.7289686274214109 0
    outer loop
      vertex -1.7313004901258526 1.6257993765806351 -4.2
      vertex -1.7313004901258526 1.6257993765806351 -9
      vertex -1.5138819756531379 1.8299689515924997 -9
    endloop
  endfacet
  facet normal 0.5877852522924727 -0.8090169943749478 0
    outer loop
      vertex -1.5138819756531379 1.8299689515924997 -4.2
      vertex -1.5138819756531379 1.8299689515924997 -9
      vertex -1.2725886380751172 2.0052788230672856 -9
    endloop
  endfacet
  facet normal 0.8443279255020157 -0.5358267949789953 0
    outer loop
      vertex -2.0812283651041756 1.144164975991574 -4.2
      vertex -1.9214153616405003 1.3959899741946238 -9
      vertex -1.9214153616405003 1.3959899741946238 -4.2
    endloop
  endfacet
  facet normal 0.7705132427757885 -0.6374239897486905 0
    outer loop
      vertex -1.9214153616405003 1.3959899741946238 -4.2
      vertex -1.7313004901258526 1.6257993765806351 -9
      vertex -1.7313004901258526 1.6257993765806351 -4.2
    endloop
  endfacet
  facet normal 0.6845471059286893 -0.7289686274214109 0
    outer loop
      vertex -1.7313004901258526 1.6257993765806351 -4.2
      vertex -1.5138819756531379 1.8299689515924997 -9
      vertex -1.5138819756531379 1.8299689515924997 -4.2
    endloop
  endfacet
  facet normal 0.5877852522924727 -0.8090169943749478 0
    outer loop
      vertex -1.5138819756531379 1.8299689515924997 -4.2
      vertex -1.2725886380751172 2.0052788230672856 -9
      vertex -1.2725886380751172 2.0052788230672856 -4.2
    endloop
  endfacet
  facet normal 0.4817536741017159 -0.8763066800438633 0
    outer loop
      vertex -1.2725886380751172 2.0052788230672856 -4.2
      vertex -1.2725886380751172 2.0052788230672856 -9
      vertex -1.0112258174670476 2.1489642496067964 -9
    endloop
  endfacet
  facet normal 0.3681245526846768 -0.9297764858882518 0
    outer loop
      vertex -1.0112258174670476 2.1489642496067964 -4.2
      vertex -1.0112258174670476 2.1489642496067964 -9
      vertex -0.7339153616405001 2.2587592262009895 -9
    endloop
  endfacet
  facet normal 0.2486898871648553 -0.9685831611286311 0
    outer loop
      vertex -0.7339153616405001 2.2587592262009895 -4.2
      vertex -0.7339153616405001 2.2587592262009895 -9
      vertex -0.44503062214109584 2.3329322204806355 -9
    endloop
  endfacet
  facet normal 0.12533323356430473 -0.9921147013144778 0
    outer loop
      vertex -0.44503062214109584 2.3329322204806355 -4.2
      vertex -0.44503062214109584 2.3329322204806355 -9
      vertex -0.14912748388211902 2.370313480017145 -9
    endloop
  endfacet
  facet normal 0 -1 0
    outer loop
      vertex -0.14912748388211902 2.370313480017145 -4.2
      vertex -0.14912748388211902 2.370313480017145 -9
      vertex 0.1491274838821189 2.370313480017145 -9
    endloop
  endfacet
  facet normal 0.4817536741017159 -0.8763066800438633 0
    outer loop
      vertex -1.2725886380751172 2.0052788230672856 -4.2
      vertex -1.0112258174670476 2.1489642496067964 -9
      vertex -1.0112258174670476 2.1489642496067964 -4.2
    endloop
  endfacet
  facet normal 0.3681245526846768 -0.9297764858882518 0
    outer loop
      vertex -1.0112258174670476 2.1489642496067964 -4.2
      vertex -0.7339153616405001 2.2587592262009895 -9
      vertex -0.7339153616405001 2.2587592262009895 -4.2
    endloop
  endfacet
  facet normal 0.2486898871648553 -0.9685831611286311 0
    outer loop
      vertex -0.7339153616405001 2.2587592262009895 -4.2
      vertex -0.44503062214109584 2.3329322204806355 -9
      vertex -0.44503062214109584 2.3329322204806355 -4.2
    endloop
  endfacet
  facet normal 0.12533323356430473 -0.9921147013144778 0
    outer loop
      vertex -0.44503062214109584 2.3329322204806355 -4.2
      vertex -0.14912748388211902 2.370313480017145 -9
      vertex -0.14912748388211902 2.370313480017145 -4.2
    endloop
  endfacet
  facet normal 0 1 0
    outer loop
      vertex 0.1491274838821202 -2.370313480017145 -4.2
      vertex 0.1491274838821202 -2.370313480017145 -9
      vertex -0.1491274838821202 -2.370313480017145 -9
    endloop
  endfacet
  facet normal -0.12533323356430495 0.9921147013144778 0
    outer loop
      vertex 0.44503062214109645 -2.3329322204806355 -4.2
      vertex 0.44503062214109645 -2.3329322204806355 -9
      vertex 0.1491274838821202 -2.370313480017145 -9
    endloop
  endfacet
  facet normal -0.2486898871648558 0.9685831611286309 0
    outer loop
      vertex 0.7339153616405001 -2.2587592262009895 -4.2
      vertex 0.7339153616405001 -2.2587592262009895 -9
      vertex 0.44503062214109645 -2.3329322204806355 -9
    endloop
  endfacet
  facet normal -0.3681245526846776 0.9297764858882516 0
    outer loop
      vertex 1.011225817467047 -2.1489642496067964 -4.2
      vertex 1.011225817467047 -2.1489642496067964 -9
      vertex 0.7339153616405001 -2.2587592262009895 -9
    endloop
  endfacet
  facet normal -0.4817536741017146 0.8763066800438641 0
    outer loop
      vertex 1.272588638075116 -2.0052788230672864 -4.2
      vertex 1.272588638075116 -2.0052788230672864 -9
      vertex 1.011225817467047 -2.1489642496067964 -9
    endloop
  endfacet
  facet normal -0.12533323356430495 0.9921147013144778 0
    outer loop
      vertex 0.1491274838821202 -2.370313480017145 -4.2
      vertex 0.44503062214109645 -2.3329322204806355 -4.2
      vertex 0.1491274838821202 -2.370313480017145 -9
    endloop
  endfacet
  facet normal -0.2486898871648558 0.9685831611286309 0
    outer loop
      vertex 0.44503062214109645 -2.3329322204806355 -4.2
      vertex 0.7339153616405001 -2.2587592262009895 -4.2
      vertex 0.44503062214109645 -2.3329322204806355 -9
    endloop
  endfacet
  facet normal -0.3681245526846776 0.9297764858882516 0
    outer loop
      vertex 0.7339153616405001 -2.2587592262009895 -4.2
      vertex 1.011225817467047 -2.1489642496067964 -4.2
      vertex 0.7339153616405001 -2.2587592262009895 -9
    endloop
  endfacet
  facet normal -0.4817536741017146 0.8763066800438641 0
    outer loop
      vertex 1.011225817467047 -2.1489642496067964 -4.2
      vertex 1.272588638075116 -2.0052788230672864 -4.2
      vertex 1.011225817467047 -2.1489642496067964 -9
    endloop
  endfacet
  facet normal -0.5877852522924726 0.8090169943749478 0
    outer loop
      vertex 1.5138819756531388 -1.829968951592499 -4.2
      vertex 1.5138819756531388 -1.829968951592499 -9
      vertex 1.272588638075116 -2.0052788230672864 -9
    endloop
  endfacet
  facet normal -0.6845471059286896 0.7289686274214107 0
    outer loop
      vertex 1.7313004901258526 -1.6257993765806351 -4.2
      vertex 1.7313004901258526 -1.6257993765806351 -9
      vertex 1.5138819756531388 -1.829968951592499 -9
    endloop
  endfacet
  facet normal -0.7705132427757885 0.6374239897486905 0
    outer loop
      vertex 1.9214153616405003 -1.3959899741946238 -4.2
      vertex 1.9214153616405003 -1.3959899741946238 -9
      vertex 1.7313004901258526 -1.6257993765806351 -9
    endloop
  endfacet
  facet normal -0.5877852522924726 0.8090169943749478 0
    outer loop
      vertex 1.272588638075116 -2.0052788230672864 -4.2
      vertex 1.5138819756531388 -1.829968951592499 -4.2
      vertex 1.272588638075116 -2.0052788230672864 -9
    endloop
  endfacet
  facet normal -0.6845471059286896 0.7289686274214107 0
    outer loop
      vertex 1.5138819756531388 -1.829968951592499 -4.2
      vertex 1.7313004901258526 -1.6257993765806351 -4.2
      vertex 1.5138819756531388 -1.829968951592499 -9
    endloop
  endfacet
  facet normal -0.7705132427757885 0.6374239897486905 0
    outer loop
      vertex 1.7313004901258526 -1.6257993765806351 -4.2
      vertex 1.9214153616405003 -1.3959899741946238 -4.2
      vertex 1.7313004901258526 -1.6257993765806351 -9
    endloop
  endfacet
  facet normal -0.8443279255020157 0.5358267949789953 0
    outer loop
      vertex 1.9214153616405003 -1.3959899741946238 -4.2
      vertex 2.0812283651041756 -1.144164975991574 -4.2
      vertex 1.9214153616405003 -1.3959899741946238 -9
    endloop
  endfacet
  facet normal -0.8443279255020157 0.5358267949789953 0
    outer loop
      vertex 2.0812283651041756 -1.144164975991574 -4.2
      vertex 2.0812283651041756 -1.144164975991574 -9
      vertex 1.9214153616405003 -1.3959899741946238 -9
    endloop
  endfacet
  facet normal -0.9048270524660189 0.4257792915650738 0
    outer loop
      vertex 2.208219153984597 -0.8742958126261111 -4.2
      vertex 2.208219153984597 -0.8742958126261111 -9
      vertex 2.0812283651041756 -1.144164975991574 -9
    endloop
  endfacet
  facet normal -0.9510565162951535 0.30901699437494756 0
    outer loop
      vertex 2.3003850076804992 -0.5906384820165292 -4.2
      vertex 2.3003850076804992 -0.5906384820165292 -9
      vertex 2.208219153984597 -0.8742958126261111 -9
    endloop
  endfacet
  facet normal -0.9822872507286888 0.18738131458572446 0
    outer loop
      vertex 2.356272415621885 -0.29766642971522217 -4.2
      vertex 2.356272415621885 -0.29766642971522217 -9
      vertex 2.3003850076804992 -0.5906384820165292 -9
    endloop
  endfacet
  facet normal -0.9980267284282716 0.06279051952931278 0
    outer loop
      vertex 2.375 0 -4.2
      vertex 2.375 0 -9
      vertex 2.356272415621885 -0.29766642971522217 -9
    endloop
  endfacet
  facet normal -0.9048270524660189 0.4257792915650738 0
    outer loop
      vertex 2.0812283651041756 -1.144164975991574 -4.2
      vertex 2.208219153984597 -0.8742958126261111 -4.2
      vertex 2.0812283651041756 -1.144164975991574 -9
    endloop
  endfacet
  facet normal -0.9510565162951535 0.30901699437494756 0
    outer loop
      vertex 2.208219153984597 -0.8742958126261111 -4.2
      vertex 2.3003850076804992 -0.5906384820165292 -4.2
      vertex 2.208219153984597 -0.8742958126261111 -9
    endloop
  endfacet
  facet normal -0.9822872507286888 0.18738131458572446 0
    outer loop
      vertex 2.3003850076804992 -0.5906384820165292 -4.2
      vertex 2.356272415621885 -0.29766642971522217 -4.2
      vertex 2.3003850076804992 -0.5906384820165292 -9
    endloop
  endfacet
  facet normal -0.9980267284282716 0.06279051952931278 0
    outer loop
      vertex 2.356272415621885 -0.29766642971522217 -4.2
      vertex 2.375 0 -4.2
      vertex 2.356272415621885 -0.29766642971522217 -9
    endloop
  endfacet
  facet normal -0.5877852522924738 -0.8090169943749468 0
    outer loop
      vertex 1.272588638075117 2.005278823067286 -4.2
      vertex 1.272588638075117 2.005278823067286 -9
      vertex 1.513881975653138 1.8299689515924993 -9
    endloop
  endfacet
  facet normal -0.8443279255020151 -0.5358267949789964 0
    outer loop
      vertex 1.9214153616405003 1.3959899741946238 -4.2
      vertex 1.9214153616405003 1.3959899741946238 -9
      vertex 2.081228365104176 1.144164975991574 -9
    endloop
  endfacet
  facet normal -0.6845471059286881 -0.7289686274214121 0
    outer loop
      vertex 1.513881975653138 1.8299689515924993 -4.2
      vertex 1.513881975653138 1.8299689515924993 -9
      vertex 1.7313004901258524 1.6257993765806358 -9
    endloop
  endfacet
  facet normal -0.7705132427757891 -0.6374239897486899 0
    outer loop
      vertex 1.7313004901258524 1.6257993765806358 -4.2
      vertex 1.7313004901258524 1.6257993765806358 -9
      vertex 1.9214153616405003 1.3959899741946238 -9
    endloop
  endfacet
  facet normal -0.5877852522924738 -0.8090169943749468 0
    outer loop
      vertex 1.272588638075117 2.005278823067286 -4.2
      vertex 1.513881975653138 1.8299689515924993 -9
      vertex 1.513881975653138 1.8299689515924993 -4.2
    endloop
  endfacet
  facet normal -0.7705132427757891 -0.6374239897486899 0
    outer loop
      vertex 1.9214153616405003 1.3959899741946238 -4.2
      vertex 1.7313004901258524 1.6257993765806358 -4.2
      vertex 1.9214153616405003 1.3959899741946238 -9
    endloop
  endfacet
  facet normal -0.6845471059286881 -0.7289686274214121 0
    outer loop
      vertex 1.513881975653138 1.8299689515924993 -4.2
      vertex 1.7313004901258524 1.6257993765806358 -9
      vertex 1.7313004901258524 1.6257993765806358 -4.2
    endloop
  endfacet
  facet normal -0.12533323356430467 -0.9921147013144778 2.898913367787782e-18
    outer loop
      vertex 0.14912748388211902 2.370313480017145 -4.2
      vertex 0.1491274838821189 2.370313480017145 -9
      vertex 0.44503062214109584 2.3329322204806355 -9
    endloop
  endfacet
  facet normal -0.2486898871648553 -0.9685831611286311 0
    outer loop
      vertex 0.44503062214109584 2.3329322204806355 -4.2
      vertex 0.44503062214109584 2.3329322204806355 -9
      vertex 0.7339153616405001 2.2587592262009895 -9
    endloop
  endfacet
  facet normal -0.3681245526846768 -0.9297764858882518 0
    outer loop
      vertex 0.7339153616405001 2.2587592262009895 -4.2
      vertex 0.7339153616405001 2.2587592262009895 -9
      vertex 1.0112258174670476 2.1489642496067964 -9
    endloop
  endfacet
  facet normal -0.4817536741017151 -0.8763066800438637 0
    outer loop
      vertex 1.0112258174670476 2.1489642496067964 -4.2
      vertex 1.0112258174670476 2.1489642496067964 -9
      vertex 1.272588638075117 2.005278823067286 -9
    endloop
  endfacet
  facet normal 0 -1 0
    outer loop
      vertex -0.14912748388211902 2.370313480017145 -4.2
      vertex 0.1491274838821189 2.370313480017145 -9
      vertex 0.14912748388211902 2.370313480017145 -4.2
    endloop
  endfacet
  facet normal -0.12533323356430473 -0.9921147013144778 0
    outer loop
      vertex 0.14912748388211902 2.370313480017145 -4.2
      vertex 0.44503062214109584 2.3329322204806355 -9
      vertex 0.44503062214109584 2.3329322204806355 -4.2
    endloop
  endfacet
  facet normal -0.2486898871648553 -0.9685831611286311 0
    outer loop
      vertex 0.44503062214109584 2.3329322204806355 -4.2
      vertex 0.7339153616405001 2.2587592262009895 -9
      vertex 0.7339153616405001 2.2587592262009895 -4.2
    endloop
  endfacet
  facet normal -0.3681245526846768 -0.9297764858882518 0
    outer loop
      vertex 1.0112258174670476 2.1489642496067964 -4.2
      vertex 0.7339153616405001 2.2587592262009895 -4.2
      vertex 1.0112258174670476 2.1489642496067964 -9
    endloop
  endfacet
  facet normal -0.4817536741017151 -0.8763066800438637 0
    outer loop
      vertex 1.0112258174670476 2.1489642496067964 -4.2
      vertex 1.272588638075117 2.005278823067286 -9
      vertex 1.272588638075117 2.005278823067286 -4.2
    endloop
  endfacet
  facet normal -0.9980267284282716 -0.06279051952931268 0
    outer loop
      vertex 2.356272415621885 0.2976664297152226 -4.2
      vertex 2.356272415621885 0.2976664297152226 -9
      vertex 2.375 0 -9
    endloop
  endfacet
  facet normal -0.9822872507286884 -0.18738131458572563 0
    outer loop
      vertex 2.300385007680499 0.5906384820165301 -4.2
      vertex 2.300385007680499 0.5906384820165301 -9
      vertex 2.356272415621885 0.2976664297152226 -9
    endloop
  endfacet
  facet normal -0.9510565162951534 -0.30901699437494795 0
    outer loop
      vertex 2.208219153984597 0.8742958126261102 -4.2
      vertex 2.208219153984597 0.8742958126261102 -9
      vertex 2.300385007680499 0.5906384820165301 -9
    endloop
  endfacet
  facet normal -0.90482705246602 -0.4257792915650715 0
    outer loop
      vertex 2.081228365104176 1.144164975991574 -4.2
      vertex 2.081228365104176 1.144164975991574 -9
      vertex 2.208219153984597 0.8742958126261102 -9
    endloop
  endfacet
  facet normal -0.9980267284282716 -0.06279051952931268 0
    outer loop
      vertex 2.375 0 -4.2
      vertex 2.356272415621885 0.2976664297152226 -4.2
      vertex 2.375 0 -9
    endloop
  endfacet
  facet normal -0.9822872507286884 -0.18738131458572563 0
    outer loop
      vertex 2.356272415621885 0.2976664297152226 -4.2
      vertex 2.300385007680499 0.5906384820165301 -4.2
      vertex 2.356272415621885 0.2976664297152226 -9
    endloop
  endfacet
  facet normal -0.90482705246602 -0.4257792915650715 0
    outer loop
      vertex 2.208219153984597 0.8742958126261102 -4.2
      vertex 2.081228365104176 1.144164975991574 -4.2
      vertex 2.208219153984597 0.8742958126261102 -9
    endloop
  endfacet
  facet normal -0.9510565162951534 -0.30901699437494795 0
    outer loop
      vertex 2.208219153984597 0.8742958126261102 -4.2
      vertex 2.300385007680499 0.5906384820165301 -9
      vertex 2.300385007680499 0.5906384820165301 -4.2
    endloop
  endfacet
  facet normal -0.8443279255020151 -0.5358267949789964 0
    outer loop
      vertex 1.9214153616405003 1.3959899741946238 -4.2
      vertex 2.081228365104176 1.144164975991574 -9
      vertex 2.081228365104176 1.144164975991574 -4.2
    endloop
  endfacet
endsolid OpenSCAD_Model
