solid OpenSCAD_Model
  facet normal 0 0 -1
    outer loop
      vertex -9.297764858882514 -3.6812455268467787 -3.6
      vertex -9.68583161128631 -2.4868988716485485 -3.6
      vertex -9.297764858882514 3.6812455268467787 -3.6
    endloop
  endfacet
  facet normal 0 0 -1
    outer loop
      vertex -9.68583161128631 -2.4868988716485485 -3.6
      vertex -9.921147013144779 -1.2533323356430406 -3.6
      vertex -9.68583161128631 2.4868988716485485 -3.6
    endloop
  endfacet
  facet normal 0 0 -1
    outer loop
      vertex -8.763066800438635 -4.817536741017154 -3.6
      vertex -9.297764858882514 -3.6812455268467787 -3.6
      vertex -8.763066800438635 4.817536741017154 -3.6
    endloop
  endfacet
  facet normal 0 0 -1
    outer loop
      vertex -8.090169943749475 -5.877852522924732 -3.6
      vertex -8.763066800438635 -4.817536741017154 -3.6
      vertex -8.090169943749475 5.877852522924732 -3.6
    endloop
  endfacet
  facet normal 0 0 -1
    outer loop
      vertex -8.090169943749475 -5.877852522924732 -3.6
      vertex -7.289686274214117 6.845471059286885 -3.6
      vertex -7.289686274214117 -6.845471059286885 -3.6
    endloop
  endfacet
  facet normal 0 0 -1
    outer loop
      vertex -6.374239897486897 -7.705132427757894 -3.6
      vertex -5.358267949789967 8.44327925502015 -3.6
      vertex -5.358267949789967 -8.44327925502015 -3.6
    endloop
  endfacet
  facet normal 0 0 -1
    outer loop
      vertex -6.374239897486897 -7.705132427757894 -3.6
      vertex -7.289686274214117 -6.845471059286885 -3.6
      vertex -6.374239897486897 7.705132427757894 -3.6
    endloop
  endfacet
  facet normal 0 0 -1
    outer loop
      vertex -1.8738131458572482 -9.822872507286887 -3.6
      vertex -0.5387212794339589 -2.82407584584498 -3.6
      vertex -0.6279051952931376 -9.980267284282716 -3.6
    endloop
  endfacet
  facet normal 0 0 -1
    outer loop
      vertex -0.6279051952931376 -9.980267284282716 -3.6
      vertex -0.18052274364677706 -2.869326844231281 -3.6
      vertex 0.6279051952931376 -9.980267284282716 -3.6
    endloop
  endfacet
  facet normal 0 0 -1
    outer loop
      vertex -3.090169943749474 -9.510565162951535 -3.6
      vertex -1.8325939705274827 -2.2152255729803945 -3.6
      vertex -1.8738131458572482 -9.822872507286887 -3.6
    endloop
  endfacet
  facet normal 0 0 -1
    outer loop
      vertex -1.8738131458572482 -9.822872507286887 -3.6
      vertex -1.2241154632495832 -2.6013777758398064 -3.6
      vertex -0.8884238588279738 -2.7342874843485663 -3.6
    endloop
  endfacet
  facet normal 0 0 -1
    outer loop
      vertex -1.8738131458572482 -9.822872507286887 -3.6
      vertex -0.8884238588279738 -2.7342874843485663 -3.6
      vertex -0.5387212794339589 -2.82407584584498 -3.6
    endloop
  endfacet
  facet normal 0 0 -1
    outer loop
      vertex -0.6279051952931376 -9.980267284282716 -3.6
      vertex -0.5387212794339589 -2.82407584584498 -3.6
      vertex -0.18052274364677706 -2.869326844231281 -3.6
    endloop
  endfacet
  facet normal 0 0 -1
    outer loop
      vertex -5.358267949789967 -8.44327925502015 -3.6
      vertex -4.257792915650727 9.048270524660195 -3.6
      vertex -4.257792915650724 -9.048270524660197 -3.6
    endloop
  endfacet
  facet normal 0 0 -1
    outer loop
      vertex -3.090169943749474 -9.510565162951535 -3.6
      vertex -2.325923858827974 -1.6898826003408602 -3.6
      vertex -2.0957848038365587 -1.9680729295449795 -3.6
    endloop
  endfacet
  facet normal 0 0 -1
    outer loop
      vertex -3.090169943749474 -9.510565162951535 -3.6
      vertex -2.7846765882448143 -0.7149834255989577 -3.6
      vertex -2.673107396928723 -1.058358088968449 -3.6
    endloop
  endfacet
  facet normal 0 0 -1
    outer loop
      vertex -3.090169943749474 -9.510565162951535 -3.6
      vertex -2.5193817051261074 -1.3850418130424318 -3.6
      vertex -2.325923858827974 -1.6898826003408602 -3.6
    endloop
  endfacet
  facet normal 0 0 -1
    outer loop
      vertex -3.090169943749474 -9.510565162951535 -3.6
      vertex -2.673107396928723 -1.058358088968449 -3.6
      vertex -2.5193817051261074 -1.3850418130424318 -3.6
    endloop
  endfacet
  facet normal 0 0 -1
    outer loop
      vertex -4.257792915650724 -9.048270524660197 -3.6
      vertex -3.090169943749474 9.510565162951535 -3.6
      vertex -3.090169943749474 -9.510565162951535 -3.6
    endloop
  endfacet
  facet normal 0 0 -1
    outer loop
      vertex -3.090169943749474 -9.510565162951535 -3.6
      vertex -2.852329766279124 -0.3603330464973742 -3.6
      vertex -2.7846765882448143 -0.7149834255989577 -3.6
    endloop
  endfacet
  facet normal 0 0 -1
    outer loop
      vertex -3.090169943749474 -9.510565162951535 -3.6
      vertex -2.875 0 -3.6
      vertex -2.852329766279124 -0.3603330464973742 -3.6
    endloop
  endfacet
  facet normal 0 0 -1
    outer loop
      vertex -3.090169943749474 -9.510565162951535 -3.6
      vertex -2.0957848038365587 -1.9680729295449795 -3.6
      vertex -1.8325939705274827 -2.2152255729803945 -3.6
    endloop
  endfacet
  facet normal 0 0 -1
    outer loop
      vertex -1.8738131458572482 -9.822872507286887 -3.6
      vertex -1.8325939705274827 -2.2152255729803945 -3.6
      vertex -1.5405020355646157 -2.427442785818293 -3.6
    endloop
  endfacet
  facet normal 0 0 -1
    outer loop
      vertex -1.8738131458572482 -9.822872507286887 -3.6
      vertex -1.5405020355646157 -2.427442785818293 -3.6
      vertex -1.2241154632495832 -2.6013777758398064 -3.6
    endloop
  endfacet
  facet normal -0.8443279255020154 -0.5358267949789961 0
    outer loop
      vertex -8.090169943749475 -5.877852522924732 -3.6
      vertex -8.763066800438635 -4.817536741017154 0
      vertex -8.763066800438635 -4.817536741017154 -3.6
    endloop
  endfacet
  facet normal -0.7705132427757888 -0.6374239897486901 0
    outer loop
      vertex -8.090169943749475 -5.877852522924732 -3.6
      vertex -7.289686274214117 -6.845471059286885 -3.6
      vertex -8.090169943749475 -5.877852522924732 0
    endloop
  endfacet
  facet normal -0.5877852522924721 -0.809016994374948 0
    outer loop
      vertex -6.374239897486897 -7.705132427757894 -3.6
      vertex -5.358267949789967 -8.44327925502015 -3.6
      vertex -5.358267949789967 -8.44327925502015 0
    endloop
  endfacet
  facet normal -0.6845471059286894 -0.7289686274214109 0
    outer loop
      vertex -6.374239897486897 -7.705132427757894 -3.6
      vertex -6.374239897486897 -7.705132427757894 0
      vertex -7.289686274214117 -6.845471059286885 -3.6
    endloop
  endfacet
  facet normal -0.7705132427757888 -0.6374239897486901 0
    outer loop
      vertex -7.289686274214117 -6.845471059286885 -3.6
      vertex -7.289686274214117 -6.845471059286885 0
      vertex -8.090169943749475 -5.877852522924732 0
    endloop
  endfacet
  facet normal -0.8443279255020154 -0.5358267949789961 0
    outer loop
      vertex -8.090169943749475 -5.877852522924732 -3.6
      vertex -8.090169943749475 -5.877852522924732 0
      vertex -8.763066800438635 -4.817536741017154 0
    endloop
  endfacet
  facet normal -0.5877852522924721 -0.809016994374948 0
    outer loop
      vertex -6.374239897486897 -7.705132427757894 -3.6
      vertex -5.358267949789967 -8.44327925502015 0
      vertex -6.374239897486897 -7.705132427757894 0
    endloop
  endfacet
  facet normal -0.6845471059286894 -0.7289686274214109 0
    outer loop
      vertex -7.289686274214117 -6.845471059286885 -3.6
      vertex -6.374239897486897 -7.705132427757894 0
      vertex -7.289686274214117 -6.845471059286885 0
    endloop
  endfacet
  facet normal -0.9048270524660194 -0.42577929156507305 0
    outer loop
      vertex -8.763066800438635 -4.817536741017154 -3.6
      vertex -9.297764858882514 -3.6812455268467787 0
      vertex -9.297764858882514 -3.6812455268467787 -3.6
    endloop
  endfacet
  facet normal -0.9510565162951535 -0.30901699437494723 0
    outer loop
      vertex -9.297764858882514 -3.6812455268467787 -3.6
      vertex -9.68583161128631 -2.4868988716485485 0
      vertex -9.68583161128631 -2.4868988716485485 -3.6
    endloop
  endfacet
  facet normal -0.9822872507286886 -0.1873813145857251 0
    outer loop
      vertex -9.68583161128631 -2.4868988716485485 -3.6
      vertex -9.921147013144779 -1.2533323356430406 0
      vertex -9.921147013144779 -1.2533323356430406 -3.6
    endloop
  endfacet
  facet normal -0.9980267284282717 -0.06279051952931294 0
    outer loop
      vertex -9.921147013144779 -1.2533323356430406 -3.6
      vertex -10 0 0
      vertex -10 0 -3.6
    endloop
  endfacet
  facet normal -0.9048270524660194 -0.42577929156507305 0
    outer loop
      vertex -8.763066800438635 -4.817536741017154 -3.6
      vertex -8.763066800438635 -4.817536741017154 0
      vertex -9.297764858882514 -3.6812455268467787 0
    endloop
  endfacet
  facet normal -0.9510565162951535 -0.30901699437494723 0
    outer loop
      vertex -9.297764858882514 -3.6812455268467787 -3.6
      vertex -9.297764858882514 -3.6812455268467787 0
      vertex -9.68583161128631 -2.4868988716485485 0
    endloop
  endfacet
  facet normal -0.9822872507286886 -0.1873813145857251 0
    outer loop
      vertex -9.68583161128631 -2.4868988716485485 -3.6
      vertex -9.68583161128631 -2.4868988716485485 0
      vertex -9.921147013144779 -1.2533323356430406 0
    endloop
  endfacet
  facet normal -0.9980267284282717 -0.06279051952931294 0
    outer loop
      vertex -9.921147013144779 -1.2533323356430406 -3.6
      vertex -9.921147013144779 -1.2533323356430406 0
      vertex -10 0 0
    endloop
  endfacet
  facet normal 0 0 1
    outer loop
      vertex -8.763066800438635 -4.817536741017154 0
      vertex -9.297764858882514 3.6812455268467787 0
      vertex -9.297764858882514 -3.6812455268467787 0
    endloop
  endfacet
  facet normal 0 0 1
    outer loop
      vertex -9.68583161128631 -2.4868988716485485 0
      vertex -9.921147013144779 1.2533323356430406 0
      vertex -9.921147013144779 -1.2533323356430406 0
    endloop
  endfacet
  facet normal 0 0 1
    outer loop
      vertex -9.297764858882514 -3.6812455268467787 0
      vertex -9.68583161128631 2.4868988716485485 0
      vertex -9.68583161128631 -2.4868988716485485 0
    endloop
  endfacet
  facet normal 0 0 1
    outer loop
      vertex -8.090169943749475 -5.877852522924732 0
      vertex -8.763066800438635 4.817536741017154 0
      vertex -8.763066800438635 -4.817536741017154 0
    endloop
  endfacet
  facet normal 0 0 1
    outer loop
      vertex -8.090169943749475 -5.877852522924732 0
      vertex -7.289686274214117 -6.845471059286885 0
      vertex -8.090169943749475 5.877852522924732 0
    endloop
  endfacet
  facet normal 0 0 1
    outer loop
      vertex -6.374239897486897 -7.705132427757894 0
      vertex -7.289686274214117 6.845471059286885 0
      vertex -7.289686274214117 -6.845471059286885 0
    endloop
  endfacet
  facet normal 0 0 1
    outer loop
      vertex -6.374239897486897 -7.705132427757894 0
      vertex -5.358267949789967 -8.44327925502015 0
      vertex -6.374239897486897 7.705132427757894 0
    endloop
  endfacet
  facet normal -0.4817536741017159 -0.8763066800438633 0
    outer loop
      vertex -5.358267949789967 -8.44327925502015 -3.6
      vertex -4.257792915650724 -9.048270524660197 -3.6
      vertex -4.257792915650724 -9.048270524660197 0
    endloop
  endfacet
  facet normal -0.3681245526846768 -0.929776485888252 0
    outer loop
      vertex -4.257792915650724 -9.048270524660197 -3.6
      vertex -3.090169943749474 -9.510565162951535 -3.6
      vertex -3.090169943749474 -9.510565162951535 0
    endloop
  endfacet
  facet normal -0.24868988716485585 -0.968583161128631 0
    outer loop
      vertex -3.090169943749474 -9.510565162951535 -3.6
      vertex -1.8738131458572482 -9.822872507286887 -3.6
      vertex -1.8738131458572482 -9.822872507286887 0
    endloop
  endfacet
  facet normal -0.12533323356430498 -0.9921147013144777 0
    outer loop
      vertex -1.8738131458572482 -9.822872507286887 -3.6
      vertex -0.6279051952931376 -9.980267284282716 -3.6
      vertex -0.6279051952931376 -9.980267284282716 0
    endloop
  endfacet
  facet normal -0.3681245526846768 -0.929776485888252 0
    outer loop
      vertex -4.257792915650724 -9.048270524660197 -3.6
      vertex -3.090169943749474 -9.510565162951535 0
      vertex -4.257792915650724 -9.048270524660197 0
    endloop
  endfacet
  facet normal -0.4817536741017159 -0.8763066800438633 0
    outer loop
      vertex -5.358267949789967 -8.44327925502015 -3.6
      vertex -4.257792915650724 -9.048270524660197 0
      vertex -5.358267949789967 -8.44327925502015 0
    endloop
  endfacet
  facet normal -0.24868988716485585 -0.968583161128631 0
    outer loop
      vertex -3.090169943749474 -9.510565162951535 -3.6
      vertex -1.8738131458572482 -9.822872507286887 0
      vertex -3.090169943749474 -9.510565162951535 0
    endloop
  endfacet
  facet normal 0 0 1
    outer loop
      vertex -3.090169943749474 -9.510565162951535 0
      vertex -1.8738131458572482 -9.822872507286887 0
      vertex -3.1158000007271767 0 0
    endloop
  endfacet
  facet normal -0.12533323356430498 -0.9921147013144777 0
    outer loop
      vertex -1.8738131458572482 -9.822872507286887 -3.6
      vertex -0.6279051952931376 -9.980267284282716 0
      vertex -1.8738131458572482 -9.822872507286887 0
    endloop
  endfacet
  facet normal 0 -1 0
    outer loop
      vertex -0.6279051952931376 -9.980267284282716 -3.6
      vertex 0.6279051952931376 -9.980267284282716 0
      vertex -0.6279051952931376 -9.980267284282716 0
    endloop
  endfacet
  facet normal 0 0 1
    outer loop
      vertex -1.8738131458572482 -9.822872507286887 0
      vertex -0.6279051952931376 -9.980267284282716 0
      vertex -1.557899996638298 -2.6983619555830956 0
    endloop
  endfacet
  facet normal 0 0 1
    outer loop
      vertex -0.6279051952931376 -9.980267284282716 0
      vertex 0.6279051952931376 -9.980267284282716 0
      vertex -1.557899996638298 -2.6983619555830956 0
    endloop
  endfacet
  facet normal 0 0 1
    outer loop
      vertex -5.358267949789967 -8.44327925502015 0
      vertex -4.257792915650724 -9.048270524660197 0
      vertex -5.358267949789967 8.44327925502015 0
    endloop
  endfacet
  facet normal 0 0 1
    outer loop
      vertex -4.257792915650724 -9.048270524660197 0
      vertex -3.090169943749474 -9.510565162951535 0
      vertex -4.257792915650727 9.048270524660195 0
    endloop
  endfacet
  facet normal 0 0 1
    outer loop
      vertex -3.090169943749474 -9.510565162951535 0
      vertex -3.1158000007271767 0 0
      vertex -4.257792915650727 9.048270524660195 0
    endloop
  endfacet
  facet normal 0 0 1
    outer loop
      vertex -1.8738131458572482 -9.822872507286887 0
      vertex -1.557899996638298 -2.6983619555830956 0
      vertex -3.1158000007271767 0 0
    endloop
  endfacet
  facet normal 0 0 -1
    outer loop
      vertex -9.921147013144779 -1.2533323356430406 -3.6
      vertex -10 0 -3.6
      vertex -9.921147013144779 1.2533323356430406 -3.6
    endloop
  endfacet
  facet normal 0 0 -1
    outer loop
      vertex -9.921147013144779 -1.2533323356430406 -3.6
      vertex -9.921147013144779 1.2533323356430406 -3.6
      vertex -9.68583161128631 2.4868988716485485 -3.6
    endloop
  endfacet
  facet normal 0 0 -1
    outer loop
      vertex -9.68583161128631 -2.4868988716485485 -3.6
      vertex -9.68583161128631 2.4868988716485485 -3.6
      vertex -9.297764858882514 3.6812455268467787 -3.6
    endloop
  endfacet
  facet normal 0 0 -1
    outer loop
      vertex -9.297764858882514 -3.6812455268467787 -3.6
      vertex -9.297764858882514 3.6812455268467787 -3.6
      vertex -8.763066800438635 4.817536741017154 -3.6
    endloop
  endfacet
  facet normal 0 0 -1
    outer loop
      vertex -8.763066800438635 -4.817536741017154 -3.6
      vertex -8.763066800438635 4.817536741017154 -3.6
      vertex -8.090169943749475 5.877852522924732 -3.6
    endloop
  endfacet
  facet normal 0 0 -1
    outer loop
      vertex -8.090169943749475 -5.877852522924732 -3.6
      vertex -8.090169943749475 5.877852522924732 -3.6
      vertex -7.289686274214117 6.845471059286885 -3.6
    endloop
  endfacet
  facet normal 0 0 -1
    outer loop
      vertex -7.289686274214117 -6.845471059286885 -3.6
      vertex -7.289686274214117 6.845471059286885 -3.6
      vertex -6.374239897486897 7.705132427757894 -3.6
    endloop
  endfacet
  facet normal 0 0 -1
    outer loop
      vertex -6.374239897486897 -7.705132427757894 -3.6
      vertex -6.374239897486897 7.705132427757894 -3.6
      vertex -5.358267949789967 8.44327925502015 -3.6
    endloop
  endfacet
  facet normal 0 0 -1
    outer loop
      vertex -3.090169943749474 -9.510565162951535 -3.6
      vertex -3.090169943749474 9.510565162951535 -3.6
      vertex -2.875 0 -3.6
    endloop
  endfacet
  facet normal 0 0 -1
    outer loop
      vertex -5.358267949789967 -8.44327925502015 -3.6
      vertex -5.358267949789967 8.44327925502015 -3.6
      vertex -4.257792915650727 9.048270524660195 -3.6
    endloop
  endfacet
  facet normal 0 0 -1
    outer loop
      vertex -4.257792915650724 -9.048270524660197 -3.6
      vertex -4.257792915650727 9.048270524660195 -3.6
      vertex -3.090169943749474 9.510565162951535 -3.6
    endloop
  endfacet
  facet normal 0 0 -1
    outer loop
      vertex -2.875 0 -3.6
      vertex -3.090169943749474 9.510565162951535 -3.6
      vertex -2.852329766279124 0.3603330464973742 -3.6
    endloop
  endfacet
  facet normal 0 0 -1
    outer loop
      vertex -2.852329766279124 0.3603330464973742 -3.6
      vertex -3.090169943749474 9.510565162951535 -3.6
      vertex -2.7846765882448143 0.7149834255989577 -3.6
    endloop
  endfacet
  facet normal 0 0 -1
    outer loop
      vertex -2.7846765882448143 0.7149834255989577 -3.6
      vertex -3.090169943749474 9.510565162951535 -3.6
      vertex -2.673107396928723 1.058358088968449 -3.6
    endloop
  endfacet
  facet normal 0 0 -1
    outer loop
      vertex -2.673107396928723 1.058358088968449 -3.6
      vertex -3.090169943749474 9.510565162951535 -3.6
      vertex -2.5193817051261074 1.3850418130424318 -3.6
    endloop
  endfacet
  facet normal 0 0 -1
    outer loop
      vertex -2.5193817051261074 1.3850418130424318 -3.6
      vertex -1.8738131458572458 9.822872507286887 -3.6
      vertex -2.325923858827974 1.6898826003408602 -3.6
    endloop
  endfacet
  facet normal 0 0 -1
    outer loop
      vertex -2.325923858827974 1.6898826003408602 -3.6
      vertex -1.8738131458572458 9.822872507286887 -3.6
      vertex -2.0957848038365587 1.9680729295449795 -3.6
    endloop
  endfacet
  facet normal 0 0 -1
    outer loop
      vertex -2.0957848038365587 1.9680729295449795 -3.6
      vertex -1.8738131458572458 9.822872507286887 -3.6
      vertex -1.8325939705274827 2.2152255729803945 -3.6
    endloop
  endfacet
  facet normal 0 0 -1
    outer loop
      vertex -1.8325939705274827 2.2152255729803945 -3.6
      vertex -1.8738131458572458 9.822872507286887 -3.6
      vertex -1.5405020355646157 2.427442785818293 -3.6
    endloop
  endfacet
  facet normal 0 0 -1
    outer loop
      vertex -1.5405020355646157 2.427442785818293 -3.6
      vertex -1.8738131458572458 9.822872507286887 -3.6
      vertex -1.224115463249584 2.601377775839806 -3.6
    endloop
  endfacet
  facet normal 0 0 -1
    outer loop
      vertex -2.5193817051261074 1.3850418130424318 -3.6
      vertex -3.090169943749474 9.510565162951535 -3.6
      vertex -1.8738131458572458 9.822872507286887 -3.6
    endloop
  endfacet
  facet normal 0 0 -1
    outer loop
      vertex -1.224115463249584 2.601377775839806 -3.6
      vertex -0.6279051952931327 9.980267284282716 -3.6
      vertex -0.8884238588279738 2.7342874843485663 -3.6
    endloop
  endfacet
  facet normal 0 0 -1
    outer loop
      vertex -0.8884238588279738 2.7342874843485663 -3.6
      vertex -0.6279051952931327 9.980267284282716 -3.6
      vertex -0.5387212794339582 2.82407584584498 -3.6
    endloop
  endfacet
  facet normal 0 0 -1
    outer loop
      vertex -0.5387212794339582 2.82407584584498 -3.6
      vertex -0.6279051952931327 9.980267284282716 -3.6
      vertex -0.18052274364677567 2.869326844231281 -3.6
    endloop
  endfacet
  facet normal 0 0 -1
    outer loop
      vertex -0.18052274364677567 2.869326844231281 -3.6
      vertex -0.6279051952931327 9.980267284282716 -3.6
      vertex 0.18052274364677398 2.869326844231281 -3.6
    endloop
  endfacet
  facet normal 0 0 -1
    outer loop
      vertex -1.224115463249584 2.601377775839806 -3.6
      vertex -1.8738131458572458 9.822872507286887 -3.6
      vertex -0.6279051952931327 9.980267284282716 -3.6
    endloop
  endfacet
  facet normal -0.9980267284282717 0.06279051952931294 0
    outer loop
      vertex -10 0 -3.6
      vertex -9.921147013144779 1.2533323356430406 0
      vertex -9.921147013144779 1.2533323356430406 -3.6
    endloop
  endfacet
  facet normal -0.9822872507286886 0.1873813145857251 0
    outer loop
      vertex -9.921147013144779 1.2533323356430406 -3.6
      vertex -9.68583161128631 2.4868988716485485 0
      vertex -9.68583161128631 2.4868988716485485 -3.6
    endloop
  endfacet
  facet normal -0.9510565162951535 0.30901699437494723 0
    outer loop
      vertex -9.68583161128631 2.4868988716485485 -3.6
      vertex -9.297764858882514 3.6812455268467787 0
      vertex -9.297764858882514 3.6812455268467787 -3.6
    endloop
  endfacet
  facet normal -0.9048270524660194 0.42577929156507305 0
    outer loop
      vertex -9.297764858882514 3.6812455268467787 -3.6
      vertex -8.763066800438635 4.817536741017154 0
      vertex -8.763066800438635 4.817536741017154 -3.6
    endloop
  endfacet
  facet normal -0.9980267284282717 0.06279051952931294 0
    outer loop
      vertex -10 0 -3.6
      vertex -10 0 0
      vertex -9.921147013144779 1.2533323356430406 0
    endloop
  endfacet
  facet normal -0.9822872507286886 0.1873813145857251 0
    outer loop
      vertex -9.921147013144779 1.2533323356430406 -3.6
      vertex -9.921147013144779 1.2533323356430406 0
      vertex -9.68583161128631 2.4868988716485485 0
    endloop
  endfacet
  facet normal 0 0 1
    outer loop
      vertex -9.921147013144779 -1.2533323356430406 0
      vertex -9.921147013144779 1.2533323356430406 0
      vertex -10 0 0
    endloop
  endfacet
  facet normal 0 0 1
    outer loop
      vertex -9.68583161128631 -2.4868988716485485 0
      vertex -9.68583161128631 2.4868988716485485 0
      vertex -9.921147013144779 1.2533323356430406 0
    endloop
  endfacet
  facet normal 0 0 1
    outer loop
      vertex -9.297764858882514 -3.6812455268467787 0
      vertex -9.297764858882514 3.6812455268467787 0
      vertex -9.68583161128631 2.4868988716485485 0
    endloop
  endfacet
  facet normal 0 0 1
    outer loop
      vertex -8.763066800438635 -4.817536741017154 0
      vertex -8.763066800438635 4.817536741017154 0
      vertex -9.297764858882514 3.6812455268467787 0
    endloop
  endfacet
  facet normal 0 0 1
    outer loop
      vertex -8.090169943749475 -5.877852522924732 0
      vertex -8.090169943749475 5.877852522924732 0
      vertex -8.763066800438635 4.817536741017154 0
    endloop
  endfacet
  facet normal 0 0 1
    outer loop
      vertex -7.289686274214117 -6.845471059286885 0
      vertex -7.289686274214117 6.845471059286885 0
      vertex -8.090169943749475 5.877852522924732 0
    endloop
  endfacet
  facet normal -0.9510565162951535 0.30901699437494723 0
    outer loop
      vertex -9.68583161128631 2.4868988716485485 -3.6
      vertex -9.68583161128631 2.4868988716485485 0
      vertex -9.297764858882514 3.6812455268467787 0
    endloop
  endfacet
  facet normal -0.9048270524660194 0.42577929156507305 0
    outer loop
      vertex -9.297764858882514 3.6812455268467787 -3.6
      vertex -9.297764858882514 3.6812455268467787 0
      vertex -8.763066800438635 4.817536741017154 0
    endloop
  endfacet
  facet normal 0 0 1
    outer loop
      vertex -6.374239897486897 -7.705132427757894 0
      vertex -6.374239897486897 7.705132427757894 0
      vertex -7.289686274214117 6.845471059286885 0
    endloop
  endfacet
  facet normal 0 0 1
    outer loop
      vertex -5.358267949789967 -8.44327925502015 0
      vertex -5.358267949789967 8.44327925502015 0
      vertex -6.374239897486897 7.705132427757894 0
    endloop
  endfacet
  facet normal -0.8443279255020154 0.5358267949789961 0
    outer loop
      vertex -8.763066800438635 4.817536741017154 -3.6
      vertex -8.090169943749475 5.877852522924732 0
      vertex -8.090169943749475 5.877852522924732 -3.6
    endloop
  endfacet
  facet normal -0.7705132427757888 0.6374239897486901 0
    outer loop
      vertex -8.090169943749475 5.877852522924732 -3.6
      vertex -7.289686274214117 6.845471059286885 0
      vertex -7.289686274214117 6.845471059286885 -3.6
    endloop
  endfacet
  facet normal -0.6845471059286894 0.7289686274214109 0
    outer loop
      vertex -7.289686274214117 6.845471059286885 -3.6
      vertex -7.289686274214117 6.845471059286885 0
      vertex -6.374239897486897 7.705132427757894 -3.6
    endloop
  endfacet
  facet normal -0.5877852522924721 0.809016994374948 0
    outer loop
      vertex -6.374239897486897 7.705132427757894 -3.6
      vertex -6.374239897486897 7.705132427757894 0
      vertex -5.358267949789967 8.44327925502015 -3.6
    endloop
  endfacet
  facet normal -0.8443279255020154 0.5358267949789961 0
    outer loop
      vertex -8.763066800438635 4.817536741017154 -3.6
      vertex -8.763066800438635 4.817536741017154 0
      vertex -8.090169943749475 5.877852522924732 0
    endloop
  endfacet
  facet normal -0.7705132427757888 0.6374239897486901 0
    outer loop
      vertex -8.090169943749475 5.877852522924732 -3.6
      vertex -8.090169943749475 5.877852522924732 0
      vertex -7.289686274214117 6.845471059286885 0
    endloop
  endfacet
  facet normal -0.6845471059286894 0.7289686274214109 0
    outer loop
      vertex -6.374239897486897 7.705132427757894 -3.6
      vertex -7.289686274214117 6.845471059286885 0
      vertex -6.374239897486897 7.705132427757894 0
    endloop
  endfacet
  facet normal -0.5877852522924721 0.809016994374948 0
    outer loop
      vertex -5.358267949789967 8.44327925502015 -3.6
      vertex -6.374239897486897 7.705132427757894 0
      vertex -5.358267949789967 8.44327925502015 0
    endloop
  endfacet
  facet normal 0 0 1
    outer loop
      vertex -4.257792915650724 -9.048270524660197 0
      vertex -4.257792915650727 9.048270524660195 0
      vertex -5.358267949789967 8.44327925502015 0
    endloop
  endfacet
  facet normal 0 0 1
    outer loop
      vertex -4.257792915650727 9.048270524660195 0
      vertex -3.1158000007271767 0 0
      vertex -1.557899996638298 2.6983619555830956 0
    endloop
  endfacet
  facet normal -0.4817536741017157 0.8763066800438634 0
    outer loop
      vertex -5.358267949789967 8.44327925502015 -3.6
      vertex -5.358267949789967 8.44327925502015 0
      vertex -4.257792915650727 9.048270524660195 -3.6
    endloop
  endfacet
  facet normal -0.36812455268467725 0.9297764858882516 0
    outer loop
      vertex -4.257792915650727 9.048270524660195 -3.6
      vertex -4.257792915650727 9.048270524660195 0
      vertex -3.090169943749474 9.510565162951535 -3.6
    endloop
  endfacet
  facet normal -0.24868988716485535 0.9685831611286311 0
    outer loop
      vertex -3.090169943749474 9.510565162951535 -3.6
      vertex -3.090169943749474 9.510565162951535 0
      vertex -1.8738131458572458 9.822872507286887 -3.6
    endloop
  endfacet
  facet normal -0.12533323356430473 0.9921147013144777 0
    outer loop
      vertex -1.8738131458572458 9.822872507286887 -3.6
      vertex -1.8738131458572458 9.822872507286887 0
      vertex -0.6279051952931327 9.980267284282716 -3.6
    endloop
  endfacet
  facet normal 0 1 0
    outer loop
      vertex -0.6279051952931327 9.980267284282716 -3.6
      vertex -0.6279051952931327 9.980267284282716 0
      vertex 0.6279051952931327 9.980267284282716 -3.6
    endloop
  endfacet
  facet normal 0 0 1
    outer loop
      vertex -4.257792915650727 9.048270524660195 0
      vertex -1.557899996638298 2.6983619555830956 0
      vertex -3.090169943749474 9.510565162951535 0
    endloop
  endfacet
  facet normal -0.4817536741017157 0.8763066800438634 0
    outer loop
      vertex -4.257792915650727 9.048270524660195 -3.6
      vertex -5.358267949789967 8.44327925502015 0
      vertex -4.257792915650727 9.048270524660195 0
    endloop
  endfacet
  facet normal -0.36812455268467725 0.9297764858882516 0
    outer loop
      vertex -3.090169943749474 9.510565162951535 -3.6
      vertex -4.257792915650727 9.048270524660195 0
      vertex -3.090169943749474 9.510565162951535 0
    endloop
  endfacet
  facet normal 0 0 1
    outer loop
      vertex -3.090169943749474 9.510565162951535 0
      vertex -1.557899996638298 2.6983619555830956 0
      vertex -1.8738131458572458 9.822872507286887 0
    endloop
  endfacet
  facet normal 0 0 1
    outer loop
      vertex -1.8738131458572458 9.822872507286887 0
      vertex -1.557899996638298 2.6983619555830956 0
      vertex 1.557899996638298 2.6983619555830956 0
    endloop
  endfacet
  facet normal -0.24868988716485535 0.9685831611286311 0
    outer loop
      vertex -1.8738131458572458 9.822872507286887 -3.6
      vertex -3.090169943749474 9.510565162951535 0
      vertex -1.8738131458572458 9.822872507286887 0
    endloop
  endfacet
  facet normal -0.12533323356430473 0.9921147013144777 0
    outer loop
      vertex -0.6279051952931327 9.980267284282716 -3.6
      vertex -1.8738131458572458 9.822872507286887 0
      vertex -0.6279051952931327 9.980267284282716 0
    endloop
  endfacet
  facet normal 0 0 1
    outer loop
      vertex -1.8738131458572458 9.822872507286887 0
      vertex 1.557899996638298 2.6983619555830956 0
      vertex -0.6279051952931327 9.980267284282716 0
    endloop
  endfacet
  facet normal 0 0 -1
    outer loop
      vertex 0.6279051952931376 -9.980267284282716 -3.6
      vertex 1.2241154632495832 -2.6013777758398064 -3.6
      vertex 1.8738131458572482 -9.822872507286887 -3.6
    endloop
  endfacet
  facet normal 0 0 -1
    outer loop
      vertex -0.18052274364677706 -2.869326844231281 -3.6
      vertex 0.18052274364677706 -2.869326844231281 -3.6
      vertex 0.6279051952931376 -9.980267284282716 -3.6
    endloop
  endfacet
  facet normal 0 0 -1
    outer loop
      vertex 0.6279051952931376 -9.980267284282716 -3.6
      vertex 0.18052274364677706 -2.869326844231281 -3.6
      vertex 0.5387212794339589 -2.82407584584498 -3.6
    endloop
  endfacet
  facet normal 0 0 -1
    outer loop
      vertex 0.6279051952931376 -9.980267284282716 -3.6
      vertex 0.5387212794339589 -2.82407584584498 -3.6
      vertex 0.8884238588279738 -2.7342874843485663 -3.6
    endloop
  endfacet
  facet normal 0 0 -1
    outer loop
      vertex 0.6279051952931376 -9.980267284282716 -3.6
      vertex 0.8884238588279738 -2.7342874843485663 -3.6
      vertex 1.2241154632495832 -2.6013777758398064 -3.6
    endloop
  endfacet
  facet normal 0 0 -1
    outer loop
      vertex 1.8738131458572482 -9.822872507286887 -3.6
      vertex 2.5193817051261074 -1.3850418130424318 -3.6
      vertex 3.090169943749474 -9.510565162951535 -3.6
    endloop
  endfacet
  facet normal 0 0 -1
    outer loop
      vertex 1.8738131458572482 -9.822872507286887 -3.6
      vertex 1.2241154632495832 -2.6013777758398064 -3.6
      vertex 1.5405020355646142 -2.427442785818294 -3.6
    endloop
  endfacet
  facet normal 0 0 -1
    outer loop
      vertex 1.8738131458572482 -9.822872507286887 -3.6
      vertex 1.5405020355646142 -2.427442785818294 -3.6
      vertex 1.8325939705274836 -2.2152255729803936 -3.6
    endloop
  endfacet
  facet normal 0 0 -1
    outer loop
      vertex 1.8738131458572482 -9.822872507286887 -3.6
      vertex 1.8325939705274836 -2.2152255729803936 -3.6
      vertex 2.0957848038365587 -1.9680729295449795 -3.6
    endloop
  endfacet
  facet normal 0 0 -1
    outer loop
      vertex 1.8738131458572482 -9.822872507286887 -3.6
      vertex 2.0957848038365587 -1.9680729295449795 -3.6
      vertex 2.325923858827974 -1.6898826003408602 -3.6
    endloop
  endfacet
  facet normal 0 0 -1
    outer loop
      vertex 1.8738131458572482 -9.822872507286887 -3.6
      vertex 2.325923858827974 -1.6898826003408602 -3.6
      vertex 2.5193817051261074 -1.3850418130424318 -3.6
    endloop
  endfacet
  facet normal 0 0 -1
    outer loop
      vertex 3.090169943749474 -9.510565162951535 -3.6
      vertex 2.5193817051261074 -1.3850418130424318 -3.6
      vertex 2.6731073969287222 -1.0583580889684503 -3.6
    endloop
  endfacet
  facet normal 0 0 -1
    outer loop
      vertex 3.090169943749474 -9.510565162951535 -3.6
      vertex 2.6731073969287222 -1.0583580889684503 -3.6
      vertex 2.784676588244815 -0.7149834255989564 -3.6
    endloop
  endfacet
  facet normal 0 0 -1
    outer loop
      vertex 3.090169943749474 -9.510565162951535 -3.6
      vertex 2.784676588244815 -0.7149834255989564 -3.6
      vertex 2.852329766279124 -0.3603330464973742 -3.6
    endloop
  endfacet
  facet normal 0 0 -1
    outer loop
      vertex 3.090169943749474 -9.510565162951535 -3.6
      vertex 2.852329766279124 -0.3603330464973742 -3.6
      vertex 2.875 0 -3.6
    endloop
  endfacet
  facet normal 0 0 -1
    outer loop
      vertex 3.090169943749474 -9.510565162951535 -3.6
      vertex 4.257792915650727 9.048270524660195 -3.6
      vertex 4.257792915650724 -9.048270524660197 -3.6
    endloop
  endfacet
  facet normal 0 0 -1
    outer loop
      vertex 4.257792915650724 -9.048270524660197 -3.6
      vertex 5.358267949789966 8.443279255020151 -3.6
      vertex 5.358267949789962 -8.443279255020153 -3.6
    endloop
  endfacet
  facet normal 0 0 -1
    outer loop
      vertex 5.358267949789962 -8.443279255020153 -3.6
      vertex 6.3742398974868975 7.705132427757891 -3.6
      vertex 6.3742398974869 -7.70513242775789 -3.6
    endloop
  endfacet
  facet normal 0 0 -1
    outer loop
      vertex 6.3742398974869 -7.70513242775789 -3.6
      vertex 7.289686274214116 6.845471059286887 -3.6
      vertex 7.289686274214117 -6.845471059286885 -3.6
    endloop
  endfacet
  facet normal 0 0 -1
    outer loop
      vertex 7.289686274214117 -6.845471059286885 -3.6
      vertex 8.090169943749475 5.877852522924732 -3.6
      vertex 8.090169943749475 -5.877852522924732 -3.6
    endloop
  endfacet
  facet normal 0 0 -1
    outer loop
      vertex 8.090169943749475 -5.877852522924732 -3.6
      vertex 8.763066800438637 4.817536741017153 -3.6
      vertex 8.763066800438635 -4.817536741017154 -3.6
    endloop
  endfacet
  facet normal 0 0 -1
    outer loop
      vertex 8.763066800438635 -4.817536741017154 -3.6
      vertex 9.297764858882513 3.6812455268467796 -3.6
      vertex 9.297764858882513 -3.6812455268467836 -3.6
    endloop
  endfacet
  facet normal 0 0 -1
    outer loop
      vertex 9.297764858882513 -3.6812455268467836 -3.6
      vertex 9.68583161128631 2.486898871648548 -3.6
      vertex 9.685831611286313 -2.4868988716485445 -3.6
    endloop
  endfacet
  facet normal 0 0 -1
    outer loop
      vertex 9.685831611286313 -2.4868988716485445 -3.6
      vertex 9.921147013144779 1.2533323356430426 -3.6
      vertex 9.921147013144779 -1.2533323356430406 -3.6
    endloop
  endfacet
  facet normal 0 -1 0
    outer loop
      vertex -0.6279051952931376 -9.980267284282716 -3.6
      vertex 0.6279051952931376 -9.980267284282716 -3.6
      vertex 0.6279051952931376 -9.980267284282716 0
    endloop
  endfacet
  facet normal 0.12533323356430498 -0.9921147013144777 0
    outer loop
      vertex 0.6279051952931376 -9.980267284282716 -3.6
      vertex 1.8738131458572482 -9.822872507286887 -3.6
      vertex 1.8738131458572482 -9.822872507286887 0
    endloop
  endfacet
  facet normal 0.24868988716485585 -0.968583161128631 0
    outer loop
      vertex 1.8738131458572482 -9.822872507286887 -3.6
      vertex 3.090169943749474 -9.510565162951535 -3.6
      vertex 3.090169943749474 -9.510565162951535 0
    endloop
  endfacet
  facet normal 0.3681245526846768 -0.929776485888252 0
    outer loop
      vertex 3.090169943749474 -9.510565162951535 -3.6
      vertex 4.257792915650724 -9.048270524660197 -3.6
      vertex 4.257792915650724 -9.048270524660197 0
    endloop
  endfacet
  facet normal 0.4817536741017155 -0.8763066800438635 0
    outer loop
      vertex 4.257792915650724 -9.048270524660197 -3.6
      vertex 5.358267949789962 -8.443279255020153 -3.6
      vertex 5.358267949789962 -8.443279255020153 0
    endloop
  endfacet
  facet normal 0.12533323356430498 -0.9921147013144777 0
    outer loop
      vertex 0.6279051952931376 -9.980267284282716 -3.6
      vertex 1.8738131458572482 -9.822872507286887 0
      vertex 0.6279051952931376 -9.980267284282716 0
    endloop
  endfacet
  facet normal 0.24868988716485585 -0.968583161128631 0
    outer loop
      vertex 1.8738131458572482 -9.822872507286887 -3.6
      vertex 3.090169943749474 -9.510565162951535 0
      vertex 1.8738131458572482 -9.822872507286887 0
    endloop
  endfacet
  facet normal 0 0 1
    outer loop
      vertex 0.6279051952931376 -9.980267284282716 0
      vertex 1.8738131458572482 -9.822872507286887 0
      vertex -1.557899996638298 -2.6983619555830956 0
    endloop
  endfacet
  facet normal 0 0 1
    outer loop
      vertex 1.8738131458572482 -9.822872507286887 0
      vertex 1.557899996638298 -2.6983619555830956 0
      vertex -1.557899996638298 -2.6983619555830956 0
    endloop
  endfacet
  facet normal 0 0 1
    outer loop
      vertex 1.8738131458572482 -9.822872507286887 0
      vertex 3.090169943749474 -9.510565162951535 0
      vertex 1.557899996638298 -2.6983619555830956 0
    endloop
  endfacet
  facet normal 0.3681245526846768 -0.929776485888252 0
    outer loop
      vertex 3.090169943749474 -9.510565162951535 -3.6
      vertex 4.257792915650724 -9.048270524660197 0
      vertex 3.090169943749474 -9.510565162951535 0
    endloop
  endfacet
  facet normal 0.4817536741017155 -0.8763066800438635 0
    outer loop
      vertex 4.257792915650724 -9.048270524660197 -3.6
      vertex 5.358267949789962 -8.443279255020153 0
      vertex 4.257792915650724 -9.048270524660197 0
    endloop
  endfacet
  facet normal 0 0 1
    outer loop
      vertex 3.090169943749474 -9.510565162951535 0
      vertex 4.257792915650724 -9.048270524660197 0
      vertex 1.557899996638298 -2.6983619555830956 0
    endloop
  endfacet
  facet normal 0 0 1
    outer loop
      vertex 4.257792915650724 -9.048270524660197 0
      vertex 3.1158000007271767 0 0
      vertex 1.557899996638298 -2.6983619555830956 0
    endloop
  endfacet
  facet normal 0 0 1
    outer loop
      vertex 4.257792915650724 -9.048270524660197 0
      vertex 5.358267949789962 -8.443279255020153 0
      vertex 4.257792915650727 9.048270524660195 0
    endloop
  endfacet
  facet normal 0.5877852522924726 -0.8090169943749479 0
    outer loop
      vertex 5.358267949789962 -8.443279255020153 -3.6
      vertex 6.3742398974869 -7.70513242775789 -3.6
      vertex 6.3742398974869 -7.70513242775789 0
    endloop
  endfacet
  facet normal 0.6845471059286893 -0.7289686274214109 0
    outer loop
      vertex 6.3742398974869 -7.70513242775789 -3.6
      vertex 7.289686274214117 -6.845471059286885 -3.6
      vertex 7.289686274214117 -6.845471059286885 0
    endloop
  endfacet
  facet normal 0.7705132427757888 -0.6374239897486901 0
    outer loop
      vertex 7.289686274214117 -6.845471059286885 -3.6
      vertex 8.090169943749475 -5.877852522924732 -3.6
      vertex 7.289686274214117 -6.845471059286885 0
    endloop
  endfacet
  facet normal 0.8443279255020154 -0.5358267949789961 0
    outer loop
      vertex 8.090169943749475 -5.877852522924732 -3.6
      vertex 8.763066800438635 -4.817536741017154 -3.6
      vertex 8.090169943749475 -5.877852522924732 0
    endloop
  endfacet
  facet normal 0.5877852522924726 -0.8090169943749479 0
    outer loop
      vertex 5.358267949789962 -8.443279255020153 -3.6
      vertex 6.3742398974869 -7.70513242775789 0
      vertex 5.358267949789962 -8.443279255020153 0
    endloop
  endfacet
  facet normal 0.6845471059286893 -0.7289686274214109 0
    outer loop
      vertex 6.3742398974869 -7.70513242775789 -3.6
      vertex 7.289686274214117 -6.845471059286885 0
      vertex 6.3742398974869 -7.70513242775789 0
    endloop
  endfacet
  facet normal 0.7705132427757888 -0.6374239897486901 0
    outer loop
      vertex 8.090169943749475 -5.877852522924732 -3.6
      vertex 8.090169943749475 -5.877852522924732 0
      vertex 7.289686274214117 -6.845471059286885 0
    endloop
  endfacet
  facet normal 0.8443279255020154 -0.5358267949789961 0
    outer loop
      vertex 8.763066800438635 -4.817536741017154 -3.6
      vertex 8.763066800438635 -4.817536741017154 0
      vertex 8.090169943749475 -5.877852522924732 0
    endloop
  endfacet
  facet normal 0.9048270524660192 -0.4257792915650734 0
    outer loop
      vertex 8.763066800438635 -4.817536741017154 -3.6
      vertex 9.297764858882513 -3.6812455268467836 -3.6
      vertex 8.763066800438635 -4.817536741017154 0
    endloop
  endfacet
  facet normal 0.9510565162951535 -0.30901699437494773 0
    outer loop
      vertex 9.297764858882513 -3.6812455268467836 -3.6
      vertex 9.685831611286313 -2.4868988716485445 -3.6
      vertex 9.297764858882513 -3.6812455268467836 0
    endloop
  endfacet
  facet normal 0.9822872507286887 -0.18738131458572435 0
    outer loop
      vertex 9.685831611286313 -2.4868988716485445 -3.6
      vertex 9.921147013144779 -1.2533323356430406 -3.6
      vertex 9.685831611286313 -2.4868988716485445 0
    endloop
  endfacet
  facet normal 0.9980267284282717 -0.06279051952931294 0
    outer loop
      vertex 9.921147013144779 -1.2533323356430406 -3.6
      vertex 10 0 -3.6
      vertex 9.921147013144779 -1.2533323356430406 0
    endloop
  endfacet
  facet normal 0 0 1
    outer loop
      vertex 5.358267949789962 -8.443279255020153 0
      vertex 6.3742398974869 -7.70513242775789 0
      vertex 5.358267949789966 8.443279255020151 0
    endloop
  endfacet
  facet normal 0 0 1
    outer loop
      vertex 6.3742398974869 -7.70513242775789 0
      vertex 7.289686274214117 -6.845471059286885 0
      vertex 6.3742398974868975 7.705132427757891 0
    endloop
  endfacet
  facet normal 0.9048270524660192 -0.4257792915650734 0
    outer loop
      vertex 9.297764858882513 -3.6812455268467836 -3.6
      vertex 9.297764858882513 -3.6812455268467836 0
      vertex 8.763066800438635 -4.817536741017154 0
    endloop
  endfacet
  facet normal 0.9510565162951535 -0.30901699437494773 0
    outer loop
      vertex 9.685831611286313 -2.4868988716485445 -3.6
      vertex 9.685831611286313 -2.4868988716485445 0
      vertex 9.297764858882513 -3.6812455268467836 0
    endloop
  endfacet
  facet normal 0.9822872507286887 -0.18738131458572435 0
    outer loop
      vertex 9.921147013144779 -1.2533323356430406 -3.6
      vertex 9.921147013144779 -1.2533323356430406 0
      vertex 9.685831611286313 -2.4868988716485445 0
    endloop
  endfacet
  facet normal 0.9980267284282717 -0.06279051952931294 0
    outer loop
      vertex 9.921147013144779 -1.2533323356430406 0
      vertex 10 0 -3.6
      vertex 10 0 0
    endloop
  endfacet
  facet normal 0 0 1
    outer loop
      vertex 7.289686274214117 -6.845471059286885 0
      vertex 8.090169943749475 -5.877852522924732 0
      vertex 7.289686274214116 6.845471059286887 0
    endloop
  endfacet
  facet normal 0 0 1
    outer loop
      vertex 8.090169943749475 -5.877852522924732 0
      vertex 8.763066800438635 -4.817536741017154 0
      vertex 8.090169943749475 5.877852522924732 0
    endloop
  endfacet
  facet normal 0 0 1
    outer loop
      vertex 8.763066800438635 -4.817536741017154 0
      vertex 9.297764858882513 -3.6812455268467836 0
      vertex 8.763066800438637 4.817536741017153 0
    endloop
  endfacet
  facet normal 0 0 1
    outer loop
      vertex 9.297764858882513 -3.6812455268467836 0
      vertex 9.685831611286313 -2.4868988716485445 0
      vertex 9.297764858882513 3.6812455268467796 0
    endloop
  endfacet
  facet normal 0 0 1
    outer loop
      vertex 9.685831611286313 -2.4868988716485445 0
      vertex 9.921147013144779 -1.2533323356430406 0
      vertex 9.68583161128631 2.486898871648548 0
    endloop
  endfacet
  facet normal 0 0 -1
    outer loop
      vertex 1.5405020355646153 2.427442785818293 -3.6
      vertex 1.224115463249584 2.601377775839806 -3.6
      vertex 1.8738131458572458 9.822872507286887 -3.6
    endloop
  endfacet
  facet normal 0 0 -1
    outer loop
      vertex 1.5405020355646153 2.427442785818293 -3.6
      vertex 1.8738131458572458 9.822872507286887 -3.6
      vertex 1.832593970527483 2.2152255729803936 -3.6
    endloop
  endfacet
  facet normal 0 0 -1
    outer loop
      vertex 1.832593970527483 2.2152255729803936 -3.6
      vertex 3.090169943749474 9.510565162951535 -3.6
      vertex 2.0957848038365583 1.9680729295449801 -3.6
    endloop
  endfacet
  facet normal 0 0 -1
    outer loop
      vertex 3.090169943749474 -9.510565162951535 -3.6
      vertex 2.875 0 -3.6
      vertex 3.090169943749474 9.510565162951535 -3.6
    endloop
  endfacet
  facet normal 0 0 -1
    outer loop
      vertex 2.875 0 -3.6
      vertex 2.852329766279124 0.36033304649737474 -3.6
      vertex 3.090169943749474 9.510565162951535 -3.6
    endloop
  endfacet
  facet normal 0 0 -1
    outer loop
      vertex 2.852329766279124 0.36033304649737474 -3.6
      vertex 2.7846765882448143 0.7149834255989576 -3.6
      vertex 3.090169943749474 9.510565162951535 -3.6
    endloop
  endfacet
  facet normal 0 0 -1
    outer loop
      vertex 3.090169943749474 -9.510565162951535 -3.6
      vertex 3.090169943749474 9.510565162951535 -3.6
      vertex 4.257792915650727 9.048270524660195 -3.6
    endloop
  endfacet
  facet normal 0 0 -1
    outer loop
      vertex 2.6731073969287227 1.0583580889684492 -3.6
      vertex 2.519381705126108 1.3850418130424316 -3.6
      vertex 3.090169943749474 9.510565162951535 -3.6
    endloop
  endfacet
  facet normal 0 0 -1
    outer loop
      vertex 2.325923858827974 1.6898826003408602 -3.6
      vertex 3.090169943749474 9.510565162951535 -3.6
      vertex 2.519381705126108 1.3850418130424316 -3.6
    endloop
  endfacet
  facet normal 0 0 -1
    outer loop
      vertex 2.7846765882448143 0.7149834255989576 -3.6
      vertex 2.6731073969287227 1.0583580889684492 -3.6
      vertex 3.090169943749474 9.510565162951535 -3.6
    endloop
  endfacet
  facet normal 0 0 -1
    outer loop
      vertex 2.325923858827974 1.6898826003408602 -3.6
      vertex 2.0957848038365583 1.9680729295449801 -3.6
      vertex 3.090169943749474 9.510565162951535 -3.6
    endloop
  endfacet
  facet normal 0 0 -1
    outer loop
      vertex 4.257792915650724 -9.048270524660197 -3.6
      vertex 4.257792915650727 9.048270524660195 -3.6
      vertex 5.358267949789966 8.443279255020151 -3.6
    endloop
  endfacet
  facet normal 0 0 -1
    outer loop
      vertex 0.18052274364677398 2.869326844231281 -3.6
      vertex 0.6279051952931327 9.980267284282716 -3.6
      vertex 0.5387212794339582 2.82407584584498 -3.6
    endloop
  endfacet
  facet normal 0 0 -1
    outer loop
      vertex 0.5387212794339582 2.82407584584498 -3.6
      vertex 1.8738131458572458 9.822872507286887 -3.6
      vertex 0.8884238588279738 2.7342874843485663 -3.6
    endloop
  endfacet
  facet normal 0 0 -1
    outer loop
      vertex 0.8884238588279738 2.7342874843485663 -3.6
      vertex 1.8738131458572458 9.822872507286887 -3.6
      vertex 1.224115463249584 2.601377775839806 -3.6
    endloop
  endfacet
  facet normal 0 0 -1
    outer loop
      vertex 1.832593970527483 2.2152255729803936 -3.6
      vertex 1.8738131458572458 9.822872507286887 -3.6
      vertex 3.090169943749474 9.510565162951535 -3.6
    endloop
  endfacet
  facet normal 0 0 -1
    outer loop
      vertex -0.6279051952931327 9.980267284282716 -3.6
      vertex 0.6279051952931327 9.980267284282716 -3.6
      vertex 0.18052274364677398 2.869326844231281 -3.6
    endloop
  endfacet
  facet normal 0 0 -1
    outer loop
      vertex 0.5387212794339582 2.82407584584498 -3.6
      vertex 0.6279051952931327 9.980267284282716 -3.6
      vertex 1.8738131458572458 9.822872507286887 -3.6
    endloop
  endfacet
  facet normal 0 0 -1
    outer loop
      vertex 6.3742398974869 -7.70513242775789 -3.6
      vertex 6.3742398974868975 7.705132427757891 -3.6
      vertex 7.289686274214116 6.845471059286887 -3.6
    endloop
  endfacet
  facet normal 0 0 -1
    outer loop
      vertex 5.358267949789962 -8.443279255020153 -3.6
      vertex 5.358267949789966 8.443279255020151 -3.6
      vertex 6.3742398974868975 7.705132427757891 -3.6
    endloop
  endfacet
  facet normal 0 0 -1
    outer loop
      vertex 7.289686274214117 -6.845471059286885 -3.6
      vertex 7.289686274214116 6.845471059286887 -3.6
      vertex 8.090169943749475 5.877852522924732 -3.6
    endloop
  endfacet
  facet normal 0 0 -1
    outer loop
      vertex 8.090169943749475 -5.877852522924732 -3.6
      vertex 8.090169943749475 5.877852522924732 -3.6
      vertex 8.763066800438637 4.817536741017153 -3.6
    endloop
  endfacet
  facet normal 0 0 -1
    outer loop
      vertex 8.763066800438635 -4.817536741017154 -3.6
      vertex 8.763066800438637 4.817536741017153 -3.6
      vertex 9.297764858882513 3.6812455268467796 -3.6
    endloop
  endfacet
  facet normal 0 0 -1
    outer loop
      vertex 9.921147013144779 -1.2533323356430406 -3.6
      vertex 9.921147013144779 1.2533323356430426 -3.6
      vertex 10 0 -3.6
    endloop
  endfacet
  facet normal 0 0 -1
    outer loop
      vertex 9.685831611286313 -2.4868988716485445 -3.6
      vertex 9.68583161128631 2.486898871648548 -3.6
      vertex 9.921147013144779 1.2533323356430426 -3.6
    endloop
  endfacet
  facet normal 0 0 -1
    outer loop
      vertex 9.297764858882513 -3.6812455268467836 -3.6
      vertex 9.297764858882513 3.6812455268467796 -3.6
      vertex 9.68583161128631 2.486898871648548 -3.6
    endloop
  endfacet
  facet normal 0 0 1
    outer loop
      vertex 1.8738131458572458 9.822872507286887 0
      vertex 1.557899996638298 2.6983619555830956 0
      vertex 3.1158000007271767 0 0
    endloop
  endfacet
  facet normal 0 0 1
    outer loop
      vertex 4.257792915650724 -9.048270524660197 0
      vertex 3.090169943749474 9.510565162951535 0
      vertex 3.1158000007271767 0 0
    endloop
  endfacet
  facet normal 0 0 1
    outer loop
      vertex 4.257792915650724 -9.048270524660197 0
      vertex 4.257792915650727 9.048270524660195 0
      vertex 3.090169943749474 9.510565162951535 0
    endloop
  endfacet
  facet normal 0 0 1
    outer loop
      vertex 5.358267949789962 -8.443279255020153 0
      vertex 5.358267949789966 8.443279255020151 0
      vertex 4.257792915650727 9.048270524660195 0
    endloop
  endfacet
  facet normal 0.12533323356430473 0.9921147013144777 0
    outer loop
      vertex 0.6279051952931327 9.980267284282716 -3.6
      vertex 0.6279051952931327 9.980267284282716 0
      vertex 1.8738131458572458 9.822872507286887 -3.6
    endloop
  endfacet
  facet normal 0.24868988716485535 0.9685831611286311 0
    outer loop
      vertex 1.8738131458572458 9.822872507286887 -3.6
      vertex 1.8738131458572458 9.822872507286887 0
      vertex 3.090169943749474 9.510565162951535 -3.6
    endloop
  endfacet
  facet normal 0.36812455268467725 0.9297764858882516 0
    outer loop
      vertex 3.090169943749474 9.510565162951535 -3.6
      vertex 3.090169943749474 9.510565162951535 0
      vertex 4.257792915650727 9.048270524660195 -3.6
    endloop
  endfacet
  facet normal 0.48175367410171493 0.8763066800438639 0
    outer loop
      vertex 4.257792915650727 9.048270524660195 -3.6
      vertex 4.257792915650727 9.048270524660195 0
      vertex 5.358267949789966 8.443279255020151 -3.6
    endloop
  endfacet
  facet normal 0 1 0
    outer loop
      vertex -0.6279051952931327 9.980267284282716 0
      vertex 0.6279051952931327 9.980267284282716 0
      vertex 0.6279051952931327 9.980267284282716 -3.6
    endloop
  endfacet
  facet normal 0.12533323356430473 0.9921147013144777 0
    outer loop
      vertex 1.8738131458572458 9.822872507286887 -3.6
      vertex 0.6279051952931327 9.980267284282716 0
      vertex 1.8738131458572458 9.822872507286887 0
    endloop
  endfacet
  facet normal 0 0 1
    outer loop
      vertex -0.6279051952931327 9.980267284282716 0
      vertex 1.557899996638298 2.6983619555830956 0
      vertex 0.6279051952931327 9.980267284282716 0
    endloop
  endfacet
  facet normal 0 0 1
    outer loop
      vertex 0.6279051952931327 9.980267284282716 0
      vertex 1.557899996638298 2.6983619555830956 0
      vertex 1.8738131458572458 9.822872507286887 0
    endloop
  endfacet
  facet normal 0 0 1
    outer loop
      vertex 1.8738131458572458 9.822872507286887 0
      vertex 3.1158000007271767 0 0
      vertex 3.090169943749474 9.510565162951535 0
    endloop
  endfacet
  facet normal 0.24868988716485535 0.9685831611286311 0
    outer loop
      vertex 3.090169943749474 9.510565162951535 -3.6
      vertex 1.8738131458572458 9.822872507286887 0
      vertex 3.090169943749474 9.510565162951535 0
    endloop
  endfacet
  facet normal 0.48175367410171493 0.8763066800438639 0
    outer loop
      vertex 5.358267949789966 8.443279255020151 -3.6
      vertex 4.257792915650727 9.048270524660195 0
      vertex 5.358267949789966 8.443279255020151 0
    endloop
  endfacet
  facet normal 0.36812455268467725 0.9297764858882516 0
    outer loop
      vertex 4.257792915650727 9.048270524660195 -3.6
      vertex 3.090169943749474 9.510565162951535 0
      vertex 4.257792915650727 9.048270524660195 0
    endloop
  endfacet
  facet normal 0.9980267284282717 0.06279051952931285 0
    outer loop
      vertex 10 0 -3.6
      vertex 9.921147013144779 1.2533323356430426 -3.6
      vertex 10 0 0
    endloop
  endfacet
  facet normal 0.9822872507286885 0.1873813145857255 0
    outer loop
      vertex 9.921147013144779 1.2533323356430426 -3.6
      vertex 9.68583161128631 2.486898871648548 -3.6
      vertex 9.921147013144779 1.2533323356430426 0
    endloop
  endfacet
  facet normal 0.9510565162951532 0.3090169943749482 0
    outer loop
      vertex 9.68583161128631 2.486898871648548 -3.6
      vertex 9.297764858882513 3.6812455268467796 -3.6
      vertex 9.68583161128631 2.486898871648548 0
    endloop
  endfacet
  facet normal 0.9048270524660201 0.4257792915650712 0
    outer loop
      vertex 9.297764858882513 3.6812455268467796 -3.6
      vertex 8.763066800438637 4.817536741017153 -3.6
      vertex 9.297764858882513 3.6812455268467796 0
    endloop
  endfacet
  facet normal 0 0 1
    outer loop
      vertex 6.3742398974869 -7.70513242775789 0
      vertex 6.3742398974868975 7.705132427757891 0
      vertex 5.358267949789966 8.443279255020151 0
    endloop
  endfacet
  facet normal 0 0 1
    outer loop
      vertex 7.289686274214117 -6.845471059286885 0
      vertex 7.289686274214116 6.845471059286887 0
      vertex 6.3742398974868975 7.705132427757891 0
    endloop
  endfacet
  facet normal 0.9980267284282717 0.06279051952931285 0
    outer loop
      vertex 9.921147013144779 1.2533323356430426 -3.6
      vertex 9.921147013144779 1.2533323356430426 0
      vertex 10 0 0
    endloop
  endfacet
  facet normal 0.9822872507286885 0.1873813145857255 0
    outer loop
      vertex 9.68583161128631 2.486898871648548 -3.6
      vertex 9.68583161128631 2.486898871648548 0
      vertex 9.921147013144779 1.2533323356430426 0
    endloop
  endfacet
  facet normal 0 0 1
    outer loop
      vertex 8.090169943749475 -5.877852522924732 0
      vertex 8.090169943749475 5.877852522924732 0
      vertex 7.289686274214116 6.845471059286887 0
    endloop
  endfacet
  facet normal 0 0 1
    outer loop
      vertex 8.763066800438635 -4.817536741017154 0
      vertex 8.763066800438637 4.817536741017153 0
      vertex 8.090169943749475 5.877852522924732 0
    endloop
  endfacet
  facet normal 0 0 1
    outer loop
      vertex 9.921147013144779 -1.2533323356430406 0
      vertex 10 0 0
      vertex 9.921147013144779 1.2533323356430426 0
    endloop
  endfacet
  facet normal 0 0 1
    outer loop
      vertex 9.685831611286313 -2.4868988716485445 0
      vertex 9.68583161128631 2.486898871648548 0
      vertex 9.297764858882513 3.6812455268467796 0
    endloop
  endfacet
  facet normal 0 0 1
    outer loop
      vertex 9.921147013144779 -1.2533323356430406 0
      vertex 9.921147013144779 1.2533323356430426 0
      vertex 9.68583161128631 2.486898871648548 0
    endloop
  endfacet
  facet normal 0 0 1
    outer loop
      vertex 9.297764858882513 -3.6812455268467836 0
      vertex 9.297764858882513 3.6812455268467796 0
      vertex 8.763066800438637 4.817536741017153 0
    endloop
  endfacet
  facet normal 0.9510565162951532 0.3090169943749482 0
    outer loop
      vertex 9.297764858882513 3.6812455268467796 -3.6
      vertex 9.297764858882513 3.6812455268467796 0
      vertex 9.68583161128631 2.486898871648548 0
    endloop
  endfacet
  facet normal 0.9048270524660201 0.4257792915650712 0
    outer loop
      vertex 8.763066800438637 4.817536741017153 -3.6
      vertex 8.763066800438637 4.817536741017153 0
      vertex 9.297764858882513 3.6812455268467796 0
    endloop
  endfacet
  facet normal 0.6845471059286878 0.7289686274214123 0
    outer loop
      vertex 7.289686274214116 6.845471059286887 -3.6
      vertex 6.3742398974868975 7.705132427757891 -3.6
      vertex 6.3742398974868975 7.705132427757891 0
    endloop
  endfacet
  facet normal 0.5877852522924738 0.8090169943749469 0
    outer loop
      vertex 5.358267949789966 8.443279255020151 -3.6
      vertex 5.358267949789966 8.443279255020151 0
      vertex 6.3742398974868975 7.705132427757891 -3.6
    endloop
  endfacet
  facet normal 0.7705132427757894 0.6374239897486894 0
    outer loop
      vertex 7.289686274214116 6.845471059286887 -3.6
      vertex 8.090169943749475 5.877852522924732 0
      vertex 8.090169943749475 5.877852522924732 -3.6
    endloop
  endfacet
  facet normal 0.8443279255020149 0.5358267949789967 0
    outer loop
      vertex 8.763066800438637 4.817536741017153 -3.6
      vertex 8.090169943749475 5.877852522924732 -3.6
      vertex 8.763066800438637 4.817536741017153 0
    endloop
  endfacet
  facet normal 0.6845471059286878 0.7289686274214123 0
    outer loop
      vertex 7.289686274214116 6.845471059286887 -3.6
      vertex 6.3742398974868975 7.705132427757891 0
      vertex 7.289686274214116 6.845471059286887 0
    endloop
  endfacet
  facet normal 0.5877852522924738 0.8090169943749469 0
    outer loop
      vertex 6.3742398974868975 7.705132427757891 -3.6
      vertex 5.358267949789966 8.443279255020151 0
      vertex 6.3742398974868975 7.705132427757891 0
    endloop
  endfacet
  facet normal 0.8443279255020149 0.5358267949789967 0
    outer loop
      vertex 8.090169943749475 5.877852522924732 -3.6
      vertex 8.090169943749475 5.877852522924732 0
      vertex 8.763066800438637 4.817536741017153 0
    endloop
  endfacet
  facet normal 0.7705132427757894 0.6374239897486894 0
    outer loop
      vertex 7.289686274214116 6.845471059286887 -3.6
      vertex 7.289686274214116 6.845471059286887 0
      vertex 8.090169943749475 5.877852522924732 0
    endloop
  endfacet
  facet normal -0.904827052466019 -0.4257792915650739 0
    outer loop
      vertex -2.5193817051261074 -1.3850418130424318 -5.1
      vertex -2.5193817051261074 -1.3850418130424318 -3.6
      vertex -2.673107396928723 -1.058358088968449 -5.1
    endloop
  endfacet
  facet normal 0 0 -1
    outer loop
      vertex -2.5193817051261074 -1.3850418130424318 -5.1
      vertex -2.673107396928723 -1.058358088968449 -5.1
      vertex -2.5193817051261074 1.3850418130424318 -5.1
    endloop
  endfacet
  facet normal 0 0 -1
    outer loop
      vertex -2.673107396928723 -1.058358088968449 -5.1
      vertex -2.7846765882448143 -0.7149834255989577 -5.1
      vertex -2.673107396928723 1.058358088968449 -5.1
    endloop
  endfacet
  facet normal 0 0 -1
    outer loop
      vertex -2.7846765882448143 -0.7149834255989577 -5.1
      vertex -2.852329766279124 -0.3603330464973742 -5.1
      vertex -2.7846765882448143 0.7149834255989577 -5.1
    endloop
  endfacet
  facet normal -0.9510565162951539 -0.3090169943749465 0
    outer loop
      vertex -2.673107396928723 -1.058358088968449 -5.1
      vertex -2.673107396928723 -1.058358088968449 -3.6
      vertex -2.7846765882448143 -0.7149834255989577 -5.1
    endloop
  endfacet
  facet normal -0.9980267284282714 -0.06279051952931329 0
    outer loop
      vertex -2.852329766279124 -0.3603330464973742 -5.1
      vertex -2.852329766279124 -0.3603330464973742 -3.6
      vertex -2.875 0 -5.1
    endloop
  endfacet
  facet normal -0.9822872507286885 -0.18738131458572477 0
    outer loop
      vertex -2.7846765882448143 -0.7149834255989577 -5.1
      vertex -2.7846765882448143 -0.7149834255989577 -3.6
      vertex -2.852329766279124 -0.3603330464973742 -5.1
    endloop
  endfacet
  facet normal -0.904827052466019 -0.4257792915650739 0
    outer loop
      vertex -2.673107396928723 -1.058358088968449 -5.1
      vertex -2.5193817051261074 -1.3850418130424318 -3.6
      vertex -2.673107396928723 -1.058358088968449 -3.6
    endloop
  endfacet
  facet normal -0.9510565162951539 -0.3090169943749465 0
    outer loop
      vertex -2.7846765882448143 -0.7149834255989577 -5.1
      vertex -2.673107396928723 -1.058358088968449 -3.6
      vertex -2.7846765882448143 -0.7149834255989577 -3.6
    endloop
  endfacet
  facet normal -0.9822872507286885 -0.18738131458572477 0
    outer loop
      vertex -2.852329766279124 -0.3603330464973742 -5.1
      vertex -2.7846765882448143 -0.7149834255989577 -3.6
      vertex -2.852329766279124 -0.3603330464973742 -3.6
    endloop
  endfacet
  facet normal -0.9980267284282714 -0.06279051952931329 0
    outer loop
      vertex -2.852329766279124 -0.3603330464973742 -3.6
      vertex -2.875 0 -3.6
      vertex -2.875 0 -5.1
    endloop
  endfacet
  facet normal -0.481753674101715 -0.8763066800438638 0
    outer loop
      vertex -1.2241154632495832 -2.6013777758398064 -5.1
      vertex -1.2241154632495832 -2.6013777758398064 -3.6
      vertex -1.5405020355646157 -2.427442785818293 -5.1
    endloop
  endfacet
  facet normal -0.3681245526846772 -0.9297764858882517 0
    outer loop
      vertex -1.2241154632495832 -2.6013777758398064 -5.1
      vertex -0.8884238588279738 -2.7342874843485663 -5.1
      vertex -0.8884238588279738 -2.7342874843485663 -3.6
    endloop
  endfacet
  facet normal -0.24868988716485577 -0.9685831611286309 0
    outer loop
      vertex -0.8884238588279738 -2.7342874843485663 -5.1
      vertex -0.5387212794339589 -2.82407584584498 -5.1
      vertex -0.5387212794339589 -2.82407584584498 -3.6
    endloop
  endfacet
  facet normal -0.12533323356430498 -0.9921147013144777 0
    outer loop
      vertex -0.5387212794339589 -2.82407584584498 -5.1
      vertex -0.18052274364677706 -2.869326844231281 -5.1
      vertex -0.18052274364677706 -2.869326844231281 -3.6
    endloop
  endfacet
  facet normal -0.3681245526846772 -0.9297764858882517 0
    outer loop
      vertex -1.2241154632495832 -2.6013777758398064 -5.1
      vertex -0.8884238588279738 -2.7342874843485663 -3.6
      vertex -1.2241154632495832 -2.6013777758398064 -3.6
    endloop
  endfacet
  facet normal -0.24868988716485577 -0.9685831611286309 0
    outer loop
      vertex -0.8884238588279738 -2.7342874843485663 -5.1
      vertex -0.5387212794339589 -2.82407584584498 -3.6
      vertex -0.8884238588279738 -2.7342874843485663 -3.6
    endloop
  endfacet
  facet normal -0.12533323356430498 -0.9921147013144777 0
    outer loop
      vertex -0.5387212794339589 -2.82407584584498 -5.1
      vertex -0.18052274364677706 -2.869326844231281 -3.6
      vertex -0.5387212794339589 -2.82407584584498 -3.6
    endloop
  endfacet
  facet normal 0 -1 0
    outer loop
      vertex -0.18052274364677706 -2.869326844231281 -5.1
      vertex 0.18052274364677706 -2.869326844231281 -3.6
      vertex -0.18052274364677706 -2.869326844231281 -3.6
    endloop
  endfacet
  facet normal 0 0 -1
    outer loop
      vertex -1.2241154632495832 -2.6013777758398064 -5.1
      vertex -1.5405020355646157 -2.427442785818293 -5.1
      vertex -1.1299013725031881 -1.0610480141894671 -5.1
    endloop
  endfacet
  facet normal 0 0 -1
    outer loop
      vertex -1.8325939705274827 -2.2152255729803945 -5.1
      vertex -1.5377777870374407 -0.1942665120246713 -5.1
      vertex -1.5405020355646157 -2.427442785818293 -5.1
    endloop
  endfacet
  facet normal 0 0 -1
    outer loop
      vertex -1.5405020355646157 -2.427442785818293 -5.1
      vertex -1.4411535531267898 -0.5705930566612507 -5.1
      vertex -1.3582753540679884 -0.7467181948576589 -5.1
    endloop
  endfacet
  facet normal 0 0 -1
    outer loop
      vertex -1.5405020355646157 -2.427442785818293 -5.1
      vertex -1.2539763412811686 -0.9110671410533334 -5.1
      vertex -1.1299013725031881 -1.0610480141894671 -5.1
    endloop
  endfacet
  facet normal 0 0 -1
    outer loop
      vertex -1.5405020355646157 -2.427442785818293 -5.1
      vertex -1.3582753540679884 -0.7467181948576589 -5.1
      vertex -1.2539763412811686 -0.9110671410533334 -5.1
    endloop
  endfacet
  facet normal -0.7705132427757893 -0.6374239897486896 0
    outer loop
      vertex -2.0957848038365587 -1.9680729295449795 -5.1
      vertex -2.0957848038365587 -1.9680729295449795 -3.6
      vertex -2.325923858827974 -1.6898826003408602 -5.1
    endloop
  endfacet
  facet normal -0.684547105928689 -0.7289686274214113 0
    outer loop
      vertex -2.0957848038365587 -1.9680729295449795 -5.1
      vertex -1.8325939705274827 -2.2152255729803945 -5.1
      vertex -1.8325939705274827 -2.2152255729803945 -3.6
    endloop
  endfacet
  facet normal -0.8443279255020156 -0.5358267949789959 0
    outer loop
      vertex -2.5193817051261074 -1.3850418130424318 -5.1
      vertex -2.325923858827974 -1.6898826003408602 -5.1
      vertex -2.325923858827974 -1.6898826003408602 -3.6
    endloop
  endfacet
  facet normal -0.5877852522924728 -0.8090169943749476 0
    outer loop
      vertex -1.8325939705274827 -2.2152255729803945 -5.1
      vertex -1.5405020355646157 -2.427442785818293 -5.1
      vertex -1.5405020355646157 -2.427442785818293 -3.6
    endloop
  endfacet
  facet normal 0 0 -1
    outer loop
      vertex -2.0957848038365587 -1.9680729295449795 -5.1
      vertex -1.8325939705274827 2.2152255729803945 -5.1
      vertex -1.8325939705274827 -2.2152255729803945 -5.1
    endloop
  endfacet
  facet normal 0 0 -1
    outer loop
      vertex -2.5193817051261074 -1.3850418130424318 -5.1
      vertex -2.325923858827974 1.6898826003408602 -5.1
      vertex -2.325923858827974 -1.6898826003408602 -5.1
    endloop
  endfacet
  facet normal 0 0 -1
    outer loop
      vertex -2.0957848038365587 -1.9680729295449795 -5.1
      vertex -2.325923858827974 -1.6898826003408602 -5.1
      vertex -2.0957848038365587 1.9680729295449795 -5.1
    endloop
  endfacet
  facet normal 0 0 -1
    outer loop
      vertex -1.8325939705274827 -2.2152255729803945 -5.1
      vertex -1.55 0 -5.1
      vertex -1.5377777870374407 -0.1942665120246713 -5.1
    endloop
  endfacet
  facet normal 0 0 -1
    outer loop
      vertex -1.5405020355646157 -2.427442785818293 -5.1
      vertex -1.5013038997493782 -0.385469325105525 -5.1
      vertex -1.4411535531267898 -0.5705930566612507 -5.1
    endloop
  endfacet
  facet normal 0 0 -1
    outer loop
      vertex -1.5405020355646157 -2.427442785818293 -5.1
      vertex -1.5377777870374407 -0.1942665120246713 -5.1
      vertex -1.5013038997493782 -0.385469325105525 -5.1
    endloop
  endfacet
  facet normal 0 0 -1
    outer loop
      vertex -1.2241154632495832 -2.6013777758398064 -5.1
      vertex -0.830531532217445 -1.3087082845281233 -5.1
      vertex -0.8884238588279738 -2.7342874843485663 -5.1
    endloop
  endfacet
  facet normal 0 0 -1
    outer loop
      vertex -0.8884238588279738 -2.7342874843485663 -5.1
      vertex -0.47897634128116845 -1.474137600257488 -5.1
      vertex -0.5387212794339589 -2.82407584584498 -5.1
    endloop
  endfacet
  facet normal 0 0 -1
    outer loop
      vertex -1.2241154632495832 -2.6013777758398064 -5.1
      vertex -1.1299013725031881 -1.0610480141894671 -5.1
      vertex -0.988007184110469 -1.1942955263024735 -5.1
    endloop
  endfacet
  facet normal 0 0 -1
    outer loop
      vertex -1.2241154632495832 -2.6013777758398064 -5.1
      vertex -0.988007184110469 -1.1942955263024735 -5.1
      vertex -0.830531532217445 -1.3087082845281233 -5.1
    endloop
  endfacet
  facet normal 0 0 -1
    outer loop
      vertex -0.8884238588279738 -2.7342874843485663 -5.1
      vertex -0.830531532217445 -1.3087082845281233 -5.1
      vertex -0.6599579019258623 -1.4024819313223305 -5.1
    endloop
  endfacet
  facet normal 0 0 -1
    outer loop
      vertex -0.8884238588279738 -2.7342874843485663 -5.1
      vertex -0.6599579019258623 -1.4024819313223305 -5.1
      vertex -0.47897634128116845 -1.474137600257488 -5.1
    endloop
  endfacet
  facet normal 0 0 -1
    outer loop
      vertex -0.5387212794339589 -2.82407584584498 -5.1
      vertex -0.47897634128116845 -1.474137600257488 -5.1
      vertex -0.2904410376078735 -1.5225452386294673 -5.1
    endloop
  endfacet
  facet normal 0 0 -1
    outer loop
      vertex -0.5387212794339589 -2.82407584584498 -5.1
      vertex -0.09732530527043634 -1.546941429063821 -5.1
      vertex -0.18052274364677706 -2.869326844231281 -5.1
    endloop
  endfacet
  facet normal 0 0 -1
    outer loop
      vertex -0.5387212794339589 -2.82407584584498 -5.1
      vertex -0.2904410376078735 -1.5225452386294673 -5.1
      vertex -0.09732530527043634 -1.546941429063821 -5.1
    endloop
  endfacet
  facet normal 0 0 -1
    outer loop
      vertex -0.18052274364677706 -2.869326844231281 -5.1
      vertex -0.09732530527043634 -1.546941429063821 -5.1
      vertex 0.09732530527043634 -1.546941429063821 -5.1
    endloop
  endfacet
  facet normal -0.684547105928689 -0.7289686274214113 0
    outer loop
      vertex -2.0957848038365587 -1.9680729295449795 -5.1
      vertex -1.8325939705274827 -2.2152255729803945 -3.6
      vertex -2.0957848038365587 -1.9680729295449795 -3.6
    endloop
  endfacet
  facet normal -0.7705132427757893 -0.6374239897486896 0
    outer loop
      vertex -2.325923858827974 -1.6898826003408602 -5.1
      vertex -2.0957848038365587 -1.9680729295449795 -3.6
      vertex -2.325923858827974 -1.6898826003408602 -3.6
    endloop
  endfacet
  facet normal -0.8443279255020156 -0.5358267949789959 0
    outer loop
      vertex -2.5193817051261074 -1.3850418130424318 -5.1
      vertex -2.325923858827974 -1.6898826003408602 -3.6
      vertex -2.5193817051261074 -1.3850418130424318 -3.6
    endloop
  endfacet
  facet normal -0.5877852522924728 -0.8090169943749476 0
    outer loop
      vertex -1.8325939705274827 -2.2152255729803945 -5.1
      vertex -1.5405020355646157 -2.427442785818293 -3.6
      vertex -1.8325939705274827 -2.2152255729803945 -3.6
    endloop
  endfacet
  facet normal -0.481753674101715 -0.8763066800438638 0
    outer loop
      vertex -1.5405020355646157 -2.427442785818293 -5.1
      vertex -1.2241154632495832 -2.6013777758398064 -3.6
      vertex -1.5405020355646157 -2.427442785818293 -3.6
    endloop
  endfacet
  facet normal 0 0 -1
    outer loop
      vertex -2.852329766279124 -0.3603330464973742 -5.1
      vertex -2.875 0 -5.1
      vertex -2.852329766279124 0.3603330464973742 -5.1
    endloop
  endfacet
  facet normal 0 0 -1
    outer loop
      vertex -2.852329766279124 -0.3603330464973742 -5.1
      vertex -2.852329766279124 0.3603330464973742 -5.1
      vertex -2.7846765882448143 0.7149834255989577 -5.1
    endloop
  endfacet
  facet normal 0 0 -1
    outer loop
      vertex -2.7846765882448143 -0.7149834255989577 -5.1
      vertex -2.7846765882448143 0.7149834255989577 -5.1
      vertex -2.673107396928723 1.058358088968449 -5.1
    endloop
  endfacet
  facet normal 0 0 -1
    outer loop
      vertex -2.673107396928723 -1.058358088968449 -5.1
      vertex -2.673107396928723 1.058358088968449 -5.1
      vertex -2.5193817051261074 1.3850418130424318 -5.1
    endloop
  endfacet
  facet normal -0.9980267284282714 0.06279051952931329 0
    outer loop
      vertex -2.875 0 -5.1
      vertex -2.875 0 -3.6
      vertex -2.852329766279124 0.3603330464973742 -5.1
    endloop
  endfacet
  facet normal -0.9822872507286885 0.18738131458572477 0
    outer loop
      vertex -2.852329766279124 0.3603330464973742 -5.1
      vertex -2.852329766279124 0.3603330464973742 -3.6
      vertex -2.7846765882448143 0.7149834255989577 -5.1
    endloop
  endfacet
  facet normal -0.9510565162951539 0.3090169943749465 0
    outer loop
      vertex -2.7846765882448143 0.7149834255989577 -5.1
      vertex -2.7846765882448143 0.7149834255989577 -3.6
      vertex -2.673107396928723 1.058358088968449 -5.1
    endloop
  endfacet
  facet normal -0.904827052466019 0.4257792915650739 0
    outer loop
      vertex -2.673107396928723 1.058358088968449 -5.1
      vertex -2.673107396928723 1.058358088968449 -3.6
      vertex -2.5193817051261074 1.3850418130424318 -5.1
    endloop
  endfacet
  facet normal -0.9980267284282714 0.06279051952931329 0
    outer loop
      vertex -2.852329766279124 0.3603330464973742 -5.1
      vertex -2.875 0 -3.6
      vertex -2.852329766279124 0.3603330464973742 -3.6
    endloop
  endfacet
  facet normal -0.9822872507286885 0.18738131458572477 0
    outer loop
      vertex -2.7846765882448143 0.7149834255989577 -5.1
      vertex -2.852329766279124 0.3603330464973742 -3.6
      vertex -2.7846765882448143 0.7149834255989577 -3.6
    endloop
  endfacet
  facet normal -0.9510565162951539 0.3090169943749465 0
    outer loop
      vertex -2.673107396928723 1.058358088968449 -5.1
      vertex -2.7846765882448143 0.7149834255989577 -3.6
      vertex -2.673107396928723 1.058358088968449 -3.6
    endloop
  endfacet
  facet normal -0.904827052466019 0.4257792915650739 0
    outer loop
      vertex -2.5193817051261074 1.3850418130424318 -5.1
      vertex -2.673107396928723 1.058358088968449 -3.6
      vertex -2.5193817051261074 1.3850418130424318 -3.6
    endloop
  endfacet
  facet normal 0 0 -1
    outer loop
      vertex -2.5193817051261074 -1.3850418130424318 -5.1
      vertex -2.5193817051261074 1.3850418130424318 -5.1
      vertex -2.325923858827974 1.6898826003408602 -5.1
    endloop
  endfacet
  facet normal 0 0 -1
    outer loop
      vertex -2.325923858827974 -1.6898826003408602 -5.1
      vertex -2.325923858827974 1.6898826003408602 -5.1
      vertex -2.0957848038365587 1.9680729295449795 -5.1
    endloop
  endfacet
  facet normal 0 0 -1
    outer loop
      vertex -2.0957848038365587 -1.9680729295449795 -5.1
      vertex -2.0957848038365587 1.9680729295449795 -5.1
      vertex -1.8325939705274827 2.2152255729803945 -5.1
    endloop
  endfacet
  facet normal 0 0 -1
    outer loop
      vertex -1.8325939705274827 -2.2152255729803945 -5.1
      vertex -1.5405020355646157 2.427442785818293 -5.1
      vertex -1.55 0 -5.1
    endloop
  endfacet
  facet normal 0 0 -1
    outer loop
      vertex -1.8325939705274827 -2.2152255729803945 -5.1
      vertex -1.8325939705274827 2.2152255729803945 -5.1
      vertex -1.5405020355646157 2.427442785818293 -5.1
    endloop
  endfacet
  facet normal 0 0 -1
    outer loop
      vertex -1.5405020355646157 2.427442785818293 -5.1
      vertex -1.5377777870374407 0.1942665120246713 -5.1
      vertex -1.55 0 -5.1
    endloop
  endfacet
  facet normal 0 0 -1
    outer loop
      vertex -1.5405020355646157 2.427442785818293 -5.1
      vertex -1.5013038997493782 0.385469325105525 -5.1
      vertex -1.5377777870374407 0.1942665120246713 -5.1
    endloop
  endfacet
  facet normal 0 0 -1
    outer loop
      vertex -1.5405020355646157 2.427442785818293 -5.1
      vertex -1.4411535531267898 0.5705930566612507 -5.1
      vertex -1.5013038997493782 0.385469325105525 -5.1
    endloop
  endfacet
  facet normal 0 0 -1
    outer loop
      vertex -1.5405020355646157 2.427442785818293 -5.1
      vertex -1.3582753540679884 0.7467181948576589 -5.1
      vertex -1.4411535531267898 0.5705930566612507 -5.1
    endloop
  endfacet
  facet normal 0 0 -1
    outer loop
      vertex -1.224115463249584 2.601377775839806 -5.1
      vertex -1.2539763412811686 0.9110671410533334 -5.1
      vertex -1.3582753540679884 0.7467181948576589 -5.1
    endloop
  endfacet
  facet normal 0 0 -1
    outer loop
      vertex -1.5405020355646157 2.427442785818293 -5.1
      vertex -1.224115463249584 2.601377775839806 -5.1
      vertex -1.3582753540679884 0.7467181948576589 -5.1
    endloop
  endfacet
  facet normal -0.8443279255020156 0.5358267949789959 0
    outer loop
      vertex -2.5193817051261074 1.3850418130424318 -5.1
      vertex -2.5193817051261074 1.3850418130424318 -3.6
      vertex -2.325923858827974 1.6898826003408602 -5.1
    endloop
  endfacet
  facet normal -0.7705132427757893 0.6374239897486896 0
    outer loop
      vertex -2.325923858827974 1.6898826003408602 -5.1
      vertex -2.325923858827974 1.6898826003408602 -3.6
      vertex -2.0957848038365587 1.9680729295449795 -5.1
    endloop
  endfacet
  facet normal -0.684547105928689 0.7289686274214113 0
    outer loop
      vertex -2.0957848038365587 1.9680729295449795 -5.1
      vertex -2.0957848038365587 1.9680729295449795 -3.6
      vertex -1.8325939705274827 2.2152255729803945 -5.1
    endloop
  endfacet
  facet normal -0.5877852522924728 0.8090169943749476 0
    outer loop
      vertex -1.8325939705274827 2.2152255729803945 -5.1
      vertex -1.8325939705274827 2.2152255729803945 -3.6
      vertex -1.5405020355646157 2.427442785818293 -5.1
    endloop
  endfacet
  facet normal -0.48175367410171505 0.8763066800438637 0
    outer loop
      vertex -1.5405020355646157 2.427442785818293 -5.1
      vertex -1.5405020355646157 2.427442785818293 -3.6
      vertex -1.224115463249584 2.601377775839806 -5.1
    endloop
  endfacet
  facet normal 0 0 -1
    outer loop
      vertex -1.224115463249584 2.601377775839806 -5.1
      vertex -1.1299013725031881 1.0610480141894671 -5.1
      vertex -1.2539763412811686 0.9110671410533334 -5.1
    endloop
  endfacet
  facet normal 0 0 -1
    outer loop
      vertex -1.224115463249584 2.601377775839806 -5.1
      vertex -0.988007184110469 1.1942955263024735 -5.1
      vertex -1.1299013725031881 1.0610480141894671 -5.1
    endloop
  endfacet
  facet normal 0 0 -1
    outer loop
      vertex -0.8884238588279738 2.7342874843485663 -5.1
      vertex -0.830531532217445 1.3087082845281233 -5.1
      vertex -0.988007184110469 1.1942955263024735 -5.1
    endloop
  endfacet
  facet normal 0 0 -1
    outer loop
      vertex -0.8884238588279738 2.7342874843485663 -5.1
      vertex -0.6599579019258627 1.4024819313223302 -5.1
      vertex -0.830531532217445 1.3087082845281233 -5.1
    endloop
  endfacet
  facet normal 0 0 -1
    outer loop
      vertex -1.224115463249584 2.601377775839806 -5.1
      vertex -0.8884238588279738 2.7342874843485663 -5.1
      vertex -0.988007184110469 1.1942955263024735 -5.1
    endloop
  endfacet
  facet normal 0 0 -1
    outer loop
      vertex -0.8884238588279738 2.7342874843485663 -5.1
      vertex -0.5387212794339582 2.82407584584498 -5.1
      vertex -0.6599579019258627 1.4024819313223302 -5.1
    endloop
  endfacet
  facet normal 0 0 -1
    outer loop
      vertex -0.5387212794339582 2.82407584584498 -5.1
      vertex -0.47897634128116845 1.474137600257488 -5.1
      vertex -0.6599579019258627 1.4024819313223302 -5.1
    endloop
  endfacet
  facet normal 0 0 -1
    outer loop
      vertex -0.5387212794339582 2.82407584584498 -5.1
      vertex -0.2904410376078731 1.5225452386294676 -5.1
      vertex -0.47897634128116845 1.474137600257488 -5.1
    endloop
  endfacet
  facet normal 0 0 -1
    outer loop
      vertex -0.5387212794339582 2.82407584584498 -5.1
      vertex -0.18052274364677567 2.869326844231281 -5.1
      vertex -0.2904410376078731 1.5225452386294676 -5.1
    endloop
  endfacet
  facet normal 0 0 -1
    outer loop
      vertex -0.18052274364677567 2.869326844231281 -5.1
      vertex -0.09732530527043558 1.546941429063821 -5.1
      vertex -0.2904410376078731 1.5225452386294676 -5.1
    endloop
  endfacet
  facet normal 0 0 -1
    outer loop
      vertex -0.18052274364677567 2.869326844231281 -5.1
      vertex 0.18052274364677567 2.869326844231281 -5.1
      vertex -0.09732530527043558 1.546941429063821 -5.1
    endloop
  endfacet
  facet normal -0.8443279255020156 0.5358267949789959 0
    outer loop
      vertex -2.325923858827974 1.6898826003408602 -5.1
      vertex -2.5193817051261074 1.3850418130424318 -3.6
      vertex -2.325923858827974 1.6898826003408602 -3.6
    endloop
  endfacet
  facet normal -0.7705132427757893 0.6374239897486896 0
    outer loop
      vertex -2.0957848038365587 1.9680729295449795 -5.1
      vertex -2.325923858827974 1.6898826003408602 -3.6
      vertex -2.0957848038365587 1.9680729295449795 -3.6
    endloop
  endfacet
  facet normal -0.684547105928689 0.7289686274214113 0
    outer loop
      vertex -1.8325939705274827 2.2152255729803945 -5.1
      vertex -2.0957848038365587 1.9680729295449795 -3.6
      vertex -1.8325939705274827 2.2152255729803945 -3.6
    endloop
  endfacet
  facet normal -0.5877852522924728 0.8090169943749476 0
    outer loop
      vertex -1.5405020355646157 2.427442785818293 -5.1
      vertex -1.8325939705274827 2.2152255729803945 -3.6
      vertex -1.5405020355646157 2.427442785818293 -3.6
    endloop
  endfacet
  facet normal -0.36812455268467736 0.9297764858882515 0
    outer loop
      vertex -1.224115463249584 2.601377775839806 -5.1
      vertex -1.224115463249584 2.601377775839806 -3.6
      vertex -0.8884238588279738 2.7342874843485663 -5.1
    endloop
  endfacet
  facet normal -0.24868988716485532 0.9685831611286309 0
    outer loop
      vertex -0.8884238588279738 2.7342874843485663 -5.1
      vertex -0.8884238588279738 2.7342874843485663 -3.6
      vertex -0.5387212794339582 2.82407584584498 -5.1
    endloop
  endfacet
  facet normal -0.12533323356430473 0.9921147013144778 0
    outer loop
      vertex -0.5387212794339582 2.82407584584498 -5.1
      vertex -0.5387212794339582 2.82407584584498 -3.6
      vertex -0.18052274364677567 2.869326844231281 -5.1
    endloop
  endfacet
  facet normal 0 1 0
    outer loop
      vertex -0.18052274364677567 2.869326844231281 -5.1
      vertex -0.18052274364677567 2.869326844231281 -3.6
      vertex 0.18052274364677567 2.869326844231281 -5.1
    endloop
  endfacet
  facet normal -0.48175367410171505 0.8763066800438637 0
    outer loop
      vertex -1.224115463249584 2.601377775839806 -5.1
      vertex -1.5405020355646157 2.427442785818293 -3.6
      vertex -1.224115463249584 2.601377775839806 -3.6
    endloop
  endfacet
  facet normal -0.36812455268467736 0.9297764858882515 0
    outer loop
      vertex -0.8884238588279738 2.7342874843485663 -5.1
      vertex -1.224115463249584 2.601377775839806 -3.6
      vertex -0.8884238588279738 2.7342874843485663 -3.6
    endloop
  endfacet
  facet normal -0.24868988716485532 0.9685831611286309 0
    outer loop
      vertex -0.5387212794339582 2.82407584584498 -5.1
      vertex -0.8884238588279738 2.7342874843485663 -3.6
      vertex -0.5387212794339582 2.82407584584498 -3.6
    endloop
  endfacet
  facet normal -0.12533323356430473 0.9921147013144778 0
    outer loop
      vertex -0.18052274364677567 2.869326844231281 -5.1
      vertex -0.5387212794339582 2.82407584584498 -3.6
      vertex -0.18052274364677567 2.869326844231281 -3.6
    endloop
  endfacet
  facet normal 0 -1 0
    outer loop
      vertex -0.18052274364677706 -2.869326844231281 -5.1
      vertex 0.18052274364677706 -2.869326844231281 -5.1
      vertex 0.18052274364677706 -2.869326844231281 -3.6
    endloop
  endfacet
  facet normal 0.12533323356430498 -0.9921147013144777 0
    outer loop
      vertex 0.18052274364677706 -2.869326844231281 -5.1
      vertex 0.5387212794339589 -2.82407584584498 -5.1
      vertex 0.5387212794339589 -2.82407584584498 -3.6
    endloop
  endfacet
  facet normal 0.24868988716485577 -0.9685831611286309 0
    outer loop
      vertex 0.5387212794339589 -2.82407584584498 -5.1
      vertex 0.8884238588279738 -2.7342874843485663 -5.1
      vertex 0.8884238588279738 -2.7342874843485663 -3.6
    endloop
  endfacet
  facet normal 0.3681245526846772 -0.9297764858882517 0
    outer loop
      vertex 0.8884238588279738 -2.7342874843485663 -5.1
      vertex 1.2241154632495832 -2.6013777758398064 -5.1
      vertex 1.2241154632495832 -2.6013777758398064 -3.6
    endloop
  endfacet
  facet normal 0.12533323356430498 -0.9921147013144777 0
    outer loop
      vertex 0.18052274364677706 -2.869326844231281 -5.1
      vertex 0.5387212794339589 -2.82407584584498 -3.6
      vertex 0.18052274364677706 -2.869326844231281 -3.6
    endloop
  endfacet
  facet normal 0.24868988716485577 -0.9685831611286309 0
    outer loop
      vertex 0.5387212794339589 -2.82407584584498 -5.1
      vertex 0.8884238588279738 -2.7342874843485663 -3.6
      vertex 0.5387212794339589 -2.82407584584498 -3.6
    endloop
  endfacet
  facet normal 0.3681245526846772 -0.9297764858882517 0
    outer loop
      vertex 0.8884238588279738 -2.7342874843485663 -5.1
      vertex 1.2241154632495832 -2.6013777758398064 -3.6
      vertex 0.8884238588279738 -2.7342874843485663 -3.6
    endloop
  endfacet
  facet normal 0.48175367410171493 -0.8763066800438638 0
    outer loop
      vertex 1.2241154632495832 -2.6013777758398064 -5.1
      vertex 1.5405020355646142 -2.427442785818294 -3.6
      vertex 1.2241154632495832 -2.6013777758398064 -3.6
    endloop
  endfacet
  facet normal 0 0 -1
    outer loop
      vertex -0.18052274364677706 -2.869326844231281 -5.1
      vertex 0.09732530527043634 -1.546941429063821 -5.1
      vertex 0.18052274364677706 -2.869326844231281 -5.1
    endloop
  endfacet
  facet normal 0 0 -1
    outer loop
      vertex 0.18052274364677706 -2.869326844231281 -5.1
      vertex 0.09732530527043634 -1.546941429063821 -5.1
      vertex 0.2904410376078735 -1.5225452386294673 -5.1
    endloop
  endfacet
  facet normal 0 0 -1
    outer loop
      vertex 0.18052274364677706 -2.869326844231281 -5.1
      vertex 0.2904410376078735 -1.5225452386294673 -5.1
      vertex 0.5387212794339589 -2.82407584584498 -5.1
    endloop
  endfacet
  facet normal 0 0 -1
    outer loop
      vertex 0.5387212794339589 -2.82407584584498 -5.1
      vertex 0.2904410376078735 -1.5225452386294673 -5.1
      vertex 0.47897634128116845 -1.474137600257488 -5.1
    endloop
  endfacet
  facet normal 0 0 -1
    outer loop
      vertex 0.5387212794339589 -2.82407584584498 -5.1
      vertex 0.47897634128116845 -1.474137600257488 -5.1
      vertex 0.6599579019258623 -1.4024819313223305 -5.1
    endloop
  endfacet
  facet normal 0 0 -1
    outer loop
      vertex 0.5387212794339589 -2.82407584584498 -5.1
      vertex 0.6599579019258623 -1.4024819313223305 -5.1
      vertex 0.8884238588279738 -2.7342874843485663 -5.1
    endloop
  endfacet
  facet normal 0 0 -1
    outer loop
      vertex 0.8884238588279738 -2.7342874843485663 -5.1
      vertex 0.9880071841104695 -1.194295526302473 -5.1
      vertex 1.2241154632495832 -2.6013777758398064 -5.1
    endloop
  endfacet
  facet normal 0 0 -1
    outer loop
      vertex 0.8884238588279738 -2.7342874843485663 -5.1
      vertex 0.6599579019258623 -1.4024819313223305 -5.1
      vertex 0.8305315322174441 -1.3087082845281237 -5.1
    endloop
  endfacet
  facet normal 0 0 -1
    outer loop
      vertex 0.8884238588279738 -2.7342874843485663 -5.1
      vertex 0.8305315322174441 -1.3087082845281237 -5.1
      vertex 0.9880071841104695 -1.194295526302473 -5.1
    endloop
  endfacet
  facet normal 0 0 -1
    outer loop
      vertex 1.2241154632495832 -2.6013777758398064 -5.1
      vertex 0.9880071841104695 -1.194295526302473 -5.1
      vertex 1.1299013725031881 -1.0610480141894671 -5.1
    endloop
  endfacet
  facet normal 0 0 -1
    outer loop
      vertex 1.2241154632495832 -2.6013777758398064 -5.1
      vertex 1.1299013725031881 -1.0610480141894671 -5.1
      vertex 1.2539763412811686 -0.9110671410533334 -5.1
    endloop
  endfacet
  facet normal 0 0 -1
    outer loop
      vertex 1.2241154632495832 -2.6013777758398064 -5.1
      vertex 1.3582753540679884 -0.7467181948576589 -5.1
      vertex 1.5405020355646142 -2.427442785818294 -5.1
    endloop
  endfacet
  facet normal 0 0 -1
    outer loop
      vertex 1.2241154632495832 -2.6013777758398064 -5.1
      vertex 1.2539763412811686 -0.9110671410533334 -5.1
      vertex 1.3582753540679884 -0.7467181948576589 -5.1
    endloop
  endfacet
  facet normal 0 0 -1
    outer loop
      vertex 1.5405020355646142 -2.427442785818294 -5.1
      vertex 1.3582753540679884 -0.7467181948576589 -5.1
      vertex 1.4411535531267894 -0.5705930566612515 -5.1
    endloop
  endfacet
  facet normal 0.48175367410171493 -0.8763066800438638 0
    outer loop
      vertex 1.2241154632495832 -2.6013777758398064 -5.1
      vertex 1.5405020355646142 -2.427442785818294 -5.1
      vertex 1.5405020355646142 -2.427442785818294 -3.6
    endloop
  endfacet
  facet normal 0.5877852522924729 -0.8090169943749477 0
    outer loop
      vertex 1.5405020355646142 -2.427442785818294 -5.1
      vertex 1.8325939705274836 -2.2152255729803936 -5.1
      vertex 1.8325939705274836 -2.2152255729803936 -3.6
    endloop
  endfacet
  facet normal 0.6845471059286888 -0.7289686274214114 0
    outer loop
      vertex 1.8325939705274836 -2.2152255729803936 -5.1
      vertex 2.0957848038365587 -1.9680729295449795 -5.1
      vertex 2.0957848038365587 -1.9680729295449795 -3.6
    endloop
  endfacet
  facet normal 0.7705132427757893 -0.6374239897486896 0
    outer loop
      vertex 2.0957848038365587 -1.9680729295449795 -5.1
      vertex 2.325923858827974 -1.6898826003408602 -5.1
      vertex 2.325923858827974 -1.6898826003408602 -3.6
    endloop
  endfacet
  facet normal 0.8443279255020156 -0.5358267949789959 0
    outer loop
      vertex 2.325923858827974 -1.6898826003408602 -5.1
      vertex 2.5193817051261074 -1.3850418130424318 -5.1
      vertex 2.5193817051261074 -1.3850418130424318 -3.6
    endloop
  endfacet
  facet normal 0 0 -1
    outer loop
      vertex 1.5405020355646142 -2.427442785818294 -5.1
      vertex 1.4411535531267894 -0.5705930566612515 -5.1
      vertex 1.5013038997493784 -0.3854693251055244 -5.1
    endloop
  endfacet
  facet normal 0 0 -1
    outer loop
      vertex 1.5405020355646142 -2.427442785818294 -5.1
      vertex 1.5013038997493784 -0.3854693251055244 -5.1
      vertex 1.5377777870374407 -0.1942665120246713 -5.1
    endloop
  endfacet
  facet normal 0 0 -1
    outer loop
      vertex 1.5405020355646142 -2.427442785818294 -5.1
      vertex 1.5377777870374407 -0.1942665120246713 -5.1
      vertex 1.55 0 -5.1
    endloop
  endfacet
  facet normal 0 0 -1
    outer loop
      vertex 1.5405020355646142 -2.427442785818294 -5.1
      vertex 1.832593970527483 2.2152255729803936 -5.1
      vertex 1.8325939705274836 -2.2152255729803936 -5.1
    endloop
  endfacet
  facet normal 0 0 -1
    outer loop
      vertex 1.5405020355646142 -2.427442785818294 -5.1
      vertex 1.55 0 -5.1
      vertex 1.832593970527483 2.2152255729803936 -5.1
    endloop
  endfacet
  facet normal 0 0 -1
    outer loop
      vertex 1.8325939705274836 -2.2152255729803936 -5.1
      vertex 2.0957848038365583 1.9680729295449801 -5.1
      vertex 2.0957848038365587 -1.9680729295449795 -5.1
    endloop
  endfacet
  facet normal 0 0 -1
    outer loop
      vertex 2.0957848038365587 -1.9680729295449795 -5.1
      vertex 2.325923858827974 1.6898826003408602 -5.1
      vertex 2.325923858827974 -1.6898826003408602 -5.1
    endloop
  endfacet
  facet normal 0 0 -1
    outer loop
      vertex 2.325923858827974 -1.6898826003408602 -5.1
      vertex 2.519381705126108 1.3850418130424316 -5.1
      vertex 2.5193817051261074 -1.3850418130424318 -5.1
    endloop
  endfacet
  facet normal 0.5877852522924729 -0.8090169943749477 0
    outer loop
      vertex 1.5405020355646142 -2.427442785818294 -5.1
      vertex 1.8325939705274836 -2.2152255729803936 -3.6
      vertex 1.5405020355646142 -2.427442785818294 -3.6
    endloop
  endfacet
  facet normal 0.6845471059286888 -0.7289686274214114 0
    outer loop
      vertex 1.8325939705274836 -2.2152255729803936 -5.1
      vertex 2.0957848038365587 -1.9680729295449795 -3.6
      vertex 1.8325939705274836 -2.2152255729803936 -3.6
    endloop
  endfacet
  facet normal 0.7705132427757893 -0.6374239897486896 0
    outer loop
      vertex 2.0957848038365587 -1.9680729295449795 -5.1
      vertex 2.325923858827974 -1.6898826003408602 -3.6
      vertex 2.0957848038365587 -1.9680729295449795 -3.6
    endloop
  endfacet
  facet normal 0.8443279255020156 -0.5358267949789959 0
    outer loop
      vertex 2.325923858827974 -1.6898826003408602 -5.1
      vertex 2.5193817051261074 -1.3850418130424318 -3.6
      vertex 2.325923858827974 -1.6898826003408602 -3.6
    endloop
  endfacet
  facet normal 0 0 -1
    outer loop
      vertex 2.5193817051261074 -1.3850418130424318 -5.1
      vertex 2.6731073969287227 1.0583580889684492 -5.1
      vertex 2.6731073969287222 -1.0583580889684503 -5.1
    endloop
  endfacet
  facet normal 0 0 -1
    outer loop
      vertex 2.6731073969287222 -1.0583580889684503 -5.1
      vertex 2.7846765882448143 0.7149834255989576 -5.1
      vertex 2.784676588244815 -0.7149834255989564 -5.1
    endloop
  endfacet
  facet normal 0 0 -1
    outer loop
      vertex 2.784676588244815 -0.7149834255989564 -5.1
      vertex 2.852329766279124 0.36033304649737474 -5.1
      vertex 2.852329766279124 -0.3603330464973742 -5.1
    endloop
  endfacet
  facet normal 0.9048270524660192 -0.42577929156507327 0
    outer loop
      vertex 2.5193817051261074 -1.3850418130424318 -5.1
      vertex 2.6731073969287222 -1.0583580889684503 -5.1
      vertex 2.6731073969287222 -1.0583580889684503 -3.6
    endloop
  endfacet
  facet normal 0.9510565162951534 -0.30901699437494773 0
    outer loop
      vertex 2.6731073969287222 -1.0583580889684503 -5.1
      vertex 2.784676588244815 -0.7149834255989564 -5.1
      vertex 2.784676588244815 -0.7149834255989564 -3.6
    endloop
  endfacet
  facet normal 0.9822872507286888 -0.18738131458572424 0
    outer loop
      vertex 2.784676588244815 -0.7149834255989564 -5.1
      vertex 2.852329766279124 -0.3603330464973742 -5.1
      vertex 2.852329766279124 -0.3603330464973742 -3.6
    endloop
  endfacet
  facet normal 0.9980267284282714 -0.06279051952931329 0
    outer loop
      vertex 2.852329766279124 -0.3603330464973742 -5.1
      vertex 2.875 0 -5.1
      vertex 2.875 0 -3.6
    endloop
  endfacet
  facet normal 0.9048270524660192 -0.42577929156507327 0
    outer loop
      vertex 2.5193817051261074 -1.3850418130424318 -5.1
      vertex 2.6731073969287222 -1.0583580889684503 -3.6
      vertex 2.5193817051261074 -1.3850418130424318 -3.6
    endloop
  endfacet
  facet normal 0.9510565162951534 -0.30901699437494773 0
    outer loop
      vertex 2.6731073969287222 -1.0583580889684503 -5.1
      vertex 2.784676588244815 -0.7149834255989564 -3.6
      vertex 2.6731073969287222 -1.0583580889684503 -3.6
    endloop
  endfacet
  facet normal 0.9822872507286888 -0.18738131458572424 0
    outer loop
      vertex 2.784676588244815 -0.7149834255989564 -5.1
      vertex 2.852329766279124 -0.3603330464973742 -3.6
      vertex 2.784676588244815 -0.7149834255989564 -3.6
    endloop
  endfacet
  facet normal 0.9980267284282714 -0.06279051952931329 0
    outer loop
      vertex 2.852329766279124 -0.3603330464973742 -5.1
      vertex 2.875 0 -3.6
      vertex 2.852329766279124 -0.3603330464973742 -3.6
    endloop
  endfacet
  facet normal 0 0 -1
    outer loop
      vertex 0.18052274364677567 2.869326844231281 -5.1
      vertex 0.09732530527043526 1.546941429063821 -5.1
      vertex -0.09732530527043558 1.546941429063821 -5.1
    endloop
  endfacet
  facet normal 0 0 -1
    outer loop
      vertex 0.5387212794339582 2.82407584584498 -5.1
      vertex 0.2904410376078731 1.5225452386294676 -5.1
      vertex 0.09732530527043526 1.546941429063821 -5.1
    endloop
  endfacet
  facet normal 0 0 -1
    outer loop
      vertex 0.18052274364677567 2.869326844231281 -5.1
      vertex 0.5387212794339582 2.82407584584498 -5.1
      vertex 0.09732530527043526 1.546941429063821 -5.1
    endloop
  endfacet
  facet normal 0 0 -1
    outer loop
      vertex 0.5387212794339582 2.82407584584498 -5.1
      vertex 0.47897634128116845 1.474137600257488 -5.1
      vertex 0.2904410376078731 1.5225452386294676 -5.1
    endloop
  endfacet
  facet normal 0 0 -1
    outer loop
      vertex 0.8884238588279738 2.7342874843485663 -5.1
      vertex 0.6599579019258627 1.4024819313223302 -5.1
      vertex 0.47897634128116845 1.474137600257488 -5.1
    endloop
  endfacet
  facet normal 0 0 -1
    outer loop
      vertex 0.8884238588279738 2.7342874843485663 -5.1
      vertex 0.8305315322174448 1.3087082845281235 -5.1
      vertex 0.6599579019258627 1.4024819313223302 -5.1
    endloop
  endfacet
  facet normal 0 0 -1
    outer loop
      vertex 1.224115463249584 2.601377775839806 -5.1
      vertex 0.9880071841104692 1.1942955263024733 -5.1
      vertex 0.8305315322174448 1.3087082845281235 -5.1
    endloop
  endfacet
  facet normal 0 0 -1
    outer loop
      vertex 1.224115463249584 2.601377775839806 -5.1
      vertex 1.129901372503188 1.0610480141894676 -5.1
      vertex 0.9880071841104692 1.1942955263024733 -5.1
    endloop
  endfacet
  facet normal 0 0 -1
    outer loop
      vertex 0.5387212794339582 2.82407584584498 -5.1
      vertex 0.8884238588279738 2.7342874843485663 -5.1
      vertex 0.47897634128116845 1.474137600257488 -5.1
    endloop
  endfacet
  facet normal 0 0 -1
    outer loop
      vertex 0.8884238588279738 2.7342874843485663 -5.1
      vertex 1.224115463249584 2.601377775839806 -5.1
      vertex 0.8305315322174448 1.3087082845281235 -5.1
    endloop
  endfacet
  facet normal 0 0 -1
    outer loop
      vertex 1.5405020355646153 2.427442785818293 -5.1
      vertex 1.5377777870374407 0.1942665120246716 -5.1
      vertex 1.5013038997493782 0.38546932510552495 -5.1
    endloop
  endfacet
  facet normal 0 0 -1
    outer loop
      vertex 1.5405020355646153 2.427442785818293 -5.1
      vertex 1.5013038997493782 0.38546932510552495 -5.1
      vertex 1.4411535531267896 0.5705930566612509 -5.1
    endloop
  endfacet
  facet normal 0 0 -1
    outer loop
      vertex 1.832593970527483 2.2152255729803936 -5.1
      vertex 1.55 0 -5.1
      vertex 1.5377777870374407 0.1942665120246716 -5.1
    endloop
  endfacet
  facet normal 0 0 -1
    outer loop
      vertex 2.0957848038365587 -1.9680729295449795 -5.1
      vertex 2.0957848038365583 1.9680729295449801 -5.1
      vertex 2.325923858827974 1.6898826003408602 -5.1
    endloop
  endfacet
  facet normal 0 0 -1
    outer loop
      vertex 2.325923858827974 -1.6898826003408602 -5.1
      vertex 2.325923858827974 1.6898826003408602 -5.1
      vertex 2.519381705126108 1.3850418130424316 -5.1
    endloop
  endfacet
  facet normal 0 0 -1
    outer loop
      vertex 1.8325939705274836 -2.2152255729803936 -5.1
      vertex 1.832593970527483 2.2152255729803936 -5.1
      vertex 2.0957848038365583 1.9680729295449801 -5.1
    endloop
  endfacet
  facet normal 0 0 -1
    outer loop
      vertex 1.5405020355646153 2.427442785818293 -5.1
      vertex 1.3582753540679886 0.7467181948576588 -5.1
      vertex 1.2539763412811686 0.9110671410533334 -5.1
    endloop
  endfacet
  facet normal 0 0 -1
    outer loop
      vertex 1.5405020355646153 2.427442785818293 -5.1
      vertex 1.2539763412811686 0.9110671410533334 -5.1
      vertex 1.129901372503188 1.0610480141894676 -5.1
    endloop
  endfacet
  facet normal 0 0 -1
    outer loop
      vertex 1.5405020355646153 2.427442785818293 -5.1
      vertex 1.4411535531267896 0.5705930566612509 -5.1
      vertex 1.3582753540679886 0.7467181948576588 -5.1
    endloop
  endfacet
  facet normal 0 0 -1
    outer loop
      vertex 1.5405020355646153 2.427442785818293 -5.1
      vertex 1.832593970527483 2.2152255729803936 -5.1
      vertex 1.5377777870374407 0.1942665120246716 -5.1
    endloop
  endfacet
  facet normal 0 0 -1
    outer loop
      vertex 1.5405020355646153 2.427442785818293 -5.1
      vertex 1.129901372503188 1.0610480141894676 -5.1
      vertex 1.224115463249584 2.601377775839806 -5.1
    endloop
  endfacet
  facet normal 0.5877852522924736 0.8090169943749471 0
    outer loop
      vertex 1.5405020355646153 2.427442785818293 -5.1
      vertex 1.5405020355646153 2.427442785818293 -3.6
      vertex 1.832593970527483 2.2152255729803936 -5.1
    endloop
  endfacet
  facet normal 0.8443279255020152 0.5358267949789964 0
    outer loop
      vertex 2.325923858827974 1.6898826003408602 -5.1
      vertex 2.325923858827974 1.6898826003408602 -3.6
      vertex 2.519381705126108 1.3850418130424316 -5.1
    endloop
  endfacet
  facet normal 0.6845471059286875 0.7289686274214127 0
    outer loop
      vertex 1.832593970527483 2.2152255729803936 -5.1
      vertex 1.832593970527483 2.2152255729803936 -3.6
      vertex 2.0957848038365583 1.9680729295449801 -5.1
    endloop
  endfacet
  facet normal 0.7705132427757894 0.6374239897486894 0
    outer loop
      vertex 2.325923858827974 1.6898826003408602 -5.1
      vertex 2.0957848038365583 1.9680729295449801 -5.1
      vertex 2.0957848038365583 1.9680729295449801 -3.6
    endloop
  endfacet
  facet normal 0.48175367410171555 0.8763066800438634 0
    outer loop
      vertex 1.5405020355646153 2.427442785818293 -5.1
      vertex 1.224115463249584 2.601377775839806 -3.6
      vertex 1.5405020355646153 2.427442785818293 -3.6
    endloop
  endfacet
  facet normal 0.5877852522924736 0.8090169943749471 0
    outer loop
      vertex 1.832593970527483 2.2152255729803936 -5.1
      vertex 1.5405020355646153 2.427442785818293 -3.6
      vertex 1.832593970527483 2.2152255729803936 -3.6
    endloop
  endfacet
  facet normal 0.8443279255020152 0.5358267949789964 0
    outer loop
      vertex 2.519381705126108 1.3850418130424316 -5.1
      vertex 2.325923858827974 1.6898826003408602 -3.6
      vertex 2.519381705126108 1.3850418130424316 -3.6
    endloop
  endfacet
  facet normal 0.7705132427757894 0.6374239897486894 0
    outer loop
      vertex 2.325923858827974 1.6898826003408602 -5.1
      vertex 2.0957848038365583 1.9680729295449801 -3.6
      vertex 2.325923858827974 1.6898826003408602 -3.6
    endloop
  endfacet
  facet normal 0.6845471059286875 0.7289686274214127 0
    outer loop
      vertex 2.0957848038365583 1.9680729295449801 -5.1
      vertex 1.832593970527483 2.2152255729803936 -3.6
      vertex 2.0957848038365583 1.9680729295449801 -3.6
    endloop
  endfacet
  facet normal 0.12533323356430473 0.9921147013144778 1.4146697234804383e-16
    outer loop
      vertex 0.18052274364677567 2.869326844231281 -5.1
      vertex 0.18052274364677398 2.869326844231281 -3.6
      vertex 0.5387212794339582 2.82407584584498 -5.1
    endloop
  endfacet
  facet normal 0.24868988716485532 0.9685831611286309 0
    outer loop
      vertex 0.5387212794339582 2.82407584584498 -5.1
      vertex 0.5387212794339582 2.82407584584498 -3.6
      vertex 0.8884238588279738 2.7342874843485663 -5.1
    endloop
  endfacet
  facet normal 0.36812455268467736 0.9297764858882515 0
    outer loop
      vertex 0.8884238588279738 2.7342874843485663 -5.1
      vertex 0.8884238588279738 2.7342874843485663 -3.6
      vertex 1.224115463249584 2.601377775839806 -5.1
    endloop
  endfacet
  facet normal 0.48175367410171555 0.8763066800438634 0
    outer loop
      vertex 1.5405020355646153 2.427442785818293 -5.1
      vertex 1.224115463249584 2.601377775839806 -5.1
      vertex 1.224115463249584 2.601377775839806 -3.6
    endloop
  endfacet
  facet normal 0 1 0
    outer loop
      vertex -0.18052274364677567 2.869326844231281 -3.6
      vertex 0.18052274364677398 2.869326844231281 -3.6
      vertex 0.18052274364677567 2.869326844231281 -5.1
    endloop
  endfacet
  facet normal 0.12533323356430415 0.9921147013144778 0
    outer loop
      vertex 0.5387212794339582 2.82407584584498 -5.1
      vertex 0.18052274364677398 2.869326844231281 -3.6
      vertex 0.5387212794339582 2.82407584584498 -3.6
    endloop
  endfacet
  facet normal 0.24868988716485532 0.9685831611286309 0
    outer loop
      vertex 0.8884238588279738 2.7342874843485663 -5.1
      vertex 0.5387212794339582 2.82407584584498 -3.6
      vertex 0.8884238588279738 2.7342874843485663 -3.6
    endloop
  endfacet
  facet normal 0.36812455268467736 0.9297764858882515 0
    outer loop
      vertex 1.224115463249584 2.601377775839806 -5.1
      vertex 0.8884238588279738 2.7342874843485663 -3.6
      vertex 1.224115463249584 2.601377775839806 -3.6
    endloop
  endfacet
  facet normal 0 0 -1
    outer loop
      vertex 2.784676588244815 -0.7149834255989564 -5.1
      vertex 2.7846765882448143 0.7149834255989576 -5.1
      vertex 2.852329766279124 0.36033304649737474 -5.1
    endloop
  endfacet
  facet normal 0 0 -1
    outer loop
      vertex 2.6731073969287222 -1.0583580889684503 -5.1
      vertex 2.6731073969287227 1.0583580889684492 -5.1
      vertex 2.7846765882448143 0.7149834255989576 -5.1
    endloop
  endfacet
  facet normal 0 0 -1
    outer loop
      vertex 2.5193817051261074 -1.3850418130424318 -5.1
      vertex 2.519381705126108 1.3850418130424316 -5.1
      vertex 2.6731073969287227 1.0583580889684492 -5.1
    endloop
  endfacet
  facet normal 0 0 -1
    outer loop
      vertex 2.852329766279124 -0.3603330464973742 -5.1
      vertex 2.852329766279124 0.36033304649737474 -5.1
      vertex 2.875 0 -5.1
    endloop
  endfacet
  facet normal 0.9822872507286885 0.1873813145857251 0
    outer loop
      vertex 2.852329766279124 0.36033304649737474 -5.1
      vertex 2.7846765882448143 0.7149834255989576 -5.1
      vertex 2.7846765882448143 0.7149834255989576 -3.6
    endloop
  endfacet
  facet normal 0.9980267284282714 0.06279051952931321 0
    outer loop
      vertex 2.875 0 -5.1
      vertex 2.852329766279124 0.36033304649737474 -5.1
      vertex 2.852329766279124 0.36033304649737474 -3.6
    endloop
  endfacet
  facet normal 0.9510565162951538 0.3090169943749474 0
    outer loop
      vertex 2.7846765882448143 0.7149834255989576 -5.1
      vertex 2.6731073969287227 1.0583580889684492 -5.1
      vertex 2.6731073969287227 1.0583580889684492 -3.6
    endloop
  endfacet
  facet normal 0.9048270524660196 0.42577929156507227 0
    outer loop
      vertex 2.6731073969287227 1.0583580889684492 -5.1
      vertex 2.519381705126108 1.3850418130424316 -5.1
      vertex 2.519381705126108 1.3850418130424316 -3.6
    endloop
  endfacet
  facet normal 0.9980267284282714 0.06279051952931321 0
    outer loop
      vertex 2.875 0 -5.1
      vertex 2.852329766279124 0.36033304649737474 -3.6
      vertex 2.875 0 -3.6
    endloop
  endfacet
  facet normal 0.9822872507286885 0.1873813145857251 0
    outer loop
      vertex 2.852329766279124 0.36033304649737474 -5.1
      vertex 2.7846765882448143 0.7149834255989576 -3.6
      vertex 2.852329766279124 0.36033304649737474 -3.6
    endloop
  endfacet
  facet normal 0.9510565162951538 0.3090169943749474 0
    outer loop
      vertex 2.7846765882448143 0.7149834255989576 -5.1
      vertex 2.6731073969287227 1.0583580889684492 -3.6
      vertex 2.7846765882448143 0.7149834255989576 -3.6
    endloop
  endfacet
  facet normal 0.9048270524660196 0.42577929156507227 0
    outer loop
      vertex 2.6731073969287227 1.0583580889684492 -5.1
      vertex 2.519381705126108 1.3850418130424316 -3.6
      vertex 2.6731073969287227 1.0583580889684492 -3.6
    endloop
  endfacet
  facet normal 0 0 1
    outer loop
      vertex -1.557899996638298 -2.6983619555830956 -1.9
      vertex -1.3582753540679884 -0.7467181948576589 -1.9
      vertex -1.4411535531267898 -0.5705930566612507 -1.9
    endloop
  endfacet
  facet normal 0 0 1
    outer loop
      vertex -1.557899996638298 -2.6983619555830956 -1.9
      vertex -1.2539763412811686 -0.9110671410533334 -1.9
      vertex -1.3582753540679884 -0.7467181948576589 -1.9
    endloop
  endfacet
  facet normal 0 0 1
    outer loop
      vertex -1.557899996638298 -2.6983619555830956 -1.9
      vertex -1.1299013725031881 -1.0610480141894671 -1.9
      vertex -1.2539763412811686 -0.9110671410533334 -1.9
    endloop
  endfacet
  facet normal 0 0 1
    outer loop
      vertex -1.557899996638298 -2.6983619555830956 -1.9
      vertex -1.4411535531267898 -0.5705930566612507 -1.9
      vertex -1.5013038997493782 -0.385469325105525 -1.9
    endloop
  endfacet
  facet normal 0 0 1
    outer loop
      vertex -1.557899996638298 -2.6983619555830956 -1.9
      vertex -1.5013038997493782 -0.385469325105525 -1.9
      vertex -1.5377777870374407 -0.1942665120246713 -1.9
    endloop
  endfacet
  facet normal 0 0 1
    outer loop
      vertex -1.557899996638298 -2.6983619555830956 -1.9
      vertex -1.5377777870374407 -0.1942665120246713 -1.9
      vertex -1.55 0 -1.9
    endloop
  endfacet
  facet normal 0 0 1
    outer loop
      vertex -1.557899996638298 -2.6983619555830956 -1.9
      vertex -0.2904410376078735 -1.5225452386294673 -1.9
      vertex -0.47897634128116845 -1.474137600257488 -1.9
    endloop
  endfacet
  facet normal 0 0 1
    outer loop
      vertex -1.557899996638298 -2.6983619555830956 -1.9
      vertex -0.09732530527043634 -1.546941429063821 -1.9
      vertex -0.2904410376078735 -1.5225452386294673 -1.9
    endloop
  endfacet
  facet normal 0 0 1
    outer loop
      vertex -1.557899996638298 -2.6983619555830956 -1.9
      vertex -0.830531532217445 -1.3087082845281233 -1.9
      vertex -0.988007184110469 -1.1942955263024735 -1.9
    endloop
  endfacet
  facet normal 0 0 1
    outer loop
      vertex -1.557899996638298 -2.6983619555830956 -1.9
      vertex -0.988007184110469 -1.1942955263024735 -1.9
      vertex -1.1299013725031881 -1.0610480141894671 -1.9
    endloop
  endfacet
  facet normal 0 0 1
    outer loop
      vertex -1.557899996638298 -2.6983619555830956 -1.9
      vertex -0.6599579019258623 -1.4024819313223305 -1.9
      vertex -0.830531532217445 -1.3087082845281233 -1.9
    endloop
  endfacet
  facet normal 0 0 1
    outer loop
      vertex -1.557899996638298 -2.6983619555830956 -1.9
      vertex -0.47897634128116845 -1.474137600257488 -1.9
      vertex -0.6599579019258623 -1.4024819313223305 -1.9
    endloop
  endfacet
  facet normal 0 0 1
    outer loop
      vertex -1.557899996638298 -2.6983619555830956 -1.9
      vertex 1.557899996638298 -2.6983619555830956 -1.9
      vertex -0.09732530527043634 -1.546941429063821 -1.9
    endloop
  endfacet
  facet normal 0.8660254034145013 0.5000000006407503 0
    outer loop
      vertex -1.557899996638298 -2.6983619555830956 -1.9
      vertex -3.1158000007271767 0 -1.9
      vertex -3.1158000007271767 0 0
    endloop
  endfacet
  facet normal 0 1 0
    outer loop
      vertex -1.557899996638298 -2.6983619555830956 -1.9
      vertex -1.557899996638298 -2.6983619555830956 0
      vertex 1.557899996638298 -2.6983619555830956 -1.9
    endloop
  endfacet
  facet normal 0.8660254034145013 0.5000000006407503 0
    outer loop
      vertex -1.557899996638298 -2.6983619555830956 -1.9
      vertex -3.1158000007271767 0 0
      vertex -1.557899996638298 -2.6983619555830956 0
    endloop
  endfacet
  facet normal 0 0 1
    outer loop
      vertex -1.557899996638298 -2.6983619555830956 -1.9
      vertex -1.557899996638298 2.6983619555830956 -1.9
      vertex -3.1158000007271767 0 -1.9
    endloop
  endfacet
  facet normal 0 0 1
    outer loop
      vertex -1.557899996638298 -2.6983619555830956 -1.9
      vertex -1.55 0 -1.9
      vertex -1.557899996638298 2.6983619555830956 -1.9
    endloop
  endfacet
  facet normal 0 0 1
    outer loop
      vertex -1.55 0 -1.9
      vertex -1.5377777870374407 0.1942665120246713 -1.9
      vertex -1.557899996638298 2.6983619555830956 -1.9
    endloop
  endfacet
  facet normal 0 0 1
    outer loop
      vertex -1.5377777870374407 0.1942665120246713 -1.9
      vertex -1.5013038997493782 0.385469325105525 -1.9
      vertex -1.557899996638298 2.6983619555830956 -1.9
    endloop
  endfacet
  facet normal 0 0 1
    outer loop
      vertex -1.5013038997493782 0.385469325105525 -1.9
      vertex -1.4411535531267898 0.5705930566612507 -1.9
      vertex -1.557899996638298 2.6983619555830956 -1.9
    endloop
  endfacet
  facet normal 0 0 1
    outer loop
      vertex -1.4411535531267898 0.5705930566612507 -1.9
      vertex -1.3582753540679884 0.7467181948576589 -1.9
      vertex -1.557899996638298 2.6983619555830956 -1.9
    endloop
  endfacet
  facet normal 0 0 1
    outer loop
      vertex -1.3582753540679884 0.7467181948576589 -1.9
      vertex -1.2539763412811686 0.9110671410533334 -1.9
      vertex -1.557899996638298 2.6983619555830956 -1.9
    endloop
  endfacet
  facet normal 0 0 1
    outer loop
      vertex -1.2539763412811686 0.9110671410533334 -1.9
      vertex -1.1299013725031881 1.0610480141894671 -1.9
      vertex -1.557899996638298 2.6983619555830956 -1.9
    endloop
  endfacet
  facet normal 0 0 1
    outer loop
      vertex -1.1299013725031881 1.0610480141894671 -1.9
      vertex -0.988007184110469 1.1942955263024735 -1.9
      vertex -1.557899996638298 2.6983619555830956 -1.9
    endloop
  endfacet
  facet normal 0 0 1
    outer loop
      vertex -0.988007184110469 1.1942955263024735 -1.9
      vertex -0.830531532217445 1.3087082845281233 -1.9
      vertex -1.557899996638298 2.6983619555830956 -1.9
    endloop
  endfacet
  facet normal 0 0 1
    outer loop
      vertex -0.830531532217445 1.3087082845281233 -1.9
      vertex -0.6599579019258627 1.4024819313223302 -1.9
      vertex -1.557899996638298 2.6983619555830956 -1.9
    endloop
  endfacet
  facet normal 0 0 1
    outer loop
      vertex -1.557899996638298 2.6983619555830956 -1.9
      vertex -0.6599579019258627 1.4024819313223302 -1.9
      vertex -0.47897634128116845 1.474137600257488 -1.9
    endloop
  endfacet
  facet normal 0 0 1
    outer loop
      vertex -1.557899996638298 2.6983619555830956 -1.9
      vertex -0.47897634128116845 1.474137600257488 -1.9
      vertex -0.2904410376078731 1.5225452386294676 -1.9
    endloop
  endfacet
  facet normal 0 0 1
    outer loop
      vertex -1.557899996638298 2.6983619555830956 -1.9
      vertex -0.2904410376078731 1.5225452386294676 -1.9
      vertex -0.09732530527043558 1.546941429063821 -1.9
    endloop
  endfacet
  facet normal 0 0 1
    outer loop
      vertex -1.557899996638298 2.6983619555830956 -1.9
      vertex -0.09732530527043558 1.546941429063821 -1.9
      vertex 0.09732530527043558 1.546941429063821 -1.9
    endloop
  endfacet
  facet normal 0.8660254034145013 -0.5000000006407503 0
    outer loop
      vertex -3.1158000007271767 0 -1.9
      vertex -1.557899996638298 2.6983619555830956 0
      vertex -3.1158000007271767 0 0
    endloop
  endfacet
  facet normal 0.8660254034145013 -0.5000000006407503 0
    outer loop
      vertex -3.1158000007271767 0 -1.9
      vertex -1.557899996638298 2.6983619555830956 -1.9
      vertex -1.557899996638298 2.6983619555830956 0
    endloop
  endfacet
  facet normal 0 -1 0
    outer loop
      vertex -1.557899996638298 2.6983619555830956 -1.9
      vertex 1.557899996638298 2.6983619555830956 0
      vertex -1.557899996638298 2.6983619555830956 0
    endloop
  endfacet
  facet normal 0 0 1
    outer loop
      vertex -0.09732530527043634 -1.546941429063821 -1.9
      vertex 1.557899996638298 -2.6983619555830956 -1.9
      vertex 0.09732530527043634 -1.546941429063821 -1.9
    endloop
  endfacet
  facet normal 0 0 1
    outer loop
      vertex 0.09732530527043634 -1.546941429063821 -1.9
      vertex 1.557899996638298 -2.6983619555830956 -1.9
      vertex 0.2904410376078735 -1.5225452386294673 -1.9
    endloop
  endfacet
  facet normal 0 0 1
    outer loop
      vertex 0.2904410376078735 -1.5225452386294673 -1.9
      vertex 1.557899996638298 -2.6983619555830956 -1.9
      vertex 0.47897634128116845 -1.474137600257488 -1.9
    endloop
  endfacet
  facet normal 0 0 1
    outer loop
      vertex 0.47897634128116845 -1.474137600257488 -1.9
      vertex 1.557899996638298 -2.6983619555830956 -1.9
      vertex 0.6599579019258623 -1.4024819313223305 -1.9
    endloop
  endfacet
  facet normal 0 0 1
    outer loop
      vertex 0.6599579019258623 -1.4024819313223305 -1.9
      vertex 1.557899996638298 -2.6983619555830956 -1.9
      vertex 0.8305315322174441 -1.3087082845281237 -1.9
    endloop
  endfacet
  facet normal 0 0 1
    outer loop
      vertex 1.557899996638298 -2.6983619555830956 -1.9
      vertex 0.9880071841104695 -1.194295526302473 -1.9
      vertex 0.8305315322174441 -1.3087082845281237 -1.9
    endloop
  endfacet
  facet normal 0 0 1
    outer loop
      vertex 1.557899996638298 -2.6983619555830956 -1.9
      vertex 1.1299013725031881 -1.0610480141894671 -1.9
      vertex 0.9880071841104695 -1.194295526302473 -1.9
    endloop
  endfacet
  facet normal 0 0 1
    outer loop
      vertex 1.557899996638298 -2.6983619555830956 -1.9
      vertex 1.2539763412811686 -0.9110671410533334 -1.9
      vertex 1.1299013725031881 -1.0610480141894671 -1.9
    endloop
  endfacet
  facet normal 0 0 1
    outer loop
      vertex 1.557899996638298 -2.6983619555830956 -1.9
      vertex 1.3582753540679884 -0.7467181948576589 -1.9
      vertex 1.2539763412811686 -0.9110671410533334 -1.9
    endloop
  endfacet
  facet normal 0 0 1
    outer loop
      vertex 1.557899996638298 -2.6983619555830956 -1.9
      vertex 1.4411535531267894 -0.5705930566612515 -1.9
      vertex 1.3582753540679884 -0.7467181948576589 -1.9
    endloop
  endfacet
  facet normal 0 0 1
    outer loop
      vertex 1.557899996638298 -2.6983619555830956 -1.9
      vertex 1.5013038997493784 -0.3854693251055244 -1.9
      vertex 1.4411535531267894 -0.5705930566612515 -1.9
    endloop
  endfacet
  facet normal 0 0 1
    outer loop
      vertex 1.557899996638298 -2.6983619555830956 -1.9
      vertex 1.5377777870374407 -0.1942665120246713 -1.9
      vertex 1.5013038997493784 -0.3854693251055244 -1.9
    endloop
  endfacet
  facet normal 0 0 1
    outer loop
      vertex 1.557899996638298 -2.6983619555830956 -1.9
      vertex 1.55 0 -1.9
      vertex 1.5377777870374407 -0.1942665120246713 -1.9
    endloop
  endfacet
  facet normal 0 1 0
    outer loop
      vertex 1.557899996638298 -2.6983619555830956 -1.9
      vertex -1.557899996638298 -2.6983619555830956 0
      vertex 1.557899996638298 -2.6983619555830956 0
    endloop
  endfacet
  facet normal -0.8660254034145013 0.5000000006407503 0
    outer loop
      vertex 1.557899996638298 -2.6983619555830956 -1.9
      vertex 1.557899996638298 -2.6983619555830956 0
      vertex 3.1158000007271767 0 -1.9
    endloop
  endfacet
  facet normal -0.8660254034145013 0.5000000006407503 0
    outer loop
      vertex 3.1158000007271767 0 -1.9
      vertex 1.557899996638298 -2.6983619555830956 0
      vertex 3.1158000007271767 0 0
    endloop
  endfacet
  facet normal 0 0 1
    outer loop
      vertex -1.557899996638298 2.6983619555830956 -1.9
      vertex 0.09732530527043558 1.546941429063821 -1.9
      vertex 1.557899996638298 2.6983619555830956 -1.9
    endloop
  endfacet
  facet normal 0 0 1
    outer loop
      vertex 0.47897634128116845 1.474137600257488 -1.9
      vertex 0.6599579019258627 1.4024819313223302 -1.9
      vertex 1.557899996638298 2.6983619555830956 -1.9
    endloop
  endfacet
  facet normal 0 0 1
    outer loop
      vertex 0.8305315322174448 1.3087082845281235 -1.9
      vertex 1.557899996638298 2.6983619555830956 -1.9
      vertex 0.6599579019258627 1.4024819313223302 -1.9
    endloop
  endfacet
  facet normal 0 0 1
    outer loop
      vertex 1.129901372503188 1.0610480141894676 -1.9
      vertex 1.557899996638298 2.6983619555830956 -1.9
      vertex 0.9880071841104692 1.1942955263024733 -1.9
    endloop
  endfacet
  facet normal 0 0 1
    outer loop
      vertex 0.8305315322174448 1.3087082845281235 -1.9
      vertex 0.9880071841104692 1.1942955263024733 -1.9
      vertex 1.557899996638298 2.6983619555830956 -1.9
    endloop
  endfacet
  facet normal 0 0 1
    outer loop
      vertex 0.09732530527043558 1.546941429063821 -1.9
      vertex 0.2904410376078731 1.5225452386294676 -1.9
      vertex 1.557899996638298 2.6983619555830956 -1.9
    endloop
  endfacet
  facet normal 0 0 1
    outer loop
      vertex 0.2904410376078731 1.5225452386294676 -1.9
      vertex 0.47897634128116845 1.474137600257488 -1.9
      vertex 1.557899996638298 2.6983619555830956 -1.9
    endloop
  endfacet
  facet normal 0 0 1
    outer loop
      vertex 1.557899996638298 -2.6983619555830956 -1.9
      vertex 1.557899996638298 2.6983619555830956 -1.9
      vertex 1.55 0 -1.9
    endloop
  endfacet
  facet normal 0 0 1
    outer loop
      vertex 1.55 0 -1.9
      vertex 1.557899996638298 2.6983619555830956 -1.9
      vertex 1.5377777870374407 0.1942665120246716 -1.9
    endloop
  endfacet
  facet normal 0 0 1
    outer loop
      vertex 1.5377777870374407 0.1942665120246716 -1.9
      vertex 1.557899996638298 2.6983619555830956 -1.9
      vertex 1.5013038997493782 0.38546932510552495 -1.9
    endloop
  endfacet
  facet normal 0 0 1
    outer loop
      vertex 1.5013038997493782 0.38546932510552495 -1.9
      vertex 1.557899996638298 2.6983619555830956 -1.9
      vertex 1.4411535531267896 0.5705930566612509 -1.9
    endloop
  endfacet
  facet normal 0 0 1
    outer loop
      vertex 1.557899996638298 -2.6983619555830956 -1.9
      vertex 3.1158000007271767 0 -1.9
      vertex 1.557899996638298 2.6983619555830956 -1.9
    endloop
  endfacet
  facet normal 0 0 1
    outer loop
      vertex 1.129901372503188 1.0610480141894676 -1.9
      vertex 1.2539763412811686 0.9110671410533334 -1.9
      vertex 1.557899996638298 2.6983619555830956 -1.9
    endloop
  endfacet
  facet normal 0 0 1
    outer loop
      vertex 1.3582753540679886 0.7467181948576588 -1.9
      vertex 1.557899996638298 2.6983619555830956 -1.9
      vertex 1.2539763412811686 0.9110671410533334 -1.9
    endloop
  endfacet
  facet normal 0 0 1
    outer loop
      vertex 1.4411535531267896 0.5705930566612509 -1.9
      vertex 1.557899996638298 2.6983619555830956 -1.9
      vertex 1.3582753540679886 0.7467181948576588 -1.9
    endloop
  endfacet
  facet normal -0.8660254034145013 -0.5000000006407503 0
    outer loop
      vertex 1.557899996638298 2.6983619555830956 -1.9
      vertex 3.1158000007271767 0 0
      vertex 1.557899996638298 2.6983619555830956 0
    endloop
  endfacet
  facet normal 0 -1 0
    outer loop
      vertex -1.557899996638298 2.6983619555830956 -1.9
      vertex 1.557899996638298 2.6983619555830956 -1.9
      vertex 1.557899996638298 2.6983619555830956 0
    endloop
  endfacet
  facet normal -0.8660254034145013 -0.5000000006407503 0
    outer loop
      vertex 1.557899996638298 2.6983619555830956 -1.9
      vertex 3.1158000007271767 0 -1.9
      vertex 3.1158000007271767 0 0
    endloop
  endfacet
  facet normal 0.9048270524660192 0.4257792915650734 0
    outer loop
      vertex -1.4411535531267898 -0.5705930566612507 -1.9
      vertex -1.3582753540679884 -0.7467181948576589 -5.1
      vertex -1.4411535531267898 -0.5705930566612507 -5.1
    endloop
  endfacet
  facet normal 0.8443279255020156 0.5358267949789959 0
    outer loop
      vertex -1.3582753540679884 -0.7467181948576589 -1.9
      vertex -1.2539763412811686 -0.9110671410533334 -5.1
      vertex -1.3582753540679884 -0.7467181948576589 -5.1
    endloop
  endfacet
  facet normal 0.9510565162951539 0.30901699437494673 0
    outer loop
      vertex -1.5013038997493782 -0.385469325105525 -1.9
      vertex -1.4411535531267898 -0.5705930566612507 -5.1
      vertex -1.5013038997493782 -0.385469325105525 -5.1
    endloop
  endfacet
  facet normal 0.9822872507286885 0.18738131458572505 0
    outer loop
      vertex -1.5377777870374407 -0.1942665120246713 -1.9
      vertex -1.5013038997493782 -0.385469325105525 -5.1
      vertex -1.5377777870374407 -0.1942665120246713 -5.1
    endloop
  endfacet
  facet normal 0.9980267284282716 0.06279051952931325 0
    outer loop
      vertex -1.55 0 -1.9
      vertex -1.5377777870374407 -0.1942665120246713 -5.1
      vertex -1.55 0 -5.1
    endloop
  endfacet
  facet normal 0.4817536741017154 0.8763066800438637 0
    outer loop
      vertex -0.830531532217445 -1.3087082845281233 -1.9
      vertex -0.6599579019258623 -1.4024819313223305 -5.1
      vertex -0.830531532217445 -1.3087082845281233 -5.1
    endloop
  endfacet
  facet normal 0.3681245526846772 0.9297764858882518 0
    outer loop
      vertex -0.6599579019258623 -1.4024819313223305 -1.9
      vertex -0.47897634128116845 -1.474137600257488 -5.1
      vertex -0.6599579019258623 -1.4024819313223305 -5.1
    endloop
  endfacet
  facet normal 0.248689887164855 0.968583161128631 0
    outer loop
      vertex -0.47897634128116845 -1.474137600257488 -1.9
      vertex -0.2904410376078735 -1.5225452386294673 -5.1
      vertex -0.47897634128116845 -1.474137600257488 -5.1
    endloop
  endfacet
  facet normal 0.12533323356430565 0.9921147013144777 0
    outer loop
      vertex -0.2904410376078735 -1.5225452386294673 -1.9
      vertex -0.09732530527043634 -1.546941429063821 -5.1
      vertex -0.2904410376078735 -1.5225452386294673 -5.1
    endloop
  endfacet
  facet normal 0 1 0
    outer loop
      vertex -0.09732530527043634 -1.546941429063821 -1.9
      vertex 0.09732530527043634 -1.546941429063821 -5.1
      vertex -0.09732530527043634 -1.546941429063821 -5.1
    endloop
  endfacet
  facet normal 0.7705132427757888 0.6374239897486903 0
    outer loop
      vertex -1.2539763412811686 -0.9110671410533334 -1.9
      vertex -1.1299013725031881 -1.0610480141894671 -5.1
      vertex -1.2539763412811686 -0.9110671410533334 -5.1
    endloop
  endfacet
  facet normal 0.6845471059286891 0.7289686274214112 0
    outer loop
      vertex -1.1299013725031881 -1.0610480141894671 -1.9
      vertex -0.988007184110469 -1.1942955263024735 -5.1
      vertex -1.1299013725031881 -1.0610480141894671 -5.1
    endloop
  endfacet
  facet normal 0.587785252292473 0.8090169943749475 0
    outer loop
      vertex -0.988007184110469 -1.1942955263024735 -1.9
      vertex -0.830531532217445 -1.3087082845281233 -5.1
      vertex -0.988007184110469 -1.1942955263024735 -5.1
    endloop
  endfacet
  facet normal 0.8443279255020156 0.5358267949789959 0
    outer loop
      vertex -1.2539763412811686 -0.9110671410533334 -1.9
      vertex -1.2539763412811686 -0.9110671410533334 -5.1
      vertex -1.3582753540679884 -0.7467181948576589 -1.9
    endloop
  endfacet
  facet normal 0.9048270524660192 0.4257792915650734 0
    outer loop
      vertex -1.3582753540679884 -0.7467181948576589 -1.9
      vertex -1.3582753540679884 -0.7467181948576589 -5.1
      vertex -1.4411535531267898 -0.5705930566612507 -1.9
    endloop
  endfacet
  facet normal 0.9510565162951539 0.30901699437494673 0
    outer loop
      vertex -1.4411535531267898 -0.5705930566612507 -1.9
      vertex -1.4411535531267898 -0.5705930566612507 -5.1
      vertex -1.5013038997493782 -0.385469325105525 -1.9
    endloop
  endfacet
  facet normal 0.9822872507286885 0.18738131458572505 0
    outer loop
      vertex -1.5013038997493782 -0.385469325105525 -1.9
      vertex -1.5013038997493782 -0.385469325105525 -5.1
      vertex -1.5377777870374407 -0.1942665120246713 -1.9
    endloop
  endfacet
  facet normal 0.9980267284282716 0.06279051952931325 0
    outer loop
      vertex -1.5377777870374407 -0.1942665120246713 -1.9
      vertex -1.5377777870374407 -0.1942665120246713 -5.1
      vertex -1.55 0 -1.9
    endloop
  endfacet
  facet normal 0.587785252292473 0.8090169943749475 0
    outer loop
      vertex -0.988007184110469 -1.1942955263024735 -1.9
      vertex -0.830531532217445 -1.3087082845281233 -1.9
      vertex -0.830531532217445 -1.3087082845281233 -5.1
    endloop
  endfacet
  facet normal 0.4817536741017154 0.8763066800438637 0
    outer loop
      vertex -0.6599579019258623 -1.4024819313223305 -1.9
      vertex -0.6599579019258623 -1.4024819313223305 -5.1
      vertex -0.830531532217445 -1.3087082845281233 -1.9
    endloop
  endfacet
  facet normal 0.3681245526846772 0.9297764858882518 0
    outer loop
      vertex -0.6599579019258623 -1.4024819313223305 -1.9
      vertex -0.47897634128116845 -1.474137600257488 -1.9
      vertex -0.47897634128116845 -1.474137600257488 -5.1
    endloop
  endfacet
  facet normal 0.248689887164855 0.968583161128631 0
    outer loop
      vertex -0.47897634128116845 -1.474137600257488 -1.9
      vertex -0.2904410376078735 -1.5225452386294673 -1.9
      vertex -0.2904410376078735 -1.5225452386294673 -5.1
    endloop
  endfacet
  facet normal 0.12533323356430565 0.9921147013144777 0
    outer loop
      vertex -0.2904410376078735 -1.5225452386294673 -1.9
      vertex -0.09732530527043634 -1.546941429063821 -1.9
      vertex -0.09732530527043634 -1.546941429063821 -5.1
    endloop
  endfacet
  facet normal 0.7705132427757888 0.6374239897486903 0
    outer loop
      vertex -1.2539763412811686 -0.9110671410533334 -1.9
      vertex -1.1299013725031881 -1.0610480141894671 -1.9
      vertex -1.1299013725031881 -1.0610480141894671 -5.1
    endloop
  endfacet
  facet normal 0.6845471059286891 0.7289686274214112 0
    outer loop
      vertex -0.988007184110469 -1.1942955263024735 -1.9
      vertex -0.988007184110469 -1.1942955263024735 -5.1
      vertex -1.1299013725031881 -1.0610480141894671 -1.9
    endloop
  endfacet
  facet normal 0.9980267284282716 -0.06279051952931325 0
    outer loop
      vertex -1.5377777870374407 0.1942665120246713 -1.9
      vertex -1.55 0 -5.1
      vertex -1.5377777870374407 0.1942665120246713 -5.1
    endloop
  endfacet
  facet normal 0.9822872507286885 -0.18738131458572505 0
    outer loop
      vertex -1.5013038997493782 0.385469325105525 -1.9
      vertex -1.5377777870374407 0.1942665120246713 -5.1
      vertex -1.5013038997493782 0.385469325105525 -5.1
    endloop
  endfacet
  facet normal 0.9510565162951539 -0.30901699437494673 0
    outer loop
      vertex -1.4411535531267898 0.5705930566612507 -1.9
      vertex -1.5013038997493782 0.385469325105525 -5.1
      vertex -1.4411535531267898 0.5705930566612507 -5.1
    endloop
  endfacet
  facet normal 0.9048270524660192 -0.4257792915650734 0
    outer loop
      vertex -1.3582753540679884 0.7467181948576589 -1.9
      vertex -1.4411535531267898 0.5705930566612507 -5.1
      vertex -1.3582753540679884 0.7467181948576589 -5.1
    endloop
  endfacet
  facet normal 0.8443279255020156 -0.5358267949789959 0
    outer loop
      vertex -1.2539763412811686 0.9110671410533334 -1.9
      vertex -1.3582753540679884 0.7467181948576589 -5.1
      vertex -1.2539763412811686 0.9110671410533334 -5.1
    endloop
  endfacet
  facet normal 0.7705132427757888 -0.6374239897486903 0
    outer loop
      vertex -1.1299013725031881 1.0610480141894671 -1.9
      vertex -1.2539763412811686 0.9110671410533334 -5.1
      vertex -1.1299013725031881 1.0610480141894671 -5.1
    endloop
  endfacet
  facet normal 0.6845471059286891 -0.7289686274214112 0
    outer loop
      vertex -0.988007184110469 1.1942955263024735 -1.9
      vertex -1.1299013725031881 1.0610480141894671 -5.1
      vertex -0.988007184110469 1.1942955263024735 -5.1
    endloop
  endfacet
  facet normal 0.587785252292473 -0.8090169943749475 0
    outer loop
      vertex -0.830531532217445 1.3087082845281233 -1.9
      vertex -0.988007184110469 1.1942955263024735 -5.1
      vertex -0.830531532217445 1.3087082845281233 -5.1
    endloop
  endfacet
  facet normal 0.48175367410171516 -0.8763066800438638 0
    outer loop
      vertex -0.6599579019258627 1.4024819313223302 -1.9
      vertex -0.830531532217445 1.3087082845281233 -5.1
      vertex -0.6599579019258627 1.4024819313223302 -5.1
    endloop
  endfacet
  facet normal 0.3681245526846776 -0.9297764858882516 0
    outer loop
      vertex -0.47897634128116845 1.474137600257488 -1.9
      vertex -0.6599579019258627 1.4024819313223302 -5.1
      vertex -0.47897634128116845 1.474137600257488 -5.1
    endloop
  endfacet
  facet normal 0.24868988716485554 -0.9685831611286309 0
    outer loop
      vertex -0.2904410376078731 1.5225452386294676 -1.9
      vertex -0.47897634128116845 1.474137600257488 -5.1
      vertex -0.2904410376078731 1.5225452386294676 -5.1
    endloop
  endfacet
  facet normal 0.12533323356430429 -0.9921147013144779 0
    outer loop
      vertex -0.09732530527043558 1.546941429063821 -1.9
      vertex -0.2904410376078731 1.5225452386294676 -5.1
      vertex -0.09732530527043558 1.546941429063821 -5.1
    endloop
  endfacet
  facet normal 0.9980267284282716 -0.06279051952931325 0
    outer loop
      vertex -1.55 0 -1.9
      vertex -1.55 0 -5.1
      vertex -1.5377777870374407 0.1942665120246713 -1.9
    endloop
  endfacet
  facet normal 0.9822872507286885 -0.18738131458572505 0
    outer loop
      vertex -1.5377777870374407 0.1942665120246713 -1.9
      vertex -1.5377777870374407 0.1942665120246713 -5.1
      vertex -1.5013038997493782 0.385469325105525 -1.9
    endloop
  endfacet
  facet normal 0.9510565162951539 -0.30901699437494673 0
    outer loop
      vertex -1.5013038997493782 0.385469325105525 -1.9
      vertex -1.5013038997493782 0.385469325105525 -5.1
      vertex -1.4411535531267898 0.5705930566612507 -1.9
    endloop
  endfacet
  facet normal 0.9048270524660192 -0.4257792915650734 0
    outer loop
      vertex -1.4411535531267898 0.5705930566612507 -1.9
      vertex -1.4411535531267898 0.5705930566612507 -5.1
      vertex -1.3582753540679884 0.7467181948576589 -1.9
    endloop
  endfacet
  facet normal 0.8443279255020156 -0.5358267949789959 0
    outer loop
      vertex -1.3582753540679884 0.7467181948576589 -1.9
      vertex -1.3582753540679884 0.7467181948576589 -5.1
      vertex -1.2539763412811686 0.9110671410533334 -1.9
    endloop
  endfacet
  facet normal 0.7705132427757888 -0.6374239897486903 0
    outer loop
      vertex -1.2539763412811686 0.9110671410533334 -1.9
      vertex -1.2539763412811686 0.9110671410533334 -5.1
      vertex -1.1299013725031881 1.0610480141894671 -1.9
    endloop
  endfacet
  facet normal 0.6845471059286891 -0.7289686274214112 0
    outer loop
      vertex -1.1299013725031881 1.0610480141894671 -1.9
      vertex -1.1299013725031881 1.0610480141894671 -5.1
      vertex -0.988007184110469 1.1942955263024735 -1.9
    endloop
  endfacet
  facet normal 0.587785252292473 -0.8090169943749475 0
    outer loop
      vertex -0.988007184110469 1.1942955263024735 -1.9
      vertex -0.988007184110469 1.1942955263024735 -5.1
      vertex -0.830531532217445 1.3087082845281233 -1.9
    endloop
  endfacet
  facet normal 0.48175367410171516 -0.8763066800438638 0
    outer loop
      vertex -0.830531532217445 1.3087082845281233 -1.9
      vertex -0.830531532217445 1.3087082845281233 -5.1
      vertex -0.6599579019258627 1.4024819313223302 -1.9
    endloop
  endfacet
  facet normal 0.3681245526846776 -0.9297764858882516 0
    outer loop
      vertex -0.6599579019258627 1.4024819313223302 -1.9
      vertex -0.6599579019258627 1.4024819313223302 -5.1
      vertex -0.47897634128116845 1.474137600257488 -1.9
    endloop
  endfacet
  facet normal 0.24868988716485554 -0.9685831611286309 0
    outer loop
      vertex -0.47897634128116845 1.474137600257488 -1.9
      vertex -0.47897634128116845 1.474137600257488 -5.1
      vertex -0.2904410376078731 1.5225452386294676 -1.9
    endloop
  endfacet
  facet normal 0.12533323356430429 -0.9921147013144779 0
    outer loop
      vertex -0.2904410376078731 1.5225452386294676 -1.9
      vertex -0.2904410376078731 1.5225452386294676 -5.1
      vertex -0.09732530527043558 1.546941429063821 -1.9
    endloop
  endfacet
  facet normal 0 -1 0
    outer loop
      vertex -0.09732530527043558 1.546941429063821 -1.9
      vertex -0.09732530527043558 1.546941429063821 -5.1
      vertex 0.09732530527043558 1.546941429063821 -1.9
    endloop
  endfacet
  facet normal -0.12533323356430565 0.9921147013144777 0
    outer loop
      vertex 0.09732530527043634 -1.546941429063821 -1.9
      vertex 0.2904410376078735 -1.5225452386294673 -5.1
      vertex 0.09732530527043634 -1.546941429063821 -5.1
    endloop
  endfacet
  facet normal -0.248689887164855 0.968583161128631 0
    outer loop
      vertex 0.2904410376078735 -1.5225452386294673 -1.9
      vertex 0.47897634128116845 -1.474137600257488 -5.1
      vertex 0.2904410376078735 -1.5225452386294673 -5.1
    endloop
  endfacet
  facet normal -0.3681245526846772 0.9297764858882518 0
    outer loop
      vertex 0.47897634128116845 -1.474137600257488 -1.9
      vertex 0.6599579019258623 -1.4024819313223305 -5.1
      vertex 0.47897634128116845 -1.474137600257488 -5.1
    endloop
  endfacet
  facet normal -0.4817536741017154 0.8763066800438634 0
    outer loop
      vertex 0.6599579019258623 -1.4024819313223305 -1.9
      vertex 0.8305315322174441 -1.3087082845281237 -5.1
      vertex 0.6599579019258623 -1.4024819313223305 -5.1
    endloop
  endfacet
  facet normal -0.5877852522924725 0.8090169943749479 0
    outer loop
      vertex 0.8305315322174441 -1.3087082845281237 -1.9
      vertex 0.9880071841104695 -1.194295526302473 -5.1
      vertex 0.8305315322174441 -1.3087082845281237 -5.1
    endloop
  endfacet
  facet normal -0.6845471059286893 0.728968627421411 0
    outer loop
      vertex 0.9880071841104695 -1.194295526302473 -1.9
      vertex 1.1299013725031881 -1.0610480141894671 -5.1
      vertex 0.9880071841104695 -1.194295526302473 -5.1
    endloop
  endfacet
  facet normal -0.7705132427757888 0.6374239897486903 0
    outer loop
      vertex 1.1299013725031881 -1.0610480141894671 -1.9
      vertex 1.2539763412811686 -0.9110671410533334 -5.1
      vertex 1.1299013725031881 -1.0610480141894671 -5.1
    endloop
  endfacet
  facet normal -0.8443279255020156 0.5358267949789959 0
    outer loop
      vertex 1.2539763412811686 -0.9110671410533334 -1.9
      vertex 1.3582753540679884 -0.7467181948576589 -5.1
      vertex 1.2539763412811686 -0.9110671410533334 -5.1
    endloop
  endfacet
  facet normal -0.9048270524660194 0.42577929156507305 0
    outer loop
      vertex 1.3582753540679884 -0.7467181948576589 -1.9
      vertex 1.4411535531267894 -0.5705930566612515 -5.1
      vertex 1.3582753540679884 -0.7467181948576589 -5.1
    endloop
  endfacet
  facet normal -0.9510565162951535 0.30901699437494773 0
    outer loop
      vertex 1.4411535531267894 -0.5705930566612515 -1.9
      vertex 1.5013038997493784 -0.3854693251055244 -5.1
      vertex 1.4411535531267894 -0.5705930566612515 -5.1
    endloop
  endfacet
  facet normal -0.9822872507286886 0.1873813145857245 0
    outer loop
      vertex 1.5013038997493784 -0.3854693251055244 -1.9
      vertex 1.5377777870374407 -0.1942665120246713 -5.1
      vertex 1.5013038997493784 -0.3854693251055244 -5.1
    endloop
  endfacet
  facet normal -0.9980267284282716 0.06279051952931325 0
    outer loop
      vertex 1.5377777870374407 -0.1942665120246713 -1.9
      vertex 1.55 0 -5.1
      vertex 1.5377777870374407 -0.1942665120246713 -5.1
    endloop
  endfacet
  facet normal 0 1 0
    outer loop
      vertex -0.09732530527043634 -1.546941429063821 -1.9
      vertex 0.09732530527043634 -1.546941429063821 -1.9
      vertex 0.09732530527043634 -1.546941429063821 -5.1
    endloop
  endfacet
  facet normal -0.12533323356430565 0.9921147013144777 0
    outer loop
      vertex 0.09732530527043634 -1.546941429063821 -1.9
      vertex 0.2904410376078735 -1.5225452386294673 -1.9
      vertex 0.2904410376078735 -1.5225452386294673 -5.1
    endloop
  endfacet
  facet normal -0.248689887164855 0.968583161128631 0
    outer loop
      vertex 0.2904410376078735 -1.5225452386294673 -1.9
      vertex 0.47897634128116845 -1.474137600257488 -1.9
      vertex 0.47897634128116845 -1.474137600257488 -5.1
    endloop
  endfacet
  facet normal -0.3681245526846772 0.9297764858882518 0
    outer loop
      vertex 0.47897634128116845 -1.474137600257488 -1.9
      vertex 0.6599579019258623 -1.4024819313223305 -1.9
      vertex 0.6599579019258623 -1.4024819313223305 -5.1
    endloop
  endfacet
  facet normal -0.4817536741017154 0.8763066800438634 0
    outer loop
      vertex 0.6599579019258623 -1.4024819313223305 -1.9
      vertex 0.8305315322174441 -1.3087082845281237 -1.9
      vertex 0.8305315322174441 -1.3087082845281237 -5.1
    endloop
  endfacet
  facet normal -0.5877852522924725 0.8090169943749479 0
    outer loop
      vertex 0.8305315322174441 -1.3087082845281237 -1.9
      vertex 0.9880071841104695 -1.194295526302473 -1.9
      vertex 0.9880071841104695 -1.194295526302473 -5.1
    endloop
  endfacet
  facet normal -0.6845471059286893 0.728968627421411 0
    outer loop
      vertex 0.9880071841104695 -1.194295526302473 -1.9
      vertex 1.1299013725031881 -1.0610480141894671 -1.9
      vertex 1.1299013725031881 -1.0610480141894671 -5.1
    endloop
  endfacet
  facet normal -0.7705132427757888 0.6374239897486903 0
    outer loop
      vertex 1.1299013725031881 -1.0610480141894671 -1.9
      vertex 1.2539763412811686 -0.9110671410533334 -1.9
      vertex 1.2539763412811686 -0.9110671410533334 -5.1
    endloop
  endfacet
  facet normal -0.8443279255020156 0.5358267949789959 0
    outer loop
      vertex 1.2539763412811686 -0.9110671410533334 -1.9
      vertex 1.3582753540679884 -0.7467181948576589 -1.9
      vertex 1.3582753540679884 -0.7467181948576589 -5.1
    endloop
  endfacet
  facet normal -0.9048270524660194 0.42577929156507305 0
    outer loop
      vertex 1.3582753540679884 -0.7467181948576589 -1.9
      vertex 1.4411535531267894 -0.5705930566612515 -1.9
      vertex 1.4411535531267894 -0.5705930566612515 -5.1
    endloop
  endfacet
  facet normal -0.9510565162951535 0.30901699437494773 0
    outer loop
      vertex 1.4411535531267894 -0.5705930566612515 -1.9
      vertex 1.5013038997493784 -0.3854693251055244 -1.9
      vertex 1.5013038997493784 -0.3854693251055244 -5.1
    endloop
  endfacet
  facet normal -0.9822872507286886 0.1873813145857245 0
    outer loop
      vertex 1.5013038997493784 -0.3854693251055244 -1.9
      vertex 1.5377777870374407 -0.1942665120246713 -1.9
      vertex 1.5377777870374407 -0.1942665120246713 -5.1
    endloop
  endfacet
  facet normal -0.9980267284282716 0.06279051952931325 0
    outer loop
      vertex 1.5377777870374407 -0.1942665120246713 -1.9
      vertex 1.55 0 -1.9
      vertex 1.55 0 -5.1
    endloop
  endfacet
  facet normal -0.5877852522924735 -0.8090169943749472 0
    outer loop
      vertex 0.9880071841104692 1.1942955263024733 -1.9
      vertex 0.8305315322174448 1.3087082845281235 -5.1
      vertex 0.9880071841104692 1.1942955263024733 -5.1
    endloop
  endfacet
  facet normal -0.6845471059286884 -0.7289686274214118 0
    outer loop
      vertex 1.129901372503188 1.0610480141894676 -1.9
      vertex 0.9880071841104692 1.1942955263024733 -5.1
      vertex 1.129901372503188 1.0610480141894676 -5.1
    endloop
  endfacet
  facet normal -0.7705132427757891 -0.6374239897486897 0
    outer loop
      vertex 1.2539763412811686 0.9110671410533334 -1.9
      vertex 1.129901372503188 1.0610480141894676 -5.1
      vertex 1.2539763412811686 0.9110671410533334 -5.1
    endloop
  endfacet
  facet normal 0 -1 0
    outer loop
      vertex 0.09732530527043558 1.546941429063821 -1.9
      vertex -0.09732530527043558 1.546941429063821 -5.1
      vertex 0.09732530527043526 1.546941429063821 -5.1
    endloop
  endfacet
  facet normal -0.12533323356430406 -0.9921147013144779 0
    outer loop
      vertex 0.2904410376078731 1.5225452386294676 -1.9
      vertex 0.09732530527043526 1.546941429063821 -5.1
      vertex 0.2904410376078731 1.5225452386294676 -5.1
    endloop
  endfacet
  facet normal -0.24868988716485554 -0.9685831611286309 0
    outer loop
      vertex 0.47897634128116845 1.474137600257488 -1.9
      vertex 0.2904410376078731 1.5225452386294676 -5.1
      vertex 0.47897634128116845 1.474137600257488 -5.1
    endloop
  endfacet
  facet normal -0.3681245526846776 -0.9297764858882516 0
    outer loop
      vertex 0.6599579019258627 1.4024819313223302 -1.9
      vertex 0.47897634128116845 1.474137600257488 -5.1
      vertex 0.6599579019258627 1.4024819313223302 -5.1
    endloop
  endfacet
  facet normal -0.48175367410171477 -0.8763066800438639 0
    outer loop
      vertex 0.8305315322174448 1.3087082845281235 -1.9
      vertex 0.6599579019258627 1.4024819313223302 -5.1
      vertex 0.8305315322174448 1.3087082845281235 -5.1
    endloop
  endfacet
  facet normal -0.9980267284282716 -0.06279051952931317 0
    outer loop
      vertex 1.55 0 -1.9
      vertex 1.5377777870374407 0.1942665120246716 -5.1
      vertex 1.55 0 -5.1
    endloop
  endfacet
  facet normal -0.9822872507286885 -0.18738131458572538 0
    outer loop
      vertex 1.5377777870374407 0.1942665120246716 -1.9
      vertex 1.5013038997493782 0.38546932510552495 -5.1
      vertex 1.5377777870374407 0.1942665120246716 -5.1
    endloop
  endfacet
  facet normal -0.9510565162951535 -0.30901699437494734 0
    outer loop
      vertex 1.5013038997493782 0.38546932510552495 -1.9
      vertex 1.4411535531267896 0.5705930566612509 -5.1
      vertex 1.5013038997493782 0.38546932510552495 -5.1
    endloop
  endfacet
  facet normal -0.8443279255020152 -0.5358267949789964 0
    outer loop
      vertex 1.3582753540679886 0.7467181948576588 -1.9
      vertex 1.2539763412811686 0.9110671410533334 -5.1
      vertex 1.3582753540679886 0.7467181948576588 -5.1
    endloop
  endfacet
  facet normal -0.9048270524660198 -0.4257792915650722 0
    outer loop
      vertex 1.4411535531267896 0.5705930566612509 -1.9
      vertex 1.3582753540679886 0.7467181948576588 -5.1
      vertex 1.4411535531267896 0.5705930566612509 -5.1
    endloop
  endfacet
  facet normal -0.6845471059286884 -0.7289686274214118 0
    outer loop
      vertex 1.129901372503188 1.0610480141894676 -1.9
      vertex 0.9880071841104692 1.1942955263024733 -1.9
      vertex 0.9880071841104692 1.1942955263024733 -5.1
    endloop
  endfacet
  facet normal -0.7705132427757891 -0.6374239897486897 0
    outer loop
      vertex 1.129901372503188 1.0610480141894676 -1.9
      vertex 1.129901372503188 1.0610480141894676 -5.1
      vertex 1.2539763412811686 0.9110671410533334 -1.9
    endloop
  endfacet
  facet normal -0.12533323356430429 -0.9921147013144779 1.2501563898584773e-17
    outer loop
      vertex 0.09732530527043558 1.546941429063821 -1.9
      vertex 0.09732530527043526 1.546941429063821 -5.1
      vertex 0.2904410376078731 1.5225452386294676 -1.9
    endloop
  endfacet
  facet normal -0.24868988716485554 -0.9685831611286309 0
    outer loop
      vertex 0.2904410376078731 1.5225452386294676 -1.9
      vertex 0.2904410376078731 1.5225452386294676 -5.1
      vertex 0.47897634128116845 1.474137600257488 -1.9
    endloop
  endfacet
  facet normal -0.3681245526846776 -0.9297764858882516 0
    outer loop
      vertex 0.47897634128116845 1.474137600257488 -1.9
      vertex 0.47897634128116845 1.474137600257488 -5.1
      vertex 0.6599579019258627 1.4024819313223302 -1.9
    endloop
  endfacet
  facet normal -0.48175367410171477 -0.8763066800438639 0
    outer loop
      vertex 0.8305315322174448 1.3087082845281235 -1.9
      vertex 0.6599579019258627 1.4024819313223302 -1.9
      vertex 0.6599579019258627 1.4024819313223302 -5.1
    endloop
  endfacet
  facet normal -0.5877852522924735 -0.8090169943749472 0
    outer loop
      vertex 0.8305315322174448 1.3087082845281235 -1.9
      vertex 0.8305315322174448 1.3087082845281235 -5.1
      vertex 0.9880071841104692 1.1942955263024733 -1.9
    endloop
  endfacet
  facet normal -0.9980267284282716 -0.06279051952931317 0
    outer loop
      vertex 1.55 0 -1.9
      vertex 1.5377777870374407 0.1942665120246716 -1.9
      vertex 1.5377777870374407 0.1942665120246716 -5.1
    endloop
  endfacet
  facet normal -0.9822872507286885 -0.18738131458572538 0
    outer loop
      vertex 1.5377777870374407 0.1942665120246716 -1.9
      vertex 1.5013038997493782 0.38546932510552495 -1.9
      vertex 1.5013038997493782 0.38546932510552495 -5.1
    endloop
  endfacet
  facet normal -0.9510565162951535 -0.30901699437494734 0
    outer loop
      vertex 1.5013038997493782 0.38546932510552495 -1.9
      vertex 1.4411535531267896 0.5705930566612509 -1.9
      vertex 1.4411535531267896 0.5705930566612509 -5.1
    endloop
  endfacet
  facet normal -0.9048270524660198 -0.4257792915650722 0
    outer loop
      vertex 1.4411535531267896 0.5705930566612509 -1.9
      vertex 1.3582753540679886 0.7467181948576588 -1.9
      vertex 1.3582753540679886 0.7467181948576588 -5.1
    endloop
  endfacet
  facet normal -0.8443279255020152 -0.5358267949789964 0
    outer loop
      vertex 1.3582753540679886 0.7467181948576588 -1.9
      vertex 1.2539763412811686 0.9110671410533334 -1.9
      vertex 1.2539763412811686 0.9110671410533334 -5.1
    endloop
  endfacet
endsolid OpenSCAD_Model
