solid OpenSCAD_Model
  facet normal 0 0 -1
    outer loop
      vertex -2.5496959589947585 -3.0820529711031575 -25.5
      vertex -2.9158745096856467 -2.738188423714754 -25.5
      vertex -2.5193817051261074 -1.3850418130424318 -25.5
    endloop
  endfacet
  facet normal 0 0 -1
    outer loop
      vertex -2.5496959589947585 -3.0820529711031575 -25.5
      vertex -2.0957848038365587 -1.9680729295449795 -25.5
      vertex -2.143307179915987 -3.37731170200806 -25.5
    endloop
  endfacet
  facet normal 0 0 -1
    outer loop
      vertex -2.143307179915987 -3.37731170200806 -25.5
      vertex -2.0957848038365587 -1.9680729295449795 -25.5
      vertex -1.8325939705274827 -2.2152255729803945 -25.5
    endloop
  endfacet
  facet normal 0 0 -1
    outer loop
      vertex -2.5496959589947585 -3.0820529711031575 -25.5
      vertex -2.325923858827974 -1.6898826003408602 -25.5
      vertex -2.0957848038365587 -1.9680729295449795 -25.5
    endloop
  endfacet
  facet normal 0 0 -1
    outer loop
      vertex -2.5496959589947585 -3.0820529711031575 -25.5
      vertex -2.5193817051261074 -1.3850418130424318 -25.5
      vertex -2.325923858827974 -1.6898826003408602 -25.5
    endloop
  endfacet
  facet normal -0.8443279255020154 -0.5358267949789962 0
    outer loop
      vertex -3.23606797749979 -2.3511410091698925 -25.5
      vertex -3.505226720175454 -1.9270146964068615 0
      vertex -3.505226720175454 -1.9270146964068615 -25.5
    endloop
  endfacet
  facet normal -0.7705132427757891 -0.6374239897486899 0
    outer loop
      vertex -3.23606797749979 -2.3511410091698925 -25.5
      vertex -2.9158745096856467 -2.738188423714754 -25.5
      vertex -3.23606797749979 -2.3511410091698925 0
    endloop
  endfacet
  facet normal -0.5877852522924727 -0.8090169943749477 0
    outer loop
      vertex -2.5496959589947585 -3.0820529711031575 -25.5
      vertex -2.143307179915987 -3.37731170200806 -25.5
      vertex -2.5496959589947585 -3.0820529711031575 0
    endloop
  endfacet
  facet normal -0.6845471059286891 -0.7289686274214111 0
    outer loop
      vertex -2.5496959589947585 -3.0820529711031575 -25.5
      vertex -2.9158745096856467 -2.738188423714754 0
      vertex -2.9158745096856467 -2.738188423714754 -25.5
    endloop
  endfacet
  facet normal 0 0 -1
    outer loop
      vertex -3.719105943553006 -1.4724982107387115 -25.5
      vertex -3.8743326445145243 -0.9947595486594194 -25.5
      vertex -3.719105943553006 1.4724982107387115 -25.5
    endloop
  endfacet
  facet normal 0 0 -1
    outer loop
      vertex -3.8743326445145243 -0.9947595486594194 -25.5
      vertex -3.9684588052579115 -0.5013329342572163 -25.5
      vertex -3.8743326445145243 0.9947595486594194 -25.5
    endloop
  endfacet
  facet normal 0 0 -1
    outer loop
      vertex -3.505226720175454 -1.9270146964068615 -25.5
      vertex -3.719105943553006 -1.4724982107387115 -25.5
      vertex -3.505226720175454 1.9270146964068615 -25.5
    endloop
  endfacet
  facet normal 0 0 -1
    outer loop
      vertex -3.23606797749979 -2.3511410091698925 -25.5
      vertex -3.505226720175454 -1.9270146964068615 -25.5
      vertex -3.23606797749979 2.3511410091698925 -25.5
    endloop
  endfacet
  facet normal 0 0 -1
    outer loop
      vertex -3.23606797749979 -2.3511410091698925 -25.5
      vertex -2.9158745096856467 2.738188423714754 -25.5
      vertex -2.9158745096856467 -2.738188423714754 -25.5
    endloop
  endfacet
  facet normal 0 0 -1
    outer loop
      vertex -2.9158745096856467 -2.738188423714754 -25.5
      vertex -2.7846765882448143 -0.7149834255989577 -25.5
      vertex -2.673107396928723 -1.058358088968449 -25.5
    endloop
  endfacet
  facet normal 0 0 -1
    outer loop
      vertex -2.9158745096856467 -2.738188423714754 -25.5
      vertex -2.673107396928723 -1.058358088968449 -25.5
      vertex -2.5193817051261074 -1.3850418130424318 -25.5
    endloop
  endfacet
  facet normal 0 0 -1
    outer loop
      vertex -2.9158745096856467 -2.738188423714754 -25.5
      vertex -2.852329766279124 -0.3603330464973742 -25.5
      vertex -2.7846765882448143 -0.7149834255989577 -25.5
    endloop
  endfacet
  facet normal 0 0 -1
    outer loop
      vertex -2.9158745096856467 -2.738188423714754 -25.5
      vertex -2.875 0 -25.5
      vertex -2.852329766279124 -0.3603330464973742 -25.5
    endloop
  endfacet
  facet normal -0.9048270524660194 -0.4257792915650732 0
    outer loop
      vertex -3.505226720175454 -1.9270146964068615 -25.5
      vertex -3.719105943553006 -1.4724982107387115 0
      vertex -3.719105943553006 -1.4724982107387115 -25.5
    endloop
  endfacet
  facet normal -0.9510565162951536 -0.30901699437494706 0
    outer loop
      vertex -3.719105943553006 -1.4724982107387115 -25.5
      vertex -3.8743326445145243 -0.9947595486594194 0
      vertex -3.8743326445145243 -0.9947595486594194 -25.5
    endloop
  endfacet
  facet normal -0.9822872507286887 -0.18738131458572496 0
    outer loop
      vertex -3.8743326445145243 -0.9947595486594194 -25.5
      vertex -3.9684588052579115 -0.5013329342572163 0
      vertex -3.9684588052579115 -0.5013329342572163 -25.5
    endloop
  endfacet
  facet normal -0.9980267284282717 -0.06279051952931311 0
    outer loop
      vertex -3.9684588052579115 -0.5013329342572163 -25.5
      vertex -4 0 0
      vertex -4 0 -25.5
    endloop
  endfacet
  facet normal 0 0 -1
    outer loop
      vertex -2.143307179915987 -3.37731170200806 -25.5
      vertex -1.5405020355646157 -2.427442785818293 -25.5
      vertex -1.7031171662602897 -3.6193082098640783 -25.5
    endloop
  endfacet
  facet normal 0 0 -1
    outer loop
      vertex -1.7031171662602897 -3.6193082098640783 -25.5
      vertex -1.2241154632495832 -2.6013777758398064 -25.5
      vertex -1.2360679774997896 -3.804226065180614 -25.5
    endloop
  endfacet
  facet normal 0 0 -1
    outer loop
      vertex -1.2360679774997896 -3.804226065180614 -25.5
      vertex -1.2241154632495832 -2.6013777758398064 -25.5
      vertex -0.8884238588279738 -2.7342874843485663 -25.5
    endloop
  endfacet
  facet normal 0 0 -1
    outer loop
      vertex -2.143307179915987 -3.37731170200806 -25.5
      vertex -1.8325939705274827 -2.2152255729803945 -25.5
      vertex -1.5405020355646157 -2.427442785818293 -25.5
    endloop
  endfacet
  facet normal 0 0 -1
    outer loop
      vertex -1.7031171662602897 -3.6193082098640783 -25.5
      vertex -1.5405020355646157 -2.427442785818293 -25.5
      vertex -1.2241154632495832 -2.6013777758398064 -25.5
    endloop
  endfacet
  facet normal 0 0 -1
    outer loop
      vertex -1.2360679774997896 -3.804226065180614 -25.5
      vertex -0.5387212794339589 -2.82407584584498 -25.5
      vertex -0.7495252583428993 -3.9291490029147544 -25.5
    endloop
  endfacet
  facet normal 0 0 -1
    outer loop
      vertex -1.2360679774997896 -3.804226065180614 -25.5
      vertex -0.8884238588279738 -2.7342874843485663 -25.5
      vertex -0.5387212794339589 -2.82407584584498 -25.5
    endloop
  endfacet
  facet normal 0 0 -1
    outer loop
      vertex -0.7495252583428993 -3.9291490029147544 -25.5
      vertex -0.18052274364677706 -2.869326844231281 -25.5
      vertex -0.25116207811725505 -3.9921069137130862 -25.5
    endloop
  endfacet
  facet normal 0 0 -1
    outer loop
      vertex -0.7495252583428993 -3.9291490029147544 -25.5
      vertex -0.5387212794339589 -2.82407584584498 -25.5
      vertex -0.18052274364677706 -2.869326844231281 -25.5
    endloop
  endfacet
  facet normal 0 0 -1
    outer loop
      vertex -0.25116207811725505 -3.9921069137130862 -25.5
      vertex -0.18052274364677706 -2.869326844231281 -25.5
      vertex 0.18052274364677706 -2.869326844231281 -25.5
    endloop
  endfacet
  facet normal -0.3681245526846778 -0.9297764858882515 0
    outer loop
      vertex -1.7031171662602897 -3.6193082098640783 -25.5
      vertex -1.2360679774997896 -3.804226065180614 -25.5
      vertex -1.7031171662602897 -3.6193082098640783 0
    endloop
  endfacet
  facet normal -0.48175367410171505 -0.8763066800438637 0
    outer loop
      vertex -2.143307179915987 -3.37731170200806 -25.5
      vertex -1.7031171662602897 -3.6193082098640783 -25.5
      vertex -2.143307179915987 -3.37731170200806 0
    endloop
  endfacet
  facet normal -0.24868988716485496 -0.968583161128631 0
    outer loop
      vertex -1.2360679774997896 -3.804226065180614 -25.5
      vertex -0.7495252583428993 -3.9291490029147544 -25.5
      vertex -1.2360679774997896 -3.804226065180614 0
    endloop
  endfacet
  facet normal -0.12533323356430498 -0.9921147013144778 0
    outer loop
      vertex -0.7495252583428993 -3.9291490029147544 -25.5
      vertex -0.25116207811725505 -3.9921069137130862 -25.5
      vertex -0.7495252583428993 -3.9291490029147544 0
    endloop
  endfacet
  facet normal 0 -1 0
    outer loop
      vertex -0.25116207811725505 -3.9921069137130862 -25.5
      vertex 0.25116207811725505 -3.9921069137130862 -25.5
      vertex -0.25116207811725505 -3.9921069137130862 0
    endloop
  endfacet
  facet normal -0.7705132427757891 -0.6374239897486899 0
    outer loop
      vertex -2.9158745096856467 -2.738188423714754 -25.5
      vertex -2.9158745096856467 -2.738188423714754 0
      vertex -3.23606797749979 -2.3511410091698925 0
    endloop
  endfacet
  facet normal -0.8443279255020154 -0.5358267949789962 0
    outer loop
      vertex -3.23606797749979 -2.3511410091698925 -25.5
      vertex -3.23606797749979 -2.3511410091698925 0
      vertex -3.505226720175454 -1.9270146964068615 0
    endloop
  endfacet
  facet normal -0.5877852522924727 -0.8090169943749477 0
    outer loop
      vertex -2.143307179915987 -3.37731170200806 -25.5
      vertex -2.143307179915987 -3.37731170200806 0
      vertex -2.5496959589947585 -3.0820529711031575 0
    endloop
  endfacet
  facet normal -0.6845471059286891 -0.7289686274214111 0
    outer loop
      vertex -2.5496959589947585 -3.0820529711031575 -25.5
      vertex -2.5496959589947585 -3.0820529711031575 0
      vertex -2.9158745096856467 -2.738188423714754 0
    endloop
  endfacet
  facet normal -0.9048270524660194 -0.4257792915650732 0
    outer loop
      vertex -3.505226720175454 -1.9270146964068615 -25.5
      vertex -3.505226720175454 -1.9270146964068615 0
      vertex -3.719105943553006 -1.4724982107387115 0
    endloop
  endfacet
  facet normal -0.9510565162951536 -0.30901699437494706 0
    outer loop
      vertex -3.719105943553006 -1.4724982107387115 -25.5
      vertex -3.719105943553006 -1.4724982107387115 0
      vertex -3.8743326445145243 -0.9947595486594194 0
    endloop
  endfacet
  facet normal -0.9822872507286887 -0.18738131458572496 0
    outer loop
      vertex -3.8743326445145243 -0.9947595486594194 -25.5
      vertex -3.8743326445145243 -0.9947595486594194 0
      vertex -3.9684588052579115 -0.5013329342572163 0
    endloop
  endfacet
  facet normal -0.9980267284282717 -0.06279051952931311 0
    outer loop
      vertex -3.9684588052579115 -0.5013329342572163 -25.5
      vertex -3.9684588052579115 -0.5013329342572163 0
      vertex -4 0 0
    endloop
  endfacet
  facet normal -0.48175367410171505 -0.8763066800438637 0
    outer loop
      vertex -1.7031171662602897 -3.6193082098640783 -25.5
      vertex -1.7031171662602897 -3.6193082098640783 0
      vertex -2.143307179915987 -3.37731170200806 0
    endloop
  endfacet
  facet normal -0.3681245526846778 -0.9297764858882515 0
    outer loop
      vertex -1.2360679774997896 -3.804226065180614 -25.5
      vertex -1.2360679774997896 -3.804226065180614 0
      vertex -1.7031171662602897 -3.6193082098640783 0
    endloop
  endfacet
  facet normal -0.24868988716485496 -0.968583161128631 0
    outer loop
      vertex -0.7495252583428993 -3.9291490029147544 -25.5
      vertex -0.7495252583428993 -3.9291490029147544 0
      vertex -1.2360679774997896 -3.804226065180614 0
    endloop
  endfacet
  facet normal -0.12533323356430498 -0.9921147013144778 0
    outer loop
      vertex -0.25116207811725505 -3.9921069137130862 -25.5
      vertex -0.25116207811725505 -3.9921069137130862 0
      vertex -0.7495252583428993 -3.9291490029147544 0
    endloop
  endfacet
  facet normal 0 0 -1
    outer loop
      vertex -3.9684588052579115 -0.5013329342572163 -25.5
      vertex -4 0 -25.5
      vertex -3.9684588052579115 0.5013329342572163 -25.5
    endloop
  endfacet
  facet normal 0 0 -1
    outer loop
      vertex -3.9684588052579115 -0.5013329342572163 -25.5
      vertex -3.9684588052579115 0.5013329342572163 -25.5
      vertex -3.8743326445145243 0.9947595486594194 -25.5
    endloop
  endfacet
  facet normal 0 0 -1
    outer loop
      vertex -3.8743326445145243 -0.9947595486594194 -25.5
      vertex -3.8743326445145243 0.9947595486594194 -25.5
      vertex -3.719105943553006 1.4724982107387115 -25.5
    endloop
  endfacet
  facet normal 0 0 -1
    outer loop
      vertex -3.719105943553006 -1.4724982107387115 -25.5
      vertex -3.719105943553006 1.4724982107387115 -25.5
      vertex -3.505226720175454 1.9270146964068615 -25.5
    endloop
  endfacet
  facet normal 0 0 -1
    outer loop
      vertex -3.505226720175454 -1.9270146964068615 -25.5
      vertex -3.505226720175454 1.9270146964068615 -25.5
      vertex -3.23606797749979 2.3511410091698925 -25.5
    endloop
  endfacet
  facet normal 0 0 -1
    outer loop
      vertex -3.23606797749979 -2.3511410091698925 -25.5
      vertex -3.23606797749979 2.3511410091698925 -25.5
      vertex -2.9158745096856467 2.738188423714754 -25.5
    endloop
  endfacet
  facet normal 0 0 -1
    outer loop
      vertex -2.9158745096856467 -2.738188423714754 -25.5
      vertex -2.9158745096856467 2.738188423714754 -25.5
      vertex -2.875 0 -25.5
    endloop
  endfacet
  facet normal 0 0 -1
    outer loop
      vertex -2.875 0 -25.5
      vertex -2.9158745096856467 2.738188423714754 -25.5
      vertex -2.852329766279124 0.3603330464973742 -25.5
    endloop
  endfacet
  facet normal 0 0 -1
    outer loop
      vertex -2.852329766279124 0.3603330464973742 -25.5
      vertex -2.9158745096856467 2.738188423714754 -25.5
      vertex -2.7846765882448143 0.7149834255989577 -25.5
    endloop
  endfacet
  facet normal 0 0 -1
    outer loop
      vertex -2.7846765882448143 0.7149834255989577 -25.5
      vertex -2.5496959589947585 3.0820529711031575 -25.5
      vertex -2.673107396928723 1.058358088968449 -25.5
    endloop
  endfacet
  facet normal 0 0 -1
    outer loop
      vertex -2.673107396928723 1.058358088968449 -25.5
      vertex -2.5496959589947585 3.0820529711031575 -25.5
      vertex -2.5193817051261074 1.3850418130424318 -25.5
    endloop
  endfacet
  facet normal -0.9980267284282717 0.06279051952931311 0
    outer loop
      vertex -4 0 -25.5
      vertex -3.9684588052579115 0.5013329342572163 0
      vertex -3.9684588052579115 0.5013329342572163 -25.5
    endloop
  endfacet
  facet normal -0.9822872507286887 0.18738131458572496 0
    outer loop
      vertex -3.9684588052579115 0.5013329342572163 -25.5
      vertex -3.8743326445145243 0.9947595486594194 0
      vertex -3.8743326445145243 0.9947595486594194 -25.5
    endloop
  endfacet
  facet normal -0.9510565162951536 0.30901699437494706 0
    outer loop
      vertex -3.8743326445145243 0.9947595486594194 -25.5
      vertex -3.719105943553006 1.4724982107387115 0
      vertex -3.719105943553006 1.4724982107387115 -25.5
    endloop
  endfacet
  facet normal -0.9048270524660194 0.4257792915650732 0
    outer loop
      vertex -3.719105943553006 1.4724982107387115 -25.5
      vertex -3.505226720175454 1.9270146964068615 0
      vertex -3.505226720175454 1.9270146964068615 -25.5
    endloop
  endfacet
  facet normal 0 0 -1
    outer loop
      vertex -2.7846765882448143 0.7149834255989577 -25.5
      vertex -2.9158745096856467 2.738188423714754 -25.5
      vertex -2.5496959589947585 3.0820529711031575 -25.5
    endloop
  endfacet
  facet normal 0 0 -1
    outer loop
      vertex -2.5193817051261074 1.3850418130424318 -25.5
      vertex -2.5496959589947585 3.0820529711031575 -25.5
      vertex -2.325923858827974 1.6898826003408602 -25.5
    endloop
  endfacet
  facet normal 0 0 -1
    outer loop
      vertex -2.325923858827974 1.6898826003408602 -25.5
      vertex -2.143307179915987 3.37731170200806 -25.5
      vertex -2.0957848038365587 1.9680729295449795 -25.5
    endloop
  endfacet
  facet normal 0 0 -1
    outer loop
      vertex -2.325923858827974 1.6898826003408602 -25.5
      vertex -2.5496959589947585 3.0820529711031575 -25.5
      vertex -2.143307179915987 3.37731170200806 -25.5
    endloop
  endfacet
  facet normal 0 0 -1
    outer loop
      vertex -2.0957848038365587 1.9680729295449795 -25.5
      vertex -2.143307179915987 3.37731170200806 -25.5
      vertex -1.8325939705274827 2.2152255729803945 -25.5
    endloop
  endfacet
  facet normal -0.8443279255020154 0.5358267949789962 0
    outer loop
      vertex -3.505226720175454 1.9270146964068615 -25.5
      vertex -3.23606797749979 2.3511410091698925 0
      vertex -3.23606797749979 2.3511410091698925 -25.5
    endloop
  endfacet
  facet normal -0.7705132427757891 0.6374239897486899 0
    outer loop
      vertex -3.23606797749979 2.3511410091698925 -25.5
      vertex -2.9158745096856467 2.738188423714754 0
      vertex -2.9158745096856467 2.738188423714754 -25.5
    endloop
  endfacet
  facet normal -0.6845471059286891 0.7289686274214111 0
    outer loop
      vertex -2.9158745096856467 2.738188423714754 -25.5
      vertex -2.5496959589947585 3.0820529711031575 0
      vertex -2.5496959589947585 3.0820529711031575 -25.5
    endloop
  endfacet
  facet normal -0.5877852522924727 0.8090169943749477 0
    outer loop
      vertex -2.5496959589947585 3.0820529711031575 -25.5
      vertex -2.143307179915987 3.37731170200806 0
      vertex -2.143307179915987 3.37731170200806 -25.5
    endloop
  endfacet
  facet normal 0 0 -1
    outer loop
      vertex -1.8325939705274827 2.2152255729803945 -25.5
      vertex -1.7031171662602909 3.619308209864078 -25.5
      vertex -1.5405020355646157 2.427442785818293 -25.5
    endloop
  endfacet
  facet normal 0 0 -1
    outer loop
      vertex -1.5405020355646157 2.427442785818293 -25.5
      vertex -1.2360679774997896 3.804226065180614 -25.5
      vertex -1.224115463249584 2.601377775839806 -25.5
    endloop
  endfacet
  facet normal 0 0 -1
    outer loop
      vertex -2.143307179915987 3.37731170200806 -25.5
      vertex -1.7031171662602909 3.619308209864078 -25.5
      vertex -1.8325939705274827 2.2152255729803945 -25.5
    endloop
  endfacet
  facet normal 0 0 -1
    outer loop
      vertex -1.5405020355646157 2.427442785818293 -25.5
      vertex -1.7031171662602909 3.619308209864078 -25.5
      vertex -1.2360679774997896 3.804226065180614 -25.5
    endloop
  endfacet
  facet normal 0 0 -1
    outer loop
      vertex -1.224115463249584 2.601377775839806 -25.5
      vertex -1.2360679774997896 3.804226065180614 -25.5
      vertex -0.8884238588279738 2.7342874843485663 -25.5
    endloop
  endfacet
  facet normal 0 0 -1
    outer loop
      vertex -1.2360679774997896 3.804226065180614 -25.5
      vertex -0.7495252583428983 3.929149002914755 -25.5
      vertex -0.8884238588279738 2.7342874843485663 -25.5
    endloop
  endfacet
  facet normal 0 0 -1
    outer loop
      vertex -0.8884238588279738 2.7342874843485663 -25.5
      vertex -0.7495252583428983 3.929149002914755 -25.5
      vertex -0.5387212794339582 2.82407584584498 -25.5
    endloop
  endfacet
  facet normal 0 0 -1
    outer loop
      vertex -0.5387212794339582 2.82407584584498 -25.5
      vertex -0.7495252583428983 3.929149002914755 -25.5
      vertex -0.2511620781172531 3.9921069137130862 -25.5
    endloop
  endfacet
  facet normal 0 0 -1
    outer loop
      vertex -0.5387212794339582 2.82407584584498 -25.5
      vertex -0.2511620781172531 3.9921069137130862 -25.5
      vertex -0.18052274364677567 2.869326844231281 -25.5
    endloop
  endfacet
  facet normal 0 0 -1
    outer loop
      vertex -0.18052274364677567 2.869326844231281 -25.5
      vertex -0.2511620781172531 3.9921069137130862 -25.5
      vertex 0.2511620781172531 3.9921069137130862 -25.5
    endloop
  endfacet
  facet normal -0.48175367410171527 0.8763066800438635 0
    outer loop
      vertex -2.143307179915987 3.37731170200806 -25.5
      vertex -1.7031171662602909 3.619308209864078 0
      vertex -1.7031171662602909 3.619308209864078 -25.5
    endloop
  endfacet
  facet normal -0.3681245526846778 0.9297764858882515 0
    outer loop
      vertex -1.7031171662602909 3.619308209864078 -25.5
      vertex -1.2360679774997896 3.804226065180614 0
      vertex -1.2360679774997896 3.804226065180614 -25.5
    endloop
  endfacet
  facet normal -0.24868988716485532 0.968583161128631 0
    outer loop
      vertex -1.2360679774997896 3.804226065180614 -25.5
      vertex -0.7495252583428983 3.929149002914755 0
      vertex -0.7495252583428983 3.929149002914755 -25.5
    endloop
  endfacet
  facet normal -0.12533323356430384 0.9921147013144778 0
    outer loop
      vertex -0.7495252583428983 3.929149002914755 -25.5
      vertex -0.2511620781172531 3.9921069137130862 0
      vertex -0.2511620781172531 3.9921069137130862 -25.5
    endloop
  endfacet
  facet normal -0.9980267284282717 0.06279051952931311 0
    outer loop
      vertex -4 0 -25.5
      vertex -4 0 0
      vertex -3.9684588052579115 0.5013329342572163 0
    endloop
  endfacet
  facet normal -0.9822872507286887 0.18738131458572496 0
    outer loop
      vertex -3.9684588052579115 0.5013329342572163 -25.5
      vertex -3.9684588052579115 0.5013329342572163 0
      vertex -3.8743326445145243 0.9947595486594194 0
    endloop
  endfacet
  facet normal -0.9510565162951536 0.30901699437494706 0
    outer loop
      vertex -3.8743326445145243 0.9947595486594194 -25.5
      vertex -3.8743326445145243 0.9947595486594194 0
      vertex -3.719105943553006 1.4724982107387115 0
    endloop
  endfacet
  facet normal -0.9048270524660194 0.4257792915650732 0
    outer loop
      vertex -3.719105943553006 1.4724982107387115 -25.5
      vertex -3.719105943553006 1.4724982107387115 0
      vertex -3.505226720175454 1.9270146964068615 0
    endloop
  endfacet
  facet normal -0.8443279255020154 0.5358267949789962 0
    outer loop
      vertex -3.505226720175454 1.9270146964068615 -25.5
      vertex -3.505226720175454 1.9270146964068615 0
      vertex -3.23606797749979 2.3511410091698925 0
    endloop
  endfacet
  facet normal -0.7705132427757891 0.6374239897486899 0
    outer loop
      vertex -3.23606797749979 2.3511410091698925 -25.5
      vertex -3.23606797749979 2.3511410091698925 0
      vertex -2.9158745096856467 2.738188423714754 0
    endloop
  endfacet
  facet normal -0.6845471059286891 0.7289686274214111 0
    outer loop
      vertex -2.9158745096856467 2.738188423714754 -25.5
      vertex -2.9158745096856467 2.738188423714754 0
      vertex -2.5496959589947585 3.0820529711031575 0
    endloop
  endfacet
  facet normal -0.5877852522924727 0.8090169943749477 0
    outer loop
      vertex -2.5496959589947585 3.0820529711031575 -25.5
      vertex -2.5496959589947585 3.0820529711031575 0
      vertex -2.143307179915987 3.37731170200806 0
    endloop
  endfacet
  facet normal -0.48175367410171527 0.8763066800438635 0
    outer loop
      vertex -2.143307179915987 3.37731170200806 -25.5
      vertex -2.143307179915987 3.37731170200806 0
      vertex -1.7031171662602909 3.619308209864078 0
    endloop
  endfacet
  facet normal -0.3681245526846778 0.9297764858882515 0
    outer loop
      vertex -1.7031171662602909 3.619308209864078 -25.5
      vertex -1.7031171662602909 3.619308209864078 0
      vertex -1.2360679774997896 3.804226065180614 0
    endloop
  endfacet
  facet normal -0.24868988716485532 0.968583161128631 0
    outer loop
      vertex -1.2360679774997896 3.804226065180614 -25.5
      vertex -1.2360679774997896 3.804226065180614 0
      vertex -0.7495252583428983 3.929149002914755 0
    endloop
  endfacet
  facet normal -0.12533323356430384 0.9921147013144778 0
    outer loop
      vertex -0.7495252583428983 3.929149002914755 -25.5
      vertex -0.7495252583428983 3.929149002914755 0
      vertex -0.2511620781172531 3.9921069137130862 0
    endloop
  endfacet
  facet normal 0 1 0
    outer loop
      vertex -0.2511620781172531 3.9921069137130862 -25.5
      vertex -0.2511620781172531 3.9921069137130862 0
      vertex 0.2511620781172531 3.9921069137130862 0
    endloop
  endfacet
  facet normal 0 0 -1
    outer loop
      vertex -0.25116207811725505 -3.9921069137130862 -25.5
      vertex 0.18052274364677706 -2.869326844231281 -25.5
      vertex 0.25116207811725505 -3.9921069137130862 -25.5
    endloop
  endfacet
  facet normal 0 0 -1
    outer loop
      vertex 0.25116207811725505 -3.9921069137130862 -25.5
      vertex 0.18052274364677706 -2.869326844231281 -25.5
      vertex 0.5387212794339589 -2.82407584584498 -25.5
    endloop
  endfacet
  facet normal 0 0 -1
    outer loop
      vertex 0.25116207811725505 -3.9921069137130862 -25.5
      vertex 0.5387212794339589 -2.82407584584498 -25.5
      vertex 0.7495252583428993 -3.9291490029147544 -25.5
    endloop
  endfacet
  facet normal 0 0 -1
    outer loop
      vertex 0.7495252583428993 -3.9291490029147544 -25.5
      vertex 0.5387212794339589 -2.82407584584498 -25.5
      vertex 0.8884238588279738 -2.7342874843485663 -25.5
    endloop
  endfacet
  facet normal 0 0 -1
    outer loop
      vertex 0.7495252583428993 -3.9291490029147544 -25.5
      vertex 0.8884238588279738 -2.7342874843485663 -25.5
      vertex 1.2360679774997896 -3.804226065180614 -25.5
    endloop
  endfacet
  facet normal 0 0 -1
    outer loop
      vertex 0.8884238588279738 -2.7342874843485663 -25.5
      vertex 1.2241154632495832 -2.6013777758398064 -25.5
      vertex 1.2360679774997896 -3.804226065180614 -25.5
    endloop
  endfacet
  facet normal 0 0 -1
    outer loop
      vertex 1.2360679774997896 -3.804226065180614 -25.5
      vertex 1.5405020355646142 -2.427442785818294 -25.5
      vertex 1.7031171662602897 -3.6193082098640783 -25.5
    endloop
  endfacet
  facet normal 0 0 -1
    outer loop
      vertex 1.7031171662602897 -3.6193082098640783 -25.5
      vertex 1.8325939705274836 -2.2152255729803936 -25.5
      vertex 2.143307179915985 -3.377311702008061 -25.5
    endloop
  endfacet
  facet normal 0 0 -1
    outer loop
      vertex 1.2360679774997896 -3.804226065180614 -25.5
      vertex 1.2241154632495832 -2.6013777758398064 -25.5
      vertex 1.5405020355646142 -2.427442785818294 -25.5
    endloop
  endfacet
  facet normal 0 0 -1
    outer loop
      vertex 1.7031171662602897 -3.6193082098640783 -25.5
      vertex 1.5405020355646142 -2.427442785818294 -25.5
      vertex 1.8325939705274836 -2.2152255729803936 -25.5
    endloop
  endfacet
  facet normal 0.12533323356430498 -0.9921147013144778 0
    outer loop
      vertex 0.25116207811725505 -3.9921069137130862 -25.5
      vertex 0.7495252583428993 -3.9291490029147544 -25.5
      vertex 0.25116207811725505 -3.9921069137130862 0
    endloop
  endfacet
  facet normal 0.24868988716485496 -0.968583161128631 0
    outer loop
      vertex 0.7495252583428993 -3.9291490029147544 -25.5
      vertex 1.2360679774997896 -3.804226065180614 -25.5
      vertex 0.7495252583428993 -3.9291490029147544 0
    endloop
  endfacet
  facet normal 0.3681245526846778 -0.9297764858882515 0
    outer loop
      vertex 1.2360679774997896 -3.804226065180614 -25.5
      vertex 1.7031171662602897 -3.6193082098640783 -25.5
      vertex 1.2360679774997896 -3.804226065180614 0
    endloop
  endfacet
  facet normal 0.4817536741017149 -0.8763066800438637 0
    outer loop
      vertex 1.7031171662602897 -3.6193082098640783 -25.5
      vertex 2.143307179915985 -3.377311702008061 -25.5
      vertex 1.7031171662602897 -3.6193082098640783 0
    endloop
  endfacet
  facet normal 0 0 -1
    outer loop
      vertex 1.8325939705274836 -2.2152255729803936 -25.5
      vertex 2.0957848038365587 -1.9680729295449795 -25.5
      vertex 2.143307179915985 -3.377311702008061 -25.5
    endloop
  endfacet
  facet normal 0 0 -1
    outer loop
      vertex 2.143307179915985 -3.377311702008061 -25.5
      vertex 2.325923858827974 -1.6898826003408602 -25.5
      vertex 2.54969595899476 -3.082052971103156 -25.5
    endloop
  endfacet
  facet normal 0 0 -1
    outer loop
      vertex 2.143307179915985 -3.377311702008061 -25.5
      vertex 2.0957848038365587 -1.9680729295449795 -25.5
      vertex 2.325923858827974 -1.6898826003408602 -25.5
    endloop
  endfacet
  facet normal 0 0 -1
    outer loop
      vertex 2.54969595899476 -3.082052971103156 -25.5
      vertex 2.325923858827974 -1.6898826003408602 -25.5
      vertex 2.5193817051261074 -1.3850418130424318 -25.5
    endloop
  endfacet
  facet normal 0 0 -1
    outer loop
      vertex 2.54969595899476 -3.082052971103156 -25.5
      vertex 2.784676588244815 -0.7149834255989564 -25.5
      vertex 2.9158745096856467 -2.738188423714754 -25.5
    endloop
  endfacet
  facet normal 0.5877852522924729 -0.8090169943749477 0
    outer loop
      vertex 2.143307179915985 -3.377311702008061 -25.5
      vertex 2.54969595899476 -3.082052971103156 -25.5
      vertex 2.143307179915985 -3.377311702008061 0
    endloop
  endfacet
  facet normal 0.6845471059286891 -0.7289686274214112 0
    outer loop
      vertex 2.54969595899476 -3.082052971103156 -25.5
      vertex 2.9158745096856467 -2.738188423714754 -25.5
      vertex 2.54969595899476 -3.082052971103156 0
    endloop
  endfacet
  facet normal 0.7705132427757891 -0.6374239897486899 0
    outer loop
      vertex 2.9158745096856467 -2.738188423714754 -25.5
      vertex 3.23606797749979 -2.3511410091698925 -25.5
      vertex 2.9158745096856467 -2.738188423714754 0
    endloop
  endfacet
  facet normal 0.8443279255020154 -0.5358267949789962 0
    outer loop
      vertex 3.23606797749979 -2.3511410091698925 -25.5
      vertex 3.505226720175454 -1.9270146964068615 -25.5
      vertex 3.23606797749979 -2.3511410091698925 0
    endloop
  endfacet
  facet normal 0 0 -1
    outer loop
      vertex 2.54969595899476 -3.082052971103156 -25.5
      vertex 2.5193817051261074 -1.3850418130424318 -25.5
      vertex 2.6731073969287222 -1.0583580889684503 -25.5
    endloop
  endfacet
  facet normal 0 0 -1
    outer loop
      vertex 2.54969595899476 -3.082052971103156 -25.5
      vertex 2.6731073969287222 -1.0583580889684503 -25.5
      vertex 2.784676588244815 -0.7149834255989564 -25.5
    endloop
  endfacet
  facet normal 0 0 -1
    outer loop
      vertex 2.9158745096856467 -2.738188423714754 -25.5
      vertex 2.784676588244815 -0.7149834255989564 -25.5
      vertex 2.852329766279124 -0.3603330464973742 -25.5
    endloop
  endfacet
  facet normal 0 0 -1
    outer loop
      vertex 2.9158745096856467 -2.738188423714754 -25.5
      vertex 2.852329766279124 -0.3603330464973742 -25.5
      vertex 2.875 0 -25.5
    endloop
  endfacet
  facet normal 0 0 -1
    outer loop
      vertex 2.9158745096856467 -2.738188423714754 -25.5
      vertex 3.23606797749979 2.3511410091698925 -25.5
      vertex 3.23606797749979 -2.3511410091698925 -25.5
    endloop
  endfacet
  facet normal 0 0 -1
    outer loop
      vertex 3.23606797749979 -2.3511410091698925 -25.5
      vertex 3.5052267201754543 1.9270146964068613 -25.5
      vertex 3.505226720175454 -1.9270146964068615 -25.5
    endloop
  endfacet
  facet normal 0 0 -1
    outer loop
      vertex 3.505226720175454 -1.9270146964068615 -25.5
      vertex 3.7191059435530054 1.472498210738712 -25.5
      vertex 3.719105943553005 -1.4724982107387135 -25.5
    endloop
  endfacet
  facet normal 0 0 -1
    outer loop
      vertex 3.719105943553005 -1.4724982107387135 -25.5
      vertex 3.8743326445145243 0.9947595486594192 -25.5
      vertex 3.8743326445145247 -0.9947595486594177 -25.5
    endloop
  endfacet
  facet normal 0 0 -1
    outer loop
      vertex 3.8743326445145247 -0.9947595486594177 -25.5
      vertex 3.9684588052579115 0.501332934257217 -25.5
      vertex 3.9684588052579115 -0.5013329342572163 -25.5
    endloop
  endfacet
  facet normal 0.9048270524660194 -0.4257792915650732 0
    outer loop
      vertex 3.505226720175454 -1.9270146964068615 -25.5
      vertex 3.719105943553005 -1.4724982107387135 -25.5
      vertex 3.505226720175454 -1.9270146964068615 0
    endloop
  endfacet
  facet normal 0.9510565162951536 -0.30901699437494734 0
    outer loop
      vertex 3.719105943553005 -1.4724982107387135 -25.5
      vertex 3.8743326445145247 -0.9947595486594177 -25.5
      vertex 3.719105943553005 -1.4724982107387135 0
    endloop
  endfacet
  facet normal 0.9822872507286887 -0.18738131458572474 0
    outer loop
      vertex 3.8743326445145247 -0.9947595486594177 -25.5
      vertex 3.9684588052579115 -0.5013329342572163 -25.5
      vertex 3.8743326445145247 -0.9947595486594177 0
    endloop
  endfacet
  facet normal 0.9980267284282717 -0.06279051952931311 0
    outer loop
      vertex 3.9684588052579115 -0.5013329342572163 -25.5
      vertex 4 0 -25.5
      vertex 3.9684588052579115 -0.5013329342572163 0
    endloop
  endfacet
  facet normal 0 -1 0
    outer loop
      vertex 0.25116207811725505 -3.9921069137130862 -25.5
      vertex 0.25116207811725505 -3.9921069137130862 0
      vertex -0.25116207811725505 -3.9921069137130862 0
    endloop
  endfacet
  facet normal 0.12533323356430498 -0.9921147013144778 0
    outer loop
      vertex 0.7495252583428993 -3.9291490029147544 -25.5
      vertex 0.7495252583428993 -3.9291490029147544 0
      vertex 0.25116207811725505 -3.9921069137130862 0
    endloop
  endfacet
  facet normal 0.24868988716485496 -0.968583161128631 0
    outer loop
      vertex 1.2360679774997896 -3.804226065180614 -25.5
      vertex 1.2360679774997896 -3.804226065180614 0
      vertex 0.7495252583428993 -3.9291490029147544 0
    endloop
  endfacet
  facet normal 0.3681245526846778 -0.9297764858882515 0
    outer loop
      vertex 1.7031171662602897 -3.6193082098640783 -25.5
      vertex 1.7031171662602897 -3.6193082098640783 0
      vertex 1.2360679774997896 -3.804226065180614 0
    endloop
  endfacet
  facet normal 0.4817536741017149 -0.8763066800438637 0
    outer loop
      vertex 2.143307179915985 -3.377311702008061 -25.5
      vertex 2.143307179915985 -3.377311702008061 0
      vertex 1.7031171662602897 -3.6193082098640783 0
    endloop
  endfacet
  facet normal 0.5877852522924729 -0.8090169943749477 0
    outer loop
      vertex 2.54969595899476 -3.082052971103156 -25.5
      vertex 2.54969595899476 -3.082052971103156 0
      vertex 2.143307179915985 -3.377311702008061 0
    endloop
  endfacet
  facet normal 0.6845471059286891 -0.7289686274214112 0
    outer loop
      vertex 2.9158745096856467 -2.738188423714754 -25.5
      vertex 2.9158745096856467 -2.738188423714754 0
      vertex 2.54969595899476 -3.082052971103156 0
    endloop
  endfacet
  facet normal 0.7705132427757891 -0.6374239897486899 0
    outer loop
      vertex 3.23606797749979 -2.3511410091698925 -25.5
      vertex 3.23606797749979 -2.3511410091698925 0
      vertex 2.9158745096856467 -2.738188423714754 0
    endloop
  endfacet
  facet normal 0.8443279255020154 -0.5358267949789962 0
    outer loop
      vertex 3.505226720175454 -1.9270146964068615 -25.5
      vertex 3.505226720175454 -1.9270146964068615 0
      vertex 3.23606797749979 -2.3511410091698925 0
    endloop
  endfacet
  facet normal 0.9048270524660194 -0.4257792915650732 0
    outer loop
      vertex 3.719105943553005 -1.4724982107387135 -25.5
      vertex 3.719105943553005 -1.4724982107387135 0
      vertex 3.505226720175454 -1.9270146964068615 0
    endloop
  endfacet
  facet normal 0.9510565162951536 -0.30901699437494734 0
    outer loop
      vertex 3.8743326445145247 -0.9947595486594177 -25.5
      vertex 3.8743326445145247 -0.9947595486594177 0
      vertex 3.719105943553005 -1.4724982107387135 0
    endloop
  endfacet
  facet normal 0.9822872507286887 -0.18738131458572474 0
    outer loop
      vertex 3.9684588052579115 -0.5013329342572163 -25.5
      vertex 3.9684588052579115 -0.5013329342572163 0
      vertex 3.8743326445145247 -0.9947595486594177 0
    endloop
  endfacet
  facet normal 0.9980267284282717 -0.06279051952931311 0
    outer loop
      vertex 4 0 -25.5
      vertex 4 0 0
      vertex 3.9684588052579115 -0.5013329342572163 0
    endloop
  endfacet
  facet normal 0 0 -1
    outer loop
      vertex -0.18052274364677567 2.869326844231281 -25.5
      vertex 0.2511620781172531 3.9921069137130862 -25.5
      vertex 0.18052274364677542 2.869326844231281 -25.5
    endloop
  endfacet
  facet normal 0 0 -1
    outer loop
      vertex 0.18052274364677542 2.869326844231281 -25.5
      vertex 0.7495252583428983 3.929149002914755 -25.5
      vertex 0.5387212794339582 2.82407584584498 -25.5
    endloop
  endfacet
  facet normal 0 0 -1
    outer loop
      vertex 0.18052274364677542 2.869326844231281 -25.5
      vertex 0.2511620781172531 3.9921069137130862 -25.5
      vertex 0.7495252583428983 3.929149002914755 -25.5
    endloop
  endfacet
  facet normal 0 0 -1
    outer loop
      vertex 0.5387212794339582 2.82407584584498 -25.5
      vertex 1.2360679774997896 3.804226065180614 -25.5
      vertex 0.8884238588279738 2.7342874843485663 -25.5
    endloop
  endfacet
  facet normal 0 0 -1
    outer loop
      vertex 0.5387212794339582 2.82407584584498 -25.5
      vertex 0.7495252583428983 3.929149002914755 -25.5
      vertex 1.2360679774997896 3.804226065180614 -25.5
    endloop
  endfacet
  facet normal 0 0 -1
    outer loop
      vertex 1.224115463249584 2.601377775839806 -25.5
      vertex 1.7031171662602909 3.619308209864078 -25.5
      vertex 1.5405020355646153 2.427442785818293 -25.5
    endloop
  endfacet
  facet normal 0 0 -1
    outer loop
      vertex 1.5405020355646153 2.427442785818293 -25.5
      vertex 2.1433071799159866 3.3773117020080603 -25.5
      vertex 1.832593970527483 2.2152255729803936 -25.5
    endloop
  endfacet
  facet normal 0 0 -1
    outer loop
      vertex 0.8884238588279738 2.7342874843485663 -25.5
      vertex 1.2360679774997896 3.804226065180614 -25.5
      vertex 1.224115463249584 2.601377775839806 -25.5
    endloop
  endfacet
  facet normal 0 0 -1
    outer loop
      vertex 1.224115463249584 2.601377775839806 -25.5
      vertex 1.2360679774997896 3.804226065180614 -25.5
      vertex 1.7031171662602909 3.619308209864078 -25.5
    endloop
  endfacet
  facet normal 0 0 -1
    outer loop
      vertex 1.5405020355646153 2.427442785818293 -25.5
      vertex 1.7031171662602909 3.619308209864078 -25.5
      vertex 2.1433071799159866 3.3773117020080603 -25.5
    endloop
  endfacet
  facet normal 0 1 0
    outer loop
      vertex -0.2511620781172531 3.9921069137130862 -25.5
      vertex 0.2511620781172531 3.9921069137130862 0
      vertex 0.2511620781172531 3.9921069137130862 -25.5
    endloop
  endfacet
  facet normal 0.12533323356430384 0.9921147013144778 0
    outer loop
      vertex 0.2511620781172531 3.9921069137130862 -25.5
      vertex 0.7495252583428983 3.929149002914755 0
      vertex 0.7495252583428983 3.929149002914755 -25.5
    endloop
  endfacet
  facet normal 0.24868988716485532 0.968583161128631 0
    outer loop
      vertex 0.7495252583428983 3.929149002914755 -25.5
      vertex 1.2360679774997896 3.804226065180614 0
      vertex 1.2360679774997896 3.804226065180614 -25.5
    endloop
  endfacet
  facet normal 0.48175367410171505 0.8763066800438638 0
    outer loop
      vertex 1.7031171662602909 3.619308209864078 -25.5
      vertex 2.1433071799159866 3.3773117020080603 0
      vertex 2.1433071799159866 3.3773117020080603 -25.5
    endloop
  endfacet
  facet normal 0.3681245526846778 0.9297764858882515 0
    outer loop
      vertex 1.2360679774997896 3.804226065180614 -25.5
      vertex 1.7031171662602909 3.619308209864078 0
      vertex 1.7031171662602909 3.619308209864078 -25.5
    endloop
  endfacet
  facet normal 0 0 -1
    outer loop
      vertex 2.9158745096856467 -2.738188423714754 -25.5
      vertex 2.875 0 -25.5
      vertex 2.915874509685646 2.738188423714755 -25.5
    endloop
  endfacet
  facet normal 0 0 -1
    outer loop
      vertex 2.875 0 -25.5
      vertex 2.852329766279124 0.36033304649737474 -25.5
      vertex 2.915874509685646 2.738188423714755 -25.5
    endloop
  endfacet
  facet normal 0 0 -1
    outer loop
      vertex 2.852329766279124 0.36033304649737474 -25.5
      vertex 2.7846765882448143 0.7149834255989576 -25.5
      vertex 2.915874509685646 2.738188423714755 -25.5
    endloop
  endfacet
  facet normal 0 0 -1
    outer loop
      vertex 2.6731073969287227 1.0583580889684492 -25.5
      vertex 2.519381705126108 1.3850418130424316 -25.5
      vertex 2.915874509685646 2.738188423714755 -25.5
    endloop
  endfacet
  facet normal 0 0 -1
    outer loop
      vertex 2.7846765882448143 0.7149834255989576 -25.5
      vertex 2.6731073969287227 1.0583580889684492 -25.5
      vertex 2.915874509685646 2.738188423714755 -25.5
    endloop
  endfacet
  facet normal 0 0 -1
    outer loop
      vertex 2.9158745096856467 -2.738188423714754 -25.5
      vertex 2.915874509685646 2.738188423714755 -25.5
      vertex 3.23606797749979 2.3511410091698925 -25.5
    endloop
  endfacet
  facet normal 0 0 -1
    outer loop
      vertex 3.23606797749979 -2.3511410091698925 -25.5
      vertex 3.23606797749979 2.3511410091698925 -25.5
      vertex 3.5052267201754543 1.9270146964068613 -25.5
    endloop
  endfacet
  facet normal 0 0 -1
    outer loop
      vertex 3.505226720175454 -1.9270146964068615 -25.5
      vertex 3.5052267201754543 1.9270146964068613 -25.5
      vertex 3.7191059435530054 1.472498210738712 -25.5
    endloop
  endfacet
  facet normal 0 0 -1
    outer loop
      vertex 3.9684588052579115 -0.5013329342572163 -25.5
      vertex 3.9684588052579115 0.501332934257217 -25.5
      vertex 4 0 -25.5
    endloop
  endfacet
  facet normal 0 0 -1
    outer loop
      vertex 3.8743326445145247 -0.9947595486594177 -25.5
      vertex 3.8743326445145243 0.9947595486594192 -25.5
      vertex 3.9684588052579115 0.501332934257217 -25.5
    endloop
  endfacet
  facet normal 0 0 -1
    outer loop
      vertex 3.719105943553005 -1.4724982107387135 -25.5
      vertex 3.7191059435530054 1.472498210738712 -25.5
      vertex 3.8743326445145243 0.9947595486594192 -25.5
    endloop
  endfacet
  facet normal 0.9980267284282717 0.06279051952931301 0
    outer loop
      vertex 4 0 -25.5
      vertex 3.9684588052579115 0.501332934257217 -25.5
      vertex 4 0 0
    endloop
  endfacet
  facet normal 0.9822872507286885 0.1873813145857253 0
    outer loop
      vertex 3.9684588052579115 0.501332934257217 -25.5
      vertex 3.8743326445145243 0.9947595486594192 -25.5
      vertex 3.9684588052579115 0.501332934257217 0
    endloop
  endfacet
  facet normal 0.9510565162951535 0.3090169943749475 0
    outer loop
      vertex 3.8743326445145243 0.9947595486594192 -25.5
      vertex 3.7191059435530054 1.472498210738712 -25.5
      vertex 3.8743326445145243 0.9947595486594192 0
    endloop
  endfacet
  facet normal 0.9048270524660197 0.42577929156507216 0
    outer loop
      vertex 3.7191059435530054 1.472498210738712 -25.5
      vertex 3.5052267201754543 1.9270146964068613 -25.5
      vertex 3.7191059435530054 1.472498210738712 0
    endloop
  endfacet
  facet normal 0 0 -1
    outer loop
      vertex 2.325923858827974 1.6898826003408602 -25.5
      vertex 2.549695958994759 3.0820529711031566 -25.5
      vertex 2.519381705126108 1.3850418130424316 -25.5
    endloop
  endfacet
  facet normal 0 0 -1
    outer loop
      vertex 2.0957848038365583 1.9680729295449801 -25.5
      vertex 2.549695958994759 3.0820529711031566 -25.5
      vertex 2.325923858827974 1.6898826003408602 -25.5
    endloop
  endfacet
  facet normal 0 0 -1
    outer loop
      vertex 1.832593970527483 2.2152255729803936 -25.5
      vertex 2.1433071799159866 3.3773117020080603 -25.5
      vertex 2.0957848038365583 1.9680729295449801 -25.5
    endloop
  endfacet
  facet normal 0 0 -1
    outer loop
      vertex 2.0957848038365583 1.9680729295449801 -25.5
      vertex 2.1433071799159866 3.3773117020080603 -25.5
      vertex 2.549695958994759 3.0820529711031566 -25.5
    endloop
  endfacet
  facet normal 0 0 -1
    outer loop
      vertex 2.519381705126108 1.3850418130424316 -25.5
      vertex 2.549695958994759 3.0820529711031566 -25.5
      vertex 2.915874509685646 2.738188423714755 -25.5
    endloop
  endfacet
  facet normal 0.6845471059286882 0.7289686274214121 0
    outer loop
      vertex 2.915874509685646 2.738188423714755 -25.5
      vertex 2.549695958994759 3.0820529711031566 -25.5
      vertex 2.915874509685646 2.738188423714755 0
    endloop
  endfacet
  facet normal 0.5877852522924736 0.809016994374947 0
    outer loop
      vertex 2.1433071799159866 3.3773117020080603 -25.5
      vertex 2.549695958994759 3.0820529711031566 0
      vertex 2.549695958994759 3.0820529711031566 -25.5
    endloop
  endfacet
  facet normal 0.7705132427757894 0.6374239897486895 0
    outer loop
      vertex 2.915874509685646 2.738188423714755 -25.5
      vertex 3.23606797749979 2.3511410091698925 0
      vertex 3.23606797749979 2.3511410091698925 -25.5
    endloop
  endfacet
  facet normal 0.844327925502015 0.5358267949789965 0
    outer loop
      vertex 3.5052267201754543 1.9270146964068613 -25.5
      vertex 3.23606797749979 2.3511410091698925 -25.5
      vertex 3.5052267201754543 1.9270146964068613 0
    endloop
  endfacet
  facet normal 0.12533323356430384 0.9921147013144778 0
    outer loop
      vertex 0.2511620781172531 3.9921069137130862 -25.5
      vertex 0.2511620781172531 3.9921069137130862 0
      vertex 0.7495252583428983 3.929149002914755 0
    endloop
  endfacet
  facet normal 0.24868988716485532 0.968583161128631 0
    outer loop
      vertex 0.7495252583428983 3.929149002914755 -25.5
      vertex 0.7495252583428983 3.929149002914755 0
      vertex 1.2360679774997896 3.804226065180614 0
    endloop
  endfacet
  facet normal 0.3681245526846778 0.9297764858882515 0
    outer loop
      vertex 1.2360679774997896 3.804226065180614 -25.5
      vertex 1.2360679774997896 3.804226065180614 0
      vertex 1.7031171662602909 3.619308209864078 0
    endloop
  endfacet
  facet normal 0.48175367410171505 0.8763066800438638 0
    outer loop
      vertex 1.7031171662602909 3.619308209864078 -25.5
      vertex 1.7031171662602909 3.619308209864078 0
      vertex 2.1433071799159866 3.3773117020080603 0
    endloop
  endfacet
  facet normal 0.9980267284282717 0.06279051952931301 0
    outer loop
      vertex 3.9684588052579115 0.501332934257217 -25.5
      vertex 3.9684588052579115 0.501332934257217 0
      vertex 4 0 0
    endloop
  endfacet
  facet normal 0.9822872507286885 0.1873813145857253 0
    outer loop
      vertex 3.8743326445145243 0.9947595486594192 -25.5
      vertex 3.8743326445145243 0.9947595486594192 0
      vertex 3.9684588052579115 0.501332934257217 0
    endloop
  endfacet
  facet normal 0.9510565162951535 0.3090169943749475 0
    outer loop
      vertex 3.7191059435530054 1.472498210738712 -25.5
      vertex 3.7191059435530054 1.472498210738712 0
      vertex 3.8743326445145243 0.9947595486594192 0
    endloop
  endfacet
  facet normal 0.9048270524660197 0.42577929156507216 0
    outer loop
      vertex 3.5052267201754543 1.9270146964068613 -25.5
      vertex 3.5052267201754543 1.9270146964068613 0
      vertex 3.7191059435530054 1.472498210738712 0
    endloop
  endfacet
  facet normal 0.6845471059286882 0.7289686274214121 0
    outer loop
      vertex 2.549695958994759 3.0820529711031566 -25.5
      vertex 2.549695958994759 3.0820529711031566 0
      vertex 2.915874509685646 2.738188423714755 0
    endloop
  endfacet
  facet normal 0.5877852522924736 0.809016994374947 0
    outer loop
      vertex 2.1433071799159866 3.3773117020080603 -25.5
      vertex 2.1433071799159866 3.3773117020080603 0
      vertex 2.549695958994759 3.0820529711031566 0
    endloop
  endfacet
  facet normal 0.844327925502015 0.5358267949789965 0
    outer loop
      vertex 3.23606797749979 2.3511410091698925 -25.5
      vertex 3.23606797749979 2.3511410091698925 0
      vertex 3.5052267201754543 1.9270146964068613 0
    endloop
  endfacet
  facet normal 0.7705132427757894 0.6374239897486895 0
    outer loop
      vertex 2.915874509685646 2.738188423714755 -25.5
      vertex 2.915874509685646 2.738188423714755 0
      vertex 3.23606797749979 2.3511410091698925 0
    endloop
  endfacet
  facet normal -0.6845471059286888 -0.7289686274214112 0
    outer loop
      vertex -2.0957848038365587 -1.9680729295449795 -27
      vertex -1.8325939705274827 -2.2152255729803945 -25.5
      vertex -2.0957848038365587 -1.9680729295449795 -25.5
    endloop
  endfacet
  facet normal -0.9048270524660189 -0.4257792915650738 0
    outer loop
      vertex -2.5193817051261074 -1.3850418130424318 -27
      vertex -2.5193817051261074 -1.3850418130424318 -25.5
      vertex -2.673107396928723 -1.058358088968449 -27
    endloop
  endfacet
  facet normal -0.9048270524660189 -0.4257792915650738 0
    outer loop
      vertex -2.5193817051261074 -1.3850418130424318 -25.5
      vertex -2.673107396928723 -1.058358088968449 -25.5
      vertex -2.673107396928723 -1.058358088968449 -27
    endloop
  endfacet
  facet normal -0.8443279255020155 -0.5358267949789958 0
    outer loop
      vertex -2.5193817051261074 -1.3850418130424318 -27
      vertex -2.325923858827974 -1.6898826003408602 -27
      vertex -2.325923858827974 -1.6898826003408602 -25.5
    endloop
  endfacet
  facet normal -0.7705132427757894 -0.6374239897486896 0
    outer loop
      vertex -2.325923858827974 -1.6898826003408602 -27
      vertex -2.0957848038365587 -1.9680729295449795 -27
      vertex -2.0957848038365587 -1.9680729295449795 -25.5
    endloop
  endfacet
  facet normal -0.7705132427757894 -0.6374239897486896 0
    outer loop
      vertex -2.325923858827974 -1.6898826003408602 -27
      vertex -2.0957848038365587 -1.9680729295449795 -25.5
      vertex -2.325923858827974 -1.6898826003408602 -25.5
    endloop
  endfacet
  facet normal -0.8443279255020155 -0.5358267949789958 0
    outer loop
      vertex -2.5193817051261074 -1.3850418130424318 -27
      vertex -2.325923858827974 -1.6898826003408602 -25.5
      vertex -2.5193817051261074 -1.3850418130424318 -25.5
    endloop
  endfacet
  facet normal -0.9822872507286887 -0.18738131458572477 0
    outer loop
      vertex -2.7846765882448143 -0.7149834255989577 -27
      vertex -2.7846765882448143 -0.7149834255989577 -25.5
      vertex -2.852329766279124 -0.3603330464973742 -27
    endloop
  endfacet
  facet normal -0.9510565162951539 -0.3090169943749465 0
    outer loop
      vertex -2.673107396928723 -1.058358088968449 -27
      vertex -2.673107396928723 -1.058358088968449 -25.5
      vertex -2.7846765882448143 -0.7149834255989577 -27
    endloop
  endfacet
  facet normal -0.9510565162951539 -0.3090169943749465 0
    outer loop
      vertex -2.673107396928723 -1.058358088968449 -25.5
      vertex -2.7846765882448143 -0.7149834255989577 -25.5
      vertex -2.7846765882448143 -0.7149834255989577 -27
    endloop
  endfacet
  facet normal -0.9822872507286887 -0.18738131458572477 0
    outer loop
      vertex -2.7846765882448143 -0.7149834255989577 -25.5
      vertex -2.852329766279124 -0.3603330464973742 -25.5
      vertex -2.852329766279124 -0.3603330464973742 -27
    endloop
  endfacet
  facet normal -0.9980267284282714 -0.06279051952931329 0
    outer loop
      vertex -2.852329766279124 -0.3603330464973742 -27
      vertex -2.852329766279124 -0.3603330464973742 -25.5
      vertex -2.875 0 -27
    endloop
  endfacet
  facet normal 0 0 -1
    outer loop
      vertex -2.7846765882448143 -0.7149834255989577 -27
      vertex -2.852329766279124 -0.3603330464973742 -27
      vertex -2.7846765882448143 0.7149834255989577 -27
    endloop
  endfacet
  facet normal -0.9980267284282714 -0.06279051952931329 0
    outer loop
      vertex -2.852329766279124 -0.3603330464973742 -25.5
      vertex -2.875 0 -25.5
      vertex -2.875 0 -27
    endloop
  endfacet
  facet normal 0 0 -1
    outer loop
      vertex -2.5193817051261074 -1.3850418130424318 -27
      vertex -2.673107396928723 -1.058358088968449 -27
      vertex -2.5193817051261074 1.3850418130424318 -27
    endloop
  endfacet
  facet normal 0 0 -1
    outer loop
      vertex -2.673107396928723 -1.058358088968449 -27
      vertex -2.7846765882448143 -0.7149834255989577 -27
      vertex -2.673107396928723 1.058358088968449 -27
    endloop
  endfacet
  facet normal 0 0 -1
    outer loop
      vertex -2.325923858827974 -1.6898826003408602 -27
      vertex -2.0957848038365587 1.9680729295449795 -27
      vertex -2.0957848038365587 -1.9680729295449795 -27
    endloop
  endfacet
  facet normal 0 0 -1
    outer loop
      vertex -2.5193817051261074 -1.3850418130424318 -27
      vertex -2.325923858827974 1.6898826003408602 -27
      vertex -2.325923858827974 -1.6898826003408602 -27
    endloop
  endfacet
  facet normal -0.6845471059286888 -0.7289686274214112 0
    outer loop
      vertex -2.0957848038365587 -1.9680729295449795 -27
      vertex -1.8325939705274827 -2.2152255729803945 -27
      vertex -1.8325939705274827 -2.2152255729803945 -25.5
    endloop
  endfacet
  facet normal -0.5877852522924729 -0.8090169943749476 0
    outer loop
      vertex -1.8325939705274827 -2.2152255729803945 -27
      vertex -1.5405020355646157 -2.427442785818293 -27
      vertex -1.5405020355646157 -2.427442785818293 -25.5
    endloop
  endfacet
  facet normal -0.5877852522924729 -0.8090169943749476 0
    outer loop
      vertex -1.8325939705274827 -2.2152255729803945 -27
      vertex -1.5405020355646157 -2.427442785818293 -25.5
      vertex -1.8325939705274827 -2.2152255729803945 -25.5
    endloop
  endfacet
  facet normal -0.48175367410171493 -0.8763066800438637 0
    outer loop
      vertex -1.5405020355646157 -2.427442785818293 -27
      vertex -1.2241154632495832 -2.6013777758398064 -27
      vertex -1.2241154632495832 -2.6013777758398064 -25.5
    endloop
  endfacet
  facet normal -0.36812455268467725 -0.9297764858882517 0
    outer loop
      vertex -1.2241154632495832 -2.6013777758398064 -27
      vertex -0.8884238588279738 -2.7342874843485663 -27
      vertex -0.8884238588279738 -2.7342874843485663 -25.5
    endloop
  endfacet
  facet normal -0.36812455268467725 -0.9297764858882517 0
    outer loop
      vertex -1.2241154632495832 -2.6013777758398064 -27
      vertex -0.8884238588279738 -2.7342874843485663 -25.5
      vertex -1.2241154632495832 -2.6013777758398064 -25.5
    endloop
  endfacet
  facet normal -0.48175367410171493 -0.8763066800438637 0
    outer loop
      vertex -1.5405020355646157 -2.427442785818293 -27
      vertex -1.2241154632495832 -2.6013777758398064 -25.5
      vertex -1.5405020355646157 -2.427442785818293 -25.5
    endloop
  endfacet
  facet normal 0 0 -1
    outer loop
      vertex -1.5405020355646157 -2.427442785818293 -27
      vertex -1.1299013725031881 -1.0610480141894671 -27
      vertex -1.2241154632495832 -2.6013777758398064 -27
    endloop
  endfacet
  facet normal -0.24868988716485577 -0.9685831611286309 0
    outer loop
      vertex -0.8884238588279738 -2.7342874843485663 -27
      vertex -0.5387212794339589 -2.82407584584498 -25.5
      vertex -0.8884238588279738 -2.7342874843485663 -25.5
    endloop
  endfacet
  facet normal -0.24868988716485577 -0.9685831611286309 0
    outer loop
      vertex -0.8884238588279738 -2.7342874843485663 -27
      vertex -0.5387212794339589 -2.82407584584498 -27
      vertex -0.5387212794339589 -2.82407584584498 -25.5
    endloop
  endfacet
  facet normal 0 0 -1
    outer loop
      vertex -1.2241154632495832 -2.6013777758398064 -27
      vertex -0.830531532217445 -1.3087082845281233 -27
      vertex -0.8884238588279738 -2.7342874843485663 -27
    endloop
  endfacet
  facet normal 0 0 -1
    outer loop
      vertex -0.8884238588279738 -2.7342874843485663 -27
      vertex -0.47897634128116845 -1.474137600257488 -27
      vertex -0.5387212794339589 -2.82407584584498 -27
    endloop
  endfacet
  facet normal -0.12533323356430495 -0.9921147013144777 0
    outer loop
      vertex -0.5387212794339589 -2.82407584584498 -27
      vertex -0.18052274364677706 -2.869326844231281 -27
      vertex -0.18052274364677706 -2.869326844231281 -25.5
    endloop
  endfacet
  facet normal -0.12533323356430495 -0.9921147013144777 0
    outer loop
      vertex -0.5387212794339589 -2.82407584584498 -27
      vertex -0.18052274364677706 -2.869326844231281 -25.5
      vertex -0.5387212794339589 -2.82407584584498 -25.5
    endloop
  endfacet
  facet normal 0 -1 0
    outer loop
      vertex -0.18052274364677706 -2.869326844231281 -27
      vertex 0.18052274364677706 -2.869326844231281 -25.5
      vertex -0.18052274364677706 -2.869326844231281 -25.5
    endloop
  endfacet
  facet normal 0 0 -1
    outer loop
      vertex -0.5387212794339589 -2.82407584584498 -27
      vertex -0.09732530527043634 -1.546941429063821 -27
      vertex -0.18052274364677706 -2.869326844231281 -27
    endloop
  endfacet
  facet normal 0 0 -1
    outer loop
      vertex -0.18052274364677706 -2.869326844231281 -27
      vertex -0.09732530527043634 -1.546941429063821 -27
      vertex 0.18052274364677706 -2.869326844231281 -27
    endloop
  endfacet
  facet normal 0 0 -1
    outer loop
      vertex -1.8325939705274827 -2.2152255729803945 -27
      vertex -1.5377777870374407 -0.1942665120246713 -27
      vertex -1.5405020355646157 -2.427442785818293 -27
    endloop
  endfacet
  facet normal 0 0 -1
    outer loop
      vertex -1.5405020355646157 -2.427442785818293 -27
      vertex -1.5377777870374407 -0.1942665120246713 -27
      vertex -1.5013038997493782 -0.385469325105525 -27
    endloop
  endfacet
  facet normal 0 0 -1
    outer loop
      vertex -1.2241154632495832 -2.6013777758398064 -27
      vertex -0.988007184110469 -1.1942955263024735 -27
      vertex -0.830531532217445 -1.3087082845281233 -27
    endloop
  endfacet
  facet normal 0 0 -1
    outer loop
      vertex -1.2241154632495832 -2.6013777758398064 -27
      vertex -1.1299013725031881 -1.0610480141894671 -27
      vertex -0.988007184110469 -1.1942955263024735 -27
    endloop
  endfacet
  facet normal 0 0 -1
    outer loop
      vertex -1.5405020355646157 -2.427442785818293 -27
      vertex -1.4411535531267898 -0.5705930566612507 -27
      vertex -1.3582753540679884 -0.7467181948576589 -27
    endloop
  endfacet
  facet normal 0 0 -1
    outer loop
      vertex -1.5405020355646157 -2.427442785818293 -27
      vertex -1.3582753540679884 -0.7467181948576589 -27
      vertex -1.2539763412811686 -0.9110671410533334 -27
    endloop
  endfacet
  facet normal 0 0 -1
    outer loop
      vertex -1.5405020355646157 -2.427442785818293 -27
      vertex -1.2539763412811686 -0.9110671410533334 -27
      vertex -1.1299013725031881 -1.0610480141894671 -27
    endloop
  endfacet
  facet normal 0 0 -1
    outer loop
      vertex -1.5405020355646157 -2.427442785818293 -27
      vertex -1.5013038997493782 -0.385469325105525 -27
      vertex -1.4411535531267898 -0.5705930566612507 -27
    endloop
  endfacet
  facet normal 0 0 -1
    outer loop
      vertex -2.0957848038365587 -1.9680729295449795 -27
      vertex -1.8325939705274827 2.2152255729803945 -27
      vertex -1.8325939705274827 -2.2152255729803945 -27
    endloop
  endfacet
  facet normal 0 0 -1
    outer loop
      vertex -1.8325939705274827 -2.2152255729803945 -27
      vertex -1.55 0 -27
      vertex -1.5377777870374407 -0.1942665120246713 -27
    endloop
  endfacet
  facet normal 0 0 -1
    outer loop
      vertex -0.8884238588279738 -2.7342874843485663 -27
      vertex -0.830531532217445 -1.3087082845281233 -27
      vertex -0.6599579019258623 -1.4024819313223305 -27
    endloop
  endfacet
  facet normal 0 0 -1
    outer loop
      vertex -0.8884238588279738 -2.7342874843485663 -27
      vertex -0.6599579019258623 -1.4024819313223305 -27
      vertex -0.47897634128116845 -1.474137600257488 -27
    endloop
  endfacet
  facet normal 0 0 -1
    outer loop
      vertex -0.5387212794339589 -2.82407584584498 -27
      vertex -0.47897634128116845 -1.474137600257488 -27
      vertex -0.2904410376078735 -1.5225452386294673 -27
    endloop
  endfacet
  facet normal 0 0 -1
    outer loop
      vertex -0.5387212794339589 -2.82407584584498 -27
      vertex -0.2904410376078735 -1.5225452386294673 -27
      vertex -0.09732530527043634 -1.546941429063821 -27
    endloop
  endfacet
  facet normal 0 0 -1
    outer loop
      vertex -2.852329766279124 -0.3603330464973742 -27
      vertex -2.875 0 -27
      vertex -2.852329766279124 0.3603330464973742 -27
    endloop
  endfacet
  facet normal -0.9980267284282714 0.06279051952931329 0
    outer loop
      vertex -2.875 0 -27
      vertex -2.875 0 -25.5
      vertex -2.852329766279124 0.3603330464973742 -27
    endloop
  endfacet
  facet normal 0 0 -1
    outer loop
      vertex -2.852329766279124 -0.3603330464973742 -27
      vertex -2.852329766279124 0.3603330464973742 -27
      vertex -2.7846765882448143 0.7149834255989577 -27
    endloop
  endfacet
  facet normal -0.9980267284282714 0.06279051952931329 0
    outer loop
      vertex -2.875 0 -25.5
      vertex -2.852329766279124 0.3603330464973742 -25.5
      vertex -2.852329766279124 0.3603330464973742 -27
    endloop
  endfacet
  facet normal -0.9822872507286887 0.18738131458572477 0
    outer loop
      vertex -2.852329766279124 0.3603330464973742 -27
      vertex -2.852329766279124 0.3603330464973742 -25.5
      vertex -2.7846765882448143 0.7149834255989577 -27
    endloop
  endfacet
  facet normal 0 0 -1
    outer loop
      vertex -2.7846765882448143 -0.7149834255989577 -27
      vertex -2.7846765882448143 0.7149834255989577 -27
      vertex -2.673107396928723 1.058358088968449 -27
    endloop
  endfacet
  facet normal 0 0 -1
    outer loop
      vertex -2.673107396928723 -1.058358088968449 -27
      vertex -2.673107396928723 1.058358088968449 -27
      vertex -2.5193817051261074 1.3850418130424318 -27
    endloop
  endfacet
  facet normal -0.9822872507286887 0.18738131458572477 0
    outer loop
      vertex -2.852329766279124 0.3603330464973742 -25.5
      vertex -2.7846765882448143 0.7149834255989577 -25.5
      vertex -2.7846765882448143 0.7149834255989577 -27
    endloop
  endfacet
  facet normal -0.9510565162951539 0.3090169943749465 0
    outer loop
      vertex -2.7846765882448143 0.7149834255989577 -27
      vertex -2.7846765882448143 0.7149834255989577 -25.5
      vertex -2.673107396928723 1.058358088968449 -27
    endloop
  endfacet
  facet normal -0.9510565162951539 0.3090169943749465 0
    outer loop
      vertex -2.7846765882448143 0.7149834255989577 -25.5
      vertex -2.673107396928723 1.058358088968449 -25.5
      vertex -2.673107396928723 1.058358088968449 -27
    endloop
  endfacet
  facet normal 0 0 -1
    outer loop
      vertex -2.5193817051261074 -1.3850418130424318 -27
      vertex -2.5193817051261074 1.3850418130424318 -27
      vertex -2.325923858827974 1.6898826003408602 -27
    endloop
  endfacet
  facet normal 0 0 -1
    outer loop
      vertex -2.325923858827974 -1.6898826003408602 -27
      vertex -2.325923858827974 1.6898826003408602 -27
      vertex -2.0957848038365587 1.9680729295449795 -27
    endloop
  endfacet
  facet normal 0 0 -1
    outer loop
      vertex -2.0957848038365587 -1.9680729295449795 -27
      vertex -2.0957848038365587 1.9680729295449795 -27
      vertex -1.8325939705274827 2.2152255729803945 -27
    endloop
  endfacet
  facet normal -0.9048270524660189 0.4257792915650738 0
    outer loop
      vertex -2.673107396928723 1.058358088968449 -27
      vertex -2.673107396928723 1.058358088968449 -25.5
      vertex -2.5193817051261074 1.3850418130424318 -27
    endloop
  endfacet
  facet normal -0.9048270524660189 0.4257792915650738 0
    outer loop
      vertex -2.673107396928723 1.058358088968449 -25.5
      vertex -2.5193817051261074 1.3850418130424318 -25.5
      vertex -2.5193817051261074 1.3850418130424318 -27
    endloop
  endfacet
  facet normal -0.8443279255020155 0.5358267949789958 0
    outer loop
      vertex -2.5193817051261074 1.3850418130424318 -27
      vertex -2.5193817051261074 1.3850418130424318 -25.5
      vertex -2.325923858827974 1.6898826003408602 -27
    endloop
  endfacet
  facet normal -0.8443279255020155 0.5358267949789958 0
    outer loop
      vertex -2.5193817051261074 1.3850418130424318 -25.5
      vertex -2.325923858827974 1.6898826003408602 -25.5
      vertex -2.325923858827974 1.6898826003408602 -27
    endloop
  endfacet
  facet normal -0.7705132427757894 0.6374239897486896 0
    outer loop
      vertex -2.325923858827974 1.6898826003408602 -27
      vertex -2.325923858827974 1.6898826003408602 -25.5
      vertex -2.0957848038365587 1.9680729295449795 -27
    endloop
  endfacet
  facet normal -0.7705132427757894 0.6374239897486896 0
    outer loop
      vertex -2.325923858827974 1.6898826003408602 -25.5
      vertex -2.0957848038365587 1.9680729295449795 -25.5
      vertex -2.0957848038365587 1.9680729295449795 -27
    endloop
  endfacet
  facet normal -0.6845471059286888 0.7289686274214112 0
    outer loop
      vertex -2.0957848038365587 1.9680729295449795 -27
      vertex -2.0957848038365587 1.9680729295449795 -25.5
      vertex -1.8325939705274827 2.2152255729803945 -27
    endloop
  endfacet
  facet normal 0 0 -1
    outer loop
      vertex -1.8325939705274827 -2.2152255729803945 -27
      vertex -1.5405020355646157 2.427442785818293 -27
      vertex -1.55 0 -27
    endloop
  endfacet
  facet normal 0 0 -1
    outer loop
      vertex -1.8325939705274827 -2.2152255729803945 -27
      vertex -1.8325939705274827 2.2152255729803945 -27
      vertex -1.5405020355646157 2.427442785818293 -27
    endloop
  endfacet
  facet normal 0 0 -1
    outer loop
      vertex -1.5405020355646157 2.427442785818293 -27
      vertex -1.5377777870374407 0.1942665120246713 -27
      vertex -1.55 0 -27
    endloop
  endfacet
  facet normal 0 0 -1
    outer loop
      vertex -1.5405020355646157 2.427442785818293 -27
      vertex -1.5013038997493782 0.385469325105525 -27
      vertex -1.5377777870374407 0.1942665120246713 -27
    endloop
  endfacet
  facet normal 0 0 -1
    outer loop
      vertex -1.5405020355646157 2.427442785818293 -27
      vertex -1.4411535531267898 0.5705930566612507 -27
      vertex -1.5013038997493782 0.385469325105525 -27
    endloop
  endfacet
  facet normal 0 0 -1
    outer loop
      vertex -1.5405020355646157 2.427442785818293 -27
      vertex -1.3582753540679884 0.7467181948576589 -27
      vertex -1.4411535531267898 0.5705930566612507 -27
    endloop
  endfacet
  facet normal 0 0 -1
    outer loop
      vertex -1.224115463249584 2.601377775839806 -27
      vertex -1.2539763412811686 0.9110671410533334 -27
      vertex -1.3582753540679884 0.7467181948576589 -27
    endloop
  endfacet
  facet normal 0 0 -1
    outer loop
      vertex -1.5405020355646157 2.427442785818293 -27
      vertex -1.224115463249584 2.601377775839806 -27
      vertex -1.3582753540679884 0.7467181948576589 -27
    endloop
  endfacet
  facet normal 0 0 -1
    outer loop
      vertex -1.224115463249584 2.601377775839806 -27
      vertex -1.1299013725031881 1.0610480141894671 -27
      vertex -1.2539763412811686 0.9110671410533334 -27
    endloop
  endfacet
  facet normal 0 0 -1
    outer loop
      vertex -1.224115463249584 2.601377775839806 -27
      vertex -0.988007184110469 1.1942955263024735 -27
      vertex -1.1299013725031881 1.0610480141894671 -27
    endloop
  endfacet
  facet normal 0 0 -1
    outer loop
      vertex -0.8884238588279738 2.7342874843485663 -27
      vertex -0.830531532217445 1.3087082845281233 -27
      vertex -0.988007184110469 1.1942955263024735 -27
    endloop
  endfacet
  facet normal 0 0 -1
    outer loop
      vertex -0.8884238588279738 2.7342874843485663 -27
      vertex -0.6599579019258627 1.4024819313223302 -27
      vertex -0.830531532217445 1.3087082845281233 -27
    endloop
  endfacet
  facet normal 0 0 -1
    outer loop
      vertex -0.5387212794339582 2.82407584584498 -27
      vertex -0.47897634128116845 1.474137600257488 -27
      vertex -0.6599579019258627 1.4024819313223302 -27
    endloop
  endfacet
  facet normal 0 0 -1
    outer loop
      vertex -0.5387212794339582 2.82407584584498 -27
      vertex -0.2904410376078731 1.5225452386294676 -27
      vertex -0.47897634128116845 1.474137600257488 -27
    endloop
  endfacet
  facet normal 0 0 -1
    outer loop
      vertex -0.18052274364677567 2.869326844231281 -27
      vertex -0.09732530527043558 1.546941429063821 -27
      vertex -0.2904410376078731 1.5225452386294676 -27
    endloop
  endfacet
  facet normal 0 0 -1
    outer loop
      vertex -0.18052274364677567 2.869326844231281 -27
      vertex 0.09732530527043495 1.546941429063821 -27
      vertex -0.09732530527043558 1.546941429063821 -27
    endloop
  endfacet
  facet normal -0.6845471059286888 0.7289686274214112 0
    outer loop
      vertex -2.0957848038365587 1.9680729295449795 -25.5
      vertex -1.8325939705274827 2.2152255729803945 -25.5
      vertex -1.8325939705274827 2.2152255729803945 -27
    endloop
  endfacet
  facet normal -0.5877852522924729 0.8090169943749476 0
    outer loop
      vertex -1.8325939705274827 2.2152255729803945 -27
      vertex -1.8325939705274827 2.2152255729803945 -25.5
      vertex -1.5405020355646157 2.427442785818293 -27
    endloop
  endfacet
  facet normal -0.5877852522924729 0.8090169943749476 0
    outer loop
      vertex -1.8325939705274827 2.2152255729803945 -25.5
      vertex -1.5405020355646157 2.427442785818293 -25.5
      vertex -1.5405020355646157 2.427442785818293 -27
    endloop
  endfacet
  facet normal -0.48175367410171505 0.8763066800438638 0
    outer loop
      vertex -1.5405020355646157 2.427442785818293 -27
      vertex -1.5405020355646157 2.427442785818293 -25.5
      vertex -1.224115463249584 2.601377775839806 -27
    endloop
  endfacet
  facet normal 0 0 -1
    outer loop
      vertex -1.224115463249584 2.601377775839806 -27
      vertex -0.8884238588279738 2.7342874843485663 -27
      vertex -0.988007184110469 1.1942955263024735 -27
    endloop
  endfacet
  facet normal -0.48175367410171505 0.8763066800438638 0
    outer loop
      vertex -1.5405020355646157 2.427442785818293 -25.5
      vertex -1.224115463249584 2.601377775839806 -25.5
      vertex -1.224115463249584 2.601377775839806 -27
    endloop
  endfacet
  facet normal -0.3681245526846775 0.9297764858882517 0
    outer loop
      vertex -1.224115463249584 2.601377775839806 -27
      vertex -1.224115463249584 2.601377775839806 -25.5
      vertex -0.8884238588279738 2.7342874843485663 -27
    endloop
  endfacet
  facet normal -0.3681245526846775 0.9297764858882517 0
    outer loop
      vertex -1.224115463249584 2.601377775839806 -25.5
      vertex -0.8884238588279738 2.7342874843485663 -25.5
      vertex -0.8884238588279738 2.7342874843485663 -27
    endloop
  endfacet
  facet normal 0 0 -1
    outer loop
      vertex -0.8884238588279738 2.7342874843485663 -27
      vertex -0.5387212794339582 2.82407584584498 -27
      vertex -0.6599579019258627 1.4024819313223302 -27
    endloop
  endfacet
  facet normal -0.24868988716485532 0.9685831611286309 0
    outer loop
      vertex -0.8884238588279738 2.7342874843485663 -27
      vertex -0.8884238588279738 2.7342874843485663 -25.5
      vertex -0.5387212794339582 2.82407584584498 -27
    endloop
  endfacet
  facet normal -0.24868988716485532 0.9685831611286309 0
    outer loop
      vertex -0.8884238588279738 2.7342874843485663 -25.5
      vertex -0.5387212794339582 2.82407584584498 -25.5
      vertex -0.5387212794339582 2.82407584584498 -27
    endloop
  endfacet
  facet normal 0 0 -1
    outer loop
      vertex -0.5387212794339582 2.82407584584498 -27
      vertex -0.18052274364677567 2.869326844231281 -27
      vertex -0.2904410376078731 1.5225452386294676 -27
    endloop
  endfacet
  facet normal -0.1253332335643047 0.9921147013144778 0
    outer loop
      vertex -0.5387212794339582 2.82407584584498 -27
      vertex -0.5387212794339582 2.82407584584498 -25.5
      vertex -0.18052274364677567 2.869326844231281 -27
    endloop
  endfacet
  facet normal -0.1253332335643047 0.9921147013144778 0
    outer loop
      vertex -0.5387212794339582 2.82407584584498 -25.5
      vertex -0.18052274364677567 2.869326844231281 -25.5
      vertex -0.18052274364677567 2.869326844231281 -27
    endloop
  endfacet
  facet normal 0 1 0
    outer loop
      vertex -0.18052274364677567 2.869326844231281 -27
      vertex -0.18052274364677567 2.869326844231281 -25.5
      vertex 0.18052274364677567 2.869326844231281 -27
    endloop
  endfacet
  facet normal 0 -1 0
    outer loop
      vertex -0.18052274364677706 -2.869326844231281 -27
      vertex 0.18052274364677706 -2.869326844231281 -27
      vertex 0.18052274364677706 -2.869326844231281 -25.5
    endloop
  endfacet
  facet normal 0.12533323356430495 -0.9921147013144777 0
    outer loop
      vertex 0.18052274364677706 -2.869326844231281 -27
      vertex 0.5387212794339589 -2.82407584584498 -27
      vertex 0.5387212794339589 -2.82407584584498 -25.5
    endloop
  endfacet
  facet normal 0.12533323356430495 -0.9921147013144777 0
    outer loop
      vertex 0.18052274364677706 -2.869326844231281 -27
      vertex 0.5387212794339589 -2.82407584584498 -25.5
      vertex 0.18052274364677706 -2.869326844231281 -25.5
    endloop
  endfacet
  facet normal 0 0 -1
    outer loop
      vertex 0.18052274364677706 -2.869326844231281 -27
      vertex 0.2904410376078735 -1.5225452386294673 -27
      vertex 0.5387212794339589 -2.82407584584498 -27
    endloop
  endfacet
  facet normal 0.24868988716485577 -0.9685831611286309 0
    outer loop
      vertex 0.5387212794339589 -2.82407584584498 -27
      vertex 0.8884238588279738 -2.7342874843485663 -25.5
      vertex 0.5387212794339589 -2.82407584584498 -25.5
    endloop
  endfacet
  facet normal 0.24868988716485577 -0.9685831611286309 0
    outer loop
      vertex 0.5387212794339589 -2.82407584584498 -27
      vertex 0.8884238588279738 -2.7342874843485663 -27
      vertex 0.8884238588279738 -2.7342874843485663 -25.5
    endloop
  endfacet
  facet normal 0 0 -1
    outer loop
      vertex 0.5387212794339589 -2.82407584584498 -27
      vertex 0.6599579019258623 -1.4024819313223305 -27
      vertex 0.8884238588279738 -2.7342874843485663 -27
    endloop
  endfacet
  facet normal 0.36812455268467725 -0.9297764858882517 0
    outer loop
      vertex 0.8884238588279738 -2.7342874843485663 -27
      vertex 1.2241154632495832 -2.6013777758398064 -27
      vertex 1.2241154632495832 -2.6013777758398064 -25.5
    endloop
  endfacet
  facet normal 0.36812455268467725 -0.9297764858882517 0
    outer loop
      vertex 0.8884238588279738 -2.7342874843485663 -27
      vertex 1.2241154632495832 -2.6013777758398064 -25.5
      vertex 0.8884238588279738 -2.7342874843485663 -25.5
    endloop
  endfacet
  facet normal 0.4817536741017148 -0.8763066800438638 0
    outer loop
      vertex 1.2241154632495832 -2.6013777758398064 -27
      vertex 1.5405020355646142 -2.427442785818294 -25.5
      vertex 1.2241154632495832 -2.6013777758398064 -25.5
    endloop
  endfacet
  facet normal 0 0 -1
    outer loop
      vertex 0.8884238588279738 -2.7342874843485663 -27
      vertex 0.9880071841104695 -1.194295526302473 -27
      vertex 1.2241154632495832 -2.6013777758398064 -27
    endloop
  endfacet
  facet normal 0.4817536741017148 -0.8763066800438638 0
    outer loop
      vertex 1.2241154632495832 -2.6013777758398064 -27
      vertex 1.5405020355646142 -2.427442785818294 -27
      vertex 1.5405020355646142 -2.427442785818294 -25.5
    endloop
  endfacet
  facet normal 0.5877852522924729 -0.8090169943749476 0
    outer loop
      vertex 1.5405020355646142 -2.427442785818294 -27
      vertex 1.8325939705274836 -2.2152255729803936 -27
      vertex 1.8325939705274836 -2.2152255729803936 -25.5
    endloop
  endfacet
  facet normal 0.5877852522924729 -0.8090169943749476 0
    outer loop
      vertex 1.5405020355646142 -2.427442785818294 -27
      vertex 1.8325939705274836 -2.2152255729803936 -25.5
      vertex 1.5405020355646142 -2.427442785818294 -25.5
    endloop
  endfacet
  facet normal 0.684547105928689 -0.7289686274214114 0
    outer loop
      vertex 1.8325939705274836 -2.2152255729803936 -27
      vertex 2.0957848038365587 -1.9680729295449795 -25.5
      vertex 1.8325939705274836 -2.2152255729803936 -25.5
    endloop
  endfacet
  facet normal 0 0 -1
    outer loop
      vertex 0.18052274364677706 -2.869326844231281 -27
      vertex -0.09732530527043634 -1.546941429063821 -27
      vertex 0.09732530527043634 -1.546941429063821 -27
    endloop
  endfacet
  facet normal 0 0 -1
    outer loop
      vertex 0.18052274364677706 -2.869326844231281 -27
      vertex 0.09732530527043634 -1.546941429063821 -27
      vertex 0.2904410376078735 -1.5225452386294673 -27
    endloop
  endfacet
  facet normal 0 0 -1
    outer loop
      vertex 0.5387212794339589 -2.82407584584498 -27
      vertex 0.2904410376078735 -1.5225452386294673 -27
      vertex 0.47897634128116845 -1.474137600257488 -27
    endloop
  endfacet
  facet normal 0 0 -1
    outer loop
      vertex 0.5387212794339589 -2.82407584584498 -27
      vertex 0.47897634128116845 -1.474137600257488 -27
      vertex 0.6599579019258623 -1.4024819313223305 -27
    endloop
  endfacet
  facet normal 0 0 -1
    outer loop
      vertex 0.8884238588279738 -2.7342874843485663 -27
      vertex 0.6599579019258623 -1.4024819313223305 -27
      vertex 0.8305315322174441 -1.3087082845281237 -27
    endloop
  endfacet
  facet normal 0 0 -1
    outer loop
      vertex 0.8884238588279738 -2.7342874843485663 -27
      vertex 0.8305315322174441 -1.3087082845281237 -27
      vertex 0.9880071841104695 -1.194295526302473 -27
    endloop
  endfacet
  facet normal 0 0 -1
    outer loop
      vertex 1.2241154632495832 -2.6013777758398064 -27
      vertex 0.9880071841104695 -1.194295526302473 -27
      vertex 1.1299013725031881 -1.0610480141894671 -27
    endloop
  endfacet
  facet normal 0 0 -1
    outer loop
      vertex 1.2241154632495832 -2.6013777758398064 -27
      vertex 1.1299013725031881 -1.0610480141894671 -27
      vertex 1.2539763412811686 -0.9110671410533334 -27
    endloop
  endfacet
  facet normal 0 0 -1
    outer loop
      vertex 1.2241154632495832 -2.6013777758398064 -27
      vertex 1.3582753540679884 -0.7467181948576589 -27
      vertex 1.5405020355646142 -2.427442785818294 -27
    endloop
  endfacet
  facet normal 0 0 -1
    outer loop
      vertex 1.2241154632495832 -2.6013777758398064 -27
      vertex 1.2539763412811686 -0.9110671410533334 -27
      vertex 1.3582753540679884 -0.7467181948576589 -27
    endloop
  endfacet
  facet normal 0 0 -1
    outer loop
      vertex 1.5405020355646142 -2.427442785818294 -27
      vertex 1.3582753540679884 -0.7467181948576589 -27
      vertex 1.4411535531267894 -0.5705930566612515 -27
    endloop
  endfacet
  facet normal 0 0 -1
    outer loop
      vertex 1.5405020355646142 -2.427442785818294 -27
      vertex 1.4411535531267894 -0.5705930566612515 -27
      vertex 1.5013038997493784 -0.3854693251055244 -27
    endloop
  endfacet
  facet normal 0 0 -1
    outer loop
      vertex 1.5405020355646142 -2.427442785818294 -27
      vertex 1.5013038997493784 -0.3854693251055244 -27
      vertex 1.5377777870374407 -0.1942665120246713 -27
    endloop
  endfacet
  facet normal 0 0 -1
    outer loop
      vertex 1.5405020355646142 -2.427442785818294 -27
      vertex 1.5377777870374407 -0.1942665120246713 -27
      vertex 1.55 0 -27
    endloop
  endfacet
  facet normal 0 0 -1
    outer loop
      vertex 1.5405020355646142 -2.427442785818294 -27
      vertex 1.832593970527483 2.2152255729803936 -27
      vertex 1.8325939705274836 -2.2152255729803936 -27
    endloop
  endfacet
  facet normal 0 0 -1
    outer loop
      vertex 1.5405020355646142 -2.427442785818294 -27
      vertex 1.55 0 -27
      vertex 1.832593970527483 2.2152255729803936 -27
    endloop
  endfacet
  facet normal 0.684547105928689 -0.7289686274214114 0
    outer loop
      vertex 1.8325939705274836 -2.2152255729803936 -27
      vertex 2.0957848038365587 -1.9680729295449795 -27
      vertex 2.0957848038365587 -1.9680729295449795 -25.5
    endloop
  endfacet
  facet normal 0.7705132427757894 -0.6374239897486896 0
    outer loop
      vertex 2.0957848038365587 -1.9680729295449795 -27
      vertex 2.325923858827974 -1.6898826003408602 -27
      vertex 2.325923858827974 -1.6898826003408602 -25.5
    endloop
  endfacet
  facet normal 0.7705132427757894 -0.6374239897486896 0
    outer loop
      vertex 2.0957848038365587 -1.9680729295449795 -27
      vertex 2.325923858827974 -1.6898826003408602 -25.5
      vertex 2.0957848038365587 -1.9680729295449795 -25.5
    endloop
  endfacet
  facet normal 0.8443279255020155 -0.5358267949789958 0
    outer loop
      vertex 2.325923858827974 -1.6898826003408602 -27
      vertex 2.5193817051261074 -1.3850418130424318 -25.5
      vertex 2.325923858827974 -1.6898826003408602 -25.5
    endloop
  endfacet
  facet normal 0.8443279255020155 -0.5358267949789958 0
    outer loop
      vertex 2.325923858827974 -1.6898826003408602 -27
      vertex 2.5193817051261074 -1.3850418130424318 -27
      vertex 2.5193817051261074 -1.3850418130424318 -25.5
    endloop
  endfacet
  facet normal 0.9048270524660191 -0.42577929156507316 0
    outer loop
      vertex 2.5193817051261074 -1.3850418130424318 -27
      vertex 2.6731073969287222 -1.0583580889684503 -25.5
      vertex 2.5193817051261074 -1.3850418130424318 -25.5
    endloop
  endfacet
  facet normal 0.9048270524660191 -0.42577929156507316 0
    outer loop
      vertex 2.5193817051261074 -1.3850418130424318 -27
      vertex 2.6731073969287222 -1.0583580889684503 -27
      vertex 2.6731073969287222 -1.0583580889684503 -25.5
    endloop
  endfacet
  facet normal 0 0 -1
    outer loop
      vertex 1.8325939705274836 -2.2152255729803936 -27
      vertex 2.0957848038365583 1.9680729295449801 -27
      vertex 2.0957848038365587 -1.9680729295449795 -27
    endloop
  endfacet
  facet normal 0 0 -1
    outer loop
      vertex 2.0957848038365587 -1.9680729295449795 -27
      vertex 2.325923858827974 1.6898826003408602 -27
      vertex 2.325923858827974 -1.6898826003408602 -27
    endloop
  endfacet
  facet normal 0 0 -1
    outer loop
      vertex 2.325923858827974 -1.6898826003408602 -27
      vertex 2.519381705126108 1.3850418130424316 -27
      vertex 2.5193817051261074 -1.3850418130424318 -27
    endloop
  endfacet
  facet normal 0.9510565162951534 -0.3090169943749478 0
    outer loop
      vertex 2.6731073969287222 -1.0583580889684503 -27
      vertex 2.784676588244815 -0.7149834255989564 -27
      vertex 2.784676588244815 -0.7149834255989564 -25.5
    endloop
  endfacet
  facet normal 0.9510565162951534 -0.3090169943749478 0
    outer loop
      vertex 2.6731073969287222 -1.0583580889684503 -27
      vertex 2.784676588244815 -0.7149834255989564 -25.5
      vertex 2.6731073969287222 -1.0583580889684503 -25.5
    endloop
  endfacet
  facet normal 0.9822872507286887 -0.1873813145857242 0
    outer loop
      vertex 2.784676588244815 -0.7149834255989564 -27
      vertex 2.852329766279124 -0.3603330464973742 -25.5
      vertex 2.784676588244815 -0.7149834255989564 -25.5
    endloop
  endfacet
  facet normal 0 0 -1
    outer loop
      vertex 2.5193817051261074 -1.3850418130424318 -27
      vertex 2.6731073969287227 1.0583580889684492 -27
      vertex 2.6731073969287222 -1.0583580889684503 -27
    endloop
  endfacet
  facet normal 0 0 -1
    outer loop
      vertex 2.6731073969287222 -1.0583580889684503 -27
      vertex 2.7846765882448143 0.7149834255989576 -27
      vertex 2.784676588244815 -0.7149834255989564 -27
    endloop
  endfacet
  facet normal 0.9822872507286887 -0.1873813145857242 0
    outer loop
      vertex 2.784676588244815 -0.7149834255989564 -27
      vertex 2.852329766279124 -0.3603330464973742 -27
      vertex 2.852329766279124 -0.3603330464973742 -25.5
    endloop
  endfacet
  facet normal 0 0 -1
    outer loop
      vertex 2.784676588244815 -0.7149834255989564 -27
      vertex 2.852329766279124 0.36033304649737474 -27
      vertex 2.852329766279124 -0.3603330464973742 -27
    endloop
  endfacet
  facet normal 0.9980267284282714 -0.06279051952931329 0
    outer loop
      vertex 2.852329766279124 -0.3603330464973742 -27
      vertex 2.875 0 -27
      vertex 2.875 0 -25.5
    endloop
  endfacet
  facet normal 0.9980267284282714 -0.06279051952931329 0
    outer loop
      vertex 2.852329766279124 -0.3603330464973742 -27
      vertex 2.875 0 -25.5
      vertex 2.852329766279124 -0.3603330464973742 -25.5
    endloop
  endfacet
  facet normal 0 0 -1
    outer loop
      vertex 0.5387212794339582 2.82407584584498 -27
      vertex 0.2904410376078731 1.5225452386294676 -27
      vertex 0.09732530527043495 1.546941429063821 -27
    endloop
  endfacet
  facet normal 0 0 -1
    outer loop
      vertex 0.5387212794339582 2.82407584584498 -27
      vertex 0.47897634128116845 1.474137600257488 -27
      vertex 0.2904410376078731 1.5225452386294676 -27
    endloop
  endfacet
  facet normal 0 0 -1
    outer loop
      vertex 0.8884238588279738 2.7342874843485663 -27
      vertex 0.6599579019258627 1.4024819313223302 -27
      vertex 0.47897634128116845 1.474137600257488 -27
    endloop
  endfacet
  facet normal 0 0 -1
    outer loop
      vertex 0.8884238588279738 2.7342874843485663 -27
      vertex 0.8305315322174448 1.3087082845281235 -27
      vertex 0.6599579019258627 1.4024819313223302 -27
    endloop
  endfacet
  facet normal 0 0 -1
    outer loop
      vertex 1.832593970527483 2.2152255729803936 -27
      vertex 1.55 0 -27
      vertex 1.5377777870374407 0.1942665120246716 -27
    endloop
  endfacet
  facet normal 0 0 -1
    outer loop
      vertex 1.8325939705274836 -2.2152255729803936 -27
      vertex 1.832593970527483 2.2152255729803936 -27
      vertex 2.0957848038365583 1.9680729295449801 -27
    endloop
  endfacet
  facet normal 0 0 -1
    outer loop
      vertex 1.5405020355646153 2.427442785818293 -27
      vertex 1.5013038997493782 0.38546932510552495 -27
      vertex 1.4411535531267896 0.5705930566612509 -27
    endloop
  endfacet
  facet normal 0 0 -1
    outer loop
      vertex 1.5405020355646153 2.427442785818293 -27
      vertex 1.2539763412811686 0.9110671410533334 -27
      vertex 1.129901372503188 1.0610480141894676 -27
    endloop
  endfacet
  facet normal 0 0 -1
    outer loop
      vertex 1.5405020355646153 2.427442785818293 -27
      vertex 1.3582753540679886 0.7467181948576588 -27
      vertex 1.2539763412811686 0.9110671410533334 -27
    endloop
  endfacet
  facet normal 0 0 -1
    outer loop
      vertex 1.5405020355646153 2.427442785818293 -27
      vertex 1.4411535531267896 0.5705930566612509 -27
      vertex 1.3582753540679886 0.7467181948576588 -27
    endloop
  endfacet
  facet normal 0 0 -1
    outer loop
      vertex 1.224115463249584 2.601377775839806 -27
      vertex 1.129901372503188 1.0610480141894676 -27
      vertex 0.9880071841104692 1.1942955263024733 -27
    endloop
  endfacet
  facet normal 0 0 -1
    outer loop
      vertex 1.224115463249584 2.601377775839806 -27
      vertex 0.9880071841104692 1.1942955263024733 -27
      vertex 0.8305315322174448 1.3087082845281235 -27
    endloop
  endfacet
  facet normal 0 0 -1
    outer loop
      vertex 1.5405020355646153 2.427442785818293 -27
      vertex 1.5377777870374407 0.1942665120246716 -27
      vertex 1.5013038997493782 0.38546932510552495 -27
    endloop
  endfacet
  facet normal 0 0 -1
    outer loop
      vertex 1.5405020355646153 2.427442785818293 -27
      vertex 1.832593970527483 2.2152255729803936 -27
      vertex 1.5377777870374407 0.1942665120246716 -27
    endloop
  endfacet
  facet normal 0 0 -1
    outer loop
      vertex -0.18052274364677567 2.869326844231281 -27
      vertex 0.18052274364677567 2.869326844231281 -27
      vertex 0.09732530527043495 1.546941429063821 -27
    endloop
  endfacet
  facet normal 0 0 -1
    outer loop
      vertex 0.18052274364677567 2.869326844231281 -27
      vertex 0.5387212794339582 2.82407584584498 -27
      vertex 0.09732530527043495 1.546941429063821 -27
    endloop
  endfacet
  facet normal 0 1 0
    outer loop
      vertex -0.18052274364677567 2.869326844231281 -25.5
      vertex 0.18052274364677542 2.869326844231281 -25.5
      vertex 0.18052274364677567 2.869326844231281 -27
    endloop
  endfacet
  facet normal 0.1253332335643047 0.9921147013144778 2.0872176248072033e-17
    outer loop
      vertex 0.18052274364677567 2.869326844231281 -27
      vertex 0.18052274364677542 2.869326844231281 -25.5
      vertex 0.5387212794339582 2.82407584584498 -27
    endloop
  endfacet
  facet normal 0.12533323356430465 0.9921147013144778 0
    outer loop
      vertex 0.18052274364677542 2.869326844231281 -25.5
      vertex 0.5387212794339582 2.82407584584498 -25.5
      vertex 0.5387212794339582 2.82407584584498 -27
    endloop
  endfacet
  facet normal 0 0 -1
    outer loop
      vertex 0.5387212794339582 2.82407584584498 -27
      vertex 0.8884238588279738 2.7342874843485663 -27
      vertex 0.47897634128116845 1.474137600257488 -27
    endloop
  endfacet
  facet normal 0 0 -1
    outer loop
      vertex 0.8884238588279738 2.7342874843485663 -27
      vertex 1.224115463249584 2.601377775839806 -27
      vertex 0.8305315322174448 1.3087082845281235 -27
    endloop
  endfacet
  facet normal 0.24868988716485532 0.9685831611286309 0
    outer loop
      vertex 0.5387212794339582 2.82407584584498 -27
      vertex 0.5387212794339582 2.82407584584498 -25.5
      vertex 0.8884238588279738 2.7342874843485663 -27
    endloop
  endfacet
  facet normal 0.24868988716485532 0.9685831611286309 0
    outer loop
      vertex 0.5387212794339582 2.82407584584498 -25.5
      vertex 0.8884238588279738 2.7342874843485663 -25.5
      vertex 0.8884238588279738 2.7342874843485663 -27
    endloop
  endfacet
  facet normal 0 0 -1
    outer loop
      vertex 1.224115463249584 2.601377775839806 -27
      vertex 1.5405020355646153 2.427442785818293 -27
      vertex 1.129901372503188 1.0610480141894676 -27
    endloop
  endfacet
  facet normal 0.48175367410171555 0.8763066800438635 0
    outer loop
      vertex 1.224115463249584 2.601377775839806 -25.5
      vertex 1.5405020355646153 2.427442785818293 -25.5
      vertex 1.5405020355646153 2.427442785818293 -27
    endloop
  endfacet
  facet normal 0.3681245526846775 0.9297764858882517 0
    outer loop
      vertex 0.8884238588279738 2.7342874843485663 -27
      vertex 0.8884238588279738 2.7342874843485663 -25.5
      vertex 1.224115463249584 2.601377775839806 -27
    endloop
  endfacet
  facet normal 0.3681245526846775 0.9297764858882517 0
    outer loop
      vertex 0.8884238588279738 2.7342874843485663 -25.5
      vertex 1.224115463249584 2.601377775839806 -25.5
      vertex 1.224115463249584 2.601377775839806 -27
    endloop
  endfacet
  facet normal 0.48175367410171555 0.8763066800438635 0
    outer loop
      vertex 1.224115463249584 2.601377775839806 -27
      vertex 1.224115463249584 2.601377775839806 -25.5
      vertex 1.5405020355646153 2.427442785818293 -27
    endloop
  endfacet
  facet normal 0.5877852522924737 0.8090169943749471 0
    outer loop
      vertex 1.5405020355646153 2.427442785818293 -27
      vertex 1.5405020355646153 2.427442785818293 -25.5
      vertex 1.832593970527483 2.2152255729803936 -27
    endloop
  endfacet
  facet normal 0.5877852522924737 0.8090169943749471 0
    outer loop
      vertex 1.5405020355646153 2.427442785818293 -25.5
      vertex 1.832593970527483 2.2152255729803936 -25.5
      vertex 1.832593970527483 2.2152255729803936 -27
    endloop
  endfacet
  facet normal 0.6845471059286875 0.7289686274214126 0
    outer loop
      vertex 1.832593970527483 2.2152255729803936 -27
      vertex 1.832593970527483 2.2152255729803936 -25.5
      vertex 2.0957848038365583 1.9680729295449801 -27
    endloop
  endfacet
  facet normal 0 0 -1
    outer loop
      vertex 2.325923858827974 -1.6898826003408602 -27
      vertex 2.325923858827974 1.6898826003408602 -27
      vertex 2.519381705126108 1.3850418130424316 -27
    endloop
  endfacet
  facet normal 0 0 -1
    outer loop
      vertex 2.0957848038365587 -1.9680729295449795 -27
      vertex 2.0957848038365583 1.9680729295449801 -27
      vertex 2.325923858827974 1.6898826003408602 -27
    endloop
  endfacet
  facet normal 0 0 -1
    outer loop
      vertex 2.6731073969287222 -1.0583580889684503 -27
      vertex 2.6731073969287227 1.0583580889684492 -27
      vertex 2.7846765882448143 0.7149834255989576 -27
    endloop
  endfacet
  facet normal 0 0 -1
    outer loop
      vertex 2.5193817051261074 -1.3850418130424318 -27
      vertex 2.519381705126108 1.3850418130424316 -27
      vertex 2.6731073969287227 1.0583580889684492 -27
    endloop
  endfacet
  facet normal 0 0 -1
    outer loop
      vertex 2.784676588244815 -0.7149834255989564 -27
      vertex 2.7846765882448143 0.7149834255989576 -27
      vertex 2.852329766279124 0.36033304649737474 -27
    endloop
  endfacet
  facet normal 0 0 -1
    outer loop
      vertex 2.852329766279124 -0.3603330464973742 -27
      vertex 2.852329766279124 0.36033304649737474 -27
      vertex 2.875 0 -27
    endloop
  endfacet
  facet normal 0.9980267284282714 0.0627905195293132 0
    outer loop
      vertex 2.875 0 -27
      vertex 2.852329766279124 0.36033304649737474 -27
      vertex 2.852329766279124 0.36033304649737474 -25.5
    endloop
  endfacet
  facet normal 0.9980267284282714 0.0627905195293132 0
    outer loop
      vertex 2.875 0 -27
      vertex 2.852329766279124 0.36033304649737474 -25.5
      vertex 2.875 0 -25.5
    endloop
  endfacet
  facet normal 0.9822872507286885 0.18738131458572513 0
    outer loop
      vertex 2.852329766279124 0.36033304649737474 -27
      vertex 2.7846765882448143 0.7149834255989576 -25.5
      vertex 2.852329766279124 0.36033304649737474 -25.5
    endloop
  endfacet
  facet normal 0.9510565162951535 0.30901699437494734 0
    outer loop
      vertex 2.7846765882448143 0.7149834255989576 -27
      vertex 2.6731073969287227 1.0583580889684492 -27
      vertex 2.6731073969287227 1.0583580889684492 -25.5
    endloop
  endfacet
  facet normal 0.9510565162951535 0.30901699437494734 0
    outer loop
      vertex 2.7846765882448143 0.7149834255989576 -27
      vertex 2.6731073969287227 1.0583580889684492 -25.5
      vertex 2.7846765882448143 0.7149834255989576 -25.5
    endloop
  endfacet
  facet normal 0.9822872507286885 0.18738131458572513 0
    outer loop
      vertex 2.852329766279124 0.36033304649737474 -27
      vertex 2.7846765882448143 0.7149834255989576 -27
      vertex 2.7846765882448143 0.7149834255989576 -25.5
    endloop
  endfacet
  facet normal 0.8443279255020153 0.5358267949789965 0
    outer loop
      vertex 2.325923858827974 1.6898826003408602 -25.5
      vertex 2.519381705126108 1.3850418130424316 -25.5
      vertex 2.519381705126108 1.3850418130424316 -27
    endloop
  endfacet
  facet normal 0.7705132427757895 0.6374239897486894 0
    outer loop
      vertex 2.0957848038365583 1.9680729295449801 -27
      vertex 2.0957848038365583 1.9680729295449801 -25.5
      vertex 2.325923858827974 1.6898826003408602 -27
    endloop
  endfacet
  facet normal 0.7705132427757895 0.6374239897486894 0
    outer loop
      vertex 2.0957848038365583 1.9680729295449801 -25.5
      vertex 2.325923858827974 1.6898826003408602 -25.5
      vertex 2.325923858827974 1.6898826003408602 -27
    endloop
  endfacet
  facet normal 0.8443279255020153 0.5358267949789965 0
    outer loop
      vertex 2.325923858827974 1.6898826003408602 -27
      vertex 2.325923858827974 1.6898826003408602 -25.5
      vertex 2.519381705126108 1.3850418130424316 -27
    endloop
  endfacet
  facet normal 0.9048270524660197 0.4257792915650723 0
    outer loop
      vertex 2.6731073969287227 1.0583580889684492 -27
      vertex 2.519381705126108 1.3850418130424316 -25.5
      vertex 2.6731073969287227 1.0583580889684492 -25.5
    endloop
  endfacet
  facet normal 0.9048270524660197 0.4257792915650723 0
    outer loop
      vertex 2.6731073969287227 1.0583580889684492 -27
      vertex 2.519381705126108 1.3850418130424316 -27
      vertex 2.519381705126108 1.3850418130424316 -25.5
    endloop
  endfacet
  facet normal 0.6845471059286875 0.7289686274214126 0
    outer loop
      vertex 1.832593970527483 2.2152255729803936 -25.5
      vertex 2.0957848038365583 1.9680729295449801 -25.5
      vertex 2.0957848038365583 1.9680729295449801 -27
    endloop
  endfacet
  facet normal 0.8660254034145013 0.5000000006407503 0
    outer loop
      vertex -1.557899996638298 -2.6983619555830956 -1.9
      vertex -3.1158000007271767 0 0
      vertex -1.557899996638298 -2.6983619555830956 0
    endloop
  endfacet
  facet normal 0.8660254034145013 0.5000000006407503 0
    outer loop
      vertex -1.557899996638298 -2.6983619555830956 -1.9
      vertex -3.1158000007271767 0 -1.9
      vertex -3.1158000007271767 0 0
    endloop
  endfacet
  facet normal 0 1 0
    outer loop
      vertex -1.557899996638298 -2.6983619555830956 -1.9
      vertex -1.557899996638298 -2.6983619555830956 0
      vertex 1.557899996638298 -2.6983619555830956 -1.9
    endloop
  endfacet
  facet normal 0 0 1
    outer loop
      vertex -1.557899996638298 -2.6983619555830956 -1.9
      vertex 1.557899996638298 -2.6983619555830956 -1.9
      vertex -0.2904410376078735 -1.5225452386294673 -1.9
    endloop
  endfacet
  facet normal 0 0 1
    outer loop
      vertex -1.557899996638298 -2.6983619555830956 -1.9
      vertex -1.4411535531267898 -0.5705930566612507 -1.9
      vertex -1.5013038997493782 -0.385469325105525 -1.9
    endloop
  endfacet
  facet normal 0 0 1
    outer loop
      vertex -1.557899996638298 -2.6983619555830956 -1.9
      vertex -1.5013038997493782 -0.385469325105525 -1.9
      vertex -1.5377777870374407 -0.1942665120246713 -1.9
    endloop
  endfacet
  facet normal 0 0 1
    outer loop
      vertex -1.557899996638298 -2.6983619555830956 -1.9
      vertex -1.1299013725031881 -1.0610480141894671 -1.9
      vertex -1.2539763412811686 -0.9110671410533334 -1.9
    endloop
  endfacet
  facet normal 0 0 1
    outer loop
      vertex -1.557899996638298 -2.6983619555830956 -1.9
      vertex -0.6599579019258623 -1.4024819313223305 -1.9
      vertex -0.830531532217445 -1.3087082845281233 -1.9
    endloop
  endfacet
  facet normal 0 0 1
    outer loop
      vertex -1.557899996638298 -2.6983619555830956 -1.9
      vertex -0.988007184110469 -1.1942955263024735 -1.9
      vertex -1.1299013725031881 -1.0610480141894671 -1.9
    endloop
  endfacet
  facet normal 0 0 1
    outer loop
      vertex -1.557899996638298 -2.6983619555830956 -1.9
      vertex -0.830531532217445 -1.3087082845281233 -1.9
      vertex -0.988007184110469 -1.1942955263024735 -1.9
    endloop
  endfacet
  facet normal 0 0 1
    outer loop
      vertex -1.557899996638298 -2.6983619555830956 -1.9
      vertex -1.2539763412811686 -0.9110671410533334 -1.9
      vertex -1.3582753540679884 -0.7467181948576589 -1.9
    endloop
  endfacet
  facet normal 0 0 1
    outer loop
      vertex -1.557899996638298 -2.6983619555830956 -1.9
      vertex -1.3582753540679884 -0.7467181948576589 -1.9
      vertex -1.4411535531267898 -0.5705930566612507 -1.9
    endloop
  endfacet
  facet normal 0 0 1
    outer loop
      vertex -1.557899996638298 -2.6983619555830956 -1.9
      vertex -1.5377777870374407 -0.1942665120246713 -1.9
      vertex -1.55 0 -1.9
    endloop
  endfacet
  facet normal 0 0 1
    outer loop
      vertex -1.557899996638298 -2.6983619555830956 -1.9
      vertex -0.47897634128116845 -1.474137600257488 -1.9
      vertex -0.6599579019258623 -1.4024819313223305 -1.9
    endloop
  endfacet
  facet normal 0 0 1
    outer loop
      vertex -1.557899996638298 -2.6983619555830956 -1.9
      vertex -0.2904410376078735 -1.5225452386294673 -1.9
      vertex -0.47897634128116845 -1.474137600257488 -1.9
    endloop
  endfacet
  facet normal 0.8660254034145013 -0.5000000006407503 0
    outer loop
      vertex -3.1158000007271767 0 -1.9
      vertex -1.557899996638298 2.6983619555830956 0
      vertex -3.1158000007271767 0 0
    endloop
  endfacet
  facet normal 0 0 1
    outer loop
      vertex -1.557899996638298 -2.6983619555830956 -1.9
      vertex -1.557899996638298 2.6983619555830956 -1.9
      vertex -3.1158000007271767 0 -1.9
    endloop
  endfacet
  facet normal 0.8660254034145013 -0.5000000006407503 0
    outer loop
      vertex -3.1158000007271767 0 -1.9
      vertex -1.557899996638298 2.6983619555830956 -1.9
      vertex -1.557899996638298 2.6983619555830956 0
    endloop
  endfacet
  facet normal 0 0 1
    outer loop
      vertex -1.557899996638298 -2.6983619555830956 -1.9
      vertex -1.55 0 -1.9
      vertex -1.557899996638298 2.6983619555830956 -1.9
    endloop
  endfacet
  facet normal 0 0 1
    outer loop
      vertex -1.55 0 -1.9
      vertex -1.5377777870374407 0.1942665120246713 -1.9
      vertex -1.557899996638298 2.6983619555830956 -1.9
    endloop
  endfacet
  facet normal 0 0 1
    outer loop
      vertex -1.5377777870374407 0.1942665120246713 -1.9
      vertex -1.5013038997493782 0.385469325105525 -1.9
      vertex -1.557899996638298 2.6983619555830956 -1.9
    endloop
  endfacet
  facet normal 0 0 1
    outer loop
      vertex -1.5013038997493782 0.385469325105525 -1.9
      vertex -1.4411535531267898 0.5705930566612507 -1.9
      vertex -1.557899996638298 2.6983619555830956 -1.9
    endloop
  endfacet
  facet normal 0 0 1
    outer loop
      vertex -1.4411535531267898 0.5705930566612507 -1.9
      vertex -1.3582753540679884 0.7467181948576589 -1.9
      vertex -1.557899996638298 2.6983619555830956 -1.9
    endloop
  endfacet
  facet normal 0 0 1
    outer loop
      vertex -1.3582753540679884 0.7467181948576589 -1.9
      vertex -1.2539763412811686 0.9110671410533334 -1.9
      vertex -1.557899996638298 2.6983619555830956 -1.9
    endloop
  endfacet
  facet normal 0 0 1
    outer loop
      vertex -1.2539763412811686 0.9110671410533334 -1.9
      vertex -1.1299013725031881 1.0610480141894671 -1.9
      vertex -1.557899996638298 2.6983619555830956 -1.9
    endloop
  endfacet
  facet normal 0 0 1
    outer loop
      vertex -1.1299013725031881 1.0610480141894671 -1.9
      vertex -0.988007184110469 1.1942955263024735 -1.9
      vertex -1.557899996638298 2.6983619555830956 -1.9
    endloop
  endfacet
  facet normal 0 0 1
    outer loop
      vertex -0.988007184110469 1.1942955263024735 -1.9
      vertex -0.830531532217445 1.3087082845281233 -1.9
      vertex -1.557899996638298 2.6983619555830956 -1.9
    endloop
  endfacet
  facet normal 0 0 1
    outer loop
      vertex -0.830531532217445 1.3087082845281233 -1.9
      vertex -0.6599579019258627 1.4024819313223302 -1.9
      vertex -1.557899996638298 2.6983619555830956 -1.9
    endloop
  endfacet
  facet normal 0 0 1
    outer loop
      vertex -0.6599579019258627 1.4024819313223302 -1.9
      vertex -0.47897634128116845 1.474137600257488 -1.9
      vertex -1.557899996638298 2.6983619555830956 -1.9
    endloop
  endfacet
  facet normal 0 0 1
    outer loop
      vertex -0.47897634128116845 1.474137600257488 -1.9
      vertex -0.2904410376078731 1.5225452386294676 -1.9
      vertex -1.557899996638298 2.6983619555830956 -1.9
    endloop
  endfacet
  facet normal 0 0 1
    outer loop
      vertex -0.2904410376078731 1.5225452386294676 -1.9
      vertex -0.09732530527043558 1.546941429063821 -1.9
      vertex -1.557899996638298 2.6983619555830956 -1.9
    endloop
  endfacet
  facet normal 0 0 1
    outer loop
      vertex -0.09732530527043558 1.546941429063821 -1.9
      vertex 0.09732530527043474 1.546941429063821 -1.9
      vertex -1.557899996638298 2.6983619555830956 -1.9
    endloop
  endfacet
  facet normal 0 0 1
    outer loop
      vertex -1.557899996638298 2.6983619555830956 -1.9
      vertex 0.09732530527043474 1.546941429063821 -1.9
      vertex 0.2904410376078731 1.5225452386294676 -1.9
    endloop
  endfacet
  facet normal 0 -1 0
    outer loop
      vertex -1.557899996638298 2.6983619555830956 -1.9
      vertex 1.557899996638298 2.6983619555830956 0
      vertex -1.557899996638298 2.6983619555830956 0
    endloop
  endfacet
  facet normal 0 1 0
    outer loop
      vertex -1.557899996638298 -2.6983619555830956 0
      vertex 1.557899996638298 -2.6983619555830956 0
      vertex 1.557899996638298 -2.6983619555830956 -1.9
    endloop
  endfacet
  facet normal 0 0 1
    outer loop
      vertex -0.2904410376078735 -1.5225452386294673 -1.9
      vertex 1.557899996638298 -2.6983619555830956 -1.9
      vertex -0.09732530527043634 -1.546941429063821 -1.9
    endloop
  endfacet
  facet normal 0 0 1
    outer loop
      vertex -0.09732530527043634 -1.546941429063821 -1.9
      vertex 1.557899996638298 -2.6983619555830956 -1.9
      vertex 0.09732530527043634 -1.546941429063821 -1.9
    endloop
  endfacet
  facet normal 0 0 1
    outer loop
      vertex 1.557899996638298 -2.6983619555830956 -1.9
      vertex 0.2904410376078735 -1.5225452386294673 -1.9
      vertex 0.09732530527043634 -1.546941429063821 -1.9
    endloop
  endfacet
  facet normal 0 0 1
    outer loop
      vertex 1.557899996638298 -2.6983619555830956 -1.9
      vertex 0.47897634128116845 -1.474137600257488 -1.9
      vertex 0.2904410376078735 -1.5225452386294673 -1.9
    endloop
  endfacet
  facet normal 0 0 1
    outer loop
      vertex 1.557899996638298 -2.6983619555830956 -1.9
      vertex 0.6599579019258623 -1.4024819313223305 -1.9
      vertex 0.47897634128116845 -1.474137600257488 -1.9
    endloop
  endfacet
  facet normal 0 0 1
    outer loop
      vertex 1.557899996638298 -2.6983619555830956 -1.9
      vertex 0.8305315322174441 -1.3087082845281237 -1.9
      vertex 0.6599579019258623 -1.4024819313223305 -1.9
    endloop
  endfacet
  facet normal 0 0 1
    outer loop
      vertex 1.557899996638298 -2.6983619555830956 -1.9
      vertex 0.9880071841104695 -1.194295526302473 -1.9
      vertex 0.8305315322174441 -1.3087082845281237 -1.9
    endloop
  endfacet
  facet normal 0 0 1
    outer loop
      vertex 1.557899996638298 -2.6983619555830956 -1.9
      vertex 1.1299013725031881 -1.0610480141894671 -1.9
      vertex 0.9880071841104695 -1.194295526302473 -1.9
    endloop
  endfacet
  facet normal 0 0 1
    outer loop
      vertex 1.557899996638298 -2.6983619555830956 -1.9
      vertex 1.2539763412811686 -0.9110671410533334 -1.9
      vertex 1.1299013725031881 -1.0610480141894671 -1.9
    endloop
  endfacet
  facet normal 0 0 1
    outer loop
      vertex 1.557899996638298 -2.6983619555830956 -1.9
      vertex 1.3582753540679884 -0.7467181948576589 -1.9
      vertex 1.2539763412811686 -0.9110671410533334 -1.9
    endloop
  endfacet
  facet normal 0 0 1
    outer loop
      vertex 1.557899996638298 -2.6983619555830956 -1.9
      vertex 1.4411535531267894 -0.5705930566612515 -1.9
      vertex 1.3582753540679884 -0.7467181948576589 -1.9
    endloop
  endfacet
  facet normal 0 0 1
    outer loop
      vertex 1.557899996638298 -2.6983619555830956 -1.9
      vertex 1.5013038997493784 -0.3854693251055244 -1.9
      vertex 1.4411535531267894 -0.5705930566612515 -1.9
    endloop
  endfacet
  facet normal 0 0 1
    outer loop
      vertex 1.557899996638298 -2.6983619555830956 -1.9
      vertex 1.5377777870374407 -0.1942665120246713 -1.9
      vertex 1.5013038997493784 -0.3854693251055244 -1.9
    endloop
  endfacet
  facet normal 0 0 1
    outer loop
      vertex 1.557899996638298 -2.6983619555830956 -1.9
      vertex 1.55 0 -1.9
      vertex 1.5377777870374407 -0.1942665120246713 -1.9
    endloop
  endfacet
  facet normal -0.8660254034145013 0.5000000006407503 0
    outer loop
      vertex 1.557899996638298 -2.6983619555830956 -1.9
      vertex 1.557899996638298 -2.6983619555830956 0
      vertex 3.1158000007271767 0 -1.9
    endloop
  endfacet
  facet normal -0.8660254034145013 0.5000000006407503 0
    outer loop
      vertex 1.557899996638298 -2.6983619555830956 0
      vertex 3.1158000007271767 0 0
      vertex 3.1158000007271767 0 -1.9
    endloop
  endfacet
  facet normal 0 0 1
    outer loop
      vertex 0.2904410376078731 1.5225452386294676 -1.9
      vertex 0.47897634128116845 1.474137600257488 -1.9
      vertex 1.557899996638298 2.6983619555830956 -1.9
    endloop
  endfacet
  facet normal 0 0 1
    outer loop
      vertex 0.47897634128116845 1.474137600257488 -1.9
      vertex 0.6599579019258627 1.4024819313223302 -1.9
      vertex 1.557899996638298 2.6983619555830956 -1.9
    endloop
  endfacet
  facet normal 0 0 1
    outer loop
      vertex 1.557899996638298 -2.6983619555830956 -1.9
      vertex 1.557899996638298 2.6983619555830956 -1.9
      vertex 1.55 0 -1.9
    endloop
  endfacet
  facet normal 0 0 1
    outer loop
      vertex 1.55 0 -1.9
      vertex 1.557899996638298 2.6983619555830956 -1.9
      vertex 1.5377777870374407 0.1942665120246716 -1.9
    endloop
  endfacet
  facet normal 0 0 1
    outer loop
      vertex 1.4411535531267896 0.5705930566612509 -1.9
      vertex 1.557899996638298 2.6983619555830956 -1.9
      vertex 1.3582753540679886 0.7467181948576588 -1.9
    endloop
  endfacet
  facet normal 0 0 1
    outer loop
      vertex 1.3582753540679886 0.7467181948576588 -1.9
      vertex 1.557899996638298 2.6983619555830956 -1.9
      vertex 1.2539763412811686 0.9110671410533334 -1.9
    endloop
  endfacet
  facet normal 0 0 1
    outer loop
      vertex 0.9880071841104692 1.1942955263024733 -1.9
      vertex 1.557899996638298 2.6983619555830956 -1.9
      vertex 0.8305315322174448 1.3087082845281235 -1.9
    endloop
  endfacet
  facet normal 0 0 1
    outer loop
      vertex 0.9880071841104692 1.1942955263024733 -1.9
      vertex 1.129901372503188 1.0610480141894676 -1.9
      vertex 1.557899996638298 2.6983619555830956 -1.9
    endloop
  endfacet
  facet normal 0 0 1
    outer loop
      vertex 0.6599579019258627 1.4024819313223302 -1.9
      vertex 0.8305315322174448 1.3087082845281235 -1.9
      vertex 1.557899996638298 2.6983619555830956 -1.9
    endloop
  endfacet
  facet normal 0 0 1
    outer loop
      vertex 1.129901372503188 1.0610480141894676 -1.9
      vertex 1.2539763412811686 0.9110671410533334 -1.9
      vertex 1.557899996638298 2.6983619555830956 -1.9
    endloop
  endfacet
  facet normal 0 0 1
    outer loop
      vertex 1.5377777870374407 0.1942665120246716 -1.9
      vertex 1.557899996638298 2.6983619555830956 -1.9
      vertex 1.5013038997493782 0.38546932510552495 -1.9
    endloop
  endfacet
  facet normal 0 0 1
    outer loop
      vertex 1.5013038997493782 0.38546932510552495 -1.9
      vertex 1.557899996638298 2.6983619555830956 -1.9
      vertex 1.4411535531267896 0.5705930566612509 -1.9
    endloop
  endfacet
  facet normal 0 0 1
    outer loop
      vertex -1.557899996638298 2.6983619555830956 -1.9
      vertex 0.2904410376078731 1.5225452386294676 -1.9
      vertex 1.557899996638298 2.6983619555830956 -1.9
    endloop
  endfacet
  facet normal 0 -1 0
    outer loop
      vertex -1.557899996638298 2.6983619555830956 -1.9
      vertex 1.557899996638298 2.6983619555830956 -1.9
      vertex 1.557899996638298 2.6983619555830956 0
    endloop
  endfacet
  facet normal 0 0 1
    outer loop
      vertex 1.557899996638298 -2.6983619555830956 -1.9
      vertex 3.1158000007271767 0 -1.9
      vertex 1.557899996638298 2.6983619555830956 -1.9
    endloop
  endfacet
  facet normal -0.8660254034145013 -0.5000000006407503 0
    outer loop
      vertex 1.557899996638298 2.6983619555830956 -1.9
      vertex 3.1158000007271767 0 -1.9
      vertex 3.1158000007271767 0 0
    endloop
  endfacet
  facet normal -0.8660254034145013 -0.5000000006407503 0
    outer loop
      vertex 1.557899996638298 2.6983619555830956 -1.9
      vertex 3.1158000007271767 0 0
      vertex 1.557899996638298 2.6983619555830956 0
    endloop
  endfacet
  facet normal 0 0 1
    outer loop
      vertex -1.557899996638298 -2.6983619555830956 0
      vertex -2.5496959589947585 -3.0820529711031575 0
      vertex -2.143307179915987 -3.37731170200806 0
    endloop
  endfacet
  facet normal 0 0 1
    outer loop
      vertex -1.557899996638298 -2.6983619555830956 0
      vertex -2.9158745096856467 -2.738188423714754 0
      vertex -2.5496959589947585 -3.0820529711031575 0
    endloop
  endfacet
  facet normal 0 0 1
    outer loop
      vertex -3.1158000007271767 0 0
      vertex -3.23606797749979 -2.3511410091698925 0
      vertex -2.9158745096856467 -2.738188423714754 0
    endloop
  endfacet
  facet normal 0 0 1
    outer loop
      vertex -3.8743326445145243 -0.9947595486594194 0
      vertex -3.719105943553006 1.4724982107387115 0
      vertex -3.9684588052579115 -0.5013329342572163 0
    endloop
  endfacet
  facet normal 0 0 1
    outer loop
      vertex -3.8743326445145243 -0.9947595486594194 0
      vertex -3.719105943553006 -1.4724982107387115 0
      vertex -3.505226720175454 1.9270146964068615 0
    endloop
  endfacet
  facet normal 0 0 1
    outer loop
      vertex -3.505226720175454 -1.9270146964068615 0
      vertex -3.23606797749979 -2.3511410091698925 0
      vertex -3.23606797749979 2.3511410091698925 0
    endloop
  endfacet
  facet normal 0 0 1
    outer loop
      vertex -3.505226720175454 -1.9270146964068615 0
      vertex -3.23606797749979 2.3511410091698925 0
      vertex -3.719105943553006 -1.4724982107387115 0
    endloop
  endfacet
  facet normal 0 0 1
    outer loop
      vertex -1.557899996638298 -2.6983619555830956 0
      vertex -3.1158000007271767 0 0
      vertex -2.9158745096856467 -2.738188423714754 0
    endloop
  endfacet
  facet normal 0 0 1
    outer loop
      vertex -1.557899996638298 -2.6983619555830956 0
      vertex -2.143307179915987 -3.37731170200806 0
      vertex -1.7031171662602897 -3.6193082098640783 0
    endloop
  endfacet
  facet normal 0 0 1
    outer loop
      vertex -1.557899996638298 -2.6983619555830956 0
      vertex -1.7031171662602897 -3.6193082098640783 0
      vertex 1.557899996638298 -2.6983619555830956 0
    endloop
  endfacet
  facet normal 0 0 1
    outer loop
      vertex 1.557899996638298 -2.6983619555830956 0
      vertex -1.7031171662602897 -3.6193082098640783 0
      vertex -1.2360679774997896 -3.804226065180614 0
    endloop
  endfacet
  facet normal 0 0 1
    outer loop
      vertex 1.557899996638298 -2.6983619555830956 0
      vertex -1.2360679774997896 -3.804226065180614 0
      vertex -0.7495252583428993 -3.9291490029147544 0
    endloop
  endfacet
  facet normal 0 0 1
    outer loop
      vertex -4 0 0
      vertex -3.9684588052579115 -0.5013329342572163 0
      vertex -3.8743326445145243 0.9947595486594194 0
    endloop
  endfacet
  facet normal 0 0 1
    outer loop
      vertex -4 0 0
      vertex -3.8743326445145243 0.9947595486594194 0
      vertex -3.9684588052579115 0.5013329342572163 0
    endloop
  endfacet
  facet normal 0 0 1
    outer loop
      vertex -3.8743326445145243 0.9947595486594194 0
      vertex -3.9684588052579115 -0.5013329342572163 0
      vertex -3.719105943553006 1.4724982107387115 0
    endloop
  endfacet
  facet normal 0 0 1
    outer loop
      vertex -3.8743326445145243 -0.9947595486594194 0
      vertex -3.505226720175454 1.9270146964068615 0
      vertex -3.719105943553006 1.4724982107387115 0
    endloop
  endfacet
  facet normal 0 0 1
    outer loop
      vertex -3.1158000007271767 0 0
      vertex -3.23606797749979 2.3511410091698925 0
      vertex -3.23606797749979 -2.3511410091698925 0
    endloop
  endfacet
  facet normal 0 0 1
    outer loop
      vertex -3.505226720175454 1.9270146964068615 0
      vertex -3.719105943553006 -1.4724982107387115 0
      vertex -3.23606797749979 2.3511410091698925 0
    endloop
  endfacet
  facet normal 0 0 1
    outer loop
      vertex -3.1158000007271767 0 0
      vertex -2.9158745096856467 2.738188423714754 0
      vertex -3.23606797749979 2.3511410091698925 0
    endloop
  endfacet
  facet normal 0 0 1
    outer loop
      vertex -3.1158000007271767 0 0
      vertex -2.5496959589947585 3.0820529711031575 0
      vertex -2.9158745096856467 2.738188423714754 0
    endloop
  endfacet
  facet normal 0 0 1
    outer loop
      vertex -3.1158000007271767 0 0
      vertex -2.143307179915987 3.37731170200806 0
      vertex -2.5496959589947585 3.0820529711031575 0
    endloop
  endfacet
  facet normal 0 0 1
    outer loop
      vertex -3.1158000007271767 0 0
      vertex -1.7031171662602909 3.619308209864078 0
      vertex -2.143307179915987 3.37731170200806 0
    endloop
  endfacet
  facet normal 0 0 1
    outer loop
      vertex -3.1158000007271767 0 0
      vertex -1.557899996638298 2.6983619555830956 0
      vertex -1.7031171662602909 3.619308209864078 0
    endloop
  endfacet
  facet normal 0 0 1
    outer loop
      vertex -1.557899996638298 2.6983619555830956 0
      vertex -1.2360679774997896 3.804226065180614 0
      vertex -1.7031171662602909 3.619308209864078 0
    endloop
  endfacet
  facet normal 0 0 1
    outer loop
      vertex -1.557899996638298 2.6983619555830956 0
      vertex -0.7495252583428983 3.929149002914755 0
      vertex -1.2360679774997896 3.804226065180614 0
    endloop
  endfacet
  facet normal 0 0 1
    outer loop
      vertex -1.557899996638298 2.6983619555830956 0
      vertex -0.2511620781172531 3.9921069137130862 0
      vertex -0.7495252583428983 3.929149002914755 0
    endloop
  endfacet
  facet normal 0 0 1
    outer loop
      vertex -1.557899996638298 2.6983619555830956 0
      vertex 0.2511620781172531 3.9921069137130862 0
      vertex -0.2511620781172531 3.9921069137130862 0
    endloop
  endfacet
  facet normal 0 0 1
    outer loop
      vertex -1.557899996638298 2.6983619555830956 0
      vertex 0.7495252583428983 3.929149002914755 0
      vertex 0.2511620781172531 3.9921069137130862 0
    endloop
  endfacet
  facet normal 0 0 1
    outer loop
      vertex 1.557899996638298 -2.6983619555830956 0
      vertex -0.7495252583428993 -3.9291490029147544 0
      vertex -0.25116207811725505 -3.9921069137130862 0
    endloop
  endfacet
  facet normal 0 0 1
    outer loop
      vertex 1.557899996638298 -2.6983619555830956 0
      vertex -0.25116207811725505 -3.9921069137130862 0
      vertex 0.25116207811725505 -3.9921069137130862 0
    endloop
  endfacet
  facet normal 0 0 1
    outer loop
      vertex 1.557899996638298 -2.6983619555830956 0
      vertex 0.25116207811725505 -3.9921069137130862 0
      vertex 0.7495252583428993 -3.9291490029147544 0
    endloop
  endfacet
  facet normal 0 0 1
    outer loop
      vertex 1.557899996638298 -2.6983619555830956 0
      vertex 0.7495252583428993 -3.9291490029147544 0
      vertex 1.2360679774997896 -3.804226065180614 0
    endloop
  endfacet
  facet normal 0 0 1
    outer loop
      vertex 1.557899996638298 -2.6983619555830956 0
      vertex 1.2360679774997896 -3.804226065180614 0
      vertex 1.7031171662602897 -3.6193082098640783 0
    endloop
  endfacet
  facet normal 0 0 1
    outer loop
      vertex 1.557899996638298 -2.6983619555830956 0
      vertex 1.7031171662602897 -3.6193082098640783 0
      vertex 3.1158000007271767 0 0
    endloop
  endfacet
  facet normal 0 0 1
    outer loop
      vertex 3.1158000007271767 0 0
      vertex 1.7031171662602897 -3.6193082098640783 0
      vertex 2.143307179915985 -3.377311702008061 0
    endloop
  endfacet
  facet normal 0 0 1
    outer loop
      vertex 3.1158000007271767 0 0
      vertex 2.143307179915985 -3.377311702008061 0
      vertex 2.54969595899476 -3.082052971103156 0
    endloop
  endfacet
  facet normal 0 0 1
    outer loop
      vertex 3.1158000007271767 0 0
      vertex 2.54969595899476 -3.082052971103156 0
      vertex 2.9158745096856467 -2.738188423714754 0
    endloop
  endfacet
  facet normal 0 0 1
    outer loop
      vertex 3.1158000007271767 0 0
      vertex 2.9158745096856467 -2.738188423714754 0
      vertex 3.23606797749979 -2.3511410091698925 0
    endloop
  endfacet
  facet normal 0 0 1
    outer loop
      vertex 3.505226720175454 -1.9270146964068615 0
      vertex 3.7191059435530054 1.472498210738712 0
      vertex 3.23606797749979 -2.3511410091698925 0
    endloop
  endfacet
  facet normal 0 0 1
    outer loop
      vertex 3.719105943553005 -1.4724982107387135 0
      vertex 3.8743326445145243 0.9947595486594192 0
      vertex 3.505226720175454 -1.9270146964068615 0
    endloop
  endfacet
  facet normal 0 0 1
    outer loop
      vertex 3.8743326445145247 -0.9947595486594177 0
      vertex 3.9684588052579115 0.501332934257217 0
      vertex 3.719105943553005 -1.4724982107387135 0
    endloop
  endfacet
  facet normal 0 0 1
    outer loop
      vertex 3.8743326445145247 -0.9947595486594177 0
      vertex 3.9684588052579115 -0.5013329342572163 0
      vertex 4 0 0
    endloop
  endfacet
  facet normal 0 0 1
    outer loop
      vertex 3.8743326445145247 -0.9947595486594177 0
      vertex 4 0 0
      vertex 3.9684588052579115 0.501332934257217 0
    endloop
  endfacet
  facet normal 0 0 1
    outer loop
      vertex -1.557899996638298 2.6983619555830956 0
      vertex 1.2360679774997896 3.804226065180614 0
      vertex 0.7495252583428983 3.929149002914755 0
    endloop
  endfacet
  facet normal 0 0 1
    outer loop
      vertex -1.557899996638298 2.6983619555830956 0
      vertex 1.7031171662602909 3.619308209864078 0
      vertex 1.2360679774997896 3.804226065180614 0
    endloop
  endfacet
  facet normal 0 0 1
    outer loop
      vertex -1.557899996638298 2.6983619555830956 0
      vertex 1.557899996638298 2.6983619555830956 0
      vertex 1.7031171662602909 3.619308209864078 0
    endloop
  endfacet
  facet normal 0 0 1
    outer loop
      vertex 1.557899996638298 2.6983619555830956 0
      vertex 2.1433071799159866 3.3773117020080603 0
      vertex 1.7031171662602909 3.619308209864078 0
    endloop
  endfacet
  facet normal 0 0 1
    outer loop
      vertex 1.557899996638298 2.6983619555830956 0
      vertex 3.1158000007271767 0 0
      vertex 2.915874509685646 2.738188423714755 0
    endloop
  endfacet
  facet normal 0 0 1
    outer loop
      vertex 3.1158000007271767 0 0
      vertex 3.23606797749979 -2.3511410091698925 0
      vertex 3.23606797749979 2.3511410091698925 0
    endloop
  endfacet
  facet normal 0 0 1
    outer loop
      vertex 3.23606797749979 -2.3511410091698925 0
      vertex 3.7191059435530054 1.472498210738712 0
      vertex 3.5052267201754543 1.9270146964068613 0
    endloop
  endfacet
  facet normal 0 0 1
    outer loop
      vertex 3.5052267201754543 1.9270146964068613 0
      vertex 3.23606797749979 2.3511410091698925 0
      vertex 3.23606797749979 -2.3511410091698925 0
    endloop
  endfacet
  facet normal 0 0 1
    outer loop
      vertex 3.8743326445145243 0.9947595486594192 0
      vertex 3.7191059435530054 1.472498210738712 0
      vertex 3.505226720175454 -1.9270146964068615 0
    endloop
  endfacet
  facet normal 0 0 1
    outer loop
      vertex 3.719105943553005 -1.4724982107387135 0
      vertex 3.9684588052579115 0.501332934257217 0
      vertex 3.8743326445145243 0.9947595486594192 0
    endloop
  endfacet
  facet normal 0 0 1
    outer loop
      vertex 3.1158000007271767 0 0
      vertex 3.23606797749979 2.3511410091698925 0
      vertex 2.915874509685646 2.738188423714755 0
    endloop
  endfacet
  facet normal 0 0 1
    outer loop
      vertex 1.557899996638298 2.6983619555830956 0
      vertex 2.915874509685646 2.738188423714755 0
      vertex 2.549695958994759 3.0820529711031566 0
    endloop
  endfacet
  facet normal 0 0 1
    outer loop
      vertex 1.557899996638298 2.6983619555830956 0
      vertex 2.549695958994759 3.0820529711031566 0
      vertex 2.1433071799159866 3.3773117020080603 0
    endloop
  endfacet
  facet normal 0.6845471059286891 0.7289686274214112 0
    outer loop
      vertex -1.1299013725031881 -1.0610480141894671 -1.9
      vertex -0.988007184110469 -1.1942955263024735 -27
      vertex -1.1299013725031881 -1.0610480141894671 -27
    endloop
  endfacet
  facet normal 0.9822872507286886 0.18738131458572507 0
    outer loop
      vertex -1.5377777870374407 -0.1942665120246713 -1.9
      vertex -1.5013038997493782 -0.385469325105525 -27
      vertex -1.5377777870374407 -0.1942665120246713 -27
    endloop
  endfacet
  facet normal 0.9980267284282716 0.06279051952931325 0
    outer loop
      vertex -1.55 0 -1.9
      vertex -1.5377777870374407 -0.1942665120246713 -27
      vertex -1.55 0 -27
    endloop
  endfacet
  facet normal 0.8443279255020155 0.5358267949789958 0
    outer loop
      vertex -1.3582753540679884 -0.7467181948576589 -1.9
      vertex -1.2539763412811686 -0.9110671410533334 -27
      vertex -1.3582753540679884 -0.7467181948576589 -27
    endloop
  endfacet
  facet normal 0.9048270524660191 0.4257792915650733 0
    outer loop
      vertex -1.4411535531267898 -0.5705930566612507 -1.9
      vertex -1.3582753540679884 -0.7467181948576589 -27
      vertex -1.4411535531267898 -0.5705930566612507 -27
    endloop
  endfacet
  facet normal 0.7705132427757887 0.6374239897486902 0
    outer loop
      vertex -1.2539763412811686 -0.9110671410533334 -1.9
      vertex -1.1299013725031881 -1.0610480141894671 -27
      vertex -1.2539763412811686 -0.9110671410533334 -27
    endloop
  endfacet
  facet normal 0.9510565162951539 0.30901699437494673 0
    outer loop
      vertex -1.5013038997493782 -0.385469325105525 -1.9
      vertex -1.4411535531267898 -0.5705930566612507 -27
      vertex -1.5013038997493782 -0.385469325105525 -27
    endloop
  endfacet
  facet normal 0.4817536741017153 0.8763066800438636 0
    outer loop
      vertex -0.830531532217445 -1.3087082845281233 -1.9
      vertex -0.6599579019258623 -1.4024819313223305 -27
      vertex -0.830531532217445 -1.3087082845281233 -27
    endloop
  endfacet
  facet normal 0.5877852522924731 0.8090169943749476 0
    outer loop
      vertex -0.988007184110469 -1.1942955263024735 -1.9
      vertex -0.830531532217445 -1.3087082845281233 -27
      vertex -0.988007184110469 -1.1942955263024735 -27
    endloop
  endfacet
  facet normal 0.36812455268467714 0.9297764858882517 0
    outer loop
      vertex -0.6599579019258623 -1.4024819313223305 -1.9
      vertex -0.47897634128116845 -1.474137600257488 -27
      vertex -0.6599579019258623 -1.4024819313223305 -27
    endloop
  endfacet
  facet normal 0.12533323356430562 0.9921147013144775 0
    outer loop
      vertex -0.2904410376078735 -1.5225452386294673 -1.9
      vertex -0.09732530527043634 -1.546941429063821 -27
      vertex -0.2904410376078735 -1.5225452386294673 -27
    endloop
  endfacet
  facet normal 0 1 0
    outer loop
      vertex -0.09732530527043634 -1.546941429063821 -1.9
      vertex 0.09732530527043634 -1.546941429063821 -27
      vertex -0.09732530527043634 -1.546941429063821 -27
    endloop
  endfacet
  facet normal 0.248689887164855 0.968583161128631 0
    outer loop
      vertex -0.47897634128116845 -1.474137600257488 -1.9
      vertex -0.2904410376078735 -1.5225452386294673 -27
      vertex -0.47897634128116845 -1.474137600257488 -27
    endloop
  endfacet
  facet normal 0.7705132427757887 0.6374239897486902 0
    outer loop
      vertex -1.2539763412811686 -0.9110671410533334 -1.9
      vertex -1.1299013725031881 -1.0610480141894671 -1.9
      vertex -1.1299013725031881 -1.0610480141894671 -27
    endloop
  endfacet
  facet normal 0.6845471059286891 0.7289686274214112 0
    outer loop
      vertex -1.1299013725031881 -1.0610480141894671 -1.9
      vertex -0.988007184110469 -1.1942955263024735 -1.9
      vertex -0.988007184110469 -1.1942955263024735 -27
    endloop
  endfacet
  facet normal 0.9822872507286886 0.18738131458572507 0
    outer loop
      vertex -1.5013038997493782 -0.385469325105525 -1.9
      vertex -1.5013038997493782 -0.385469325105525 -27
      vertex -1.5377777870374407 -0.1942665120246713 -1.9
    endloop
  endfacet
  facet normal 0.9980267284282716 0.06279051952931325 0
    outer loop
      vertex -1.5377777870374407 -0.1942665120246713 -1.9
      vertex -1.5377777870374407 -0.1942665120246713 -27
      vertex -1.55 0 -1.9
    endloop
  endfacet
  facet normal 0.8443279255020155 0.5358267949789958 0
    outer loop
      vertex -1.2539763412811686 -0.9110671410533334 -1.9
      vertex -1.2539763412811686 -0.9110671410533334 -27
      vertex -1.3582753540679884 -0.7467181948576589 -1.9
    endloop
  endfacet
  facet normal 0.9048270524660191 0.4257792915650733 0
    outer loop
      vertex -1.3582753540679884 -0.7467181948576589 -1.9
      vertex -1.3582753540679884 -0.7467181948576589 -27
      vertex -1.4411535531267898 -0.5705930566612507 -1.9
    endloop
  endfacet
  facet normal 0.9510565162951539 0.30901699437494673 0
    outer loop
      vertex -1.4411535531267898 -0.5705930566612507 -1.9
      vertex -1.4411535531267898 -0.5705930566612507 -27
      vertex -1.5013038997493782 -0.385469325105525 -1.9
    endloop
  endfacet
  facet normal 0.5877852522924731 0.8090169943749476 0
    outer loop
      vertex -0.830531532217445 -1.3087082845281233 -1.9
      vertex -0.830531532217445 -1.3087082845281233 -27
      vertex -0.988007184110469 -1.1942955263024735 -1.9
    endloop
  endfacet
  facet normal 0.4817536741017153 0.8763066800438636 0
    outer loop
      vertex -0.830531532217445 -1.3087082845281233 -1.9
      vertex -0.6599579019258623 -1.4024819313223305 -1.9
      vertex -0.6599579019258623 -1.4024819313223305 -27
    endloop
  endfacet
  facet normal 0.36812455268467714 0.9297764858882517 0
    outer loop
      vertex -0.6599579019258623 -1.4024819313223305 -1.9
      vertex -0.47897634128116845 -1.474137600257488 -1.9
      vertex -0.47897634128116845 -1.474137600257488 -27
    endloop
  endfacet
  facet normal 0.248689887164855 0.968583161128631 0
    outer loop
      vertex -0.47897634128116845 -1.474137600257488 -1.9
      vertex -0.2904410376078735 -1.5225452386294673 -1.9
      vertex -0.2904410376078735 -1.5225452386294673 -27
    endloop
  endfacet
  facet normal 0.12533323356430562 0.9921147013144775 0
    outer loop
      vertex -0.2904410376078735 -1.5225452386294673 -1.9
      vertex -0.09732530527043634 -1.546941429063821 -1.9
      vertex -0.09732530527043634 -1.546941429063821 -27
    endloop
  endfacet
  facet normal 0.9980267284282716 -0.06279051952931325 0
    outer loop
      vertex -1.5377777870374407 0.1942665120246713 -1.9
      vertex -1.55 0 -27
      vertex -1.5377777870374407 0.1942665120246713 -27
    endloop
  endfacet
  facet normal 0.9822872507286886 -0.18738131458572507 0
    outer loop
      vertex -1.5013038997493782 0.385469325105525 -1.9
      vertex -1.5377777870374407 0.1942665120246713 -27
      vertex -1.5013038997493782 0.385469325105525 -27
    endloop
  endfacet
  facet normal 0.9510565162951539 -0.30901699437494673 0
    outer loop
      vertex -1.4411535531267898 0.5705930566612507 -1.9
      vertex -1.5013038997493782 0.385469325105525 -27
      vertex -1.4411535531267898 0.5705930566612507 -27
    endloop
  endfacet
  facet normal 0.9048270524660191 -0.4257792915650733 0
    outer loop
      vertex -1.3582753540679884 0.7467181948576589 -1.9
      vertex -1.4411535531267898 0.5705930566612507 -27
      vertex -1.3582753540679884 0.7467181948576589 -27
    endloop
  endfacet
  facet normal 0.8443279255020155 -0.5358267949789958 0
    outer loop
      vertex -1.2539763412811686 0.9110671410533334 -1.9
      vertex -1.3582753540679884 0.7467181948576589 -27
      vertex -1.2539763412811686 0.9110671410533334 -27
    endloop
  endfacet
  facet normal 0.7705132427757887 -0.6374239897486902 0
    outer loop
      vertex -1.1299013725031881 1.0610480141894671 -1.9
      vertex -1.2539763412811686 0.9110671410533334 -27
      vertex -1.1299013725031881 1.0610480141894671 -27
    endloop
  endfacet
  facet normal 0.6845471059286891 -0.7289686274214112 0
    outer loop
      vertex -0.988007184110469 1.1942955263024735 -1.9
      vertex -1.1299013725031881 1.0610480141894671 -27
      vertex -0.988007184110469 1.1942955263024735 -27
    endloop
  endfacet
  facet normal 0.5877852522924731 -0.8090169943749476 0
    outer loop
      vertex -0.830531532217445 1.3087082845281233 -1.9
      vertex -0.988007184110469 1.1942955263024735 -27
      vertex -0.830531532217445 1.3087082845281233 -27
    endloop
  endfacet
  facet normal 0.48175367410171516 -0.8763066800438637 0
    outer loop
      vertex -0.6599579019258627 1.4024819313223302 -1.9
      vertex -0.830531532217445 1.3087082845281233 -27
      vertex -0.6599579019258627 1.4024819313223302 -27
    endloop
  endfacet
  facet normal 0.36812455268467753 -0.9297764858882515 0
    outer loop
      vertex -0.47897634128116845 1.474137600257488 -1.9
      vertex -0.6599579019258627 1.4024819313223302 -27
      vertex -0.47897634128116845 1.474137600257488 -27
    endloop
  endfacet
  facet normal 0.24868988716485557 -0.9685831611286309 0
    outer loop
      vertex -0.2904410376078731 1.5225452386294676 -1.9
      vertex -0.47897634128116845 1.474137600257488 -27
      vertex -0.2904410376078731 1.5225452386294676 -27
    endloop
  endfacet
  facet normal 0.12533323356430429 -0.9921147013144778 0
    outer loop
      vertex -0.09732530527043558 1.546941429063821 -1.9
      vertex -0.2904410376078731 1.5225452386294676 -27
      vertex -0.09732530527043558 1.546941429063821 -27
    endloop
  endfacet
  facet normal 0.9980267284282716 -0.06279051952931325 0
    outer loop
      vertex -1.55 0 -1.9
      vertex -1.55 0 -27
      vertex -1.5377777870374407 0.1942665120246713 -1.9
    endloop
  endfacet
  facet normal 0.9822872507286886 -0.18738131458572507 0
    outer loop
      vertex -1.5377777870374407 0.1942665120246713 -1.9
      vertex -1.5377777870374407 0.1942665120246713 -27
      vertex -1.5013038997493782 0.385469325105525 -1.9
    endloop
  endfacet
  facet normal 0.9510565162951539 -0.30901699437494673 0
    outer loop
      vertex -1.5013038997493782 0.385469325105525 -1.9
      vertex -1.5013038997493782 0.385469325105525 -27
      vertex -1.4411535531267898 0.5705930566612507 -1.9
    endloop
  endfacet
  facet normal 0.9048270524660191 -0.4257792915650733 0
    outer loop
      vertex -1.4411535531267898 0.5705930566612507 -1.9
      vertex -1.4411535531267898 0.5705930566612507 -27
      vertex -1.3582753540679884 0.7467181948576589 -1.9
    endloop
  endfacet
  facet normal 0.8443279255020155 -0.5358267949789958 0
    outer loop
      vertex -1.3582753540679884 0.7467181948576589 -1.9
      vertex -1.3582753540679884 0.7467181948576589 -27
      vertex -1.2539763412811686 0.9110671410533334 -1.9
    endloop
  endfacet
  facet normal 0.7705132427757887 -0.6374239897486902 0
    outer loop
      vertex -1.2539763412811686 0.9110671410533334 -1.9
      vertex -1.2539763412811686 0.9110671410533334 -27
      vertex -1.1299013725031881 1.0610480141894671 -1.9
    endloop
  endfacet
  facet normal 0.6845471059286891 -0.7289686274214112 0
    outer loop
      vertex -1.1299013725031881 1.0610480141894671 -1.9
      vertex -1.1299013725031881 1.0610480141894671 -27
      vertex -0.988007184110469 1.1942955263024735 -1.9
    endloop
  endfacet
  facet normal 0.5877852522924731 -0.8090169943749476 0
    outer loop
      vertex -0.988007184110469 1.1942955263024735 -1.9
      vertex -0.988007184110469 1.1942955263024735 -27
      vertex -0.830531532217445 1.3087082845281233 -1.9
    endloop
  endfacet
  facet normal 0.48175367410171516 -0.8763066800438637 0
    outer loop
      vertex -0.830531532217445 1.3087082845281233 -1.9
      vertex -0.830531532217445 1.3087082845281233 -27
      vertex -0.6599579019258627 1.4024819313223302 -1.9
    endloop
  endfacet
  facet normal 0.36812455268467753 -0.9297764858882515 0
    outer loop
      vertex -0.6599579019258627 1.4024819313223302 -1.9
      vertex -0.6599579019258627 1.4024819313223302 -27
      vertex -0.47897634128116845 1.474137600257488 -1.9
    endloop
  endfacet
  facet normal 0.24868988716485557 -0.9685831611286309 0
    outer loop
      vertex -0.47897634128116845 1.474137600257488 -1.9
      vertex -0.47897634128116845 1.474137600257488 -27
      vertex -0.2904410376078731 1.5225452386294676 -1.9
    endloop
  endfacet
  facet normal 0.12533323356430429 -0.9921147013144778 0
    outer loop
      vertex -0.2904410376078731 1.5225452386294676 -1.9
      vertex -0.2904410376078731 1.5225452386294676 -27
      vertex -0.09732530527043558 1.546941429063821 -1.9
    endloop
  endfacet
  facet normal 0 -1 0
    outer loop
      vertex -0.09732530527043558 1.546941429063821 -1.9
      vertex -0.09732530527043558 1.546941429063821 -27
      vertex 0.09732530527043474 1.546941429063821 -1.9
    endloop
  endfacet
  facet normal -0.12533323356430562 0.9921147013144775 0
    outer loop
      vertex 0.09732530527043634 -1.546941429063821 -1.9
      vertex 0.2904410376078735 -1.5225452386294673 -27
      vertex 0.09732530527043634 -1.546941429063821 -27
    endloop
  endfacet
  facet normal -0.248689887164855 0.968583161128631 0
    outer loop
      vertex 0.2904410376078735 -1.5225452386294673 -1.9
      vertex 0.47897634128116845 -1.474137600257488 -27
      vertex 0.2904410376078735 -1.5225452386294673 -27
    endloop
  endfacet
  facet normal -0.36812455268467714 0.9297764858882517 0
    outer loop
      vertex 0.47897634128116845 -1.474137600257488 -1.9
      vertex 0.6599579019258623 -1.4024819313223305 -27
      vertex 0.47897634128116845 -1.474137600257488 -27
    endloop
  endfacet
  facet normal -0.4817536741017155 0.8763066800438635 0
    outer loop
      vertex 0.6599579019258623 -1.4024819313223305 -1.9
      vertex 0.8305315322174441 -1.3087082845281237 -27
      vertex 0.6599579019258623 -1.4024819313223305 -27
    endloop
  endfacet
  facet normal -0.5877852522924726 0.8090169943749479 0
    outer loop
      vertex 0.8305315322174441 -1.3087082845281237 -1.9
      vertex 0.9880071841104695 -1.194295526302473 -27
      vertex 0.8305315322174441 -1.3087082845281237 -27
    endloop
  endfacet
  facet normal -0.6845471059286893 0.728968627421411 0
    outer loop
      vertex 0.9880071841104695 -1.194295526302473 -1.9
      vertex 1.1299013725031881 -1.0610480141894671 -27
      vertex 0.9880071841104695 -1.194295526302473 -27
    endloop
  endfacet
  facet normal -0.7705132427757887 0.6374239897486902 0
    outer loop
      vertex 1.1299013725031881 -1.0610480141894671 -1.9
      vertex 1.2539763412811686 -0.9110671410533334 -27
      vertex 1.1299013725031881 -1.0610480141894671 -27
    endloop
  endfacet
  facet normal -0.8443279255020155 0.5358267949789958 0
    outer loop
      vertex 1.2539763412811686 -0.9110671410533334 -1.9
      vertex 1.3582753540679884 -0.7467181948576589 -27
      vertex 1.2539763412811686 -0.9110671410533334 -27
    endloop
  endfacet
  facet normal -0.9048270524660192 0.425779291565073 0
    outer loop
      vertex 1.3582753540679884 -0.7467181948576589 -1.9
      vertex 1.4411535531267894 -0.5705930566612515 -27
      vertex 1.3582753540679884 -0.7467181948576589 -27
    endloop
  endfacet
  facet normal -0.9510565162951535 0.30901699437494773 0
    outer loop
      vertex 1.4411535531267894 -0.5705930566612515 -1.9
      vertex 1.5013038997493784 -0.3854693251055244 -27
      vertex 1.4411535531267894 -0.5705930566612515 -27
    endloop
  endfacet
  facet normal -0.9822872507286886 0.18738131458572452 0
    outer loop
      vertex 1.5013038997493784 -0.3854693251055244 -1.9
      vertex 1.5377777870374407 -0.1942665120246713 -27
      vertex 1.5013038997493784 -0.3854693251055244 -27
    endloop
  endfacet
  facet normal -0.9980267284282716 0.06279051952931325 0
    outer loop
      vertex 1.5377777870374407 -0.1942665120246713 -1.9
      vertex 1.55 0 -27
      vertex 1.5377777870374407 -0.1942665120246713 -27
    endloop
  endfacet
  facet normal 0 1 0
    outer loop
      vertex -0.09732530527043634 -1.546941429063821 -1.9
      vertex 0.09732530527043634 -1.546941429063821 -1.9
      vertex 0.09732530527043634 -1.546941429063821 -27
    endloop
  endfacet
  facet normal -0.12533323356430562 0.9921147013144775 0
    outer loop
      vertex 0.09732530527043634 -1.546941429063821 -1.9
      vertex 0.2904410376078735 -1.5225452386294673 -1.9
      vertex 0.2904410376078735 -1.5225452386294673 -27
    endloop
  endfacet
  facet normal -0.248689887164855 0.968583161128631 0
    outer loop
      vertex 0.2904410376078735 -1.5225452386294673 -1.9
      vertex 0.47897634128116845 -1.474137600257488 -1.9
      vertex 0.47897634128116845 -1.474137600257488 -27
    endloop
  endfacet
  facet normal -0.36812455268467714 0.9297764858882517 0
    outer loop
      vertex 0.47897634128116845 -1.474137600257488 -1.9
      vertex 0.6599579019258623 -1.4024819313223305 -1.9
      vertex 0.6599579019258623 -1.4024819313223305 -27
    endloop
  endfacet
  facet normal -0.4817536741017155 0.8763066800438635 0
    outer loop
      vertex 0.6599579019258623 -1.4024819313223305 -1.9
      vertex 0.8305315322174441 -1.3087082845281237 -1.9
      vertex 0.8305315322174441 -1.3087082845281237 -27
    endloop
  endfacet
  facet normal -0.5877852522924726 0.8090169943749479 0
    outer loop
      vertex 0.8305315322174441 -1.3087082845281237 -1.9
      vertex 0.9880071841104695 -1.194295526302473 -1.9
      vertex 0.9880071841104695 -1.194295526302473 -27
    endloop
  endfacet
  facet normal -0.6845471059286893 0.728968627421411 0
    outer loop
      vertex 0.9880071841104695 -1.194295526302473 -1.9
      vertex 1.1299013725031881 -1.0610480141894671 -1.9
      vertex 1.1299013725031881 -1.0610480141894671 -27
    endloop
  endfacet
  facet normal -0.7705132427757887 0.6374239897486902 0
    outer loop
      vertex 1.1299013725031881 -1.0610480141894671 -1.9
      vertex 1.2539763412811686 -0.9110671410533334 -1.9
      vertex 1.2539763412811686 -0.9110671410533334 -27
    endloop
  endfacet
  facet normal -0.8443279255020155 0.5358267949789958 0
    outer loop
      vertex 1.2539763412811686 -0.9110671410533334 -1.9
      vertex 1.3582753540679884 -0.7467181948576589 -1.9
      vertex 1.3582753540679884 -0.7467181948576589 -27
    endloop
  endfacet
  facet normal -0.9048270524660192 0.425779291565073 0
    outer loop
      vertex 1.3582753540679884 -0.7467181948576589 -1.9
      vertex 1.4411535531267894 -0.5705930566612515 -1.9
      vertex 1.4411535531267894 -0.5705930566612515 -27
    endloop
  endfacet
  facet normal -0.9510565162951535 0.30901699437494773 0
    outer loop
      vertex 1.4411535531267894 -0.5705930566612515 -1.9
      vertex 1.5013038997493784 -0.3854693251055244 -1.9
      vertex 1.5013038997493784 -0.3854693251055244 -27
    endloop
  endfacet
  facet normal -0.9822872507286886 0.18738131458572452 0
    outer loop
      vertex 1.5013038997493784 -0.3854693251055244 -1.9
      vertex 1.5377777870374407 -0.1942665120246713 -1.9
      vertex 1.5377777870374407 -0.1942665120246713 -27
    endloop
  endfacet
  facet normal -0.9980267284282716 0.06279051952931325 0
    outer loop
      vertex 1.5377777870374407 -0.1942665120246713 -1.9
      vertex 1.55 0 -1.9
      vertex 1.55 0 -27
    endloop
  endfacet
  facet normal -0.24868988716485557 -0.9685831611286309 0
    outer loop
      vertex 0.47897634128116845 1.474137600257488 -1.9
      vertex 0.2904410376078731 1.5225452386294676 -27
      vertex 0.47897634128116845 1.474137600257488 -27
    endloop
  endfacet
  facet normal 0 -1 0
    outer loop
      vertex 0.09732530527043474 1.546941429063821 -1.9
      vertex -0.09732530527043558 1.546941429063821 -27
      vertex 0.09732530527043495 1.546941429063821 -27
    endloop
  endfacet
  facet normal -0.12533323356430387 -0.9921147013144778 0
    outer loop
      vertex 0.2904410376078731 1.5225452386294676 -1.9
      vertex 0.09732530527043495 1.546941429063821 -27
      vertex 0.2904410376078731 1.5225452386294676 -27
    endloop
  endfacet
  facet normal -0.36812455268467753 -0.9297764858882515 0
    outer loop
      vertex 0.6599579019258627 1.4024819313223302 -1.9
      vertex 0.47897634128116845 1.474137600257488 -27
      vertex 0.6599579019258627 1.4024819313223302 -27
    endloop
  endfacet
  facet normal -0.5877852522924735 -0.8090169943749472 0
    outer loop
      vertex 0.9880071841104692 1.1942955263024733 -1.9
      vertex 0.8305315322174448 1.3087082845281235 -27
      vertex 0.9880071841104692 1.1942955263024733 -27
    endloop
  endfacet
  facet normal -0.4817536741017147 -0.8763066800438639 0
    outer loop
      vertex 0.8305315322174448 1.3087082845281235 -1.9
      vertex 0.6599579019258627 1.4024819313223302 -27
      vertex 0.8305315322174448 1.3087082845281235 -27
    endloop
  endfacet
  facet normal -0.9510565162951535 -0.3090169943749473 0
    outer loop
      vertex 1.5013038997493782 0.38546932510552495 -1.9
      vertex 1.4411535531267896 0.5705930566612509 -27
      vertex 1.5013038997493782 0.38546932510552495 -27
    endloop
  endfacet
  facet normal -0.7705132427757891 -0.6374239897486897 0
    outer loop
      vertex 1.2539763412811686 0.9110671410533334 -1.9
      vertex 1.129901372503188 1.0610480141894676 -27
      vertex 1.2539763412811686 0.9110671410533334 -27
    endloop
  endfacet
  facet normal -0.9048270524660197 -0.42577929156507216 0
    outer loop
      vertex 1.4411535531267896 0.5705930566612509 -1.9
      vertex 1.3582753540679886 0.7467181948576588 -27
      vertex 1.4411535531267896 0.5705930566612509 -27
    endloop
  endfacet
  facet normal -0.8443279255020152 -0.5358267949789963 0
    outer loop
      vertex 1.3582753540679886 0.7467181948576588 -1.9
      vertex 1.2539763412811686 0.9110671410533334 -27
      vertex 1.3582753540679886 0.7467181948576588 -27
    endloop
  endfacet
  facet normal -0.9980267284282716 -0.06279051952931315 0
    outer loop
      vertex 1.55 0 -1.9
      vertex 1.5377777870374407 0.1942665120246716 -27
      vertex 1.55 0 -27
    endloop
  endfacet
  facet normal -0.9822872507286886 -0.1873813145857254 0
    outer loop
      vertex 1.5377777870374407 0.1942665120246716 -1.9
      vertex 1.5013038997493782 0.38546932510552495 -27
      vertex 1.5377777870374407 0.1942665120246716 -27
    endloop
  endfacet
  facet normal -0.6845471059286884 -0.7289686274214118 0
    outer loop
      vertex 1.129901372503188 1.0610480141894676 -1.9
      vertex 0.9880071841104692 1.1942955263024733 -27
      vertex 1.129901372503188 1.0610480141894676 -27
    endloop
  endfacet
  facet normal -0.12533323356430376 -0.9921147013144778 -1.0394510083701133e-18
    outer loop
      vertex 0.09732530527043474 1.546941429063821 -1.9
      vertex 0.09732530527043495 1.546941429063821 -27
      vertex 0.2904410376078731 1.5225452386294676 -1.9
    endloop
  endfacet
  facet normal -0.24868988716485557 -0.9685831611286309 0
    outer loop
      vertex 0.2904410376078731 1.5225452386294676 -1.9
      vertex 0.2904410376078731 1.5225452386294676 -27
      vertex 0.47897634128116845 1.474137600257488 -1.9
    endloop
  endfacet
  facet normal -0.36812455268467753 -0.9297764858882515 0
    outer loop
      vertex 0.47897634128116845 1.474137600257488 -1.9
      vertex 0.47897634128116845 1.474137600257488 -27
      vertex 0.6599579019258627 1.4024819313223302 -1.9
    endloop
  endfacet
  facet normal -0.4817536741017147 -0.8763066800438639 0
    outer loop
      vertex 0.6599579019258627 1.4024819313223302 -1.9
      vertex 0.6599579019258627 1.4024819313223302 -27
      vertex 0.8305315322174448 1.3087082845281235 -1.9
    endloop
  endfacet
  facet normal -0.5877852522924735 -0.8090169943749472 0
    outer loop
      vertex 0.9880071841104692 1.1942955263024733 -1.9
      vertex 0.8305315322174448 1.3087082845281235 -1.9
      vertex 0.8305315322174448 1.3087082845281235 -27
    endloop
  endfacet
  facet normal -0.9510565162951535 -0.3090169943749473 0
    outer loop
      vertex 1.5013038997493782 0.38546932510552495 -1.9
      vertex 1.4411535531267896 0.5705930566612509 -1.9
      vertex 1.4411535531267896 0.5705930566612509 -27
    endloop
  endfacet
  facet normal -0.9048270524660197 -0.42577929156507216 0
    outer loop
      vertex 1.4411535531267896 0.5705930566612509 -1.9
      vertex 1.3582753540679886 0.7467181948576588 -1.9
      vertex 1.3582753540679886 0.7467181948576588 -27
    endloop
  endfacet
  facet normal -0.8443279255020152 -0.5358267949789963 0
    outer loop
      vertex 1.3582753540679886 0.7467181948576588 -1.9
      vertex 1.2539763412811686 0.9110671410533334 -1.9
      vertex 1.2539763412811686 0.9110671410533334 -27
    endloop
  endfacet
  facet normal -0.9980267284282716 -0.06279051952931315 0
    outer loop
      vertex 1.55 0 -1.9
      vertex 1.5377777870374407 0.1942665120246716 -1.9
      vertex 1.5377777870374407 0.1942665120246716 -27
    endloop
  endfacet
  facet normal -0.9822872507286886 -0.1873813145857254 0
    outer loop
      vertex 1.5377777870374407 0.1942665120246716 -1.9
      vertex 1.5013038997493782 0.38546932510552495 -1.9
      vertex 1.5013038997493782 0.38546932510552495 -27
    endloop
  endfacet
  facet normal -0.6845471059286884 -0.7289686274214118 0
    outer loop
      vertex 0.9880071841104692 1.1942955263024733 -1.9
      vertex 0.9880071841104692 1.1942955263024733 -27
      vertex 1.129901372503188 1.0610480141894676 -1.9
    endloop
  endfacet
  facet normal -0.7705132427757891 -0.6374239897486897 0
    outer loop
      vertex 1.129901372503188 1.0610480141894676 -1.9
      vertex 1.129901372503188 1.0610480141894676 -27
      vertex 1.2539763412811686 0.9110671410533334 -1.9
    endloop
  endfacet
endsolid OpenSCAD_Model
