solid OpenSCAD_Model
  facet normal -0.8443279255020153 -0.5358267949789963 0
    outer loop
      vertex -5.663118960624632 -4.114496766047312 -28.5
      vertex -6.134146760307044 -3.372275718712008 0
      vertex -6.134146760307044 -3.372275718712008 -28.5
    endloop
  endfacet
  facet normal -0.7705132427757894 -0.6374239897486897 0
    outer loop
      vertex -5.663118960624632 -4.114496766047312 -28.5
      vertex -5.1027803919498815 -4.79182974150082 -28.5
      vertex -5.663118960624632 -4.114496766047312 0
    endloop
  endfacet
  facet normal -0.5877852522924721 -0.8090169943749482 0
    outer loop
      vertex -4.461967928240828 -5.393592699430526 -28.5
      vertex -3.7507875648529776 -5.910295478514104 -28.5
      vertex -3.7507875648529776 -5.910295478514104 0
    endloop
  endfacet
  facet normal -0.6845471059286895 -0.7289686274214109 0
    outer loop
      vertex -4.461967928240828 -5.393592699430526 -28.5
      vertex -4.461967928240828 -5.393592699430526 0
      vertex -5.1027803919498815 -4.79182974150082 -28.5
    endloop
  endfacet
  facet normal 0 0 -1
    outer loop
      vertex -6.50843540121776 -2.576871868792745 -28.5
      vertex -6.7800821279004175 -1.740829210153984 -28.5
      vertex -6.50843540121776 2.576871868792745 -28.5
    endloop
  endfacet
  facet normal 0 0 -1
    outer loop
      vertex -6.7800821279004175 -1.740829210153984 -28.5
      vertex -6.9448029092013455 -0.8773326349501285 -28.5
      vertex -6.7800821279004175 1.740829210153984 -28.5
    endloop
  endfacet
  facet normal 0 0 -1
    outer loop
      vertex -6.134146760307044 -3.372275718712008 -28.5
      vertex -6.50843540121776 -2.576871868792745 -28.5
      vertex -6.134146760307044 3.372275718712008 -28.5
    endloop
  endfacet
  facet normal 0 0 -1
    outer loop
      vertex -5.663118960624632 -4.114496766047312 -28.5
      vertex -6.134146760307044 -3.372275718712008 -28.5
      vertex -5.663118960624632 4.114496766047312 -28.5
    endloop
  endfacet
  facet normal 0 0 -1
    outer loop
      vertex -5.663118960624632 -4.114496766047312 -28.5
      vertex -5.1027803919498815 4.79182974150082 -28.5
      vertex -5.1027803919498815 -4.79182974150082 -28.5
    endloop
  endfacet
  facet normal 0 0 -1
    outer loop
      vertex -4.461967928240828 -5.393592699430526 -28.5
      vertex -3.7507875648529776 5.910295478514104 -28.5
      vertex -3.7507875648529776 -5.910295478514104 -28.5
    endloop
  endfacet
  facet normal 0 0 -1
    outer loop
      vertex -4.461967928240828 -5.393592699430526 -28.5
      vertex -5.1027803919498815 -4.79182974150082 -28.5
      vertex -4.461967928240828 5.393592699430526 -28.5
    endloop
  endfacet
  facet normal -0.9048270524660196 -0.42577929156507277 0
    outer loop
      vertex -6.134146760307044 -3.372275718712008 -28.5
      vertex -6.50843540121776 -2.576871868792745 0
      vertex -6.50843540121776 -2.576871868792745 -28.5
    endloop
  endfacet
  facet normal -0.9510565162951535 -0.30901699437494745 0
    outer loop
      vertex -6.50843540121776 -2.576871868792745 -28.5
      vertex -6.7800821279004175 -1.740829210153984 0
      vertex -6.7800821279004175 -1.740829210153984 -28.5
    endloop
  endfacet
  facet normal -0.9822872507286885 -0.18738131458572535 0
    outer loop
      vertex -6.7800821279004175 -1.740829210153984 -28.5
      vertex -6.9448029092013455 -0.8773326349501285 0
      vertex -6.9448029092013455 -0.8773326349501285 -28.5
    endloop
  endfacet
  facet normal -0.9980267284282717 -0.06279051952931274 0
    outer loop
      vertex -6.9448029092013455 -0.8773326349501285 -28.5
      vertex -7 0 0
      vertex -7 0 -28.5
    endloop
  endfacet
  facet normal 0 0 -1
    outer loop
      vertex -2.980455040955507 -6.333789367262137 -28.5
      vertex -2.0957848038365587 -1.9680729295449795 -28.5
      vertex -2.1631189606246317 -6.657395614066075 -28.5
    endloop
  endfacet
  facet normal 0 0 -1
    outer loop
      vertex -2.1631189606246317 -6.657395614066075 -28.5
      vertex -2.0957848038365587 -1.9680729295449795 -28.5
      vertex -1.8325939705274827 -2.2152255729803945 -28.5
    endloop
  endfacet
  facet normal 0 0 -1
    outer loop
      vertex -2.1631189606246317 -6.657395614066075 -28.5
      vertex -1.8325939705274827 -2.2152255729803945 -28.5
      vertex -1.5405020355646157 -2.427442785818293 -28.5
    endloop
  endfacet
  facet normal 0 0 -1
    outer loop
      vertex -2.1631189606246317 -6.657395614066075 -28.5
      vertex -1.2241154632495832 -2.6013777758398064 -28.5
      vertex -1.3116692021000738 -6.87601075510082 -28.5
    endloop
  endfacet
  facet normal 0 0 -1
    outer loop
      vertex -1.3116692021000738 -6.87601075510082 -28.5
      vertex -0.18052274364677706 -2.869326844231281 -28.5
      vertex -0.43953363670519635 -6.986187098997901 -28.5
    endloop
  endfacet
  facet normal 0 0 -1
    outer loop
      vertex -0.43953363670519635 -6.986187098997901 -28.5
      vertex -0.18052274364677706 -2.869326844231281 -28.5
      vertex 0.43953363670519635 -6.986187098997901 -28.5
    endloop
  endfacet
  facet normal 0 0 -1
    outer loop
      vertex -2.1631189606246317 -6.657395614066075 -28.5
      vertex -1.5405020355646157 -2.427442785818293 -28.5
      vertex -1.2241154632495832 -2.6013777758398064 -28.5
    endloop
  endfacet
  facet normal 0 0 -1
    outer loop
      vertex -1.3116692021000738 -6.87601075510082 -28.5
      vertex -1.2241154632495832 -2.6013777758398064 -28.5
      vertex -0.8884238588279738 -2.7342874843485663 -28.5
    endloop
  endfacet
  facet normal 0 0 -1
    outer loop
      vertex -1.3116692021000738 -6.87601075510082 -28.5
      vertex -0.8884238588279738 -2.7342874843485663 -28.5
      vertex -0.5387212794339589 -2.82407584584498 -28.5
    endloop
  endfacet
  facet normal 0 0 -1
    outer loop
      vertex -1.3116692021000738 -6.87601075510082 -28.5
      vertex -0.5387212794339589 -2.82407584584498 -28.5
      vertex -0.18052274364677706 -2.869326844231281 -28.5
    endloop
  endfacet
  facet normal -0.4817536741017149 -0.8763066800438638 0
    outer loop
      vertex -3.7507875648529776 -5.910295478514104 -28.5
      vertex -2.980455040955507 -6.333789367262137 -28.5
      vertex -2.980455040955507 -6.333789367262137 0
    endloop
  endfacet
  facet normal -0.36812455268467814 -0.9297764858882513 0
    outer loop
      vertex -2.980455040955507 -6.333789367262137 -28.5
      vertex -2.1631189606246317 -6.657395614066075 -28.5
      vertex -2.1631189606246317 -6.657395614066075 0
    endloop
  endfacet
  facet normal -0.24868988716485493 -0.9685831611286312 0
    outer loop
      vertex -2.1631189606246317 -6.657395614066075 -28.5
      vertex -1.3116692021000738 -6.87601075510082 -28.5
      vertex -1.3116692021000738 -6.87601075510082 0
    endloop
  endfacet
  facet normal -0.12533323356430495 -0.9921147013144777 0
    outer loop
      vertex -1.3116692021000738 -6.87601075510082 -28.5
      vertex -0.43953363670519635 -6.986187098997901 -28.5
      vertex -0.43953363670519635 -6.986187098997901 0
    endloop
  endfacet
  facet normal 0 0 -1
    outer loop
      vertex -2.980455040955507 -6.333789367262137 -28.5
      vertex -2.673107396928723 -1.058358088968449 -28.5
      vertex -2.5193817051261074 -1.3850418130424318 -28.5
    endloop
  endfacet
  facet normal 0 0 -1
    outer loop
      vertex -2.980455040955507 -6.333789367262137 -28.5
      vertex -2.7846765882448143 -0.7149834255989577 -28.5
      vertex -2.673107396928723 -1.058358088968449 -28.5
    endloop
  endfacet
  facet normal 0 0 -1
    outer loop
      vertex -3.7507875648529776 -5.910295478514104 -28.5
      vertex -2.980455040955509 6.333789367262137 -28.5
      vertex -2.980455040955507 -6.333789367262137 -28.5
    endloop
  endfacet
  facet normal 0 0 -1
    outer loop
      vertex -2.980455040955507 -6.333789367262137 -28.5
      vertex -2.852329766279124 -0.3603330464973742 -28.5
      vertex -2.7846765882448143 -0.7149834255989577 -28.5
    endloop
  endfacet
  facet normal 0 0 -1
    outer loop
      vertex -2.980455040955507 -6.333789367262137 -28.5
      vertex -2.875 0 -28.5
      vertex -2.852329766279124 -0.3603330464973742 -28.5
    endloop
  endfacet
  facet normal 0 0 -1
    outer loop
      vertex -2.980455040955507 -6.333789367262137 -28.5
      vertex -2.325923858827974 -1.6898826003408602 -28.5
      vertex -2.0957848038365587 -1.9680729295449795 -28.5
    endloop
  endfacet
  facet normal 0 0 -1
    outer loop
      vertex -2.980455040955507 -6.333789367262137 -28.5
      vertex -2.5193817051261074 -1.3850418130424318 -28.5
      vertex -2.325923858827974 -1.6898826003408602 -28.5
    endloop
  endfacet
  facet normal -0.7705132427757894 -0.6374239897486897 0
    outer loop
      vertex -5.1027803919498815 -4.79182974150082 -28.5
      vertex -5.1027803919498815 -4.79182974150082 0
      vertex -5.663118960624632 -4.114496766047312 0
    endloop
  endfacet
  facet normal -0.8443279255020153 -0.5358267949789963 0
    outer loop
      vertex -5.663118960624632 -4.114496766047312 -28.5
      vertex -5.663118960624632 -4.114496766047312 0
      vertex -6.134146760307044 -3.372275718712008 0
    endloop
  endfacet
  facet normal -0.5877852522924721 -0.8090169943749482 0
    outer loop
      vertex -4.461967928240828 -5.393592699430526 -28.5
      vertex -3.7507875648529776 -5.910295478514104 0
      vertex -4.461967928240828 -5.393592699430526 0
    endloop
  endfacet
  facet normal -0.6845471059286895 -0.7289686274214109 0
    outer loop
      vertex -5.1027803919498815 -4.79182974150082 -28.5
      vertex -4.461967928240828 -5.393592699430526 0
      vertex -5.1027803919498815 -4.79182974150082 0
    endloop
  endfacet
  facet normal -0.9048270524660196 -0.42577929156507277 0
    outer loop
      vertex -6.134146760307044 -3.372275718712008 -28.5
      vertex -6.134146760307044 -3.372275718712008 0
      vertex -6.50843540121776 -2.576871868792745 0
    endloop
  endfacet
  facet normal -0.9510565162951535 -0.30901699437494745 0
    outer loop
      vertex -6.50843540121776 -2.576871868792745 -28.5
      vertex -6.50843540121776 -2.576871868792745 0
      vertex -6.7800821279004175 -1.740829210153984 0
    endloop
  endfacet
  facet normal -0.9822872507286885 -0.18738131458572535 0
    outer loop
      vertex -6.7800821279004175 -1.740829210153984 -28.5
      vertex -6.7800821279004175 -1.740829210153984 0
      vertex -6.9448029092013455 -0.8773326349501285 0
    endloop
  endfacet
  facet normal -0.9980267284282717 -0.06279051952931274 0
    outer loop
      vertex -6.9448029092013455 -0.8773326349501285 -28.5
      vertex -6.9448029092013455 -0.8773326349501285 0
      vertex -7 0 0
    endloop
  endfacet
  facet normal 0 0 1
    outer loop
      vertex -6.134146760307044 -3.372275718712008 0
      vertex -6.50843540121776 2.576871868792745 0
      vertex -6.50843540121776 -2.576871868792745 0
    endloop
  endfacet
  facet normal 0 0 1
    outer loop
      vertex -6.7800821279004175 -1.740829210153984 0
      vertex -6.9448029092013455 0.8773326349501285 0
      vertex -6.9448029092013455 -0.8773326349501285 0
    endloop
  endfacet
  facet normal 0 0 1
    outer loop
      vertex -6.50843540121776 -2.576871868792745 0
      vertex -6.7800821279004175 1.740829210153984 0
      vertex -6.7800821279004175 -1.740829210153984 0
    endloop
  endfacet
  facet normal 0 0 1
    outer loop
      vertex -5.663118960624632 -4.114496766047312 0
      vertex -6.134146760307044 3.372275718712008 0
      vertex -6.134146760307044 -3.372275718712008 0
    endloop
  endfacet
  facet normal 0 0 1
    outer loop
      vertex -5.663118960624632 -4.114496766047312 0
      vertex -5.1027803919498815 -4.79182974150082 0
      vertex -5.663118960624632 4.114496766047312 0
    endloop
  endfacet
  facet normal 0 0 1
    outer loop
      vertex -4.461967928240828 -5.393592699430526 0
      vertex -5.1027803919498815 4.79182974150082 0
      vertex -5.1027803919498815 -4.79182974150082 0
    endloop
  endfacet
  facet normal 0 0 1
    outer loop
      vertex -4.461967928240828 -5.393592699430526 0
      vertex -3.7507875648529776 -5.910295478514104 0
      vertex -4.461967928240828 5.393592699430526 0
    endloop
  endfacet
  facet normal -0.36812455268467814 -0.9297764858882513 0
    outer loop
      vertex -2.980455040955507 -6.333789367262137 -28.5
      vertex -2.1631189606246317 -6.657395614066075 0
      vertex -2.980455040955507 -6.333789367262137 0
    endloop
  endfacet
  facet normal -0.4817536741017149 -0.8763066800438638 0
    outer loop
      vertex -3.7507875648529776 -5.910295478514104 -28.5
      vertex -2.980455040955507 -6.333789367262137 0
      vertex -3.7507875648529776 -5.910295478514104 0
    endloop
  endfacet
  facet normal -0.24868988716485493 -0.9685831611286312 0
    outer loop
      vertex -2.1631189606246317 -6.657395614066075 -28.5
      vertex -1.3116692021000738 -6.87601075510082 0
      vertex -2.1631189606246317 -6.657395614066075 0
    endloop
  endfacet
  facet normal -0.12533323356430495 -0.9921147013144777 0
    outer loop
      vertex -1.3116692021000738 -6.87601075510082 -28.5
      vertex -0.43953363670519635 -6.986187098997901 0
      vertex -1.3116692021000738 -6.87601075510082 0
    endloop
  endfacet
  facet normal 0 -1 0
    outer loop
      vertex -0.43953363670519635 -6.986187098997901 -28.5
      vertex 0.43953363670519635 -6.986187098997901 0
      vertex -0.43953363670519635 -6.986187098997901 0
    endloop
  endfacet
  facet normal 0 0 1
    outer loop
      vertex -3.7507875648529776 -5.910295478514104 0
      vertex -2.980455040955507 -6.333789367262137 0
      vertex -3.461999997496605 0 0
    endloop
  endfacet
  facet normal 0 0 1
    outer loop
      vertex -2.980455040955507 -6.333789367262137 0
      vertex -2.1631189606246317 -6.657395614066075 0
      vertex -3.461999997496605 0 0
    endloop
  endfacet
  facet normal 0 0 1
    outer loop
      vertex -2.1631189606246317 -6.657395614066075 0
      vertex -1.3116692021000738 -6.87601075510082 0
      vertex -1.7309999987483025 -2.9981799498200417 0
    endloop
  endfacet
  facet normal 0 0 1
    outer loop
      vertex -1.3116692021000738 -6.87601075510082 0
      vertex -0.43953363670519635 -6.986187098997901 0
      vertex -1.7309999987483025 -2.9981799498200417 0
    endloop
  endfacet
  facet normal 0 0 1
    outer loop
      vertex -0.43953363670519635 -6.986187098997901 0
      vertex 0.43953363670519635 -6.986187098997901 0
      vertex -1.7309999987483025 -2.9981799498200417 0
    endloop
  endfacet
  facet normal 0 0 1
    outer loop
      vertex -2.1631189606246317 -6.657395614066075 0
      vertex -1.7309999987483025 -2.9981799498200417 0
      vertex -3.461999997496605 0 0
    endloop
  endfacet
  facet normal 0 0 -1
    outer loop
      vertex -6.9448029092013455 -0.8773326349501285 -28.5
      vertex -7 0 -28.5
      vertex -6.9448029092013455 0.8773326349501285 -28.5
    endloop
  endfacet
  facet normal 0 0 -1
    outer loop
      vertex -6.9448029092013455 -0.8773326349501285 -28.5
      vertex -6.9448029092013455 0.8773326349501285 -28.5
      vertex -6.7800821279004175 1.740829210153984 -28.5
    endloop
  endfacet
  facet normal 0 0 -1
    outer loop
      vertex -6.7800821279004175 -1.740829210153984 -28.5
      vertex -6.7800821279004175 1.740829210153984 -28.5
      vertex -6.50843540121776 2.576871868792745 -28.5
    endloop
  endfacet
  facet normal 0 0 -1
    outer loop
      vertex -6.50843540121776 -2.576871868792745 -28.5
      vertex -6.50843540121776 2.576871868792745 -28.5
      vertex -6.134146760307044 3.372275718712008 -28.5
    endloop
  endfacet
  facet normal 0 0 -1
    outer loop
      vertex -6.134146760307044 -3.372275718712008 -28.5
      vertex -6.134146760307044 3.372275718712008 -28.5
      vertex -5.663118960624632 4.114496766047312 -28.5
    endloop
  endfacet
  facet normal 0 0 -1
    outer loop
      vertex -5.663118960624632 -4.114496766047312 -28.5
      vertex -5.663118960624632 4.114496766047312 -28.5
      vertex -5.1027803919498815 4.79182974150082 -28.5
    endloop
  endfacet
  facet normal 0 0 -1
    outer loop
      vertex -5.1027803919498815 -4.79182974150082 -28.5
      vertex -5.1027803919498815 4.79182974150082 -28.5
      vertex -4.461967928240828 5.393592699430526 -28.5
    endloop
  endfacet
  facet normal 0 0 -1
    outer loop
      vertex -4.461967928240828 -5.393592699430526 -28.5
      vertex -4.461967928240828 5.393592699430526 -28.5
      vertex -3.7507875648529776 5.910295478514104 -28.5
    endloop
  endfacet
  facet normal -0.9980267284282717 0.06279051952931274 0
    outer loop
      vertex -7 0 -28.5
      vertex -6.9448029092013455 0.8773326349501285 0
      vertex -6.9448029092013455 0.8773326349501285 -28.5
    endloop
  endfacet
  facet normal -0.9822872507286885 0.18738131458572535 0
    outer loop
      vertex -6.9448029092013455 0.8773326349501285 -28.5
      vertex -6.7800821279004175 1.740829210153984 0
      vertex -6.7800821279004175 1.740829210153984 -28.5
    endloop
  endfacet
  facet normal -0.9510565162951535 0.30901699437494745 0
    outer loop
      vertex -6.7800821279004175 1.740829210153984 -28.5
      vertex -6.50843540121776 2.576871868792745 0
      vertex -6.50843540121776 2.576871868792745 -28.5
    endloop
  endfacet
  facet normal -0.9048270524660196 0.42577929156507277 0
    outer loop
      vertex -6.50843540121776 2.576871868792745 -28.5
      vertex -6.134146760307044 3.372275718712008 0
      vertex -6.134146760307044 3.372275718712008 -28.5
    endloop
  endfacet
  facet normal -0.8443279255020153 0.5358267949789963 0
    outer loop
      vertex -6.134146760307044 3.372275718712008 -28.5
      vertex -5.663118960624632 4.114496766047312 0
      vertex -5.663118960624632 4.114496766047312 -28.5
    endloop
  endfacet
  facet normal -0.7705132427757894 0.6374239897486897 0
    outer loop
      vertex -5.663118960624632 4.114496766047312 -28.5
      vertex -5.1027803919498815 4.79182974150082 0
      vertex -5.1027803919498815 4.79182974150082 -28.5
    endloop
  endfacet
  facet normal -0.6845471059286895 0.7289686274214109 0
    outer loop
      vertex -5.1027803919498815 4.79182974150082 -28.5
      vertex -5.1027803919498815 4.79182974150082 0
      vertex -4.461967928240828 5.393592699430526 -28.5
    endloop
  endfacet
  facet normal -0.5877852522924721 0.8090169943749482 0
    outer loop
      vertex -4.461967928240828 5.393592699430526 -28.5
      vertex -4.461967928240828 5.393592699430526 0
      vertex -3.7507875648529776 5.910295478514104 -28.5
    endloop
  endfacet
  facet normal 0 0 -1
    outer loop
      vertex -2.980455040955507 -6.333789367262137 -28.5
      vertex -2.980455040955509 6.333789367262137 -28.5
      vertex -2.875 0 -28.5
    endloop
  endfacet
  facet normal 0 0 -1
    outer loop
      vertex -3.7507875648529776 -5.910295478514104 -28.5
      vertex -3.7507875648529776 5.910295478514104 -28.5
      vertex -2.980455040955509 6.333789367262137 -28.5
    endloop
  endfacet
  facet normal 0 0 -1
    outer loop
      vertex -2.875 0 -28.5
      vertex -2.980455040955509 6.333789367262137 -28.5
      vertex -2.852329766279124 0.3603330464973742 -28.5
    endloop
  endfacet
  facet normal 0 0 -1
    outer loop
      vertex -2.852329766279124 0.3603330464973742 -28.5
      vertex -2.980455040955509 6.333789367262137 -28.5
      vertex -2.7846765882448143 0.7149834255989577 -28.5
    endloop
  endfacet
  facet normal 0 0 -1
    outer loop
      vertex -2.7846765882448143 0.7149834255989577 -28.5
      vertex -2.980455040955509 6.333789367262137 -28.5
      vertex -2.673107396928723 1.058358088968449 -28.5
    endloop
  endfacet
  facet normal 0 0 -1
    outer loop
      vertex -2.673107396928723 1.058358088968449 -28.5
      vertex -2.980455040955509 6.333789367262137 -28.5
      vertex -2.5193817051261074 1.3850418130424318 -28.5
    endloop
  endfacet
  facet normal 0 0 -1
    outer loop
      vertex -2.5193817051261074 1.3850418130424318 -28.5
      vertex -2.1631189606246317 6.657395614066075 -28.5
      vertex -2.325923858827974 1.6898826003408602 -28.5
    endloop
  endfacet
  facet normal 0 0 -1
    outer loop
      vertex -2.325923858827974 1.6898826003408602 -28.5
      vertex -2.1631189606246317 6.657395614066075 -28.5
      vertex -2.0957848038365587 1.9680729295449795 -28.5
    endloop
  endfacet
  facet normal 0 0 -1
    outer loop
      vertex -2.0957848038365587 1.9680729295449795 -28.5
      vertex -2.1631189606246317 6.657395614066075 -28.5
      vertex -1.8325939705274827 2.2152255729803945 -28.5
    endloop
  endfacet
  facet normal 0 0 -1
    outer loop
      vertex -2.5193817051261074 1.3850418130424318 -28.5
      vertex -2.980455040955509 6.333789367262137 -28.5
      vertex -2.1631189606246317 6.657395614066075 -28.5
    endloop
  endfacet
  facet normal 0 0 -1
    outer loop
      vertex -1.8325939705274827 2.2152255729803945 -28.5
      vertex -2.1631189606246317 6.657395614066075 -28.5
      vertex -1.311669202100072 6.876010755100821 -28.5
    endloop
  endfacet
  facet normal 0 0 -1
    outer loop
      vertex -1.8325939705274827 2.2152255729803945 -28.5
      vertex -1.311669202100072 6.876010755100821 -28.5
      vertex -1.5405020355646157 2.427442785818293 -28.5
    endloop
  endfacet
  facet normal 0 0 -1
    outer loop
      vertex -1.5405020355646157 2.427442785818293 -28.5
      vertex -1.311669202100072 6.876010755100821 -28.5
      vertex -1.224115463249584 2.601377775839806 -28.5
    endloop
  endfacet
  facet normal 0 0 -1
    outer loop
      vertex -1.224115463249584 2.601377775839806 -28.5
      vertex -1.311669202100072 6.876010755100821 -28.5
      vertex -0.8884238588279738 2.7342874843485663 -28.5
    endloop
  endfacet
  facet normal 0 0 -1
    outer loop
      vertex -0.8884238588279738 2.7342874843485663 -28.5
      vertex -0.43953363670519296 6.986187098997901 -28.5
      vertex -0.5387212794339582 2.82407584584498 -28.5
    endloop
  endfacet
  facet normal 0 0 -1
    outer loop
      vertex -0.5387212794339582 2.82407584584498 -28.5
      vertex -0.43953363670519296 6.986187098997901 -28.5
      vertex -0.18052274364677567 2.869326844231281 -28.5
    endloop
  endfacet
  facet normal 0 0 -1
    outer loop
      vertex -0.18052274364677567 2.869326844231281 -28.5
      vertex -0.43953363670519296 6.986187098997901 -28.5
      vertex 0.1805227436467747 2.869326844231281 -28.5
    endloop
  endfacet
  facet normal 0 0 -1
    outer loop
      vertex -0.8884238588279738 2.7342874843485663 -28.5
      vertex -1.311669202100072 6.876010755100821 -28.5
      vertex -0.43953363670519296 6.986187098997901 -28.5
    endloop
  endfacet
  facet normal -0.4817536741017157 0.8763066800438634 0
    outer loop
      vertex -3.7507875648529776 5.910295478514104 -28.5
      vertex -3.7507875648529776 5.910295478514104 0
      vertex -2.980455040955509 6.333789367262137 -28.5
    endloop
  endfacet
  facet normal -0.3681245526846774 0.9297764858882516 0
    outer loop
      vertex -2.980455040955509 6.333789367262137 -28.5
      vertex -2.980455040955509 6.333789367262137 0
      vertex -2.1631189606246317 6.657395614066075 -28.5
    endloop
  endfacet
  facet normal -0.24868988716485535 0.9685831611286311 0
    outer loop
      vertex -2.1631189606246317 6.657395614066075 -28.5
      vertex -2.1631189606246317 6.657395614066075 0
      vertex -1.311669202100072 6.876010755100821 -28.5
    endloop
  endfacet
  facet normal -0.12533323356430373 0.9921147013144779 0
    outer loop
      vertex -1.311669202100072 6.876010755100821 -28.5
      vertex -1.311669202100072 6.876010755100821 0
      vertex -0.43953363670519296 6.986187098997901 -28.5
    endloop
  endfacet
  facet normal 0 1 0
    outer loop
      vertex -0.43953363670519296 6.986187098997901 -28.5
      vertex -0.43953363670519296 6.986187098997901 0
      vertex 0.43953363670519296 6.986187098997901 -28.5
    endloop
  endfacet
  facet normal -0.9980267284282717 0.06279051952931274 0
    outer loop
      vertex -7 0 -28.5
      vertex -7 0 0
      vertex -6.9448029092013455 0.8773326349501285 0
    endloop
  endfacet
  facet normal -0.9822872507286885 0.18738131458572535 0
    outer loop
      vertex -6.9448029092013455 0.8773326349501285 -28.5
      vertex -6.9448029092013455 0.8773326349501285 0
      vertex -6.7800821279004175 1.740829210153984 0
    endloop
  endfacet
  facet normal -0.9510565162951535 0.30901699437494745 0
    outer loop
      vertex -6.7800821279004175 1.740829210153984 -28.5
      vertex -6.7800821279004175 1.740829210153984 0
      vertex -6.50843540121776 2.576871868792745 0
    endloop
  endfacet
  facet normal -0.9048270524660196 0.42577929156507277 0
    outer loop
      vertex -6.50843540121776 2.576871868792745 -28.5
      vertex -6.50843540121776 2.576871868792745 0
      vertex -6.134146760307044 3.372275718712008 0
    endloop
  endfacet
  facet normal 0 0 1
    outer loop
      vertex -6.9448029092013455 -0.8773326349501285 0
      vertex -6.9448029092013455 0.8773326349501285 0
      vertex -7 0 0
    endloop
  endfacet
  facet normal 0 0 1
    outer loop
      vertex -6.7800821279004175 -1.740829210153984 0
      vertex -6.7800821279004175 1.740829210153984 0
      vertex -6.9448029092013455 0.8773326349501285 0
    endloop
  endfacet
  facet normal 0 0 1
    outer loop
      vertex -6.50843540121776 -2.576871868792745 0
      vertex -6.50843540121776 2.576871868792745 0
      vertex -6.7800821279004175 1.740829210153984 0
    endloop
  endfacet
  facet normal 0 0 1
    outer loop
      vertex -6.134146760307044 -3.372275718712008 0
      vertex -6.134146760307044 3.372275718712008 0
      vertex -6.50843540121776 2.576871868792745 0
    endloop
  endfacet
  facet normal 0 0 1
    outer loop
      vertex -5.663118960624632 -4.114496766047312 0
      vertex -5.663118960624632 4.114496766047312 0
      vertex -6.134146760307044 3.372275718712008 0
    endloop
  endfacet
  facet normal 0 0 1
    outer loop
      vertex -5.1027803919498815 -4.79182974150082 0
      vertex -5.1027803919498815 4.79182974150082 0
      vertex -5.663118960624632 4.114496766047312 0
    endloop
  endfacet
  facet normal 0 0 1
    outer loop
      vertex -4.461967928240828 -5.393592699430526 0
      vertex -4.461967928240828 5.393592699430526 0
      vertex -5.1027803919498815 4.79182974150082 0
    endloop
  endfacet
  facet normal 0 0 1
    outer loop
      vertex -3.7507875648529776 -5.910295478514104 0
      vertex -3.461999997496605 0 0
      vertex -3.7507875648529776 5.910295478514104 0
    endloop
  endfacet
  facet normal 0 0 1
    outer loop
      vertex -3.7507875648529776 -5.910295478514104 0
      vertex -3.7507875648529776 5.910295478514104 0
      vertex -4.461967928240828 5.393592699430526 0
    endloop
  endfacet
  facet normal -0.8443279255020153 0.5358267949789963 0
    outer loop
      vertex -6.134146760307044 3.372275718712008 -28.5
      vertex -6.134146760307044 3.372275718712008 0
      vertex -5.663118960624632 4.114496766047312 0
    endloop
  endfacet
  facet normal -0.7705132427757894 0.6374239897486897 0
    outer loop
      vertex -5.663118960624632 4.114496766047312 -28.5
      vertex -5.663118960624632 4.114496766047312 0
      vertex -5.1027803919498815 4.79182974150082 0
    endloop
  endfacet
  facet normal -0.6845471059286895 0.7289686274214109 0
    outer loop
      vertex -4.461967928240828 5.393592699430526 -28.5
      vertex -5.1027803919498815 4.79182974150082 0
      vertex -4.461967928240828 5.393592699430526 0
    endloop
  endfacet
  facet normal -0.5877852522924721 0.8090169943749482 0
    outer loop
      vertex -3.7507875648529776 5.910295478514104 -28.5
      vertex -4.461967928240828 5.393592699430526 0
      vertex -3.7507875648529776 5.910295478514104 0
    endloop
  endfacet
  facet normal 0 0 1
    outer loop
      vertex -3.7507875648529776 5.910295478514104 0
      vertex -3.461999997496605 0 0
      vertex -1.7309999987483025 2.9981799498200417 0
    endloop
  endfacet
  facet normal -0.4817536741017157 0.8763066800438634 0
    outer loop
      vertex -2.980455040955509 6.333789367262137 -28.5
      vertex -3.7507875648529776 5.910295478514104 0
      vertex -2.980455040955509 6.333789367262137 0
    endloop
  endfacet
  facet normal -0.3681245526846774 0.9297764858882516 0
    outer loop
      vertex -2.1631189606246317 6.657395614066075 -28.5
      vertex -2.980455040955509 6.333789367262137 0
      vertex -2.1631189606246317 6.657395614066075 0
    endloop
  endfacet
  facet normal -0.24868988716485535 0.9685831611286311 0
    outer loop
      vertex -1.311669202100072 6.876010755100821 -28.5
      vertex -2.1631189606246317 6.657395614066075 0
      vertex -1.311669202100072 6.876010755100821 0
    endloop
  endfacet
  facet normal -0.12533323356430373 0.9921147013144779 0
    outer loop
      vertex -0.43953363670519296 6.986187098997901 -28.5
      vertex -1.311669202100072 6.876010755100821 0
      vertex -0.43953363670519296 6.986187098997901 0
    endloop
  endfacet
  facet normal 0 0 1
    outer loop
      vertex -3.7507875648529776 5.910295478514104 0
      vertex -1.7309999987483025 2.9981799498200417 0
      vertex -2.980455040955509 6.333789367262137 0
    endloop
  endfacet
  facet normal 0 0 1
    outer loop
      vertex -2.980455040955509 6.333789367262137 0
      vertex -1.7309999987483025 2.9981799498200417 0
      vertex -2.1631189606246317 6.657395614066075 0
    endloop
  endfacet
  facet normal 0 0 1
    outer loop
      vertex -2.1631189606246317 6.657395614066075 0
      vertex -1.7309999987483025 2.9981799498200417 0
      vertex 1.7309999987483025 2.9981799498200417 0
    endloop
  endfacet
  facet normal 0 0 1
    outer loop
      vertex -2.1631189606246317 6.657395614066075 0
      vertex 1.7309999987483025 2.9981799498200417 0
      vertex -1.311669202100072 6.876010755100821 0
    endloop
  endfacet
  facet normal 0 0 1
    outer loop
      vertex -1.311669202100072 6.876010755100821 0
      vertex 1.7309999987483025 2.9981799498200417 0
      vertex -0.43953363670519296 6.986187098997901 0
    endloop
  endfacet
  facet normal 0 0 -1
    outer loop
      vertex 0.43953363670519635 -6.986187098997901 -28.5
      vertex 0.8884238588279738 -2.7342874843485663 -28.5
      vertex 1.3116692021000738 -6.87601075510082 -28.5
    endloop
  endfacet
  facet normal 0 0 -1
    outer loop
      vertex -0.18052274364677706 -2.869326844231281 -28.5
      vertex 0.18052274364677706 -2.869326844231281 -28.5
      vertex 0.43953363670519635 -6.986187098997901 -28.5
    endloop
  endfacet
  facet normal 0 0 -1
    outer loop
      vertex 0.43953363670519635 -6.986187098997901 -28.5
      vertex 0.18052274364677706 -2.869326844231281 -28.5
      vertex 0.5387212794339589 -2.82407584584498 -28.5
    endloop
  endfacet
  facet normal 0 0 -1
    outer loop
      vertex 0.43953363670519635 -6.986187098997901 -28.5
      vertex 0.5387212794339589 -2.82407584584498 -28.5
      vertex 0.8884238588279738 -2.7342874843485663 -28.5
    endloop
  endfacet
  facet normal 0 0 -1
    outer loop
      vertex 1.3116692021000738 -6.87601075510082 -28.5
      vertex 0.8884238588279738 -2.7342874843485663 -28.5
      vertex 1.2241154632495832 -2.6013777758398064 -28.5
    endloop
  endfacet
  facet normal 0 0 -1
    outer loop
      vertex 1.3116692021000738 -6.87601075510082 -28.5
      vertex 1.2241154632495832 -2.6013777758398064 -28.5
      vertex 1.5405020355646142 -2.427442785818294 -28.5
    endloop
  endfacet
  facet normal 0 0 -1
    outer loop
      vertex 1.3116692021000738 -6.87601075510082 -28.5
      vertex 1.5405020355646142 -2.427442785818294 -28.5
      vertex 1.8325939705274836 -2.2152255729803936 -28.5
    endloop
  endfacet
  facet normal 0 0 -1
    outer loop
      vertex 1.3116692021000738 -6.87601075510082 -28.5
      vertex 1.8325939705274836 -2.2152255729803936 -28.5
      vertex 2.1631189606246317 -6.657395614066075 -28.5
    endloop
  endfacet
  facet normal 0 0 -1
    outer loop
      vertex 2.1631189606246317 -6.657395614066075 -28.5
      vertex 2.5193817051261074 -1.3850418130424318 -28.5
      vertex 2.980455040955507 -6.333789367262137 -28.5
    endloop
  endfacet
  facet normal 0 0 -1
    outer loop
      vertex 2.1631189606246317 -6.657395614066075 -28.5
      vertex 1.8325939705274836 -2.2152255729803936 -28.5
      vertex 2.0957848038365587 -1.9680729295449795 -28.5
    endloop
  endfacet
  facet normal 0 -1 0
    outer loop
      vertex -0.43953363670519635 -6.986187098997901 -28.5
      vertex 0.43953363670519635 -6.986187098997901 -28.5
      vertex 0.43953363670519635 -6.986187098997901 0
    endloop
  endfacet
  facet normal 0.12533323356430495 -0.9921147013144777 0
    outer loop
      vertex 0.43953363670519635 -6.986187098997901 -28.5
      vertex 1.3116692021000738 -6.87601075510082 -28.5
      vertex 1.3116692021000738 -6.87601075510082 0
    endloop
  endfacet
  facet normal 0.24868988716485493 -0.9685831611286312 0
    outer loop
      vertex 1.3116692021000738 -6.87601075510082 -28.5
      vertex 2.1631189606246317 -6.657395614066075 -28.5
      vertex 2.1631189606246317 -6.657395614066075 0
    endloop
  endfacet
  facet normal 0.36812455268467814 -0.9297764858882513 0
    outer loop
      vertex 2.1631189606246317 -6.657395614066075 -28.5
      vertex 2.980455040955507 -6.333789367262137 -28.5
      vertex 2.980455040955507 -6.333789367262137 0
    endloop
  endfacet
  facet normal 0.48175367410171444 -0.876306680043864 0
    outer loop
      vertex 2.980455040955507 -6.333789367262137 -28.5
      vertex 3.7507875648529736 -5.910295478514107 -28.5
      vertex 3.7507875648529736 -5.910295478514107 0
    endloop
  endfacet
  facet normal 0 0 -1
    outer loop
      vertex 2.1631189606246317 -6.657395614066075 -28.5
      vertex 2.0957848038365587 -1.9680729295449795 -28.5
      vertex 2.325923858827974 -1.6898826003408602 -28.5
    endloop
  endfacet
  facet normal 0 0 -1
    outer loop
      vertex 2.1631189606246317 -6.657395614066075 -28.5
      vertex 2.325923858827974 -1.6898826003408602 -28.5
      vertex 2.5193817051261074 -1.3850418130424318 -28.5
    endloop
  endfacet
  facet normal 0 0 -1
    outer loop
      vertex 2.980455040955507 -6.333789367262137 -28.5
      vertex 2.5193817051261074 -1.3850418130424318 -28.5
      vertex 2.6731073969287222 -1.0583580889684503 -28.5
    endloop
  endfacet
  facet normal 0 0 -1
    outer loop
      vertex 2.980455040955507 -6.333789367262137 -28.5
      vertex 2.6731073969287222 -1.0583580889684503 -28.5
      vertex 2.784676588244815 -0.7149834255989564 -28.5
    endloop
  endfacet
  facet normal 0 0 -1
    outer loop
      vertex 2.980455040955507 -6.333789367262137 -28.5
      vertex 2.784676588244815 -0.7149834255989564 -28.5
      vertex 2.852329766279124 -0.3603330464973742 -28.5
    endloop
  endfacet
  facet normal 0 0 -1
    outer loop
      vertex 2.980455040955507 -6.333789367262137 -28.5
      vertex 2.852329766279124 -0.3603330464973742 -28.5
      vertex 2.875 0 -28.5
    endloop
  endfacet
  facet normal 0 0 -1
    outer loop
      vertex 2.980455040955507 -6.333789367262137 -28.5
      vertex 3.7507875648529767 5.910295478514105 -28.5
      vertex 3.7507875648529736 -5.910295478514107 -28.5
    endloop
  endfacet
  facet normal 0.5877852522924729 -0.8090169943749476 0
    outer loop
      vertex 3.7507875648529736 -5.910295478514107 -28.5
      vertex 4.4619679282408296 -5.393592699430523 -28.5
      vertex 4.4619679282408296 -5.393592699430523 0
    endloop
  endfacet
  facet normal 0.6845471059286888 -0.7289686274214114 0
    outer loop
      vertex 4.4619679282408296 -5.393592699430523 -28.5
      vertex 5.1027803919498815 -4.79182974150082 -28.5
      vertex 5.1027803919498815 -4.79182974150082 0
    endloop
  endfacet
  facet normal 0.7705132427757894 -0.6374239897486897 0
    outer loop
      vertex 5.1027803919498815 -4.79182974150082 -28.5
      vertex 5.663118960624632 -4.114496766047312 -28.5
      vertex 5.1027803919498815 -4.79182974150082 0
    endloop
  endfacet
  facet normal 0.8443279255020153 -0.5358267949789963 0
    outer loop
      vertex 5.663118960624632 -4.114496766047312 -28.5
      vertex 6.134146760307044 -3.372275718712008 -28.5
      vertex 5.663118960624632 -4.114496766047312 0
    endloop
  endfacet
  facet normal 0 0 -1
    outer loop
      vertex 3.7507875648529736 -5.910295478514107 -28.5
      vertex 4.461967928240828 5.393592699430524 -28.5
      vertex 4.4619679282408296 -5.393592699430523 -28.5
    endloop
  endfacet
  facet normal 0 0 -1
    outer loop
      vertex 4.4619679282408296 -5.393592699430523 -28.5
      vertex 5.102780391949881 4.7918297415008215 -28.5
      vertex 5.1027803919498815 -4.79182974150082 -28.5
    endloop
  endfacet
  facet normal 0 0 -1
    outer loop
      vertex 5.1027803919498815 -4.79182974150082 -28.5
      vertex 5.663118960624632 4.114496766047312 -28.5
      vertex 5.663118960624632 -4.114496766047312 -28.5
    endloop
  endfacet
  facet normal 0 0 -1
    outer loop
      vertex 5.663118960624632 -4.114496766047312 -28.5
      vertex 6.134146760307045 3.3722757187120074 -28.5
      vertex 6.134146760307044 -3.372275718712008 -28.5
    endloop
  endfacet
  facet normal 0 0 -1
    outer loop
      vertex 6.134146760307044 -3.372275718712008 -28.5
      vertex 6.50843540121776 2.576871868792746 -28.5
      vertex 6.508435401217759 -2.5768718687927485 -28.5
    endloop
  endfacet
  facet normal 0 0 -1
    outer loop
      vertex 6.508435401217759 -2.5768718687927485 -28.5
      vertex 6.7800821279004175 1.7408292101539835 -28.5
      vertex 6.780082127900418 -1.740829210153981 -28.5
    endloop
  endfacet
  facet normal 0 0 -1
    outer loop
      vertex 6.780082127900418 -1.740829210153981 -28.5
      vertex 6.9448029092013455 0.8773326349501298 -28.5
      vertex 6.9448029092013455 -0.8773326349501285 -28.5
    endloop
  endfacet
  facet normal 0.9048270524660191 -0.4257792915650735 0
    outer loop
      vertex 6.134146760307044 -3.372275718712008 -28.5
      vertex 6.508435401217759 -2.5768718687927485 -28.5
      vertex 6.134146760307044 -3.372275718712008 0
    endloop
  endfacet
  facet normal 0.9510565162951536 -0.3090169943749471 0
    outer loop
      vertex 6.508435401217759 -2.5768718687927485 -28.5
      vertex 6.780082127900418 -1.740829210153981 -28.5
      vertex 6.508435401217759 -2.5768718687927485 0
    endloop
  endfacet
  facet normal 0.9822872507286886 -0.18738131458572496 0
    outer loop
      vertex 6.780082127900418 -1.740829210153981 -28.5
      vertex 6.9448029092013455 -0.8773326349501285 -28.5
      vertex 6.780082127900418 -1.740829210153981 0
    endloop
  endfacet
  facet normal 0.9980267284282717 -0.06279051952931274 0
    outer loop
      vertex 6.9448029092013455 -0.8773326349501285 -28.5
      vertex 7 0 -28.5
      vertex 6.9448029092013455 -0.8773326349501285 0
    endloop
  endfacet
  facet normal 0.12533323356430495 -0.9921147013144777 0
    outer loop
      vertex 0.43953363670519635 -6.986187098997901 -28.5
      vertex 1.3116692021000738 -6.87601075510082 0
      vertex 0.43953363670519635 -6.986187098997901 0
    endloop
  endfacet
  facet normal 0.24868988716485493 -0.9685831611286312 0
    outer loop
      vertex 1.3116692021000738 -6.87601075510082 -28.5
      vertex 2.1631189606246317 -6.657395614066075 0
      vertex 1.3116692021000738 -6.87601075510082 0
    endloop
  endfacet
  facet normal 0.36812455268467814 -0.9297764858882513 0
    outer loop
      vertex 2.1631189606246317 -6.657395614066075 -28.5
      vertex 2.980455040955507 -6.333789367262137 0
      vertex 2.1631189606246317 -6.657395614066075 0
    endloop
  endfacet
  facet normal 0.48175367410171444 -0.876306680043864 0
    outer loop
      vertex 2.980455040955507 -6.333789367262137 -28.5
      vertex 3.7507875648529736 -5.910295478514107 0
      vertex 2.980455040955507 -6.333789367262137 0
    endloop
  endfacet
  facet normal 0 0 1
    outer loop
      vertex 0.43953363670519635 -6.986187098997901 0
      vertex 1.3116692021000738 -6.87601075510082 0
      vertex -1.7309999987483025 -2.9981799498200417 0
    endloop
  endfacet
  facet normal 0 0 1
    outer loop
      vertex 1.3116692021000738 -6.87601075510082 0
      vertex 2.1631189606246317 -6.657395614066075 0
      vertex -1.7309999987483025 -2.9981799498200417 0
    endloop
  endfacet
  facet normal 0 0 1
    outer loop
      vertex 2.1631189606246317 -6.657395614066075 0
      vertex 1.7309999987483025 -2.9981799498200417 0
      vertex -1.7309999987483025 -2.9981799498200417 0
    endloop
  endfacet
  facet normal 0 0 1
    outer loop
      vertex 2.1631189606246317 -6.657395614066075 0
      vertex 2.980455040955507 -6.333789367262137 0
      vertex 1.7309999987483025 -2.9981799498200417 0
    endloop
  endfacet
  facet normal 0 0 1
    outer loop
      vertex 2.980455040955507 -6.333789367262137 0
      vertex 3.7507875648529736 -5.910295478514107 0
      vertex 1.7309999987483025 -2.9981799498200417 0
    endloop
  endfacet
  facet normal 0 0 1
    outer loop
      vertex 3.7507875648529736 -5.910295478514107 0
      vertex 3.461999997496605 0 0
      vertex 1.7309999987483025 -2.9981799498200417 0
    endloop
  endfacet
  facet normal 0.5877852522924729 -0.8090169943749476 0
    outer loop
      vertex 3.7507875648529736 -5.910295478514107 -28.5
      vertex 4.4619679282408296 -5.393592699430523 0
      vertex 3.7507875648529736 -5.910295478514107 0
    endloop
  endfacet
  facet normal 0.6845471059286888 -0.7289686274214114 0
    outer loop
      vertex 4.4619679282408296 -5.393592699430523 -28.5
      vertex 5.1027803919498815 -4.79182974150082 0
      vertex 4.4619679282408296 -5.393592699430523 0
    endloop
  endfacet
  facet normal 0.7705132427757894 -0.6374239897486897 0
    outer loop
      vertex 5.663118960624632 -4.114496766047312 -28.5
      vertex 5.663118960624632 -4.114496766047312 0
      vertex 5.1027803919498815 -4.79182974150082 0
    endloop
  endfacet
  facet normal 0.8443279255020153 -0.5358267949789963 0
    outer loop
      vertex 6.134146760307044 -3.372275718712008 -28.5
      vertex 6.134146760307044 -3.372275718712008 0
      vertex 5.663118960624632 -4.114496766047312 0
    endloop
  endfacet
  facet normal 0.9048270524660191 -0.4257792915650735 0
    outer loop
      vertex 6.508435401217759 -2.5768718687927485 -28.5
      vertex 6.508435401217759 -2.5768718687927485 0
      vertex 6.134146760307044 -3.372275718712008 0
    endloop
  endfacet
  facet normal 0.9510565162951536 -0.3090169943749471 0
    outer loop
      vertex 6.780082127900418 -1.740829210153981 -28.5
      vertex 6.780082127900418 -1.740829210153981 0
      vertex 6.508435401217759 -2.5768718687927485 0
    endloop
  endfacet
  facet normal 0.9822872507286886 -0.18738131458572496 0
    outer loop
      vertex 6.9448029092013455 -0.8773326349501285 -28.5
      vertex 6.9448029092013455 -0.8773326349501285 0
      vertex 6.780082127900418 -1.740829210153981 0
    endloop
  endfacet
  facet normal 0.9980267284282717 -0.06279051952931274 0
    outer loop
      vertex 6.9448029092013455 -0.8773326349501285 0
      vertex 7 0 -28.5
      vertex 7 0 0
    endloop
  endfacet
  facet normal 0 0 1
    outer loop
      vertex 3.7507875648529736 -5.910295478514107 0
      vertex 4.4619679282408296 -5.393592699430523 0
      vertex 3.7507875648529767 5.910295478514105 0
    endloop
  endfacet
  facet normal 0 0 1
    outer loop
      vertex 3.7507875648529736 -5.910295478514107 0
      vertex 3.7507875648529767 5.910295478514105 0
      vertex 3.461999997496605 0 0
    endloop
  endfacet
  facet normal 0 0 1
    outer loop
      vertex 4.4619679282408296 -5.393592699430523 0
      vertex 5.1027803919498815 -4.79182974150082 0
      vertex 4.461967928240828 5.393592699430524 0
    endloop
  endfacet
  facet normal 0 0 1
    outer loop
      vertex 5.1027803919498815 -4.79182974150082 0
      vertex 5.663118960624632 -4.114496766047312 0
      vertex 5.102780391949881 4.7918297415008215 0
    endloop
  endfacet
  facet normal 0 0 1
    outer loop
      vertex 5.663118960624632 -4.114496766047312 0
      vertex 6.134146760307044 -3.372275718712008 0
      vertex 5.663118960624632 4.114496766047312 0
    endloop
  endfacet
  facet normal 0 0 1
    outer loop
      vertex 6.134146760307044 -3.372275718712008 0
      vertex 6.508435401217759 -2.5768718687927485 0
      vertex 6.134146760307045 3.3722757187120074 0
    endloop
  endfacet
  facet normal 0 0 1
    outer loop
      vertex 6.508435401217759 -2.5768718687927485 0
      vertex 6.780082127900418 -1.740829210153981 0
      vertex 6.50843540121776 2.576871868792746 0
    endloop
  endfacet
  facet normal 0 0 1
    outer loop
      vertex 6.780082127900418 -1.740829210153981 0
      vertex 6.9448029092013455 -0.8773326349501285 0
      vertex 6.7800821279004175 1.7408292101539835 0
    endloop
  endfacet
  facet normal 0 0 -1
    outer loop
      vertex 2.980455040955507 -6.333789367262137 -28.5
      vertex 2.875 0 -28.5
      vertex 2.980455040955509 6.333789367262137 -28.5
    endloop
  endfacet
  facet normal 0 0 -1
    outer loop
      vertex 2.325923858827974 1.6898826003408602 -28.5
      vertex 2.980455040955509 6.333789367262137 -28.5
      vertex 2.519381705126108 1.3850418130424316 -28.5
    endloop
  endfacet
  facet normal 0 0 -1
    outer loop
      vertex 2.325923858827974 1.6898826003408602 -28.5
      vertex 2.0957848038365583 1.9680729295449801 -28.5
      vertex 2.980455040955509 6.333789367262137 -28.5
    endloop
  endfacet
  facet normal 0 0 -1
    outer loop
      vertex 2.875 0 -28.5
      vertex 2.852329766279124 0.36033304649737474 -28.5
      vertex 2.980455040955509 6.333789367262137 -28.5
    endloop
  endfacet
  facet normal 0 0 -1
    outer loop
      vertex 2.852329766279124 0.36033304649737474 -28.5
      vertex 2.7846765882448143 0.7149834255989576 -28.5
      vertex 2.980455040955509 6.333789367262137 -28.5
    endloop
  endfacet
  facet normal 0 0 -1
    outer loop
      vertex 2.980455040955507 -6.333789367262137 -28.5
      vertex 2.980455040955509 6.333789367262137 -28.5
      vertex 3.7507875648529767 5.910295478514105 -28.5
    endloop
  endfacet
  facet normal 0 0 -1
    outer loop
      vertex 2.7846765882448143 0.7149834255989576 -28.5
      vertex 2.6731073969287227 1.0583580889684492 -28.5
      vertex 2.980455040955509 6.333789367262137 -28.5
    endloop
  endfacet
  facet normal 0 0 -1
    outer loop
      vertex 2.519381705126108 1.3850418130424316 -28.5
      vertex 2.980455040955509 6.333789367262137 -28.5
      vertex 2.6731073969287227 1.0583580889684492 -28.5
    endloop
  endfacet
  facet normal 0 0 -1
    outer loop
      vertex 0.1805227436467747 2.869326844231281 -28.5
      vertex 1.311669202100072 6.876010755100821 -28.5
      vertex 0.5387212794339582 2.82407584584498 -28.5
    endloop
  endfacet
  facet normal 0 0 -1
    outer loop
      vertex 0.5387212794339582 2.82407584584498 -28.5
      vertex 1.311669202100072 6.876010755100821 -28.5
      vertex 0.8884238588279738 2.7342874843485663 -28.5
    endloop
  endfacet
  facet normal 0 0 -1
    outer loop
      vertex 1.224115463249584 2.601377775839806 -28.5
      vertex 0.8884238588279738 2.7342874843485663 -28.5
      vertex 1.311669202100072 6.876010755100821 -28.5
    endloop
  endfacet
  facet normal 0 0 -1
    outer loop
      vertex 1.224115463249584 2.601377775839806 -28.5
      vertex 2.1631189606246317 6.657395614066075 -28.5
      vertex 1.5405020355646153 2.427442785818293 -28.5
    endloop
  endfacet
  facet normal 0 0 -1
    outer loop
      vertex -0.43953363670519296 6.986187098997901 -28.5
      vertex 0.43953363670519296 6.986187098997901 -28.5
      vertex 0.1805227436467747 2.869326844231281 -28.5
    endloop
  endfacet
  facet normal 0 0 -1
    outer loop
      vertex 0.1805227436467747 2.869326844231281 -28.5
      vertex 0.43953363670519296 6.986187098997901 -28.5
      vertex 1.311669202100072 6.876010755100821 -28.5
    endloop
  endfacet
  facet normal 0 0 -1
    outer loop
      vertex 1.224115463249584 2.601377775839806 -28.5
      vertex 1.311669202100072 6.876010755100821 -28.5
      vertex 2.1631189606246317 6.657395614066075 -28.5
    endloop
  endfacet
  facet normal 0 0 -1
    outer loop
      vertex 1.5405020355646153 2.427442785818293 -28.5
      vertex 2.1631189606246317 6.657395614066075 -28.5
      vertex 1.832593970527483 2.2152255729803936 -28.5
    endloop
  endfacet
  facet normal 0 0 -1
    outer loop
      vertex 2.0957848038365583 1.9680729295449801 -28.5
      vertex 1.832593970527483 2.2152255729803936 -28.5
      vertex 2.1631189606246317 6.657395614066075 -28.5
    endloop
  endfacet
  facet normal 0 0 -1
    outer loop
      vertex 2.0957848038365583 1.9680729295449801 -28.5
      vertex 2.1631189606246317 6.657395614066075 -28.5
      vertex 2.980455040955509 6.333789367262137 -28.5
    endloop
  endfacet
  facet normal 0.12533323356430373 0.9921147013144779 0
    outer loop
      vertex 0.43953363670519296 6.986187098997901 -28.5
      vertex 0.43953363670519296 6.986187098997901 0
      vertex 1.311669202100072 6.876010755100821 -28.5
    endloop
  endfacet
  facet normal 0.24868988716485535 0.9685831611286311 0
    outer loop
      vertex 1.311669202100072 6.876010755100821 -28.5
      vertex 1.311669202100072 6.876010755100821 0
      vertex 2.1631189606246317 6.657395614066075 -28.5
    endloop
  endfacet
  facet normal 0.3681245526846774 0.9297764858882516 0
    outer loop
      vertex 2.1631189606246317 6.657395614066075 -28.5
      vertex 2.1631189606246317 6.657395614066075 0
      vertex 2.980455040955509 6.333789367262137 -28.5
    endloop
  endfacet
  facet normal 0.4817536741017153 0.8763066800438636 0
    outer loop
      vertex 2.980455040955509 6.333789367262137 -28.5
      vertex 2.980455040955509 6.333789367262137 0
      vertex 3.7507875648529767 5.910295478514105 -28.5
    endloop
  endfacet
  facet normal 0 0 -1
    outer loop
      vertex 4.4619679282408296 -5.393592699430523 -28.5
      vertex 4.461967928240828 5.393592699430524 -28.5
      vertex 5.102780391949881 4.7918297415008215 -28.5
    endloop
  endfacet
  facet normal 0 0 -1
    outer loop
      vertex 3.7507875648529736 -5.910295478514107 -28.5
      vertex 3.7507875648529767 5.910295478514105 -28.5
      vertex 4.461967928240828 5.393592699430524 -28.5
    endloop
  endfacet
  facet normal 0 0 -1
    outer loop
      vertex 5.1027803919498815 -4.79182974150082 -28.5
      vertex 5.102780391949881 4.7918297415008215 -28.5
      vertex 5.663118960624632 4.114496766047312 -28.5
    endloop
  endfacet
  facet normal 0 0 -1
    outer loop
      vertex 5.663118960624632 -4.114496766047312 -28.5
      vertex 5.663118960624632 4.114496766047312 -28.5
      vertex 6.134146760307045 3.3722757187120074 -28.5
    endloop
  endfacet
  facet normal 0 0 -1
    outer loop
      vertex 6.134146760307044 -3.372275718712008 -28.5
      vertex 6.134146760307045 3.3722757187120074 -28.5
      vertex 6.50843540121776 2.576871868792746 -28.5
    endloop
  endfacet
  facet normal 0 0 -1
    outer loop
      vertex 6.9448029092013455 -0.8773326349501285 -28.5
      vertex 6.9448029092013455 0.8773326349501298 -28.5
      vertex 7 0 -28.5
    endloop
  endfacet
  facet normal 0 0 -1
    outer loop
      vertex 6.780082127900418 -1.740829210153981 -28.5
      vertex 6.7800821279004175 1.7408292101539835 -28.5
      vertex 6.9448029092013455 0.8773326349501298 -28.5
    endloop
  endfacet
  facet normal 0 0 -1
    outer loop
      vertex 6.508435401217759 -2.5768718687927485 -28.5
      vertex 6.50843540121776 2.576871868792746 -28.5
      vertex 6.7800821279004175 1.7408292101539835 -28.5
    endloop
  endfacet
  facet normal 0.9980267284282717 0.06279051952931264 0
    outer loop
      vertex 7 0 -28.5
      vertex 6.9448029092013455 0.8773326349501298 -28.5
      vertex 7 0 0
    endloop
  endfacet
  facet normal 0.9822872507286885 0.18738131458572574 0
    outer loop
      vertex 6.9448029092013455 0.8773326349501298 -28.5
      vertex 6.7800821279004175 1.7408292101539835 -28.5
      vertex 6.9448029092013455 0.8773326349501298 0
    endloop
  endfacet
  facet normal 0.9510565162951538 0.309016994374947 0
    outer loop
      vertex 6.7800821279004175 1.7408292101539835 -28.5
      vertex 6.50843540121776 2.576871868792746 -28.5
      vertex 6.7800821279004175 1.7408292101539835 0
    endloop
  endfacet
  facet normal 0.9048270524660197 0.4257792915650725 0
    outer loop
      vertex 6.50843540121776 2.576871868792746 -28.5
      vertex 6.134146760307045 3.3722757187120074 -28.5
      vertex 6.50843540121776 2.576871868792746 0
    endloop
  endfacet
  facet normal 0.6845471059286878 0.7289686274214124 0
    outer loop
      vertex 5.102780391949881 4.7918297415008215 -28.5
      vertex 4.461967928240828 5.393592699430524 -28.5
      vertex 4.461967928240828 5.393592699430524 0
    endloop
  endfacet
  facet normal 0.5877852522924736 0.809016994374947 0
    outer loop
      vertex 3.7507875648529767 5.910295478514105 -28.5
      vertex 3.7507875648529767 5.910295478514105 0
      vertex 4.461967928240828 5.393592699430524 -28.5
    endloop
  endfacet
  facet normal 0.7705132427757896 0.6374239897486893 0
    outer loop
      vertex 5.102780391949881 4.7918297415008215 -28.5
      vertex 5.663118960624632 4.114496766047312 0
      vertex 5.663118960624632 4.114496766047312 -28.5
    endloop
  endfacet
  facet normal 0.844327925502015 0.5358267949789969 0
    outer loop
      vertex 6.134146760307045 3.3722757187120074 -28.5
      vertex 5.663118960624632 4.114496766047312 -28.5
      vertex 6.134146760307045 3.3722757187120074 0
    endloop
  endfacet
  facet normal 0 0 1
    outer loop
      vertex 2.1631189606246317 6.657395614066075 0
      vertex 1.7309999987483025 2.9981799498200417 0
      vertex 3.461999997496605 0 0
    endloop
  endfacet
  facet normal 0 1 0
    outer loop
      vertex -0.43953363670519296 6.986187098997901 0
      vertex 0.43953363670519296 6.986187098997901 0
      vertex 0.43953363670519296 6.986187098997901 -28.5
    endloop
  endfacet
  facet normal 0.12533323356430373 0.9921147013144779 0
    outer loop
      vertex 1.311669202100072 6.876010755100821 -28.5
      vertex 0.43953363670519296 6.986187098997901 0
      vertex 1.311669202100072 6.876010755100821 0
    endloop
  endfacet
  facet normal 0.24868988716485535 0.9685831611286311 0
    outer loop
      vertex 2.1631189606246317 6.657395614066075 -28.5
      vertex 1.311669202100072 6.876010755100821 0
      vertex 2.1631189606246317 6.657395614066075 0
    endloop
  endfacet
  facet normal 0.4817536741017153 0.8763066800438636 0
    outer loop
      vertex 3.7507875648529767 5.910295478514105 -28.5
      vertex 2.980455040955509 6.333789367262137 0
      vertex 3.7507875648529767 5.910295478514105 0
    endloop
  endfacet
  facet normal 0.3681245526846774 0.9297764858882516 0
    outer loop
      vertex 2.980455040955509 6.333789367262137 -28.5
      vertex 2.1631189606246317 6.657395614066075 0
      vertex 2.980455040955509 6.333789367262137 0
    endloop
  endfacet
  facet normal 0 0 1
    outer loop
      vertex -0.43953363670519296 6.986187098997901 0
      vertex 1.7309999987483025 2.9981799498200417 0
      vertex 0.43953363670519296 6.986187098997901 0
    endloop
  endfacet
  facet normal 0 0 1
    outer loop
      vertex 0.43953363670519296 6.986187098997901 0
      vertex 1.7309999987483025 2.9981799498200417 0
      vertex 1.311669202100072 6.876010755100821 0
    endloop
  endfacet
  facet normal 0 0 1
    outer loop
      vertex 1.311669202100072 6.876010755100821 0
      vertex 1.7309999987483025 2.9981799498200417 0
      vertex 2.1631189606246317 6.657395614066075 0
    endloop
  endfacet
  facet normal 0 0 1
    outer loop
      vertex 2.1631189606246317 6.657395614066075 0
      vertex 3.461999997496605 0 0
      vertex 2.980455040955509 6.333789367262137 0
    endloop
  endfacet
  facet normal 0 0 1
    outer loop
      vertex 2.980455040955509 6.333789367262137 0
      vertex 3.461999997496605 0 0
      vertex 3.7507875648529767 5.910295478514105 0
    endloop
  endfacet
  facet normal 0.9980267284282717 0.06279051952931264 0
    outer loop
      vertex 6.9448029092013455 0.8773326349501298 -28.5
      vertex 6.9448029092013455 0.8773326349501298 0
      vertex 7 0 0
    endloop
  endfacet
  facet normal 0.9822872507286885 0.18738131458572574 0
    outer loop
      vertex 6.7800821279004175 1.7408292101539835 -28.5
      vertex 6.7800821279004175 1.7408292101539835 0
      vertex 6.9448029092013455 0.8773326349501298 0
    endloop
  endfacet
  facet normal 0.9510565162951538 0.309016994374947 0
    outer loop
      vertex 6.50843540121776 2.576871868792746 -28.5
      vertex 6.50843540121776 2.576871868792746 0
      vertex 6.7800821279004175 1.7408292101539835 0
    endloop
  endfacet
  facet normal 0.9048270524660197 0.4257792915650725 0
    outer loop
      vertex 6.134146760307045 3.3722757187120074 -28.5
      vertex 6.134146760307045 3.3722757187120074 0
      vertex 6.50843540121776 2.576871868792746 0
    endloop
  endfacet
  facet normal 0 0 1
    outer loop
      vertex 4.4619679282408296 -5.393592699430523 0
      vertex 4.461967928240828 5.393592699430524 0
      vertex 3.7507875648529767 5.910295478514105 0
    endloop
  endfacet
  facet normal 0 0 1
    outer loop
      vertex 5.1027803919498815 -4.79182974150082 0
      vertex 5.102780391949881 4.7918297415008215 0
      vertex 4.461967928240828 5.393592699430524 0
    endloop
  endfacet
  facet normal 0 0 1
    outer loop
      vertex 5.663118960624632 -4.114496766047312 0
      vertex 5.663118960624632 4.114496766047312 0
      vertex 5.102780391949881 4.7918297415008215 0
    endloop
  endfacet
  facet normal 0 0 1
    outer loop
      vertex 6.134146760307044 -3.372275718712008 0
      vertex 6.134146760307045 3.3722757187120074 0
      vertex 5.663118960624632 4.114496766047312 0
    endloop
  endfacet
  facet normal 0 0 1
    outer loop
      vertex 6.9448029092013455 -0.8773326349501285 0
      vertex 7 0 0
      vertex 6.9448029092013455 0.8773326349501298 0
    endloop
  endfacet
  facet normal 0 0 1
    outer loop
      vertex 6.780082127900418 -1.740829210153981 0
      vertex 6.7800821279004175 1.7408292101539835 0
      vertex 6.50843540121776 2.576871868792746 0
    endloop
  endfacet
  facet normal 0 0 1
    outer loop
      vertex 6.9448029092013455 -0.8773326349501285 0
      vertex 6.9448029092013455 0.8773326349501298 0
      vertex 6.7800821279004175 1.7408292101539835 0
    endloop
  endfacet
  facet normal 0 0 1
    outer loop
      vertex 6.508435401217759 -2.5768718687927485 0
      vertex 6.50843540121776 2.576871868792746 0
      vertex 6.134146760307045 3.3722757187120074 0
    endloop
  endfacet
  facet normal 0.6845471059286878 0.7289686274214124 0
    outer loop
      vertex 5.102780391949881 4.7918297415008215 -28.5
      vertex 4.461967928240828 5.393592699430524 0
      vertex 5.102780391949881 4.7918297415008215 0
    endloop
  endfacet
  facet normal 0.5877852522924736 0.809016994374947 0
    outer loop
      vertex 4.461967928240828 5.393592699430524 -28.5
      vertex 3.7507875648529767 5.910295478514105 0
      vertex 4.461967928240828 5.393592699430524 0
    endloop
  endfacet
  facet normal 0.844327925502015 0.5358267949789969 0
    outer loop
      vertex 5.663118960624632 4.114496766047312 -28.5
      vertex 5.663118960624632 4.114496766047312 0
      vertex 6.134146760307045 3.3722757187120074 0
    endloop
  endfacet
  facet normal 0.7705132427757896 0.6374239897486893 0
    outer loop
      vertex 5.102780391949881 4.7918297415008215 -28.5
      vertex 5.102780391949881 4.7918297415008215 0
      vertex 5.663118960624632 4.114496766047312 0
    endloop
  endfacet
  facet normal -0.7705132427757894 -0.6374239897486896 0
    outer loop
      vertex -2.0957848038365587 -1.9680729295449795 -28.5
      vertex -2.325923858827974 -1.6898826003408602 -28.5
      vertex -2.325923858827974 -1.6898826003408602 -30
    endloop
  endfacet
  facet normal -0.7705132427757894 -0.6374239897486896 0
    outer loop
      vertex -2.0957848038365587 -1.9680729295449795 -30
      vertex -2.0957848038365587 -1.9680729295449795 -28.5
      vertex -2.325923858827974 -1.6898826003408602 -30
    endloop
  endfacet
  facet normal -0.6845471059286888 -0.7289686274214112 0
    outer loop
      vertex -1.8325939705274827 -2.2152255729803945 -30
      vertex -1.8325939705274827 -2.2152255729803945 -28.5
      vertex -2.0957848038365587 -1.9680729295449795 -30
    endloop
  endfacet
  facet normal -0.6845471059286888 -0.7289686274214112 0
    outer loop
      vertex -1.8325939705274827 -2.2152255729803945 -28.5
      vertex -2.0957848038365587 -1.9680729295449795 -28.5
      vertex -2.0957848038365587 -1.9680729295449795 -30
    endloop
  endfacet
  facet normal -0.9510565162951539 -0.3090169943749465 0
    outer loop
      vertex -2.673107396928723 -1.058358088968449 -30
      vertex -2.673107396928723 -1.058358088968449 -28.5
      vertex -2.7846765882448143 -0.7149834255989577 -30
    endloop
  endfacet
  facet normal -0.9822872507286887 -0.18738131458572477 0
    outer loop
      vertex -2.7846765882448143 -0.7149834255989577 -30
      vertex -2.7846765882448143 -0.7149834255989577 -28.5
      vertex -2.852329766279124 -0.3603330464973742 -30
    endloop
  endfacet
  facet normal -0.9510565162951539 -0.3090169943749465 0
    outer loop
      vertex -2.673107396928723 -1.058358088968449 -28.5
      vertex -2.7846765882448143 -0.7149834255989577 -28.5
      vertex -2.7846765882448143 -0.7149834255989577 -30
    endloop
  endfacet
  facet normal -0.9822872507286887 -0.18738131458572477 0
    outer loop
      vertex -2.7846765882448143 -0.7149834255989577 -28.5
      vertex -2.852329766279124 -0.3603330464973742 -28.5
      vertex -2.852329766279124 -0.3603330464973742 -30
    endloop
  endfacet
  facet normal -0.9980267284282714 -0.06279051952931329 0
    outer loop
      vertex -2.852329766279124 -0.3603330464973742 -30
      vertex -2.852329766279124 -0.3603330464973742 -28.5
      vertex -2.875 0 -30
    endloop
  endfacet
  facet normal 0 0 -1
    outer loop
      vertex -2.673107396928723 -1.058358088968449 -30
      vertex -2.7846765882448143 -0.7149834255989577 -30
      vertex -2.673107396928723 1.058358088968449 -30
    endloop
  endfacet
  facet normal 0 0 -1
    outer loop
      vertex -2.7846765882448143 -0.7149834255989577 -30
      vertex -2.852329766279124 -0.3603330464973742 -30
      vertex -2.7846765882448143 0.7149834255989577 -30
    endloop
  endfacet
  facet normal -0.9980267284282714 -0.06279051952931329 0
    outer loop
      vertex -2.852329766279124 -0.3603330464973742 -28.5
      vertex -2.875 0 -28.5
      vertex -2.875 0 -30
    endloop
  endfacet
  facet normal -0.8443279255020155 -0.5358267949789958 0
    outer loop
      vertex -2.5193817051261074 -1.3850418130424318 -30
      vertex -2.325923858827974 -1.6898826003408602 -30
      vertex -2.325923858827974 -1.6898826003408602 -28.5
    endloop
  endfacet
  facet normal -0.8443279255020155 -0.5358267949789958 0
    outer loop
      vertex -2.5193817051261074 -1.3850418130424318 -30
      vertex -2.325923858827974 -1.6898826003408602 -28.5
      vertex -2.5193817051261074 -1.3850418130424318 -28.5
    endloop
  endfacet
  facet normal -0.9048270524660189 -0.4257792915650738 0
    outer loop
      vertex -2.673107396928723 -1.058358088968449 -30
      vertex -2.5193817051261074 -1.3850418130424318 -30
      vertex -2.5193817051261074 -1.3850418130424318 -28.5
    endloop
  endfacet
  facet normal -0.9048270524660189 -0.4257792915650738 0
    outer loop
      vertex -2.673107396928723 -1.058358088968449 -30
      vertex -2.5193817051261074 -1.3850418130424318 -28.5
      vertex -2.673107396928723 -1.058358088968449 -28.5
    endloop
  endfacet
  facet normal 0 0 -1
    outer loop
      vertex -1.8325939705274827 -2.2152255729803945 -30
      vertex -1.78580646236606 -0.22559982041574733 -30
      vertex -1.743449690031536 -0.4476417968967387 -30
    endloop
  endfacet
  facet normal 0 0 -1
    outer loop
      vertex -2.5193817051261074 -1.3850418130424318 -30
      vertex -2.325923858827974 1.6898826003408602 -30
      vertex -2.325923858827974 -1.6898826003408602 -30
    endloop
  endfacet
  facet normal 0 0 -1
    outer loop
      vertex -2.673107396928723 -1.058358088968449 -30
      vertex -2.5193817051261074 1.3850418130424318 -30
      vertex -2.5193817051261074 -1.3850418130424318 -30
    endloop
  endfacet
  facet normal 0 0 -1
    outer loop
      vertex -2.0957848038365587 -1.9680729295449795 -30
      vertex -2.325923858827974 -1.6898826003408602 -30
      vertex -2.0957848038365587 1.9680729295449795 -30
    endloop
  endfacet
  facet normal 0 0 -1
    outer loop
      vertex -1.8325939705274827 -2.2152255729803945 -30
      vertex -2.0957848038365587 -1.9680729295449795 -30
      vertex -1.8325939705274827 2.2152255729803945 -30
    endloop
  endfacet
  facet normal 0 0 -1
    outer loop
      vertex -1.8325939705274827 -2.2152255729803945 -30
      vertex -1.8 0 -30
      vertex -1.78580646236606 -0.22559982041574733 -30
    endloop
  endfacet
  facet normal -0.36812455268467725 -0.9297764858882517 0
    outer loop
      vertex -0.8884238588279738 -2.7342874843485663 -30
      vertex -0.8884238588279738 -2.7342874843485663 -28.5
      vertex -1.2241154632495832 -2.6013777758398064 -30
    endloop
  endfacet
  facet normal -0.36812455268467725 -0.9297764858882517 0
    outer loop
      vertex -0.8884238588279738 -2.7342874843485663 -28.5
      vertex -1.2241154632495832 -2.6013777758398064 -28.5
      vertex -1.2241154632495832 -2.6013777758398064 -30
    endloop
  endfacet
  facet normal -0.5877852522924729 -0.8090169943749476 0
    outer loop
      vertex -1.8325939705274827 -2.2152255729803945 -30
      vertex -1.5405020355646157 -2.427442785818293 -30
      vertex -1.5405020355646157 -2.427442785818293 -28.5
    endloop
  endfacet
  facet normal -0.48175367410171493 -0.8763066800438637 0
    outer loop
      vertex -1.5405020355646157 -2.427442785818293 -30
      vertex -1.2241154632495832 -2.6013777758398064 -30
      vertex -1.2241154632495832 -2.6013777758398064 -28.5
    endloop
  endfacet
  facet normal -0.5877852522924729 -0.8090169943749476 0
    outer loop
      vertex -1.8325939705274827 -2.2152255729803945 -30
      vertex -1.5405020355646157 -2.427442785818293 -28.5
      vertex -1.8325939705274827 -2.2152255729803945 -28.5
    endloop
  endfacet
  facet normal -0.48175367410171493 -0.8763066800438637 0
    outer loop
      vertex -1.5405020355646157 -2.427442785818293 -30
      vertex -1.2241154632495832 -2.6013777758398064 -28.5
      vertex -1.5405020355646157 -2.427442785818293 -28.5
    endloop
  endfacet
  facet normal 0 0 -1
    outer loop
      vertex -1.8325939705274827 -2.2152255729803945 -30
      vertex -1.4562305898749055 -1.0580134541264516 -30
      vertex -1.5405020355646157 -2.427442785818293 -30
    endloop
  endfacet
  facet normal 0 0 -1
    outer loop
      vertex -0.8884238588279738 -2.7342874843485663 -30
      vertex -1.2241154632495832 -2.6013777758398064 -30
      vertex -0.7664027248171305 -1.6286886944388352 -30
    endloop
  endfacet
  facet normal 0 0 -1
    outer loop
      vertex -1.5405020355646157 -2.427442785818293 -30
      vertex -1.1473631815476413 -1.386923836996421 -30
      vertex -1.2241154632495832 -2.6013777758398064 -30
    endloop
  endfacet
  facet normal 0 0 -1
    outer loop
      vertex -1.2241154632495832 -2.6013777758398064 -30
      vertex -1.1473631815476413 -1.386923836996421 -30
      vertex -0.9644882309621942 -1.5197902659036269 -30
    endloop
  endfacet
  facet normal 0 0 -1
    outer loop
      vertex -1.2241154632495832 -2.6013777758398064 -30
      vertex -0.9644882309621942 -1.5197902659036269 -30
      vertex -0.7664027248171305 -1.6286886944388352 -30
    endloop
  endfacet
  facet normal -0.24868988716485577 -0.9685831611286309 0
    outer loop
      vertex -0.8884238588279738 -2.7342874843485663 -30
      vertex -0.5387212794339589 -2.82407584584498 -30
      vertex -0.5387212794339589 -2.82407584584498 -28.5
    endloop
  endfacet
  facet normal -0.24868988716485577 -0.9685831611286309 0
    outer loop
      vertex -0.8884238588279738 -2.7342874843485663 -30
      vertex -0.5387212794339589 -2.82407584584498 -28.5
      vertex -0.8884238588279738 -2.7342874843485663 -28.5
    endloop
  endfacet
  facet normal -0.12533323356430495 -0.9921147013144777 0
    outer loop
      vertex -0.5387212794339589 -2.82407584584498 -30
      vertex -0.18052274364677706 -2.869326844231281 -30
      vertex -0.18052274364677706 -2.869326844231281 -28.5
    endloop
  endfacet
  facet normal -0.12533323356430495 -0.9921147013144777 0
    outer loop
      vertex -0.5387212794339589 -2.82407584584498 -30
      vertex -0.18052274364677706 -2.869326844231281 -28.5
      vertex -0.5387212794339589 -2.82407584584498 -28.5
    endloop
  endfacet
  facet normal 0 -1 0
    outer loop
      vertex -0.18052274364677706 -2.869326844231281 -30
      vertex 0.18052274364677706 -2.869326844231281 -28.5
      vertex -0.18052274364677706 -2.869326844231281 -28.5
    endloop
  endfacet
  facet normal 0 0 -1
    outer loop
      vertex -0.8884238588279738 -2.7342874843485663 -30
      vertex -0.3372863662543047 -1.7681170513116395 -30
      vertex -0.5387212794339589 -2.82407584584498 -30
    endloop
  endfacet
  facet normal 0 0 -1
    outer loop
      vertex -0.8884238588279738 -2.7342874843485663 -30
      vertex -0.7664027248171305 -1.6286886944388352 -30
      vertex -0.5562305898749054 -1.7119017293312764 -30
    endloop
  endfacet
  facet normal 0 0 -1
    outer loop
      vertex -0.8884238588279738 -2.7342874843485663 -30
      vertex -0.5562305898749054 -1.7119017293312764 -30
      vertex -0.3372863662543047 -1.7681170513116395 -30
    endloop
  endfacet
  facet normal 0 0 -1
    outer loop
      vertex -0.5387212794339589 -2.82407584584498 -30
      vertex -0.11302293515276478 -1.7964481111708888 -30
      vertex -0.18052274364677706 -2.869326844231281 -30
    endloop
  endfacet
  facet normal 0 0 -1
    outer loop
      vertex -0.5387212794339589 -2.82407584584498 -30
      vertex -0.3372863662543047 -1.7681170513116395 -30
      vertex -0.11302293515276478 -1.7964481111708888 -30
    endloop
  endfacet
  facet normal 0 0 -1
    outer loop
      vertex -0.18052274364677706 -2.869326844231281 -30
      vertex -0.11302293515276478 -1.7964481111708888 -30
      vertex 0.11302293515276478 -1.7964481111708888 -30
    endloop
  endfacet
  facet normal 0 0 -1
    outer loop
      vertex -1.8325939705274827 -2.2152255729803945 -30
      vertex -1.5773520240789543 -0.8671566133830877 -30
      vertex -1.4562305898749055 -1.0580134541264516 -30
    endloop
  endfacet
  facet normal 0 0 -1
    outer loop
      vertex -1.5405020355646157 -2.427442785818293 -30
      vertex -1.4562305898749055 -1.0580134541264516 -30
      vertex -1.312143529358541 -1.2321847906716394 -30
    endloop
  endfacet
  facet normal 0 0 -1
    outer loop
      vertex -1.5405020355646157 -2.427442785818293 -30
      vertex -1.312143529358541 -1.2321847906716394 -30
      vertex -1.1473631815476413 -1.386923836996421 -30
    endloop
  endfacet
  facet normal 0 0 -1
    outer loop
      vertex -1.8325939705274827 -2.2152255729803945 -30
      vertex -1.6735976745988526 -0.6626241948324202 -30
      vertex -1.5773520240789543 -0.8671566133830877 -30
    endloop
  endfacet
  facet normal 0 0 -1
    outer loop
      vertex -1.8325939705274827 -2.2152255729803945 -30
      vertex -1.743449690031536 -0.4476417968967387 -30
      vertex -1.6735976745988526 -0.6626241948324202 -30
    endloop
  endfacet
  facet normal 0 0 -1
    outer loop
      vertex -2.852329766279124 -0.3603330464973742 -30
      vertex -2.875 0 -30
      vertex -2.852329766279124 0.3603330464973742 -30
    endloop
  endfacet
  facet normal -0.9980267284282714 0.06279051952931329 0
    outer loop
      vertex -2.875 0 -30
      vertex -2.875 0 -28.5
      vertex -2.852329766279124 0.3603330464973742 -30
    endloop
  endfacet
  facet normal 0 0 -1
    outer loop
      vertex -2.852329766279124 -0.3603330464973742 -30
      vertex -2.852329766279124 0.3603330464973742 -30
      vertex -2.7846765882448143 0.7149834255989577 -30
    endloop
  endfacet
  facet normal 0 0 -1
    outer loop
      vertex -2.7846765882448143 -0.7149834255989577 -30
      vertex -2.7846765882448143 0.7149834255989577 -30
      vertex -2.673107396928723 1.058358088968449 -30
    endloop
  endfacet
  facet normal -0.9980267284282714 0.06279051952931329 0
    outer loop
      vertex -2.852329766279124 0.3603330464973742 -30
      vertex -2.875 0 -28.5
      vertex -2.852329766279124 0.3603330464973742 -28.5
    endloop
  endfacet
  facet normal -0.9822872507286887 0.18738131458572477 0
    outer loop
      vertex -2.852329766279124 0.3603330464973742 -30
      vertex -2.852329766279124 0.3603330464973742 -28.5
      vertex -2.7846765882448143 0.7149834255989577 -30
    endloop
  endfacet
  facet normal -0.9510565162951539 0.3090169943749465 0
    outer loop
      vertex -2.7846765882448143 0.7149834255989577 -30
      vertex -2.7846765882448143 0.7149834255989577 -28.5
      vertex -2.673107396928723 1.058358088968449 -30
    endloop
  endfacet
  facet normal -0.9822872507286887 0.18738131458572477 0
    outer loop
      vertex -2.852329766279124 0.3603330464973742 -28.5
      vertex -2.7846765882448143 0.7149834255989577 -28.5
      vertex -2.7846765882448143 0.7149834255989577 -30
    endloop
  endfacet
  facet normal -0.9510565162951539 0.3090169943749465 0
    outer loop
      vertex -2.7846765882448143 0.7149834255989577 -28.5
      vertex -2.673107396928723 1.058358088968449 -28.5
      vertex -2.673107396928723 1.058358088968449 -30
    endloop
  endfacet
  facet normal 0 0 -1
    outer loop
      vertex -2.673107396928723 -1.058358088968449 -30
      vertex -2.673107396928723 1.058358088968449 -30
      vertex -2.5193817051261074 1.3850418130424318 -30
    endloop
  endfacet
  facet normal 0 0 -1
    outer loop
      vertex -2.5193817051261074 -1.3850418130424318 -30
      vertex -2.5193817051261074 1.3850418130424318 -30
      vertex -2.325923858827974 1.6898826003408602 -30
    endloop
  endfacet
  facet normal 0 0 -1
    outer loop
      vertex -2.325923858827974 -1.6898826003408602 -30
      vertex -2.325923858827974 1.6898826003408602 -30
      vertex -2.0957848038365587 1.9680729295449795 -30
    endloop
  endfacet
  facet normal 0 0 -1
    outer loop
      vertex -1.8325939705274827 -2.2152255729803945 -30
      vertex -1.8325939705274827 2.2152255729803945 -30
      vertex -1.8 0 -30
    endloop
  endfacet
  facet normal 0 0 -1
    outer loop
      vertex -2.0957848038365587 -1.9680729295449795 -30
      vertex -2.0957848038365587 1.9680729295449795 -30
      vertex -1.8325939705274827 2.2152255729803945 -30
    endloop
  endfacet
  facet normal 0 0 -1
    outer loop
      vertex -1.8325939705274827 2.2152255729803945 -30
      vertex -1.78580646236606 0.22559982041574733 -30
      vertex -1.8 0 -30
    endloop
  endfacet
  facet normal -0.9048270524660189 0.4257792915650738 0
    outer loop
      vertex -2.673107396928723 1.058358088968449 -30
      vertex -2.673107396928723 1.058358088968449 -28.5
      vertex -2.5193817051261074 1.3850418130424318 -30
    endloop
  endfacet
  facet normal -0.9048270524660189 0.4257792915650738 0
    outer loop
      vertex -2.673107396928723 1.058358088968449 -28.5
      vertex -2.5193817051261074 1.3850418130424318 -28.5
      vertex -2.5193817051261074 1.3850418130424318 -30
    endloop
  endfacet
  facet normal -0.8443279255020155 0.5358267949789958 0
    outer loop
      vertex -2.5193817051261074 1.3850418130424318 -30
      vertex -2.5193817051261074 1.3850418130424318 -28.5
      vertex -2.325923858827974 1.6898826003408602 -30
    endloop
  endfacet
  facet normal -0.8443279255020155 0.5358267949789958 0
    outer loop
      vertex -2.325923858827974 1.6898826003408602 -30
      vertex -2.5193817051261074 1.3850418130424318 -28.5
      vertex -2.325923858827974 1.6898826003408602 -28.5
    endloop
  endfacet
  facet normal 0 0 -1
    outer loop
      vertex -1.8325939705274827 2.2152255729803945 -30
      vertex -1.743449690031536 0.4476417968967387 -30
      vertex -1.78580646236606 0.22559982041574733 -30
    endloop
  endfacet
  facet normal -0.7705132427757894 0.6374239897486896 0
    outer loop
      vertex -2.325923858827974 1.6898826003408602 -30
      vertex -2.325923858827974 1.6898826003408602 -28.5
      vertex -2.0957848038365587 1.9680729295449795 -30
    endloop
  endfacet
  facet normal -0.6845471059286888 0.7289686274214112 0
    outer loop
      vertex -2.0957848038365587 1.9680729295449795 -30
      vertex -2.0957848038365587 1.9680729295449795 -28.5
      vertex -1.8325939705274827 2.2152255729803945 -30
    endloop
  endfacet
  facet normal -0.7705132427757894 0.6374239897486896 0
    outer loop
      vertex -2.325923858827974 1.6898826003408602 -28.5
      vertex -2.0957848038365587 1.9680729295449795 -28.5
      vertex -2.0957848038365587 1.9680729295449795 -30
    endloop
  endfacet
  facet normal -0.6845471059286888 0.7289686274214112 0
    outer loop
      vertex -2.0957848038365587 1.9680729295449795 -28.5
      vertex -1.8325939705274827 2.2152255729803945 -28.5
      vertex -1.8325939705274827 2.2152255729803945 -30
    endloop
  endfacet
  facet normal 0 0 -1
    outer loop
      vertex -1.8325939705274827 2.2152255729803945 -30
      vertex -1.6735976745988526 0.6626241948324202 -30
      vertex -1.743449690031536 0.4476417968967387 -30
    endloop
  endfacet
  facet normal 0 0 -1
    outer loop
      vertex -1.5405020355646157 2.427442785818293 -30
      vertex -1.5773520240789543 0.8671566133830877 -30
      vertex -1.6735976745988526 0.6626241948324202 -30
    endloop
  endfacet
  facet normal 0 0 -1
    outer loop
      vertex -1.5405020355646157 2.427442785818293 -30
      vertex -1.4562305898749055 1.0580134541264516 -30
      vertex -1.5773520240789543 0.8671566133830877 -30
    endloop
  endfacet
  facet normal 0 0 -1
    outer loop
      vertex -1.5405020355646157 2.427442785818293 -30
      vertex -1.312143529358541 1.2321847906716394 -30
      vertex -1.4562305898749055 1.0580134541264516 -30
    endloop
  endfacet
  facet normal 0 0 -1
    outer loop
      vertex -1.224115463249584 2.601377775839806 -30
      vertex -1.1473631815476413 1.386923836996421 -30
      vertex -1.312143529358541 1.2321847906716394 -30
    endloop
  endfacet
  facet normal 0 0 -1
    outer loop
      vertex -1.8325939705274827 2.2152255729803945 -30
      vertex -1.5405020355646157 2.427442785818293 -30
      vertex -1.6735976745988526 0.6626241948324202 -30
    endloop
  endfacet
  facet normal 0 0 -1
    outer loop
      vertex -1.5405020355646157 2.427442785818293 -30
      vertex -1.224115463249584 2.601377775839806 -30
      vertex -1.312143529358541 1.2321847906716394 -30
    endloop
  endfacet
  facet normal -0.5877852522924729 0.8090169943749476 0
    outer loop
      vertex -1.8325939705274827 2.2152255729803945 -30
      vertex -1.8325939705274827 2.2152255729803945 -28.5
      vertex -1.5405020355646157 2.427442785818293 -30
    endloop
  endfacet
  facet normal -0.48175367410171505 0.8763066800438638 0
    outer loop
      vertex -1.5405020355646157 2.427442785818293 -30
      vertex -1.5405020355646157 2.427442785818293 -28.5
      vertex -1.224115463249584 2.601377775839806 -30
    endloop
  endfacet
  facet normal -0.5877852522924729 0.8090169943749476 0
    outer loop
      vertex -1.8325939705274827 2.2152255729803945 -28.5
      vertex -1.5405020355646157 2.427442785818293 -28.5
      vertex -1.5405020355646157 2.427442785818293 -30
    endloop
  endfacet
  facet normal -0.48175367410171505 0.8763066800438638 0
    outer loop
      vertex -1.5405020355646157 2.427442785818293 -28.5
      vertex -1.224115463249584 2.601377775839806 -28.5
      vertex -1.224115463249584 2.601377775839806 -30
    endloop
  endfacet
  facet normal 0 0 -1
    outer loop
      vertex -0.8884238588279738 2.7342874843485663 -30
      vertex -0.9644882309621942 1.5197902659036269 -30
      vertex -1.1473631815476413 1.386923836996421 -30
    endloop
  endfacet
  facet normal 0 0 -1
    outer loop
      vertex -1.224115463249584 2.601377775839806 -30
      vertex -0.8884238588279738 2.7342874843485663 -30
      vertex -1.1473631815476413 1.386923836996421 -30
    endloop
  endfacet
  facet normal -0.3681245526846775 0.9297764858882517 0
    outer loop
      vertex -1.224115463249584 2.601377775839806 -30
      vertex -1.224115463249584 2.601377775839806 -28.5
      vertex -0.8884238588279738 2.7342874843485663 -30
    endloop
  endfacet
  facet normal -0.3681245526846775 0.9297764858882517 0
    outer loop
      vertex -1.224115463249584 2.601377775839806 -28.5
      vertex -0.8884238588279738 2.7342874843485663 -28.5
      vertex -0.8884238588279738 2.7342874843485663 -30
    endloop
  endfacet
  facet normal 0 0 -1
    outer loop
      vertex -0.8884238588279738 2.7342874843485663 -30
      vertex -0.7664027248171309 1.628688694438835 -30
      vertex -0.9644882309621942 1.5197902659036269 -30
    endloop
  endfacet
  facet normal 0 0 -1
    outer loop
      vertex -0.5387212794339582 2.82407584584498 -30
      vertex -0.5562305898749054 1.7119017293312764 -30
      vertex -0.7664027248171309 1.628688694438835 -30
    endloop
  endfacet
  facet normal 0 0 -1
    outer loop
      vertex -0.5387212794339582 2.82407584584498 -30
      vertex -0.33728636625430425 1.7681170513116398 -30
      vertex -0.5562305898749054 1.7119017293312764 -30
    endloop
  endfacet
  facet normal 0 0 -1
    outer loop
      vertex -0.8884238588279738 2.7342874843485663 -30
      vertex -0.5387212794339582 2.82407584584498 -30
      vertex -0.7664027248171309 1.628688694438835 -30
    endloop
  endfacet
  facet normal 0 0 -1
    outer loop
      vertex -0.18052274364677567 2.869326844231281 -30
      vertex -0.1130229351527639 1.7964481111708888 -30
      vertex -0.33728636625430425 1.7681170513116398 -30
    endloop
  endfacet
  facet normal 0 0 -1
    outer loop
      vertex -0.5387212794339582 2.82407584584498 -30
      vertex -0.18052274364677567 2.869326844231281 -30
      vertex -0.33728636625430425 1.7681170513116398 -30
    endloop
  endfacet
  facet normal 0 0 -1
    outer loop
      vertex -0.18052274364677567 2.869326844231281 -30
      vertex 0.18052274364677567 2.869326844231281 -30
      vertex -0.1130229351527639 1.7964481111708888 -30
    endloop
  endfacet
  facet normal -0.24868988716485532 0.9685831611286309 0
    outer loop
      vertex -0.8884238588279738 2.7342874843485663 -30
      vertex -0.8884238588279738 2.7342874843485663 -28.5
      vertex -0.5387212794339582 2.82407584584498 -30
    endloop
  endfacet
  facet normal -0.24868988716485532 0.9685831611286309 0
    outer loop
      vertex -0.8884238588279738 2.7342874843485663 -28.5
      vertex -0.5387212794339582 2.82407584584498 -28.5
      vertex -0.5387212794339582 2.82407584584498 -30
    endloop
  endfacet
  facet normal -0.1253332335643047 0.9921147013144778 0
    outer loop
      vertex -0.5387212794339582 2.82407584584498 -30
      vertex -0.5387212794339582 2.82407584584498 -28.5
      vertex -0.18052274364677567 2.869326844231281 -30
    endloop
  endfacet
  facet normal 0 1 0
    outer loop
      vertex -0.18052274364677567 2.869326844231281 -30
      vertex -0.18052274364677567 2.869326844231281 -28.5
      vertex 0.18052274364677567 2.869326844231281 -30
    endloop
  endfacet
  facet normal -0.1253332335643047 0.9921147013144778 0
    outer loop
      vertex -0.5387212794339582 2.82407584584498 -28.5
      vertex -0.18052274364677567 2.869326844231281 -28.5
      vertex -0.18052274364677567 2.869326844231281 -30
    endloop
  endfacet
  facet normal 0 -1 0
    outer loop
      vertex -0.18052274364677706 -2.869326844231281 -30
      vertex 0.18052274364677706 -2.869326844231281 -30
      vertex 0.18052274364677706 -2.869326844231281 -28.5
    endloop
  endfacet
  facet normal 0.12533323356430495 -0.9921147013144777 0
    outer loop
      vertex 0.18052274364677706 -2.869326844231281 -30
      vertex 0.5387212794339589 -2.82407584584498 -30
      vertex 0.5387212794339589 -2.82407584584498 -28.5
    endloop
  endfacet
  facet normal 0.12533323356430495 -0.9921147013144777 0
    outer loop
      vertex 0.18052274364677706 -2.869326844231281 -30
      vertex 0.5387212794339589 -2.82407584584498 -28.5
      vertex 0.18052274364677706 -2.869326844231281 -28.5
    endloop
  endfacet
  facet normal 0.24868988716485577 -0.9685831611286309 0
    outer loop
      vertex 0.5387212794339589 -2.82407584584498 -30
      vertex 0.8884238588279738 -2.7342874843485663 -30
      vertex 0.8884238588279738 -2.7342874843485663 -28.5
    endloop
  endfacet
  facet normal 0.24868988716485577 -0.9685831611286309 0
    outer loop
      vertex 0.5387212794339589 -2.82407584584498 -30
      vertex 0.8884238588279738 -2.7342874843485663 -28.5
      vertex 0.5387212794339589 -2.82407584584498 -28.5
    endloop
  endfacet
  facet normal 0 0 -1
    outer loop
      vertex -0.18052274364677706 -2.869326844231281 -30
      vertex 0.11302293515276478 -1.7964481111708888 -30
      vertex 0.18052274364677706 -2.869326844231281 -30
    endloop
  endfacet
  facet normal 0 0 -1
    outer loop
      vertex 0.18052274364677706 -2.869326844231281 -30
      vertex 0.3372863662543047 -1.7681170513116395 -30
      vertex 0.5387212794339589 -2.82407584584498 -30
    endloop
  endfacet
  facet normal 0 0 -1
    outer loop
      vertex 0.18052274364677706 -2.869326844231281 -30
      vertex 0.11302293515276478 -1.7964481111708888 -30
      vertex 0.3372863662543047 -1.7681170513116395 -30
    endloop
  endfacet
  facet normal 0 0 -1
    outer loop
      vertex 0.5387212794339589 -2.82407584584498 -30
      vertex 0.7664027248171305 -1.6286886944388352 -30
      vertex 0.8884238588279738 -2.7342874843485663 -30
    endloop
  endfacet
  facet normal 0 0 -1
    outer loop
      vertex 0.5387212794339589 -2.82407584584498 -30
      vertex 0.3372863662543047 -1.7681170513116395 -30
      vertex 0.5562305898749054 -1.7119017293312764 -30
    endloop
  endfacet
  facet normal 0 0 -1
    outer loop
      vertex 0.5387212794339589 -2.82407584584498 -30
      vertex 0.5562305898749054 -1.7119017293312764 -30
      vertex 0.7664027248171305 -1.6286886944388352 -30
    endloop
  endfacet
  facet normal 0 0 -1
    outer loop
      vertex 0.8884238588279738 -2.7342874843485663 -30
      vertex 0.7664027248171305 -1.6286886944388352 -30
      vertex 0.9644882309621932 -1.5197902659036275 -30
    endloop
  endfacet
  facet normal 0.36812455268467725 -0.9297764858882517 0
    outer loop
      vertex 0.8884238588279738 -2.7342874843485663 -30
      vertex 1.2241154632495832 -2.6013777758398064 -30
      vertex 1.2241154632495832 -2.6013777758398064 -28.5
    endloop
  endfacet
  facet normal 0.36812455268467725 -0.9297764858882517 0
    outer loop
      vertex 0.8884238588279738 -2.7342874843485663 -30
      vertex 1.2241154632495832 -2.6013777758398064 -28.5
      vertex 0.8884238588279738 -2.7342874843485663 -28.5
    endloop
  endfacet
  facet normal 0 0 -1
    outer loop
      vertex 0.8884238588279738 -2.7342874843485663 -30
      vertex 1.147363181547642 -1.3869238369964203 -30
      vertex 1.2241154632495832 -2.6013777758398064 -30
    endloop
  endfacet
  facet normal 0 0 -1
    outer loop
      vertex 0.8884238588279738 -2.7342874843485663 -30
      vertex 0.9644882309621932 -1.5197902659036275 -30
      vertex 1.147363181547642 -1.3869238369964203 -30
    endloop
  endfacet
  facet normal 0.4817536741017148 -0.8763066800438638 0
    outer loop
      vertex 1.2241154632495832 -2.6013777758398064 -30
      vertex 1.5405020355646142 -2.427442785818294 -30
      vertex 1.5405020355646142 -2.427442785818294 -28.5
    endloop
  endfacet
  facet normal 0.5877852522924729 -0.8090169943749476 0
    outer loop
      vertex 1.5405020355646142 -2.427442785818294 -30
      vertex 1.8325939705274836 -2.2152255729803936 -30
      vertex 1.8325939705274836 -2.2152255729803936 -28.5
    endloop
  endfacet
  facet normal 0.4817536741017148 -0.8763066800438638 0
    outer loop
      vertex 1.2241154632495832 -2.6013777758398064 -30
      vertex 1.5405020355646142 -2.427442785818294 -28.5
      vertex 1.2241154632495832 -2.6013777758398064 -28.5
    endloop
  endfacet
  facet normal 0.5877852522924729 -0.8090169943749476 0
    outer loop
      vertex 1.5405020355646142 -2.427442785818294 -30
      vertex 1.8325939705274836 -2.2152255729803936 -28.5
      vertex 1.5405020355646142 -2.427442785818294 -28.5
    endloop
  endfacet
  facet normal 0 0 -1
    outer loop
      vertex 1.2241154632495832 -2.6013777758398064 -30
      vertex 1.312143529358541 -1.2321847906716394 -30
      vertex 1.5405020355646142 -2.427442785818294 -30
    endloop
  endfacet
  facet normal 0 0 -1
    outer loop
      vertex 1.5405020355646142 -2.427442785818294 -30
      vertex 1.6735976745988523 -0.6626241948324211 -30
      vertex 1.8325939705274836 -2.2152255729803936 -30
    endloop
  endfacet
  facet normal 0 0 -1
    outer loop
      vertex 1.2241154632495832 -2.6013777758398064 -30
      vertex 1.147363181547642 -1.3869238369964203 -30
      vertex 1.312143529358541 -1.2321847906716394 -30
    endloop
  endfacet
  facet normal 0 0 -1
    outer loop
      vertex 1.5405020355646142 -2.427442785818294 -30
      vertex 1.312143529358541 -1.2321847906716394 -30
      vertex 1.4562305898749055 -1.0580134541264516 -30
    endloop
  endfacet
  facet normal 0 0 -1
    outer loop
      vertex 1.5405020355646142 -2.427442785818294 -30
      vertex 1.4562305898749055 -1.0580134541264516 -30
      vertex 1.5773520240789543 -0.8671566133830877 -30
    endloop
  endfacet
  facet normal 0 0 -1
    outer loop
      vertex 1.5405020355646142 -2.427442785818294 -30
      vertex 1.5773520240789543 -0.8671566133830877 -30
      vertex 1.6735976745988523 -0.6626241948324211 -30
    endloop
  endfacet
  facet normal 0 0 -1
    outer loop
      vertex 1.8325939705274836 -2.2152255729803936 -30
      vertex 1.6735976745988523 -0.6626241948324211 -30
      vertex 1.7434496900315362 -0.447641796896738 -30
    endloop
  endfacet
  facet normal 0.684547105928689 -0.7289686274214114 0
    outer loop
      vertex 1.8325939705274836 -2.2152255729803936 -30
      vertex 2.0957848038365587 -1.9680729295449795 -30
      vertex 2.0957848038365587 -1.9680729295449795 -28.5
    endloop
  endfacet
  facet normal 0.684547105928689 -0.7289686274214114 0
    outer loop
      vertex 1.8325939705274836 -2.2152255729803936 -30
      vertex 2.0957848038365587 -1.9680729295449795 -28.5
      vertex 1.8325939705274836 -2.2152255729803936 -28.5
    endloop
  endfacet
  facet normal 0.7705132427757894 -0.6374239897486896 0
    outer loop
      vertex 2.0957848038365587 -1.9680729295449795 -30
      vertex 2.325923858827974 -1.6898826003408602 -28.5
      vertex 2.0957848038365587 -1.9680729295449795 -28.5
    endloop
  endfacet
  facet normal 0.7705132427757894 -0.6374239897486896 0
    outer loop
      vertex 2.0957848038365587 -1.9680729295449795 -30
      vertex 2.325923858827974 -1.6898826003408602 -30
      vertex 2.325923858827974 -1.6898826003408602 -28.5
    endloop
  endfacet
  facet normal 0 0 -1
    outer loop
      vertex 1.8325939705274836 -2.2152255729803936 -30
      vertex 1.7434496900315362 -0.447641796896738 -30
      vertex 1.78580646236606 -0.22559982041574733 -30
    endloop
  endfacet
  facet normal 0.8443279255020155 -0.5358267949789958 0
    outer loop
      vertex 2.325923858827974 -1.6898826003408602 -30
      vertex 2.5193817051261074 -1.3850418130424318 -30
      vertex 2.5193817051261074 -1.3850418130424318 -28.5
    endloop
  endfacet
  facet normal 0.8443279255020155 -0.5358267949789958 0
    outer loop
      vertex 2.325923858827974 -1.6898826003408602 -30
      vertex 2.5193817051261074 -1.3850418130424318 -28.5
      vertex 2.325923858827974 -1.6898826003408602 -28.5
    endloop
  endfacet
  facet normal 0.9048270524660191 -0.42577929156507316 0
    outer loop
      vertex 2.5193817051261074 -1.3850418130424318 -30
      vertex 2.6731073969287222 -1.0583580889684503 -30
      vertex 2.6731073969287222 -1.0583580889684503 -28.5
    endloop
  endfacet
  facet normal 0.9048270524660191 -0.42577929156507316 0
    outer loop
      vertex 2.5193817051261074 -1.3850418130424318 -30
      vertex 2.6731073969287222 -1.0583580889684503 -28.5
      vertex 2.5193817051261074 -1.3850418130424318 -28.5
    endloop
  endfacet
  facet normal 0 0 -1
    outer loop
      vertex 1.8325939705274836 -2.2152255729803936 -30
      vertex 1.78580646236606 -0.22559982041574733 -30
      vertex 1.8 0 -30
    endloop
  endfacet
  facet normal 0 0 -1
    outer loop
      vertex 1.8325939705274836 -2.2152255729803936 -30
      vertex 2.0957848038365583 1.9680729295449801 -30
      vertex 2.0957848038365587 -1.9680729295449795 -30
    endloop
  endfacet
  facet normal 0 0 -1
    outer loop
      vertex 2.0957848038365587 -1.9680729295449795 -30
      vertex 2.325923858827974 1.6898826003408602 -30
      vertex 2.325923858827974 -1.6898826003408602 -30
    endloop
  endfacet
  facet normal 0 0 -1
    outer loop
      vertex 2.325923858827974 -1.6898826003408602 -30
      vertex 2.519381705126108 1.3850418130424316 -30
      vertex 2.5193817051261074 -1.3850418130424318 -30
    endloop
  endfacet
  facet normal 0 0 -1
    outer loop
      vertex 2.5193817051261074 -1.3850418130424318 -30
      vertex 2.6731073969287227 1.0583580889684492 -30
      vertex 2.6731073969287222 -1.0583580889684503 -30
    endloop
  endfacet
  facet normal 0.9510565162951534 -0.3090169943749478 0
    outer loop
      vertex 2.6731073969287222 -1.0583580889684503 -30
      vertex 2.784676588244815 -0.7149834255989564 -28.5
      vertex 2.6731073969287222 -1.0583580889684503 -28.5
    endloop
  endfacet
  facet normal 0.9510565162951534 -0.3090169943749478 0
    outer loop
      vertex 2.6731073969287222 -1.0583580889684503 -30
      vertex 2.784676588244815 -0.7149834255989564 -30
      vertex 2.784676588244815 -0.7149834255989564 -28.5
    endloop
  endfacet
  facet normal 0.9822872507286887 -0.1873813145857242 0
    outer loop
      vertex 2.784676588244815 -0.7149834255989564 -30
      vertex 2.852329766279124 -0.3603330464973742 -30
      vertex 2.852329766279124 -0.3603330464973742 -28.5
    endloop
  endfacet
  facet normal 0.9822872507286887 -0.1873813145857242 0
    outer loop
      vertex 2.784676588244815 -0.7149834255989564 -30
      vertex 2.852329766279124 -0.3603330464973742 -28.5
      vertex 2.784676588244815 -0.7149834255989564 -28.5
    endloop
  endfacet
  facet normal 0 0 -1
    outer loop
      vertex 2.6731073969287222 -1.0583580889684503 -30
      vertex 2.7846765882448143 0.7149834255989576 -30
      vertex 2.784676588244815 -0.7149834255989564 -30
    endloop
  endfacet
  facet normal 0 0 -1
    outer loop
      vertex 2.784676588244815 -0.7149834255989564 -30
      vertex 2.852329766279124 0.36033304649737474 -30
      vertex 2.852329766279124 -0.3603330464973742 -30
    endloop
  endfacet
  facet normal 0.9980267284282714 -0.06279051952931329 0
    outer loop
      vertex 2.852329766279124 -0.3603330464973742 -30
      vertex 2.875 0 -30
      vertex 2.875 0 -28.5
    endloop
  endfacet
  facet normal 0.9980267284282714 -0.06279051952931329 0
    outer loop
      vertex 2.852329766279124 -0.3603330464973742 -30
      vertex 2.875 0 -28.5
      vertex 2.852329766279124 -0.3603330464973742 -28.5
    endloop
  endfacet
  facet normal 0 0 -1
    outer loop
      vertex 1.832593970527483 2.2152255729803936 -30
      vertex 1.743449690031536 0.44764179689673866 -30
      vertex 1.6735976745988526 0.6626241948324204 -30
    endloop
  endfacet
  facet normal 0 0 -1
    outer loop
      vertex 1.832593970527483 2.2152255729803936 -30
      vertex 1.6735976745988526 0.6626241948324204 -30
      vertex 1.5773520240789545 0.8671566133830876 -30
    endloop
  endfacet
  facet normal 0 0 -1
    outer loop
      vertex 1.5405020355646153 2.427442785818293 -30
      vertex 1.3121435293585408 1.2321847906716397 -30
      vertex 1.1473631815476415 1.3869238369964205 -30
    endloop
  endfacet
  facet normal 0 0 -1
    outer loop
      vertex 1.5405020355646153 2.427442785818293 -30
      vertex 1.4562305898749055 1.0580134541264516 -30
      vertex 1.3121435293585408 1.2321847906716397 -30
    endloop
  endfacet
  facet normal 0 0 -1
    outer loop
      vertex 1.832593970527483 2.2152255729803936 -30
      vertex 1.5773520240789545 0.8671566133830876 -30
      vertex 1.4562305898749055 1.0580134541264516 -30
    endloop
  endfacet
  facet normal 0 0 -1
    outer loop
      vertex 0.18052274364677567 2.869326844231281 -30
      vertex 0.11302293515276364 1.7964481111708888 -30
      vertex -0.1130229351527639 1.7964481111708888 -30
    endloop
  endfacet
  facet normal 0 0 -1
    outer loop
      vertex 0.5387212794339582 2.82407584584498 -30
      vertex 0.33728636625430425 1.7681170513116398 -30
      vertex 0.11302293515276364 1.7964481111708888 -30
    endloop
  endfacet
  facet normal 0 0 -1
    outer loop
      vertex 0.18052274364677567 2.869326844231281 -30
      vertex 0.5387212794339582 2.82407584584498 -30
      vertex 0.11302293515276364 1.7964481111708888 -30
    endloop
  endfacet
  facet normal 0 0 -1
    outer loop
      vertex 0.8884238588279738 2.7342874843485663 -30
      vertex 0.5562305898749054 1.7119017293312764 -30
      vertex 0.33728636625430425 1.7681170513116398 -30
    endloop
  endfacet
  facet normal 0 0 -1
    outer loop
      vertex 0.8884238588279738 2.7342874843485663 -30
      vertex 0.7664027248171309 1.628688694438835 -30
      vertex 0.5562305898749054 1.7119017293312764 -30
    endloop
  endfacet
  facet normal 0 0 -1
    outer loop
      vertex 0.5387212794339582 2.82407584584498 -30
      vertex 0.8884238588279738 2.7342874843485663 -30
      vertex 0.33728636625430425 1.7681170513116398 -30
    endloop
  endfacet
  facet normal 0.1253332335643047 0.9921147013144778 8.116957429805791e-17
    outer loop
      vertex 0.18052274364677567 2.869326844231281 -30
      vertex 0.1805227436467747 2.869326844231281 -28.5
      vertex 0.5387212794339582 2.82407584584498 -30
    endloop
  endfacet
  facet normal 0 1 0
    outer loop
      vertex -0.18052274364677567 2.869326844231281 -28.5
      vertex 0.1805227436467747 2.869326844231281 -28.5
      vertex 0.18052274364677567 2.869326844231281 -30
    endloop
  endfacet
  facet normal 0.12533323356430437 0.9921147013144778 0
    outer loop
      vertex 0.1805227436467747 2.869326844231281 -28.5
      vertex 0.5387212794339582 2.82407584584498 -28.5
      vertex 0.5387212794339582 2.82407584584498 -30
    endloop
  endfacet
  facet normal 0.24868988716485532 0.9685831611286309 0
    outer loop
      vertex 0.5387212794339582 2.82407584584498 -30
      vertex 0.5387212794339582 2.82407584584498 -28.5
      vertex 0.8884238588279738 2.7342874843485663 -30
    endloop
  endfacet
  facet normal 0.24868988716485532 0.9685831611286309 0
    outer loop
      vertex 0.5387212794339582 2.82407584584498 -28.5
      vertex 0.8884238588279738 2.7342874843485663 -28.5
      vertex 0.8884238588279738 2.7342874843485663 -30
    endloop
  endfacet
  facet normal 0 0 -1
    outer loop
      vertex 1.224115463249584 2.601377775839806 -30
      vertex 0.964488230962194 1.519790265903627 -30
      vertex 0.7664027248171309 1.628688694438835 -30
    endloop
  endfacet
  facet normal 0 0 -1
    outer loop
      vertex 1.224115463249584 2.601377775839806 -30
      vertex 1.1473631815476415 1.3869238369964205 -30
      vertex 0.964488230962194 1.519790265903627 -30
    endloop
  endfacet
  facet normal 0 0 -1
    outer loop
      vertex 1.224115463249584 2.601377775839806 -30
      vertex 1.5405020355646153 2.427442785818293 -30
      vertex 1.1473631815476415 1.3869238369964205 -30
    endloop
  endfacet
  facet normal 0 0 -1
    outer loop
      vertex 1.224115463249584 2.601377775839806 -30
      vertex 0.7664027248171309 1.628688694438835 -30
      vertex 0.8884238588279738 2.7342874843485663 -30
    endloop
  endfacet
  facet normal 0 0 -1
    outer loop
      vertex 1.5405020355646153 2.427442785818293 -30
      vertex 1.832593970527483 2.2152255729803936 -30
      vertex 1.4562305898749055 1.0580134541264516 -30
    endloop
  endfacet
  facet normal 0.48175367410171555 0.8763066800438635 0
    outer loop
      vertex 1.224115463249584 2.601377775839806 -30
      vertex 1.224115463249584 2.601377775839806 -28.5
      vertex 1.5405020355646153 2.427442785818293 -30
    endloop
  endfacet
  facet normal 0.5877852522924737 0.8090169943749471 0
    outer loop
      vertex 1.5405020355646153 2.427442785818293 -30
      vertex 1.5405020355646153 2.427442785818293 -28.5
      vertex 1.832593970527483 2.2152255729803936 -30
    endloop
  endfacet
  facet normal 0.48175367410171555 0.8763066800438635 0
    outer loop
      vertex 1.224115463249584 2.601377775839806 -28.5
      vertex 1.5405020355646153 2.427442785818293 -28.5
      vertex 1.5405020355646153 2.427442785818293 -30
    endloop
  endfacet
  facet normal 0.5877852522924737 0.8090169943749471 0
    outer loop
      vertex 1.5405020355646153 2.427442785818293 -28.5
      vertex 1.832593970527483 2.2152255729803936 -28.5
      vertex 1.832593970527483 2.2152255729803936 -30
    endloop
  endfacet
  facet normal 0.3681245526846775 0.9297764858882517 0
    outer loop
      vertex 1.224115463249584 2.601377775839806 -30
      vertex 0.8884238588279738 2.7342874843485663 -30
      vertex 0.8884238588279738 2.7342874843485663 -28.5
    endloop
  endfacet
  facet normal 0.3681245526846775 0.9297764858882517 0
    outer loop
      vertex 1.224115463249584 2.601377775839806 -30
      vertex 0.8884238588279738 2.7342874843485663 -28.5
      vertex 1.224115463249584 2.601377775839806 -28.5
    endloop
  endfacet
  facet normal 0 0 -1
    outer loop
      vertex 1.8325939705274836 -2.2152255729803936 -30
      vertex 1.8 0 -30
      vertex 1.832593970527483 2.2152255729803936 -30
    endloop
  endfacet
  facet normal 0 0 -1
    outer loop
      vertex 1.832593970527483 2.2152255729803936 -30
      vertex 1.8 0 -30
      vertex 1.78580646236606 0.22559982041574766 -30
    endloop
  endfacet
  facet normal 0 0 -1
    outer loop
      vertex 1.8325939705274836 -2.2152255729803936 -30
      vertex 1.832593970527483 2.2152255729803936 -30
      vertex 2.0957848038365583 1.9680729295449801 -30
    endloop
  endfacet
  facet normal 0 0 -1
    outer loop
      vertex 2.0957848038365587 -1.9680729295449795 -30
      vertex 2.0957848038365583 1.9680729295449801 -30
      vertex 2.325923858827974 1.6898826003408602 -30
    endloop
  endfacet
  facet normal 0 0 -1
    outer loop
      vertex 2.5193817051261074 -1.3850418130424318 -30
      vertex 2.519381705126108 1.3850418130424316 -30
      vertex 2.6731073969287227 1.0583580889684492 -30
    endloop
  endfacet
  facet normal 0 0 -1
    outer loop
      vertex 2.325923858827974 -1.6898826003408602 -30
      vertex 2.325923858827974 1.6898826003408602 -30
      vertex 2.519381705126108 1.3850418130424316 -30
    endloop
  endfacet
  facet normal 0 0 -1
    outer loop
      vertex 1.832593970527483 2.2152255729803936 -30
      vertex 1.78580646236606 0.22559982041574766 -30
      vertex 1.743449690031536 0.44764179689673866 -30
    endloop
  endfacet
  facet normal 0.9048270524660197 0.4257792915650723 0
    outer loop
      vertex 2.519381705126108 1.3850418130424316 -30
      vertex 2.519381705126108 1.3850418130424316 -28.5
      vertex 2.6731073969287227 1.0583580889684492 -30
    endloop
  endfacet
  facet normal 0.9048270524660197 0.4257792915650723 0
    outer loop
      vertex 2.519381705126108 1.3850418130424316 -28.5
      vertex 2.6731073969287227 1.0583580889684492 -28.5
      vertex 2.6731073969287227 1.0583580889684492 -30
    endloop
  endfacet
  facet normal 0.8443279255020153 0.5358267949789965 0
    outer loop
      vertex 2.325923858827974 1.6898826003408602 -30
      vertex 2.325923858827974 1.6898826003408602 -28.5
      vertex 2.519381705126108 1.3850418130424316 -30
    endloop
  endfacet
  facet normal 0.8443279255020153 0.5358267949789965 0
    outer loop
      vertex 2.519381705126108 1.3850418130424316 -30
      vertex 2.325923858827974 1.6898826003408602 -28.5
      vertex 2.519381705126108 1.3850418130424316 -28.5
    endloop
  endfacet
  facet normal 0 0 -1
    outer loop
      vertex 2.784676588244815 -0.7149834255989564 -30
      vertex 2.7846765882448143 0.7149834255989576 -30
      vertex 2.852329766279124 0.36033304649737474 -30
    endloop
  endfacet
  facet normal 0 0 -1
    outer loop
      vertex 2.6731073969287222 -1.0583580889684503 -30
      vertex 2.6731073969287227 1.0583580889684492 -30
      vertex 2.7846765882448143 0.7149834255989576 -30
    endloop
  endfacet
  facet normal 0 0 -1
    outer loop
      vertex 2.852329766279124 -0.3603330464973742 -30
      vertex 2.852329766279124 0.36033304649737474 -30
      vertex 2.875 0 -30
    endloop
  endfacet
  facet normal 0.9980267284282714 0.0627905195293132 0
    outer loop
      vertex 2.875 0 -30
      vertex 2.852329766279124 0.36033304649737474 -30
      vertex 2.852329766279124 0.36033304649737474 -28.5
    endloop
  endfacet
  facet normal 0.9980267284282714 0.0627905195293132 0
    outer loop
      vertex 2.875 0 -30
      vertex 2.852329766279124 0.36033304649737474 -28.5
      vertex 2.875 0 -28.5
    endloop
  endfacet
  facet normal 0.9822872507286885 0.18738131458572513 0
    outer loop
      vertex 2.852329766279124 0.36033304649737474 -30
      vertex 2.7846765882448143 0.7149834255989576 -30
      vertex 2.7846765882448143 0.7149834255989576 -28.5
    endloop
  endfacet
  facet normal 0.9822872507286885 0.18738131458572513 0
    outer loop
      vertex 2.852329766279124 0.36033304649737474 -30
      vertex 2.7846765882448143 0.7149834255989576 -28.5
      vertex 2.852329766279124 0.36033304649737474 -28.5
    endloop
  endfacet
  facet normal 0.9510565162951535 0.30901699437494734 0
    outer loop
      vertex 2.7846765882448143 0.7149834255989576 -30
      vertex 2.6731073969287227 1.0583580889684492 -28.5
      vertex 2.7846765882448143 0.7149834255989576 -28.5
    endloop
  endfacet
  facet normal 0.9510565162951535 0.30901699437494734 0
    outer loop
      vertex 2.7846765882448143 0.7149834255989576 -30
      vertex 2.6731073969287227 1.0583580889684492 -30
      vertex 2.6731073969287227 1.0583580889684492 -28.5
    endloop
  endfacet
  facet normal 0.6845471059286875 0.7289686274214126 0
    outer loop
      vertex 2.0957848038365583 1.9680729295449801 -30
      vertex 1.832593970527483 2.2152255729803936 -30
      vertex 1.832593970527483 2.2152255729803936 -28.5
    endloop
  endfacet
  facet normal 0.7705132427757895 0.6374239897486894 0
    outer loop
      vertex 2.325923858827974 1.6898826003408602 -30
      vertex 2.0957848038365583 1.9680729295449801 -30
      vertex 2.0957848038365583 1.9680729295449801 -28.5
    endloop
  endfacet
  facet normal 0.6845471059286875 0.7289686274214126 0
    outer loop
      vertex 2.0957848038365583 1.9680729295449801 -30
      vertex 1.832593970527483 2.2152255729803936 -28.5
      vertex 2.0957848038365583 1.9680729295449801 -28.5
    endloop
  endfacet
  facet normal 0.7705132427757895 0.6374239897486894 0
    outer loop
      vertex 2.325923858827974 1.6898826003408602 -30
      vertex 2.0957848038365583 1.9680729295449801 -28.5
      vertex 2.325923858827974 1.6898826003408602 -28.5
    endloop
  endfacet
  facet normal 0.8660254040795223 0.49999999948890006 0
    outer loop
      vertex -1.7309999987483025 -2.9981799498200417 -2.5
      vertex -3.461999997496605 0 0
      vertex -1.7309999987483025 -2.9981799498200417 0
    endloop
  endfacet
  facet normal 0.8660254040795223 0.49999999948890006 0
    outer loop
      vertex -1.7309999987483025 -2.9981799498200417 -2.5
      vertex -3.461999997496605 0 -2.5
      vertex -3.461999997496605 0 0
    endloop
  endfacet
  facet normal 0 0 1
    outer loop
      vertex -1.7309999987483025 -2.9981799498200417 -2.5
      vertex -1.6735976745988526 -0.6626241948324202 -2.5
      vertex -3.461999997496605 0 -2.5
    endloop
  endfacet
  facet normal 0 0 1
    outer loop
      vertex -1.743449690031536 -0.4476417968967387 -2.5
      vertex -1.78580646236606 -0.22559982041574733 -2.5
      vertex -3.461999997496605 0 -2.5
    endloop
  endfacet
  facet normal 0 0 1
    outer loop
      vertex -1.743449690031536 -0.4476417968967387 -2.5
      vertex -3.461999997496605 0 -2.5
      vertex -1.6735976745988526 -0.6626241948324202 -2.5
    endloop
  endfacet
  facet normal 0 0 1
    outer loop
      vertex -1.78580646236606 -0.22559982041574733 -2.5
      vertex -1.8 0 -2.5
      vertex -3.461999997496605 0 -2.5
    endloop
  endfacet
  facet normal 0 0 1
    outer loop
      vertex -1.7309999987483025 -2.9981799498200417 -2.5
      vertex -1.312143529358541 -1.2321847906716394 -2.5
      vertex -1.4562305898749055 -1.0580134541264516 -2.5
    endloop
  endfacet
  facet normal 0 0 1
    outer loop
      vertex -1.7309999987483025 -2.9981799498200417 -2.5
      vertex -1.1473631815476413 -1.386923836996421 -2.5
      vertex -1.312143529358541 -1.2321847906716394 -2.5
    endloop
  endfacet
  facet normal 0 0 1
    outer loop
      vertex -1.7309999987483025 -2.9981799498200417 -2.5
      vertex -0.9644882309621942 -1.5197902659036269 -2.5
      vertex -1.1473631815476413 -1.386923836996421 -2.5
    endloop
  endfacet
  facet normal 0 0 1
    outer loop
      vertex -1.7309999987483025 -2.9981799498200417 -2.5
      vertex -0.7664027248171305 -1.6286886944388352 -2.5
      vertex -0.9644882309621942 -1.5197902659036269 -2.5
    endloop
  endfacet
  facet normal 0 0 1
    outer loop
      vertex -1.7309999987483025 -2.9981799498200417 -2.5
      vertex -0.5562305898749054 -1.7119017293312764 -2.5
      vertex -0.7664027248171305 -1.6286886944388352 -2.5
    endloop
  endfacet
  facet normal 0 1 0
    outer loop
      vertex -1.7309999987483025 -2.9981799498200417 -2.5
      vertex -1.7309999987483025 -2.9981799498200417 0
      vertex 1.7309999987483025 -2.9981799498200417 -2.5
    endloop
  endfacet
  facet normal 0 0 1
    outer loop
      vertex -1.7309999987483025 -2.9981799498200417 -2.5
      vertex -0.11302293515276478 -1.7964481111708888 -2.5
      vertex -0.3372863662543047 -1.7681170513116395 -2.5
    endloop
  endfacet
  facet normal 0 0 1
    outer loop
      vertex -1.7309999987483025 -2.9981799498200417 -2.5
      vertex -0.3372863662543047 -1.7681170513116395 -2.5
      vertex -0.5562305898749054 -1.7119017293312764 -2.5
    endloop
  endfacet
  facet normal 0 0 1
    outer loop
      vertex -1.7309999987483025 -2.9981799498200417 -2.5
      vertex 1.7309999987483025 -2.9981799498200417 -2.5
      vertex -0.11302293515276478 -1.7964481111708888 -2.5
    endloop
  endfacet
  facet normal 0 0 1
    outer loop
      vertex -1.7309999987483025 -2.9981799498200417 -2.5
      vertex -1.4562305898749055 -1.0580134541264516 -2.5
      vertex -1.5773520240789543 -0.8671566133830877 -2.5
    endloop
  endfacet
  facet normal 0 0 1
    outer loop
      vertex -1.7309999987483025 -2.9981799498200417 -2.5
      vertex -1.5773520240789543 -0.8671566133830877 -2.5
      vertex -1.6735976745988526 -0.6626241948324202 -2.5
    endloop
  endfacet
  facet normal 0.8660254040795223 -0.49999999948890006 0
    outer loop
      vertex -3.461999997496605 0 -2.5
      vertex -1.7309999987483025 2.9981799498200417 0
      vertex -3.461999997496605 0 0
    endloop
  endfacet
  facet normal 0 0 1
    outer loop
      vertex -3.461999997496605 0 -2.5
      vertex -1.8 0 -2.5
      vertex -1.78580646236606 0.22559982041574733 -2.5
    endloop
  endfacet
  facet normal 0 0 1
    outer loop
      vertex -3.461999997496605 0 -2.5
      vertex -1.78580646236606 0.22559982041574733 -2.5
      vertex -1.743449690031536 0.4476417968967387 -2.5
    endloop
  endfacet
  facet normal 0 0 1
    outer loop
      vertex -3.461999997496605 0 -2.5
      vertex -1.743449690031536 0.4476417968967387 -2.5
      vertex -1.7309999987483025 2.9981799498200417 -2.5
    endloop
  endfacet
  facet normal 0.8660254040795223 -0.49999999948890006 0
    outer loop
      vertex -3.461999997496605 0 -2.5
      vertex -1.7309999987483025 2.9981799498200417 -2.5
      vertex -1.7309999987483025 2.9981799498200417 0
    endloop
  endfacet
  facet normal 0 0 1
    outer loop
      vertex -1.743449690031536 0.4476417968967387 -2.5
      vertex -1.6735976745988526 0.6626241948324202 -2.5
      vertex -1.7309999987483025 2.9981799498200417 -2.5
    endloop
  endfacet
  facet normal 0 0 1
    outer loop
      vertex -1.6735976745988526 0.6626241948324202 -2.5
      vertex -1.5773520240789543 0.8671566133830877 -2.5
      vertex -1.7309999987483025 2.9981799498200417 -2.5
    endloop
  endfacet
  facet normal 0 0 1
    outer loop
      vertex -1.5773520240789543 0.8671566133830877 -2.5
      vertex -1.4562305898749055 1.0580134541264516 -2.5
      vertex -1.7309999987483025 2.9981799498200417 -2.5
    endloop
  endfacet
  facet normal 0 0 1
    outer loop
      vertex -1.4562305898749055 1.0580134541264516 -2.5
      vertex -1.312143529358541 1.2321847906716394 -2.5
      vertex -1.7309999987483025 2.9981799498200417 -2.5
    endloop
  endfacet
  facet normal 0 0 1
    outer loop
      vertex -1.312143529358541 1.2321847906716394 -2.5
      vertex -1.1473631815476413 1.386923836996421 -2.5
      vertex -1.7309999987483025 2.9981799498200417 -2.5
    endloop
  endfacet
  facet normal 0 0 1
    outer loop
      vertex -1.1473631815476413 1.386923836996421 -2.5
      vertex -0.9644882309621942 1.5197902659036269 -2.5
      vertex -1.7309999987483025 2.9981799498200417 -2.5
    endloop
  endfacet
  facet normal 0 0 1
    outer loop
      vertex -0.9644882309621942 1.5197902659036269 -2.5
      vertex -0.7664027248171309 1.628688694438835 -2.5
      vertex -1.7309999987483025 2.9981799498200417 -2.5
    endloop
  endfacet
  facet normal 0 0 1
    outer loop
      vertex -1.7309999987483025 2.9981799498200417 -2.5
      vertex -0.7664027248171309 1.628688694438835 -2.5
      vertex -0.5562305898749054 1.7119017293312764 -2.5
    endloop
  endfacet
  facet normal 0 0 1
    outer loop
      vertex -1.7309999987483025 2.9981799498200417 -2.5
      vertex -0.5562305898749054 1.7119017293312764 -2.5
      vertex -0.33728636625430425 1.7681170513116398 -2.5
    endloop
  endfacet
  facet normal 0 0 1
    outer loop
      vertex -1.7309999987483025 2.9981799498200417 -2.5
      vertex -0.33728636625430425 1.7681170513116398 -2.5
      vertex -0.1130229351527639 1.7964481111708888 -2.5
    endloop
  endfacet
  facet normal 0 0 1
    outer loop
      vertex -1.7309999987483025 2.9981799498200417 -2.5
      vertex -0.1130229351527639 1.7964481111708888 -2.5
      vertex 0.1130229351527639 1.7964481111708888 -2.5
    endloop
  endfacet
  facet normal 0 -1 0
    outer loop
      vertex -1.7309999987483025 2.9981799498200417 -2.5
      vertex 1.7309999987483025 2.9981799498200417 0
      vertex -1.7309999987483025 2.9981799498200417 0
    endloop
  endfacet
  facet normal 0 1 0
    outer loop
      vertex 1.7309999987483025 -2.9981799498200417 -2.5
      vertex -1.7309999987483025 -2.9981799498200417 0
      vertex 1.7309999987483025 -2.9981799498200417 0
    endloop
  endfacet
  facet normal 0 0 1
    outer loop
      vertex -0.11302293515276478 -1.7964481111708888 -2.5
      vertex 1.7309999987483025 -2.9981799498200417 -2.5
      vertex 0.11302293515276478 -1.7964481111708888 -2.5
    endloop
  endfacet
  facet normal 0 0 1
    outer loop
      vertex 0.11302293515276478 -1.7964481111708888 -2.5
      vertex 1.7309999987483025 -2.9981799498200417 -2.5
      vertex 0.3372863662543047 -1.7681170513116395 -2.5
    endloop
  endfacet
  facet normal 0 0 1
    outer loop
      vertex 0.3372863662543047 -1.7681170513116395 -2.5
      vertex 1.7309999987483025 -2.9981799498200417 -2.5
      vertex 0.5562305898749054 -1.7119017293312764 -2.5
    endloop
  endfacet
  facet normal 0 0 1
    outer loop
      vertex 0.5562305898749054 -1.7119017293312764 -2.5
      vertex 1.7309999987483025 -2.9981799498200417 -2.5
      vertex 0.7664027248171305 -1.6286886944388352 -2.5
    endloop
  endfacet
  facet normal 0 0 1
    outer loop
      vertex 0.7664027248171305 -1.6286886944388352 -2.5
      vertex 1.7309999987483025 -2.9981799498200417 -2.5
      vertex 0.9644882309621932 -1.5197902659036275 -2.5
    endloop
  endfacet
  facet normal 0 0 1
    outer loop
      vertex 0.9644882309621932 -1.5197902659036275 -2.5
      vertex 1.7309999987483025 -2.9981799498200417 -2.5
      vertex 1.147363181547642 -1.3869238369964203 -2.5
    endloop
  endfacet
  facet normal 0 0 1
    outer loop
      vertex 1.147363181547642 -1.3869238369964203 -2.5
      vertex 1.7309999987483025 -2.9981799498200417 -2.5
      vertex 1.312143529358541 -1.2321847906716394 -2.5
    endloop
  endfacet
  facet normal 0 0 1
    outer loop
      vertex 1.312143529358541 -1.2321847906716394 -2.5
      vertex 1.7309999987483025 -2.9981799498200417 -2.5
      vertex 1.4562305898749055 -1.0580134541264516 -2.5
    endloop
  endfacet
  facet normal 0 0 1
    outer loop
      vertex 1.4562305898749055 -1.0580134541264516 -2.5
      vertex 1.7309999987483025 -2.9981799498200417 -2.5
      vertex 1.5773520240789543 -0.8671566133830877 -2.5
    endloop
  endfacet
  facet normal 0 0 1
    outer loop
      vertex 1.5773520240789543 -0.8671566133830877 -2.5
      vertex 1.7309999987483025 -2.9981799498200417 -2.5
      vertex 1.6735976745988523 -0.6626241948324211 -2.5
    endloop
  endfacet
  facet normal 0 0 1
    outer loop
      vertex 1.6735976745988523 -0.6626241948324211 -2.5
      vertex 1.7309999987483025 -2.9981799498200417 -2.5
      vertex 1.7434496900315362 -0.447641796896738 -2.5
    endloop
  endfacet
  facet normal -0.8660254040795223 0.49999999948890006 0
    outer loop
      vertex 1.7309999987483025 -2.9981799498200417 -2.5
      vertex 1.7309999987483025 -2.9981799498200417 0
      vertex 3.461999997496605 0 -2.5
    endloop
  endfacet
  facet normal 0 0 1
    outer loop
      vertex 1.7309999987483025 -2.9981799498200417 -2.5
      vertex 3.461999997496605 0 -2.5
      vertex 1.7434496900315362 -0.447641796896738 -2.5
    endloop
  endfacet
  facet normal 0 0 1
    outer loop
      vertex 1.7434496900315362 -0.447641796896738 -2.5
      vertex 3.461999997496605 0 -2.5
      vertex 1.78580646236606 -0.22559982041574733 -2.5
    endloop
  endfacet
  facet normal 0 0 1
    outer loop
      vertex 1.78580646236606 -0.22559982041574733 -2.5
      vertex 3.461999997496605 0 -2.5
      vertex 1.8 0 -2.5
    endloop
  endfacet
  facet normal -0.8660254040795223 0.49999999948890006 0
    outer loop
      vertex 3.461999997496605 0 -2.5
      vertex 1.7309999987483025 -2.9981799498200417 0
      vertex 3.461999997496605 0 0
    endloop
  endfacet
  facet normal 0 0 1
    outer loop
      vertex 1.6735976745988526 0.6626241948324204 -2.5
      vertex 1.7309999987483025 2.9981799498200417 -2.5
      vertex 1.5773520240789545 0.8671566133830876 -2.5
    endloop
  endfacet
  facet normal 0 0 1
    outer loop
      vertex 1.4562305898749055 1.0580134541264516 -2.5
      vertex 1.5773520240789545 0.8671566133830876 -2.5
      vertex 1.7309999987483025 2.9981799498200417 -2.5
    endloop
  endfacet
  facet normal 0 0 1
    outer loop
      vertex -1.7309999987483025 2.9981799498200417 -2.5
      vertex 0.1130229351527639 1.7964481111708888 -2.5
      vertex 1.7309999987483025 2.9981799498200417 -2.5
    endloop
  endfacet
  facet normal 0 0 1
    outer loop
      vertex 0.33728636625430425 1.7681170513116398 -2.5
      vertex 0.5562305898749054 1.7119017293312764 -2.5
      vertex 1.7309999987483025 2.9981799498200417 -2.5
    endloop
  endfacet
  facet normal 0 0 1
    outer loop
      vertex 0.1130229351527639 1.7964481111708888 -2.5
      vertex 0.33728636625430425 1.7681170513116398 -2.5
      vertex 1.7309999987483025 2.9981799498200417 -2.5
    endloop
  endfacet
  facet normal 0 -1 0
    outer loop
      vertex -1.7309999987483025 2.9981799498200417 -2.5
      vertex 1.7309999987483025 2.9981799498200417 -2.5
      vertex 1.7309999987483025 2.9981799498200417 0
    endloop
  endfacet
  facet normal 0 0 1
    outer loop
      vertex 0.5562305898749054 1.7119017293312764 -2.5
      vertex 0.7664027248171309 1.628688694438835 -2.5
      vertex 1.7309999987483025 2.9981799498200417 -2.5
    endloop
  endfacet
  facet normal 0 0 1
    outer loop
      vertex 0.7664027248171309 1.628688694438835 -2.5
      vertex 0.964488230962194 1.519790265903627 -2.5
      vertex 1.7309999987483025 2.9981799498200417 -2.5
    endloop
  endfacet
  facet normal 0 0 1
    outer loop
      vertex 1.1473631815476415 1.3869238369964205 -2.5
      vertex 1.7309999987483025 2.9981799498200417 -2.5
      vertex 0.964488230962194 1.519790265903627 -2.5
    endloop
  endfacet
  facet normal 0 0 1
    outer loop
      vertex 1.1473631815476415 1.3869238369964205 -2.5
      vertex 1.3121435293585408 1.2321847906716397 -2.5
      vertex 1.7309999987483025 2.9981799498200417 -2.5
    endloop
  endfacet
  facet normal 0 0 1
    outer loop
      vertex 1.4562305898749055 1.0580134541264516 -2.5
      vertex 1.7309999987483025 2.9981799498200417 -2.5
      vertex 1.3121435293585408 1.2321847906716397 -2.5
    endloop
  endfacet
  facet normal 0 0 1
    outer loop
      vertex 1.8 0 -2.5
      vertex 3.461999997496605 0 -2.5
      vertex 1.78580646236606 0.22559982041574766 -2.5
    endloop
  endfacet
  facet normal 0 0 1
    outer loop
      vertex 1.6735976745988526 0.6626241948324204 -2.5
      vertex 1.743449690031536 0.44764179689673866 -2.5
      vertex 3.461999997496605 0 -2.5
    endloop
  endfacet
  facet normal 0 0 1
    outer loop
      vertex 1.78580646236606 0.22559982041574766 -2.5
      vertex 3.461999997496605 0 -2.5
      vertex 1.743449690031536 0.44764179689673866 -2.5
    endloop
  endfacet
  facet normal 0 0 1
    outer loop
      vertex 1.6735976745988526 0.6626241948324204 -2.5
      vertex 3.461999997496605 0 -2.5
      vertex 1.7309999987483025 2.9981799498200417 -2.5
    endloop
  endfacet
  facet normal -0.8660254040795223 -0.49999999948890006 0
    outer loop
      vertex 3.461999997496605 0 -2.5
      vertex 3.461999997496605 0 0
      vertex 1.7309999987483025 2.9981799498200417 -2.5
    endloop
  endfacet
  facet normal -0.8660254040795223 -0.49999999948890006 0
    outer loop
      vertex 1.7309999987483025 2.9981799498200417 -2.5
      vertex 3.461999997496605 0 0
      vertex 1.7309999987483025 2.9981799498200417 0
    endloop
  endfacet
  facet normal 0.9822872507286886 0.18738131458572468 0
    outer loop
      vertex -1.78580646236606 -0.22559982041574733 -2.5
      vertex -1.743449690031536 -0.4476417968967387 -30
      vertex -1.78580646236606 -0.22559982041574733 -30
    endloop
  endfacet
  facet normal 0.9980267284282716 0.0627905195293136 0
    outer loop
      vertex -1.8 0 -2.5
      vertex -1.78580646236606 -0.22559982041574733 -30
      vertex -1.8 0 -30
    endloop
  endfacet
  facet normal 0.1253332335643046 0.9921147013144778 0
    outer loop
      vertex -0.3372863662543047 -1.7681170513116395 -2.5
      vertex -0.11302293515276478 -1.7964481111708888 -30
      vertex -0.3372863662543047 -1.7681170513116395 -30
    endloop
  endfacet
  facet normal 0 1 0
    outer loop
      vertex -0.11302293515276478 -1.7964481111708888 -2.5
      vertex 0.11302293515276478 -1.7964481111708888 -30
      vertex -0.11302293515276478 -1.7964481111708888 -30
    endloop
  endfacet
  facet normal 0.8443279255020155 0.535826794978996 0
    outer loop
      vertex -1.5773520240789543 -0.8671566133830877 -2.5
      vertex -1.4562305898749055 -1.0580134541264516 -30
      vertex -1.5773520240789543 -0.8671566133830877 -30
    endloop
  endfacet
  facet normal 0.7705132427757893 0.6374239897486896 0
    outer loop
      vertex -1.4562305898749055 -1.0580134541264516 -2.5
      vertex -1.312143529358541 -1.2321847906716394 -30
      vertex -1.4562305898749055 -1.0580134541264516 -30
    endloop
  endfacet
  facet normal 0.4817536741017155 0.8763066800438635 0
    outer loop
      vertex -0.9644882309621942 -1.5197902659036269 -2.5
      vertex -0.7664027248171305 -1.6286886944388352 -30
      vertex -0.9644882309621942 -1.5197902659036269 -30
    endloop
  endfacet
  facet normal 0.5877852522924722 0.809016994374948 0
    outer loop
      vertex -1.1473631815476413 -1.386923836996421 -2.5
      vertex -0.9644882309621942 -1.5197902659036269 -30
      vertex -1.1473631815476413 -1.386923836996421 -30
    endloop
  endfacet
  facet normal 0.6845471059286887 0.7289686274214114 0
    outer loop
      vertex -1.312143529358541 -1.2321847906716394 -2.5
      vertex -1.1473631815476413 -1.386923836996421 -30
      vertex -1.312143529358541 -1.2321847906716394 -30
    endloop
  endfacet
  facet normal 0.9048270524660194 0.42577929156507294 0
    outer loop
      vertex -1.6735976745988526 -0.6626241948324202 -2.5
      vertex -1.5773520240789543 -0.8671566133830877 -30
      vertex -1.6735976745988526 -0.6626241948324202 -30
    endloop
  endfacet
  facet normal 0.9510565162951536 0.3090169943749473 0
    outer loop
      vertex -1.743449690031536 -0.4476417968967387 -2.5
      vertex -1.6735976745988526 -0.6626241948324202 -30
      vertex -1.743449690031536 -0.4476417968967387 -30
    endloop
  endfacet
  facet normal 0.3681245526846779 0.9297764858882515 0
    outer loop
      vertex -0.7664027248171305 -1.6286886944388352 -2.5
      vertex -0.5562305898749054 -1.7119017293312764 -30
      vertex -0.7664027248171305 -1.6286886944388352 -30
    endloop
  endfacet
  facet normal 0.24868988716485502 0.9685831611286311 0
    outer loop
      vertex -0.5562305898749054 -1.7119017293312764 -2.5
      vertex -0.3372863662543047 -1.7681170513116395 -30
      vertex -0.5562305898749054 -1.7119017293312764 -30
    endloop
  endfacet
  facet normal 0.9822872507286886 0.18738131458572468 0
    outer loop
      vertex -1.743449690031536 -0.4476417968967387 -2.5
      vertex -1.743449690031536 -0.4476417968967387 -30
      vertex -1.78580646236606 -0.22559982041574733 -2.5
    endloop
  endfacet
  facet normal 0.9980267284282716 0.0627905195293136 0
    outer loop
      vertex -1.78580646236606 -0.22559982041574733 -2.5
      vertex -1.78580646236606 -0.22559982041574733 -30
      vertex -1.8 0 -2.5
    endloop
  endfacet
  facet normal 0.24868988716485502 0.9685831611286311 0
    outer loop
      vertex -0.5562305898749054 -1.7119017293312764 -2.5
      vertex -0.3372863662543047 -1.7681170513116395 -2.5
      vertex -0.3372863662543047 -1.7681170513116395 -30
    endloop
  endfacet
  facet normal 0.1253332335643046 0.9921147013144778 0
    outer loop
      vertex -0.3372863662543047 -1.7681170513116395 -2.5
      vertex -0.11302293515276478 -1.7964481111708888 -2.5
      vertex -0.11302293515276478 -1.7964481111708888 -30
    endloop
  endfacet
  facet normal 0.7705132427757893 0.6374239897486896 0
    outer loop
      vertex -1.312143529358541 -1.2321847906716394 -2.5
      vertex -1.312143529358541 -1.2321847906716394 -30
      vertex -1.4562305898749055 -1.0580134541264516 -2.5
    endloop
  endfacet
  facet normal 0.8443279255020155 0.535826794978996 0
    outer loop
      vertex -1.5773520240789543 -0.8671566133830877 -2.5
      vertex -1.4562305898749055 -1.0580134541264516 -2.5
      vertex -1.4562305898749055 -1.0580134541264516 -30
    endloop
  endfacet
  facet normal 0.6845471059286887 0.7289686274214114 0
    outer loop
      vertex -1.312143529358541 -1.2321847906716394 -2.5
      vertex -1.1473631815476413 -1.386923836996421 -2.5
      vertex -1.1473631815476413 -1.386923836996421 -30
    endloop
  endfacet
  facet normal 0.5877852522924722 0.809016994374948 0
    outer loop
      vertex -0.9644882309621942 -1.5197902659036269 -2.5
      vertex -0.9644882309621942 -1.5197902659036269 -30
      vertex -1.1473631815476413 -1.386923836996421 -2.5
    endloop
  endfacet
  facet normal 0.9048270524660194 0.42577929156507294 0
    outer loop
      vertex -1.5773520240789543 -0.8671566133830877 -2.5
      vertex -1.5773520240789543 -0.8671566133830877 -30
      vertex -1.6735976745988526 -0.6626241948324202 -2.5
    endloop
  endfacet
  facet normal 0.9510565162951536 0.3090169943749473 0
    outer loop
      vertex -1.743449690031536 -0.4476417968967387 -2.5
      vertex -1.6735976745988526 -0.6626241948324202 -2.5
      vertex -1.6735976745988526 -0.6626241948324202 -30
    endloop
  endfacet
  facet normal 0.4817536741017155 0.8763066800438635 0
    outer loop
      vertex -0.9644882309621942 -1.5197902659036269 -2.5
      vertex -0.7664027248171305 -1.6286886944388352 -2.5
      vertex -0.7664027248171305 -1.6286886944388352 -30
    endloop
  endfacet
  facet normal 0.3681245526846779 0.9297764858882515 0
    outer loop
      vertex -0.7664027248171305 -1.6286886944388352 -2.5
      vertex -0.5562305898749054 -1.7119017293312764 -2.5
      vertex -0.5562305898749054 -1.7119017293312764 -30
    endloop
  endfacet
  facet normal 0.9980267284282716 -0.0627905195293136 0
    outer loop
      vertex -1.78580646236606 0.22559982041574733 -2.5
      vertex -1.8 0 -30
      vertex -1.78580646236606 0.22559982041574733 -30
    endloop
  endfacet
  facet normal 0.9822872507286886 -0.18738131458572468 0
    outer loop
      vertex -1.743449690031536 0.4476417968967387 -2.5
      vertex -1.78580646236606 0.22559982041574733 -30
      vertex -1.743449690031536 0.4476417968967387 -30
    endloop
  endfacet
  facet normal 0.9510565162951536 -0.3090169943749473 0
    outer loop
      vertex -1.6735976745988526 0.6626241948324202 -2.5
      vertex -1.743449690031536 0.4476417968967387 -30
      vertex -1.6735976745988526 0.6626241948324202 -30
    endloop
  endfacet
  facet normal 0.9048270524660194 -0.42577929156507294 0
    outer loop
      vertex -1.5773520240789543 0.8671566133830877 -2.5
      vertex -1.6735976745988526 0.6626241948324202 -30
      vertex -1.5773520240789543 0.8671566133830877 -30
    endloop
  endfacet
  facet normal 0.8443279255020155 -0.535826794978996 0
    outer loop
      vertex -1.4562305898749055 1.0580134541264516 -2.5
      vertex -1.5773520240789543 0.8671566133830877 -30
      vertex -1.4562305898749055 1.0580134541264516 -30
    endloop
  endfacet
  facet normal 0.7705132427757893 -0.6374239897486896 0
    outer loop
      vertex -1.312143529358541 1.2321847906716394 -2.5
      vertex -1.4562305898749055 1.0580134541264516 -30
      vertex -1.312143529358541 1.2321847906716394 -30
    endloop
  endfacet
  facet normal 0.6845471059286887 -0.7289686274214114 0
    outer loop
      vertex -1.1473631815476413 1.386923836996421 -2.5
      vertex -1.312143529358541 1.2321847906716394 -30
      vertex -1.1473631815476413 1.386923836996421 -30
    endloop
  endfacet
  facet normal 0.5877852522924722 -0.809016994374948 0
    outer loop
      vertex -0.9644882309621942 1.5197902659036269 -2.5
      vertex -1.1473631815476413 1.386923836996421 -30
      vertex -0.9644882309621942 1.5197902659036269 -30
    endloop
  endfacet
  facet normal 0.4817536741017155 -0.8763066800438635 0
    outer loop
      vertex -0.7664027248171309 1.628688694438835 -2.5
      vertex -0.9644882309621942 1.5197902659036269 -30
      vertex -0.7664027248171309 1.628688694438835 -30
    endloop
  endfacet
  facet normal 0.3681245526846781 -0.9297764858882513 0
    outer loop
      vertex -0.5562305898749054 1.7119017293312764 -2.5
      vertex -0.7664027248171309 1.628688694438835 -30
      vertex -0.5562305898749054 1.7119017293312764 -30
    endloop
  endfacet
  facet normal 0.2486898871648555 -0.968583161128631 0
    outer loop
      vertex -0.33728636625430425 1.7681170513116398 -2.5
      vertex -0.5562305898749054 1.7119017293312764 -30
      vertex -0.33728636625430425 1.7681170513116398 -30
    endloop
  endfacet
  facet normal 0.12533323356430337 -0.992114701314478 0
    outer loop
      vertex -0.1130229351527639 1.7964481111708888 -2.5
      vertex -0.33728636625430425 1.7681170513116398 -30
      vertex -0.1130229351527639 1.7964481111708888 -30
    endloop
  endfacet
  facet normal 0.9980267284282716 -0.0627905195293136 0
    outer loop
      vertex -1.8 0 -2.5
      vertex -1.8 0 -30
      vertex -1.78580646236606 0.22559982041574733 -2.5
    endloop
  endfacet
  facet normal 0.9822872507286886 -0.18738131458572468 0
    outer loop
      vertex -1.78580646236606 0.22559982041574733 -2.5
      vertex -1.78580646236606 0.22559982041574733 -30
      vertex -1.743449690031536 0.4476417968967387 -2.5
    endloop
  endfacet
  facet normal 0.9510565162951536 -0.3090169943749473 0
    outer loop
      vertex -1.743449690031536 0.4476417968967387 -2.5
      vertex -1.743449690031536 0.4476417968967387 -30
      vertex -1.6735976745988526 0.6626241948324202 -2.5
    endloop
  endfacet
  facet normal 0.9048270524660194 -0.42577929156507294 0
    outer loop
      vertex -1.6735976745988526 0.6626241948324202 -2.5
      vertex -1.6735976745988526 0.6626241948324202 -30
      vertex -1.5773520240789543 0.8671566133830877 -2.5
    endloop
  endfacet
  facet normal 0.8443279255020155 -0.535826794978996 0
    outer loop
      vertex -1.5773520240789543 0.8671566133830877 -2.5
      vertex -1.5773520240789543 0.8671566133830877 -30
      vertex -1.4562305898749055 1.0580134541264516 -2.5
    endloop
  endfacet
  facet normal 0.7705132427757893 -0.6374239897486896 0
    outer loop
      vertex -1.4562305898749055 1.0580134541264516 -2.5
      vertex -1.4562305898749055 1.0580134541264516 -30
      vertex -1.312143529358541 1.2321847906716394 -2.5
    endloop
  endfacet
  facet normal 0.6845471059286887 -0.7289686274214114 0
    outer loop
      vertex -1.312143529358541 1.2321847906716394 -2.5
      vertex -1.312143529358541 1.2321847906716394 -30
      vertex -1.1473631815476413 1.386923836996421 -2.5
    endloop
  endfacet
  facet normal 0.5877852522924722 -0.809016994374948 0
    outer loop
      vertex -1.1473631815476413 1.386923836996421 -2.5
      vertex -1.1473631815476413 1.386923836996421 -30
      vertex -0.9644882309621942 1.5197902659036269 -2.5
    endloop
  endfacet
  facet normal 0.4817536741017155 -0.8763066800438635 0
    outer loop
      vertex -0.9644882309621942 1.5197902659036269 -2.5
      vertex -0.9644882309621942 1.5197902659036269 -30
      vertex -0.7664027248171309 1.628688694438835 -2.5
    endloop
  endfacet
  facet normal 0.3681245526846781 -0.9297764858882513 0
    outer loop
      vertex -0.7664027248171309 1.628688694438835 -2.5
      vertex -0.7664027248171309 1.628688694438835 -30
      vertex -0.5562305898749054 1.7119017293312764 -2.5
    endloop
  endfacet
  facet normal 0.2486898871648555 -0.968583161128631 0
    outer loop
      vertex -0.5562305898749054 1.7119017293312764 -2.5
      vertex -0.5562305898749054 1.7119017293312764 -30
      vertex -0.33728636625430425 1.7681170513116398 -2.5
    endloop
  endfacet
  facet normal 0.12533323356430337 -0.992114701314478 0
    outer loop
      vertex -0.33728636625430425 1.7681170513116398 -2.5
      vertex -0.33728636625430425 1.7681170513116398 -30
      vertex -0.1130229351527639 1.7964481111708888 -2.5
    endloop
  endfacet
  facet normal 0 -1 0
    outer loop
      vertex -0.1130229351527639 1.7964481111708888 -2.5
      vertex -0.1130229351527639 1.7964481111708888 -30
      vertex 0.1130229351527639 1.7964481111708888 -2.5
    endloop
  endfacet
  facet normal -0.1253332335643046 0.9921147013144778 0
    outer loop
      vertex 0.11302293515276478 -1.7964481111708888 -2.5
      vertex 0.3372863662543047 -1.7681170513116395 -30
      vertex 0.11302293515276478 -1.7964481111708888 -30
    endloop
  endfacet
  facet normal -0.24868988716485502 0.9685831611286311 0
    outer loop
      vertex 0.3372863662543047 -1.7681170513116395 -2.5
      vertex 0.5562305898749054 -1.7119017293312764 -30
      vertex 0.3372863662543047 -1.7681170513116395 -30
    endloop
  endfacet
  facet normal -0.3681245526846779 0.9297764858882515 0
    outer loop
      vertex 0.5562305898749054 -1.7119017293312764 -2.5
      vertex 0.7664027248171305 -1.6286886944388352 -30
      vertex 0.5562305898749054 -1.7119017293312764 -30
    endloop
  endfacet
  facet normal -0.4817536741017151 0.8763066800438637 0
    outer loop
      vertex 0.7664027248171305 -1.6286886944388352 -2.5
      vertex 0.9644882309621932 -1.5197902659036275 -30
      vertex 0.7664027248171305 -1.6286886944388352 -30
    endloop
  endfacet
  facet normal -0.5877852522924726 0.8090169943749478 0
    outer loop
      vertex 0.9644882309621932 -1.5197902659036275 -2.5
      vertex 1.147363181547642 -1.3869238369964203 -30
      vertex 0.9644882309621932 -1.5197902659036275 -30
    endloop
  endfacet
  facet normal -0.6845471059286886 0.7289686274214116 0
    outer loop
      vertex 1.147363181547642 -1.3869238369964203 -2.5
      vertex 1.312143529358541 -1.2321847906716394 -30
      vertex 1.147363181547642 -1.3869238369964203 -30
    endloop
  endfacet
  facet normal -0.7705132427757893 0.6374239897486896 0
    outer loop
      vertex 1.312143529358541 -1.2321847906716394 -2.5
      vertex 1.4562305898749055 -1.0580134541264516 -30
      vertex 1.312143529358541 -1.2321847906716394 -30
    endloop
  endfacet
  facet normal -0.8443279255020155 0.535826794978996 0
    outer loop
      vertex 1.4562305898749055 -1.0580134541264516 -2.5
      vertex 1.5773520240789543 -0.8671566133830877 -30
      vertex 1.4562305898749055 -1.0580134541264516 -30
    endloop
  endfacet
  facet normal -0.904827052466019 0.42577929156507366 0
    outer loop
      vertex 1.5773520240789543 -0.8671566133830877 -2.5
      vertex 1.6735976745988523 -0.6626241948324211 -30
      vertex 1.5773520240789543 -0.8671566133830877 -30
    endloop
  endfacet
  facet normal -0.9510565162951539 0.30901699437494706 0
    outer loop
      vertex 1.6735976745988523 -0.6626241948324211 -2.5
      vertex 1.7434496900315362 -0.447641796896738 -30
      vertex 1.6735976745988523 -0.6626241948324211 -30
    endloop
  endfacet
  facet normal -0.9822872507286887 0.18738131458572432 0
    outer loop
      vertex 1.7434496900315362 -0.447641796896738 -2.5
      vertex 1.78580646236606 -0.22559982041574733 -30
      vertex 1.7434496900315362 -0.447641796896738 -30
    endloop
  endfacet
  facet normal -0.9980267284282716 0.0627905195293136 0
    outer loop
      vertex 1.78580646236606 -0.22559982041574733 -2.5
      vertex 1.8 0 -30
      vertex 1.78580646236606 -0.22559982041574733 -30
    endloop
  endfacet
  facet normal 0 1 0
    outer loop
      vertex -0.11302293515276478 -1.7964481111708888 -2.5
      vertex 0.11302293515276478 -1.7964481111708888 -2.5
      vertex 0.11302293515276478 -1.7964481111708888 -30
    endloop
  endfacet
  facet normal -0.1253332335643046 0.9921147013144778 0
    outer loop
      vertex 0.11302293515276478 -1.7964481111708888 -2.5
      vertex 0.3372863662543047 -1.7681170513116395 -2.5
      vertex 0.3372863662543047 -1.7681170513116395 -30
    endloop
  endfacet
  facet normal -0.24868988716485502 0.9685831611286311 0
    outer loop
      vertex 0.3372863662543047 -1.7681170513116395 -2.5
      vertex 0.5562305898749054 -1.7119017293312764 -2.5
      vertex 0.5562305898749054 -1.7119017293312764 -30
    endloop
  endfacet
  facet normal -0.3681245526846779 0.9297764858882515 0
    outer loop
      vertex 0.5562305898749054 -1.7119017293312764 -2.5
      vertex 0.7664027248171305 -1.6286886944388352 -2.5
      vertex 0.7664027248171305 -1.6286886944388352 -30
    endloop
  endfacet
  facet normal -0.4817536741017151 0.8763066800438637 0
    outer loop
      vertex 0.7664027248171305 -1.6286886944388352 -2.5
      vertex 0.9644882309621932 -1.5197902659036275 -2.5
      vertex 0.9644882309621932 -1.5197902659036275 -30
    endloop
  endfacet
  facet normal -0.5877852522924726 0.8090169943749478 0
    outer loop
      vertex 0.9644882309621932 -1.5197902659036275 -2.5
      vertex 1.147363181547642 -1.3869238369964203 -2.5
      vertex 1.147363181547642 -1.3869238369964203 -30
    endloop
  endfacet
  facet normal -0.6845471059286886 0.7289686274214116 0
    outer loop
      vertex 1.147363181547642 -1.3869238369964203 -2.5
      vertex 1.312143529358541 -1.2321847906716394 -2.5
      vertex 1.312143529358541 -1.2321847906716394 -30
    endloop
  endfacet
  facet normal -0.7705132427757893 0.6374239897486896 0
    outer loop
      vertex 1.312143529358541 -1.2321847906716394 -2.5
      vertex 1.4562305898749055 -1.0580134541264516 -2.5
      vertex 1.4562305898749055 -1.0580134541264516 -30
    endloop
  endfacet
  facet normal -0.8443279255020155 0.535826794978996 0
    outer loop
      vertex 1.4562305898749055 -1.0580134541264516 -2.5
      vertex 1.5773520240789543 -0.8671566133830877 -2.5
      vertex 1.5773520240789543 -0.8671566133830877 -30
    endloop
  endfacet
  facet normal -0.904827052466019 0.42577929156507366 0
    outer loop
      vertex 1.5773520240789543 -0.8671566133830877 -2.5
      vertex 1.6735976745988523 -0.6626241948324211 -2.5
      vertex 1.6735976745988523 -0.6626241948324211 -30
    endloop
  endfacet
  facet normal -0.9510565162951539 0.30901699437494706 0
    outer loop
      vertex 1.6735976745988523 -0.6626241948324211 -2.5
      vertex 1.7434496900315362 -0.447641796896738 -2.5
      vertex 1.7434496900315362 -0.447641796896738 -30
    endloop
  endfacet
  facet normal -0.9822872507286887 0.18738131458572432 0
    outer loop
      vertex 1.7434496900315362 -0.447641796896738 -2.5
      vertex 1.78580646236606 -0.22559982041574733 -2.5
      vertex 1.78580646236606 -0.22559982041574733 -30
    endloop
  endfacet
  facet normal -0.9980267284282716 0.0627905195293136 0
    outer loop
      vertex 1.78580646236606 -0.22559982041574733 -2.5
      vertex 1.8 0 -2.5
      vertex 1.8 0 -30
    endloop
  endfacet
  facet normal -0.2486898871648555 -0.968583161128631 0
    outer loop
      vertex 0.5562305898749054 1.7119017293312764 -2.5
      vertex 0.33728636625430425 1.7681170513116398 -30
      vertex 0.5562305898749054 1.7119017293312764 -30
    endloop
  endfacet
  facet normal -0.3681245526846781 -0.9297764858882513 0
    outer loop
      vertex 0.7664027248171309 1.628688694438835 -2.5
      vertex 0.5562305898749054 1.7119017293312764 -30
      vertex 0.7664027248171309 1.628688694438835 -30
    endloop
  endfacet
  facet normal -0.9510565162951536 -0.3090169943749469 0
    outer loop
      vertex 1.743449690031536 0.44764179689673866 -2.5
      vertex 1.6735976745988526 0.6626241948324204 -30
      vertex 1.743449690031536 0.44764179689673866 -30
    endloop
  endfacet
  facet normal -0.9048270524660196 -0.42577929156507266 0
    outer loop
      vertex 1.6735976745988526 0.6626241948324204 -2.5
      vertex 1.5773520240789545 0.8671566133830876 -30
      vertex 1.6735976745988526 0.6626241948324204 -30
    endloop
  endfacet
  facet normal -0.6845471059286881 -0.728968627421412 0
    outer loop
      vertex 1.3121435293585408 1.2321847906716397 -2.5
      vertex 1.1473631815476415 1.3869238369964205 -30
      vertex 1.3121435293585408 1.2321847906716397 -30
    endloop
  endfacet
  facet normal -0.5877852522924735 -0.8090169943749472 0
    outer loop
      vertex 1.1473631815476415 1.3869238369964205 -2.5
      vertex 0.964488230962194 1.519790265903627 -30
      vertex 1.1473631815476415 1.3869238369964205 -30
    endloop
  endfacet
  facet normal -0.481753674101715 -0.8763066800438638 0
    outer loop
      vertex 0.964488230962194 1.519790265903627 -2.5
      vertex 0.7664027248171309 1.628688694438835 -30
      vertex 0.964488230962194 1.519790265903627 -30
    endloop
  endfacet
  facet normal -0.7705132427757893 -0.6374239897486897 0
    outer loop
      vertex 1.4562305898749055 1.0580134541264516 -2.5
      vertex 1.3121435293585408 1.2321847906716397 -30
      vertex 1.4562305898749055 1.0580134541264516 -30
    endloop
  endfacet
  facet normal -0.8443279255020153 -0.5358267949789964 0
    outer loop
      vertex 1.5773520240789545 0.8671566133830876 -2.5
      vertex 1.4562305898749055 1.0580134541264516 -30
      vertex 1.5773520240789545 0.8671566133830876 -30
    endloop
  endfacet
  facet normal 0 -1 0
    outer loop
      vertex 0.1130229351527639 1.7964481111708888 -2.5
      vertex -0.1130229351527639 1.7964481111708888 -30
      vertex 0.11302293515276364 1.7964481111708888 -30
    endloop
  endfacet
  facet normal -0.12533323356430323 -0.992114701314478 0
    outer loop
      vertex 0.33728636625430425 1.7681170513116398 -2.5
      vertex 0.11302293515276364 1.7964481111708888 -30
      vertex 0.33728636625430425 1.7681170513116398 -30
    endloop
  endfacet
  facet normal -0.9980267284282716 -0.0627905195293135 0
    outer loop
      vertex 1.8 0 -2.5
      vertex 1.78580646236606 0.22559982041574766 -30
      vertex 1.8 0 -30
    endloop
  endfacet
  facet normal -0.9822872507286886 -0.187381314585725 0
    outer loop
      vertex 1.78580646236606 0.22559982041574766 -2.5
      vertex 1.743449690031536 0.44764179689673866 -30
      vertex 1.78580646236606 0.22559982041574766 -30
    endloop
  endfacet
  facet normal -0.3681245526846781 -0.9297764858882513 0
    outer loop
      vertex 0.5562305898749054 1.7119017293312764 -2.5
      vertex 0.5562305898749054 1.7119017293312764 -30
      vertex 0.7664027248171309 1.628688694438835 -2.5
    endloop
  endfacet
  facet normal -0.481753674101715 -0.8763066800438638 0
    outer loop
      vertex 0.7664027248171309 1.628688694438835 -2.5
      vertex 0.7664027248171309 1.628688694438835 -30
      vertex 0.964488230962194 1.519790265903627 -2.5
    endloop
  endfacet
  facet normal -0.9510565162951536 -0.3090169943749469 0
    outer loop
      vertex 1.6735976745988526 0.6626241948324204 -2.5
      vertex 1.6735976745988526 0.6626241948324204 -30
      vertex 1.743449690031536 0.44764179689673866 -2.5
    endloop
  endfacet
  facet normal -0.9048270524660196 -0.42577929156507266 0
    outer loop
      vertex 1.6735976745988526 0.6626241948324204 -2.5
      vertex 1.5773520240789545 0.8671566133830876 -2.5
      vertex 1.5773520240789545 0.8671566133830876 -30
    endloop
  endfacet
  facet normal -0.5877852522924735 -0.8090169943749472 0
    outer loop
      vertex 1.1473631815476415 1.3869238369964205 -2.5
      vertex 0.964488230962194 1.519790265903627 -2.5
      vertex 0.964488230962194 1.519790265903627 -30
    endloop
  endfacet
  facet normal -0.6845471059286881 -0.728968627421412 0
    outer loop
      vertex 1.1473631815476415 1.3869238369964205 -2.5
      vertex 1.1473631815476415 1.3869238369964205 -30
      vertex 1.3121435293585408 1.2321847906716397 -2.5
    endloop
  endfacet
  facet normal -0.8443279255020153 -0.5358267949789964 0
    outer loop
      vertex 1.4562305898749055 1.0580134541264516 -2.5
      vertex 1.4562305898749055 1.0580134541264516 -30
      vertex 1.5773520240789545 0.8671566133830876 -2.5
    endloop
  endfacet
  facet normal -0.7705132427757893 -0.6374239897486897 0
    outer loop
      vertex 1.4562305898749055 1.0580134541264516 -2.5
      vertex 1.3121435293585408 1.2321847906716397 -2.5
      vertex 1.3121435293585408 1.2321847906716397 -30
    endloop
  endfacet
  facet normal -0.12533323356430337 -0.992114701314478 1.201731359737468e-18
    outer loop
      vertex 0.1130229351527639 1.7964481111708888 -2.5
      vertex 0.11302293515276364 1.7964481111708888 -30
      vertex 0.33728636625430425 1.7681170513116398 -2.5
    endloop
  endfacet
  facet normal -0.2486898871648555 -0.968583161128631 0
    outer loop
      vertex 0.33728636625430425 1.7681170513116398 -2.5
      vertex 0.33728636625430425 1.7681170513116398 -30
      vertex 0.5562305898749054 1.7119017293312764 -2.5
    endloop
  endfacet
  facet normal -0.9980267284282716 -0.0627905195293135 0
    outer loop
      vertex 1.8 0 -2.5
      vertex 1.78580646236606 0.22559982041574766 -2.5
      vertex 1.78580646236606 0.22559982041574766 -30
    endloop
  endfacet
  facet normal -0.9822872507286886 -0.187381314585725 0
    outer loop
      vertex 1.78580646236606 0.22559982041574766 -2.5
      vertex 1.743449690031536 0.44764179689673866 -2.5
      vertex 1.743449690031536 0.44764179689673866 -30
    endloop
  endfacet
endsolid OpenSCAD_Model
