solid OpenSCAD_Model
  facet normal 0.38726933107831313 0.24576859084930977 0.8886057984045007
    outer loop
      vertex -1.1830140180592157 -0.6503674600373158 -0.85
      vertex -2.4270509831248424 -1.7633557568774194 0
      vertex -1.0921729424061792 -0.7935100905948388 -0.8500000000000001
    endloop
  endfacet
  facet normal 0.26960046517194053 0.3710732060132781 0.8886057984045008
    outer loop
      vertex -0.8605223861607311 -1.0401928777473157 -0.8500000000000001
      vertex -1.6074803849369903 -2.532983776506045 0
      vertex -0.7233661732216456 -1.1398426994277202 -0.8500000000000001
    endloop
  endfacet
  facet normal 0.3534126245313305 0.29236834962727465 0.8886057984045009
    outer loop
      vertex -1.0921729424061792 -0.7935100905948388 -0.8500000000000001
      vertex -2.186905882264235 -2.0536413177860657 0
      vertex -0.9841076470189059 -0.9241385930037296 -0.85
    endloop
  endfacet
  facet normal 0.3139823897770225 0.33435728487922856 0.8886057984045009
    outer loop
      vertex -0.9841076470189059 -0.9241385930037296 -0.85
      vertex -1.9122719692460688 -2.311539728327368 0
      vertex -0.8605223861607311 -1.0401928777473157 -0.8500000000000001
    endloop
  endfacet
  facet normal 0.43622271603098306 0.14173735238267957 0.8886057984045009
    outer loop
      vertex -1.2551982559491395 -0.49696814612431517 -0.8500000000000001
      vertex -1.307587267523652 -0.3357313476725541 -0.85
      vertex -2.7893294576647545 -1.1043736580540335 0
    endloop
  endfacet
  facet normal 0.4150185689307038 0.1952929145786148 0.8886057984045009
    outer loop
      vertex -1.2551982559491395 -0.49696814612431517 -0.8500000000000001
      vertex -2.6289200401315904 -1.445261022305146 0
      vertex -1.1830140180592157 -0.6503674600373158 -0.85
    endloop
  endfacet
  facet normal 0.45054737031263326 0.08594650746988199 0.8886057984045008
    outer loop
      vertex -1.307587267523652 -0.3357313476725541 -0.85
      vertex -1.3393548467745453 -0.1691998653118105 -0.85
      vertex -2.9057494833858932 -0.7460696614945646 0
    endloop
  endfacet
  facet normal 0.4577666234205006 0.028800234792327243 0.8886057984045009
    outer loop
      vertex -1.3393548467745453 -0.1691998653118105 -0.85
      vertex -1.35 0 -0.85
      vertex -2.9763441039434335 -0.3759997006929122 0
    endloop
  endfacet
  facet normal 0.2209667801795873 0.4019370810201088 0.8886057984045008
    outer loop
      vertex -0.7233661732216456 -1.1398426994277202 -0.8500000000000001
      vertex -1.2773378746952173 -2.7144811573980587 0
      vertex -0.5748020436128478 -1.2215165208291265 -0.8500000000000001
    endloop
  endfacet
  facet normal 0.16884831706464423 0.4264621681536791 0.8886057984045009
    outer loop
      vertex -0.417172942406179 -1.2839262969984573 -0.85
      vertex -0.5748020436128478 -1.2215165208291265 -0.8500000000000001
      vertex -0.9270509831248421 -2.8531695488854605 0
    endloop
  endfacet
  facet normal 0.11406701512449866 0.44426169213931443 0.8886057984045009
    outer loop
      vertex -0.417172942406179 -1.2839262969984573 -0.85
      vertex -0.5621439437571745 -2.9468617521860656 0
      vertex -0.25296477469072853 -1.3260877884837297 -0.8500000000000001
    endloop
  endfacet
  facet normal 0.057486808215506016 0.4550549438508423 0.8886057984045009
    outer loop
      vertex -0.25296477469072853 -1.3260877884837297 -0.8500000000000001
      vertex -0.18837155858794175 -2.9940801852848145 0
      vertex -0.08476720136457358 -1.3473360833781667 -0.8500000000000001
    endloop
  endfacet
  facet normal 0.3872693310783127 0.24576859084931033 0.888605798404501
    outer loop
      vertex -1.1830140180592157 -0.6503674600373158 -0.85
      vertex -2.6289200401315904 -1.445261022305146 0
      vertex -2.4270509831248424 -1.7633557568774194 0
    endloop
  endfacet
  facet normal 0.4150185689307041 0.19529291457861422 0.888605798404501
    outer loop
      vertex -1.2551982559491395 -0.49696814612431517 -0.8500000000000001
      vertex -2.7893294576647545 -1.1043736580540335 0
      vertex -2.6289200401315904 -1.445261022305146 0
    endloop
  endfacet
  facet normal 0.4362227160309827 0.14173735238267987 0.8886057984045009
    outer loop
      vertex -1.307587267523652 -0.3357313476725541 -0.85
      vertex -2.9057494833858932 -0.7460696614945646 0
      vertex -2.7893294576647545 -1.1043736580540335 0
    endloop
  endfacet
  facet normal 0.4505473703126333 0.08594650746988144 0.8886057984045009
    outer loop
      vertex -1.3393548467745453 -0.1691998653118105 -0.85
      vertex -2.9763441039434335 -0.3759997006929122 0
      vertex -2.9057494833858932 -0.7460696614945646 0
    endloop
  endfacet
  facet normal 0.4577666234205005 0.028800234792327597 0.8886057984045009
    outer loop
      vertex -2.9763441039434335 -0.3759997006929122 0
      vertex -1.35 0 -0.85
      vertex -3 0 0
    endloop
  endfacet
  facet normal 0.22096678017958696 0.4019370810201089 0.8886057984045009
    outer loop
      vertex -0.7233661732216456 -1.1398426994277202 -0.8500000000000001
      vertex -1.6074803849369903 -2.532983776506045 0
      vertex -1.2773378746952173 -2.7144811573980587 0
    endloop
  endfacet
  facet normal 0.16884831706464498 0.42646216815367893 0.8886057984045009
    outer loop
      vertex -0.5748020436128478 -1.2215165208291265 -0.8500000000000001
      vertex -1.2773378746952173 -2.7144811573980587 0
      vertex -0.9270509831248421 -2.8531695488854605 0
    endloop
  endfacet
  facet normal 0.11406701512449788 0.4442616921393146 0.8886057984045009
    outer loop
      vertex -0.417172942406179 -1.2839262969984573 -0.85
      vertex -0.9270509831248421 -2.8531695488854605 0
      vertex -0.5621439437571745 -2.9468617521860656 0
    endloop
  endfacet
  facet normal 0.057486808215506155 0.4550549438508423 0.8886057984045008
    outer loop
      vertex -0.25296477469072853 -1.3260877884837297 -0.8500000000000001
      vertex -0.5621439437571745 -2.9468617521860656 0
      vertex -0.18837155858794175 -2.9940801852848145 0
    endloop
  endfacet
  facet normal 0 0.4586717072611952 0.8886057984045008
    outer loop
      vertex -0.08476720136457358 -1.3473360833781667 -0.8500000000000001
      vertex -0.18837155858794175 -2.9940801852848145 0
      vertex 0.1883715585879413 -2.9940801852848145 0
    endloop
  endfacet
  facet normal 0.353412624531331 0.292368349627274 0.8886057984045008
    outer loop
      vertex -1.0921729424061792 -0.7935100905948388 -0.8500000000000001
      vertex -2.4270509831248424 -1.7633557568774194 0
      vertex -2.186905882264235 -2.0536413177860657 0
    endloop
  endfacet
  facet normal 0.3139823897770219 0.33435728487922894 0.8886057984045009
    outer loop
      vertex -0.9841076470189059 -0.9241385930037296 -0.85
      vertex -2.186905882264235 -2.0536413177860657 0
      vertex -1.9122719692460688 -2.311539728327368 0
    endloop
  endfacet
  facet normal 0.26960046517194086 0.3710732060132779 0.8886057984045009
    outer loop
      vertex -0.8605223861607311 -1.0401928777473157 -0.8500000000000001
      vertex -1.9122719692460688 -2.311539728327368 0
      vertex -1.6074803849369903 -2.532983776506045 0
    endloop
  endfacet
  facet normal 0.4577666234205005 -0.02880023479232724 0.8886057984045009
    outer loop
      vertex -1.35 0 -0.85
      vertex -1.3393548467745453 0.1691998653118105 -0.85
      vertex -2.9763441039434335 0.3759997006929122 0
    endloop
  endfacet
  facet normal 0.45054737031263314 -0.08594650746988197 0.8886057984045008
    outer loop
      vertex -1.3393548467745453 0.1691998653118105 -0.85
      vertex -1.307587267523652 0.3357313476725541 -0.85
      vertex -2.9057494833858932 0.7460696614945646 0
    endloop
  endfacet
  facet normal 0.4362227160309827 -0.14173735238268007 0.8886057984045009
    outer loop
      vertex -1.307587267523652 0.3357313476725541 -0.85
      vertex -1.2551982559491395 0.49696814612431517 -0.85
      vertex -2.7893294576647545 1.1043736580540335 0
    endloop
  endfacet
  facet normal 0.41501856893070405 -0.1952929145786143 0.8886057984045009
    outer loop
      vertex -1.2551982559491395 0.49696814612431517 -0.85
      vertex -1.1830140180592157 0.6503674600373158 -0.85
      vertex -2.6289200401315904 1.445261022305146 0
    endloop
  endfacet
  facet normal 0.38726933107831285 -0.24576859084931024 0.8886057984045009
    outer loop
      vertex -1.1830140180592157 0.6503674600373158 -0.85
      vertex -1.0921729424061792 0.7935100905948388 -0.85
      vertex -2.4270509831248424 1.7633557568774194 0
    endloop
  endfacet
  facet normal 0.3534126245313309 -0.2923683496272742 0.8886057984045009
    outer loop
      vertex -1.0921729424061792 0.7935100905948388 -0.85
      vertex -0.9841076470189059 0.9241385930037296 -0.85
      vertex -2.186905882264235 2.0536413177860657 0
    endloop
  endfacet
  facet normal 0.313982389777022 -0.33435728487922883 0.8886057984045009
    outer loop
      vertex -0.9841076470189059 0.9241385930037296 -0.85
      vertex -0.8605223861607311 1.0401928777473157 -0.85
      vertex -1.9122719692460688 2.311539728327368 0
    endloop
  endfacet
  facet normal 0.26960046517194053 -0.3710732060132781 0.888605798404501
    outer loop
      vertex -0.8605223861607311 1.0401928777473157 -0.85
      vertex -0.7233661732216456 1.1398426994277202 -0.85
      vertex -1.6074803849369903 2.532983776506045 0
    endloop
  endfacet
  facet normal 0.22096678017958735 -0.40193708102010867 0.8886057984045008
    outer loop
      vertex -0.7233661732216456 1.1398426994277202 -0.85
      vertex -0.5748020436128483 1.2215165208291263 -0.85
      vertex -1.2773378746952182 2.7144811573980583 0
    endloop
  endfacet
  facet normal 0.16884831706464487 -0.4264621681536789 0.8886057984045008
    outer loop
      vertex -0.5748020436128483 1.2215165208291263 -0.85
      vertex -0.417172942406179 1.2839262969984573 -0.85
      vertex -0.9270509831248421 2.8531695488854605 0
    endloop
  endfacet
  facet normal 0.1140670151244984 -0.44426169213931443 0.8886057984045009
    outer loop
      vertex -0.417172942406179 1.2839262969984573 -0.85
      vertex -0.2529647746907282 1.3260877884837299 -0.85
      vertex -0.5621439437571737 2.946861752186066 0
    endloop
  endfacet
  facet normal 0.0574868082155053 -0.4550549438508423 0.8886057984045009
    outer loop
      vertex -0.2529647746907282 1.3260877884837299 -0.85
      vertex -0.08476720136457293 1.3473360833781667 -0.85
      vertex -0.18837155858793983 2.9940801852848145 0
    endloop
  endfacet
  facet normal 0.4577666234205005 -0.02880023479232766 0.8886057984045009
    outer loop
      vertex -1.35 0 -0.85
      vertex -2.9763441039434335 0.3759997006929122 0
      vertex -3 0 0
    endloop
  endfacet
  facet normal 0.4505473703126333 -0.08594650746988144 0.8886057984045009
    outer loop
      vertex -1.3393548467745453 0.1691998653118105 -0.85
      vertex -2.9057494833858932 0.7460696614945646 0
      vertex -2.9763441039434335 0.3759997006929122 0
    endloop
  endfacet
  facet normal 0.4362227160309827 -0.14173735238267987 0.8886057984045009
    outer loop
      vertex -1.307587267523652 0.3357313476725541 -0.85
      vertex -2.7893294576647545 1.1043736580540335 0
      vertex -2.9057494833858932 0.7460696614945646 0
    endloop
  endfacet
  facet normal 0.41501856893070405 -0.19529291457861453 0.8886057984045008
    outer loop
      vertex -1.2551982559491395 0.49696814612431517 -0.85
      vertex -2.6289200401315904 1.445261022305146 0
      vertex -2.7893294576647545 1.1043736580540335 0
    endloop
  endfacet
  facet normal 0.3872693310783127 -0.24576859084931033 0.888605798404501
    outer loop
      vertex -1.1830140180592157 0.6503674600373158 -0.85
      vertex -2.4270509831248424 1.7633557568774194 0
      vertex -2.6289200401315904 1.445261022305146 0
    endloop
  endfacet
  facet normal 0.3534126245313309 -0.2923683496272742 0.8886057984045009
    outer loop
      vertex -1.0921729424061792 0.7935100905948388 -0.85
      vertex -2.186905882264235 2.0536413177860657 0
      vertex -2.4270509831248424 1.7633557568774194 0
    endloop
  endfacet
  facet normal 0.3139823897770219 -0.33435728487922894 0.8886057984045009
    outer loop
      vertex -0.9841076470189059 0.9241385930037296 -0.85
      vertex -1.9122719692460688 2.311539728327368 0
      vertex -2.186905882264235 2.0536413177860657 0
    endloop
  endfacet
  facet normal 0.26960046517194114 -0.37107320601327787 0.8886057984045008
    outer loop
      vertex -0.8605223861607311 1.0401928777473157 -0.85
      vertex -1.6074803849369903 2.532983776506045 0
      vertex -1.9122719692460688 2.311539728327368 0
    endloop
  endfacet
  facet normal 0.22096678017958693 -0.4019370810201089 0.8886057984045009
    outer loop
      vertex -0.7233661732216456 1.1398426994277202 -0.85
      vertex -1.2773378746952182 2.7144811573980583 0
      vertex -1.6074803849369903 2.532983776506045 0
    endloop
  endfacet
  facet normal 0.1688483170646452 -0.42646216815367893 0.8886057984045008
    outer loop
      vertex -0.5748020436128483 1.2215165208291263 -0.85
      vertex -0.9270509831248421 2.8531695488854605 0
      vertex -1.2773378746952182 2.7144811573980583 0
    endloop
  endfacet
  facet normal 0.11406701512449824 -0.4442616921393145 0.8886057984045008
    outer loop
      vertex -0.417172942406179 1.2839262969984573 -0.85
      vertex -0.5621439437571737 2.946861752186066 0
      vertex -0.9270509831248421 2.8531695488854605 0
    endloop
  endfacet
  facet normal 0.05748680821550535 -0.45505494385084233 0.8886057984045009
    outer loop
      vertex -0.2529647746907282 1.3260877884837299 -0.85
      vertex -0.18837155858793983 2.9940801852848145 0
      vertex -0.5621439437571737 2.946861752186066 0
    endloop
  endfacet
  facet normal 0 -0.4586717072611952 0.8886057984045009
    outer loop
      vertex -0.08476720136457293 1.3473360833781667 -0.85
      vertex 0.18837155858793983 2.9940801852848145 0
      vertex -0.18837155858793983 2.9940801852848145 0
    endloop
  endfacet
  facet normal 0 0.4586717072611952 0.8886057984045009
    outer loop
      vertex -0.08476720136457358 -1.3473360833781667 -0.8500000000000001
      vertex 0.1883715585879413 -2.9940801852848145 0
      vertex 0.08476720136457358 -1.3473360833781667 -0.8500000000000001
    endloop
  endfacet
  facet normal -0.057486808215506016 0.4550549438508423 0.8886057984045008
    outer loop
      vertex 0.08476720136457358 -1.3473360833781667 -0.8500000000000001
      vertex 0.1883715585879413 -2.9940801852848145 0
      vertex 0.25296477469072853 -1.3260877884837297 -0.8500000000000001
    endloop
  endfacet
  facet normal -0.11406701512449807 0.4442616921393146 0.8886057984045007
    outer loop
      vertex 0.25296477469072853 -1.3260877884837297 -0.8500000000000001
      vertex 0.5621439437571745 -2.9468617521860656 0
      vertex 0.417172942406179 -1.2839262969984573 -0.8500000000000001
    endloop
  endfacet
  facet normal -0.16884831706464482 0.42646216815367904 0.8886057984045009
    outer loop
      vertex 0.417172942406179 -1.2839262969984573 -0.8500000000000001
      vertex 0.9270509831248421 -2.8531695488854605 0
      vertex 0.5748020436128478 -1.2215165208291265 -0.8500000000000001
    endloop
  endfacet
  facet normal -0.22096678017958715 0.4019370810201089 0.8886057984045009
    outer loop
      vertex 0.5748020436128478 -1.2215165208291265 -0.8500000000000001
      vertex 1.2773378746952173 -2.7144811573980587 0
      vertex 0.723366173221645 -1.1398426994277207 -0.8500000000000001
    endloop
  endfacet
  facet normal -0.26960046517194075 0.37107320601327803 0.8886057984045009
    outer loop
      vertex 0.723366173221645 -1.1398426994277207 -0.8500000000000001
      vertex 1.6074803849369887 -2.532983776506046 0
      vertex 0.8605223861607315 -1.0401928777473153 -0.8500000000000001
    endloop
  endfacet
  facet normal -0.313982389777022 0.3343572848792289 0.8886057984045008
    outer loop
      vertex 0.8605223861607315 -1.0401928777473153 -0.8500000000000001
      vertex 1.91227196924607 -2.311539728327367 0
      vertex 0.9841076470189059 -0.9241385930037296 -0.8500000000000001
    endloop
  endfacet
  facet normal -0.353412624531331 0.2923683496272743 0.8886057984045009
    outer loop
      vertex 0.9841076470189059 -0.9241385930037296 -0.8500000000000001
      vertex 2.186905882264235 -2.0536413177860657 0
      vertex 1.0921729424061792 -0.7935100905948388 -0.8500000000000001
    endloop
  endfacet
  facet normal -0.38726933107831296 0.24576859084931033 0.8886057984045009
    outer loop
      vertex 1.0921729424061792 -0.7935100905948388 -0.8500000000000001
      vertex 2.4270509831248424 -1.7633557568774194 0
      vertex 1.1830140180592157 -0.6503674600373158 -0.8500000000000001
    endloop
  endfacet
  facet normal -0.415018568930704 0.1952929145786145 0.8886057984045009
    outer loop
      vertex 1.1830140180592157 -0.6503674600373158 -0.8500000000000001
      vertex 2.6289200401315904 -1.445261022305146 0
      vertex 1.2551982559491393 -0.49696814612431583 -0.8500000000000001
    endloop
  endfacet
  facet normal -0.43622271603098284 0.14173735238268023 0.8886057984045009
    outer loop
      vertex 1.2551982559491393 -0.49696814612431583 -0.8500000000000001
      vertex 2.7893294576647536 -1.104373658054035 0
      vertex 1.3075872675236522 -0.3357313476725535 -0.8500000000000001
    endloop
  endfacet
  facet normal -0.45054737031263326 0.0859465074698817 0.8886057984045008
    outer loop
      vertex 1.3075872675236522 -0.3357313476725535 -0.8500000000000001
      vertex 2.9057494833858937 -0.7460696614945633 0
      vertex 1.3393548467745453 -0.1691998653118105 -0.8500000000000001
    endloop
  endfacet
  facet normal -0.4577666234205006 0.028800234792327243 0.8886057984045007
    outer loop
      vertex 1.3393548467745453 -0.1691998653118105 -0.8500000000000001
      vertex 2.9763441039434335 -0.3759997006929122 0
      vertex 1.35 0 -0.8500000000000001
    endloop
  endfacet
  facet normal -0.05748680821550609 0.4550549438508423 0.8886057984045009
    outer loop
      vertex 0.25296477469072853 -1.3260877884837297 -0.8500000000000001
      vertex 0.1883715585879413 -2.9940801852848145 0
      vertex 0.5621439437571745 -2.9468617521860656 0
    endloop
  endfacet
  facet normal -0.11406701512449788 0.4442616921393146 0.8886057984045009
    outer loop
      vertex 0.417172942406179 -1.2839262969984573 -0.8500000000000001
      vertex 0.5621439437571745 -2.9468617521860656 0
      vertex 0.9270509831248421 -2.8531695488854605 0
    endloop
  endfacet
  facet normal -0.16884831706464498 0.42646216815367893 0.8886057984045009
    outer loop
      vertex 0.5748020436128478 -1.2215165208291265 -0.8500000000000001
      vertex 0.9270509831248421 -2.8531695488854605 0
      vertex 1.2773378746952173 -2.7144811573980587 0
    endloop
  endfacet
  facet normal -0.22096678017958707 0.4019370810201089 0.8886057984045009
    outer loop
      vertex 0.723366173221645 -1.1398426994277207 -0.8500000000000001
      vertex 1.2773378746952173 -2.7144811573980587 0
      vertex 1.6074803849369887 -2.532983776506046 0
    endloop
  endfacet
  facet normal -0.26960046517194125 0.3710732060132779 0.8886057984045008
    outer loop
      vertex 0.8605223861607315 -1.0401928777473153 -0.8500000000000001
      vertex 1.6074803849369887 -2.532983776506046 0
      vertex 1.91227196924607 -2.311539728327367 0
    endloop
  endfacet
  facet normal -0.31398238977702203 0.33435728487922883 0.8886057984045009
    outer loop
      vertex 0.9841076470189059 -0.9241385930037296 -0.8500000000000001
      vertex 1.91227196924607 -2.311539728327367 0
      vertex 2.186905882264235 -2.0536413177860657 0
    endloop
  endfacet
  facet normal -0.353412624531331 0.292368349627274 0.8886057984045008
    outer loop
      vertex 1.0921729424061792 -0.7935100905948388 -0.8500000000000001
      vertex 2.186905882264235 -2.0536413177860657 0
      vertex 2.4270509831248424 -1.7633557568774194 0
    endloop
  endfacet
  facet normal -0.3872693310783127 0.24576859084931033 0.888605798404501
    outer loop
      vertex 1.1830140180592157 -0.6503674600373158 -0.8500000000000001
      vertex 2.4270509831248424 -1.7633557568774194 0
      vertex 2.6289200401315904 -1.445261022305146 0
    endloop
  endfacet
  facet normal -0.41501856893070405 0.19529291457861414 0.8886057984045008
    outer loop
      vertex 1.2551982559491393 -0.49696814612431583 -0.8500000000000001
      vertex 2.6289200401315904 -1.445261022305146 0
      vertex 2.7893294576647536 -1.104373658054035 0
    endloop
  endfacet
  facet normal -0.43622271603098267 0.14173735238268031 0.888605798404501
    outer loop
      vertex 1.3075872675236522 -0.3357313476725535 -0.8500000000000001
      vertex 2.7893294576647536 -1.104373658054035 0
      vertex 2.9057494833858937 -0.7460696614945633 0
    endloop
  endfacet
  facet normal -0.4505473703126334 0.0859465074698811 0.8886057984045009
    outer loop
      vertex 1.3393548467745453 -0.1691998653118105 -0.8500000000000001
      vertex 2.9057494833858937 -0.7460696614945633 0
      vertex 2.9763441039434335 -0.3759997006929122 0
    endloop
  endfacet
  facet normal -0.45776662342050056 0.0288002347923276 0.8886057984045009
    outer loop
      vertex 2.9763441039434335 -0.3759997006929122 0
      vertex 3 0 0
      vertex 1.35 0 -0.8500000000000001
    endloop
  endfacet
  facet normal 0 -0.45867170726119527 0.8886057984045009
    outer loop
      vertex -0.08476720136457293 1.3473360833781667 -0.85
      vertex 0.08476720136457293 1.3473360833781667 -0.85
      vertex 0.18837155858793983 2.9940801852848145 0
    endloop
  endfacet
  facet normal -0.0574868082155053 -0.4550549438508423 0.8886057984045009
    outer loop
      vertex 0.08476720136457293 1.3473360833781667 -0.85
      vertex 0.2529647746907282 1.3260877884837299 -0.85
      vertex 0.18837155858793983 2.9940801852848145 0
    endloop
  endfacet
  facet normal -0.11406701512449784 -0.44426169213931455 0.8886057984045009
    outer loop
      vertex 0.2529647746907282 1.3260877884837299 -0.85
      vertex 0.417172942406179 1.2839262969984573 -0.8500000000000001
      vertex 0.5621439437571737 2.946861752186066 0
    endloop
  endfacet
  facet normal -0.16884831706464545 -0.4264621681536788 0.8886057984045008
    outer loop
      vertex 0.5748020436128483 1.2215165208291263 -0.85
      vertex 0.9270509831248421 2.8531695488854605 0
      vertex 0.417172942406179 1.2839262969984573 -0.8500000000000001
    endloop
  endfacet
  facet normal -0.22096678017958696 -0.40193708102010883 0.8886057984045008
    outer loop
      vertex 0.5748020436128483 1.2215165208291263 -0.85
      vertex 0.7233661732216455 1.1398426994277204 -0.85
      vertex 1.2773378746952182 2.7144811573980583 0
    endloop
  endfacet
  facet normal -0.4577666234205006 -0.028800234792327198 0.8886057984045007
    outer loop
      vertex 1.35 0 -0.8500000000000001
      vertex 2.9763441039434335 0.3759997006929128 0
      vertex 1.3393548467745453 0.16919986531181075 -0.8500000000000001
    endloop
  endfacet
  facet normal -0.45054737031263314 -0.08594650746988217 0.8886057984045008
    outer loop
      vertex 1.3393548467745453 0.16919986531181075 -0.8500000000000001
      vertex 2.9057494833858932 0.7460696614945643 0
      vertex 1.307587267523652 0.33573134767255397 -0.8500000000000001
    endloop
  endfacet
  facet normal -0.41501856893070443 -0.19529291457861353 0.8886057984045009
    outer loop
      vertex 1.183014018059216 0.6503674600373157 -0.8500000000000001
      vertex 1.2551982559491395 0.4969681461243153 -0.85
      vertex 2.628920040131591 1.445261022305146 0
    endloop
  endfacet
  facet normal -0.4362227160309826 -0.14173735238268043 0.8886057984045007
    outer loop
      vertex 1.307587267523652 0.33573134767255397 -0.8500000000000001
      vertex 2.789329457664754 1.104373658054034 0
      vertex 1.2551982559491395 0.4969681461243153 -0.85
    endloop
  endfacet
  facet normal -0.3139823897770213 -0.33435728487922933 0.8886057984045009
    outer loop
      vertex 0.8605223861607312 1.0401928777473155 -0.85
      vertex 0.9841076470189056 0.9241385930037298 -0.8500000000000001
      vertex 1.9122719692460692 2.3115397283273675 0
    endloop
  endfacet
  facet normal -0.35341262453133127 -0.2923683496272738 0.8886057984045008
    outer loop
      vertex 0.9841076470189056 0.9241385930037298 -0.8500000000000001
      vertex 1.0921729424061792 0.7935100905948388 -0.85
      vertex 2.1869058822642344 2.053641317786066 0
    endloop
  endfacet
  facet normal -0.2696004651719411 -0.37107320601327776 0.8886057984045007
    outer loop
      vertex 0.7233661732216455 1.1398426994277204 -0.85
      vertex 0.8605223861607312 1.0401928777473155 -0.85
      vertex 1.60748038493699 2.532983776506045 0
    endloop
  endfacet
  facet normal -0.38726933107831224 -0.245768590849311 0.888605798404501
    outer loop
      vertex 1.0921729424061792 0.7935100905948388 -0.85
      vertex 1.183014018059216 0.6503674600373157 -0.8500000000000001
      vertex 2.4270509831248424 1.7633557568774194 0
    endloop
  endfacet
  facet normal -0.26960046517194125 -0.3710732060132777 0.8886057984045009
    outer loop
      vertex 0.8605223861607312 1.0401928777473155 -0.85
      vertex 1.9122719692460692 2.3115397283273675 0
      vertex 1.60748038493699 2.532983776506045 0
    endloop
  endfacet
  facet normal -0.3139823897770219 -0.33435728487922917 0.8886057984045008
    outer loop
      vertex 0.9841076470189056 0.9241385930037298 -0.8500000000000001
      vertex 2.1869058822642344 2.053641317786066 0
      vertex 1.9122719692460692 2.3115397283273675 0
    endloop
  endfacet
  facet normal -0.3534126245313309 -0.29236834962727426 0.8886057984045009
    outer loop
      vertex 1.0921729424061792 0.7935100905948388 -0.85
      vertex 2.4270509831248424 1.7633557568774194 0
      vertex 2.1869058822642344 2.053641317786066 0
    endloop
  endfacet
  facet normal -0.05748680821550535 -0.45505494385084233 0.8886057984045009
    outer loop
      vertex 0.2529647746907282 1.3260877884837299 -0.85
      vertex 0.5621439437571737 2.946861752186066 0
      vertex 0.18837155858793983 2.9940801852848145 0
    endloop
  endfacet
  facet normal -0.11406701512449824 -0.4442616921393145 0.8886057984045008
    outer loop
      vertex 0.417172942406179 1.2839262969984573 -0.8500000000000001
      vertex 0.9270509831248421 2.8531695488854605 0
      vertex 0.5621439437571737 2.946861752186066 0
    endloop
  endfacet
  facet normal -0.1688483170646452 -0.42646216815367893 0.8886057984045008
    outer loop
      vertex 0.5748020436128483 1.2215165208291263 -0.85
      vertex 1.2773378746952182 2.7144811573980583 0
      vertex 0.9270509831248421 2.8531695488854605 0
    endloop
  endfacet
  facet normal -0.2209667801795871 -0.4019370810201089 0.8886057984045009
    outer loop
      vertex 0.7233661732216455 1.1398426994277204 -0.85
      vertex 1.60748038493699 2.532983776506045 0
      vertex 1.2773378746952182 2.7144811573980583 0
    endloop
  endfacet
  facet normal -0.45776662342050056 -0.028800234792327614 0.8886057984045009
    outer loop
      vertex 1.35 0 -0.8500000000000001
      vertex 3 0 0
      vertex 2.9763441039434335 0.3759997006929128 0
    endloop
  endfacet
  facet normal -0.4505473703126334 -0.08594650746988161 0.8886057984045009
    outer loop
      vertex 1.3393548467745453 0.16919986531181075 -0.8500000000000001
      vertex 2.9763441039434335 0.3759997006929128 0
      vertex 2.9057494833858932 0.7460696614945643 0
    endloop
  endfacet
  facet normal -0.43622271603098267 -0.14173735238268023 0.8886057984045009
    outer loop
      vertex 1.307587267523652 0.33573134767255397 -0.8500000000000001
      vertex 2.9057494833858932 0.7460696614945643 0
      vertex 2.789329457664754 1.104373658054034 0
    endloop
  endfacet
  facet normal -0.41501856893070427 -0.19529291457861364 0.8886057984045009
    outer loop
      vertex 1.2551982559491395 0.4969681461243153 -0.85
      vertex 2.789329457664754 1.104373658054034 0
      vertex 2.628920040131591 1.445261022305146 0
    endloop
  endfacet
  facet normal -0.38726933107831235 -0.24576859084931085 0.8886057984045009
    outer loop
      vertex 1.183014018059216 0.6503674600373157 -0.8500000000000001
      vertex 2.628920040131591 1.445261022305146 0
      vertex 2.4270509831248424 1.7633557568774194 0
    endloop
  endfacet
  facet normal 0 0 1
    outer loop
      vertex -2.186905882264235 -2.0536413177860657 0
      vertex -2.9158745096856467 -2.738188423714754 0
      vertex -2.5496959589947585 -3.0820529711031575 0
    endloop
  endfacet
  facet normal 0 0 1
    outer loop
      vertex -2.7893294576647545 -1.1043736580540335 0
      vertex -3.23606797749979 -2.3511410091698925 0
      vertex -2.9158745096856467 -2.738188423714754 0
    endloop
  endfacet
  facet normal 0 0 1
    outer loop
      vertex -2.186905882264235 -2.0536413177860657 0
      vertex -2.4270509831248424 -1.7633557568774194 0
      vertex -2.9158745096856467 -2.738188423714754 0
    endloop
  endfacet
  facet normal 0 0 1
    outer loop
      vertex -1.9122719692460688 -2.311539728327368 0
      vertex -2.5496959589947585 -3.0820529711031575 0
      vertex -2.143307179915987 -3.37731170200806 0
    endloop
  endfacet
  facet normal 0 0 1
    outer loop
      vertex -1.9122719692460688 -2.311539728327368 0
      vertex -2.186905882264235 -2.0536413177860657 0
      vertex -2.5496959589947585 -3.0820529711031575 0
    endloop
  endfacet
  facet normal 0 0 1
    outer loop
      vertex -2.9057494833858932 -0.7460696614945646 0
      vertex -2.9763441039434335 -0.3759997006929122 0
      vertex -3.23606797749979 -2.3511410091698925 0
    endloop
  endfacet
  facet normal 0 0 1
    outer loop
      vertex -3.9684588052579115 -0.5013329342572163 0
      vertex -3.8743326445145243 -0.9947595486594194 0
      vertex -3.719105943553006 1.4724982107387115 0
    endloop
  endfacet
  facet normal 0 0 1
    outer loop
      vertex -3.8743326445145243 -0.9947595486594194 0
      vertex -3.719105943553006 -1.4724982107387115 0
      vertex -3.505226720175454 1.9270146964068615 0
    endloop
  endfacet
  facet normal 0 0 1
    outer loop
      vertex -2.9763441039434335 -0.3759997006929122 0
      vertex -3 0 0
      vertex -3.23606797749979 -2.3511410091698925 0
    endloop
  endfacet
  facet normal 0 0 1
    outer loop
      vertex -3.505226720175454 -1.9270146964068615 0
      vertex -3.23606797749979 -2.3511410091698925 0
      vertex -2.9158745096856467 2.738188423714754 0
    endloop
  endfacet
  facet normal 0 0 1
    outer loop
      vertex -3.505226720175454 -1.9270146964068615 0
      vertex -3.23606797749979 2.3511410091698925 0
      vertex -3.719105943553006 -1.4724982107387115 0
    endloop
  endfacet
  facet normal 0 0 1
    outer loop
      vertex -2.6289200401315904 -1.445261022305146 0
      vertex -2.7893294576647545 -1.1043736580540335 0
      vertex -2.9158745096856467 -2.738188423714754 0
    endloop
  endfacet
  facet normal 0 0 1
    outer loop
      vertex -2.6289200401315904 -1.445261022305146 0
      vertex -2.9158745096856467 -2.738188423714754 0
      vertex -2.4270509831248424 -1.7633557568774194 0
    endloop
  endfacet
  facet normal 0 0 1
    outer loop
      vertex -2.9057494833858932 -0.7460696614945646 0
      vertex -3.23606797749979 -2.3511410091698925 0
      vertex -2.7893294576647545 -1.1043736580540335 0
    endloop
  endfacet
  facet normal 0 0 1
    outer loop
      vertex -1.6074803849369903 -2.532983776506045 0
      vertex -2.143307179915987 -3.37731170200806 0
      vertex -1.7031171662602897 -3.6193082098640783 0
    endloop
  endfacet
  facet normal 0 0 1
    outer loop
      vertex -1.2773378746952173 -2.7144811573980587 0
      vertex -1.7031171662602897 -3.6193082098640783 0
      vertex -1.2360679774997896 -3.804226065180614 0
    endloop
  endfacet
  facet normal 0 0 1
    outer loop
      vertex -1.2773378746952173 -2.7144811573980587 0
      vertex -1.2360679774997896 -3.804226065180614 0
      vertex -0.9270509831248421 -2.8531695488854605 0
    endloop
  endfacet
  facet normal 0 0 1
    outer loop
      vertex -1.6074803849369903 -2.532983776506045 0
      vertex -1.9122719692460688 -2.311539728327368 0
      vertex -2.143307179915987 -3.37731170200806 0
    endloop
  endfacet
  facet normal 0 0 1
    outer loop
      vertex -1.6074803849369903 -2.532983776506045 0
      vertex -1.7031171662602897 -3.6193082098640783 0
      vertex -1.2773378746952173 -2.7144811573980587 0
    endloop
  endfacet
  facet normal 0 0 1
    outer loop
      vertex -0.5621439437571745 -2.9468617521860656 0
      vertex -1.2360679774997896 -3.804226065180614 0
      vertex -0.7495252583428993 -3.9291490029147544 0
    endloop
  endfacet
  facet normal 0 0 1
    outer loop
      vertex -0.9270509831248421 -2.8531695488854605 0
      vertex -1.2360679774997896 -3.804226065180614 0
      vertex -0.5621439437571745 -2.9468617521860656 0
    endloop
  endfacet
  facet normal 0 0 1
    outer loop
      vertex -0.5621439437571745 -2.9468617521860656 0
      vertex -0.7495252583428993 -3.9291490029147544 0
      vertex -0.18837155858794175 -2.9940801852848145 0
    endloop
  endfacet
  facet normal 0 0 1
    outer loop
      vertex -0.18837155858794175 -2.9940801852848145 0
      vertex -0.7495252583428993 -3.9291490029147544 0
      vertex -0.25116207811725527 -3.9921069137130862 0
    endloop
  endfacet
  facet normal 0 0 1
    outer loop
      vertex -0.18837155858794175 -2.9940801852848145 0
      vertex -0.25116207811725527 -3.9921069137130862 0
      vertex 0.1883715585879413 -2.9940801852848145 0
    endloop
  endfacet
  facet normal 0 0 1
    outer loop
      vertex -4 0 0
      vertex -3.9684588052579115 -0.5013329342572163 0
      vertex -3.719105943553006 1.4724982107387115 0
    endloop
  endfacet
  facet normal 0 0 1
    outer loop
      vertex -4 0 0
      vertex -3.8743326445145243 0.9947595486594194 0
      vertex -3.9684588052579115 0.5013329342572163 0
    endloop
  endfacet
  facet normal 0 0 1
    outer loop
      vertex -4 0 0
      vertex -3.719105943553006 1.4724982107387115 0
      vertex -3.8743326445145243 0.9947595486594194 0
    endloop
  endfacet
  facet normal 0 0 1
    outer loop
      vertex -3.8743326445145243 -0.9947595486594194 0
      vertex -3.505226720175454 1.9270146964068615 0
      vertex -3.719105943553006 1.4724982107387115 0
    endloop
  endfacet
  facet normal 0 0 1
    outer loop
      vertex -3 0 0
      vertex -2.9158745096856467 2.738188423714754 0
      vertex -3.23606797749979 -2.3511410091698925 0
    endloop
  endfacet
  facet normal 0 0 1
    outer loop
      vertex -3.23606797749979 2.3511410091698925 0
      vertex -3.505226720175454 1.9270146964068615 0
      vertex -3.719105943553006 -1.4724982107387115 0
    endloop
  endfacet
  facet normal 0 0 1
    outer loop
      vertex -3.505226720175454 -1.9270146964068615 0
      vertex -2.9158745096856467 2.738188423714754 0
      vertex -3.23606797749979 2.3511410091698925 0
    endloop
  endfacet
  facet normal 0 0 1
    outer loop
      vertex -3 0 0
      vertex -2.9763441039434335 0.3759997006929122 0
      vertex -2.9158745096856467 2.738188423714754 0
    endloop
  endfacet
  facet normal 0 0 1
    outer loop
      vertex -2.9763441039434335 0.3759997006929122 0
      vertex -2.9057494833858932 0.7460696614945646 0
      vertex -2.9158745096856467 2.738188423714754 0
    endloop
  endfacet
  facet normal 0 0 1
    outer loop
      vertex -2.9057494833858932 0.7460696614945646 0
      vertex -2.7893294576647545 1.1043736580540335 0
      vertex -2.9158745096856467 2.738188423714754 0
    endloop
  endfacet
  facet normal 0 0 1
    outer loop
      vertex -2.7893294576647545 1.1043736580540335 0
      vertex -2.6289200401315904 1.445261022305146 0
      vertex -2.5496959589947585 3.0820529711031575 0
    endloop
  endfacet
  facet normal 0 0 1
    outer loop
      vertex -2.7893294576647545 1.1043736580540335 0
      vertex -2.5496959589947585 3.0820529711031575 0
      vertex -2.9158745096856467 2.738188423714754 0
    endloop
  endfacet
  facet normal 0 0 1
    outer loop
      vertex -2.6289200401315904 1.445261022305146 0
      vertex -2.4270509831248424 1.7633557568774194 0
      vertex -2.5496959589947585 3.0820529711031575 0
    endloop
  endfacet
  facet normal 0 0 1
    outer loop
      vertex -2.4270509831248424 1.7633557568774194 0
      vertex -2.186905882264235 2.0536413177860657 0
      vertex -2.5496959589947585 3.0820529711031575 0
    endloop
  endfacet
  facet normal 0 0 1
    outer loop
      vertex -2.186905882264235 2.0536413177860657 0
      vertex -2.143307179915987 3.37731170200806 0
      vertex -2.5496959589947585 3.0820529711031575 0
    endloop
  endfacet
  facet normal 0 0 1
    outer loop
      vertex -2.186905882264235 2.0536413177860657 0
      vertex -1.9122719692460688 2.311539728327368 0
      vertex -2.143307179915987 3.37731170200806 0
    endloop
  endfacet
  facet normal 0 0 1
    outer loop
      vertex -1.9122719692460688 2.311539728327368 0
      vertex -1.6074803849369903 2.532983776506045 0
      vertex -1.7031171662602909 3.619308209864078 0
    endloop
  endfacet
  facet normal 0 0 1
    outer loop
      vertex -1.9122719692460688 2.311539728327368 0
      vertex -1.7031171662602909 3.619308209864078 0
      vertex -2.143307179915987 3.37731170200806 0
    endloop
  endfacet
  facet normal 0 0 1
    outer loop
      vertex -1.6074803849369903 2.532983776506045 0
      vertex -1.2360679774997896 3.804226065180614 0
      vertex -1.7031171662602909 3.619308209864078 0
    endloop
  endfacet
  facet normal 0 0 1
    outer loop
      vertex -1.6074803849369903 2.532983776506045 0
      vertex -1.2773378746952182 2.7144811573980583 0
      vertex -1.2360679774997896 3.804226065180614 0
    endloop
  endfacet
  facet normal 0 0 1
    outer loop
      vertex -1.2773378746952182 2.7144811573980583 0
      vertex -0.9270509831248421 2.8531695488854605 0
      vertex -1.2360679774997896 3.804226065180614 0
    endloop
  endfacet
  facet normal 0 0 1
    outer loop
      vertex -0.9270509831248421 2.8531695488854605 0
      vertex -0.5621439437571737 2.946861752186066 0
      vertex -0.7495252583428983 3.929149002914755 0
    endloop
  endfacet
  facet normal 0 0 1
    outer loop
      vertex -0.9270509831248421 2.8531695488854605 0
      vertex -0.7495252583428983 3.929149002914755 0
      vertex -1.2360679774997896 3.804226065180614 0
    endloop
  endfacet
  facet normal 0 0 1
    outer loop
      vertex -0.5621439437571737 2.946861752186066 0
      vertex -0.2511620781172531 3.9921069137130862 0
      vertex -0.7495252583428983 3.929149002914755 0
    endloop
  endfacet
  facet normal 0 0 1
    outer loop
      vertex -0.5621439437571737 2.946861752186066 0
      vertex -0.18837155858793983 2.9940801852848145 0
      vertex -0.2511620781172531 3.9921069137130862 0
    endloop
  endfacet
  facet normal 0 0 1
    outer loop
      vertex -0.18837155858793983 2.9940801852848145 0
      vertex 0.2511620781172531 3.9921069137130862 0
      vertex -0.2511620781172531 3.9921069137130862 0
    endloop
  endfacet
  facet normal 0 0 1
    outer loop
      vertex 0.1883715585879413 -2.9940801852848145 0
      vertex -0.25116207811725527 -3.9921069137130862 0
      vertex 0.25116207811725505 -3.9921069137130862 0
    endloop
  endfacet
  facet normal 0 0 1
    outer loop
      vertex 0.1883715585879413 -2.9940801852848145 0
      vertex 0.25116207811725505 -3.9921069137130862 0
      vertex 0.5621439437571745 -2.9468617521860656 0
    endloop
  endfacet
  facet normal 0 0 1
    outer loop
      vertex 0.5621439437571745 -2.9468617521860656 0
      vertex 0.25116207811725505 -3.9921069137130862 0
      vertex 0.7495252583428993 -3.9291490029147544 0
    endloop
  endfacet
  facet normal 0 0 1
    outer loop
      vertex 0.9270509831248421 -2.8531695488854605 0
      vertex 0.7495252583428993 -3.9291490029147544 0
      vertex 1.2360679774997896 -3.804226065180614 0
    endloop
  endfacet
  facet normal 0 0 1
    outer loop
      vertex 0.5621439437571745 -2.9468617521860656 0
      vertex 0.7495252583428993 -3.9291490029147544 0
      vertex 0.9270509831248421 -2.8531695488854605 0
    endloop
  endfacet
  facet normal 0 0 1
    outer loop
      vertex 0.9270509831248421 -2.8531695488854605 0
      vertex 1.2360679774997896 -3.804226065180614 0
      vertex 1.2773378746952173 -2.7144811573980587 0
    endloop
  endfacet
  facet normal 0 0 1
    outer loop
      vertex 1.2773378746952173 -2.7144811573980587 0
      vertex 1.2360679774997896 -3.804226065180614 0
      vertex 1.6074803849369887 -2.532983776506046 0
    endloop
  endfacet
  facet normal 0 0 1
    outer loop
      vertex 1.6074803849369887 -2.532983776506046 0
      vertex 1.2360679774997896 -3.804226065180614 0
      vertex 1.7031171662602897 -3.6193082098640783 0
    endloop
  endfacet
  facet normal 0 0 1
    outer loop
      vertex 1.91227196924607 -2.311539728327367 0
      vertex 1.7031171662602897 -3.6193082098640783 0
      vertex 2.143307179915985 -3.377311702008061 0
    endloop
  endfacet
  facet normal 0 0 1
    outer loop
      vertex 1.6074803849369887 -2.532983776506046 0
      vertex 1.7031171662602897 -3.6193082098640783 0
      vertex 1.91227196924607 -2.311539728327367 0
    endloop
  endfacet
  facet normal 0 0 1
    outer loop
      vertex 1.91227196924607 -2.311539728327367 0
      vertex 2.143307179915985 -3.377311702008061 0
      vertex 2.186905882264235 -2.0536413177860657 0
    endloop
  endfacet
  facet normal 0 0 1
    outer loop
      vertex 2.186905882264235 -2.0536413177860657 0
      vertex 2.143307179915985 -3.377311702008061 0
      vertex 2.54969595899476 -3.082052971103156 0
    endloop
  endfacet
  facet normal 0 0 1
    outer loop
      vertex 2.186905882264235 -2.0536413177860657 0
      vertex 2.54969595899476 -3.082052971103156 0
      vertex 2.4270509831248424 -1.7633557568774194 0
    endloop
  endfacet
  facet normal 0 0 1
    outer loop
      vertex 2.4270509831248424 -1.7633557568774194 0
      vertex 2.54969595899476 -3.082052971103156 0
      vertex 2.6289200401315904 -1.445261022305146 0
    endloop
  endfacet
  facet normal 0 0 1
    outer loop
      vertex 2.7893294576647536 -1.104373658054035 0
      vertex 2.54969595899476 -3.082052971103156 0
      vertex 2.9158745096856467 -2.738188423714754 0
    endloop
  endfacet
  facet normal 0 0 1
    outer loop
      vertex 2.6289200401315904 -1.445261022305146 0
      vertex 2.54969595899476 -3.082052971103156 0
      vertex 2.7893294576647536 -1.104373658054035 0
    endloop
  endfacet
  facet normal 0 0 1
    outer loop
      vertex 2.7893294576647536 -1.104373658054035 0
      vertex 2.9158745096856467 -2.738188423714754 0
      vertex 2.9057494833858937 -0.7460696614945633 0
    endloop
  endfacet
  facet normal 0 0 1
    outer loop
      vertex 2.9057494833858937 -0.7460696614945633 0
      vertex 2.9158745096856467 -2.738188423714754 0
      vertex 2.9763441039434335 -0.3759997006929122 0
    endloop
  endfacet
  facet normal 0 0 1
    outer loop
      vertex 2.9763441039434335 -0.3759997006929122 0
      vertex 2.9158745096856467 -2.738188423714754 0
      vertex 3 0 0
    endloop
  endfacet
  facet normal 0 0 1
    outer loop
      vertex 3.23606797749979 -2.3511410091698925 0
      vertex 3.5052267201754543 1.9270146964068613 0
      vertex 2.9158745096856467 -2.738188423714754 0
    endloop
  endfacet
  facet normal 0 0 1
    outer loop
      vertex 3.23606797749979 -2.3511410091698925 0
      vertex 3.505226720175454 -1.9270146964068615 0
      vertex 3.7191059435530054 1.472498210738712 0
    endloop
  endfacet
  facet normal 0 0 1
    outer loop
      vertex 3 0 0
      vertex 2.9158745096856467 -2.738188423714754 0
      vertex 3.23606797749979 2.3511410091698925 0
    endloop
  endfacet
  facet normal 0 0 1
    outer loop
      vertex 3.505226720175454 -1.9270146964068615 0
      vertex 3.719105943553005 -1.4724982107387135 0
      vertex 3.8743326445145243 0.9947595486594192 0
    endloop
  endfacet
  facet normal 0 0 1
    outer loop
      vertex 3.719105943553005 -1.4724982107387135 0
      vertex 3.8743326445145247 -0.9947595486594177 0
      vertex 4 0 0
    endloop
  endfacet
  facet normal 0 0 1
    outer loop
      vertex 3.8743326445145247 -0.9947595486594177 0
      vertex 3.9684588052579115 -0.5013329342572163 0
      vertex 4 0 0
    endloop
  endfacet
  facet normal 0 0 1
    outer loop
      vertex 3.719105943553005 -1.4724982107387135 0
      vertex 4 0 0
      vertex 3.9684588052579115 0.501332934257217 0
    endloop
  endfacet
  facet normal 0 0 1
    outer loop
      vertex -0.18837155858793983 2.9940801852848145 0
      vertex 0.18837155858793983 2.9940801852848145 0
      vertex 0.2511620781172531 3.9921069137130862 0
    endloop
  endfacet
  facet normal 0 0 1
    outer loop
      vertex 0.18837155858793983 2.9940801852848145 0
      vertex 0.7495252583428984 3.929149002914755 0
      vertex 0.2511620781172531 3.9921069137130862 0
    endloop
  endfacet
  facet normal 0 0 1
    outer loop
      vertex 0.18837155858793983 2.9940801852848145 0
      vertex 0.5621439437571737 2.946861752186066 0
      vertex 0.7495252583428984 3.929149002914755 0
    endloop
  endfacet
  facet normal 0 0 1
    outer loop
      vertex 0.5621439437571737 2.946861752186066 0
      vertex 0.9270509831248421 2.8531695488854605 0
      vertex 1.2360679774997896 3.804226065180614 0
    endloop
  endfacet
  facet normal 0 0 1
    outer loop
      vertex 0.5621439437571737 2.946861752186066 0
      vertex 1.2360679774997896 3.804226065180614 0
      vertex 0.7495252583428984 3.929149002914755 0
    endloop
  endfacet
  facet normal 0 0 1
    outer loop
      vertex 1.2773378746952182 2.7144811573980583 0
      vertex 1.60748038493699 2.532983776506045 0
      vertex 1.7031171662602909 3.619308209864078 0
    endloop
  endfacet
  facet normal 0 0 1
    outer loop
      vertex 1.9122719692460692 2.3115397283273675 0
      vertex 2.1433071799159866 3.3773117020080603 0
      vertex 1.60748038493699 2.532983776506045 0
    endloop
  endfacet
  facet normal 0 0 1
    outer loop
      vertex 0.9270509831248421 2.8531695488854605 0
      vertex 1.2773378746952182 2.7144811573980583 0
      vertex 1.2360679774997896 3.804226065180614 0
    endloop
  endfacet
  facet normal 0 0 1
    outer loop
      vertex 1.2773378746952182 2.7144811573980583 0
      vertex 1.7031171662602909 3.619308209864078 0
      vertex 1.2360679774997896 3.804226065180614 0
    endloop
  endfacet
  facet normal 0 0 1
    outer loop
      vertex 1.60748038493699 2.532983776506045 0
      vertex 2.1433071799159866 3.3773117020080603 0
      vertex 1.7031171662602909 3.619308209864078 0
    endloop
  endfacet
  facet normal 0 0 1
    outer loop
      vertex 2.789329457664754 1.104373658054034 0
      vertex 2.9057494833858932 0.7460696614945643 0
      vertex 3.23606797749979 2.3511410091698925 0
    endloop
  endfacet
  facet normal 0 0 1
    outer loop
      vertex 2.4270509831248424 1.7633557568774194 0
      vertex 2.628920040131591 1.445261022305146 0
      vertex 2.915874509685646 2.738188423714755 0
    endloop
  endfacet
  facet normal 0 0 1
    outer loop
      vertex 2.789329457664754 1.104373658054034 0
      vertex 2.915874509685646 2.738188423714755 0
      vertex 2.628920040131591 1.445261022305146 0
    endloop
  endfacet
  facet normal 0 0 1
    outer loop
      vertex 3.5052267201754543 1.9270146964068613 0
      vertex 3.23606797749979 -2.3511410091698925 0
      vertex 3.7191059435530054 1.472498210738712 0
    endloop
  endfacet
  facet normal 0 0 1
    outer loop
      vertex 3.5052267201754543 1.9270146964068613 0
      vertex 3.23606797749979 2.3511410091698925 0
      vertex 2.9158745096856467 -2.738188423714754 0
    endloop
  endfacet
  facet normal 0 0 1
    outer loop
      vertex 3 0 0
      vertex 3.23606797749979 2.3511410091698925 0
      vertex 2.9763441039434335 0.3759997006929128 0
    endloop
  endfacet
  facet normal 0 0 1
    outer loop
      vertex 3.8743326445145243 0.9947595486594192 0
      vertex 3.7191059435530054 1.472498210738712 0
      vertex 3.505226720175454 -1.9270146964068615 0
    endloop
  endfacet
  facet normal 0 0 1
    outer loop
      vertex 3.719105943553005 -1.4724982107387135 0
      vertex 3.9684588052579115 0.501332934257217 0
      vertex 3.8743326445145243 0.9947595486594192 0
    endloop
  endfacet
  facet normal 0 0 1
    outer loop
      vertex 2.9763441039434335 0.3759997006929128 0
      vertex 3.23606797749979 2.3511410091698925 0
      vertex 2.9057494833858932 0.7460696614945643 0
    endloop
  endfacet
  facet normal 0 0 1
    outer loop
      vertex 2.1869058822642344 2.053641317786066 0
      vertex 2.549695958994759 3.0820529711031566 0
      vertex 1.9122719692460692 2.3115397283273675 0
    endloop
  endfacet
  facet normal 0 0 1
    outer loop
      vertex 1.9122719692460692 2.3115397283273675 0
      vertex 2.549695958994759 3.0820529711031566 0
      vertex 2.1433071799159866 3.3773117020080603 0
    endloop
  endfacet
  facet normal 0 0 1
    outer loop
      vertex 2.4270509831248424 1.7633557568774194 0
      vertex 2.915874509685646 2.738188423714755 0
      vertex 2.1869058822642344 2.053641317786066 0
    endloop
  endfacet
  facet normal 0 0 1
    outer loop
      vertex 2.789329457664754 1.104373658054034 0
      vertex 3.23606797749979 2.3511410091698925 0
      vertex 2.915874509685646 2.738188423714755 0
    endloop
  endfacet
  facet normal 0 0 1
    outer loop
      vertex 2.1869058822642344 2.053641317786066 0
      vertex 2.915874509685646 2.738188423714755 0
      vertex 2.549695958994759 3.0820529711031566 0
    endloop
  endfacet
  facet normal -0.8443279255020154 -0.5358267949789962 0
    outer loop
      vertex -3.23606797749979 -2.3511410091698925 -0.8500000000000001
      vertex -3.505226720175454 -1.9270146964068615 0
      vertex -3.505226720175454 -1.9270146964068615 -0.8500000000000001
    endloop
  endfacet
  facet normal -0.7705132427757891 -0.6374239897486899 0
    outer loop
      vertex -3.23606797749979 -2.3511410091698925 -0.8500000000000001
      vertex -2.9158745096856467 -2.738188423714754 -0.8500000000000001
      vertex -3.23606797749979 -2.3511410091698925 0
    endloop
  endfacet
  facet normal -0.5877852522924727 -0.8090169943749478 0
    outer loop
      vertex -2.5496959589947585 -3.0820529711031575 -0.8500000000000001
      vertex -2.143307179915987 -3.37731170200806 -0.8500000000000001
      vertex -2.5496959589947585 -3.0820529711031575 0
    endloop
  endfacet
  facet normal -0.6845471059286892 -0.7289686274214111 0
    outer loop
      vertex -2.5496959589947585 -3.0820529711031575 -0.8500000000000001
      vertex -2.9158745096856467 -2.738188423714754 0
      vertex -2.9158745096856467 -2.738188423714754 -0.8500000000000001
    endloop
  endfacet
  facet normal 0 0 -1
    outer loop
      vertex -3.719105943553006 -1.4724982107387115 -0.8500000000000001
      vertex -3.8743326445145243 -0.9947595486594194 -0.8500000000000001
      vertex -3.719105943553006 1.4724982107387115 -0.8500000000000001
    endloop
  endfacet
  facet normal 0 0 -1
    outer loop
      vertex -3.8743326445145243 -0.9947595486594194 -0.8500000000000001
      vertex -3.9684588052579115 -0.5013329342572163 -0.8500000000000001
      vertex -3.8743326445145243 0.9947595486594194 -0.8500000000000001
    endloop
  endfacet
  facet normal 0 0 -1
    outer loop
      vertex -3.505226720175454 -1.9270146964068615 -0.8500000000000001
      vertex -3.719105943553006 -1.4724982107387115 -0.8500000000000001
      vertex -3.505226720175454 1.9270146964068615 -0.8500000000000001
    endloop
  endfacet
  facet normal 0 0 -1
    outer loop
      vertex -3.23606797749979 -2.3511410091698925 -0.8500000000000001
      vertex -3.505226720175454 -1.9270146964068615 -0.8500000000000001
      vertex -3.23606797749979 2.3511410091698925 -0.8500000000000001
    endloop
  endfacet
  facet normal 0 0 -1
    outer loop
      vertex -3.23606797749979 -2.3511410091698925 -0.8500000000000001
      vertex -2.9158745096856467 2.738188423714754 -0.8500000000000001
      vertex -2.9158745096856467 -2.738188423714754 -0.8500000000000001
    endloop
  endfacet
  facet normal 0 0 -1
    outer loop
      vertex -2.5496959589947585 -3.0820529711031575 -0.8500000000000001
      vertex -2.143307179915987 3.37731170200806 -0.8500000000000001
      vertex -2.143307179915987 -3.37731170200806 -0.8500000000000001
    endloop
  endfacet
  facet normal 0 0 -1
    outer loop
      vertex -2.5496959589947585 -3.0820529711031575 -0.8500000000000001
      vertex -2.9158745096856467 -2.738188423714754 -0.8500000000000001
      vertex -2.5496959589947585 3.0820529711031575 -0.8500000000000001
    endloop
  endfacet
  facet normal -0.9048270524660192 -0.42577929156507316 0
    outer loop
      vertex -3.505226720175454 -1.9270146964068615 -0.8500000000000001
      vertex -3.719105943553006 -1.4724982107387115 0
      vertex -3.719105943553006 -1.4724982107387115 -0.8500000000000001
    endloop
  endfacet
  facet normal -0.9510565162951536 -0.30901699437494706 0
    outer loop
      vertex -3.719105943553006 -1.4724982107387115 -0.8500000000000001
      vertex -3.8743326445145243 -0.9947595486594194 0
      vertex -3.8743326445145243 -0.9947595486594194 -0.8500000000000001
    endloop
  endfacet
  facet normal -0.9822872507286886 -0.18738131458572496 0
    outer loop
      vertex -3.8743326445145243 -0.9947595486594194 -0.8500000000000001
      vertex -3.9684588052579115 -0.5013329342572163 0
      vertex -3.9684588052579115 -0.5013329342572163 -0.8500000000000001
    endloop
  endfacet
  facet normal -0.9980267284282716 -0.06279051952931311 0
    outer loop
      vertex -3.9684588052579115 -0.5013329342572163 -0.8500000000000001
      vertex -4 0 0
      vertex -4 0 -0.8500000000000001
    endloop
  endfacet
  facet normal 1.3845266133796892e-17 3.496915051763972e-17 -1
    outer loop
      vertex -1.7031171662602897 -3.6193082098640783 -0.8500000000000001
      vertex -1.1830140180592157 -0.6503674600373158 -0.85
      vertex -1.2360679774997896 -3.804226065180614 -0.8500000000000001
    endloop
  endfacet
  facet normal 0 0 -1
    outer loop
      vertex -0.7495252583428993 -3.9291490029147544 -0.8500000000000001
      vertex -0.08476720136457358 -1.3473360833781667 -0.8500000000000001
      vertex -0.25116207811725505 -3.9921069137130862 -0.8500000000000001
    endloop
  endfacet
  facet normal 0 0 -1
    outer loop
      vertex -0.25116207811725505 -3.9921069137130862 -0.8500000000000001
      vertex -0.08476720136457358 -1.3473360833781667 -0.8500000000000001
      vertex 0.25116207811725505 -3.9921069137130862 -0.8500000000000001
    endloop
  endfacet
  facet normal 0 0 -1
    outer loop
      vertex -1.2360679774997896 -3.804226065180614 -0.8500000000000001
      vertex -0.7233661732216456 -1.1398426994277202 -0.8500000000000001
      vertex -0.7495252583428993 -3.9291490029147544 -0.8500000000000001
    endloop
  endfacet
  facet normal 0 0 -1
    outer loop
      vertex -0.7495252583428993 -3.9291490029147544 -0.8500000000000001
      vertex -0.7233661732216456 -1.1398426994277202 -0.8500000000000001
      vertex -0.5748020436128478 -1.2215165208291265 -0.8500000000000001
    endloop
  endfacet
  facet normal 6.867795185903165e-16 -4.431780387212182e-17 -1
    outer loop
      vertex -0.7495252583428993 -3.9291490029147544 -0.8500000000000001
      vertex -0.5748020436128478 -1.2215165208291265 -0.8500000000000001
      vertex -0.417172942406179 -1.2839262969984573 -0.85
    endloop
  endfacet
  facet normal -6.445382923591552e-16 1.229522549880423e-16 -1
    outer loop
      vertex -0.7495252583428993 -3.9291490029147544 -0.8500000000000001
      vertex -0.417172942406179 -1.2839262969984573 -0.85
      vertex -0.25296477469072853 -1.3260877884837297 -0.8500000000000001
    endloop
  endfacet
  facet normal 0 0 -1
    outer loop
      vertex -0.7495252583428993 -3.9291490029147544 -0.8500000000000001
      vertex -0.25296477469072853 -1.3260877884837297 -0.8500000000000001
      vertex -0.08476720136457358 -1.3473360833781667 -0.8500000000000001
    endloop
  endfacet
  facet normal -0.3681245526846778 -0.9297764858882515 0
    outer loop
      vertex -1.7031171662602897 -3.6193082098640783 -0.8500000000000001
      vertex -1.2360679774997896 -3.804226065180614 -0.8500000000000001
      vertex -1.7031171662602897 -3.6193082098640783 0
    endloop
  endfacet
  facet normal -0.48175367410171505 -0.8763066800438637 0
    outer loop
      vertex -2.143307179915987 -3.37731170200806 -0.8500000000000001
      vertex -1.7031171662602897 -3.6193082098640783 -0.8500000000000001
      vertex -2.143307179915987 -3.37731170200806 0
    endloop
  endfacet
  facet normal -0.24868988716485502 -0.9685831611286311 0
    outer loop
      vertex -1.2360679774997896 -3.804226065180614 -0.8500000000000001
      vertex -0.7495252583428993 -3.9291490029147544 -0.8500000000000001
      vertex -1.2360679774997896 -3.804226065180614 0
    endloop
  endfacet
  facet normal -0.12533323356430495 -0.9921147013144777 0
    outer loop
      vertex -0.7495252583428993 -3.9291490029147544 -0.8500000000000001
      vertex -0.25116207811725505 -3.9921069137130862 -0.8500000000000001
      vertex -0.7495252583428993 -3.9291490029147544 0
    endloop
  endfacet
  facet normal 0 -1 0
    outer loop
      vertex -0.25116207811725505 -3.9921069137130862 -0.8500000000000001
      vertex 0.25116207811725505 -3.9921069137130862 -0.8500000000000001
      vertex -0.25116207811725527 -3.9921069137130862 0
    endloop
  endfacet
  facet normal 0 0 -1
    outer loop
      vertex -2.143307179915987 -3.37731170200806 -0.8500000000000001
      vertex -1.7031171662602909 3.619308209864078 -0.8500000000000001
      vertex -1.7031171662602897 -3.6193082098640783 -0.8500000000000001
    endloop
  endfacet
  facet normal 1.178701902342905e-15 -1.6909204663849127e-16 -1
    outer loop
      vertex -1.7031171662602897 -3.6193082098640783 -0.8500000000000001
      vertex -1.2551982559491395 -0.49696814612431517 -0.8500000000000001
      vertex -1.1830140180592157 -0.6503674600373158 -0.85
    endloop
  endfacet
  facet normal -1.1365631462986687e-15 5.4321229635503e-17 -1
    outer loop
      vertex -1.2360679774997896 -3.804226065180614 -0.8500000000000001
      vertex -1.1830140180592157 -0.6503674600373158 -0.85
      vertex -1.0921729424061792 -0.7935100905948388 -0.8500000000000001
    endloop
  endfacet
  facet normal -7.96696012514341e-16 1.082460501912437e-16 -1
    outer loop
      vertex -1.2360679774997896 -3.804226065180614 -0.8500000000000001
      vertex -0.9841076470189059 -0.9241385930037296 -0.85
      vertex -0.8605223861607311 -1.0401928777473157 -0.8500000000000001
    endloop
  endfacet
  facet normal 9.712507213169682e-16 -4.642023950725804e-17 -1
    outer loop
      vertex -1.2360679774997896 -3.804226065180614 -0.8500000000000001
      vertex -1.0921729424061792 -0.7935100905948388 -0.8500000000000001
      vertex -0.9841076470189059 -0.9241385930037296 -0.85
    endloop
  endfacet
  facet normal 1.0864241592504436e-16 2.0724649231375277e-17 -1
    outer loop
      vertex -1.7031171662602897 -3.6193082098640783 -0.8500000000000001
      vertex -1.3393548467745453 -0.1691998653118105 -0.85
      vertex -1.307587267523652 -0.3357313476725541 -0.85
    endloop
  endfacet
  facet normal -1.4701158680101118e-15 2.108971746150913e-16 -1
    outer loop
      vertex -1.7031171662602897 -3.6193082098640783 -0.8500000000000001
      vertex -1.307587267523652 -0.3357313476725541 -0.85
      vertex -1.2551982559491395 -0.49696814612431517 -0.8500000000000001
    endloop
  endfacet
  facet normal 1.911459605699729e-16 1.2025884506138955e-17 -1
    outer loop
      vertex -1.7031171662602897 -3.6193082098640783 -0.8500000000000001
      vertex -1.35 0 -0.85
      vertex -1.3393548467745453 -0.1691998653118105 -0.85
    endloop
  endfacet
  facet normal 8.852775807337826e-16 -5.56969444189813e-17 -1
    outer loop
      vertex -1.7031171662602897 -3.6193082098640783 -0.8500000000000001
      vertex -1.3393548467745453 0.1691998653118105 -0.85
      vertex -1.35 0 -0.85
    endloop
  endfacet
  facet normal 0 0 -1
    outer loop
      vertex -1.2360679774997896 -3.804226065180614 -0.8500000000000001
      vertex -0.8605223861607311 -1.0401928777473157 -0.8500000000000001
      vertex -0.7233661732216456 -1.1398426994277202 -0.8500000000000001
    endloop
  endfacet
  facet normal -0.7705132427757891 -0.6374239897486899 0
    outer loop
      vertex -2.9158745096856467 -2.738188423714754 -0.8500000000000001
      vertex -2.9158745096856467 -2.738188423714754 0
      vertex -3.23606797749979 -2.3511410091698925 0
    endloop
  endfacet
  facet normal -0.8443279255020154 -0.5358267949789962 0
    outer loop
      vertex -3.23606797749979 -2.3511410091698925 -0.8500000000000001
      vertex -3.23606797749979 -2.3511410091698925 0
      vertex -3.505226720175454 -1.9270146964068615 0
    endloop
  endfacet
  facet normal -0.5877852522924727 -0.8090169943749478 0
    outer loop
      vertex -2.143307179915987 -3.37731170200806 -0.8500000000000001
      vertex -2.143307179915987 -3.37731170200806 0
      vertex -2.5496959589947585 -3.0820529711031575 0
    endloop
  endfacet
  facet normal -0.6845471059286892 -0.7289686274214111 0
    outer loop
      vertex -2.5496959589947585 -3.0820529711031575 -0.8500000000000001
      vertex -2.5496959589947585 -3.0820529711031575 0
      vertex -2.9158745096856467 -2.738188423714754 0
    endloop
  endfacet
  facet normal -0.9048270524660192 -0.42577929156507316 0
    outer loop
      vertex -3.505226720175454 -1.9270146964068615 -0.8500000000000001
      vertex -3.505226720175454 -1.9270146964068615 0
      vertex -3.719105943553006 -1.4724982107387115 0
    endloop
  endfacet
  facet normal -0.9510565162951536 -0.30901699437494706 0
    outer loop
      vertex -3.719105943553006 -1.4724982107387115 -0.8500000000000001
      vertex -3.719105943553006 -1.4724982107387115 0
      vertex -3.8743326445145243 -0.9947595486594194 0
    endloop
  endfacet
  facet normal -0.9822872507286886 -0.18738131458572496 0
    outer loop
      vertex -3.8743326445145243 -0.9947595486594194 -0.8500000000000001
      vertex -3.8743326445145243 -0.9947595486594194 0
      vertex -3.9684588052579115 -0.5013329342572163 0
    endloop
  endfacet
  facet normal -0.9980267284282716 -0.06279051952931311 0
    outer loop
      vertex -3.9684588052579115 -0.5013329342572163 -0.8500000000000001
      vertex -3.9684588052579115 -0.5013329342572163 0
      vertex -4 0 0
    endloop
  endfacet
  facet normal -0.48175367410171505 -0.8763066800438637 0
    outer loop
      vertex -1.7031171662602897 -3.6193082098640783 -0.8500000000000001
      vertex -1.7031171662602897 -3.6193082098640783 0
      vertex -2.143307179915987 -3.37731170200806 0
    endloop
  endfacet
  facet normal -0.3681245526846778 -0.9297764858882515 0
    outer loop
      vertex -1.2360679774997896 -3.804226065180614 -0.8500000000000001
      vertex -1.2360679774997896 -3.804226065180614 0
      vertex -1.7031171662602897 -3.6193082098640783 0
    endloop
  endfacet
  facet normal -0.24868988716485502 -0.9685831611286311 0
    outer loop
      vertex -0.7495252583428993 -3.9291490029147544 -0.8500000000000001
      vertex -0.7495252583428993 -3.9291490029147544 0
      vertex -1.2360679774997896 -3.804226065180614 0
    endloop
  endfacet
  facet normal -0.125333233564305 -0.9921147013144777 -3.27406686244268e-17
    outer loop
      vertex -0.25116207811725505 -3.9921069137130862 -0.8500000000000001
      vertex -0.25116207811725527 -3.9921069137130862 0
      vertex -0.7495252583428993 -3.9291490029147544 0
    endloop
  endfacet
  facet normal 0 0 -1
    outer loop
      vertex -3.9684588052579115 -0.5013329342572163 -0.8500000000000001
      vertex -4 0 -0.8500000000000001
      vertex -3.9684588052579115 0.5013329342572163 -0.8500000000000001
    endloop
  endfacet
  facet normal 0 0 -1
    outer loop
      vertex -3.9684588052579115 -0.5013329342572163 -0.8500000000000001
      vertex -3.9684588052579115 0.5013329342572163 -0.8500000000000001
      vertex -3.8743326445145243 0.9947595486594194 -0.8500000000000001
    endloop
  endfacet
  facet normal 0 0 -1
    outer loop
      vertex -3.8743326445145243 -0.9947595486594194 -0.8500000000000001
      vertex -3.8743326445145243 0.9947595486594194 -0.8500000000000001
      vertex -3.719105943553006 1.4724982107387115 -0.8500000000000001
    endloop
  endfacet
  facet normal 0 0 -1
    outer loop
      vertex -3.719105943553006 -1.4724982107387115 -0.8500000000000001
      vertex -3.719105943553006 1.4724982107387115 -0.8500000000000001
      vertex -3.505226720175454 1.9270146964068615 -0.8500000000000001
    endloop
  endfacet
  facet normal 0 0 -1
    outer loop
      vertex -3.505226720175454 -1.9270146964068615 -0.8500000000000001
      vertex -3.505226720175454 1.9270146964068615 -0.8500000000000001
      vertex -3.23606797749979 2.3511410091698925 -0.8500000000000001
    endloop
  endfacet
  facet normal 0 0 -1
    outer loop
      vertex -3.23606797749979 -2.3511410091698925 -0.8500000000000001
      vertex -3.23606797749979 2.3511410091698925 -0.8500000000000001
      vertex -2.9158745096856467 2.738188423714754 -0.8500000000000001
    endloop
  endfacet
  facet normal 0 0 -1
    outer loop
      vertex -2.9158745096856467 -2.738188423714754 -0.8500000000000001
      vertex -2.9158745096856467 2.738188423714754 -0.8500000000000001
      vertex -2.5496959589947585 3.0820529711031575 -0.8500000000000001
    endloop
  endfacet
  facet normal 0 0 -1
    outer loop
      vertex -2.5496959589947585 -3.0820529711031575 -0.8500000000000001
      vertex -2.5496959589947585 3.0820529711031575 -0.8500000000000001
      vertex -2.143307179915987 3.37731170200806 -0.8500000000000001
    endloop
  endfacet
  facet normal -0.9980267284282716 0.06279051952931311 0
    outer loop
      vertex -4 0 -0.8500000000000001
      vertex -3.9684588052579115 0.5013329342572163 0
      vertex -3.9684588052579115 0.5013329342572163 -0.8500000000000001
    endloop
  endfacet
  facet normal -0.9822872507286886 0.18738131458572496 0
    outer loop
      vertex -3.9684588052579115 0.5013329342572163 -0.8500000000000001
      vertex -3.8743326445145243 0.9947595486594194 0
      vertex -3.8743326445145243 0.9947595486594194 -0.8500000000000001
    endloop
  endfacet
  facet normal -0.9510565162951536 0.30901699437494706 0
    outer loop
      vertex -3.8743326445145243 0.9947595486594194 -0.8500000000000001
      vertex -3.719105943553006 1.4724982107387115 0
      vertex -3.719105943553006 1.4724982107387115 -0.8500000000000001
    endloop
  endfacet
  facet normal -0.9048270524660192 0.42577929156507316 0
    outer loop
      vertex -3.719105943553006 1.4724982107387115 -0.8500000000000001
      vertex -3.505226720175454 1.9270146964068615 0
      vertex -3.505226720175454 1.9270146964068615 -0.8500000000000001
    endloop
  endfacet
  facet normal -0.8443279255020154 0.5358267949789962 0
    outer loop
      vertex -3.505226720175454 1.9270146964068615 -0.8500000000000001
      vertex -3.23606797749979 2.3511410091698925 0
      vertex -3.23606797749979 2.3511410091698925 -0.8500000000000001
    endloop
  endfacet
  facet normal -0.7705132427757891 0.6374239897486899 0
    outer loop
      vertex -3.23606797749979 2.3511410091698925 -0.8500000000000001
      vertex -2.9158745096856467 2.738188423714754 0
      vertex -2.9158745096856467 2.738188423714754 -0.8500000000000001
    endloop
  endfacet
  facet normal -0.6845471059286892 0.7289686274214111 0
    outer loop
      vertex -2.9158745096856467 2.738188423714754 -0.8500000000000001
      vertex -2.5496959589947585 3.0820529711031575 0
      vertex -2.5496959589947585 3.0820529711031575 -0.8500000000000001
    endloop
  endfacet
  facet normal -0.5877852522924727 0.8090169943749478 0
    outer loop
      vertex -2.5496959589947585 3.0820529711031575 -0.8500000000000001
      vertex -2.143307179915987 3.37731170200806 0
      vertex -2.143307179915987 3.37731170200806 -0.8500000000000001
    endloop
  endfacet
  facet normal 8.852775807337995e-16 -5.569694441898296e-17 -1
    outer loop
      vertex -1.7031171662602897 -3.6193082098640783 -0.8500000000000001
      vertex -1.2360679774997896 3.804226065180614 -0.8500000000000001
      vertex -1.3393548467745453 0.1691998653118105 -0.85
    endloop
  endfacet
  facet normal 0 0 -1
    outer loop
      vertex -2.143307179915987 -3.37731170200806 -0.8500000000000001
      vertex -2.143307179915987 3.37731170200806 -0.8500000000000001
      vertex -1.7031171662602909 3.619308209864078 -0.8500000000000001
    endloop
  endfacet
  facet normal 0 0 -1
    outer loop
      vertex -1.7031171662602897 -3.6193082098640783 -0.8500000000000001
      vertex -1.7031171662602909 3.619308209864078 -0.8500000000000001
      vertex -1.2360679774997896 3.804226065180614 -0.8500000000000001
    endloop
  endfacet
  facet normal 1.8813147458671968e-16 -3.588799813584001e-17 -1
    outer loop
      vertex -1.2360679774997896 3.804226065180614 -0.8500000000000001
      vertex -1.307587267523652 0.3357313476725541 -0.85
      vertex -1.3393548467745453 0.1691998653118105 -0.85
    endloop
  endfacet
  facet normal 1.051882507229049e-16 -3.417773447215705e-17 -1
    outer loop
      vertex -1.2360679774997896 3.804226065180614 -0.8500000000000001
      vertex -1.2551982559491395 0.49696814612431517 -0.85
      vertex -1.307587267523652 0.3357313476725541 -0.85
    endloop
  endfacet
  facet normal 7.222620243845469e-17 -3.398707103514202e-17 -1
    outer loop
      vertex -1.2360679774997896 3.804226065180614 -0.8500000000000001
      vertex -1.1830140180592157 0.6503674600373158 -0.85
      vertex -1.2551982559491395 0.49696814612431517 -0.85
    endloop
  endfacet
  facet normal 5.403719245828545e-17 -3.4293045119135e-17 -1
    outer loop
      vertex -1.2360679774997896 3.804226065180614 -0.8500000000000001
      vertex -1.0921729424061792 0.7935100905948388 -0.85
      vertex -1.1830140180592157 0.6503674600373158 -0.85
    endloop
  endfacet
  facet normal 4.214048361258853e-17 -3.486163988240739e-17 -1
    outer loop
      vertex -1.2360679774997896 3.804226065180614 -0.8500000000000001
      vertex -0.9841076470189059 0.9241385930037296 -0.85
      vertex -1.0921729424061792 0.7935100905948388 -0.85
    endloop
  endfacet
  facet normal 3.7438871258734574e-17 -3.986834851439679e-17 -1
    outer loop
      vertex -0.7495252583428983 3.929149002914755 -0.8500000000000001
      vertex -0.8605223861607311 1.0401928777473157 -0.85
      vertex -0.9841076470189059 0.9241385930037296 -0.85
    endloop
  endfacet
  facet normal 2.872274325123673e-17 -3.953346451733756e-17 -1
    outer loop
      vertex -0.7495252583428983 3.929149002914755 -0.8500000000000001
      vertex -0.7233661732216456 1.1398426994277202 -0.85
      vertex -0.8605223861607311 1.0401928777473157 -0.85
    endloop
  endfacet
  facet normal 2.1769555216025692e-17 -3.9598673934263114e-17 -1
    outer loop
      vertex -0.7495252583428983 3.929149002914755 -0.8500000000000001
      vertex -0.5748020436128483 1.2215165208291263 -0.85
      vertex -0.7233661732216456 1.1398426994277202 -0.85
    endloop
  endfacet
  facet normal 9.680072320755589e-18 -3.770139250646704e-17 -1
    outer loop
      vertex -1.2360679774997896 3.804226065180614 -0.8500000000000001
      vertex -0.7495252583428983 3.929149002914755 -0.8500000000000001
      vertex -0.9841076470189059 0.9241385930037296 -0.85
    endloop
  endfacet
  facet normal 1.6634865921856593e-17 -4.201487531122201e-17 -1
    outer loop
      vertex -0.2511620781172531 3.9921069137130862 -0.8500000000000001
      vertex -0.417172942406179 1.2839262969984573 -0.85
      vertex -0.5748020436128483 1.2215165208291263 -0.85
    endloop
  endfacet
  facet normal 1.0694083859934197e-17 -4.165070670349882e-17 -1
    outer loop
      vertex -0.2511620781172531 3.9921069137130862 -0.8500000000000001
      vertex -0.2529647746907282 1.3260877884837299 -0.85
      vertex -0.417172942406179 1.2839262969984573 -0.85
    endloop
  endfacet
  facet normal 5.261243812046714e-18 -4.164703315065523e-17 -1
    outer loop
      vertex -0.2511620781172531 3.9921069137130862 -0.8500000000000001
      vertex -0.08476720136457293 1.3473360833781667 -0.85
      vertex -0.2529647746907282 1.3260877884837299 -0.85
    endloop
  endfacet
  facet normal 0 -4.1978042554430467e-17 -1
    outer loop
      vertex -0.2511620781172531 3.9921069137130862 -0.8500000000000001
      vertex 0.08476720136457293 1.3473360833781667 -0.85
      vertex -0.08476720136457293 1.3473360833781667 -0.85
    endloop
  endfacet
  facet normal 5.138056184104029e-18 -4.067190266669386e-17 -1
    outer loop
      vertex -0.7495252583428983 3.929149002914755 -0.8500000000000001
      vertex -0.2511620781172531 3.9921069137130862 -0.8500000000000001
      vertex -0.5748020436128483 1.2215165208291263 -0.85
    endloop
  endfacet
  facet normal -0.48175367410171527 0.8763066800438636 0
    outer loop
      vertex -2.143307179915987 3.37731170200806 -0.8500000000000001
      vertex -1.7031171662602909 3.619308209864078 0
      vertex -1.7031171662602909 3.619308209864078 -0.8500000000000001
    endloop
  endfacet
  facet normal -0.36812455268467786 0.9297764858882515 0
    outer loop
      vertex -1.7031171662602909 3.619308209864078 -0.8500000000000001
      vertex -1.2360679774997896 3.804226065180614 0
      vertex -1.2360679774997896 3.804226065180614 -0.8500000000000001
    endloop
  endfacet
  facet normal -0.24868988716485532 0.968583161128631 0
    outer loop
      vertex -1.2360679774997896 3.804226065180614 -0.8500000000000001
      vertex -0.7495252583428983 3.929149002914755 0
      vertex -0.7495252583428983 3.929149002914755 -0.8500000000000001
    endloop
  endfacet
  facet normal -0.12533323356430387 0.9921147013144779 0
    outer loop
      vertex -0.7495252583428983 3.929149002914755 -0.8500000000000001
      vertex -0.2511620781172531 3.9921069137130862 0
      vertex -0.2511620781172531 3.9921069137130862 -0.8500000000000001
    endloop
  endfacet
  facet normal -0.9980267284282716 0.06279051952931311 0
    outer loop
      vertex -4 0 -0.8500000000000001
      vertex -4 0 0
      vertex -3.9684588052579115 0.5013329342572163 0
    endloop
  endfacet
  facet normal -0.9822872507286886 0.18738131458572496 0
    outer loop
      vertex -3.9684588052579115 0.5013329342572163 -0.8500000000000001
      vertex -3.9684588052579115 0.5013329342572163 0
      vertex -3.8743326445145243 0.9947595486594194 0
    endloop
  endfacet
  facet normal -0.9510565162951536 0.30901699437494706 0
    outer loop
      vertex -3.8743326445145243 0.9947595486594194 -0.8500000000000001
      vertex -3.8743326445145243 0.9947595486594194 0
      vertex -3.719105943553006 1.4724982107387115 0
    endloop
  endfacet
  facet normal -0.9048270524660192 0.42577929156507316 0
    outer loop
      vertex -3.719105943553006 1.4724982107387115 -0.8500000000000001
      vertex -3.719105943553006 1.4724982107387115 0
      vertex -3.505226720175454 1.9270146964068615 0
    endloop
  endfacet
  facet normal -0.8443279255020154 0.5358267949789962 0
    outer loop
      vertex -3.505226720175454 1.9270146964068615 -0.8500000000000001
      vertex -3.505226720175454 1.9270146964068615 0
      vertex -3.23606797749979 2.3511410091698925 0
    endloop
  endfacet
  facet normal -0.7705132427757891 0.6374239897486899 0
    outer loop
      vertex -3.23606797749979 2.3511410091698925 -0.8500000000000001
      vertex -3.23606797749979 2.3511410091698925 0
      vertex -2.9158745096856467 2.738188423714754 0
    endloop
  endfacet
  facet normal -0.6845471059286892 0.7289686274214111 0
    outer loop
      vertex -2.9158745096856467 2.738188423714754 -0.8500000000000001
      vertex -2.9158745096856467 2.738188423714754 0
      vertex -2.5496959589947585 3.0820529711031575 0
    endloop
  endfacet
  facet normal -0.5877852522924727 0.8090169943749478 0
    outer loop
      vertex -2.5496959589947585 3.0820529711031575 -0.8500000000000001
      vertex -2.5496959589947585 3.0820529711031575 0
      vertex -2.143307179915987 3.37731170200806 0
    endloop
  endfacet
  facet normal -0.48175367410171527 0.8763066800438636 0
    outer loop
      vertex -2.143307179915987 3.37731170200806 -0.8500000000000001
      vertex -2.143307179915987 3.37731170200806 0
      vertex -1.7031171662602909 3.619308209864078 0
    endloop
  endfacet
  facet normal -0.36812455268467786 0.9297764858882515 0
    outer loop
      vertex -1.7031171662602909 3.619308209864078 -0.8500000000000001
      vertex -1.7031171662602909 3.619308209864078 0
      vertex -1.2360679774997896 3.804226065180614 0
    endloop
  endfacet
  facet normal -0.24868988716485532 0.968583161128631 0
    outer loop
      vertex -1.2360679774997896 3.804226065180614 -0.8500000000000001
      vertex -1.2360679774997896 3.804226065180614 0
      vertex -0.7495252583428983 3.929149002914755 0
    endloop
  endfacet
  facet normal -0.12533323356430387 0.9921147013144779 0
    outer loop
      vertex -0.7495252583428983 3.929149002914755 -0.8500000000000001
      vertex -0.7495252583428983 3.929149002914755 0
      vertex -0.2511620781172531 3.9921069137130862 0
    endloop
  endfacet
  facet normal 0 1 0
    outer loop
      vertex -0.2511620781172531 3.9921069137130862 -0.8500000000000001
      vertex -0.2511620781172531 3.9921069137130862 0
      vertex 0.2511620781172531 3.9921069137130862 0
    endloop
  endfacet
  facet normal 0 0 -1
    outer loop
      vertex 0.25116207811725505 -3.9921069137130862 -0.8500000000000001
      vertex 0.5748020436128478 -1.2215165208291265 -0.8500000000000001
      vertex 0.7495252583428993 -3.9291490029147544 -0.8500000000000001
    endloop
  endfacet
  facet normal 0 0 -1
    outer loop
      vertex 0.25116207811725505 -3.9921069137130862 -0.8500000000000001
      vertex -0.08476720136457358 -1.3473360833781667 -0.8500000000000001
      vertex 0.08476720136457358 -1.3473360833781667 -0.8500000000000001
    endloop
  endfacet
  facet normal 0 0 -1
    outer loop
      vertex 0.25116207811725505 -3.9921069137130862 -0.8500000000000001
      vertex 0.08476720136457358 -1.3473360833781667 -0.8500000000000001
      vertex 0.25296477469072853 -1.3260877884837297 -0.8500000000000001
    endloop
  endfacet
  facet normal 0 0 -1
    outer loop
      vertex 0.25116207811725505 -3.9921069137130862 -0.8500000000000001
      vertex 0.25296477469072853 -1.3260877884837297 -0.8500000000000001
      vertex 0.417172942406179 -1.2839262969984573 -0.8500000000000001
    endloop
  endfacet
  facet normal 0 0 -1
    outer loop
      vertex 0.25116207811725505 -3.9921069137130862 -0.8500000000000001
      vertex 0.417172942406179 -1.2839262969984573 -0.8500000000000001
      vertex 0.5748020436128478 -1.2215165208291265 -0.8500000000000001
    endloop
  endfacet
  facet normal 0 0 -1
    outer loop
      vertex 0.7495252583428993 -3.9291490029147544 -0.8500000000000001
      vertex 0.9841076470189059 -0.9241385930037296 -0.8500000000000001
      vertex 1.2360679774997896 -3.804226065180614 -0.8500000000000001
    endloop
  endfacet
  facet normal 0 0 -1
    outer loop
      vertex 0.7495252583428993 -3.9291490029147544 -0.8500000000000001
      vertex 0.5748020436128478 -1.2215165208291265 -0.8500000000000001
      vertex 0.723366173221645 -1.1398426994277207 -0.8500000000000001
    endloop
  endfacet
  facet normal 0 0 -1
    outer loop
      vertex 0.7495252583428993 -3.9291490029147544 -0.8500000000000001
      vertex 0.723366173221645 -1.1398426994277207 -0.8500000000000001
      vertex 0.8605223861607315 -1.0401928777473153 -0.8500000000000001
    endloop
  endfacet
  facet normal 0.12533323356430495 -0.9921147013144777 0
    outer loop
      vertex 0.25116207811725505 -3.9921069137130862 -0.8500000000000001
      vertex 0.7495252583428993 -3.9291490029147544 -0.8500000000000001
      vertex 0.25116207811725505 -3.9921069137130862 0
    endloop
  endfacet
  facet normal 0.24868988716485502 -0.9685831611286311 0
    outer loop
      vertex 0.7495252583428993 -3.9291490029147544 -0.8500000000000001
      vertex 1.2360679774997896 -3.804226065180614 -0.8500000000000001
      vertex 0.7495252583428993 -3.9291490029147544 0
    endloop
  endfacet
  facet normal 0.3681245526846778 -0.9297764858882515 0
    outer loop
      vertex 1.2360679774997896 -3.804226065180614 -0.8500000000000001
      vertex 1.7031171662602897 -3.6193082098640783 -0.8500000000000001
      vertex 1.2360679774997896 -3.804226065180614 0
    endloop
  endfacet
  facet normal 0.4817536741017148 -0.8763066800438637 0
    outer loop
      vertex 1.7031171662602897 -3.6193082098640783 -0.8500000000000001
      vertex 2.143307179915985 -3.377311702008061 -0.8500000000000001
      vertex 1.7031171662602897 -3.6193082098640783 0
    endloop
  endfacet
  facet normal 0 0 -1
    outer loop
      vertex 0.7495252583428993 -3.9291490029147544 -0.8500000000000001
      vertex 0.8605223861607315 -1.0401928777473153 -0.8500000000000001
      vertex 0.9841076470189059 -0.9241385930037296 -0.8500000000000001
    endloop
  endfacet
  facet normal 0 0 -1
    outer loop
      vertex 1.2360679774997896 -3.804226065180614 -0.8500000000000001
      vertex 0.9841076470189059 -0.9241385930037296 -0.8500000000000001
      vertex 1.0921729424061792 -0.7935100905948388 -0.8500000000000001
    endloop
  endfacet
  facet normal 0 0 -1
    outer loop
      vertex 1.2360679774997896 -3.804226065180614 -0.8500000000000001
      vertex 1.0921729424061792 -0.7935100905948388 -0.8500000000000001
      vertex 1.1830140180592157 -0.6503674600373158 -0.8500000000000001
    endloop
  endfacet
  facet normal 0 0 -1
    outer loop
      vertex 1.2360679774997896 -3.804226065180614 -0.8500000000000001
      vertex 1.1830140180592157 -0.6503674600373158 -0.8500000000000001
      vertex 1.2551982559491393 -0.49696814612431583 -0.8500000000000001
    endloop
  endfacet
  facet normal 0 0 -1
    outer loop
      vertex 1.2360679774997896 -3.804226065180614 -0.8500000000000001
      vertex 1.2551982559491393 -0.49696814612431583 -0.8500000000000001
      vertex 1.3075872675236522 -0.3357313476725535 -0.8500000000000001
    endloop
  endfacet
  facet normal 0 0 -1
    outer loop
      vertex 1.2360679774997896 -3.804226065180614 -0.8500000000000001
      vertex 1.3075872675236522 -0.3357313476725535 -0.8500000000000001
      vertex 1.3393548467745453 -0.1691998653118105 -0.8500000000000001
    endloop
  endfacet
  facet normal 0 0 -1
    outer loop
      vertex 1.2360679774997896 -3.804226065180614 -0.8500000000000001
      vertex 1.7031171662602909 3.619308209864078 -0.8500000000000001
      vertex 1.7031171662602897 -3.6193082098640783 -0.8500000000000001
    endloop
  endfacet
  facet normal 0 0 -1
    outer loop
      vertex 1.7031171662602897 -3.6193082098640783 -0.8500000000000001
      vertex 2.1433071799159866 3.3773117020080603 -0.8500000000000001
      vertex 2.143307179915985 -3.377311702008061 -0.8500000000000001
    endloop
  endfacet
  facet normal 0 0 -1
    outer loop
      vertex 1.2360679774997896 -3.804226065180614 -0.8500000000000001
      vertex 1.3393548467745453 -0.1691998653118105 -0.8500000000000001
      vertex 1.7031171662602909 3.619308209864078 -0.8500000000000001
    endloop
  endfacet
  facet normal 0.5877852522924728 -0.8090169943749477 0
    outer loop
      vertex 2.143307179915985 -3.377311702008061 -0.8500000000000001
      vertex 2.54969595899476 -3.082052971103156 -0.8500000000000001
      vertex 2.143307179915985 -3.377311702008061 0
    endloop
  endfacet
  facet normal 0.6845471059286891 -0.7289686274214113 0
    outer loop
      vertex 2.54969595899476 -3.082052971103156 -0.8500000000000001
      vertex 2.9158745096856467 -2.738188423714754 -0.8500000000000001
      vertex 2.54969595899476 -3.082052971103156 0
    endloop
  endfacet
  facet normal 0.7705132427757891 -0.6374239897486899 0
    outer loop
      vertex 2.9158745096856467 -2.738188423714754 -0.8500000000000001
      vertex 3.23606797749979 -2.3511410091698925 -0.8500000000000001
      vertex 2.9158745096856467 -2.738188423714754 0
    endloop
  endfacet
  facet normal 0.8443279255020154 -0.5358267949789962 0
    outer loop
      vertex 3.23606797749979 -2.3511410091698925 -0.8500000000000001
      vertex 3.505226720175454 -1.9270146964068615 -0.8500000000000001
      vertex 3.23606797749979 -2.3511410091698925 0
    endloop
  endfacet
  facet normal 0 0 -1
    outer loop
      vertex 2.143307179915985 -3.377311702008061 -0.8500000000000001
      vertex 2.549695958994759 3.0820529711031566 -0.8500000000000001
      vertex 2.54969595899476 -3.082052971103156 -0.8500000000000001
    endloop
  endfacet
  facet normal 0 0 -1
    outer loop
      vertex 2.54969595899476 -3.082052971103156 -0.8500000000000001
      vertex 2.915874509685646 2.738188423714755 -0.8500000000000001
      vertex 2.9158745096856467 -2.738188423714754 -0.8500000000000001
    endloop
  endfacet
  facet normal 0 0 -1
    outer loop
      vertex 2.9158745096856467 -2.738188423714754 -0.8500000000000001
      vertex 3.23606797749979 2.3511410091698925 -0.8500000000000001
      vertex 3.23606797749979 -2.3511410091698925 -0.8500000000000001
    endloop
  endfacet
  facet normal 0 0 -1
    outer loop
      vertex 3.23606797749979 -2.3511410091698925 -0.8500000000000001
      vertex 3.5052267201754543 1.9270146964068613 -0.8500000000000001
      vertex 3.505226720175454 -1.9270146964068615 -0.8500000000000001
    endloop
  endfacet
  facet normal 0 0 -1
    outer loop
      vertex 3.505226720175454 -1.9270146964068615 -0.8500000000000001
      vertex 3.7191059435530054 1.472498210738712 -0.8500000000000001
      vertex 3.719105943553005 -1.4724982107387135 -0.8500000000000001
    endloop
  endfacet
  facet normal 0 0 -1
    outer loop
      vertex 3.719105943553005 -1.4724982107387135 -0.8500000000000001
      vertex 3.8743326445145243 0.9947595486594192 -0.8500000000000001
      vertex 3.8743326445145247 -0.9947595486594177 -0.8500000000000001
    endloop
  endfacet
  facet normal 0 0 -1
    outer loop
      vertex 3.8743326445145247 -0.9947595486594177 -0.8500000000000001
      vertex 3.9684588052579115 0.501332934257217 -0.8500000000000001
      vertex 3.9684588052579115 -0.5013329342572163 -0.8500000000000001
    endloop
  endfacet
  facet normal 0.9048270524660192 -0.42577929156507327 0
    outer loop
      vertex 3.505226720175454 -1.9270146964068615 -0.8500000000000001
      vertex 3.719105943553005 -1.4724982107387135 -0.8500000000000001
      vertex 3.505226720175454 -1.9270146964068615 0
    endloop
  endfacet
  facet normal 0.9510565162951536 -0.3090169943749474 0
    outer loop
      vertex 3.719105943553005 -1.4724982107387135 -0.8500000000000001
      vertex 3.8743326445145247 -0.9947595486594177 -0.8500000000000001
      vertex 3.719105943553005 -1.4724982107387135 0
    endloop
  endfacet
  facet normal 0.9822872507286886 -0.1873813145857247 0
    outer loop
      vertex 3.8743326445145247 -0.9947595486594177 -0.8500000000000001
      vertex 3.9684588052579115 -0.5013329342572163 -0.8500000000000001
      vertex 3.8743326445145247 -0.9947595486594177 0
    endloop
  endfacet
  facet normal 0.9980267284282716 -0.06279051952931311 0
    outer loop
      vertex 3.9684588052579115 -0.5013329342572163 -0.8500000000000001
      vertex 4 0 -0.8500000000000001
      vertex 3.9684588052579115 -0.5013329342572163 0
    endloop
  endfacet
  facet normal 0 -1 0
    outer loop
      vertex 0.25116207811725505 -3.9921069137130862 -0.8500000000000001
      vertex 0.25116207811725505 -3.9921069137130862 0
      vertex -0.25116207811725527 -3.9921069137130862 0
    endloop
  endfacet
  facet normal 0.12533323356430495 -0.9921147013144777 0
    outer loop
      vertex 0.7495252583428993 -3.9291490029147544 -0.8500000000000001
      vertex 0.7495252583428993 -3.9291490029147544 0
      vertex 0.25116207811725505 -3.9921069137130862 0
    endloop
  endfacet
  facet normal 0.24868988716485502 -0.9685831611286311 0
    outer loop
      vertex 1.2360679774997896 -3.804226065180614 -0.8500000000000001
      vertex 1.2360679774997896 -3.804226065180614 0
      vertex 0.7495252583428993 -3.9291490029147544 0
    endloop
  endfacet
  facet normal 0.3681245526846778 -0.9297764858882515 0
    outer loop
      vertex 1.7031171662602897 -3.6193082098640783 -0.8500000000000001
      vertex 1.7031171662602897 -3.6193082098640783 0
      vertex 1.2360679774997896 -3.804226065180614 0
    endloop
  endfacet
  facet normal 0.4817536741017148 -0.8763066800438637 0
    outer loop
      vertex 2.143307179915985 -3.377311702008061 -0.8500000000000001
      vertex 2.143307179915985 -3.377311702008061 0
      vertex 1.7031171662602897 -3.6193082098640783 0
    endloop
  endfacet
  facet normal 0.5877852522924728 -0.8090169943749477 0
    outer loop
      vertex 2.54969595899476 -3.082052971103156 -0.8500000000000001
      vertex 2.54969595899476 -3.082052971103156 0
      vertex 2.143307179915985 -3.377311702008061 0
    endloop
  endfacet
  facet normal 0.6845471059286891 -0.7289686274214113 0
    outer loop
      vertex 2.9158745096856467 -2.738188423714754 -0.8500000000000001
      vertex 2.9158745096856467 -2.738188423714754 0
      vertex 2.54969595899476 -3.082052971103156 0
    endloop
  endfacet
  facet normal 0.7705132427757891 -0.6374239897486899 0
    outer loop
      vertex 3.23606797749979 -2.3511410091698925 -0.8500000000000001
      vertex 3.23606797749979 -2.3511410091698925 0
      vertex 2.9158745096856467 -2.738188423714754 0
    endloop
  endfacet
  facet normal 0.8443279255020154 -0.5358267949789962 0
    outer loop
      vertex 3.505226720175454 -1.9270146964068615 -0.8500000000000001
      vertex 3.505226720175454 -1.9270146964068615 0
      vertex 3.23606797749979 -2.3511410091698925 0
    endloop
  endfacet
  facet normal 0.9048270524660192 -0.42577929156507327 0
    outer loop
      vertex 3.719105943553005 -1.4724982107387135 -0.8500000000000001
      vertex 3.719105943553005 -1.4724982107387135 0
      vertex 3.505226720175454 -1.9270146964068615 0
    endloop
  endfacet
  facet normal 0.9510565162951536 -0.3090169943749474 0
    outer loop
      vertex 3.8743326445145247 -0.9947595486594177 -0.8500000000000001
      vertex 3.8743326445145247 -0.9947595486594177 0
      vertex 3.719105943553005 -1.4724982107387135 0
    endloop
  endfacet
  facet normal 0.9822872507286886 -0.1873813145857247 0
    outer loop
      vertex 3.9684588052579115 -0.5013329342572163 -0.8500000000000001
      vertex 3.9684588052579115 -0.5013329342572163 0
      vertex 3.8743326445145247 -0.9947595486594177 0
    endloop
  endfacet
  facet normal 0.9980267284282716 -0.06279051952931311 0
    outer loop
      vertex 4 0 -0.8500000000000001
      vertex 4 0 0
      vertex 3.9684588052579115 -0.5013329342572163 0
    endloop
  endfacet
  facet normal -2.6560925619936136e-17 -3.6557977814259674e-17 -1
    outer loop
      vertex 1.2360679774997896 3.804226065180614 -0.8500000000000001
      vertex 0.8605223861607312 1.0401928777473155 -0.85
      vertex 0.7233661732216455 1.1398426994277204 -0.85
    endloop
  endfacet
  facet normal 0 0 -1
    outer loop
      vertex 1.7031171662602909 3.619308209864078 -0.8500000000000001
      vertex 1.3393548467745453 -0.1691998653118105 -0.8500000000000001
      vertex 1.35 0 -0.8500000000000001
    endloop
  endfacet
  facet normal 0 0 -1
    outer loop
      vertex 1.7031171662602909 3.619308209864078 -0.8500000000000001
      vertex 1.35 0 -0.8500000000000001
      vertex 1.3393548467745453 0.16919986531181075 -0.8500000000000001
    endloop
  endfacet
  facet normal -1.5460322547816322e-15 1.8623044528618953e-16 -1
    outer loop
      vertex 1.7031171662602909 3.619308209864078 -0.8500000000000001
      vertex 1.307587267523652 0.33573134767255397 -0.8500000000000001
      vertex 1.2551982559491395 0.4969681461243153 -0.85
    endloop
  endfacet
  facet normal 0 0 -1
    outer loop
      vertex 1.7031171662602909 3.619308209864078 -0.8500000000000001
      vertex 1.3393548467745453 0.16919986531181075 -0.8500000000000001
      vertex 1.307587267523652 0.33573134767255397 -0.8500000000000001
    endloop
  endfacet
  facet normal 9.291102377043775e-16 -8.128187938966532e-17 -1
    outer loop
      vertex 1.2360679774997896 3.804226065180614 -0.8500000000000001
      vertex 1.0921729424061792 0.7935100905948388 -0.85
      vertex 0.9841076470189056 0.9241385930037298 -0.8500000000000001
    endloop
  endfacet
  facet normal -8.301471252979339e-16 7.262423313821391e-17 -1
    outer loop
      vertex 1.2360679774997896 3.804226065180614 -0.8500000000000001
      vertex 0.9841076470189056 0.9241385930037298 -0.8500000000000001
      vertex 0.8605223861607312 1.0401928777473155 -0.85
    endloop
  endfacet
  facet normal -1.190600338756951e-15 2.002818451636786e-17 -1
    outer loop
      vertex 1.2360679774997896 3.804226065180614 -0.8500000000000001
      vertex 1.183014018059216 0.6503674600373157 -0.8500000000000001
      vertex 1.0921729424061792 0.7935100905948388 -0.85
    endloop
  endfacet
  facet normal 1.120792751053735e-15 -1.9634202479049307e-16 -1
    outer loop
      vertex 1.7031171662602909 3.619308209864078 -0.8500000000000001
      vertex 1.2551982559491395 0.4969681461243153 -0.85
      vertex 1.183014018059216 0.6503674600373157 -0.8500000000000001
    endloop
  endfacet
  facet normal 0 0 -1
    outer loop
      vertex 1.7031171662602897 -3.6193082098640783 -0.8500000000000001
      vertex 1.7031171662602909 3.619308209864078 -0.8500000000000001
      vertex 2.1433071799159866 3.3773117020080603 -0.8500000000000001
    endloop
  endfacet
  facet normal -5.261243812046714e-18 -4.164703315065523e-17 -1
    outer loop
      vertex 0.7495252583428983 3.929149002914755 -0.8500000000000001
      vertex 0.2529647746907282 1.3260877884837299 -0.85
      vertex 0.08476720136457293 1.3473360833781667 -0.85
    endloop
  endfacet
  facet normal -6.549778070254172e-16 8.229302983267947e-17 -1
    outer loop
      vertex 0.7495252583428983 3.929149002914755 -0.8500000000000001
      vertex 0.417172942406179 1.2839262969984573 -0.8500000000000001
      vertex 0.2529647746907282 1.3260877884837299 -0.85
    endloop
  endfacet
  facet normal 6.70949543024396e-16 -8.429975820262659e-17 -1
    outer loop
      vertex 0.7495252583428983 3.929149002914755 -0.8500000000000001
      vertex 0.5748020436128483 1.2215165208291263 -0.85
      vertex 0.417172942406179 1.2839262969984573 -0.8500000000000001
    endloop
  endfacet
  facet normal -2.1769555216025708e-17 -3.959867393426311e-17 -1
    outer loop
      vertex 0.7495252583428983 3.929149002914755 -0.8500000000000001
      vertex 0.7233661732216455 1.1398426994277204 -0.85
      vertex 0.5748020436128483 1.2215165208291263 -0.85
    endloop
  endfacet
  facet normal -1.0195082152858804e-17 -3.9707223370269665e-17 -1
    outer loop
      vertex 0.7495252583428983 3.929149002914755 -0.8500000000000001
      vertex 1.2360679774997896 3.804226065180614 -0.8500000000000001
      vertex 0.7233661732216455 1.1398426994277204 -0.85
    endloop
  endfacet
  facet normal 0 -4.197804255443047e-17 -1
    outer loop
      vertex -0.2511620781172531 3.9921069137130862 -0.8500000000000001
      vertex 0.2511620781172531 3.9921069137130862 -0.8500000000000001
      vertex 0.08476720136457293 1.3473360833781667 -0.85
    endloop
  endfacet
  facet normal -5.261243812046721e-18 -4.164703315065523e-17 -1
    outer loop
      vertex 0.2511620781172531 3.9921069137130862 -0.8500000000000001
      vertex 0.7495252583428983 3.929149002914755 -0.8500000000000001
      vertex 0.08476720136457293 1.3473360833781667 -0.85
    endloop
  endfacet
  facet normal 0 0 -1
    outer loop
      vertex 1.2360679774997896 3.804226065180614 -0.8500000000000001
      vertex 1.7031171662602909 3.619308209864078 -0.8500000000000001
      vertex 1.183014018059216 0.6503674600373157 -0.8500000000000001
    endloop
  endfacet
  facet normal 0 1 0
    outer loop
      vertex -0.2511620781172531 3.9921069137130862 -0.8500000000000001
      vertex 0.2511620781172531 3.9921069137130862 0
      vertex 0.2511620781172531 3.9921069137130862 -0.8500000000000001
    endloop
  endfacet
  facet normal 0.12533323356430387 0.9921147013144779 -1.6251268212992317e-17
    outer loop
      vertex 0.2511620781172531 3.9921069137130862 -0.8500000000000001
      vertex 0.7495252583428984 3.929149002914755 0
      vertex 0.7495252583428983 3.929149002914755 -0.8500000000000001
    endloop
  endfacet
  facet normal 0.24868988716485532 0.968583161128631 0
    outer loop
      vertex 0.7495252583428983 3.929149002914755 -0.8500000000000001
      vertex 1.2360679774997896 3.804226065180614 0
      vertex 1.2360679774997896 3.804226065180614 -0.8500000000000001
    endloop
  endfacet
  facet normal 0.481753674101715 0.8763066800438638 0
    outer loop
      vertex 1.7031171662602909 3.619308209864078 -0.8500000000000001
      vertex 2.1433071799159866 3.3773117020080603 0
      vertex 2.1433071799159866 3.3773117020080603 -0.8500000000000001
    endloop
  endfacet
  facet normal 0.36812455268467786 0.9297764858882515 0
    outer loop
      vertex 1.2360679774997896 3.804226065180614 -0.8500000000000001
      vertex 1.7031171662602909 3.619308209864078 0
      vertex 1.7031171662602909 3.619308209864078 -0.8500000000000001
    endloop
  endfacet
  facet normal 0 0 -1
    outer loop
      vertex 2.54969595899476 -3.082052971103156 -0.8500000000000001
      vertex 2.549695958994759 3.0820529711031566 -0.8500000000000001
      vertex 2.915874509685646 2.738188423714755 -0.8500000000000001
    endloop
  endfacet
  facet normal 0 0 -1
    outer loop
      vertex 2.143307179915985 -3.377311702008061 -0.8500000000000001
      vertex 2.1433071799159866 3.3773117020080603 -0.8500000000000001
      vertex 2.549695958994759 3.0820529711031566 -0.8500000000000001
    endloop
  endfacet
  facet normal 0 0 -1
    outer loop
      vertex 2.9158745096856467 -2.738188423714754 -0.8500000000000001
      vertex 2.915874509685646 2.738188423714755 -0.8500000000000001
      vertex 3.23606797749979 2.3511410091698925 -0.8500000000000001
    endloop
  endfacet
  facet normal 0 0 -1
    outer loop
      vertex 3.23606797749979 -2.3511410091698925 -0.8500000000000001
      vertex 3.23606797749979 2.3511410091698925 -0.8500000000000001
      vertex 3.5052267201754543 1.9270146964068613 -0.8500000000000001
    endloop
  endfacet
  facet normal 0 0 -1
    outer loop
      vertex 3.505226720175454 -1.9270146964068615 -0.8500000000000001
      vertex 3.5052267201754543 1.9270146964068613 -0.8500000000000001
      vertex 3.7191059435530054 1.472498210738712 -0.8500000000000001
    endloop
  endfacet
  facet normal 0 0 -1
    outer loop
      vertex 3.9684588052579115 -0.5013329342572163 -0.8500000000000001
      vertex 3.9684588052579115 0.501332934257217 -0.8500000000000001
      vertex 4 0 -0.8500000000000001
    endloop
  endfacet
  facet normal 0 0 -1
    outer loop
      vertex 3.8743326445145247 -0.9947595486594177 -0.8500000000000001
      vertex 3.8743326445145243 0.9947595486594192 -0.8500000000000001
      vertex 3.9684588052579115 0.501332934257217 -0.8500000000000001
    endloop
  endfacet
  facet normal 0 0 -1
    outer loop
      vertex 3.719105943553005 -1.4724982107387135 -0.8500000000000001
      vertex 3.7191059435530054 1.472498210738712 -0.8500000000000001
      vertex 3.8743326445145243 0.9947595486594192 -0.8500000000000001
    endloop
  endfacet
  facet normal 0.9980267284282716 0.06279051952931301 0
    outer loop
      vertex 4 0 -0.8500000000000001
      vertex 3.9684588052579115 0.501332934257217 -0.8500000000000001
      vertex 4 0 0
    endloop
  endfacet
  facet normal 0.9822872507286885 0.18738131458572532 0
    outer loop
      vertex 3.9684588052579115 0.501332934257217 -0.8500000000000001
      vertex 3.8743326445145243 0.9947595486594192 -0.8500000000000001
      vertex 3.9684588052579115 0.501332934257217 0
    endloop
  endfacet
  facet normal 0.9510565162951536 0.3090169943749475 0
    outer loop
      vertex 3.8743326445145243 0.9947595486594192 -0.8500000000000001
      vertex 3.7191059435530054 1.472498210738712 -0.8500000000000001
      vertex 3.8743326445145243 0.9947595486594192 0
    endloop
  endfacet
  facet normal 0.9048270524660198 0.4257792915650722 0
    outer loop
      vertex 3.7191059435530054 1.472498210738712 -0.8500000000000001
      vertex 3.5052267201754543 1.9270146964068613 -0.8500000000000001
      vertex 3.7191059435530054 1.472498210738712 0
    endloop
  endfacet
  facet normal 0.6845471059286882 0.7289686274214121 0
    outer loop
      vertex 2.915874509685646 2.738188423714755 -0.8500000000000001
      vertex 2.549695958994759 3.0820529711031566 -0.8500000000000001
      vertex 2.915874509685646 2.738188423714755 0
    endloop
  endfacet
  facet normal 0.5877852522924735 0.8090169943749471 0
    outer loop
      vertex 2.1433071799159866 3.3773117020080603 -0.8500000000000001
      vertex 2.549695958994759 3.0820529711031566 0
      vertex 2.549695958994759 3.0820529711031566 -0.8500000000000001
    endloop
  endfacet
  facet normal 0.7705132427757894 0.6374239897486894 0
    outer loop
      vertex 2.915874509685646 2.738188423714755 -0.8500000000000001
      vertex 3.23606797749979 2.3511410091698925 0
      vertex 3.23606797749979 2.3511410091698925 -0.8500000000000001
    endloop
  endfacet
  facet normal 0.8443279255020152 0.5358267949789967 0
    outer loop
      vertex 3.5052267201754543 1.9270146964068613 -0.8500000000000001
      vertex 3.23606797749979 2.3511410091698925 -0.8500000000000001
      vertex 3.5052267201754543 1.9270146964068613 0
    endloop
  endfacet
  facet normal 0.12533323356430384 0.992114701314478 0
    outer loop
      vertex 0.2511620781172531 3.9921069137130862 -0.8500000000000001
      vertex 0.2511620781172531 3.9921069137130862 0
      vertex 0.7495252583428984 3.929149002914755 0
    endloop
  endfacet
  facet normal 0.2486898871648554 0.9685831611286311 -3.248249867315937e-17
    outer loop
      vertex 0.7495252583428983 3.929149002914755 -0.8500000000000001
      vertex 0.7495252583428984 3.929149002914755 0
      vertex 1.2360679774997896 3.804226065180614 0
    endloop
  endfacet
  facet normal 0.36812455268467786 0.9297764858882515 0
    outer loop
      vertex 1.2360679774997896 3.804226065180614 -0.8500000000000001
      vertex 1.2360679774997896 3.804226065180614 0
      vertex 1.7031171662602909 3.619308209864078 0
    endloop
  endfacet
  facet normal 0.481753674101715 0.8763066800438638 0
    outer loop
      vertex 1.7031171662602909 3.619308209864078 -0.8500000000000001
      vertex 1.7031171662602909 3.619308209864078 0
      vertex 2.1433071799159866 3.3773117020080603 0
    endloop
  endfacet
  facet normal 0.9980267284282716 0.06279051952931301 0
    outer loop
      vertex 3.9684588052579115 0.501332934257217 -0.8500000000000001
      vertex 3.9684588052579115 0.501332934257217 0
      vertex 4 0 0
    endloop
  endfacet
  facet normal 0.9822872507286885 0.18738131458572532 0
    outer loop
      vertex 3.8743326445145243 0.9947595486594192 -0.8500000000000001
      vertex 3.8743326445145243 0.9947595486594192 0
      vertex 3.9684588052579115 0.501332934257217 0
    endloop
  endfacet
  facet normal 0.9510565162951536 0.3090169943749475 0
    outer loop
      vertex 3.7191059435530054 1.472498210738712 -0.8500000000000001
      vertex 3.7191059435530054 1.472498210738712 0
      vertex 3.8743326445145243 0.9947595486594192 0
    endloop
  endfacet
  facet normal 0.9048270524660198 0.4257792915650722 0
    outer loop
      vertex 3.5052267201754543 1.9270146964068613 -0.8500000000000001
      vertex 3.5052267201754543 1.9270146964068613 0
      vertex 3.7191059435530054 1.472498210738712 0
    endloop
  endfacet
  facet normal 0.6845471059286882 0.7289686274214121 0
    outer loop
      vertex 2.549695958994759 3.0820529711031566 -0.8500000000000001
      vertex 2.549695958994759 3.0820529711031566 0
      vertex 2.915874509685646 2.738188423714755 0
    endloop
  endfacet
  facet normal 0.5877852522924735 0.8090169943749471 0
    outer loop
      vertex 2.1433071799159866 3.3773117020080603 -0.8500000000000001
      vertex 2.1433071799159866 3.3773117020080603 0
      vertex 2.549695958994759 3.0820529711031566 0
    endloop
  endfacet
  facet normal 0.8443279255020152 0.5358267949789967 0
    outer loop
      vertex 3.23606797749979 2.3511410091698925 -0.8500000000000001
      vertex 3.23606797749979 2.3511410091698925 0
      vertex 3.5052267201754543 1.9270146964068613 0
    endloop
  endfacet
  facet normal 0.7705132427757894 0.6374239897486894 0
    outer loop
      vertex 2.915874509685646 2.738188423714755 -0.8500000000000001
      vertex 2.915874509685646 2.738188423714755 0
      vertex 3.23606797749979 2.3511410091698925 0
    endloop
  endfacet
endsolid OpenSCAD_Model
