solid OpenSCAD_Model
  facet normal -0.8443279255020152 -0.5358267949789963 0
    outer loop
      vertex -18.202882373436317 -13.225168176580645 -12
      vertex -19.71690030098693 -10.839457667288595 3
      vertex -19.71690030098693 -10.839457667288595 -12
    endloop
  endfacet
  facet normal -0.7705132427757891 -0.63742398974869 0
    outer loop
      vertex -18.202882373436317 -13.225168176580645 -12
      vertex -16.401794116981762 -15.40230988339549 -12
      vertex -18.202882373436317 -13.225168176580645 3
    endloop
  endfacet
  facet normal -0.5877852522924731 -0.8090169943749473 0
    outer loop
      vertex -14.342039769345517 -17.33654796245526 -12
      vertex -12.056102887027427 -18.99737832379534 -12
      vertex -12.056102887027427 -18.99737832379534 3
    endloop
  endfacet
  facet normal -0.6845471059286892 -0.7289686274214111 0
    outer loop
      vertex -14.342039769345517 -17.33654796245526 -12
      vertex -14.342039769345517 -17.33654796245526 3
      vertex -16.401794116981762 -15.40230988339549 -12
    endloop
  endfacet
  facet normal 0 0 -1
    outer loop
      vertex -20.919970932485658 -8.282802435405252 -12
      vertex -21.7931211253942 -5.595522461209234 -12
      vertex -20.919970932485658 8.282802435405252 -12
    endloop
  endfacet
  facet normal 0 0 -1
    outer loop
      vertex -21.7931211253942 -5.595522461209234 -12
      vertex -22.322580779575752 -2.8199977551968414 -12
      vertex -21.7931211253942 5.595522461209234 -12
    endloop
  endfacet
  facet normal 0 0 -1
    outer loop
      vertex -19.71690030098693 -10.839457667288595 -12
      vertex -20.919970932485658 -8.282802435405252 -12
      vertex -19.71690030098693 10.839457667288595 -12
    endloop
  endfacet
  facet normal 0 0 -1
    outer loop
      vertex -18.202882373436317 -13.225168176580645 -12
      vertex -19.71690030098693 -10.839457667288595 -12
      vertex -18.202882373436317 13.225168176580645 -12
    endloop
  endfacet
  facet normal 0 0 -1
    outer loop
      vertex -18.202882373436317 -13.225168176580645 -12
      vertex -16.401794116981762 15.40230988339549 -12
      vertex -16.401794116981762 -15.40230988339549 -12
    endloop
  endfacet
  facet normal 0 0 -1
    outer loop
      vertex -14.342039769345517 -17.33654796245526 -12
      vertex -12.056102887027427 18.99737832379534 -12
      vertex -12.056102887027427 -18.99737832379534 -12
    endloop
  endfacet
  facet normal 0 0 -1
    outer loop
      vertex -14.342039769345517 -17.33654796245526 -12
      vertex -16.401794116981762 -15.40230988339549 -12
      vertex -14.342039769345517 17.33654796245526 -12
    endloop
  endfacet
  facet normal -0.9048270524660195 -0.42577929156507305 0
    outer loop
      vertex -19.71690030098693 -10.839457667288595 -12
      vertex -20.919970932485658 -8.282802435405252 3
      vertex -20.919970932485658 -8.282802435405252 -12
    endloop
  endfacet
  facet normal -0.9510565162951535 -0.30901699437494773 0
    outer loop
      vertex -20.919970932485658 -8.282802435405252 -12
      vertex -21.7931211253942 -5.595522461209234 3
      vertex -21.7931211253942 -5.595522461209234 -12
    endloop
  endfacet
  facet normal -0.9822872507286888 -0.18738131458572418 0
    outer loop
      vertex -21.7931211253942 -5.595522461209234 -12
      vertex -22.322580779575752 -2.8199977551968414 3
      vertex -22.322580779575752 -2.8199977551968414 -12
    endloop
  endfacet
  facet normal -0.9980267284282716 -0.06279051952931325 0
    outer loop
      vertex -22.322580779575752 -2.8199977551968414 -12
      vertex -22.5 0 3
      vertex -22.5 0 -12
    endloop
  endfacet
  facet normal 0 0 -1
    outer loop
      vertex -4.2160795781788085 -22.101463141395495 -12
      vertex -1.2241154632495832 -2.6013777758398064 -12
      vertex -1.4127866894095598 -22.45560138963611 -12
    endloop
  endfacet
  facet normal 0 0 -1
    outer loop
      vertex -1.4127866894095598 -22.45560138963611 -12
      vertex -0.18052274364677706 -2.869326844231281 -12
      vertex 1.4127866894095598 -22.45560138963611 -12
    endloop
  endfacet
  facet normal -0.4817536741017143 -0.8763066800438641 0
    outer loop
      vertex -12.056102887027427 -18.99737832379534 -12
      vertex -9.58003406021413 -20.35860868048544 -12
      vertex -9.58003406021413 -20.35860868048544 3
    endloop
  endfacet
  facet normal -0.368124552684678 -0.9297764858882515 0
    outer loop
      vertex -9.58003406021413 -20.35860868048544 -12
      vertex -6.952882373436316 -21.398771616640953 -12
      vertex -6.952882373436316 -21.398771616640953 3
    endloop
  endfacet
  facet normal -0.24868988716485585 -0.968583161128631 0
    outer loop
      vertex -6.952882373436316 -21.398771616640953 -12
      vertex -4.2160795781788085 -22.101463141395495 -12
      vertex -4.2160795781788085 -22.101463141395495 3
    endloop
  endfacet
  facet normal -0.12533323356430498 -0.9921147013144778 0
    outer loop
      vertex -4.2160795781788085 -22.101463141395495 -12
      vertex -1.4127866894095598 -22.45560138963611 -12
      vertex -1.4127866894095598 -22.45560138963611 3
    endloop
  endfacet
  facet normal 0 0 -1
    outer loop
      vertex -12.056102887027427 -18.99737832379534 -12
      vertex -9.580034060214135 20.35860868048544 -12
      vertex -9.58003406021413 -20.35860868048544 -12
    endloop
  endfacet
  facet normal 0 0 -1
    outer loop
      vertex -9.58003406021413 -20.35860868048544 -12
      vertex -6.952882373436316 21.398771616640953 -12
      vertex -6.952882373436316 -21.398771616640953 -12
    endloop
  endfacet
  facet normal 0 0 -1
    outer loop
      vertex -4.2160795781788085 -22.101463141395495 -12
      vertex -2.325923858827974 -1.6898826003408602 -12
      vertex -2.0957848038365587 -1.9680729295449795 -12
    endloop
  endfacet
  facet normal 0 0 -1
    outer loop
      vertex -6.952882373436316 -21.398771616640953 -12
      vertex -4.216079578178803 22.101463141395495 -12
      vertex -4.2160795781788085 -22.101463141395495 -12
    endloop
  endfacet
  facet normal 0 0 -1
    outer loop
      vertex -4.2160795781788085 -22.101463141395495 -12
      vertex -2.7846765882448143 -0.7149834255989577 -12
      vertex -2.673107396928723 -1.058358088968449 -12
    endloop
  endfacet
  facet normal 0 0 -1
    outer loop
      vertex -4.2160795781788085 -22.101463141395495 -12
      vertex -2.852329766279124 -0.3603330464973742 -12
      vertex -2.7846765882448143 -0.7149834255989577 -12
    endloop
  endfacet
  facet normal 0 0 -1
    outer loop
      vertex -4.2160795781788085 -22.101463141395495 -12
      vertex -2.5193817051261074 -1.3850418130424318 -12
      vertex -2.325923858827974 -1.6898826003408602 -12
    endloop
  endfacet
  facet normal 0 0 -1
    outer loop
      vertex -4.2160795781788085 -22.101463141395495 -12
      vertex -2.673107396928723 -1.058358088968449 -12
      vertex -2.5193817051261074 -1.3850418130424318 -12
    endloop
  endfacet
  facet normal 0 0 -1
    outer loop
      vertex -4.2160795781788085 -22.101463141395495 -12
      vertex -2.875 0 -12
      vertex -2.852329766279124 -0.3603330464973742 -12
    endloop
  endfacet
  facet normal 0 0 -1
    outer loop
      vertex -4.2160795781788085 -22.101463141395495 -12
      vertex -1.8325939705274827 -2.2152255729803945 -12
      vertex -1.5405020355646157 -2.427442785818293 -12
    endloop
  endfacet
  facet normal 0 0 -1
    outer loop
      vertex -4.2160795781788085 -22.101463141395495 -12
      vertex -2.0957848038365587 -1.9680729295449795 -12
      vertex -1.8325939705274827 -2.2152255729803945 -12
    endloop
  endfacet
  facet normal 0 0 -1
    outer loop
      vertex -4.2160795781788085 -22.101463141395495 -12
      vertex -1.5405020355646157 -2.427442785818293 -12
      vertex -1.2241154632495832 -2.6013777758398064 -12
    endloop
  endfacet
  facet normal 0 0 -1
    outer loop
      vertex -1.4127866894095598 -22.45560138963611 -12
      vertex -1.2241154632495832 -2.6013777758398064 -12
      vertex -0.8884238588279738 -2.7342874843485663 -12
    endloop
  endfacet
  facet normal 0 0 -1
    outer loop
      vertex -1.4127866894095598 -22.45560138963611 -12
      vertex -0.8884238588279738 -2.7342874843485663 -12
      vertex -0.5387212794339589 -2.82407584584498 -12
    endloop
  endfacet
  facet normal 0 0 -1
    outer loop
      vertex -1.4127866894095598 -22.45560138963611 -12
      vertex -0.5387212794339589 -2.82407584584498 -12
      vertex -0.18052274364677706 -2.869326844231281 -12
    endloop
  endfacet
  facet normal -0.7705132427757891 -0.63742398974869 0
    outer loop
      vertex -16.401794116981762 -15.40230988339549 -12
      vertex -16.401794116981762 -15.40230988339549 3
      vertex -18.202882373436317 -13.225168176580645 3
    endloop
  endfacet
  facet normal -0.8443279255020152 -0.5358267949789963 0
    outer loop
      vertex -18.202882373436317 -13.225168176580645 -12
      vertex -18.202882373436317 -13.225168176580645 3
      vertex -19.71690030098693 -10.839457667288595 3
    endloop
  endfacet
  facet normal -0.5877852522924731 -0.8090169943749473 0
    outer loop
      vertex -14.342039769345517 -17.33654796245526 -12
      vertex -12.056102887027427 -18.99737832379534 3
      vertex -14.342039769345517 -17.33654796245526 3
    endloop
  endfacet
  facet normal -0.6845471059286892 -0.7289686274214111 0
    outer loop
      vertex -16.401794116981762 -15.40230988339549 -12
      vertex -14.342039769345517 -17.33654796245526 3
      vertex -16.401794116981762 -15.40230988339549 3
    endloop
  endfacet
  facet normal -0.9048270524660195 -0.42577929156507305 0
    outer loop
      vertex -19.71690030098693 -10.839457667288595 -12
      vertex -19.71690030098693 -10.839457667288595 3
      vertex -20.919970932485658 -8.282802435405252 3
    endloop
  endfacet
  facet normal -0.9510565162951535 -0.30901699437494773 0
    outer loop
      vertex -20.919970932485658 -8.282802435405252 -12
      vertex -20.919970932485658 -8.282802435405252 3
      vertex -21.7931211253942 -5.595522461209234 3
    endloop
  endfacet
  facet normal -0.9822872507286888 -0.18738131458572418 0
    outer loop
      vertex -21.7931211253942 -5.595522461209234 -12
      vertex -21.7931211253942 -5.595522461209234 3
      vertex -22.322580779575752 -2.8199977551968414 3
    endloop
  endfacet
  facet normal -0.9980267284282716 -0.06279051952931325 0
    outer loop
      vertex -22.322580779575752 -2.8199977551968414 -12
      vertex -22.322580779575752 -2.8199977551968414 3
      vertex -22.5 0 3
    endloop
  endfacet
  facet normal 0 0 1
    outer loop
      vertex -19.71690030098693 -10.839457667288595 3
      vertex -20.919970932485658 8.282802435405252 3
      vertex -20.919970932485658 -8.282802435405252 3
    endloop
  endfacet
  facet normal 0 0 1
    outer loop
      vertex -21.7931211253942 -5.595522461209234 3
      vertex -22.322580779575752 2.8199977551968414 3
      vertex -22.322580779575752 -2.8199977551968414 3
    endloop
  endfacet
  facet normal 0 0 1
    outer loop
      vertex -20.919970932485658 -8.282802435405252 3
      vertex -21.7931211253942 5.595522461209234 3
      vertex -21.7931211253942 -5.595522461209234 3
    endloop
  endfacet
  facet normal 0 0 1
    outer loop
      vertex -18.202882373436317 -13.225168176580645 3
      vertex -19.71690030098693 10.839457667288595 3
      vertex -19.71690030098693 -10.839457667288595 3
    endloop
  endfacet
  facet normal 0 0 1
    outer loop
      vertex -18.202882373436317 -13.225168176580645 3
      vertex -16.401794116981762 -15.40230988339549 3
      vertex -18.202882373436317 13.225168176580645 3
    endloop
  endfacet
  facet normal 0 0 1
    outer loop
      vertex -14.342039769345517 -17.33654796245526 3
      vertex -16.401794116981762 15.40230988339549 3
      vertex -16.401794116981762 -15.40230988339549 3
    endloop
  endfacet
  facet normal 0 0 1
    outer loop
      vertex -14.342039769345517 -17.33654796245526 3
      vertex -12.056102887027427 -18.99737832379534 3
      vertex -14.342039769345517 17.33654796245526 3
    endloop
  endfacet
  facet normal -0.368124552684678 -0.9297764858882515 0
    outer loop
      vertex -9.58003406021413 -20.35860868048544 -12
      vertex -6.952882373436316 -21.398771616640953 3
      vertex -9.58003406021413 -20.35860868048544 3
    endloop
  endfacet
  facet normal -0.4817536741017143 -0.8763066800438641 0
    outer loop
      vertex -12.056102887027427 -18.99737832379534 -12
      vertex -9.58003406021413 -20.35860868048544 3
      vertex -12.056102887027427 -18.99737832379534 3
    endloop
  endfacet
  facet normal -0.24868988716485585 -0.968583161128631 0
    outer loop
      vertex -6.952882373436316 -21.398771616640953 -12
      vertex -4.2160795781788085 -22.101463141395495 3
      vertex -6.952882373436316 -21.398771616640953 3
    endloop
  endfacet
  facet normal -0.12533323356430498 -0.9921147013144778 0
    outer loop
      vertex -4.2160795781788085 -22.101463141395495 -12
      vertex -1.4127866894095598 -22.45560138963611 3
      vertex -4.2160795781788085 -22.101463141395495 3
    endloop
  endfacet
  facet normal 0 -1 0
    outer loop
      vertex -1.4127866894095598 -22.45560138963611 -12
      vertex 1.4127866894095598 -22.45560138963611 3
      vertex -1.4127866894095598 -22.45560138963611 3
    endloop
  endfacet
  facet normal 0 0 1
    outer loop
      vertex -4.2160795781788085 -22.101463141395495 3
      vertex -1.4127866894095598 -22.45560138963611 3
      vertex -2.6791339748949836 -4.221639627510075 3
    endloop
  endfacet
  facet normal 0 0 1
    outer loop
      vertex -12.056102887027427 -18.99737832379534 3
      vertex -9.58003406021413 -20.35860868048544 3
      vertex -12.056102887027427 18.99737832379534 3
    endloop
  endfacet
  facet normal 0 0 1
    outer loop
      vertex -9.58003406021413 -20.35860868048544 3
      vertex -6.952882373436316 -21.398771616640953 3
      vertex -9.580034060214135 20.35860868048544 3
    endloop
  endfacet
  facet normal 0 0 1
    outer loop
      vertex -6.952882373436316 -21.398771616640953 3
      vertex -4.2160795781788085 -22.101463141395495 3
      vertex -6.952882373436316 21.398771616640953 3
    endloop
  endfacet
  facet normal 0 0 1
    outer loop
      vertex -4.2160795781788085 -22.101463141395495 3
      vertex -4.381533400219317 -2.408768370508577 3
      vertex -4.648882429441257 -1.8406227634233894 3
    endloop
  endfacet
  facet normal 0 0 1
    outer loop
      vertex -4.2160795781788085 -22.101463141395495 3
      vertex -2.6791339748949836 -4.221639627510075 3
      vertex -3.1871199487434483 -3.852566213878947 3
    endloop
  endfacet
  facet normal 0 0 1
    outer loop
      vertex -4.2160795781788085 -22.101463141395495 3
      vertex -3.6448431371070584 -3.4227355296434423 3
      vertex -4.045084971874737 -2.938926261462366 3
    endloop
  endfacet
  facet normal 0 0 1
    outer loop
      vertex -4.2160795781788085 -22.101463141395495 3
      vertex -4.045084971874737 -2.938926261462366 3
      vertex -4.381533400219317 -2.408768370508577 3
    endloop
  endfacet
  facet normal 0 0 1
    outer loop
      vertex -4.2160795781788085 -22.101463141395495 3
      vertex -3.1871199487434483 -3.852566213878947 3
      vertex -3.6448431371070584 -3.4227355296434423 3
    endloop
  endfacet
  facet normal 0 0 1
    outer loop
      vertex -4.2160795781788085 -22.101463141395495 3
      vertex -4.842915805643155 -1.2434494358242743 3
      vertex -4.9605735065723895 -0.6266661678215203 3
    endloop
  endfacet
  facet normal 0 0 1
    outer loop
      vertex -4.2160795781788085 -22.101463141395495 3
      vertex -4.648882429441257 -1.8406227634233894 3
      vertex -4.842915805643155 -1.2434494358242743 3
    endloop
  endfacet
  facet normal 0 0 1
    outer loop
      vertex -1.4127866894095598 -22.45560138963611 3
      vertex -1.545084971874737 -4.755282581475767 3
      vertex -2.128896457825362 -4.524135262330098 3
    endloop
  endfacet
  facet normal 0 0 1
    outer loop
      vertex -1.4127866894095598 -22.45560138963611 3
      vertex -2.128896457825362 -4.524135262330098 3
      vertex -2.6791339748949836 -4.221639627510075 3
    endloop
  endfacet
  facet normal 0 0 1
    outer loop
      vertex -1.4127866894095598 -22.45560138963611 3
      vertex -0.9369065729286241 -4.911436253643443 3
      vertex -1.545084971874737 -4.755282581475767 3
    endloop
  endfacet
  facet normal 0 0 1
    outer loop
      vertex -1.4127866894095598 -22.45560138963611 3
      vertex -0.3139525976465688 -4.990133642141358 3
      vertex -0.9369065729286241 -4.911436253643443 3
    endloop
  endfacet
  facet normal 0 0 1
    outer loop
      vertex -1.4127866894095598 -22.45560138963611 3
      vertex 0.3139525976465688 -4.990133642141358 3
      vertex -0.3139525976465688 -4.990133642141358 3
    endloop
  endfacet
  facet normal 0 0 1
    outer loop
      vertex -4.2160795781788085 -22.101463141395495 3
      vertex -4.9605735065723895 -0.6266661678215203 3
      vertex -6.952882373436316 21.398771616640953 3
    endloop
  endfacet
  facet normal 0 0 -1
    outer loop
      vertex -22.322580779575752 -2.8199977551968414 -12
      vertex -22.5 0 -12
      vertex -22.322580779575752 2.8199977551968414 -12
    endloop
  endfacet
  facet normal 0 0 -1
    outer loop
      vertex -22.322580779575752 -2.8199977551968414 -12
      vertex -22.322580779575752 2.8199977551968414 -12
      vertex -21.7931211253942 5.595522461209234 -12
    endloop
  endfacet
  facet normal 0 0 -1
    outer loop
      vertex -21.7931211253942 -5.595522461209234 -12
      vertex -21.7931211253942 5.595522461209234 -12
      vertex -20.919970932485658 8.282802435405252 -12
    endloop
  endfacet
  facet normal 0 0 -1
    outer loop
      vertex -20.919970932485658 -8.282802435405252 -12
      vertex -20.919970932485658 8.282802435405252 -12
      vertex -19.71690030098693 10.839457667288595 -12
    endloop
  endfacet
  facet normal 0 0 -1
    outer loop
      vertex -19.71690030098693 -10.839457667288595 -12
      vertex -19.71690030098693 10.839457667288595 -12
      vertex -18.202882373436317 13.225168176580645 -12
    endloop
  endfacet
  facet normal 0 0 -1
    outer loop
      vertex -18.202882373436317 -13.225168176580645 -12
      vertex -18.202882373436317 13.225168176580645 -12
      vertex -16.401794116981762 15.40230988339549 -12
    endloop
  endfacet
  facet normal 0 0 -1
    outer loop
      vertex -16.401794116981762 -15.40230988339549 -12
      vertex -16.401794116981762 15.40230988339549 -12
      vertex -14.342039769345517 17.33654796245526 -12
    endloop
  endfacet
  facet normal 0 0 -1
    outer loop
      vertex -14.342039769345517 -17.33654796245526 -12
      vertex -14.342039769345517 17.33654796245526 -12
      vertex -12.056102887027427 18.99737832379534 -12
    endloop
  endfacet
  facet normal -0.9980267284282716 0.06279051952931325 0
    outer loop
      vertex -22.5 0 -12
      vertex -22.322580779575752 2.8199977551968414 3
      vertex -22.322580779575752 2.8199977551968414 -12
    endloop
  endfacet
  facet normal -0.9822872507286888 0.18738131458572418 0
    outer loop
      vertex -22.322580779575752 2.8199977551968414 -12
      vertex -21.7931211253942 5.595522461209234 3
      vertex -21.7931211253942 5.595522461209234 -12
    endloop
  endfacet
  facet normal -0.9510565162951535 0.30901699437494773 0
    outer loop
      vertex -21.7931211253942 5.595522461209234 -12
      vertex -20.919970932485658 8.282802435405252 3
      vertex -20.919970932485658 8.282802435405252 -12
    endloop
  endfacet
  facet normal -0.9048270524660195 0.42577929156507305 0
    outer loop
      vertex -20.919970932485658 8.282802435405252 -12
      vertex -19.71690030098693 10.839457667288595 3
      vertex -19.71690030098693 10.839457667288595 -12
    endloop
  endfacet
  facet normal -0.8443279255020152 0.5358267949789963 0
    outer loop
      vertex -19.71690030098693 10.839457667288595 -12
      vertex -18.202882373436317 13.225168176580645 3
      vertex -18.202882373436317 13.225168176580645 -12
    endloop
  endfacet
  facet normal -0.7705132427757891 0.63742398974869 0
    outer loop
      vertex -18.202882373436317 13.225168176580645 -12
      vertex -16.401794116981762 15.40230988339549 3
      vertex -16.401794116981762 15.40230988339549 -12
    endloop
  endfacet
  facet normal -0.6845471059286892 0.7289686274214111 0
    outer loop
      vertex -16.401794116981762 15.40230988339549 -12
      vertex -16.401794116981762 15.40230988339549 3
      vertex -14.342039769345517 17.33654796245526 -12
    endloop
  endfacet
  facet normal -0.5877852522924731 0.8090169943749473 0
    outer loop
      vertex -14.342039769345517 17.33654796245526 -12
      vertex -14.342039769345517 17.33654796245526 3
      vertex -12.056102887027427 18.99737832379534 -12
    endloop
  endfacet
  facet normal 0 0 -1
    outer loop
      vertex -12.056102887027427 -18.99737832379534 -12
      vertex -12.056102887027427 18.99737832379534 -12
      vertex -9.580034060214135 20.35860868048544 -12
    endloop
  endfacet
  facet normal 0 0 -1
    outer loop
      vertex -9.58003406021413 -20.35860868048544 -12
      vertex -9.580034060214135 20.35860868048544 -12
      vertex -6.952882373436316 21.398771616640953 -12
    endloop
  endfacet
  facet normal 0 0 -1
    outer loop
      vertex -6.952882373436316 -21.398771616640953 -12
      vertex -6.952882373436316 21.398771616640953 -12
      vertex -4.216079578178803 22.101463141395495 -12
    endloop
  endfacet
  facet normal 0 0 -1
    outer loop
      vertex -4.2160795781788085 -22.101463141395495 -12
      vertex -4.216079578178803 22.101463141395495 -12
      vertex -2.875 0 -12
    endloop
  endfacet
  facet normal 0 0 -1
    outer loop
      vertex -2.875 0 -12
      vertex -4.216079578178803 22.101463141395495 -12
      vertex -2.852329766279124 0.3603330464973742 -12
    endloop
  endfacet
  facet normal 0 0 -1
    outer loop
      vertex -2.852329766279124 0.3603330464973742 -12
      vertex -4.216079578178803 22.101463141395495 -12
      vertex -2.7846765882448143 0.7149834255989577 -12
    endloop
  endfacet
  facet normal 0 0 -1
    outer loop
      vertex -2.7846765882448143 0.7149834255989577 -12
      vertex -1.4127866894095487 22.45560138963611 -12
      vertex -2.673107396928723 1.058358088968449 -12
    endloop
  endfacet
  facet normal 0 0 -1
    outer loop
      vertex -2.673107396928723 1.058358088968449 -12
      vertex -1.4127866894095487 22.45560138963611 -12
      vertex -2.5193817051261074 1.3850418130424318 -12
    endloop
  endfacet
  facet normal 0 0 -1
    outer loop
      vertex -2.5193817051261074 1.3850418130424318 -12
      vertex -1.4127866894095487 22.45560138963611 -12
      vertex -2.325923858827974 1.6898826003408602 -12
    endloop
  endfacet
  facet normal 0 0 -1
    outer loop
      vertex -2.325923858827974 1.6898826003408602 -12
      vertex -1.4127866894095487 22.45560138963611 -12
      vertex -2.0957848038365587 1.9680729295449795 -12
    endloop
  endfacet
  facet normal 0 0 -1
    outer loop
      vertex -2.0957848038365587 1.9680729295449795 -12
      vertex -1.4127866894095487 22.45560138963611 -12
      vertex -1.8325939705274827 2.2152255729803945 -12
    endloop
  endfacet
  facet normal 0 0 -1
    outer loop
      vertex -1.8325939705274827 2.2152255729803945 -12
      vertex -1.4127866894095487 22.45560138963611 -12
      vertex -1.5405020355646157 2.427442785818293 -12
    endloop
  endfacet
  facet normal 0 0 -1
    outer loop
      vertex -1.5405020355646157 2.427442785818293 -12
      vertex -1.4127866894095487 22.45560138963611 -12
      vertex -1.224115463249584 2.601377775839806 -12
    endloop
  endfacet
  facet normal 0 0 -1
    outer loop
      vertex -1.224115463249584 2.601377775839806 -12
      vertex -1.4127866894095487 22.45560138963611 -12
      vertex -0.8884238588279738 2.7342874843485663 -12
    endloop
  endfacet
  facet normal 0 0 -1
    outer loop
      vertex -0.8884238588279738 2.7342874843485663 -12
      vertex -1.4127866894095487 22.45560138963611 -12
      vertex -0.5387212794339582 2.82407584584498 -12
    endloop
  endfacet
  facet normal 0 0 -1
    outer loop
      vertex -0.5387212794339582 2.82407584584498 -12
      vertex -1.4127866894095487 22.45560138963611 -12
      vertex -0.18052274364677567 2.869326844231281 -12
    endloop
  endfacet
  facet normal 0 0 -1
    outer loop
      vertex -0.18052274364677567 2.869326844231281 -12
      vertex -1.4127866894095487 22.45560138963611 -12
      vertex 0.18052274364677096 2.869326844231281 -12
    endloop
  endfacet
  facet normal 0 0 -1
    outer loop
      vertex -2.7846765882448143 0.7149834255989577 -12
      vertex -4.216079578178803 22.101463141395495 -12
      vertex -1.4127866894095487 22.45560138963611 -12
    endloop
  endfacet
  facet normal -0.48175367410171505 0.8763066800438637 0
    outer loop
      vertex -12.056102887027427 18.99737832379534 -12
      vertex -12.056102887027427 18.99737832379534 3
      vertex -9.580034060214135 20.35860868048544 -12
    endloop
  endfacet
  facet normal -0.3681245526846773 0.9297764858882516 0
    outer loop
      vertex -9.580034060214135 20.35860868048544 -12
      vertex -9.580034060214135 20.35860868048544 3
      vertex -6.952882373436316 21.398771616640953 -12
    endloop
  endfacet
  facet normal -0.24868988716485535 0.968583161128631 0
    outer loop
      vertex -6.952882373436316 21.398771616640953 -12
      vertex -6.952882373436316 21.398771616640953 3
      vertex -4.216079578178803 22.101463141395495 -12
    endloop
  endfacet
  facet normal -0.12533323356430473 0.9921147013144778 0
    outer loop
      vertex -4.216079578178803 22.101463141395495 -12
      vertex -4.216079578178803 22.101463141395495 3
      vertex -1.4127866894095487 22.45560138963611 -12
    endloop
  endfacet
  facet normal 0 1 0
    outer loop
      vertex -1.4127866894095487 22.45560138963611 -12
      vertex -1.4127866894095487 22.45560138963611 3
      vertex 1.4127866894095487 22.45560138963611 -12
    endloop
  endfacet
  facet normal -0.9980267284282716 0.06279051952931325 0
    outer loop
      vertex -22.5 0 -12
      vertex -22.5 0 3
      vertex -22.322580779575752 2.8199977551968414 3
    endloop
  endfacet
  facet normal -0.9822872507286888 0.18738131458572418 0
    outer loop
      vertex -22.322580779575752 2.8199977551968414 -12
      vertex -22.322580779575752 2.8199977551968414 3
      vertex -21.7931211253942 5.595522461209234 3
    endloop
  endfacet
  facet normal -0.9510565162951535 0.30901699437494773 0
    outer loop
      vertex -21.7931211253942 5.595522461209234 -12
      vertex -21.7931211253942 5.595522461209234 3
      vertex -20.919970932485658 8.282802435405252 3
    endloop
  endfacet
  facet normal -0.9048270524660195 0.42577929156507305 0
    outer loop
      vertex -20.919970932485658 8.282802435405252 -12
      vertex -20.919970932485658 8.282802435405252 3
      vertex -19.71690030098693 10.839457667288595 3
    endloop
  endfacet
  facet normal 0 0 1
    outer loop
      vertex -22.322580779575752 -2.8199977551968414 3
      vertex -22.322580779575752 2.8199977551968414 3
      vertex -22.5 0 3
    endloop
  endfacet
  facet normal 0 0 1
    outer loop
      vertex -21.7931211253942 -5.595522461209234 3
      vertex -21.7931211253942 5.595522461209234 3
      vertex -22.322580779575752 2.8199977551968414 3
    endloop
  endfacet
  facet normal 0 0 1
    outer loop
      vertex -20.919970932485658 -8.282802435405252 3
      vertex -20.919970932485658 8.282802435405252 3
      vertex -21.7931211253942 5.595522461209234 3
    endloop
  endfacet
  facet normal 0 0 1
    outer loop
      vertex -19.71690030098693 -10.839457667288595 3
      vertex -19.71690030098693 10.839457667288595 3
      vertex -20.919970932485658 8.282802435405252 3
    endloop
  endfacet
  facet normal 0 0 1
    outer loop
      vertex -18.202882373436317 -13.225168176580645 3
      vertex -18.202882373436317 13.225168176580645 3
      vertex -19.71690030098693 10.839457667288595 3
    endloop
  endfacet
  facet normal 0 0 1
    outer loop
      vertex -16.401794116981762 -15.40230988339549 3
      vertex -16.401794116981762 15.40230988339549 3
      vertex -18.202882373436317 13.225168176580645 3
    endloop
  endfacet
  facet normal 0 0 1
    outer loop
      vertex -14.342039769345517 -17.33654796245526 3
      vertex -14.342039769345517 17.33654796245526 3
      vertex -16.401794116981762 15.40230988339549 3
    endloop
  endfacet
  facet normal 0 0 1
    outer loop
      vertex -12.056102887027427 -18.99737832379534 3
      vertex -12.056102887027427 18.99737832379534 3
      vertex -14.342039769345517 17.33654796245526 3
    endloop
  endfacet
  facet normal -0.8443279255020152 0.5358267949789963 0
    outer loop
      vertex -19.71690030098693 10.839457667288595 -12
      vertex -19.71690030098693 10.839457667288595 3
      vertex -18.202882373436317 13.225168176580645 3
    endloop
  endfacet
  facet normal -0.7705132427757891 0.63742398974869 0
    outer loop
      vertex -18.202882373436317 13.225168176580645 -12
      vertex -18.202882373436317 13.225168176580645 3
      vertex -16.401794116981762 15.40230988339549 3
    endloop
  endfacet
  facet normal -0.6845471059286892 0.7289686274214111 0
    outer loop
      vertex -14.342039769345517 17.33654796245526 -12
      vertex -16.401794116981762 15.40230988339549 3
      vertex -14.342039769345517 17.33654796245526 3
    endloop
  endfacet
  facet normal -0.5877852522924731 0.8090169943749473 0
    outer loop
      vertex -12.056102887027427 18.99737832379534 -12
      vertex -14.342039769345517 17.33654796245526 3
      vertex -12.056102887027427 18.99737832379534 3
    endloop
  endfacet
  facet normal 0 0 1
    outer loop
      vertex -9.58003406021413 -20.35860868048544 3
      vertex -9.580034060214135 20.35860868048544 3
      vertex -12.056102887027427 18.99737832379534 3
    endloop
  endfacet
  facet normal 0 0 1
    outer loop
      vertex -6.952882373436316 -21.398771616640953 3
      vertex -6.952882373436316 21.398771616640953 3
      vertex -9.580034060214135 20.35860868048544 3
    endloop
  endfacet
  facet normal 0 0 1
    outer loop
      vertex -6.952882373436316 21.398771616640953 3
      vertex -4.9605735065723895 -0.6266661678215203 3
      vertex -5 0 3
    endloop
  endfacet
  facet normal 0 0 1
    outer loop
      vertex -6.952882373436316 21.398771616640953 3
      vertex -5 0 3
      vertex -4.9605735065723895 0.6266661678215203 3
    endloop
  endfacet
  facet normal 0 0 1
    outer loop
      vertex -6.952882373436316 21.398771616640953 3
      vertex -4.9605735065723895 0.6266661678215203 3
      vertex -4.842915805643155 1.2434494358242743 3
    endloop
  endfacet
  facet normal 0 0 1
    outer loop
      vertex -6.952882373436316 21.398771616640953 3
      vertex -4.842915805643155 1.2434494358242743 3
      vertex -4.648882429441257 1.8406227634233894 3
    endloop
  endfacet
  facet normal 0 0 1
    outer loop
      vertex -6.952882373436316 21.398771616640953 3
      vertex -4.648882429441257 1.8406227634233894 3
      vertex -4.381533400219317 2.408768370508577 3
    endloop
  endfacet
  facet normal 0 0 1
    outer loop
      vertex -6.952882373436316 21.398771616640953 3
      vertex -4.381533400219317 2.408768370508577 3
      vertex -4.045084971874737 2.938926261462366 3
    endloop
  endfacet
  facet normal 0 0 1
    outer loop
      vertex -4.216079578178803 22.101463141395495 3
      vertex -4.045084971874737 2.938926261462366 3
      vertex -3.6448431371070584 3.4227355296434423 3
    endloop
  endfacet
  facet normal 0 0 1
    outer loop
      vertex -4.216079578178803 22.101463141395495 3
      vertex -3.6448431371070584 3.4227355296434423 3
      vertex -3.1871199487434483 3.852566213878947 3
    endloop
  endfacet
  facet normal 0 0 1
    outer loop
      vertex -4.216079578178803 22.101463141395495 3
      vertex -3.1871199487434483 3.852566213878947 3
      vertex -2.6791339748949836 4.221639627510075 3
    endloop
  endfacet
  facet normal 0 0 1
    outer loop
      vertex -4.216079578178803 22.101463141395495 3
      vertex -2.6791339748949836 4.221639627510075 3
      vertex -2.1288964578253635 4.524135262330097 3
    endloop
  endfacet
  facet normal 0 0 1
    outer loop
      vertex -4.216079578178803 22.101463141395495 3
      vertex -2.1288964578253635 4.524135262330097 3
      vertex -1.545084971874737 4.755282581475767 3
    endloop
  endfacet
  facet normal 0 0 1
    outer loop
      vertex -4.216079578178803 22.101463141395495 3
      vertex -1.545084971874737 4.755282581475767 3
      vertex -0.9369065729286229 4.911436253643443 3
    endloop
  endfacet
  facet normal 0 0 1
    outer loop
      vertex -1.4127866894095487 22.45560138963611 3
      vertex -0.9369065729286229 4.911436253643443 3
      vertex -0.313952597646562 4.990133642141358 3
    endloop
  endfacet
  facet normal -0.48175367410171505 0.8763066800438637 0
    outer loop
      vertex -9.580034060214135 20.35860868048544 -12
      vertex -12.056102887027427 18.99737832379534 3
      vertex -9.580034060214135 20.35860868048544 3
    endloop
  endfacet
  facet normal -0.3681245526846773 0.9297764858882516 0
    outer loop
      vertex -6.952882373436316 21.398771616640953 -12
      vertex -9.580034060214135 20.35860868048544 3
      vertex -6.952882373436316 21.398771616640953 3
    endloop
  endfacet
  facet normal -0.24868988716485535 0.968583161128631 0
    outer loop
      vertex -4.216079578178803 22.101463141395495 -12
      vertex -6.952882373436316 21.398771616640953 3
      vertex -4.216079578178803 22.101463141395495 3
    endloop
  endfacet
  facet normal -0.12533323356430473 0.9921147013144778 0
    outer loop
      vertex -1.4127866894095487 22.45560138963611 -12
      vertex -4.216079578178803 22.101463141395495 3
      vertex -1.4127866894095487 22.45560138963611 3
    endloop
  endfacet
  facet normal 0 0 1
    outer loop
      vertex -6.952882373436316 21.398771616640953 3
      vertex -4.045084971874737 2.938926261462366 3
      vertex -4.216079578178803 22.101463141395495 3
    endloop
  endfacet
  facet normal 0 0 1
    outer loop
      vertex -4.216079578178803 22.101463141395495 3
      vertex -0.9369065729286229 4.911436253643443 3
      vertex -1.4127866894095487 22.45560138963611 3
    endloop
  endfacet
  facet normal 0 0 1
    outer loop
      vertex -1.4127866894095487 22.45560138963611 3
      vertex -0.313952597646562 4.990133642141358 3
      vertex 1.4127866894095487 22.45560138963611 3
    endloop
  endfacet
  facet normal 0 0 -1
    outer loop
      vertex 1.4127866894095598 -22.45560138963611 -12
      vertex 2.784676588244815 -0.7149834255989564 -12
      vertex 4.2160795781788085 -22.101463141395495 -12
    endloop
  endfacet
  facet normal 0 -1 0
    outer loop
      vertex -1.4127866894095598 -22.45560138963611 -12
      vertex 1.4127866894095598 -22.45560138963611 -12
      vertex 1.4127866894095598 -22.45560138963611 3
    endloop
  endfacet
  facet normal 0.12533323356430498 -0.9921147013144778 0
    outer loop
      vertex 1.4127866894095598 -22.45560138963611 -12
      vertex 4.2160795781788085 -22.101463141395495 -12
      vertex 4.2160795781788085 -22.101463141395495 3
    endloop
  endfacet
  facet normal 0.24868988716485585 -0.968583161128631 0
    outer loop
      vertex 4.2160795781788085 -22.101463141395495 -12
      vertex 6.952882373436316 -21.398771616640953 -12
      vertex 6.952882373436316 -21.398771616640953 3
    endloop
  endfacet
  facet normal 0.368124552684678 -0.9297764858882515 0
    outer loop
      vertex 6.952882373436316 -21.398771616640953 -12
      vertex 9.58003406021413 -20.35860868048544 -12
      vertex 9.58003406021413 -20.35860868048544 3
    endloop
  endfacet
  facet normal 0.4817536741017142 -0.8763066800438643 0
    outer loop
      vertex 9.58003406021413 -20.35860868048544 -12
      vertex 12.056102887027414 -18.997378323795346 -12
      vertex 12.056102887027414 -18.997378323795346 3
    endloop
  endfacet
  facet normal 0 0 -1
    outer loop
      vertex -0.18052274364677706 -2.869326844231281 -12
      vertex 0.18052274364677706 -2.869326844231281 -12
      vertex 1.4127866894095598 -22.45560138963611 -12
    endloop
  endfacet
  facet normal 0 0 -1
    outer loop
      vertex 1.4127866894095598 -22.45560138963611 -12
      vertex 0.18052274364677706 -2.869326844231281 -12
      vertex 0.5387212794339589 -2.82407584584498 -12
    endloop
  endfacet
  facet normal 0 0 -1
    outer loop
      vertex 1.4127866894095598 -22.45560138963611 -12
      vertex 0.5387212794339589 -2.82407584584498 -12
      vertex 0.8884238588279738 -2.7342874843485663 -12
    endloop
  endfacet
  facet normal 0 0 -1
    outer loop
      vertex 1.4127866894095598 -22.45560138963611 -12
      vertex 0.8884238588279738 -2.7342874843485663 -12
      vertex 1.2241154632495832 -2.6013777758398064 -12
    endloop
  endfacet
  facet normal 0 0 -1
    outer loop
      vertex 1.4127866894095598 -22.45560138963611 -12
      vertex 1.2241154632495832 -2.6013777758398064 -12
      vertex 1.5405020355646142 -2.427442785818294 -12
    endloop
  endfacet
  facet normal 0 0 -1
    outer loop
      vertex 1.4127866894095598 -22.45560138963611 -12
      vertex 1.5405020355646142 -2.427442785818294 -12
      vertex 1.8325939705274836 -2.2152255729803936 -12
    endloop
  endfacet
  facet normal 0 0 -1
    outer loop
      vertex 1.4127866894095598 -22.45560138963611 -12
      vertex 1.8325939705274836 -2.2152255729803936 -12
      vertex 2.0957848038365587 -1.9680729295449795 -12
    endloop
  endfacet
  facet normal 0 0 -1
    outer loop
      vertex 1.4127866894095598 -22.45560138963611 -12
      vertex 2.0957848038365587 -1.9680729295449795 -12
      vertex 2.325923858827974 -1.6898826003408602 -12
    endloop
  endfacet
  facet normal 0 0 -1
    outer loop
      vertex 1.4127866894095598 -22.45560138963611 -12
      vertex 2.325923858827974 -1.6898826003408602 -12
      vertex 2.5193817051261074 -1.3850418130424318 -12
    endloop
  endfacet
  facet normal 0 0 -1
    outer loop
      vertex 1.4127866894095598 -22.45560138963611 -12
      vertex 2.5193817051261074 -1.3850418130424318 -12
      vertex 2.6731073969287222 -1.0583580889684503 -12
    endloop
  endfacet
  facet normal 0 0 -1
    outer loop
      vertex 1.4127866894095598 -22.45560138963611 -12
      vertex 2.6731073969287222 -1.0583580889684503 -12
      vertex 2.784676588244815 -0.7149834255989564 -12
    endloop
  endfacet
  facet normal 0 0 -1
    outer loop
      vertex 4.2160795781788085 -22.101463141395495 -12
      vertex 2.784676588244815 -0.7149834255989564 -12
      vertex 2.852329766279124 -0.3603330464973742 -12
    endloop
  endfacet
  facet normal 0 0 -1
    outer loop
      vertex 4.2160795781788085 -22.101463141395495 -12
      vertex 2.852329766279124 -0.3603330464973742 -12
      vertex 2.875 0 -12
    endloop
  endfacet
  facet normal 0 0 -1
    outer loop
      vertex 4.2160795781788085 -22.101463141395495 -12
      vertex 6.952882373436316 21.398771616640953 -12
      vertex 6.952882373436316 -21.398771616640953 -12
    endloop
  endfacet
  facet normal 0 0 -1
    outer loop
      vertex 6.952882373436316 -21.398771616640953 -12
      vertex 9.580034060214135 20.35860868048544 -12
      vertex 9.58003406021413 -20.35860868048544 -12
    endloop
  endfacet
  facet normal 0 0 -1
    outer loop
      vertex 9.58003406021413 -20.35860868048544 -12
      vertex 12.056102887027425 18.99737832379534 -12
      vertex 12.056102887027414 -18.997378323795346 -12
    endloop
  endfacet
  facet normal 0.5877852522924731 -0.8090169943749473 0
    outer loop
      vertex 12.056102887027414 -18.997378323795346 -12
      vertex 14.342039769345524 -17.336547962455253 -12
      vertex 14.342039769345524 -17.336547962455253 3
    endloop
  endfacet
  facet normal 0.6845471059286892 -0.7289686274214112 0
    outer loop
      vertex 14.342039769345524 -17.336547962455253 -12
      vertex 16.401794116981762 -15.40230988339549 -12
      vertex 16.401794116981762 -15.40230988339549 3
    endloop
  endfacet
  facet normal 0.7705132427757891 -0.63742398974869 0
    outer loop
      vertex 16.401794116981762 -15.40230988339549 -12
      vertex 18.202882373436317 -13.225168176580645 -12
      vertex 16.401794116981762 -15.40230988339549 3
    endloop
  endfacet
  facet normal 0.8443279255020152 -0.5358267949789963 0
    outer loop
      vertex 18.202882373436317 -13.225168176580645 -12
      vertex 19.71690030098693 -10.839457667288595 -12
      vertex 18.202882373436317 -13.225168176580645 3
    endloop
  endfacet
  facet normal 0 0 -1
    outer loop
      vertex 12.056102887027414 -18.997378323795346 -12
      vertex 14.342039769345519 17.336547962455256 -12
      vertex 14.342039769345524 -17.336547962455253 -12
    endloop
  endfacet
  facet normal 0 0 -1
    outer loop
      vertex 14.342039769345524 -17.336547962455253 -12
      vertex 16.40179411698176 15.402309883395496 -12
      vertex 16.401794116981762 -15.40230988339549 -12
    endloop
  endfacet
  facet normal 0 0 -1
    outer loop
      vertex 16.401794116981762 -15.40230988339549 -12
      vertex 18.202882373436317 13.225168176580645 -12
      vertex 18.202882373436317 -13.225168176580645 -12
    endloop
  endfacet
  facet normal 0 0 -1
    outer loop
      vertex 18.202882373436317 -13.225168176580645 -12
      vertex 19.716900300986932 10.839457667288595 -12
      vertex 19.71690030098693 -10.839457667288595 -12
    endloop
  endfacet
  facet normal 0 0 -1
    outer loop
      vertex 19.71690030098693 -10.839457667288595 -12
      vertex 20.919970932485654 8.282802435405255 -12
      vertex 20.919970932485654 -8.282802435405262 -12
    endloop
  endfacet
  facet normal 0 0 -1
    outer loop
      vertex 20.919970932485654 -8.282802435405262 -12
      vertex 21.7931211253942 5.5955224612092325 -12
      vertex 21.7931211253942 -5.5955224612092245 -12
    endloop
  endfacet
  facet normal 0 0 -1
    outer loop
      vertex 21.7931211253942 -5.5955224612092245 -12
      vertex 22.322580779575752 2.819997755196846 -12
      vertex 22.322580779575752 -2.8199977551968414 -12
    endloop
  endfacet
  facet normal 0.9048270524660191 -0.42577929156507344 0
    outer loop
      vertex 19.71690030098693 -10.839457667288595 -12
      vertex 20.919970932485654 -8.282802435405262 -12
      vertex 19.71690030098693 -10.839457667288595 3
    endloop
  endfacet
  facet normal 0.9510565162951539 -0.30901699437494673 0
    outer loop
      vertex 20.919970932485654 -8.282802435405262 -12
      vertex 21.7931211253942 -5.5955224612092245 -12
      vertex 20.919970932485654 -8.282802435405262 3
    endloop
  endfacet
  facet normal 0.9822872507286887 -0.18738131458572485 0
    outer loop
      vertex 21.7931211253942 -5.5955224612092245 -12
      vertex 22.322580779575752 -2.8199977551968414 -12
      vertex 21.7931211253942 -5.5955224612092245 3
    endloop
  endfacet
  facet normal 0.9980267284282716 -0.06279051952931325 0
    outer loop
      vertex 22.322580779575752 -2.8199977551968414 -12
      vertex 22.5 0 -12
      vertex 22.322580779575752 -2.8199977551968414 3
    endloop
  endfacet
  facet normal 0.12533323356430498 -0.9921147013144778 0
    outer loop
      vertex 1.4127866894095598 -22.45560138963611 -12
      vertex 4.2160795781788085 -22.101463141395495 3
      vertex 1.4127866894095598 -22.45560138963611 3
    endloop
  endfacet
  facet normal 0.24868988716485585 -0.968583161128631 0
    outer loop
      vertex 4.2160795781788085 -22.101463141395495 -12
      vertex 6.952882373436316 -21.398771616640953 3
      vertex 4.2160795781788085 -22.101463141395495 3
    endloop
  endfacet
  facet normal 0.368124552684678 -0.9297764858882515 0
    outer loop
      vertex 6.952882373436316 -21.398771616640953 -12
      vertex 9.58003406021413 -20.35860868048544 3
      vertex 6.952882373436316 -21.398771616640953 3
    endloop
  endfacet
  facet normal 0.4817536741017142 -0.8763066800438643 0
    outer loop
      vertex 9.58003406021413 -20.35860868048544 -12
      vertex 12.056102887027414 -18.997378323795346 3
      vertex 9.58003406021413 -20.35860868048544 3
    endloop
  endfacet
  facet normal 0 0 1
    outer loop
      vertex -1.4127866894095598 -22.45560138963611 3
      vertex 1.4127866894095598 -22.45560138963611 3
      vertex 0.3139525976465688 -4.990133642141358 3
    endloop
  endfacet
  facet normal 0 0 1
    outer loop
      vertex 1.4127866894095598 -22.45560138963611 3
      vertex 4.2160795781788085 -22.101463141395495 3
      vertex 0.9369065729286241 -4.911436253643443 3
    endloop
  endfacet
  facet normal 0 0 1
    outer loop
      vertex 4.2160795781788085 -22.101463141395495 3
      vertex 6.952882373436316 -21.398771616640953 3
      vertex 4.045084971874737 -2.938926261462366 3
    endloop
  endfacet
  facet normal 0 0 1
    outer loop
      vertex 1.4127866894095598 -22.45560138963611 3
      vertex 0.9369065729286241 -4.911436253643443 3
      vertex 0.3139525976465688 -4.990133642141358 3
    endloop
  endfacet
  facet normal 0 0 1
    outer loop
      vertex 4.2160795781788085 -22.101463141395495 3
      vertex 1.545084971874737 -4.755282581475767 3
      vertex 0.9369065729286241 -4.911436253643443 3
    endloop
  endfacet
  facet normal 0 0 1
    outer loop
      vertex 4.2160795781788085 -22.101463141395495 3
      vertex 2.128896457825362 -4.524135262330098 3
      vertex 1.545084971874737 -4.755282581475767 3
    endloop
  endfacet
  facet normal 0 0 1
    outer loop
      vertex 4.2160795781788085 -22.101463141395495 3
      vertex 2.679133974894981 -4.2216396275100765 3
      vertex 2.128896457825362 -4.524135262330098 3
    endloop
  endfacet
  facet normal 0 0 1
    outer loop
      vertex 4.2160795781788085 -22.101463141395495 3
      vertex 3.18711994874345 -3.852566213878945 3
      vertex 2.679133974894981 -4.2216396275100765 3
    endloop
  endfacet
  facet normal 0 0 1
    outer loop
      vertex 4.2160795781788085 -22.101463141395495 3
      vertex 3.6448431371070584 -3.4227355296434423 3
      vertex 3.18711994874345 -3.852566213878945 3
    endloop
  endfacet
  facet normal 0 0 1
    outer loop
      vertex 4.2160795781788085 -22.101463141395495 3
      vertex 4.045084971874737 -2.938926261462366 3
      vertex 3.6448431371070584 -3.4227355296434423 3
    endloop
  endfacet
  facet normal 0 0 1
    outer loop
      vertex 6.952882373436316 -21.398771616640953 3
      vertex 4.381533400219317 -2.408768370508577 3
      vertex 4.045084971874737 -2.938926261462366 3
    endloop
  endfacet
  facet normal 0 0 1
    outer loop
      vertex 6.952882373436316 -21.398771616640953 3
      vertex 4.648882429441256 -1.8406227634233918 3
      vertex 4.381533400219317 -2.408768370508577 3
    endloop
  endfacet
  facet normal 0 0 1
    outer loop
      vertex 6.952882373436316 -21.398771616640953 3
      vertex 4.842915805643156 -1.2434494358242723 3
      vertex 4.648882429441256 -1.8406227634233918 3
    endloop
  endfacet
  facet normal 0 0 1
    outer loop
      vertex 6.952882373436316 -21.398771616640953 3
      vertex 4.9605735065723895 -0.6266661678215203 3
      vertex 4.842915805643156 -1.2434494358242723 3
    endloop
  endfacet
  facet normal 0 0 1
    outer loop
      vertex 6.952882373436316 -21.398771616640953 3
      vertex 5 0 3
      vertex 4.9605735065723895 -0.6266661678215203 3
    endloop
  endfacet
  facet normal 0 0 1
    outer loop
      vertex 6.952882373436316 -21.398771616640953 3
      vertex 4.9605735065723895 0.6266661678215213 3
      vertex 5 0 3
    endloop
  endfacet
  facet normal 0 0 1
    outer loop
      vertex 6.952882373436316 -21.398771616640953 3
      vertex 9.58003406021413 -20.35860868048544 3
      vertex 6.952882373436316 21.398771616640953 3
    endloop
  endfacet
  facet normal 0 0 1
    outer loop
      vertex 9.58003406021413 -20.35860868048544 3
      vertex 12.056102887027414 -18.997378323795346 3
      vertex 9.580034060214135 20.35860868048544 3
    endloop
  endfacet
  facet normal 0.5877852522924731 -0.8090169943749473 0
    outer loop
      vertex 12.056102887027414 -18.997378323795346 -12
      vertex 14.342039769345524 -17.336547962455253 3
      vertex 12.056102887027414 -18.997378323795346 3
    endloop
  endfacet
  facet normal 0.6845471059286892 -0.7289686274214112 0
    outer loop
      vertex 14.342039769345524 -17.336547962455253 -12
      vertex 16.401794116981762 -15.40230988339549 3
      vertex 14.342039769345524 -17.336547962455253 3
    endloop
  endfacet
  facet normal 0.7705132427757891 -0.63742398974869 0
    outer loop
      vertex 18.202882373436317 -13.225168176580645 -12
      vertex 18.202882373436317 -13.225168176580645 3
      vertex 16.401794116981762 -15.40230988339549 3
    endloop
  endfacet
  facet normal 0.8443279255020152 -0.5358267949789963 0
    outer loop
      vertex 19.71690030098693 -10.839457667288595 -12
      vertex 19.71690030098693 -10.839457667288595 3
      vertex 18.202882373436317 -13.225168176580645 3
    endloop
  endfacet
  facet normal 0.9048270524660191 -0.42577929156507344 0
    outer loop
      vertex 20.919970932485654 -8.282802435405262 -12
      vertex 20.919970932485654 -8.282802435405262 3
      vertex 19.71690030098693 -10.839457667288595 3
    endloop
  endfacet
  facet normal 0.9510565162951539 -0.30901699437494673 0
    outer loop
      vertex 21.7931211253942 -5.5955224612092245 -12
      vertex 21.7931211253942 -5.5955224612092245 3
      vertex 20.919970932485654 -8.282802435405262 3
    endloop
  endfacet
  facet normal 0.9822872507286887 -0.18738131458572485 0
    outer loop
      vertex 22.322580779575752 -2.8199977551968414 -12
      vertex 22.322580779575752 -2.8199977551968414 3
      vertex 21.7931211253942 -5.5955224612092245 3
    endloop
  endfacet
  facet normal 0.9980267284282716 -0.06279051952931325 0
    outer loop
      vertex 22.322580779575752 -2.8199977551968414 3
      vertex 22.5 0 -12
      vertex 22.5 0 3
    endloop
  endfacet
  facet normal 0 0 1
    outer loop
      vertex 12.056102887027414 -18.997378323795346 3
      vertex 14.342039769345524 -17.336547962455253 3
      vertex 12.056102887027425 18.99737832379534 3
    endloop
  endfacet
  facet normal 0 0 1
    outer loop
      vertex 14.342039769345524 -17.336547962455253 3
      vertex 16.401794116981762 -15.40230988339549 3
      vertex 14.342039769345519 17.336547962455256 3
    endloop
  endfacet
  facet normal 0 0 1
    outer loop
      vertex 16.401794116981762 -15.40230988339549 3
      vertex 18.202882373436317 -13.225168176580645 3
      vertex 16.40179411698176 15.402309883395496 3
    endloop
  endfacet
  facet normal 0 0 1
    outer loop
      vertex 18.202882373436317 -13.225168176580645 3
      vertex 19.71690030098693 -10.839457667288595 3
      vertex 18.202882373436317 13.225168176580645 3
    endloop
  endfacet
  facet normal 0 0 1
    outer loop
      vertex 19.71690030098693 -10.839457667288595 3
      vertex 20.919970932485654 -8.282802435405262 3
      vertex 19.716900300986932 10.839457667288595 3
    endloop
  endfacet
  facet normal 0 0 1
    outer loop
      vertex 20.919970932485654 -8.282802435405262 3
      vertex 21.7931211253942 -5.5955224612092245 3
      vertex 20.919970932485654 8.282802435405255 3
    endloop
  endfacet
  facet normal 0 0 1
    outer loop
      vertex 21.7931211253942 -5.5955224612092245 3
      vertex 22.322580779575752 -2.8199977551968414 3
      vertex 21.7931211253942 5.5955224612092325 3
    endloop
  endfacet
  facet normal 0 0 -1
    outer loop
      vertex 4.2160795781788085 -22.101463141395495 -12
      vertex 2.875 0 -12
      vertex 4.216079578178803 22.101463141395495 -12
    endloop
  endfacet
  facet normal 0 0 -1
    outer loop
      vertex 0.18052274364677096 2.869326844231281 -12
      vertex 1.4127866894095487 22.45560138963611 -12
      vertex 0.5387212794339582 2.82407584584498 -12
    endloop
  endfacet
  facet normal 0 0 -1
    outer loop
      vertex 0.8884238588279738 2.7342874843485663 -12
      vertex 0.5387212794339582 2.82407584584498 -12
      vertex 1.4127866894095487 22.45560138963611 -12
    endloop
  endfacet
  facet normal 0 0 -1
    outer loop
      vertex 0.8884238588279738 2.7342874843485663 -12
      vertex 1.4127866894095487 22.45560138963611 -12
      vertex 1.224115463249584 2.601377775839806 -12
    endloop
  endfacet
  facet normal 0 0 -1
    outer loop
      vertex 1.224115463249584 2.601377775839806 -12
      vertex 4.216079578178803 22.101463141395495 -12
      vertex 1.5405020355646153 2.427442785818293 -12
    endloop
  endfacet
  facet normal 0 0 -1
    outer loop
      vertex 2.0957848038365583 1.9680729295449801 -12
      vertex 1.832593970527483 2.2152255729803936 -12
      vertex 4.216079578178803 22.101463141395495 -12
    endloop
  endfacet
  facet normal 0 0 -1
    outer loop
      vertex 1.5405020355646153 2.427442785818293 -12
      vertex 4.216079578178803 22.101463141395495 -12
      vertex 1.832593970527483 2.2152255729803936 -12
    endloop
  endfacet
  facet normal 0 0 -1
    outer loop
      vertex 2.875 0 -12
      vertex 2.852329766279124 0.36033304649737474 -12
      vertex 4.216079578178803 22.101463141395495 -12
    endloop
  endfacet
  facet normal 0 0 -1
    outer loop
      vertex 2.519381705126108 1.3850418130424316 -12
      vertex 4.216079578178803 22.101463141395495 -12
      vertex 2.6731073969287227 1.0583580889684492 -12
    endloop
  endfacet
  facet normal 0 0 -1
    outer loop
      vertex 2.519381705126108 1.3850418130424316 -12
      vertex 2.325923858827974 1.6898826003408602 -12
      vertex 4.216079578178803 22.101463141395495 -12
    endloop
  endfacet
  facet normal 0 0 -1
    outer loop
      vertex 2.7846765882448143 0.7149834255989576 -12
      vertex 4.216079578178803 22.101463141395495 -12
      vertex 2.852329766279124 0.36033304649737474 -12
    endloop
  endfacet
  facet normal 0 0 -1
    outer loop
      vertex 2.7846765882448143 0.7149834255989576 -12
      vertex 2.6731073969287227 1.0583580889684492 -12
      vertex 4.216079578178803 22.101463141395495 -12
    endloop
  endfacet
  facet normal 0 0 -1
    outer loop
      vertex 4.2160795781788085 -22.101463141395495 -12
      vertex 4.216079578178803 22.101463141395495 -12
      vertex 6.952882373436316 21.398771616640953 -12
    endloop
  endfacet
  facet normal 0 0 -1
    outer loop
      vertex 2.0957848038365583 1.9680729295449801 -12
      vertex 4.216079578178803 22.101463141395495 -12
      vertex 2.325923858827974 1.6898826003408602 -12
    endloop
  endfacet
  facet normal 0 0 -1
    outer loop
      vertex 6.952882373436316 -21.398771616640953 -12
      vertex 6.952882373436316 21.398771616640953 -12
      vertex 9.580034060214135 20.35860868048544 -12
    endloop
  endfacet
  facet normal 0 0 -1
    outer loop
      vertex 9.58003406021413 -20.35860868048544 -12
      vertex 9.580034060214135 20.35860868048544 -12
      vertex 12.056102887027425 18.99737832379534 -12
    endloop
  endfacet
  facet normal 0 0 -1
    outer loop
      vertex -1.4127866894095487 22.45560138963611 -12
      vertex 1.4127866894095487 22.45560138963611 -12
      vertex 0.18052274364677096 2.869326844231281 -12
    endloop
  endfacet
  facet normal 0 0 -1
    outer loop
      vertex 1.224115463249584 2.601377775839806 -12
      vertex 1.4127866894095487 22.45560138963611 -12
      vertex 4.216079578178803 22.101463141395495 -12
    endloop
  endfacet
  facet normal 0.12533323356430473 0.9921147013144778 0
    outer loop
      vertex 1.4127866894095487 22.45560138963611 -12
      vertex 1.4127866894095487 22.45560138963611 3
      vertex 4.216079578178803 22.101463141395495 -12
    endloop
  endfacet
  facet normal 0.24868988716485535 0.968583161128631 0
    outer loop
      vertex 4.216079578178803 22.101463141395495 -12
      vertex 4.216079578178803 22.101463141395495 3
      vertex 6.952882373436316 21.398771616640953 -12
    endloop
  endfacet
  facet normal 0.3681245526846773 0.9297764858882516 0
    outer loop
      vertex 6.952882373436316 21.398771616640953 -12
      vertex 6.952882373436316 21.398771616640953 3
      vertex 9.580034060214135 20.35860868048544 -12
    endloop
  endfacet
  facet normal 0.4817536741017154 0.8763066800438636 0
    outer loop
      vertex 9.580034060214135 20.35860868048544 -12
      vertex 9.580034060214135 20.35860868048544 3
      vertex 12.056102887027425 18.99737832379534 -12
    endloop
  endfacet
  facet normal 0 0 -1
    outer loop
      vertex 14.342039769345524 -17.336547962455253 -12
      vertex 14.342039769345519 17.336547962455256 -12
      vertex 16.40179411698176 15.402309883395496 -12
    endloop
  endfacet
  facet normal 0 0 -1
    outer loop
      vertex 12.056102887027414 -18.997378323795346 -12
      vertex 12.056102887027425 18.99737832379534 -12
      vertex 14.342039769345519 17.336547962455256 -12
    endloop
  endfacet
  facet normal 0 0 -1
    outer loop
      vertex 16.401794116981762 -15.40230988339549 -12
      vertex 16.40179411698176 15.402309883395496 -12
      vertex 18.202882373436317 13.225168176580645 -12
    endloop
  endfacet
  facet normal 0 0 -1
    outer loop
      vertex 18.202882373436317 -13.225168176580645 -12
      vertex 18.202882373436317 13.225168176580645 -12
      vertex 19.716900300986932 10.839457667288595 -12
    endloop
  endfacet
  facet normal 0 0 -1
    outer loop
      vertex 19.71690030098693 -10.839457667288595 -12
      vertex 19.716900300986932 10.839457667288595 -12
      vertex 20.919970932485654 8.282802435405255 -12
    endloop
  endfacet
  facet normal 0 0 -1
    outer loop
      vertex 22.322580779575752 -2.8199977551968414 -12
      vertex 22.322580779575752 2.819997755196846 -12
      vertex 22.5 0 -12
    endloop
  endfacet
  facet normal 0 0 -1
    outer loop
      vertex 21.7931211253942 -5.5955224612092245 -12
      vertex 21.7931211253942 5.5955224612092325 -12
      vertex 22.322580779575752 2.819997755196846 -12
    endloop
  endfacet
  facet normal 0 0 -1
    outer loop
      vertex 20.919970932485654 -8.282802435405262 -12
      vertex 20.919970932485654 8.282802435405255 -12
      vertex 21.7931211253942 5.5955224612092325 -12
    endloop
  endfacet
  facet normal 0.9980267284282716 0.06279051952931315 0
    outer loop
      vertex 22.5 0 -12
      vertex 22.322580779575752 2.819997755196846 -12
      vertex 22.5 0 3
    endloop
  endfacet
  facet normal 0.9822872507286887 0.1873813145857246 0
    outer loop
      vertex 22.322580779575752 2.819997755196846 -12
      vertex 21.7931211253942 5.5955224612092325 -12
      vertex 22.322580779575752 2.819997755196846 3
    endloop
  endfacet
  facet normal 0.9510565162951533 0.3090169943749483 0
    outer loop
      vertex 21.7931211253942 5.5955224612092325 -12
      vertex 20.919970932485654 8.282802435405255 -12
      vertex 21.7931211253942 5.5955224612092325 3
    endloop
  endfacet
  facet normal 0.9048270524660201 0.42577929156507144 0
    outer loop
      vertex 20.919970932485654 8.282802435405255 -12
      vertex 19.716900300986932 10.839457667288595 -12
      vertex 20.919970932485654 8.282802435405255 3
    endloop
  endfacet
  facet normal 0.6845471059286884 0.7289686274214118 0
    outer loop
      vertex 16.40179411698176 15.402309883395496 -12
      vertex 14.342039769345519 17.336547962455256 -12
      vertex 14.342039769345519 17.336547962455256 3
    endloop
  endfacet
  facet normal 0.5877852522924735 0.8090169943749472 0
    outer loop
      vertex 12.056102887027425 18.99737832379534 -12
      vertex 12.056102887027425 18.99737832379534 3
      vertex 14.342039769345519 17.336547962455256 -12
    endloop
  endfacet
  facet normal 0.7705132427757891 0.6374239897486897 0
    outer loop
      vertex 16.40179411698176 15.402309883395496 -12
      vertex 18.202882373436317 13.225168176580645 3
      vertex 18.202882373436317 13.225168176580645 -12
    endloop
  endfacet
  facet normal 0.8443279255020146 0.5358267949789972 0
    outer loop
      vertex 19.716900300986932 10.839457667288595 -12
      vertex 18.202882373436317 13.225168176580645 -12
      vertex 19.716900300986932 10.839457667288595 3
    endloop
  endfacet
  facet normal 0 0 1
    outer loop
      vertex 6.952882373436316 -21.398771616640953 3
      vertex 4.216079578178803 22.101463141395495 3
      vertex 4.9605735065723895 0.6266661678215213 3
    endloop
  endfacet
  facet normal 0 0 1
    outer loop
      vertex 1.4127866894095487 22.45560138963611 3
      vertex -0.313952597646562 4.990133642141358 3
      vertex 0.31395259764656636 4.990133642141358 3
    endloop
  endfacet
  facet normal 0 0 1
    outer loop
      vertex 1.4127866894095487 22.45560138963611 3
      vertex 0.31395259764656636 4.990133642141358 3
      vertex 0.9369065729286229 4.911436253643443 3
    endloop
  endfacet
  facet normal 0 0 1
    outer loop
      vertex 1.4127866894095487 22.45560138963611 3
      vertex 0.9369065729286229 4.911436253643443 3
      vertex 1.545084971874737 4.755282581475767 3
    endloop
  endfacet
  facet normal 0 0 1
    outer loop
      vertex 1.4127866894095487 22.45560138963611 3
      vertex 2.1288964578253635 4.524135262330097 3
      vertex 2.679133974894983 4.221639627510076 3
    endloop
  endfacet
  facet normal 0 0 1
    outer loop
      vertex 1.4127866894095487 22.45560138963611 3
      vertex 1.545084971874737 4.755282581475767 3
      vertex 2.1288964578253635 4.524135262330097 3
    endloop
  endfacet
  facet normal 0 0 1
    outer loop
      vertex 4.216079578178803 22.101463141395495 3
      vertex 4.648882429441256 1.8406227634233898 3
      vertex 4.842915805643155 1.243449435824274 3
    endloop
  endfacet
  facet normal 0 0 1
    outer loop
      vertex 4.216079578178803 22.101463141395495 3
      vertex 4.842915805643155 1.243449435824274 3
      vertex 4.9605735065723895 0.6266661678215213 3
    endloop
  endfacet
  facet normal 0 0 1
    outer loop
      vertex 4.216079578178803 22.101463141395495 3
      vertex 3.1871199487434487 3.8525662138789456 3
      vertex 3.644843137107058 3.4227355296434436 3
    endloop
  endfacet
  facet normal 0 0 1
    outer loop
      vertex 4.216079578178803 22.101463141395495 3
      vertex 4.045084971874737 2.938926261462366 3
      vertex 4.381533400219318 2.4087683705085765 3
    endloop
  endfacet
  facet normal 0 0 1
    outer loop
      vertex 4.216079578178803 22.101463141395495 3
      vertex 3.644843137107058 3.4227355296434436 3
      vertex 4.045084971874737 2.938926261462366 3
    endloop
  endfacet
  facet normal 0 0 1
    outer loop
      vertex 4.216079578178803 22.101463141395495 3
      vertex 2.679133974894983 4.221639627510076 3
      vertex 3.1871199487434487 3.8525662138789456 3
    endloop
  endfacet
  facet normal 0 0 1
    outer loop
      vertex 4.216079578178803 22.101463141395495 3
      vertex 4.381533400219318 2.4087683705085765 3
      vertex 4.648882429441256 1.8406227634233898 3
    endloop
  endfacet
  facet normal 0 0 1
    outer loop
      vertex 6.952882373436316 -21.398771616640953 3
      vertex 6.952882373436316 21.398771616640953 3
      vertex 4.216079578178803 22.101463141395495 3
    endloop
  endfacet
  facet normal 0 0 1
    outer loop
      vertex 9.58003406021413 -20.35860868048544 3
      vertex 9.580034060214135 20.35860868048544 3
      vertex 6.952882373436316 21.398771616640953 3
    endloop
  endfacet
  facet normal 0 0 1
    outer loop
      vertex 12.056102887027414 -18.997378323795346 3
      vertex 12.056102887027425 18.99737832379534 3
      vertex 9.580034060214135 20.35860868048544 3
    endloop
  endfacet
  facet normal 0 1 0
    outer loop
      vertex -1.4127866894095487 22.45560138963611 3
      vertex 1.4127866894095487 22.45560138963611 3
      vertex 1.4127866894095487 22.45560138963611 -12
    endloop
  endfacet
  facet normal 0.12533323356430473 0.9921147013144778 0
    outer loop
      vertex 4.216079578178803 22.101463141395495 -12
      vertex 1.4127866894095487 22.45560138963611 3
      vertex 4.216079578178803 22.101463141395495 3
    endloop
  endfacet
  facet normal 0.24868988716485535 0.968583161128631 0
    outer loop
      vertex 6.952882373436316 21.398771616640953 -12
      vertex 4.216079578178803 22.101463141395495 3
      vertex 6.952882373436316 21.398771616640953 3
    endloop
  endfacet
  facet normal 0.4817536741017154 0.8763066800438636 0
    outer loop
      vertex 12.056102887027425 18.99737832379534 -12
      vertex 9.580034060214135 20.35860868048544 3
      vertex 12.056102887027425 18.99737832379534 3
    endloop
  endfacet
  facet normal 0.3681245526846773 0.9297764858882516 0
    outer loop
      vertex 9.580034060214135 20.35860868048544 -12
      vertex 6.952882373436316 21.398771616640953 3
      vertex 9.580034060214135 20.35860868048544 3
    endloop
  endfacet
  facet normal 0 0 1
    outer loop
      vertex 1.4127866894095487 22.45560138963611 3
      vertex 2.679133974894983 4.221639627510076 3
      vertex 4.216079578178803 22.101463141395495 3
    endloop
  endfacet
  facet normal 0.9980267284282716 0.06279051952931315 0
    outer loop
      vertex 22.322580779575752 2.819997755196846 -12
      vertex 22.322580779575752 2.819997755196846 3
      vertex 22.5 0 3
    endloop
  endfacet
  facet normal 0.9822872507286887 0.1873813145857246 0
    outer loop
      vertex 21.7931211253942 5.5955224612092325 -12
      vertex 21.7931211253942 5.5955224612092325 3
      vertex 22.322580779575752 2.819997755196846 3
    endloop
  endfacet
  facet normal 0.9510565162951533 0.3090169943749483 0
    outer loop
      vertex 20.919970932485654 8.282802435405255 -12
      vertex 20.919970932485654 8.282802435405255 3
      vertex 21.7931211253942 5.5955224612092325 3
    endloop
  endfacet
  facet normal 0.9048270524660201 0.42577929156507144 0
    outer loop
      vertex 19.716900300986932 10.839457667288595 -12
      vertex 19.716900300986932 10.839457667288595 3
      vertex 20.919970932485654 8.282802435405255 3
    endloop
  endfacet
  facet normal 0 0 1
    outer loop
      vertex 14.342039769345524 -17.336547962455253 3
      vertex 14.342039769345519 17.336547962455256 3
      vertex 12.056102887027425 18.99737832379534 3
    endloop
  endfacet
  facet normal 0 0 1
    outer loop
      vertex 16.401794116981762 -15.40230988339549 3
      vertex 16.40179411698176 15.402309883395496 3
      vertex 14.342039769345519 17.336547962455256 3
    endloop
  endfacet
  facet normal 0 0 1
    outer loop
      vertex 18.202882373436317 -13.225168176580645 3
      vertex 18.202882373436317 13.225168176580645 3
      vertex 16.40179411698176 15.402309883395496 3
    endloop
  endfacet
  facet normal 0 0 1
    outer loop
      vertex 19.71690030098693 -10.839457667288595 3
      vertex 19.716900300986932 10.839457667288595 3
      vertex 18.202882373436317 13.225168176580645 3
    endloop
  endfacet
  facet normal 0 0 1
    outer loop
      vertex 22.322580779575752 -2.8199977551968414 3
      vertex 22.5 0 3
      vertex 22.322580779575752 2.819997755196846 3
    endloop
  endfacet
  facet normal 0 0 1
    outer loop
      vertex 21.7931211253942 -5.5955224612092245 3
      vertex 21.7931211253942 5.5955224612092325 3
      vertex 20.919970932485654 8.282802435405255 3
    endloop
  endfacet
  facet normal 0 0 1
    outer loop
      vertex 22.322580779575752 -2.8199977551968414 3
      vertex 22.322580779575752 2.819997755196846 3
      vertex 21.7931211253942 5.5955224612092325 3
    endloop
  endfacet
  facet normal 0 0 1
    outer loop
      vertex 20.919970932485654 -8.282802435405262 3
      vertex 20.919970932485654 8.282802435405255 3
      vertex 19.716900300986932 10.839457667288595 3
    endloop
  endfacet
  facet normal 0.6845471059286884 0.7289686274214118 0
    outer loop
      vertex 16.40179411698176 15.402309883395496 -12
      vertex 14.342039769345519 17.336547962455256 3
      vertex 16.40179411698176 15.402309883395496 3
    endloop
  endfacet
  facet normal 0.5877852522924735 0.8090169943749472 0
    outer loop
      vertex 14.342039769345519 17.336547962455256 -12
      vertex 12.056102887027425 18.99737832379534 3
      vertex 14.342039769345519 17.336547962455256 3
    endloop
  endfacet
  facet normal 0.8443279255020146 0.5358267949789972 0
    outer loop
      vertex 18.202882373436317 13.225168176580645 -12
      vertex 18.202882373436317 13.225168176580645 3
      vertex 19.716900300986932 10.839457667288595 3
    endloop
  endfacet
  facet normal 0.7705132427757891 0.6374239897486897 0
    outer loop
      vertex 16.40179411698176 15.402309883395496 -12
      vertex 16.40179411698176 15.402309883395496 3
      vertex 18.202882373436317 13.225168176580645 3
    endloop
  endfacet
  facet normal -0.9980267284282714 -0.06279051952931329 0
    outer loop
      vertex -2.852329766279124 -0.3603330464973742 -15
      vertex -2.852329766279124 -0.3603330464973742 -12
      vertex -2.875 0 -15
    endloop
  endfacet
  facet normal -0.9822872507286887 -0.18738131458572477 0
    outer loop
      vertex -2.852329766279124 -0.3603330464973742 -15
      vertex -2.7846765882448143 -0.7149834255989577 -12
      vertex -2.852329766279124 -0.3603330464973742 -12
    endloop
  endfacet
  facet normal -0.9980267284282714 -0.06279051952931329 0
    outer loop
      vertex -2.852329766279124 -0.3603330464973742 -12
      vertex -2.875 0 -12
      vertex -2.875 0 -15
    endloop
  endfacet
  facet normal -0.12533323356430495 -0.9921147013144777 0
    outer loop
      vertex -0.5387212794339589 -2.82407584584498 -15
      vertex -0.18052274364677706 -2.869326844231281 -15
      vertex -0.18052274364677706 -2.869326844231281 -12
    endloop
  endfacet
  facet normal -0.12533323356430495 -0.9921147013144777 0
    outer loop
      vertex -0.5387212794339589 -2.82407584584498 -15
      vertex -0.18052274364677706 -2.869326844231281 -12
      vertex -0.5387212794339589 -2.82407584584498 -12
    endloop
  endfacet
  facet normal 0 -1 0
    outer loop
      vertex -0.18052274364677706 -2.869326844231281 -15
      vertex 0.18052274364677706 -2.869326844231281 -12
      vertex -0.18052274364677706 -2.869326844231281 -12
    endloop
  endfacet
  facet normal -0.7705132427757894 -0.6374239897486896 0
    outer loop
      vertex -2.325923858827974 -1.6898826003408602 -15
      vertex -2.0957848038365587 -1.9680729295449795 -15
      vertex -2.0957848038365587 -1.9680729295449795 -12
    endloop
  endfacet
  facet normal -0.8443279255020155 -0.5358267949789958 0
    outer loop
      vertex -2.325923858827974 -1.6898826003408602 -15
      vertex -2.325923858827974 -1.6898826003408602 -12
      vertex -2.5193817051261074 -1.3850418130424318 -15
    endloop
  endfacet
  facet normal -0.6845471059286888 -0.7289686274214112 0
    outer loop
      vertex -1.8325939705274827 -2.2152255729803945 -15
      vertex -1.8325939705274827 -2.2152255729803945 -12
      vertex -2.0957848038365587 -1.9680729295449795 -15
    endloop
  endfacet
  facet normal -0.5877852522924729 -0.8090169943749476 0
    outer loop
      vertex -1.8325939705274827 -2.2152255729803945 -15
      vertex -1.5405020355646157 -2.427442785818293 -15
      vertex -1.5405020355646157 -2.427442785818293 -12
    endloop
  endfacet
  facet normal 0 0 -1
    outer loop
      vertex -2.673107396928723 -1.058358088968449 -15
      vertex -2.5193817051261074 1.3850418130424318 -15
      vertex -2.5193817051261074 -1.3850418130424318 -15
    endloop
  endfacet
  facet normal 0 0 -1
    outer loop
      vertex -2.673107396928723 -1.058358088968449 -15
      vertex -2.7846765882448143 -0.7149834255989577 -15
      vertex -2.673107396928723 1.058358088968449 -15
    endloop
  endfacet
  facet normal 0 0 -1
    outer loop
      vertex -2.852329766279124 -0.3603330464973742 -15
      vertex -2.7846765882448143 0.7149834255989577 -15
      vertex -2.7846765882448143 -0.7149834255989577 -15
    endloop
  endfacet
  facet normal 0 0 -1
    outer loop
      vertex -2.325923858827974 -1.6898826003408602 -15
      vertex -2.5193817051261074 -1.3850418130424318 -15
      vertex -2.325923858827974 1.6898826003408602 -15
    endloop
  endfacet
  facet normal 0 0 -1
    outer loop
      vertex -2.325923858827974 -1.6898826003408602 -15
      vertex -2.0957848038365587 1.9680729295449795 -15
      vertex -2.0957848038365587 -1.9680729295449795 -15
    endloop
  endfacet
  facet normal 0 0 -1
    outer loop
      vertex -1.8325939705274827 -2.2152255729803945 -15
      vertex -1.5405020355646157 2.427442785818293 -15
      vertex -1.5405020355646157 -2.427442785818293 -15
    endloop
  endfacet
  facet normal 0 0 -1
    outer loop
      vertex -1.5405020355646157 -2.427442785818293 -15
      vertex -1.35 0 -15
      vertex -1.3393548467745453 -0.1691998653118105 -15
    endloop
  endfacet
  facet normal 0 0 -1
    outer loop
      vertex -1.5405020355646157 -2.427442785818293 -15
      vertex -1.3393548467745453 0.1691998653118105 -15
      vertex -1.35 0 -15
    endloop
  endfacet
  facet normal 0 0 -1
    outer loop
      vertex -1.8325939705274827 -2.2152255729803945 -15
      vertex -2.0957848038365587 -1.9680729295449795 -15
      vertex -1.8325939705274827 2.2152255729803945 -15
    endloop
  endfacet
  facet normal -0.9048270524660189 -0.4257792915650738 0
    outer loop
      vertex -2.673107396928723 -1.058358088968449 -15
      vertex -2.5193817051261074 -1.3850418130424318 -15
      vertex -2.5193817051261074 -1.3850418130424318 -12
    endloop
  endfacet
  facet normal -0.9510565162951539 -0.3090169943749465 0
    outer loop
      vertex -2.673107396928723 -1.058358088968449 -15
      vertex -2.673107396928723 -1.058358088968449 -12
      vertex -2.7846765882448143 -0.7149834255989577 -15
    endloop
  endfacet
  facet normal -0.9822872507286887 -0.18738131458572477 0
    outer loop
      vertex -2.852329766279124 -0.3603330464973742 -15
      vertex -2.7846765882448143 -0.7149834255989577 -15
      vertex -2.7846765882448143 -0.7149834255989577 -12
    endloop
  endfacet
  facet normal 0 0 -1
    outer loop
      vertex -1.2241154632495832 -2.6013777758398064 -15
      vertex -0.8605223861607311 -1.0401928777473157 -15
      vertex -0.8884238588279738 -2.7342874843485663 -15
    endloop
  endfacet
  facet normal 0 0 -1
    outer loop
      vertex -1.5405020355646157 -2.427442785818293 -15
      vertex -1.1830140180592157 -0.6503674600373158 -15
      vertex -1.2241154632495832 -2.6013777758398064 -15
    endloop
  endfacet
  facet normal 0 0 -1
    outer loop
      vertex -1.2241154632495832 -2.6013777758398064 -15
      vertex -1.0921729424061792 -0.7935100905948388 -15
      vertex -0.9841076470189059 -0.9241385930037296 -15
    endloop
  endfacet
  facet normal 0 0 -1
    outer loop
      vertex -1.2241154632495832 -2.6013777758398064 -15
      vertex -0.9841076470189059 -0.9241385930037296 -15
      vertex -0.8605223861607311 -1.0401928777473157 -15
    endloop
  endfacet
  facet normal 0 0 -1
    outer loop
      vertex -0.8884238588279738 -2.7342874843485663 -15
      vertex -0.8605223861607311 -1.0401928777473157 -15
      vertex -0.7233661732216456 -1.1398426994277202 -15
    endloop
  endfacet
  facet normal 0 0 -1
    outer loop
      vertex -0.8884238588279738 -2.7342874843485663 -15
      vertex -0.7233661732216456 -1.1398426994277202 -15
      vertex -0.5748020436128478 -1.2215165208291265 -15
    endloop
  endfacet
  facet normal 0 0 -1
    outer loop
      vertex -0.5387212794339589 -2.82407584584498 -15
      vertex -0.8884238588279738 -2.7342874843485663 -15
      vertex -0.417172942406179 -1.2839262969984573 -15
    endloop
  endfacet
  facet normal 0 0 -1
    outer loop
      vertex -0.5387212794339589 -2.82407584584498 -15
      vertex -0.08476720136457358 -1.3473360833781667 -15
      vertex -0.18052274364677706 -2.869326844231281 -15
    endloop
  endfacet
  facet normal 0 0 -1
    outer loop
      vertex -0.18052274364677706 -2.869326844231281 -15
      vertex -0.08476720136457358 -1.3473360833781667 -15
      vertex 0.18052274364677706 -2.869326844231281 -15
    endloop
  endfacet
  facet normal 0 0 -1
    outer loop
      vertex -0.5387212794339589 -2.82407584584498 -15
      vertex -0.417172942406179 -1.2839262969984573 -15
      vertex -0.25296477469072853 -1.3260877884837297 -15
    endloop
  endfacet
  facet normal 0 0 -1
    outer loop
      vertex -0.8884238588279738 -2.7342874843485663 -15
      vertex -0.5748020436128478 -1.2215165208291265 -15
      vertex -0.417172942406179 -1.2839262969984573 -15
    endloop
  endfacet
  facet normal 0 0 -1
    outer loop
      vertex -0.5387212794339589 -2.82407584584498 -15
      vertex -0.25296477469072853 -1.3260877884837297 -15
      vertex -0.08476720136457358 -1.3473360833781667 -15
    endloop
  endfacet
  facet normal -0.48175367410171493 -0.8763066800438637 0
    outer loop
      vertex -1.5405020355646157 -2.427442785818293 -15
      vertex -1.2241154632495832 -2.6013777758398064 -15
      vertex -1.2241154632495832 -2.6013777758398064 -12
    endloop
  endfacet
  facet normal -0.36812455268467725 -0.9297764858882517 0
    outer loop
      vertex -1.2241154632495832 -2.6013777758398064 -15
      vertex -0.8884238588279738 -2.7342874843485663 -15
      vertex -0.8884238588279738 -2.7342874843485663 -12
    endloop
  endfacet
  facet normal -0.24868988716485577 -0.9685831611286309 0
    outer loop
      vertex -0.5387212794339589 -2.82407584584498 -15
      vertex -0.5387212794339589 -2.82407584584498 -12
      vertex -0.8884238588279738 -2.7342874843485663 -15
    endloop
  endfacet
  facet normal 0 0 -1
    outer loop
      vertex -1.5405020355646157 -2.427442785818293 -15
      vertex -1.2551982559491395 -0.49696814612431517 -15
      vertex -1.1830140180592157 -0.6503674600373158 -15
    endloop
  endfacet
  facet normal 0 0 -1
    outer loop
      vertex -1.5405020355646157 -2.427442785818293 -15
      vertex -1.307587267523652 -0.3357313476725541 -15
      vertex -1.2551982559491395 -0.49696814612431517 -15
    endloop
  endfacet
  facet normal 0 0 -1
    outer loop
      vertex -1.2241154632495832 -2.6013777758398064 -15
      vertex -1.1830140180592157 -0.6503674600373158 -15
      vertex -1.0921729424061792 -0.7935100905948388 -15
    endloop
  endfacet
  facet normal 0 0 -1
    outer loop
      vertex -1.5405020355646157 -2.427442785818293 -15
      vertex -1.3393548467745453 -0.1691998653118105 -15
      vertex -1.307587267523652 -0.3357313476725541 -15
    endloop
  endfacet
  facet normal -0.7705132427757894 -0.6374239897486896 0
    outer loop
      vertex -2.325923858827974 -1.6898826003408602 -15
      vertex -2.0957848038365587 -1.9680729295449795 -12
      vertex -2.325923858827974 -1.6898826003408602 -12
    endloop
  endfacet
  facet normal -0.8443279255020155 -0.5358267949789958 0
    outer loop
      vertex -2.5193817051261074 -1.3850418130424318 -15
      vertex -2.325923858827974 -1.6898826003408602 -12
      vertex -2.5193817051261074 -1.3850418130424318 -12
    endloop
  endfacet
  facet normal -0.48175367410171493 -0.8763066800438637 0
    outer loop
      vertex -1.5405020355646157 -2.427442785818293 -15
      vertex -1.2241154632495832 -2.6013777758398064 -12
      vertex -1.5405020355646157 -2.427442785818293 -12
    endloop
  endfacet
  facet normal -0.5877852522924729 -0.8090169943749476 0
    outer loop
      vertex -1.8325939705274827 -2.2152255729803945 -15
      vertex -1.5405020355646157 -2.427442785818293 -12
      vertex -1.8325939705274827 -2.2152255729803945 -12
    endloop
  endfacet
  facet normal -0.6845471059286888 -0.7289686274214112 0
    outer loop
      vertex -2.0957848038365587 -1.9680729295449795 -15
      vertex -1.8325939705274827 -2.2152255729803945 -12
      vertex -2.0957848038365587 -1.9680729295449795 -12
    endloop
  endfacet
  facet normal -0.9048270524660189 -0.4257792915650738 0
    outer loop
      vertex -2.673107396928723 -1.058358088968449 -15
      vertex -2.5193817051261074 -1.3850418130424318 -12
      vertex -2.673107396928723 -1.058358088968449 -12
    endloop
  endfacet
  facet normal -0.9510565162951539 -0.3090169943749465 0
    outer loop
      vertex -2.7846765882448143 -0.7149834255989577 -15
      vertex -2.673107396928723 -1.058358088968449 -12
      vertex -2.7846765882448143 -0.7149834255989577 -12
    endloop
  endfacet
  facet normal -0.36812455268467725 -0.9297764858882517 0
    outer loop
      vertex -1.2241154632495832 -2.6013777758398064 -15
      vertex -0.8884238588279738 -2.7342874843485663 -12
      vertex -1.2241154632495832 -2.6013777758398064 -12
    endloop
  endfacet
  facet normal -0.24868988716485577 -0.9685831611286309 0
    outer loop
      vertex -0.8884238588279738 -2.7342874843485663 -15
      vertex -0.5387212794339589 -2.82407584584498 -12
      vertex -0.8884238588279738 -2.7342874843485663 -12
    endloop
  endfacet
  facet normal 0 0 -1
    outer loop
      vertex -2.852329766279124 -0.3603330464973742 -15
      vertex -2.875 0 -15
      vertex -2.852329766279124 0.3603330464973742 -15
    endloop
  endfacet
  facet normal 0 0 -1
    outer loop
      vertex -2.852329766279124 -0.3603330464973742 -15
      vertex -2.852329766279124 0.3603330464973742 -15
      vertex -2.7846765882448143 0.7149834255989577 -15
    endloop
  endfacet
  facet normal -0.9980267284282714 0.06279051952931329 0
    outer loop
      vertex -2.875 0 -15
      vertex -2.875 0 -12
      vertex -2.852329766279124 0.3603330464973742 -15
    endloop
  endfacet
  facet normal -0.9822872507286887 0.18738131458572477 0
    outer loop
      vertex -2.852329766279124 0.3603330464973742 -15
      vertex -2.852329766279124 0.3603330464973742 -12
      vertex -2.7846765882448143 0.7149834255989577 -15
    endloop
  endfacet
  facet normal -0.9980267284282714 0.06279051952931329 0
    outer loop
      vertex -2.852329766279124 0.3603330464973742 -15
      vertex -2.875 0 -12
      vertex -2.852329766279124 0.3603330464973742 -12
    endloop
  endfacet
  facet normal 0 0 -1
    outer loop
      vertex -2.7846765882448143 -0.7149834255989577 -15
      vertex -2.7846765882448143 0.7149834255989577 -15
      vertex -2.673107396928723 1.058358088968449 -15
    endloop
  endfacet
  facet normal 0 0 -1
    outer loop
      vertex -2.673107396928723 -1.058358088968449 -15
      vertex -2.673107396928723 1.058358088968449 -15
      vertex -2.5193817051261074 1.3850418130424318 -15
    endloop
  endfacet
  facet normal 0 0 -1
    outer loop
      vertex -2.5193817051261074 -1.3850418130424318 -15
      vertex -2.5193817051261074 1.3850418130424318 -15
      vertex -2.325923858827974 1.6898826003408602 -15
    endloop
  endfacet
  facet normal 0 0 -1
    outer loop
      vertex -2.325923858827974 -1.6898826003408602 -15
      vertex -2.325923858827974 1.6898826003408602 -15
      vertex -2.0957848038365587 1.9680729295449795 -15
    endloop
  endfacet
  facet normal 0 0 -1
    outer loop
      vertex -2.0957848038365587 -1.9680729295449795 -15
      vertex -2.0957848038365587 1.9680729295449795 -15
      vertex -1.8325939705274827 2.2152255729803945 -15
    endloop
  endfacet
  facet normal 0 0 -1
    outer loop
      vertex -1.8325939705274827 -2.2152255729803945 -15
      vertex -1.8325939705274827 2.2152255729803945 -15
      vertex -1.5405020355646157 2.427442785818293 -15
    endloop
  endfacet
  facet normal 0 0 -1
    outer loop
      vertex -1.5405020355646157 -2.427442785818293 -15
      vertex -1.5405020355646157 2.427442785818293 -15
      vertex -1.224115463249584 2.601377775839806 -15
    endloop
  endfacet
  facet normal -0.9510565162951539 0.3090169943749465 0
    outer loop
      vertex -2.7846765882448143 0.7149834255989577 -15
      vertex -2.7846765882448143 0.7149834255989577 -12
      vertex -2.673107396928723 1.058358088968449 -15
    endloop
  endfacet
  facet normal -0.9048270524660189 0.4257792915650738 0
    outer loop
      vertex -2.673107396928723 1.058358088968449 -15
      vertex -2.673107396928723 1.058358088968449 -12
      vertex -2.5193817051261074 1.3850418130424318 -15
    endloop
  endfacet
  facet normal -0.8443279255020155 0.5358267949789958 0
    outer loop
      vertex -2.5193817051261074 1.3850418130424318 -15
      vertex -2.5193817051261074 1.3850418130424318 -12
      vertex -2.325923858827974 1.6898826003408602 -15
    endloop
  endfacet
  facet normal -0.7705132427757894 0.6374239897486896 0
    outer loop
      vertex -2.325923858827974 1.6898826003408602 -15
      vertex -2.325923858827974 1.6898826003408602 -12
      vertex -2.0957848038365587 1.9680729295449795 -15
    endloop
  endfacet
  facet normal -0.6845471059286888 0.7289686274214112 0
    outer loop
      vertex -2.0957848038365587 1.9680729295449795 -15
      vertex -2.0957848038365587 1.9680729295449795 -12
      vertex -1.8325939705274827 2.2152255729803945 -15
    endloop
  endfacet
  facet normal -0.5877852522924729 0.8090169943749476 0
    outer loop
      vertex -1.8325939705274827 2.2152255729803945 -15
      vertex -1.8325939705274827 2.2152255729803945 -12
      vertex -1.5405020355646157 2.427442785818293 -15
    endloop
  endfacet
  facet normal -0.48175367410171505 0.8763066800438638 0
    outer loop
      vertex -1.5405020355646157 2.427442785818293 -15
      vertex -1.5405020355646157 2.427442785818293 -12
      vertex -1.224115463249584 2.601377775839806 -15
    endloop
  endfacet
  facet normal 0 0 -1
    outer loop
      vertex -1.5405020355646157 -2.427442785818293 -15
      vertex -1.224115463249584 2.601377775839806 -15
      vertex -1.3393548467745453 0.1691998653118105 -15
    endloop
  endfacet
  facet normal 0 0 -1
    outer loop
      vertex -1.224115463249584 2.601377775839806 -15
      vertex -1.307587267523652 0.3357313476725541 -15
      vertex -1.3393548467745453 0.1691998653118105 -15
    endloop
  endfacet
  facet normal 0 0 -1
    outer loop
      vertex -1.224115463249584 2.601377775839806 -15
      vertex -1.2551982559491395 0.49696814612431517 -15
      vertex -1.307587267523652 0.3357313476725541 -15
    endloop
  endfacet
  facet normal 0 0 -1
    outer loop
      vertex -1.224115463249584 2.601377775839806 -15
      vertex -1.1830140180592157 0.6503674600373158 -15
      vertex -1.2551982559491395 0.49696814612431517 -15
    endloop
  endfacet
  facet normal 0 0 -1
    outer loop
      vertex -1.224115463249584 2.601377775839806 -15
      vertex -1.0921729424061792 0.7935100905948388 -15
      vertex -1.1830140180592157 0.6503674600373158 -15
    endloop
  endfacet
  facet normal 0 0 -1
    outer loop
      vertex -1.224115463249584 2.601377775839806 -15
      vertex -0.8884238588279738 2.7342874843485663 -15
      vertex -1.0921729424061792 0.7935100905948388 -15
    endloop
  endfacet
  facet normal 0 0 -1
    outer loop
      vertex -0.8884238588279738 2.7342874843485663 -15
      vertex -0.9841076470189059 0.9241385930037296 -15
      vertex -1.0921729424061792 0.7935100905948388 -15
    endloop
  endfacet
  facet normal 0 0 -1
    outer loop
      vertex -0.8884238588279738 2.7342874843485663 -15
      vertex -0.8605223861607311 1.0401928777473157 -15
      vertex -0.9841076470189059 0.9241385930037296 -15
    endloop
  endfacet
  facet normal 0 0 -1
    outer loop
      vertex -0.8884238588279738 2.7342874843485663 -15
      vertex -0.7233661732216456 1.1398426994277202 -15
      vertex -0.8605223861607311 1.0401928777473157 -15
    endloop
  endfacet
  facet normal 0 0 -1
    outer loop
      vertex -0.8884238588279738 2.7342874843485663 -15
      vertex -0.5387212794339582 2.82407584584498 -15
      vertex -0.7233661732216456 1.1398426994277202 -15
    endloop
  endfacet
  facet normal 0 0 -1
    outer loop
      vertex -0.5387212794339582 2.82407584584498 -15
      vertex -0.5748020436128483 1.2215165208291263 -15
      vertex -0.7233661732216456 1.1398426994277202 -15
    endloop
  endfacet
  facet normal 0 0 -1
    outer loop
      vertex -0.5387212794339582 2.82407584584498 -15
      vertex -0.417172942406179 1.2839262969984573 -15
      vertex -0.5748020436128483 1.2215165208291263 -15
    endloop
  endfacet
  facet normal 0 0 -1
    outer loop
      vertex -0.18052274364677567 2.869326844231281 -15
      vertex -0.2529647746907282 1.3260877884837299 -15
      vertex -0.417172942406179 1.2839262969984573 -15
    endloop
  endfacet
  facet normal 0 0 -1
    outer loop
      vertex -0.18052274364677567 2.869326844231281 -15
      vertex -0.08476720136457293 1.3473360833781667 -15
      vertex -0.2529647746907282 1.3260877884837299 -15
    endloop
  endfacet
  facet normal 0 0 -1
    outer loop
      vertex -0.18052274364677567 2.869326844231281 -15
      vertex 0.08476720136457255 1.3473360833781667 -15
      vertex -0.08476720136457293 1.3473360833781667 -15
    endloop
  endfacet
  facet normal 0 0 -1
    outer loop
      vertex -0.5387212794339582 2.82407584584498 -15
      vertex -0.18052274364677567 2.869326844231281 -15
      vertex -0.417172942406179 1.2839262969984573 -15
    endloop
  endfacet
  facet normal -0.3681245526846775 0.9297764858882517 0
    outer loop
      vertex -1.224115463249584 2.601377775839806 -15
      vertex -1.224115463249584 2.601377775839806 -12
      vertex -0.8884238588279738 2.7342874843485663 -15
    endloop
  endfacet
  facet normal -0.24868988716485532 0.9685831611286309 0
    outer loop
      vertex -0.8884238588279738 2.7342874843485663 -15
      vertex -0.8884238588279738 2.7342874843485663 -12
      vertex -0.5387212794339582 2.82407584584498 -15
    endloop
  endfacet
  facet normal -0.9822872507286887 0.18738131458572477 0
    outer loop
      vertex -2.7846765882448143 0.7149834255989577 -15
      vertex -2.852329766279124 0.3603330464973742 -12
      vertex -2.7846765882448143 0.7149834255989577 -12
    endloop
  endfacet
  facet normal -0.9510565162951539 0.3090169943749465 0
    outer loop
      vertex -2.673107396928723 1.058358088968449 -15
      vertex -2.7846765882448143 0.7149834255989577 -12
      vertex -2.673107396928723 1.058358088968449 -12
    endloop
  endfacet
  facet normal -0.9048270524660189 0.4257792915650738 0
    outer loop
      vertex -2.5193817051261074 1.3850418130424318 -15
      vertex -2.673107396928723 1.058358088968449 -12
      vertex -2.5193817051261074 1.3850418130424318 -12
    endloop
  endfacet
  facet normal -0.8443279255020155 0.5358267949789958 0
    outer loop
      vertex -2.325923858827974 1.6898826003408602 -15
      vertex -2.5193817051261074 1.3850418130424318 -12
      vertex -2.325923858827974 1.6898826003408602 -12
    endloop
  endfacet
  facet normal -0.7705132427757894 0.6374239897486896 0
    outer loop
      vertex -2.0957848038365587 1.9680729295449795 -15
      vertex -2.325923858827974 1.6898826003408602 -12
      vertex -2.0957848038365587 1.9680729295449795 -12
    endloop
  endfacet
  facet normal -0.6845471059286888 0.7289686274214112 0
    outer loop
      vertex -1.8325939705274827 2.2152255729803945 -15
      vertex -2.0957848038365587 1.9680729295449795 -12
      vertex -1.8325939705274827 2.2152255729803945 -12
    endloop
  endfacet
  facet normal -0.5877852522924729 0.8090169943749476 0
    outer loop
      vertex -1.5405020355646157 2.427442785818293 -15
      vertex -1.8325939705274827 2.2152255729803945 -12
      vertex -1.5405020355646157 2.427442785818293 -12
    endloop
  endfacet
  facet normal -0.48175367410171505 0.8763066800438638 0
    outer loop
      vertex -1.224115463249584 2.601377775839806 -15
      vertex -1.5405020355646157 2.427442785818293 -12
      vertex -1.224115463249584 2.601377775839806 -12
    endloop
  endfacet
  facet normal -0.3681245526846775 0.9297764858882517 0
    outer loop
      vertex -0.8884238588279738 2.7342874843485663 -15
      vertex -1.224115463249584 2.601377775839806 -12
      vertex -0.8884238588279738 2.7342874843485663 -12
    endloop
  endfacet
  facet normal -0.24868988716485532 0.9685831611286309 0
    outer loop
      vertex -0.5387212794339582 2.82407584584498 -15
      vertex -0.8884238588279738 2.7342874843485663 -12
      vertex -0.5387212794339582 2.82407584584498 -12
    endloop
  endfacet
  facet normal -0.1253332335643047 0.9921147013144778 0
    outer loop
      vertex -0.5387212794339582 2.82407584584498 -15
      vertex -0.5387212794339582 2.82407584584498 -12
      vertex -0.18052274364677567 2.869326844231281 -15
    endloop
  endfacet
  facet normal 0 1 0
    outer loop
      vertex -0.18052274364677567 2.869326844231281 -15
      vertex -0.18052274364677567 2.869326844231281 -12
      vertex 0.18052274364677567 2.869326844231281 -15
    endloop
  endfacet
  facet normal -0.1253332335643047 0.9921147013144778 0
    outer loop
      vertex -0.18052274364677567 2.869326844231281 -15
      vertex -0.5387212794339582 2.82407584584498 -12
      vertex -0.18052274364677567 2.869326844231281 -12
    endloop
  endfacet
  facet normal 0 -1 0
    outer loop
      vertex -0.18052274364677706 -2.869326844231281 -15
      vertex 0.18052274364677706 -2.869326844231281 -15
      vertex 0.18052274364677706 -2.869326844231281 -12
    endloop
  endfacet
  facet normal 0.12533323356430495 -0.9921147013144777 0
    outer loop
      vertex 0.18052274364677706 -2.869326844231281 -15
      vertex 0.5387212794339589 -2.82407584584498 -15
      vertex 0.5387212794339589 -2.82407584584498 -12
    endloop
  endfacet
  facet normal 0.12533323356430495 -0.9921147013144777 0
    outer loop
      vertex 0.18052274364677706 -2.869326844231281 -15
      vertex 0.5387212794339589 -2.82407584584498 -12
      vertex 0.18052274364677706 -2.869326844231281 -12
    endloop
  endfacet
  facet normal 0 0 -1
    outer loop
      vertex 0.18052274364677706 -2.869326844231281 -15
      vertex 0.417172942406179 -1.2839262969984573 -15
      vertex 0.5387212794339589 -2.82407584584498 -15
    endloop
  endfacet
  facet normal 0 0 -1
    outer loop
      vertex 0.18052274364677706 -2.869326844231281 -15
      vertex -0.08476720136457358 -1.3473360833781667 -15
      vertex 0.08476720136457358 -1.3473360833781667 -15
    endloop
  endfacet
  facet normal 0 0 -1
    outer loop
      vertex 0.18052274364677706 -2.869326844231281 -15
      vertex 0.08476720136457358 -1.3473360833781667 -15
      vertex 0.25296477469072853 -1.3260877884837297 -15
    endloop
  endfacet
  facet normal 0 0 -1
    outer loop
      vertex 0.18052274364677706 -2.869326844231281 -15
      vertex 0.25296477469072853 -1.3260877884837297 -15
      vertex 0.417172942406179 -1.2839262969984573 -15
    endloop
  endfacet
  facet normal 0 0 -1
    outer loop
      vertex 0.5387212794339589 -2.82407584584498 -15
      vertex 0.417172942406179 -1.2839262969984573 -15
      vertex 0.5748020436128478 -1.2215165208291265 -15
    endloop
  endfacet
  facet normal 0 0 -1
    outer loop
      vertex 0.5387212794339589 -2.82407584584498 -15
      vertex 0.5748020436128478 -1.2215165208291265 -15
      vertex 0.723366173221645 -1.1398426994277207 -15
    endloop
  endfacet
  facet normal 0 0 -1
    outer loop
      vertex 0.5387212794339589 -2.82407584584498 -15
      vertex 0.723366173221645 -1.1398426994277207 -15
      vertex 0.8884238588279738 -2.7342874843485663 -15
    endloop
  endfacet
  facet normal 0 0 -1
    outer loop
      vertex 0.8884238588279738 -2.7342874843485663 -15
      vertex 0.723366173221645 -1.1398426994277207 -15
      vertex 0.8605223861607315 -1.0401928777473153 -15
    endloop
  endfacet
  facet normal 0 0 -1
    outer loop
      vertex 0.8884238588279738 -2.7342874843485663 -15
      vertex 0.8605223861607315 -1.0401928777473153 -15
      vertex 0.9841076470189059 -0.9241385930037296 -15
    endloop
  endfacet
  facet normal 0 0 -1
    outer loop
      vertex 0.8884238588279738 -2.7342874843485663 -15
      vertex 0.9841076470189059 -0.9241385930037296 -15
      vertex 1.0921729424061792 -0.7935100905948388 -15
    endloop
  endfacet
  facet normal 0 0 -1
    outer loop
      vertex 0.8884238588279738 -2.7342874843485663 -15
      vertex 1.0921729424061792 -0.7935100905948388 -15
      vertex 1.2241154632495832 -2.6013777758398064 -15
    endloop
  endfacet
  facet normal 0.24868988716485577 -0.9685831611286309 0
    outer loop
      vertex 0.5387212794339589 -2.82407584584498 -15
      vertex 0.8884238588279738 -2.7342874843485663 -15
      vertex 0.8884238588279738 -2.7342874843485663 -12
    endloop
  endfacet
  facet normal 0.36812455268467725 -0.9297764858882517 0
    outer loop
      vertex 0.8884238588279738 -2.7342874843485663 -15
      vertex 1.2241154632495832 -2.6013777758398064 -15
      vertex 1.2241154632495832 -2.6013777758398064 -12
    endloop
  endfacet
  facet normal 0 0 -1
    outer loop
      vertex 1.2241154632495832 -2.6013777758398064 -15
      vertex 1.0921729424061792 -0.7935100905948388 -15
      vertex 1.1830140180592157 -0.6503674600373158 -15
    endloop
  endfacet
  facet normal 0 0 -1
    outer loop
      vertex 1.2241154632495832 -2.6013777758398064 -15
      vertex 1.1830140180592157 -0.6503674600373158 -15
      vertex 1.2551982559491393 -0.49696814612431583 -15
    endloop
  endfacet
  facet normal 0 0 -1
    outer loop
      vertex 1.2241154632495832 -2.6013777758398064 -15
      vertex 1.2551982559491393 -0.49696814612431583 -15
      vertex 1.3075872675236522 -0.3357313476725535 -15
    endloop
  endfacet
  facet normal 0 0 -1
    outer loop
      vertex 1.2241154632495832 -2.6013777758398064 -15
      vertex 1.3075872675236522 -0.3357313476725535 -15
      vertex 1.3393548467745453 -0.1691998653118105 -15
    endloop
  endfacet
  facet normal 0 0 -1
    outer loop
      vertex 1.2241154632495832 -2.6013777758398064 -15
      vertex 1.3393548467745453 -0.1691998653118105 -15
      vertex 1.35 0 -15
    endloop
  endfacet
  facet normal 0 0 -1
    outer loop
      vertex 1.2241154632495832 -2.6013777758398064 -15
      vertex 1.35 0 -15
      vertex 1.5405020355646153 2.427442785818293 -15
    endloop
  endfacet
  facet normal 0.4817536741017148 -0.8763066800438638 0
    outer loop
      vertex 1.2241154632495832 -2.6013777758398064 -15
      vertex 1.5405020355646142 -2.427442785818294 -15
      vertex 1.5405020355646142 -2.427442785818294 -12
    endloop
  endfacet
  facet normal 0.5877852522924729 -0.8090169943749476 0
    outer loop
      vertex 1.5405020355646142 -2.427442785818294 -15
      vertex 1.8325939705274836 -2.2152255729803936 -15
      vertex 1.8325939705274836 -2.2152255729803936 -12
    endloop
  endfacet
  facet normal 0.684547105928689 -0.7289686274214114 0
    outer loop
      vertex 1.8325939705274836 -2.2152255729803936 -15
      vertex 2.0957848038365587 -1.9680729295449795 -15
      vertex 2.0957848038365587 -1.9680729295449795 -12
    endloop
  endfacet
  facet normal 0.7705132427757894 -0.6374239897486896 0
    outer loop
      vertex 2.0957848038365587 -1.9680729295449795 -15
      vertex 2.325923858827974 -1.6898826003408602 -15
      vertex 2.325923858827974 -1.6898826003408602 -12
    endloop
  endfacet
  facet normal 0.8443279255020155 -0.5358267949789958 0
    outer loop
      vertex 2.325923858827974 -1.6898826003408602 -15
      vertex 2.5193817051261074 -1.3850418130424318 -15
      vertex 2.5193817051261074 -1.3850418130424318 -12
    endloop
  endfacet
  facet normal 0 0 -1
    outer loop
      vertex 1.2241154632495832 -2.6013777758398064 -15
      vertex 1.5405020355646153 2.427442785818293 -15
      vertex 1.5405020355646142 -2.427442785818294 -15
    endloop
  endfacet
  facet normal 0 0 -1
    outer loop
      vertex 1.5405020355646142 -2.427442785818294 -15
      vertex 1.832593970527483 2.2152255729803936 -15
      vertex 1.8325939705274836 -2.2152255729803936 -15
    endloop
  endfacet
  facet normal 0 0 -1
    outer loop
      vertex 1.8325939705274836 -2.2152255729803936 -15
      vertex 2.0957848038365583 1.9680729295449801 -15
      vertex 2.0957848038365587 -1.9680729295449795 -15
    endloop
  endfacet
  facet normal 0 0 -1
    outer loop
      vertex 2.0957848038365587 -1.9680729295449795 -15
      vertex 2.325923858827974 1.6898826003408602 -15
      vertex 2.325923858827974 -1.6898826003408602 -15
    endloop
  endfacet
  facet normal 0 0 -1
    outer loop
      vertex 2.325923858827974 -1.6898826003408602 -15
      vertex 2.519381705126108 1.3850418130424316 -15
      vertex 2.5193817051261074 -1.3850418130424318 -15
    endloop
  endfacet
  facet normal 0 0 -1
    outer loop
      vertex 2.5193817051261074 -1.3850418130424318 -15
      vertex 2.6731073969287227 1.0583580889684492 -15
      vertex 2.6731073969287222 -1.0583580889684503 -15
    endloop
  endfacet
  facet normal 0 0 -1
    outer loop
      vertex 2.6731073969287222 -1.0583580889684503 -15
      vertex 2.7846765882448143 0.7149834255989576 -15
      vertex 2.784676588244815 -0.7149834255989564 -15
    endloop
  endfacet
  facet normal 0.9048270524660191 -0.42577929156507316 0
    outer loop
      vertex 2.5193817051261074 -1.3850418130424318 -15
      vertex 2.6731073969287222 -1.0583580889684503 -15
      vertex 2.6731073969287222 -1.0583580889684503 -12
    endloop
  endfacet
  facet normal 0.9510565162951534 -0.3090169943749478 0
    outer loop
      vertex 2.6731073969287222 -1.0583580889684503 -15
      vertex 2.784676588244815 -0.7149834255989564 -15
      vertex 2.784676588244815 -0.7149834255989564 -12
    endloop
  endfacet
  facet normal 0.24868988716485577 -0.9685831611286309 0
    outer loop
      vertex 0.5387212794339589 -2.82407584584498 -15
      vertex 0.8884238588279738 -2.7342874843485663 -12
      vertex 0.5387212794339589 -2.82407584584498 -12
    endloop
  endfacet
  facet normal 0.36812455268467725 -0.9297764858882517 0
    outer loop
      vertex 0.8884238588279738 -2.7342874843485663 -15
      vertex 1.2241154632495832 -2.6013777758398064 -12
      vertex 0.8884238588279738 -2.7342874843485663 -12
    endloop
  endfacet
  facet normal 0.4817536741017148 -0.8763066800438638 0
    outer loop
      vertex 1.2241154632495832 -2.6013777758398064 -15
      vertex 1.5405020355646142 -2.427442785818294 -12
      vertex 1.2241154632495832 -2.6013777758398064 -12
    endloop
  endfacet
  facet normal 0.5877852522924729 -0.8090169943749476 0
    outer loop
      vertex 1.5405020355646142 -2.427442785818294 -15
      vertex 1.8325939705274836 -2.2152255729803936 -12
      vertex 1.5405020355646142 -2.427442785818294 -12
    endloop
  endfacet
  facet normal 0.684547105928689 -0.7289686274214114 0
    outer loop
      vertex 1.8325939705274836 -2.2152255729803936 -15
      vertex 2.0957848038365587 -1.9680729295449795 -12
      vertex 1.8325939705274836 -2.2152255729803936 -12
    endloop
  endfacet
  facet normal 0.7705132427757894 -0.6374239897486896 0
    outer loop
      vertex 2.0957848038365587 -1.9680729295449795 -15
      vertex 2.325923858827974 -1.6898826003408602 -12
      vertex 2.0957848038365587 -1.9680729295449795 -12
    endloop
  endfacet
  facet normal 0.8443279255020155 -0.5358267949789958 0
    outer loop
      vertex 2.325923858827974 -1.6898826003408602 -15
      vertex 2.5193817051261074 -1.3850418130424318 -12
      vertex 2.325923858827974 -1.6898826003408602 -12
    endloop
  endfacet
  facet normal 0.9048270524660191 -0.42577929156507316 0
    outer loop
      vertex 2.5193817051261074 -1.3850418130424318 -15
      vertex 2.6731073969287222 -1.0583580889684503 -12
      vertex 2.5193817051261074 -1.3850418130424318 -12
    endloop
  endfacet
  facet normal 0.9510565162951534 -0.3090169943749478 0
    outer loop
      vertex 2.6731073969287222 -1.0583580889684503 -15
      vertex 2.784676588244815 -0.7149834255989564 -12
      vertex 2.6731073969287222 -1.0583580889684503 -12
    endloop
  endfacet
  facet normal 0.9822872507286887 -0.1873813145857242 0
    outer loop
      vertex 2.784676588244815 -0.7149834255989564 -15
      vertex 2.852329766279124 -0.3603330464973742 -12
      vertex 2.784676588244815 -0.7149834255989564 -12
    endloop
  endfacet
  facet normal 0 0 -1
    outer loop
      vertex 2.784676588244815 -0.7149834255989564 -15
      vertex 2.852329766279124 0.36033304649737474 -15
      vertex 2.852329766279124 -0.3603330464973742 -15
    endloop
  endfacet
  facet normal 0.9822872507286887 -0.1873813145857242 0
    outer loop
      vertex 2.784676588244815 -0.7149834255989564 -15
      vertex 2.852329766279124 -0.3603330464973742 -15
      vertex 2.852329766279124 -0.3603330464973742 -12
    endloop
  endfacet
  facet normal 0.9980267284282714 -0.06279051952931329 0
    outer loop
      vertex 2.852329766279124 -0.3603330464973742 -15
      vertex 2.875 0 -15
      vertex 2.875 0 -12
    endloop
  endfacet
  facet normal 0.9980267284282714 -0.06279051952931329 0
    outer loop
      vertex 2.852329766279124 -0.3603330464973742 -15
      vertex 2.875 0 -12
      vertex 2.852329766279124 -0.3603330464973742 -12
    endloop
  endfacet
  facet normal 0 0 -1
    outer loop
      vertex 1.5405020355646153 2.427442785818293 -15
      vertex 1.3393548467745453 0.16919986531181075 -15
      vertex 1.307587267523652 0.33573134767255397 -15
    endloop
  endfacet
  facet normal 0 0 -1
    outer loop
      vertex 1.224115463249584 2.601377775839806 -15
      vertex 1.183014018059216 0.6503674600373157 -15
      vertex 1.0921729424061792 0.7935100905948388 -15
    endloop
  endfacet
  facet normal 0 0 -1
    outer loop
      vertex 1.5405020355646153 2.427442785818293 -15
      vertex 1.307587267523652 0.33573134767255397 -15
      vertex 1.2551982559491395 0.4969681461243153 -15
    endloop
  endfacet
  facet normal 0 0 -1
    outer loop
      vertex 1.5405020355646153 2.427442785818293 -15
      vertex 1.2551982559491395 0.4969681461243153 -15
      vertex 1.183014018059216 0.6503674600373157 -15
    endloop
  endfacet
  facet normal 0 0 -1
    outer loop
      vertex 0.5387212794339582 2.82407584584498 -15
      vertex 0.2529647746907282 1.3260877884837299 -15
      vertex 0.08476720136457255 1.3473360833781667 -15
    endloop
  endfacet
  facet normal 0 0 -1
    outer loop
      vertex 0.8884238588279738 2.7342874843485663 -15
      vertex 0.5748020436128483 1.2215165208291263 -15
      vertex 0.417172942406179 1.2839262969984573 -15
    endloop
  endfacet
  facet normal 0 0 -1
    outer loop
      vertex 0.5387212794339582 2.82407584584498 -15
      vertex 0.417172942406179 1.2839262969984573 -15
      vertex 0.2529647746907282 1.3260877884837299 -15
    endloop
  endfacet
  facet normal 0 0 -1
    outer loop
      vertex -0.18052274364677567 2.869326844231281 -15
      vertex 0.18052274364677567 2.869326844231281 -15
      vertex 0.08476720136457255 1.3473360833781667 -15
    endloop
  endfacet
  facet normal 0 0 -1
    outer loop
      vertex 0.18052274364677567 2.869326844231281 -15
      vertex 0.5387212794339582 2.82407584584498 -15
      vertex 0.08476720136457255 1.3473360833781667 -15
    endloop
  endfacet
  facet normal 0 0 -1
    outer loop
      vertex 0.8884238588279738 2.7342874843485663 -15
      vertex 0.417172942406179 1.2839262969984573 -15
      vertex 0.5387212794339582 2.82407584584498 -15
    endloop
  endfacet
  facet normal 0 0 -1
    outer loop
      vertex 0.8884238588279738 2.7342874843485663 -15
      vertex 0.7233661732216455 1.1398426994277204 -15
      vertex 0.5748020436128483 1.2215165208291263 -15
    endloop
  endfacet
  facet normal 0 0 -1
    outer loop
      vertex 0.8884238588279738 2.7342874843485663 -15
      vertex 0.8605223861607312 1.0401928777473155 -15
      vertex 0.7233661732216455 1.1398426994277204 -15
    endloop
  endfacet
  facet normal 0 0 -1
    outer loop
      vertex 1.224115463249584 2.601377775839806 -15
      vertex 0.9841076470189056 0.9241385930037298 -15
      vertex 0.8605223861607312 1.0401928777473155 -15
    endloop
  endfacet
  facet normal 0 0 -1
    outer loop
      vertex 1.224115463249584 2.601377775839806 -15
      vertex 1.0921729424061792 0.7935100905948388 -15
      vertex 0.9841076470189056 0.9241385930037298 -15
    endloop
  endfacet
  facet normal 0 0 -1
    outer loop
      vertex 1.224115463249584 2.601377775839806 -15
      vertex 1.5405020355646153 2.427442785818293 -15
      vertex 1.183014018059216 0.6503674600373157 -15
    endloop
  endfacet
  facet normal 0 0 -1
    outer loop
      vertex 0.8884238588279738 2.7342874843485663 -15
      vertex 1.224115463249584 2.601377775839806 -15
      vertex 0.8605223861607312 1.0401928777473155 -15
    endloop
  endfacet
  facet normal 0.24868988716485532 0.9685831611286309 0
    outer loop
      vertex 0.8884238588279738 2.7342874843485663 -15
      vertex 0.5387212794339582 2.82407584584498 -15
      vertex 0.5387212794339582 2.82407584584498 -12
    endloop
  endfacet
  facet normal 0.3681245526846775 0.9297764858882517 0
    outer loop
      vertex 0.8884238588279738 2.7342874843485663 -15
      vertex 0.8884238588279738 2.7342874843485663 -12
      vertex 1.224115463249584 2.601377775839806 -15
    endloop
  endfacet
  facet normal 0.48175367410171555 0.8763066800438635 0
    outer loop
      vertex 1.224115463249584 2.601377775839806 -15
      vertex 1.224115463249584 2.601377775839806 -12
      vertex 1.5405020355646153 2.427442785818293 -15
    endloop
  endfacet
  facet normal 0 0 -1
    outer loop
      vertex 1.8325939705274836 -2.2152255729803936 -15
      vertex 1.832593970527483 2.2152255729803936 -15
      vertex 2.0957848038365583 1.9680729295449801 -15
    endloop
  endfacet
  facet normal 0 0 -1
    outer loop
      vertex 1.5405020355646153 2.427442785818293 -15
      vertex 1.35 0 -15
      vertex 1.3393548467745453 0.16919986531181075 -15
    endloop
  endfacet
  facet normal 0 0 -1
    outer loop
      vertex 1.5405020355646142 -2.427442785818294 -15
      vertex 1.5405020355646153 2.427442785818293 -15
      vertex 1.832593970527483 2.2152255729803936 -15
    endloop
  endfacet
  facet normal 0 0 -1
    outer loop
      vertex 2.0957848038365587 -1.9680729295449795 -15
      vertex 2.0957848038365583 1.9680729295449801 -15
      vertex 2.325923858827974 1.6898826003408602 -15
    endloop
  endfacet
  facet normal 0 0 -1
    outer loop
      vertex 2.325923858827974 -1.6898826003408602 -15
      vertex 2.325923858827974 1.6898826003408602 -15
      vertex 2.519381705126108 1.3850418130424316 -15
    endloop
  endfacet
  facet normal 0 0 -1
    outer loop
      vertex 2.784676588244815 -0.7149834255989564 -15
      vertex 2.7846765882448143 0.7149834255989576 -15
      vertex 2.852329766279124 0.36033304649737474 -15
    endloop
  endfacet
  facet normal 0 0 -1
    outer loop
      vertex 2.6731073969287222 -1.0583580889684503 -15
      vertex 2.6731073969287227 1.0583580889684492 -15
      vertex 2.7846765882448143 0.7149834255989576 -15
    endloop
  endfacet
  facet normal 0 0 -1
    outer loop
      vertex 2.5193817051261074 -1.3850418130424318 -15
      vertex 2.519381705126108 1.3850418130424316 -15
      vertex 2.6731073969287227 1.0583580889684492 -15
    endloop
  endfacet
  facet normal 0.9822872507286885 0.18738131458572513 0
    outer loop
      vertex 2.7846765882448143 0.7149834255989576 -15
      vertex 2.7846765882448143 0.7149834255989576 -12
      vertex 2.852329766279124 0.36033304649737474 -15
    endloop
  endfacet
  facet normal 0.9510565162951535 0.30901699437494734 0
    outer loop
      vertex 2.7846765882448143 0.7149834255989576 -15
      vertex 2.6731073969287227 1.0583580889684492 -15
      vertex 2.6731073969287227 1.0583580889684492 -12
    endloop
  endfacet
  facet normal 0.9048270524660197 0.4257792915650723 0
    outer loop
      vertex 2.519381705126108 1.3850418130424316 -15
      vertex 2.519381705126108 1.3850418130424316 -12
      vertex 2.6731073969287227 1.0583580889684492 -15
    endloop
  endfacet
  facet normal 0.5877852522924737 0.8090169943749471 0
    outer loop
      vertex 1.5405020355646153 2.427442785818293 -15
      vertex 1.5405020355646153 2.427442785818293 -12
      vertex 1.832593970527483 2.2152255729803936 -15
    endloop
  endfacet
  facet normal 0.6845471059286875 0.7289686274214126 0
    outer loop
      vertex 2.0957848038365583 1.9680729295449801 -15
      vertex 1.832593970527483 2.2152255729803936 -15
      vertex 1.832593970527483 2.2152255729803936 -12
    endloop
  endfacet
  facet normal 0.8443279255020153 0.5358267949789965 0
    outer loop
      vertex 2.519381705126108 1.3850418130424316 -15
      vertex 2.325923858827974 1.6898826003408602 -15
      vertex 2.325923858827974 1.6898826003408602 -12
    endloop
  endfacet
  facet normal 0.7705132427757895 0.6374239897486894 0
    outer loop
      vertex 2.0957848038365583 1.9680729295449801 -15
      vertex 2.0957848038365583 1.9680729295449801 -12
      vertex 2.325923858827974 1.6898826003408602 -15
    endloop
  endfacet
  facet normal 0.24868988716485532 0.9685831611286309 0
    outer loop
      vertex 0.8884238588279738 2.7342874843485663 -15
      vertex 0.5387212794339582 2.82407584584498 -12
      vertex 0.8884238588279738 2.7342874843485663 -12
    endloop
  endfacet
  facet normal 0.3681245526846775 0.9297764858882517 0
    outer loop
      vertex 1.224115463249584 2.601377775839806 -15
      vertex 0.8884238588279738 2.7342874843485663 -12
      vertex 1.224115463249584 2.601377775839806 -12
    endloop
  endfacet
  facet normal 0.9510565162951535 0.30901699437494734 0
    outer loop
      vertex 2.7846765882448143 0.7149834255989576 -15
      vertex 2.6731073969287227 1.0583580889684492 -12
      vertex 2.7846765882448143 0.7149834255989576 -12
    endloop
  endfacet
  facet normal 0.9048270524660197 0.4257792915650723 0
    outer loop
      vertex 2.6731073969287227 1.0583580889684492 -15
      vertex 2.519381705126108 1.3850418130424316 -12
      vertex 2.6731073969287227 1.0583580889684492 -12
    endloop
  endfacet
  facet normal 0.6845471059286875 0.7289686274214126 0
    outer loop
      vertex 2.0957848038365583 1.9680729295449801 -15
      vertex 1.832593970527483 2.2152255729803936 -12
      vertex 2.0957848038365583 1.9680729295449801 -12
    endloop
  endfacet
  facet normal 0.5877852522924737 0.8090169943749471 0
    outer loop
      vertex 1.832593970527483 2.2152255729803936 -15
      vertex 1.5405020355646153 2.427442785818293 -12
      vertex 1.832593970527483 2.2152255729803936 -12
    endloop
  endfacet
  facet normal 0.48175367410171555 0.8763066800438635 0
    outer loop
      vertex 1.5405020355646153 2.427442785818293 -15
      vertex 1.224115463249584 2.601377775839806 -12
      vertex 1.5405020355646153 2.427442785818293 -12
    endloop
  endfacet
  facet normal 0.8443279255020153 0.5358267949789965 0
    outer loop
      vertex 2.519381705126108 1.3850418130424316 -15
      vertex 2.325923858827974 1.6898826003408602 -12
      vertex 2.519381705126108 1.3850418130424316 -12
    endloop
  endfacet
  facet normal 0.7705132427757895 0.6374239897486894 0
    outer loop
      vertex 2.325923858827974 1.6898826003408602 -15
      vertex 2.0957848038365583 1.9680729295449801 -12
      vertex 2.325923858827974 1.6898826003408602 -12
    endloop
  endfacet
  facet normal 0.1253332335643047 0.9921147013144778 1.971261090095692e-16
    outer loop
      vertex 0.18052274364677567 2.869326844231281 -15
      vertex 0.18052274364677096 2.869326844231281 -12
      vertex 0.5387212794339582 2.82407584584498 -15
    endloop
  endfacet
  facet normal 0 1 0
    outer loop
      vertex -0.18052274364677567 2.869326844231281 -12
      vertex 0.18052274364677096 2.869326844231281 -12
      vertex 0.18052274364677567 2.869326844231281 -15
    endloop
  endfacet
  facet normal 0.12533323356430312 0.992114701314478 0
    outer loop
      vertex 0.5387212794339582 2.82407584584498 -15
      vertex 0.18052274364677096 2.869326844231281 -12
      vertex 0.5387212794339582 2.82407584584498 -12
    endloop
  endfacet
  facet normal 0 0 -1
    outer loop
      vertex 2.852329766279124 -0.3603330464973742 -15
      vertex 2.852329766279124 0.36033304649737474 -15
      vertex 2.875 0 -15
    endloop
  endfacet
  facet normal 0.9980267284282714 0.0627905195293132 0
    outer loop
      vertex 2.875 0 -15
      vertex 2.852329766279124 0.36033304649737474 -15
      vertex 2.852329766279124 0.36033304649737474 -12
    endloop
  endfacet
  facet normal 0.9980267284282714 0.0627905195293132 0
    outer loop
      vertex 2.875 0 -15
      vertex 2.852329766279124 0.36033304649737474 -12
      vertex 2.875 0 -12
    endloop
  endfacet
  facet normal 0.9822872507286885 0.18738131458572513 0
    outer loop
      vertex 2.852329766279124 0.36033304649737474 -15
      vertex 2.7846765882448143 0.7149834255989576 -12
      vertex 2.852329766279124 0.36033304649737474 -12
    endloop
  endfacet
  facet normal 0.35341262453133065 0.2923683496272741 0.888605798404501
    outer loop
      vertex -2.186905882264235 -2.0536413177860657 0
      vertex -0.9841076470189059 -0.9241385930037296 -0.85
      vertex -1.0921729424061792 -0.7935100905948388 -0.85
    endloop
  endfacet
  facet normal 0.38726933107831285 0.2457685908493104 0.8886057984045008
    outer loop
      vertex -2.4270509831248424 -1.7633557568774194 0
      vertex -1.0921729424061792 -0.7935100905948388 -0.85
      vertex -1.1830140180592157 -0.6503674600373158 -0.85
    endloop
  endfacet
  facet normal 0.41501856893070416 0.19529291457861406 0.8886057984045009
    outer loop
      vertex -2.6289200401315904 -1.445261022305146 0
      vertex -1.1830140180592157 -0.6503674600373158 -0.85
      vertex -1.2551982559491395 -0.49696814612431517 -0.85
    endloop
  endfacet
  facet normal 0.4362227160309828 0.14173735238268043 0.8886057984045009
    outer loop
      vertex -2.7893294576647545 -1.1043736580540335 0
      vertex -1.2551982559491395 -0.49696814612431517 -0.85
      vertex -1.307587267523652 -0.3357313476725541 -0.85
    endloop
  endfacet
  facet normal 0.45054737031263326 0.08594650746988192 0.8886057984045008
    outer loop
      vertex -2.9057494833858932 -0.7460696614945646 0
      vertex -1.307587267523652 -0.3357313476725541 -0.85
      vertex -1.3393548467745453 -0.1691998653118105 -0.85
    endloop
  endfacet
  facet normal 0.4577666234205005 0.02880023479232724 0.8886057984045009
    outer loop
      vertex -2.9763441039434335 -0.3759997006929122 0
      vertex -1.3393548467745453 -0.1691998653118105 -0.85
      vertex -1.35 0 -0.85
    endloop
  endfacet
  facet normal 0.3139823897770222 0.3343572848792288 0.8886057984045008
    outer loop
      vertex -1.9122719692460688 -2.311539728327368 0
      vertex -0.8605223861607311 -1.0401928777473157 -0.85
      vertex -0.9841076470189059 -0.9241385930037296 -0.85
    endloop
  endfacet
  facet normal 0.26960046517194053 0.3710732060132782 0.8886057984045008
    outer loop
      vertex -1.6074803849369903 -2.532983776506045 0
      vertex -0.7233661732216456 -1.1398426994277202 -0.85
      vertex -0.8605223861607311 -1.0401928777473157 -0.85
    endloop
  endfacet
  facet normal 0.22096678017958715 0.40193708102010894 0.8886057984045009
    outer loop
      vertex -1.2773378746952173 -2.7144811573980587 0
      vertex -0.5748020436128478 -1.2215165208291265 -0.85
      vertex -0.7233661732216456 -1.1398426994277202 -0.85
    endloop
  endfacet
  facet normal 0.1688483170646448 0.426462168153679 0.8886057984045009
    outer loop
      vertex -0.9270509831248421 -2.8531695488854605 0
      vertex -0.417172942406179 -1.2839262969984573 -0.85
      vertex -0.5748020436128478 -1.2215165208291265 -0.85
    endloop
  endfacet
  facet normal 0.11406701512449774 0.4442616921393146 0.8886057984045009
    outer loop
      vertex -0.5621439437571745 -2.9468617521860656 0
      vertex -0.25296477469072853 -1.3260877884837297 -0.85
      vertex -0.417172942406179 -1.2839262969984573 -0.85
    endloop
  endfacet
  facet normal 0.05748680821550583 0.4550549438508422 0.8886057984045009
    outer loop
      vertex -0.18837155858794175 -2.9940801852848145 0
      vertex -0.08476720136457358 -1.3473360833781667 -0.85
      vertex -0.25296477469072853 -1.3260877884837297 -0.85
    endloop
  endfacet
  facet normal 0.353412624531331 0.29236834962727404 0.8886057984045009
    outer loop
      vertex -2.186905882264235 -2.0536413177860657 0
      vertex -1.0921729424061792 -0.7935100905948388 -0.85
      vertex -2.4270509831248424 -1.7633557568774194 0
    endloop
  endfacet
  facet normal 0.3139823897770218 0.3343572848792289 0.8886057984045009
    outer loop
      vertex -1.9122719692460688 -2.311539728327368 0
      vertex -0.9841076470189059 -0.9241385930037296 -0.85
      vertex -2.186905882264235 -2.0536413177860657 0
    endloop
  endfacet
  facet normal 0.269600465171941 0.37107320601327776 0.8886057984045008
    outer loop
      vertex -1.6074803849369903 -2.532983776506045 0
      vertex -0.8605223861607311 -1.0401928777473157 -0.85
      vertex -1.9122719692460688 -2.311539728327368 0
    endloop
  endfacet
  facet normal 0.4362227160309828 0.14173735238268 0.8886057984045009
    outer loop
      vertex -2.9057494833858932 -0.7460696614945646 0
      vertex -2.7893294576647545 -1.1043736580540335 0
      vertex -1.307587267523652 -0.3357313476725541 -0.85
    endloop
  endfacet
  facet normal 0.41501856893070405 0.19529291457861442 0.888605798404501
    outer loop
      vertex -2.6289200401315904 -1.445261022305146 0
      vertex -1.2551982559491395 -0.49696814612431517 -0.85
      vertex -2.7893294576647545 -1.1043736580540335 0
    endloop
  endfacet
  facet normal 0.4505473703126334 0.08594650746988144 0.8886057984045009
    outer loop
      vertex -2.9057494833858932 -0.7460696614945646 0
      vertex -1.3393548467745453 -0.1691998653118105 -0.85
      vertex -2.9763441039434335 -0.3759997006929122 0
    endloop
  endfacet
  facet normal 0.4577666234205005 0.028800234792327597 0.8886057984045009
    outer loop
      vertex -2.9763441039434335 -0.3759997006929122 0
      vertex -1.35 0 -0.85
      vertex -3 0 0
    endloop
  endfacet
  facet normal 0.3872693310783126 0.2457685908493105 0.8886057984045008
    outer loop
      vertex -2.6289200401315904 -1.445261022305146 0
      vertex -2.4270509831248424 -1.7633557568774194 0
      vertex -1.1830140180592157 -0.6503674600373158 -0.85
    endloop
  endfacet
  facet normal 0.22096678017958696 0.4019370810201089 0.8886057984045009
    outer loop
      vertex -1.6074803849369903 -2.532983776506045 0
      vertex -1.2773378746952173 -2.7144811573980587 0
      vertex -0.7233661732216456 -1.1398426994277202 -0.85
    endloop
  endfacet
  facet normal 0.16884831706464484 0.42646216815367893 0.8886057984045009
    outer loop
      vertex -1.2773378746952173 -2.7144811573980587 0
      vertex -0.9270509831248421 -2.8531695488854605 0
      vertex -0.5748020436128478 -1.2215165208291265 -0.85
    endloop
  endfacet
  facet normal 0.11406701512449792 0.44426169213931455 0.8886057984045008
    outer loop
      vertex -0.9270509831248421 -2.8531695488854605 0
      vertex -0.5621439437571745 -2.9468617521860656 0
      vertex -0.417172942406179 -1.2839262969984573 -0.85
    endloop
  endfacet
  facet normal 0.05748680821550597 0.4550549438508422 0.8886057984045009
    outer loop
      vertex -0.5621439437571745 -2.9468617521860656 0
      vertex -0.18837155858794175 -2.9940801852848145 0
      vertex -0.25296477469072853 -1.3260877884837297 -0.85
    endloop
  endfacet
  facet normal 0 0.4586717072611952 0.8886057984045009
    outer loop
      vertex -0.18837155858794175 -2.9940801852848145 0
      vertex 0.1883715585879413 -2.9940801852848145 0
      vertex -0.08476720136457358 -1.3473360833781667 -0.85
    endloop
  endfacet
  facet normal 0.4577666234205005 -0.02880023479232724 0.8886057984045009
    outer loop
      vertex -2.9763441039434335 0.3759997006929122 0
      vertex -1.35 0 -0.85
      vertex -1.3393548467745453 0.1691998653118105 -0.85
    endloop
  endfacet
  facet normal 0.45054737031263326 -0.08594650746988192 0.8886057984045008
    outer loop
      vertex -2.9057494833858932 0.7460696614945646 0
      vertex -1.3393548467745453 0.1691998653118105 -0.85
      vertex -1.307587267523652 0.3357313476725541 -0.85
    endloop
  endfacet
  facet normal 0.4362227160309828 -0.14173735238268043 0.8886057984045009
    outer loop
      vertex -2.7893294576647545 1.1043736580540335 0
      vertex -1.307587267523652 0.3357313476725541 -0.85
      vertex -1.2551982559491395 0.49696814612431517 -0.85
    endloop
  endfacet
  facet normal 0.41501856893070416 -0.19529291457861406 0.8886057984045009
    outer loop
      vertex -2.6289200401315904 1.445261022305146 0
      vertex -1.2551982559491395 0.49696814612431517 -0.85
      vertex -1.1830140180592157 0.6503674600373158 -0.85
    endloop
  endfacet
  facet normal 0.38726933107831285 -0.2457685908493104 0.8886057984045008
    outer loop
      vertex -2.4270509831248424 1.7633557568774194 0
      vertex -1.1830140180592157 0.6503674600373158 -0.85
      vertex -1.0921729424061792 0.7935100905948388 -0.85
    endloop
  endfacet
  facet normal 0.35341262453133065 -0.2923683496272741 0.888605798404501
    outer loop
      vertex -2.186905882264235 2.0536413177860657 0
      vertex -1.0921729424061792 0.7935100905948388 -0.85
      vertex -0.9841076470189059 0.9241385930037296 -0.85
    endloop
  endfacet
  facet normal 0.3139823897770222 -0.3343572848792288 0.8886057984045008
    outer loop
      vertex -1.9122719692460688 2.311539728327368 0
      vertex -0.9841076470189059 0.9241385930037296 -0.85
      vertex -0.8605223861607311 1.0401928777473157 -0.85
    endloop
  endfacet
  facet normal 0.26960046517194053 -0.3710732060132781 0.888605798404501
    outer loop
      vertex -0.8605223861607311 1.0401928777473157 -0.85
      vertex -0.7233661732216456 1.1398426994277202 -0.85
      vertex -1.6074803849369903 2.532983776506045 0
    endloop
  endfacet
  facet normal 0.22096678017958735 -0.40193708102010867 0.8886057984045008
    outer loop
      vertex -0.7233661732216456 1.1398426994277202 -0.85
      vertex -0.5748020436128483 1.2215165208291263 -0.85
      vertex -1.2773378746952182 2.7144811573980583 0
    endloop
  endfacet
  facet normal 0.16884831706464487 -0.4264621681536789 0.8886057984045008
    outer loop
      vertex -0.5748020436128483 1.2215165208291263 -0.85
      vertex -0.417172942406179 1.2839262969984573 -0.85
      vertex -0.9270509831248421 2.8531695488854605 0
    endloop
  endfacet
  facet normal 0.1140670151244984 -0.44426169213931443 0.8886057984045009
    outer loop
      vertex -0.417172942406179 1.2839262969984573 -0.85
      vertex -0.2529647746907282 1.3260877884837299 -0.85
      vertex -0.5621439437571737 2.946861752186066 0
    endloop
  endfacet
  facet normal 0.0574868082155053 -0.4550549438508423 0.8886057984045009
    outer loop
      vertex -0.2529647746907282 1.3260877884837299 -0.85
      vertex -0.08476720136457293 1.3473360833781667 -0.85
      vertex -0.18837155858793983 2.9940801852848145 0
    endloop
  endfacet
  facet normal 0.4577666234205005 -0.028800234792327597 0.8886057984045009
    outer loop
      vertex -3 0 0
      vertex -1.35 0 -0.85
      vertex -2.9763441039434335 0.3759997006929122 0
    endloop
  endfacet
  facet normal 0.4505473703126334 -0.08594650746988144 0.8886057984045009
    outer loop
      vertex -2.9763441039434335 0.3759997006929122 0
      vertex -1.3393548467745453 0.1691998653118105 -0.85
      vertex -2.9057494833858932 0.7460696614945646 0
    endloop
  endfacet
  facet normal 0.4362227160309828 -0.14173735238268 0.8886057984045009
    outer loop
      vertex -2.9057494833858932 0.7460696614945646 0
      vertex -1.307587267523652 0.3357313476725541 -0.85
      vertex -2.7893294576647545 1.1043736580540335 0
    endloop
  endfacet
  facet normal 0.41501856893070405 -0.19529291457861442 0.888605798404501
    outer loop
      vertex -2.7893294576647545 1.1043736580540335 0
      vertex -1.2551982559491395 0.49696814612431517 -0.85
      vertex -2.6289200401315904 1.445261022305146 0
    endloop
  endfacet
  facet normal 0.3872693310783126 -0.2457685908493105 0.8886057984045008
    outer loop
      vertex -2.6289200401315904 1.445261022305146 0
      vertex -1.1830140180592157 0.6503674600373158 -0.85
      vertex -2.4270509831248424 1.7633557568774194 0
    endloop
  endfacet
  facet normal 0.353412624531331 -0.29236834962727404 0.8886057984045008
    outer loop
      vertex -2.4270509831248424 1.7633557568774194 0
      vertex -1.0921729424061792 0.7935100905948388 -0.85
      vertex -2.186905882264235 2.0536413177860657 0
    endloop
  endfacet
  facet normal 0.3139823897770218 -0.3343572848792289 0.8886057984045009
    outer loop
      vertex -2.186905882264235 2.0536413177860657 0
      vertex -0.9841076470189059 0.9241385930037296 -0.85
      vertex -1.9122719692460688 2.311539728327368 0
    endloop
  endfacet
  facet normal 0.269600465171941 -0.37107320601327776 0.8886057984045008
    outer loop
      vertex -1.9122719692460688 2.311539728327368 0
      vertex -0.8605223861607311 1.0401928777473157 -0.85
      vertex -1.6074803849369903 2.532983776506045 0
    endloop
  endfacet
  facet normal 0.22096678017958693 -0.4019370810201089 0.8886057984045009
    outer loop
      vertex -0.7233661732216456 1.1398426994277202 -0.85
      vertex -1.2773378746952182 2.7144811573980583 0
      vertex -1.6074803849369903 2.532983776506045 0
    endloop
  endfacet
  facet normal 0.1688483170646452 -0.42646216815367893 0.8886057984045008
    outer loop
      vertex -0.5748020436128483 1.2215165208291263 -0.85
      vertex -0.9270509831248421 2.8531695488854605 0
      vertex -1.2773378746952182 2.7144811573980583 0
    endloop
  endfacet
  facet normal 0.11406701512449824 -0.4442616921393145 0.8886057984045008
    outer loop
      vertex -0.417172942406179 1.2839262969984573 -0.85
      vertex -0.5621439437571737 2.946861752186066 0
      vertex -0.9270509831248421 2.8531695488854605 0
    endloop
  endfacet
  facet normal 0.05748680821550535 -0.45505494385084233 0.8886057984045009
    outer loop
      vertex -0.2529647746907282 1.3260877884837299 -0.85
      vertex -0.18837155858793983 2.9940801852848145 0
      vertex -0.5621439437571737 2.946861752186066 0
    endloop
  endfacet
  facet normal 0 -0.4586717072611952 0.8886057984045009
    outer loop
      vertex -0.08476720136457293 1.3473360833781667 -0.85
      vertex 0.18837155858793983 2.9940801852848145 0
      vertex -0.18837155858793983 2.9940801852848145 0
    endloop
  endfacet
  facet normal 0 0.4586717072611952 0.8886057984045009
    outer loop
      vertex -0.08476720136457358 -1.3473360833781667 -0.85
      vertex 0.1883715585879413 -2.9940801852848145 0
      vertex 0.08476720136457358 -1.3473360833781667 -0.85
    endloop
  endfacet
  facet normal -0.05748680821550583 0.4550549438508422 0.8886057984045008
    outer loop
      vertex 0.1883715585879413 -2.9940801852848145 0
      vertex 0.25296477469072853 -1.3260877884837297 -0.85
      vertex 0.08476720136457358 -1.3473360833781667 -0.85
    endloop
  endfacet
  facet normal -0.11406701512449774 0.4442616921393146 0.8886057984045009
    outer loop
      vertex 0.5621439437571745 -2.9468617521860656 0
      vertex 0.417172942406179 -1.2839262969984573 -0.85
      vertex 0.25296477469072853 -1.3260877884837297 -0.85
    endloop
  endfacet
  facet normal -0.1688483170646448 0.426462168153679 0.8886057984045009
    outer loop
      vertex 0.9270509831248421 -2.8531695488854605 0
      vertex 0.5748020436128478 -1.2215165208291265 -0.85
      vertex 0.417172942406179 -1.2839262969984573 -0.85
    endloop
  endfacet
  facet normal -0.2209667801795874 0.4019370810201089 0.8886057984045008
    outer loop
      vertex 1.2773378746952173 -2.7144811573980587 0
      vertex 0.723366173221645 -1.1398426994277207 -0.85
      vertex 0.5748020436128478 -1.2215165208291265 -0.85
    endloop
  endfacet
  facet normal -0.26960046517194103 0.3710732060132778 0.8886057984045009
    outer loop
      vertex 1.6074803849369887 -2.532983776506046 0
      vertex 0.8605223861607315 -1.0401928777473153 -0.85
      vertex 0.723366173221645 -1.1398426994277207 -0.85
    endloop
  endfacet
  facet normal -0.3139823897770219 0.33435728487922883 0.8886057984045008
    outer loop
      vertex 0.8605223861607315 -1.0401928777473153 -0.85
      vertex 1.91227196924607 -2.311539728327367 0
      vertex 0.9841076470189059 -0.9241385930037296 -0.85
    endloop
  endfacet
  facet normal -0.35341262453133093 0.29236834962727426 0.8886057984045009
    outer loop
      vertex 0.9841076470189059 -0.9241385930037296 -0.85
      vertex 2.186905882264235 -2.0536413177860657 0
      vertex 1.0921729424061792 -0.7935100905948388 -0.85
    endloop
  endfacet
  facet normal -0.3872693310783129 0.2457685908493103 0.8886057984045009
    outer loop
      vertex 1.0921729424061792 -0.7935100905948388 -0.85
      vertex 2.4270509831248424 -1.7633557568774194 0
      vertex 1.1830140180592157 -0.6503674600373158 -0.85
    endloop
  endfacet
  facet normal -0.41501856893070393 0.19529291457861445 0.8886057984045009
    outer loop
      vertex 1.1830140180592157 -0.6503674600373158 -0.85
      vertex 2.6289200401315904 -1.445261022305146 0
      vertex 1.2551982559491393 -0.49696814612431583 -0.85
    endloop
  endfacet
  facet normal -0.43622271603098284 0.14173735238268023 0.8886057984045009
    outer loop
      vertex 1.2551982559491393 -0.49696814612431583 -0.85
      vertex 2.7893294576647536 -1.104373658054035 0
      vertex 1.3075872675236522 -0.3357313476725535 -0.85
    endloop
  endfacet
  facet normal -0.45054737031263326 0.08594650746988168 0.8886057984045008
    outer loop
      vertex 1.3075872675236522 -0.3357313476725535 -0.85
      vertex 2.9057494833858937 -0.7460696614945633 0
      vertex 1.3393548467745453 -0.1691998653118105 -0.85
    endloop
  endfacet
  facet normal -0.4577666234205006 0.028800234792327243 0.8886057984045009
    outer loop
      vertex 1.3393548467745453 -0.1691998653118105 -0.85
      vertex 2.9763441039434335 -0.3759997006929122 0
      vertex 1.35 0 -0.85
    endloop
  endfacet
  facet normal -0.05748680821550589 0.4550549438508422 0.8886057984045009
    outer loop
      vertex 0.1883715585879413 -2.9940801852848145 0
      vertex 0.5621439437571745 -2.9468617521860656 0
      vertex 0.25296477469072853 -1.3260877884837297 -0.85
    endloop
  endfacet
  facet normal -0.11406701512449789 0.44426169213931443 0.8886057984045009
    outer loop
      vertex 0.5621439437571745 -2.9468617521860656 0
      vertex 0.9270509831248421 -2.8531695488854605 0
      vertex 0.417172942406179 -1.2839262969984573 -0.85
    endloop
  endfacet
  facet normal -0.16884831706464482 0.4264621681536789 0.8886057984045009
    outer loop
      vertex 0.9270509831248421 -2.8531695488854605 0
      vertex 1.2773378746952173 -2.7144811573980587 0
      vertex 0.5748020436128478 -1.2215165208291265 -0.85
    endloop
  endfacet
  facet normal -0.22096678017958693 0.401937081020109 0.8886057984045009
    outer loop
      vertex 1.2773378746952173 -2.7144811573980587 0
      vertex 1.6074803849369887 -2.532983776506046 0
      vertex 0.723366173221645 -1.1398426994277207 -0.85
    endloop
  endfacet
  facet normal -0.26960046517194086 0.37107320601327787 0.8886057984045008
    outer loop
      vertex 1.6074803849369887 -2.532983776506046 0
      vertex 1.91227196924607 -2.311539728327367 0
      vertex 0.8605223861607315 -1.0401928777473153 -0.85
    endloop
  endfacet
  facet normal -0.31398238977702186 0.334357284879229 0.8886057984045009
    outer loop
      vertex 0.9841076470189059 -0.9241385930037296 -0.85
      vertex 1.91227196924607 -2.311539728327367 0
      vertex 2.186905882264235 -2.0536413177860657 0
    endloop
  endfacet
  facet normal -0.3534126245313309 0.2923683496272742 0.8886057984045009
    outer loop
      vertex 1.0921729424061792 -0.7935100905948388 -0.85
      vertex 2.186905882264235 -2.0536413177860657 0
      vertex 2.4270509831248424 -1.7633557568774194 0
    endloop
  endfacet
  facet normal -0.3872693310783127 0.24576859084931033 0.888605798404501
    outer loop
      vertex 1.1830140180592157 -0.6503674600373158 -0.85
      vertex 2.4270509831248424 -1.7633557568774194 0
      vertex 2.6289200401315904 -1.445261022305146 0
    endloop
  endfacet
  facet normal -0.41501856893070405 0.19529291457861414 0.8886057984045008
    outer loop
      vertex 1.2551982559491393 -0.49696814612431583 -0.85
      vertex 2.6289200401315904 -1.445261022305146 0
      vertex 2.7893294576647536 -1.104373658054035 0
    endloop
  endfacet
  facet normal -0.43622271603098267 0.14173735238268031 0.8886057984045009
    outer loop
      vertex 1.3075872675236522 -0.3357313476725535 -0.85
      vertex 2.7893294576647536 -1.104373658054035 0
      vertex 2.9057494833858937 -0.7460696614945633 0
    endloop
  endfacet
  facet normal -0.4505473703126334 0.0859465074698811 0.8886057984045009
    outer loop
      vertex 1.3393548467745453 -0.1691998653118105 -0.85
      vertex 2.9057494833858937 -0.7460696614945633 0
      vertex 2.9763441039434335 -0.3759997006929122 0
    endloop
  endfacet
  facet normal -0.4577666234205005 0.028800234792327597 0.8886057984045009
    outer loop
      vertex 2.9763441039434335 -0.3759997006929122 0
      vertex 3 0 0
      vertex 1.35 0 -0.85
    endloop
  endfacet
  facet normal 0 -0.45867170726119527 0.8886057984045009
    outer loop
      vertex -0.08476720136457293 1.3473360833781667 -0.85
      vertex 0.08476720136457293 1.3473360833781667 -0.85
      vertex 0.18837155858793983 2.9940801852848145 0
    endloop
  endfacet
  facet normal -0.0574868082155053 -0.4550549438508423 0.8886057984045009
    outer loop
      vertex 0.08476720136457293 1.3473360833781667 -0.85
      vertex 0.2529647746907282 1.3260877884837299 -0.85
      vertex 0.18837155858793983 2.9940801852848145 0
    endloop
  endfacet
  facet normal -0.1140670151244984 -0.44426169213931443 0.8886057984045009
    outer loop
      vertex 0.2529647746907282 1.3260877884837299 -0.85
      vertex 0.417172942406179 1.2839262969984573 -0.85
      vertex 0.5621439437571737 2.946861752186066 0
    endloop
  endfacet
  facet normal -0.16884831706464487 -0.4264621681536789 0.8886057984045008
    outer loop
      vertex 0.5748020436128483 1.2215165208291263 -0.85
      vertex 0.9270509831248421 2.8531695488854605 0
      vertex 0.417172942406179 1.2839262969984573 -0.85
    endloop
  endfacet
  facet normal -0.22096678017958696 -0.40193708102010883 0.8886057984045008
    outer loop
      vertex 0.5748020436128483 1.2215165208291263 -0.85
      vertex 0.7233661732216455 1.1398426994277204 -0.85
      vertex 1.2773378746952182 2.7144811573980583 0
    endloop
  endfacet
  facet normal -0.2696004651719411 -0.37107320601327776 0.8886057984045007
    outer loop
      vertex 0.7233661732216455 1.1398426994277204 -0.85
      vertex 0.8605223861607312 1.0401928777473155 -0.85
      vertex 1.60748038493699 2.532983776506045 0
    endloop
  endfacet
  facet normal -0.31398238977702175 -0.33435728487922894 0.8886057984045009
    outer loop
      vertex 0.8605223861607312 1.0401928777473155 -0.85
      vertex 0.9841076470189056 0.9241385930037298 -0.85
      vertex 1.9122719692460692 2.3115397283273675 0
    endloop
  endfacet
  facet normal -0.4577666234205005 -0.02880023479232719 0.8886057984045007
    outer loop
      vertex 1.35 0 -0.85
      vertex 2.9763441039434335 0.3759997006929128 0
      vertex 1.3393548467745453 0.16919986531181075 -0.85
    endloop
  endfacet
  facet normal -0.45054737031263314 -0.08594650746988217 0.8886057984045009
    outer loop
      vertex 1.3393548467745453 0.16919986531181075 -0.85
      vertex 2.9057494833858932 0.7460696614945643 0
      vertex 1.307587267523652 0.33573134767255397 -0.85
    endloop
  endfacet
  facet normal -0.4362227160309829 -0.1417373523826799 0.8886057984045009
    outer loop
      vertex 1.307587267523652 0.33573134767255397 -0.85
      vertex 2.789329457664754 1.104373658054034 0
      vertex 1.2551982559491395 0.4969681461243153 -0.85
    endloop
  endfacet
  facet normal -0.4150185689307042 -0.195292914578614 0.8886057984045009
    outer loop
      vertex 1.183014018059216 0.6503674600373157 -0.85
      vertex 1.2551982559491395 0.4969681461243153 -0.85
      vertex 2.628920040131591 1.445261022305146 0
    endloop
  endfacet
  facet normal -0.3872693310783125 -0.24576859084931046 0.8886057984045009
    outer loop
      vertex 1.0921729424061792 0.7935100905948388 -0.85
      vertex 1.183014018059216 0.6503674600373157 -0.85
      vertex 2.4270509831248424 1.7633557568774194 0
    endloop
  endfacet
  facet normal -0.3534126245313308 -0.29236834962727426 0.8886057984045008
    outer loop
      vertex 0.9841076470189056 0.9241385930037298 -0.85
      vertex 1.0921729424061792 0.7935100905948388 -0.85
      vertex 2.1869058822642344 2.053641317786066 0
    endloop
  endfacet
  facet normal -0.05748680821550535 -0.45505494385084233 0.8886057984045009
    outer loop
      vertex 0.2529647746907282 1.3260877884837299 -0.85
      vertex 0.5621439437571737 2.946861752186066 0
      vertex 0.18837155858793983 2.9940801852848145 0
    endloop
  endfacet
  facet normal -0.11406701512449824 -0.4442616921393145 0.8886057984045008
    outer loop
      vertex 0.417172942406179 1.2839262969984573 -0.85
      vertex 0.9270509831248421 2.8531695488854605 0
      vertex 0.5621439437571737 2.946861752186066 0
    endloop
  endfacet
  facet normal -0.1688483170646452 -0.42646216815367893 0.8886057984045008
    outer loop
      vertex 0.5748020436128483 1.2215165208291263 -0.85
      vertex 1.2773378746952182 2.7144811573980583 0
      vertex 0.9270509831248421 2.8531695488854605 0
    endloop
  endfacet
  facet normal -0.2209667801795871 -0.4019370810201089 0.8886057984045009
    outer loop
      vertex 0.7233661732216455 1.1398426994277204 -0.85
      vertex 1.60748038493699 2.532983776506045 0
      vertex 1.2773378746952182 2.7144811573980583 0
    endloop
  endfacet
  facet normal -0.38726933107831235 -0.24576859084931085 0.8886057984045009
    outer loop
      vertex 1.183014018059216 0.6503674600373157 -0.85
      vertex 2.628920040131591 1.445261022305146 0
      vertex 2.4270509831248424 1.7633557568774194 0
    endloop
  endfacet
  facet normal -0.4577666234205005 -0.028800234792327614 0.8886057984045009
    outer loop
      vertex 1.35 0 -0.85
      vertex 3 0 0
      vertex 2.9763441039434335 0.3759997006929128 0
    endloop
  endfacet
  facet normal -0.45054737031263326 -0.08594650746988161 0.8886057984045009
    outer loop
      vertex 1.3393548467745453 0.16919986531181075 -0.85
      vertex 2.9763441039434335 0.3759997006929128 0
      vertex 2.9057494833858932 0.7460696614945643 0
    endloop
  endfacet
  facet normal -0.41501856893070427 -0.19529291457861364 0.8886057984045009
    outer loop
      vertex 1.2551982559491395 0.4969681461243153 -0.85
      vertex 2.789329457664754 1.104373658054034 0
      vertex 2.628920040131591 1.445261022305146 0
    endloop
  endfacet
  facet normal -0.4362227160309828 -0.14173735238268023 0.8886057984045009
    outer loop
      vertex 1.307587267523652 0.33573134767255397 -0.85
      vertex 2.9057494833858932 0.7460696614945643 0
      vertex 2.789329457664754 1.104373658054034 0
    endloop
  endfacet
  facet normal -0.26960046517194125 -0.3710732060132777 0.8886057984045009
    outer loop
      vertex 0.8605223861607312 1.0401928777473155 -0.85
      vertex 1.9122719692460692 2.3115397283273675 0
      vertex 1.60748038493699 2.532983776506045 0
    endloop
  endfacet
  facet normal -0.31398238977702175 -0.334357284879229 0.8886057984045008
    outer loop
      vertex 0.9841076470189056 0.9241385930037298 -0.85
      vertex 2.1869058822642344 2.053641317786066 0
      vertex 1.9122719692460692 2.3115397283273675 0
    endloop
  endfacet
  facet normal -0.3534126245313309 -0.29236834962727426 0.8886057984045009
    outer loop
      vertex 1.0921729424061792 0.7935100905948388 -0.85
      vertex 2.4270509831248424 1.7633557568774194 0
      vertex 2.1869058822642344 2.053641317786066 0
    endloop
  endfacet
  facet normal 0.8443279255020159 0.5358267949789954 0
    outer loop
      vertex -1.0921729424061792 -0.7935100905948388 -0.85
      vertex -1.0921729424061792 -0.7935100905948388 -15
      vertex -1.1830140180592157 -0.6503674600373158 -15
    endloop
  endfacet
  facet normal 0.5877852522924722 0.809016994374948 0
    outer loop
      vertex -0.7233661732216456 -1.1398426994277202 -0.85
      vertex -0.7233661732216456 -1.1398426994277202 -15
      vertex -0.8605223861607311 -1.0401928777473157 -15
    endloop
  endfacet
  facet normal 0.7705132427757889 0.63742398974869 0
    outer loop
      vertex -0.9841076470189059 -0.9241385930037296 -0.85
      vertex -0.9841076470189059 -0.9241385930037296 -15
      vertex -1.0921729424061792 -0.7935100905948388 -15
    endloop
  endfacet
  facet normal 0.6845471059286888 0.7289686274214112 0
    outer loop
      vertex -0.8605223861607311 -1.0401928777473157 -0.85
      vertex -0.8605223861607311 -1.0401928777473157 -15
      vertex -0.9841076470189059 -0.9241385930037296 -15
    endloop
  endfacet
  facet normal 0.9510565162951538 0.30901699437494706 0
    outer loop
      vertex -1.2551982559491395 -0.49696814612431517 -0.85
      vertex -1.2551982559491395 -0.49696814612431517 -15
      vertex -1.307587267523652 -0.3357313476725541 -15
    endloop
  endfacet
  facet normal 0.9048270524660192 0.4257792915650731 0
    outer loop
      vertex -1.1830140180592157 -0.6503674600373158 -0.85
      vertex -1.1830140180592157 -0.6503674600373158 -15
      vertex -1.2551982559491395 -0.49696814612431517 -15
    endloop
  endfacet
  facet normal 0.9822872507286885 0.1873813145857259 0
    outer loop
      vertex -1.307587267523652 -0.3357313476725541 -0.85
      vertex -1.307587267523652 -0.3357313476725541 -15
      vertex -1.3393548467745453 -0.1691998653118105 -15
    endloop
  endfacet
  facet normal 0.9980267284282716 0.06279051952931261 0
    outer loop
      vertex -1.3393548467745453 -0.1691998653118105 -0.85
      vertex -1.3393548467745453 -0.1691998653118105 -15
      vertex -1.35 0 -15
    endloop
  endfacet
  facet normal 0.4817536741017156 0.8763066800438634 0
    outer loop
      vertex -0.5748020436128478 -1.2215165208291265 -0.85
      vertex -0.5748020436128478 -1.2215165208291265 -15
      vertex -0.7233661732216456 -1.1398426994277202 -15
    endloop
  endfacet
  facet normal 0.36812455268467736 0.9297764858882516 0
    outer loop
      vertex -0.417172942406179 -1.2839262969984573 -0.85
      vertex -0.417172942406179 -1.2839262969984573 -15
      vertex -0.5748020436128478 -1.2215165208291265 -15
    endloop
  endfacet
  facet normal 0.24868988716485504 0.968583161128631 0
    outer loop
      vertex -0.25296477469072853 -1.3260877884837297 -0.85
      vertex -0.25296477469072853 -1.3260877884837297 -15
      vertex -0.417172942406179 -1.2839262969984573 -15
    endloop
  endfacet
  facet normal 0.1253332335643052 0.9921147013144778 0
    outer loop
      vertex -0.08476720136457358 -1.3473360833781667 -0.85
      vertex -0.08476720136457358 -1.3473360833781667 -15
      vertex -0.25296477469072853 -1.3260877884837297 -15
    endloop
  endfacet
  facet normal 0.7705132427757889 0.63742398974869 0
    outer loop
      vertex -1.0921729424061792 -0.7935100905948388 -0.85
      vertex -0.9841076470189059 -0.9241385930037296 -0.85
      vertex -1.0921729424061792 -0.7935100905948388 -15
    endloop
  endfacet
  facet normal 0.5877852522924722 0.809016994374948 0
    outer loop
      vertex -0.8605223861607311 -1.0401928777473157 -0.85
      vertex -0.7233661732216456 -1.1398426994277202 -0.85
      vertex -0.8605223861607311 -1.0401928777473157 -15
    endloop
  endfacet
  facet normal 0.6845471059286888 0.7289686274214112 0
    outer loop
      vertex -0.9841076470189059 -0.9241385930037296 -0.85
      vertex -0.8605223861607311 -1.0401928777473157 -0.85
      vertex -0.9841076470189059 -0.9241385930037296 -15
    endloop
  endfacet
  facet normal 0.9048270524660192 0.4257792915650731 0
    outer loop
      vertex -1.2551982559491395 -0.49696814612431517 -0.85
      vertex -1.1830140180592157 -0.6503674600373158 -0.85
      vertex -1.2551982559491395 -0.49696814612431517 -15
    endloop
  endfacet
  facet normal 0.9510565162951538 0.30901699437494706 0
    outer loop
      vertex -1.2551982559491395 -0.49696814612431517 -0.85
      vertex -1.307587267523652 -0.3357313476725541 -15
      vertex -1.307587267523652 -0.3357313476725541 -0.85
    endloop
  endfacet
  facet normal 0.8443279255020159 0.5358267949789954 0
    outer loop
      vertex -1.1830140180592157 -0.6503674600373158 -0.85
      vertex -1.0921729424061792 -0.7935100905948388 -0.85
      vertex -1.1830140180592157 -0.6503674600373158 -15
    endloop
  endfacet
  facet normal 0.9822872507286885 0.1873813145857259 0
    outer loop
      vertex -1.307587267523652 -0.3357313476725541 -0.85
      vertex -1.3393548467745453 -0.1691998653118105 -15
      vertex -1.3393548467745453 -0.1691998653118105 -0.85
    endloop
  endfacet
  facet normal 0.9980267284282716 0.06279051952931261 0
    outer loop
      vertex -1.3393548467745453 -0.1691998653118105 -0.85
      vertex -1.35 0 -15
      vertex -1.35 0 -0.85
    endloop
  endfacet
  facet normal 0.4817536741017156 0.8763066800438634 0
    outer loop
      vertex -0.7233661732216456 -1.1398426994277202 -0.85
      vertex -0.5748020436128478 -1.2215165208291265 -0.85
      vertex -0.7233661732216456 -1.1398426994277202 -15
    endloop
  endfacet
  facet normal 0.36812455268467736 0.9297764858882516 0
    outer loop
      vertex -0.417172942406179 -1.2839262969984573 -0.85
      vertex -0.5748020436128478 -1.2215165208291265 -15
      vertex -0.5748020436128478 -1.2215165208291265 -0.85
    endloop
  endfacet
  facet normal 0.24868988716485504 0.968583161128631 0
    outer loop
      vertex -0.417172942406179 -1.2839262969984573 -0.85
      vertex -0.25296477469072853 -1.3260877884837297 -0.85
      vertex -0.417172942406179 -1.2839262969984573 -15
    endloop
  endfacet
  facet normal 0.1253332335643052 0.9921147013144778 0
    outer loop
      vertex -0.25296477469072853 -1.3260877884837297 -0.85
      vertex -0.08476720136457358 -1.3473360833781667 -0.85
      vertex -0.25296477469072853 -1.3260877884837297 -15
    endloop
  endfacet
  facet normal 0 1 0
    outer loop
      vertex -0.08476720136457358 -1.3473360833781667 -0.85
      vertex 0.08476720136457358 -1.3473360833781667 -0.85
      vertex -0.08476720136457358 -1.3473360833781667 -15
    endloop
  endfacet
  facet normal 0.9980267284282716 -0.06279051952931261 0
    outer loop
      vertex -1.35 0 -0.85
      vertex -1.35 0 -15
      vertex -1.3393548467745453 0.1691998653118105 -15
    endloop
  endfacet
  facet normal 0.9822872507286885 -0.1873813145857259 0
    outer loop
      vertex -1.3393548467745453 0.1691998653118105 -0.85
      vertex -1.3393548467745453 0.1691998653118105 -15
      vertex -1.307587267523652 0.3357313476725541 -15
    endloop
  endfacet
  facet normal 0.9510565162951538 -0.30901699437494706 0
    outer loop
      vertex -1.307587267523652 0.3357313476725541 -0.85
      vertex -1.307587267523652 0.3357313476725541 -15
      vertex -1.2551982559491395 0.49696814612431517 -15
    endloop
  endfacet
  facet normal 0.9048270524660192 -0.4257792915650731 0
    outer loop
      vertex -1.2551982559491395 0.49696814612431517 -0.85
      vertex -1.2551982559491395 0.49696814612431517 -15
      vertex -1.1830140180592157 0.6503674600373158 -15
    endloop
  endfacet
  facet normal 0.8443279255020159 -0.5358267949789954 0
    outer loop
      vertex -1.1830140180592157 0.6503674600373158 -0.85
      vertex -1.1830140180592157 0.6503674600373158 -15
      vertex -1.0921729424061792 0.7935100905948388 -15
    endloop
  endfacet
  facet normal 0.7705132427757889 -0.63742398974869 0
    outer loop
      vertex -1.0921729424061792 0.7935100905948388 -0.85
      vertex -1.0921729424061792 0.7935100905948388 -15
      vertex -0.9841076470189059 0.9241385930037296 -15
    endloop
  endfacet
  facet normal 0.6845471059286888 -0.7289686274214112 0
    outer loop
      vertex -0.9841076470189059 0.9241385930037296 -0.85
      vertex -0.9841076470189059 0.9241385930037296 -15
      vertex -0.8605223861607311 1.0401928777473157 -15
    endloop
  endfacet
  facet normal 0.5877852522924722 -0.809016994374948 0
    outer loop
      vertex -0.8605223861607311 1.0401928777473157 -0.85
      vertex -0.8605223861607311 1.0401928777473157 -15
      vertex -0.7233661732216456 1.1398426994277202 -15
    endloop
  endfacet
  facet normal 0.48175367410171566 -0.8763066800438633 0
    outer loop
      vertex -0.7233661732216456 1.1398426994277202 -0.85
      vertex -0.7233661732216456 1.1398426994277202 -15
      vertex -0.5748020436128483 1.2215165208291263 -15
    endloop
  endfacet
  facet normal 0.3681245526846777 -0.9297764858882516 0
    outer loop
      vertex -0.5748020436128483 1.2215165208291263 -0.85
      vertex -0.5748020436128483 1.2215165208291263 -15
      vertex -0.417172942406179 1.2839262969984573 -15
    endloop
  endfacet
  facet normal 0.24868988716485585 -0.9685831611286309 0
    outer loop
      vertex -0.417172942406179 1.2839262969984573 -0.85
      vertex -0.417172942406179 1.2839262969984573 -15
      vertex -0.2529647746907282 1.3260877884837299 -15
    endloop
  endfacet
  facet normal 0.1253332335643037 -0.9921147013144779 0
    outer loop
      vertex -0.2529647746907282 1.3260877884837299 -0.85
      vertex -0.2529647746907282 1.3260877884837299 -15
      vertex -0.08476720136457293 1.3473360833781667 -15
    endloop
  endfacet
  facet normal 0 -1 0
    outer loop
      vertex -0.08476720136457293 1.3473360833781667 -0.85
      vertex -0.08476720136457293 1.3473360833781667 -15
      vertex 0.08476720136457255 1.3473360833781667 -15
    endloop
  endfacet
  facet normal 0.9980267284282716 -0.06279051952931261 0
    outer loop
      vertex -1.35 0 -0.85
      vertex -1.3393548467745453 0.1691998653118105 -15
      vertex -1.3393548467745453 0.1691998653118105 -0.85
    endloop
  endfacet
  facet normal 0.9822872507286885 -0.1873813145857259 0
    outer loop
      vertex -1.3393548467745453 0.1691998653118105 -0.85
      vertex -1.307587267523652 0.3357313476725541 -15
      vertex -1.307587267523652 0.3357313476725541 -0.85
    endloop
  endfacet
  facet normal 0.9510565162951538 -0.30901699437494706 0
    outer loop
      vertex -1.307587267523652 0.3357313476725541 -0.85
      vertex -1.2551982559491395 0.49696814612431517 -15
      vertex -1.2551982559491395 0.49696814612431517 -0.85
    endloop
  endfacet
  facet normal 0.9048270524660192 -0.4257792915650731 0
    outer loop
      vertex -1.2551982559491395 0.49696814612431517 -0.85
      vertex -1.1830140180592157 0.6503674600373158 -15
      vertex -1.1830140180592157 0.6503674600373158 -0.85
    endloop
  endfacet
  facet normal 0.8443279255020159 -0.5358267949789954 0
    outer loop
      vertex -1.1830140180592157 0.6503674600373158 -0.85
      vertex -1.0921729424061792 0.7935100905948388 -15
      vertex -1.0921729424061792 0.7935100905948388 -0.85
    endloop
  endfacet
  facet normal 0.7705132427757889 -0.63742398974869 0
    outer loop
      vertex -1.0921729424061792 0.7935100905948388 -0.85
      vertex -0.9841076470189059 0.9241385930037296 -15
      vertex -0.9841076470189059 0.9241385930037296 -0.85
    endloop
  endfacet
  facet normal 0.6845471059286888 -0.7289686274214112 0
    outer loop
      vertex -0.9841076470189059 0.9241385930037296 -0.85
      vertex -0.8605223861607311 1.0401928777473157 -15
      vertex -0.8605223861607311 1.0401928777473157 -0.85
    endloop
  endfacet
  facet normal 0.5877852522924722 -0.809016994374948 0
    outer loop
      vertex -0.8605223861607311 1.0401928777473157 -0.85
      vertex -0.7233661732216456 1.1398426994277202 -15
      vertex -0.7233661732216456 1.1398426994277202 -0.85
    endloop
  endfacet
  facet normal 0.48175367410171566 -0.8763066800438633 0
    outer loop
      vertex -0.7233661732216456 1.1398426994277202 -0.85
      vertex -0.5748020436128483 1.2215165208291263 -15
      vertex -0.5748020436128483 1.2215165208291263 -0.85
    endloop
  endfacet
  facet normal 0.3681245526846777 -0.9297764858882516 0
    outer loop
      vertex -0.5748020436128483 1.2215165208291263 -0.85
      vertex -0.417172942406179 1.2839262969984573 -15
      vertex -0.417172942406179 1.2839262969984573 -0.85
    endloop
  endfacet
  facet normal 0.24868988716485585 -0.9685831611286309 0
    outer loop
      vertex -0.417172942406179 1.2839262969984573 -0.85
      vertex -0.2529647746907282 1.3260877884837299 -15
      vertex -0.2529647746907282 1.3260877884837299 -0.85
    endloop
  endfacet
  facet normal 0.1253332335643037 -0.9921147013144779 0
    outer loop
      vertex -0.2529647746907282 1.3260877884837299 -0.85
      vertex -0.08476720136457293 1.3473360833781667 -15
      vertex -0.08476720136457293 1.3473360833781667 -0.85
    endloop
  endfacet
  facet normal 0 1 0
    outer loop
      vertex 0.08476720136457358 -1.3473360833781667 -0.85
      vertex 0.08476720136457358 -1.3473360833781667 -15
      vertex -0.08476720136457358 -1.3473360833781667 -15
    endloop
  endfacet
  facet normal -0.1253332335643052 0.9921147013144778 0
    outer loop
      vertex 0.25296477469072853 -1.3260877884837297 -0.85
      vertex 0.25296477469072853 -1.3260877884837297 -15
      vertex 0.08476720136457358 -1.3473360833781667 -15
    endloop
  endfacet
  facet normal -0.24868988716485504 0.968583161128631 0
    outer loop
      vertex 0.417172942406179 -1.2839262969984573 -0.85
      vertex 0.417172942406179 -1.2839262969984573 -15
      vertex 0.25296477469072853 -1.3260877884837297 -15
    endloop
  endfacet
  facet normal -0.36812455268467736 0.9297764858882516 0
    outer loop
      vertex 0.5748020436128478 -1.2215165208291265 -0.85
      vertex 0.5748020436128478 -1.2215165208291265 -15
      vertex 0.417172942406179 -1.2839262969984573 -15
    endloop
  endfacet
  facet normal -0.48175367410171527 0.8763066800438636 0
    outer loop
      vertex 0.723366173221645 -1.1398426994277207 -0.85
      vertex 0.723366173221645 -1.1398426994277207 -15
      vertex 0.5748020436128478 -1.2215165208291265 -15
    endloop
  endfacet
  facet normal -0.5877852522924726 0.8090169943749479 0
    outer loop
      vertex 0.8605223861607315 -1.0401928777473153 -0.85
      vertex 0.8605223861607315 -1.0401928777473153 -15
      vertex 0.723366173221645 -1.1398426994277207 -15
    endloop
  endfacet
  facet normal -0.6845471059286888 0.7289686274214114 0
    outer loop
      vertex 0.9841076470189059 -0.9241385930037296 -0.85
      vertex 0.9841076470189059 -0.9241385930037296 -15
      vertex 0.8605223861607315 -1.0401928777473153 -15
    endloop
  endfacet
  facet normal -0.7705132427757889 0.63742398974869 0
    outer loop
      vertex 1.0921729424061792 -0.7935100905948388 -0.85
      vertex 1.0921729424061792 -0.7935100905948388 -15
      vertex 0.9841076470189059 -0.9241385930037296 -15
    endloop
  endfacet
  facet normal -0.8443279255020159 0.5358267949789954 0
    outer loop
      vertex 1.1830140180592157 -0.6503674600373158 -0.85
      vertex 1.1830140180592157 -0.6503674600373158 -15
      vertex 1.0921729424061792 -0.7935100905948388 -15
    endloop
  endfacet
  facet normal -0.904827052466019 0.42577929156507366 0
    outer loop
      vertex 1.2551982559491393 -0.49696814612431583 -0.85
      vertex 1.2551982559491393 -0.49696814612431583 -15
      vertex 1.1830140180592157 -0.6503674600373158 -15
    endloop
  endfacet
  facet normal -0.9510565162951536 0.3090169943749473 0
    outer loop
      vertex 1.3075872675236522 -0.3357313476725535 -0.85
      vertex 1.3075872675236522 -0.3357313476725535 -15
      vertex 1.2551982559491393 -0.49696814612431583 -15
    endloop
  endfacet
  facet normal -0.9822872507286886 0.18738131458572524 0
    outer loop
      vertex 1.3393548467745453 -0.1691998653118105 -0.85
      vertex 1.3393548467745453 -0.1691998653118105 -15
      vertex 1.3075872675236522 -0.3357313476725535 -15
    endloop
  endfacet
  facet normal -0.9980267284282716 0.06279051952931261 0
    outer loop
      vertex 1.35 0 -0.85
      vertex 1.35 0 -15
      vertex 1.3393548467745453 -0.1691998653118105 -15
    endloop
  endfacet
  facet normal -0.1253332335643052 0.9921147013144778 0
    outer loop
      vertex 0.08476720136457358 -1.3473360833781667 -0.85
      vertex 0.25296477469072853 -1.3260877884837297 -0.85
      vertex 0.08476720136457358 -1.3473360833781667 -15
    endloop
  endfacet
  facet normal -0.24868988716485504 0.968583161128631 0
    outer loop
      vertex 0.25296477469072853 -1.3260877884837297 -0.85
      vertex 0.417172942406179 -1.2839262969984573 -0.85
      vertex 0.25296477469072853 -1.3260877884837297 -15
    endloop
  endfacet
  facet normal -0.36812455268467736 0.9297764858882516 0
    outer loop
      vertex 0.417172942406179 -1.2839262969984573 -0.85
      vertex 0.5748020436128478 -1.2215165208291265 -0.85
      vertex 0.417172942406179 -1.2839262969984573 -15
    endloop
  endfacet
  facet normal -0.48175367410171527 0.8763066800438636 0
    outer loop
      vertex 0.5748020436128478 -1.2215165208291265 -0.85
      vertex 0.723366173221645 -1.1398426994277207 -0.85
      vertex 0.5748020436128478 -1.2215165208291265 -15
    endloop
  endfacet
  facet normal -0.5877852522924726 0.8090169943749479 0
    outer loop
      vertex 0.723366173221645 -1.1398426994277207 -0.85
      vertex 0.8605223861607315 -1.0401928777473153 -0.85
      vertex 0.723366173221645 -1.1398426994277207 -15
    endloop
  endfacet
  facet normal -0.6845471059286888 0.7289686274214114 0
    outer loop
      vertex 0.8605223861607315 -1.0401928777473153 -0.85
      vertex 0.9841076470189059 -0.9241385930037296 -0.85
      vertex 0.8605223861607315 -1.0401928777473153 -15
    endloop
  endfacet
  facet normal -0.7705132427757889 0.63742398974869 0
    outer loop
      vertex 0.9841076470189059 -0.9241385930037296 -0.85
      vertex 1.0921729424061792 -0.7935100905948388 -0.85
      vertex 0.9841076470189059 -0.9241385930037296 -15
    endloop
  endfacet
  facet normal -0.8443279255020159 0.5358267949789954 0
    outer loop
      vertex 1.0921729424061792 -0.7935100905948388 -0.85
      vertex 1.1830140180592157 -0.6503674600373158 -0.85
      vertex 1.0921729424061792 -0.7935100905948388 -15
    endloop
  endfacet
  facet normal -0.904827052466019 0.42577929156507366 0
    outer loop
      vertex 1.1830140180592157 -0.6503674600373158 -0.85
      vertex 1.2551982559491393 -0.49696814612431583 -0.85
      vertex 1.1830140180592157 -0.6503674600373158 -15
    endloop
  endfacet
  facet normal -0.9510565162951536 0.3090169943749473 0
    outer loop
      vertex 1.2551982559491393 -0.49696814612431583 -0.85
      vertex 1.3075872675236522 -0.3357313476725535 -0.85
      vertex 1.2551982559491393 -0.49696814612431583 -15
    endloop
  endfacet
  facet normal -0.9822872507286886 0.18738131458572524 0
    outer loop
      vertex 1.3075872675236522 -0.3357313476725535 -0.85
      vertex 1.3393548467745453 -0.1691998653118105 -0.85
      vertex 1.3075872675236522 -0.3357313476725535 -15
    endloop
  endfacet
  facet normal -0.9980267284282716 0.06279051952931261 0
    outer loop
      vertex 1.3393548467745453 -0.1691998653118105 -0.85
      vertex 1.35 0 -0.85
      vertex 1.3393548467745453 -0.1691998653118105 -15
    endloop
  endfacet
  facet normal -0.12533323356430343 -0.992114701314478 3.3188972832623034e-18
    outer loop
      vertex 0.08476720136457293 1.3473360833781667 -0.85
      vertex 0.08476720136457255 1.3473360833781667 -15
      vertex 0.2529647746907282 1.3260877884837299 -15
    endloop
  endfacet
  facet normal -0.24868988716485585 -0.9685831611286309 0
    outer loop
      vertex 0.2529647746907282 1.3260877884837299 -0.85
      vertex 0.2529647746907282 1.3260877884837299 -15
      vertex 0.417172942406179 1.2839262969984573 -15
    endloop
  endfacet
  facet normal -0.3681245526846777 -0.9297764858882516 0
    outer loop
      vertex 0.417172942406179 1.2839262969984573 -0.85
      vertex 0.417172942406179 1.2839262969984573 -15
      vertex 0.5748020436128483 1.2215165208291263 -15
    endloop
  endfacet
  facet normal -0.481753674101715 -0.8763066800438638 0
    outer loop
      vertex 0.5748020436128483 1.2215165208291263 -0.85
      vertex 0.5748020436128483 1.2215165208291263 -15
      vertex 0.7233661732216455 1.1398426994277204 -15
    endloop
  endfacet
  facet normal -0.9980267284282716 -0.06279051952931251 0
    outer loop
      vertex 1.3393548467745453 0.16919986531181075 -0.85
      vertex 1.3393548467745453 0.16919986531181075 -15
      vertex 1.35 0 -15
    endloop
  endfacet
  facet normal -0.9822872507286884 -0.18738131458572632 0
    outer loop
      vertex 1.307587267523652 0.33573134767255397 -0.85
      vertex 1.307587267523652 0.33573134767255397 -15
      vertex 1.3393548467745453 0.16919986531181075 -15
    endloop
  endfacet
  facet normal -0.9048270524660197 -0.4257792915650726 0
    outer loop
      vertex 1.183014018059216 0.6503674600373157 -0.85
      vertex 1.183014018059216 0.6503674600373157 -15
      vertex 1.2551982559491395 0.4969681461243153 -15
    endloop
  endfacet
  facet normal -0.9510565162951539 -0.3090169943749467 0
    outer loop
      vertex 1.2551982559491395 0.4969681461243153 -0.85
      vertex 1.2551982559491395 0.4969681461243153 -15
      vertex 1.307587267523652 0.33573134767255397 -15
    endloop
  endfacet
  facet normal -0.6845471059286885 -0.7289686274214117 0
    outer loop
      vertex 0.8605223861607312 1.0401928777473155 -0.85
      vertex 0.8605223861607312 1.0401928777473155 -15
      vertex 0.9841076470189056 0.9241385930037298 -15
    endloop
  endfacet
  facet normal -0.7705132427757888 -0.6374239897486901 0
    outer loop
      vertex 0.9841076470189056 0.9241385930037298 -0.85
      vertex 0.9841076470189056 0.9241385930037298 -15
      vertex 1.0921729424061792 0.7935100905948388 -15
    endloop
  endfacet
  facet normal -0.5877852522924734 -0.8090169943749473 0
    outer loop
      vertex 0.7233661732216455 1.1398426994277204 -0.85
      vertex 0.7233661732216455 1.1398426994277204 -15
      vertex 0.8605223861607312 1.0401928777473155 -15
    endloop
  endfacet
  facet normal -0.8443279255020155 -0.5358267949789961 0
    outer loop
      vertex 1.0921729424061792 0.7935100905948388 -0.85
      vertex 1.0921729424061792 0.7935100905948388 -15
      vertex 1.183014018059216 0.6503674600373157 -15
    endloop
  endfacet
  facet normal 0 -1 0
    outer loop
      vertex -0.08476720136457293 1.3473360833781667 -0.85
      vertex 0.08476720136457255 1.3473360833781667 -15
      vertex 0.08476720136457293 1.3473360833781667 -0.85
    endloop
  endfacet
  facet normal -0.1253332335643037 -0.9921147013144779 0
    outer loop
      vertex 0.08476720136457293 1.3473360833781667 -0.85
      vertex 0.2529647746907282 1.3260877884837299 -15
      vertex 0.2529647746907282 1.3260877884837299 -0.85
    endloop
  endfacet
  facet normal -0.24868988716485585 -0.9685831611286309 0
    outer loop
      vertex 0.2529647746907282 1.3260877884837299 -0.85
      vertex 0.417172942406179 1.2839262969984573 -15
      vertex 0.417172942406179 1.2839262969984573 -0.85
    endloop
  endfacet
  facet normal -0.3681245526846777 -0.9297764858882516 0
    outer loop
      vertex 0.5748020436128483 1.2215165208291263 -0.85
      vertex 0.417172942406179 1.2839262969984573 -0.85
      vertex 0.5748020436128483 1.2215165208291263 -15
    endloop
  endfacet
  facet normal -0.481753674101715 -0.8763066800438638 0
    outer loop
      vertex 0.5748020436128483 1.2215165208291263 -0.85
      vertex 0.7233661732216455 1.1398426994277204 -15
      vertex 0.7233661732216455 1.1398426994277204 -0.85
    endloop
  endfacet
  facet normal -0.9980267284282716 -0.06279051952931251 0
    outer loop
      vertex 1.35 0 -0.85
      vertex 1.3393548467745453 0.16919986531181075 -0.85
      vertex 1.35 0 -15
    endloop
  endfacet
  facet normal -0.9822872507286884 -0.18738131458572632 0
    outer loop
      vertex 1.3393548467745453 0.16919986531181075 -0.85
      vertex 1.307587267523652 0.33573134767255397 -0.85
      vertex 1.3393548467745453 0.16919986531181075 -15
    endloop
  endfacet
  facet normal -0.8443279255020155 -0.5358267949789961 0
    outer loop
      vertex 1.0921729424061792 0.7935100905948388 -0.85
      vertex 1.183014018059216 0.6503674600373157 -15
      vertex 1.183014018059216 0.6503674600373157 -0.85
    endloop
  endfacet
  facet normal -0.9510565162951539 -0.3090169943749467 0
    outer loop
      vertex 1.307587267523652 0.33573134767255397 -0.85
      vertex 1.2551982559491395 0.4969681461243153 -0.85
      vertex 1.307587267523652 0.33573134767255397 -15
    endloop
  endfacet
  facet normal -0.9048270524660197 -0.4257792915650726 0
    outer loop
      vertex 1.183014018059216 0.6503674600373157 -0.85
      vertex 1.2551982559491395 0.4969681461243153 -15
      vertex 1.2551982559491395 0.4969681461243153 -0.85
    endloop
  endfacet
  facet normal -0.6845471059286885 -0.7289686274214117 0
    outer loop
      vertex 0.8605223861607312 1.0401928777473155 -0.85
      vertex 0.9841076470189056 0.9241385930037298 -15
      vertex 0.9841076470189056 0.9241385930037298 -0.85
    endloop
  endfacet
  facet normal -0.5877852522924734 -0.8090169943749473 0
    outer loop
      vertex 0.7233661732216455 1.1398426994277204 -0.85
      vertex 0.8605223861607312 1.0401928777473155 -15
      vertex 0.8605223861607312 1.0401928777473155 -0.85
    endloop
  endfacet
  facet normal -0.7705132427757888 -0.6374239897486901 0
    outer loop
      vertex 0.9841076470189056 0.9241385930037298 -0.85
      vertex 1.0921729424061792 0.7935100905948388 -15
      vertex 1.0921729424061792 0.7935100905948388 -0.85
    endloop
  endfacet
  facet normal 0 0 1
    outer loop
      vertex -3.1871199487434483 -3.852566213878947 0
      vertex -2.6791339748949836 -4.221639627510075 0
      vertex -2.7893294576647545 -1.1043736580540335 0
    endloop
  endfacet
  facet normal 0 0 1
    outer loop
      vertex -4.648882429441257 -1.8406227634233894 0
      vertex -4.648882429441257 1.8406227634233894 0
      vertex -4.842915805643155 -1.2434494358242743 0
    endloop
  endfacet
  facet normal 0 0 1
    outer loop
      vertex -4.842915805643155 -1.2434494358242743 0
      vertex -4.842915805643155 1.2434494358242743 0
      vertex -4.9605735065723895 -0.6266661678215203 0
    endloop
  endfacet
  facet normal 0 0 1
    outer loop
      vertex -4.381533400219317 -2.408768370508577 0
      vertex -4.381533400219317 2.408768370508577 0
      vertex -4.648882429441257 -1.8406227634233894 0
    endloop
  endfacet
  facet normal 0 0 1
    outer loop
      vertex -3.1871199487434483 -3.852566213878947 0
      vertex -2.7893294576647545 -1.1043736580540335 0
      vertex -2.9057494833858932 -0.7460696614945646 0
    endloop
  endfacet
  facet normal 0 0 1
    outer loop
      vertex -3.1871199487434483 -3.852566213878947 0
      vertex -2.9057494833858932 -0.7460696614945646 0
      vertex -2.9763441039434335 -0.3759997006929122 0
    endloop
  endfacet
  facet normal 0 0 1
    outer loop
      vertex -3.1871199487434483 -3.852566213878947 0
      vertex -2.9763441039434335 -0.3759997006929122 0
      vertex -3 0 0
    endloop
  endfacet
  facet normal 0 0 1
    outer loop
      vertex -4.045084971874737 -2.938926261462366 0
      vertex -4.045084971874737 2.938926261462366 0
      vertex -4.381533400219317 -2.408768370508577 0
    endloop
  endfacet
  facet normal 0 0 1
    outer loop
      vertex -4.045084971874737 -2.938926261462366 0
      vertex -3.6448431371070584 -3.4227355296434423 0
      vertex -3.6448431371070584 3.4227355296434423 0
    endloop
  endfacet
  facet normal 0 0 1
    outer loop
      vertex -3.1871199487434483 -3.852566213878947 0
      vertex -3.1871199487434483 3.852566213878947 0
      vertex -3.6448431371070584 -3.4227355296434423 0
    endloop
  endfacet
  facet normal 0 0 1
    outer loop
      vertex -2.6791339748949836 -4.221639627510075 0
      vertex -2.128896457825362 -4.524135262330098 0
      vertex -2.186905882264235 -2.0536413177860657 0
    endloop
  endfacet
  facet normal 0 0 1
    outer loop
      vertex -2.128896457825362 -4.524135262330098 0
      vertex -1.545084971874737 -4.755282581475767 0
      vertex -1.6074803849369903 -2.532983776506045 0
    endloop
  endfacet
  facet normal 0 0 1
    outer loop
      vertex -2.128896457825362 -4.524135262330098 0
      vertex -1.9122719692460688 -2.311539728327368 0
      vertex -2.186905882264235 -2.0536413177860657 0
    endloop
  endfacet
  facet normal 0 0 1
    outer loop
      vertex -2.128896457825362 -4.524135262330098 0
      vertex -1.6074803849369903 -2.532983776506045 0
      vertex -1.9122719692460688 -2.311539728327368 0
    endloop
  endfacet
  facet normal 0 0 1
    outer loop
      vertex -1.545084971874737 -4.755282581475767 0
      vertex -1.2773378746952173 -2.7144811573980587 0
      vertex -1.6074803849369903 -2.532983776506045 0
    endloop
  endfacet
  facet normal 0 0 1
    outer loop
      vertex -0.9369065729286241 -4.911436253643443 0
      vertex -0.3139525976465688 -4.990133642141358 0
      vertex -0.5621439437571745 -2.9468617521860656 0
    endloop
  endfacet
  facet normal 0 0 1
    outer loop
      vertex -0.3139525976465688 -4.990133642141358 0
      vertex 0.3139525976465688 -4.990133642141358 0
      vertex -0.18837155858794175 -2.9940801852848145 0
    endloop
  endfacet
  facet normal 0 0 1
    outer loop
      vertex -1.545084971874737 -4.755282581475767 0
      vertex -0.9369065729286241 -4.911436253643443 0
      vertex -1.2773378746952173 -2.7144811573980587 0
    endloop
  endfacet
  facet normal 0 0 1
    outer loop
      vertex -0.9369065729286241 -4.911436253643443 0
      vertex -0.5621439437571745 -2.9468617521860656 0
      vertex -0.9270509831248421 -2.8531695488854605 0
    endloop
  endfacet
  facet normal 0 0 1
    outer loop
      vertex -1.2773378746952173 -2.7144811573980587 0
      vertex -0.9369065729286241 -4.911436253643443 0
      vertex -0.9270509831248421 -2.8531695488854605 0
    endloop
  endfacet
  facet normal 0 0 1
    outer loop
      vertex -0.3139525976465688 -4.990133642141358 0
      vertex -0.18837155858794175 -2.9940801852848145 0
      vertex -0.5621439437571745 -2.9468617521860656 0
    endloop
  endfacet
  facet normal 0 0 1
    outer loop
      vertex -2.6791339748949836 -4.221639627510075 0
      vertex -2.4270509831248424 -1.7633557568774194 0
      vertex -2.6289200401315904 -1.445261022305146 0
    endloop
  endfacet
  facet normal 0 0 1
    outer loop
      vertex -2.6791339748949836 -4.221639627510075 0
      vertex -2.6289200401315904 -1.445261022305146 0
      vertex -2.7893294576647545 -1.1043736580540335 0
    endloop
  endfacet
  facet normal 0 0 1
    outer loop
      vertex -2.6791339748949836 -4.221639627510075 0
      vertex -2.186905882264235 -2.0536413177860657 0
      vertex -2.4270509831248424 -1.7633557568774194 0
    endloop
  endfacet
  facet normal 0.7705132427757889 0.6374239897486902 0
    outer loop
      vertex -4.045084971874737 -2.938926261462366 0
      vertex -4.045084971874737 -2.938926261462366 3
      vertex -3.6448431371070584 -3.4227355296434423 0
    endloop
  endfacet
  facet normal 0.6845471059286894 0.7289686274214109 0
    outer loop
      vertex -3.1871199487434483 -3.852566213878947 0
      vertex -3.6448431371070584 -3.4227355296434423 0
      vertex -3.1871199487434483 -3.852566213878947 3
    endloop
  endfacet
  facet normal 0.5877852522924722 0.8090169943749481 0
    outer loop
      vertex -3.1871199487434483 -3.852566213878947 0
      vertex -2.6791339748949836 -4.221639627510075 3
      vertex -2.6791339748949836 -4.221639627510075 0
    endloop
  endfacet
  facet normal 0.7705132427757889 0.6374239897486902 0
    outer loop
      vertex -3.6448431371070584 -3.4227355296434423 0
      vertex -4.045084971874737 -2.938926261462366 3
      vertex -3.6448431371070584 -3.4227355296434423 3
    endloop
  endfacet
  facet normal 0.6845471059286894 0.7289686274214109 0
    outer loop
      vertex -3.6448431371070584 -3.4227355296434423 0
      vertex -3.6448431371070584 -3.4227355296434423 3
      vertex -3.1871199487434483 -3.852566213878947 3
    endloop
  endfacet
  facet normal 0.5877852522924722 0.8090169943749481 0
    outer loop
      vertex -3.1871199487434483 -3.852566213878947 0
      vertex -3.1871199487434483 -3.852566213878947 3
      vertex -2.6791339748949836 -4.221639627510075 3
    endloop
  endfacet
  facet normal 0.8443279255020154 0.535826794978996 0
    outer loop
      vertex -4.045084971874737 -2.938926261462366 0
      vertex -4.381533400219317 -2.408768370508577 0
      vertex -4.381533400219317 -2.408768370508577 3
    endloop
  endfacet
  facet normal 0.9510565162951536 0.30901699437494723 0
    outer loop
      vertex -4.648882429441257 -1.8406227634233894 0
      vertex -4.842915805643155 -1.2434494358242743 0
      vertex -4.842915805643155 -1.2434494358242743 3
    endloop
  endfacet
  facet normal 0.9048270524660195 0.42577929156507305 0
    outer loop
      vertex -4.381533400219317 -2.408768370508577 0
      vertex -4.648882429441257 -1.8406227634233894 0
      vertex -4.648882429441257 -1.8406227634233894 3
    endloop
  endfacet
  facet normal 0.9980267284282717 0.06279051952931294 0
    outer loop
      vertex -4.9605735065723895 -0.6266661678215203 0
      vertex -5 0 0
      vertex -5 0 3
    endloop
  endfacet
  facet normal 0.9822872507286885 0.18738131458572513 0
    outer loop
      vertex -4.842915805643155 -1.2434494358242743 0
      vertex -4.9605735065723895 -0.6266661678215203 0
      vertex -4.9605735065723895 -0.6266661678215203 3
    endloop
  endfacet
  facet normal 0.9048270524660195 0.42577929156507305 0
    outer loop
      vertex -4.381533400219317 -2.408768370508577 0
      vertex -4.648882429441257 -1.8406227634233894 3
      vertex -4.381533400219317 -2.408768370508577 3
    endloop
  endfacet
  facet normal 0.9510565162951536 0.30901699437494723 0
    outer loop
      vertex -4.648882429441257 -1.8406227634233894 0
      vertex -4.842915805643155 -1.2434494358242743 3
      vertex -4.648882429441257 -1.8406227634233894 3
    endloop
  endfacet
  facet normal 0.9980267284282717 0.06279051952931294 0
    outer loop
      vertex -4.9605735065723895 -0.6266661678215203 0
      vertex -5 0 3
      vertex -4.9605735065723895 -0.6266661678215203 3
    endloop
  endfacet
  facet normal 0.9822872507286885 0.18738131458572513 0
    outer loop
      vertex -4.842915805643155 -1.2434494358242743 0
      vertex -4.9605735065723895 -0.6266661678215203 3
      vertex -4.842915805643155 -1.2434494358242743 3
    endloop
  endfacet
  facet normal 0.8443279255020154 0.535826794978996 0
    outer loop
      vertex -4.045084971874737 -2.938926261462366 0
      vertex -4.381533400219317 -2.408768370508577 3
      vertex -4.045084971874737 -2.938926261462366 3
    endloop
  endfacet
  facet normal 0.4817536741017159 0.8763066800438633 0
    outer loop
      vertex -2.6791339748949836 -4.221639627510075 0
      vertex -2.128896457825362 -4.524135262330098 3
      vertex -2.128896457825362 -4.524135262330098 0
    endloop
  endfacet
  facet normal 0.3681245526846768 0.9297764858882519 0
    outer loop
      vertex -2.128896457825362 -4.524135262330098 0
      vertex -1.545084971874737 -4.755282581475767 3
      vertex -1.545084971874737 -4.755282581475767 0
    endloop
  endfacet
  facet normal 0.24868988716485582 0.968583161128631 0
    outer loop
      vertex -1.545084971874737 -4.755282581475767 0
      vertex -0.9369065729286241 -4.911436253643443 3
      vertex -0.9369065729286241 -4.911436253643443 0
    endloop
  endfacet
  facet normal 0.12533323356430498 0.9921147013144778 0
    outer loop
      vertex -0.9369065729286241 -4.911436253643443 0
      vertex -0.3139525976465688 -4.990133642141358 3
      vertex -0.3139525976465688 -4.990133642141358 0
    endloop
  endfacet
  facet normal 0.4817536741017159 0.8763066800438633 0
    outer loop
      vertex -2.6791339748949836 -4.221639627510075 0
      vertex -2.6791339748949836 -4.221639627510075 3
      vertex -2.128896457825362 -4.524135262330098 3
    endloop
  endfacet
  facet normal 0.3681245526846768 0.9297764858882519 0
    outer loop
      vertex -2.128896457825362 -4.524135262330098 0
      vertex -2.128896457825362 -4.524135262330098 3
      vertex -1.545084971874737 -4.755282581475767 3
    endloop
  endfacet
  facet normal 0.12533323356430498 0.9921147013144778 0
    outer loop
      vertex -0.9369065729286241 -4.911436253643443 0
      vertex -0.9369065729286241 -4.911436253643443 3
      vertex -0.3139525976465688 -4.990133642141358 3
    endloop
  endfacet
  facet normal 0.24868988716485582 0.968583161128631 0
    outer loop
      vertex -1.545084971874737 -4.755282581475767 0
      vertex -1.545084971874737 -4.755282581475767 3
      vertex -0.9369065729286241 -4.911436253643443 3
    endloop
  endfacet
  facet normal 0 1 0
    outer loop
      vertex -0.3139525976465688 -4.990133642141358 0
      vertex -0.3139525976465688 -4.990133642141358 3
      vertex 0.3139525976465688 -4.990133642141358 3
    endloop
  endfacet
  facet normal 0 0 1
    outer loop
      vertex -4.9605735065723895 -0.6266661678215203 0
      vertex -4.9605735065723895 0.6266661678215203 0
      vertex -5 0 0
    endloop
  endfacet
  facet normal 0 0 1
    outer loop
      vertex -4.9605735065723895 -0.6266661678215203 0
      vertex -4.842915805643155 1.2434494358242743 0
      vertex -4.9605735065723895 0.6266661678215203 0
    endloop
  endfacet
  facet normal 0 0 1
    outer loop
      vertex -4.842915805643155 -1.2434494358242743 0
      vertex -4.648882429441257 1.8406227634233894 0
      vertex -4.842915805643155 1.2434494358242743 0
    endloop
  endfacet
  facet normal 0 0 1
    outer loop
      vertex -4.648882429441257 -1.8406227634233894 0
      vertex -4.381533400219317 2.408768370508577 0
      vertex -4.648882429441257 1.8406227634233894 0
    endloop
  endfacet
  facet normal 0 0 1
    outer loop
      vertex -4.381533400219317 -2.408768370508577 0
      vertex -4.045084971874737 2.938926261462366 0
      vertex -4.381533400219317 2.408768370508577 0
    endloop
  endfacet
  facet normal 0 0 1
    outer loop
      vertex -4.045084971874737 -2.938926261462366 0
      vertex -3.6448431371070584 3.4227355296434423 0
      vertex -4.045084971874737 2.938926261462366 0
    endloop
  endfacet
  facet normal 0 0 1
    outer loop
      vertex -3.1871199487434483 -3.852566213878947 0
      vertex -3 0 0
      vertex -3.1871199487434483 3.852566213878947 0
    endloop
  endfacet
  facet normal 0 0 1
    outer loop
      vertex -3.6448431371070584 -3.4227355296434423 0
      vertex -3.1871199487434483 3.852566213878947 0
      vertex -3.6448431371070584 3.4227355296434423 0
    endloop
  endfacet
  facet normal 0 0 1
    outer loop
      vertex -3 0 0
      vertex -2.9763441039434335 0.3759997006929122 0
      vertex -3.1871199487434483 3.852566213878947 0
    endloop
  endfacet
  facet normal 0 0 1
    outer loop
      vertex -2.9763441039434335 0.3759997006929122 0
      vertex -2.9057494833858932 0.7460696614945646 0
      vertex -3.1871199487434483 3.852566213878947 0
    endloop
  endfacet
  facet normal 0 0 1
    outer loop
      vertex -2.9057494833858932 0.7460696614945646 0
      vertex -2.7893294576647545 1.1043736580540335 0
      vertex -3.1871199487434483 3.852566213878947 0
    endloop
  endfacet
  facet normal 0 0 1
    outer loop
      vertex -2.7893294576647545 1.1043736580540335 0
      vertex -2.6791339748949836 4.221639627510075 0
      vertex -3.1871199487434483 3.852566213878947 0
    endloop
  endfacet
  facet normal 0 0 1
    outer loop
      vertex -2.7893294576647545 1.1043736580540335 0
      vertex -2.6289200401315904 1.445261022305146 0
      vertex -2.6791339748949836 4.221639627510075 0
    endloop
  endfacet
  facet normal 0 0 1
    outer loop
      vertex -2.6289200401315904 1.445261022305146 0
      vertex -2.4270509831248424 1.7633557568774194 0
      vertex -2.6791339748949836 4.221639627510075 0
    endloop
  endfacet
  facet normal 0 0 1
    outer loop
      vertex -2.6791339748949836 4.221639627510075 0
      vertex -2.4270509831248424 1.7633557568774194 0
      vertex -2.186905882264235 2.0536413177860657 0
    endloop
  endfacet
  facet normal 0 0 1
    outer loop
      vertex -2.6791339748949836 4.221639627510075 0
      vertex -2.186905882264235 2.0536413177860657 0
      vertex -2.1288964578253635 4.524135262330097 0
    endloop
  endfacet
  facet normal 0 0 1
    outer loop
      vertex -2.186905882264235 2.0536413177860657 0
      vertex -1.9122719692460688 2.311539728327368 0
      vertex -2.1288964578253635 4.524135262330097 0
    endloop
  endfacet
  facet normal 0 0 1
    outer loop
      vertex -1.9122719692460688 2.311539728327368 0
      vertex -1.6074803849369903 2.532983776506045 0
      vertex -2.1288964578253635 4.524135262330097 0
    endloop
  endfacet
  facet normal 0 0 1
    outer loop
      vertex -1.6074803849369903 2.532983776506045 0
      vertex -1.2773378746952182 2.7144811573980583 0
      vertex -1.545084971874737 4.755282581475767 0
    endloop
  endfacet
  facet normal 0 0 1
    outer loop
      vertex -1.6074803849369903 2.532983776506045 0
      vertex -1.545084971874737 4.755282581475767 0
      vertex -2.1288964578253635 4.524135262330097 0
    endloop
  endfacet
  facet normal 0 0 1
    outer loop
      vertex -1.2773378746952182 2.7144811573980583 0
      vertex -0.9270509831248421 2.8531695488854605 0
      vertex -1.545084971874737 4.755282581475767 0
    endloop
  endfacet
  facet normal 0 0 1
    outer loop
      vertex -1.545084971874737 4.755282581475767 0
      vertex -0.9270509831248421 2.8531695488854605 0
      vertex -0.9369065729286229 4.911436253643443 0
    endloop
  endfacet
  facet normal 0 0 1
    outer loop
      vertex -0.9270509831248421 2.8531695488854605 0
      vertex -0.5621439437571737 2.946861752186066 0
      vertex -0.9369065729286229 4.911436253643443 0
    endloop
  endfacet
  facet normal 0 0 1
    outer loop
      vertex -0.5621439437571737 2.946861752186066 0
      vertex -0.18837155858793983 2.9940801852848145 0
      vertex -0.9369065729286229 4.911436253643443 0
    endloop
  endfacet
  facet normal 0 0 1
    outer loop
      vertex -0.18837155858793983 2.9940801852848145 0
      vertex 0.18837155858793983 2.9940801852848145 0
      vertex -0.31395259764656636 4.990133642141358 0
    endloop
  endfacet
  facet normal 0 0 1
    outer loop
      vertex -0.18837155858793983 2.9940801852848145 0
      vertex -0.31395259764656636 4.990133642141358 0
      vertex -0.9369065729286229 4.911436253643443 0
    endloop
  endfacet
  facet normal 0.9980267284282717 -0.06279051952931294 0
    outer loop
      vertex -5 0 0
      vertex -4.9605735065723895 0.6266661678215203 0
      vertex -4.9605735065723895 0.6266661678215203 3
    endloop
  endfacet
  facet normal 0.9822872507286885 -0.18738131458572513 0
    outer loop
      vertex -4.9605735065723895 0.6266661678215203 0
      vertex -4.842915805643155 1.2434494358242743 0
      vertex -4.842915805643155 1.2434494358242743 3
    endloop
  endfacet
  facet normal 0.9510565162951536 -0.30901699437494723 0
    outer loop
      vertex -4.842915805643155 1.2434494358242743 0
      vertex -4.648882429441257 1.8406227634233894 0
      vertex -4.648882429441257 1.8406227634233894 3
    endloop
  endfacet
  facet normal 0.9048270524660195 -0.42577929156507305 0
    outer loop
      vertex -4.648882429441257 1.8406227634233894 0
      vertex -4.381533400219317 2.408768370508577 0
      vertex -4.381533400219317 2.408768370508577 3
    endloop
  endfacet
  facet normal 0.8443279255020154 -0.535826794978996 0
    outer loop
      vertex -4.381533400219317 2.408768370508577 0
      vertex -4.045084971874737 2.938926261462366 0
      vertex -4.045084971874737 2.938926261462366 3
    endloop
  endfacet
  facet normal 0.9980267284282717 -0.06279051952931294 0
    outer loop
      vertex -5 0 0
      vertex -4.9605735065723895 0.6266661678215203 3
      vertex -5 0 3
    endloop
  endfacet
  facet normal 0.9822872507286885 -0.18738131458572513 0
    outer loop
      vertex -4.9605735065723895 0.6266661678215203 0
      vertex -4.842915805643155 1.2434494358242743 3
      vertex -4.9605735065723895 0.6266661678215203 3
    endloop
  endfacet
  facet normal 0.9510565162951536 -0.30901699437494723 0
    outer loop
      vertex -4.842915805643155 1.2434494358242743 0
      vertex -4.648882429441257 1.8406227634233894 3
      vertex -4.842915805643155 1.2434494358242743 3
    endloop
  endfacet
  facet normal 0.9048270524660195 -0.42577929156507305 0
    outer loop
      vertex -4.648882429441257 1.8406227634233894 0
      vertex -4.381533400219317 2.408768370508577 3
      vertex -4.648882429441257 1.8406227634233894 3
    endloop
  endfacet
  facet normal 0.8443279255020154 -0.535826794978996 0
    outer loop
      vertex -4.381533400219317 2.408768370508577 0
      vertex -4.045084971874737 2.938926261462366 3
      vertex -4.381533400219317 2.408768370508577 3
    endloop
  endfacet
  facet normal 0.7705132427757889 -0.6374239897486902 0
    outer loop
      vertex -4.045084971874737 2.938926261462366 0
      vertex -3.6448431371070584 3.4227355296434423 0
      vertex -3.6448431371070584 3.4227355296434423 3
    endloop
  endfacet
  facet normal 0.6845471059286894 -0.7289686274214109 0
    outer loop
      vertex -3.6448431371070584 3.4227355296434423 0
      vertex -3.1871199487434483 3.852566213878947 0
      vertex -3.6448431371070584 3.4227355296434423 3
    endloop
  endfacet
  facet normal 0.5877852522924722 -0.8090169943749481 0
    outer loop
      vertex -3.1871199487434483 3.852566213878947 0
      vertex -2.6791339748949836 4.221639627510075 0
      vertex -3.1871199487434483 3.852566213878947 3
    endloop
  endfacet
  facet normal 0.7705132427757889 -0.6374239897486902 0
    outer loop
      vertex -4.045084971874737 2.938926261462366 0
      vertex -3.6448431371070584 3.4227355296434423 3
      vertex -4.045084971874737 2.938926261462366 3
    endloop
  endfacet
  facet normal 0.6845471059286894 -0.7289686274214109 0
    outer loop
      vertex -3.1871199487434483 3.852566213878947 0
      vertex -3.1871199487434483 3.852566213878947 3
      vertex -3.6448431371070584 3.4227355296434423 3
    endloop
  endfacet
  facet normal 0.5877852522924722 -0.8090169943749481 0
    outer loop
      vertex -2.6791339748949836 4.221639627510075 0
      vertex -2.6791339748949836 4.221639627510075 3
      vertex -3.1871199487434483 3.852566213878947 3
    endloop
  endfacet
  facet normal 0.48175367410171566 -0.8763066800438633 0
    outer loop
      vertex -2.6791339748949836 4.221639627510075 0
      vertex -2.1288964578253635 4.524135262330097 0
      vertex -2.6791339748949836 4.221639627510075 3
    endloop
  endfacet
  facet normal 0.3681245526846773 -0.9297764858882517 0
    outer loop
      vertex -2.1288964578253635 4.524135262330097 0
      vertex -1.545084971874737 4.755282581475767 0
      vertex -2.1288964578253635 4.524135262330097 3
    endloop
  endfacet
  facet normal 0.24868988716485532 -0.968583161128631 0
    outer loop
      vertex -1.545084971874737 4.755282581475767 0
      vertex -0.9369065729286229 4.911436253643443 0
      vertex -1.545084971874737 4.755282581475767 3
    endloop
  endfacet
  facet normal 0.12533323356430473 -0.9921147013144778 0
    outer loop
      vertex -0.9369065729286229 4.911436253643443 0
      vertex -0.31395259764656636 4.990133642141358 0
      vertex -0.9369065729286229 4.911436253643443 3
    endloop
  endfacet
  facet normal 0 -1 0
    outer loop
      vertex -0.31395259764656636 4.990133642141358 0
      vertex 0.31395259764656636 4.990133642141358 0
      vertex -0.313952597646562 4.990133642141358 3
    endloop
  endfacet
  facet normal 0.48175367410171566 -0.8763066800438633 0
    outer loop
      vertex -2.1288964578253635 4.524135262330097 0
      vertex -2.1288964578253635 4.524135262330097 3
      vertex -2.6791339748949836 4.221639627510075 3
    endloop
  endfacet
  facet normal 0.3681245526846773 -0.9297764858882517 0
    outer loop
      vertex -1.545084971874737 4.755282581475767 0
      vertex -1.545084971874737 4.755282581475767 3
      vertex -2.1288964578253635 4.524135262330097 3
    endloop
  endfacet
  facet normal 0.24868988716485532 -0.968583161128631 0
    outer loop
      vertex -0.9369065729286229 4.911436253643443 0
      vertex -0.9369065729286229 4.911436253643443 3
      vertex -1.545084971874737 4.755282581475767 3
    endloop
  endfacet
  facet normal 0.12533323356430387 -0.9921147013144779 -1.8089219414995641e-16
    outer loop
      vertex -0.31395259764656636 4.990133642141358 0
      vertex -0.313952597646562 4.990133642141358 3
      vertex -0.9369065729286229 4.911436253643443 3
    endloop
  endfacet
  facet normal 0 0 1
    outer loop
      vertex 0.3139525976465688 -4.990133642141358 0
      vertex 0.9369065729286241 -4.911436253643443 0
      vertex 0.1883715585879413 -2.9940801852848145 0
    endloop
  endfacet
  facet normal 0 0 1
    outer loop
      vertex -0.18837155858794175 -2.9940801852848145 0
      vertex 0.3139525976465688 -4.990133642141358 0
      vertex 0.1883715585879413 -2.9940801852848145 0
    endloop
  endfacet
  facet normal 0 0 1
    outer loop
      vertex 0.9369065729286241 -4.911436253643443 0
      vertex 0.5621439437571745 -2.9468617521860656 0
      vertex 0.1883715585879413 -2.9940801852848145 0
    endloop
  endfacet
  facet normal 0 0 1
    outer loop
      vertex 0.9369065729286241 -4.911436253643443 0
      vertex 0.9270509831248421 -2.8531695488854605 0
      vertex 0.5621439437571745 -2.9468617521860656 0
    endloop
  endfacet
  facet normal 0 0 1
    outer loop
      vertex 0.9369065729286241 -4.911436253643443 0
      vertex 1.545084971874737 -4.755282581475767 0
      vertex 0.9270509831248421 -2.8531695488854605 0
    endloop
  endfacet
  facet normal 0 0 1
    outer loop
      vertex 0.9270509831248421 -2.8531695488854605 0
      vertex 1.545084971874737 -4.755282581475767 0
      vertex 1.2773378746952173 -2.7144811573980587 0
    endloop
  endfacet
  facet normal 0 0 1
    outer loop
      vertex 1.545084971874737 -4.755282581475767 0
      vertex 2.128896457825362 -4.524135262330098 0
      vertex 1.6074803849369887 -2.532983776506046 0
    endloop
  endfacet
  facet normal 0 0 1
    outer loop
      vertex 1.545084971874737 -4.755282581475767 0
      vertex 1.6074803849369887 -2.532983776506046 0
      vertex 1.2773378746952173 -2.7144811573980587 0
    endloop
  endfacet
  facet normal 0 0 1
    outer loop
      vertex 2.128896457825362 -4.524135262330098 0
      vertex 1.91227196924607 -2.311539728327367 0
      vertex 1.6074803849369887 -2.532983776506046 0
    endloop
  endfacet
  facet normal 0 0 1
    outer loop
      vertex 2.128896457825362 -4.524135262330098 0
      vertex 2.186905882264235 -2.0536413177860657 0
      vertex 1.91227196924607 -2.311539728327367 0
    endloop
  endfacet
  facet normal 0 0 1
    outer loop
      vertex 2.128896457825362 -4.524135262330098 0
      vertex 2.679133974894981 -4.2216396275100765 0
      vertex 2.186905882264235 -2.0536413177860657 0
    endloop
  endfacet
  facet normal 0 0 1
    outer loop
      vertex 2.186905882264235 -2.0536413177860657 0
      vertex 2.679133974894981 -4.2216396275100765 0
      vertex 2.4270509831248424 -1.7633557568774194 0
    endloop
  endfacet
  facet normal 0 0 1
    outer loop
      vertex 2.4270509831248424 -1.7633557568774194 0
      vertex 2.679133974894981 -4.2216396275100765 0
      vertex 2.6289200401315904 -1.445261022305146 0
    endloop
  endfacet
  facet normal 0 0 1
    outer loop
      vertex 2.679133974894981 -4.2216396275100765 0
      vertex 2.7893294576647536 -1.104373658054035 0
      vertex 2.6289200401315904 -1.445261022305146 0
    endloop
  endfacet
  facet normal 0 0 1
    outer loop
      vertex 2.679133974894981 -4.2216396275100765 0
      vertex 3.18711994874345 -3.852566213878945 0
      vertex 2.7893294576647536 -1.104373658054035 0
    endloop
  endfacet
  facet normal 0 0 1
    outer loop
      vertex 3.18711994874345 -3.852566213878945 0
      vertex 2.9057494833858937 -0.7460696614945633 0
      vertex 2.7893294576647536 -1.104373658054035 0
    endloop
  endfacet
  facet normal 0 0 1
    outer loop
      vertex 3.18711994874345 -3.852566213878945 0
      vertex 2.9763441039434335 -0.3759997006929122 0
      vertex 2.9057494833858937 -0.7460696614945633 0
    endloop
  endfacet
  facet normal 0 0 1
    outer loop
      vertex 3.18711994874345 -3.852566213878945 0
      vertex 3 0 0
      vertex 2.9763441039434335 -0.3759997006929122 0
    endloop
  endfacet
  facet normal 0 0 1
    outer loop
      vertex 3.18711994874345 -3.852566213878945 0
      vertex 3.6448431371070584 -3.4227355296434423 0
      vertex 3.644843137107058 3.4227355296434436 0
    endloop
  endfacet
  facet normal 0 0 1
    outer loop
      vertex 3.6448431371070584 -3.4227355296434423 0
      vertex 4.045084971874737 -2.938926261462366 0
      vertex 4.045084971874737 2.938926261462366 0
    endloop
  endfacet
  facet normal 0 0 1
    outer loop
      vertex 4.045084971874737 -2.938926261462366 0
      vertex 4.381533400219317 -2.408768370508577 0
      vertex 4.381533400219318 2.4087683705085765 0
    endloop
  endfacet
  facet normal 0 0 1
    outer loop
      vertex 4.381533400219317 -2.408768370508577 0
      vertex 4.648882429441256 -1.8406227634233918 0
      vertex 4.648882429441256 1.8406227634233898 0
    endloop
  endfacet
  facet normal 0 0 1
    outer loop
      vertex 4.648882429441256 -1.8406227634233918 0
      vertex 4.842915805643156 -1.2434494358242723 0
      vertex 4.842915805643155 1.243449435824274 0
    endloop
  endfacet
  facet normal 0 0 1
    outer loop
      vertex 4.842915805643156 -1.2434494358242723 0
      vertex 4.9605735065723895 -0.6266661678215203 0
      vertex 4.9605735065723895 0.6266661678215213 0
    endloop
  endfacet
  facet normal 0 1 0
    outer loop
      vertex -0.3139525976465688 -4.990133642141358 0
      vertex 0.3139525976465688 -4.990133642141358 3
      vertex 0.3139525976465688 -4.990133642141358 0
    endloop
  endfacet
  facet normal -0.12533323356430498 0.9921147013144778 0
    outer loop
      vertex 0.3139525976465688 -4.990133642141358 0
      vertex 0.9369065729286241 -4.911436253643443 3
      vertex 0.9369065729286241 -4.911436253643443 0
    endloop
  endfacet
  facet normal -0.24868988716485582 0.968583161128631 0
    outer loop
      vertex 0.9369065729286241 -4.911436253643443 0
      vertex 1.545084971874737 -4.755282581475767 3
      vertex 1.545084971874737 -4.755282581475767 0
    endloop
  endfacet
  facet normal -0.3681245526846768 0.9297764858882519 0
    outer loop
      vertex 1.545084971874737 -4.755282581475767 0
      vertex 2.128896457825362 -4.524135262330098 3
      vertex 2.128896457825362 -4.524135262330098 0
    endloop
  endfacet
  facet normal -0.4817536741017155 0.8763066800438635 0
    outer loop
      vertex 2.128896457825362 -4.524135262330098 0
      vertex 2.679133974894981 -4.2216396275100765 3
      vertex 2.679133974894981 -4.2216396275100765 0
    endloop
  endfacet
  facet normal -0.12533323356430498 0.9921147013144778 0
    outer loop
      vertex 0.3139525976465688 -4.990133642141358 0
      vertex 0.3139525976465688 -4.990133642141358 3
      vertex 0.9369065729286241 -4.911436253643443 3
    endloop
  endfacet
  facet normal -0.24868988716485582 0.968583161128631 0
    outer loop
      vertex 0.9369065729286241 -4.911436253643443 0
      vertex 0.9369065729286241 -4.911436253643443 3
      vertex 1.545084971874737 -4.755282581475767 3
    endloop
  endfacet
  facet normal -0.3681245526846768 0.9297764858882519 0
    outer loop
      vertex 1.545084971874737 -4.755282581475767 0
      vertex 1.545084971874737 -4.755282581475767 3
      vertex 2.128896457825362 -4.524135262330098 3
    endloop
  endfacet
  facet normal -0.4817536741017155 0.8763066800438635 0
    outer loop
      vertex 2.128896457825362 -4.524135262330098 0
      vertex 2.128896457825362 -4.524135262330098 3
      vertex 2.679133974894981 -4.2216396275100765 3
    endloop
  endfacet
  facet normal -0.5877852522924726 0.8090169943749479 0
    outer loop
      vertex 2.679133974894981 -4.2216396275100765 0
      vertex 3.18711994874345 -3.852566213878945 3
      vertex 3.18711994874345 -3.852566213878945 0
    endloop
  endfacet
  facet normal -0.6845471059286893 0.728968627421411 0
    outer loop
      vertex 3.18711994874345 -3.852566213878945 0
      vertex 3.6448431371070584 -3.4227355296434423 3
      vertex 3.6448431371070584 -3.4227355296434423 0
    endloop
  endfacet
  facet normal -0.7705132427757889 0.6374239897486902 0
    outer loop
      vertex 3.6448431371070584 -3.4227355296434423 0
      vertex 3.6448431371070584 -3.4227355296434423 3
      vertex 4.045084971874737 -2.938926261462366 0
    endloop
  endfacet
  facet normal -0.5877852522924726 0.8090169943749479 0
    outer loop
      vertex 2.679133974894981 -4.2216396275100765 0
      vertex 2.679133974894981 -4.2216396275100765 3
      vertex 3.18711994874345 -3.852566213878945 3
    endloop
  endfacet
  facet normal -0.6845471059286893 0.728968627421411 0
    outer loop
      vertex 3.18711994874345 -3.852566213878945 0
      vertex 3.18711994874345 -3.852566213878945 3
      vertex 3.6448431371070584 -3.4227355296434423 3
    endloop
  endfacet
  facet normal -0.7705132427757889 0.6374239897486902 0
    outer loop
      vertex 4.045084971874737 -2.938926261462366 0
      vertex 3.6448431371070584 -3.4227355296434423 3
      vertex 4.045084971874737 -2.938926261462366 3
    endloop
  endfacet
  facet normal -0.8443279255020154 0.535826794978996 0
    outer loop
      vertex 4.045084971874737 -2.938926261462366 0
      vertex 4.045084971874737 -2.938926261462366 3
      vertex 4.381533400219317 -2.408768370508577 0
    endloop
  endfacet
  facet normal -0.9048270524660191 0.4257792915650733 0
    outer loop
      vertex 4.381533400219317 -2.408768370508577 0
      vertex 4.381533400219317 -2.408768370508577 3
      vertex 4.648882429441256 -1.8406227634233918 0
    endloop
  endfacet
  facet normal -0.9510565162951534 0.3090169943749477 0
    outer loop
      vertex 4.648882429441256 -1.8406227634233918 0
      vertex 4.648882429441256 -1.8406227634233918 3
      vertex 4.842915805643156 -1.2434494358242723 0
    endloop
  endfacet
  facet normal -0.9822872507286887 0.18738131458572432 0
    outer loop
      vertex 4.842915805643156 -1.2434494358242723 0
      vertex 4.842915805643156 -1.2434494358242723 3
      vertex 4.9605735065723895 -0.6266661678215203 0
    endloop
  endfacet
  facet normal -0.9980267284282717 0.06279051952931294 0
    outer loop
      vertex 4.9605735065723895 -0.6266661678215203 0
      vertex 4.9605735065723895 -0.6266661678215203 3
      vertex 5 0 0
    endloop
  endfacet
  facet normal -0.8443279255020154 0.535826794978996 0
    outer loop
      vertex 4.381533400219317 -2.408768370508577 0
      vertex 4.045084971874737 -2.938926261462366 3
      vertex 4.381533400219317 -2.408768370508577 3
    endloop
  endfacet
  facet normal -0.9048270524660191 0.4257792915650733 0
    outer loop
      vertex 4.648882429441256 -1.8406227634233918 0
      vertex 4.381533400219317 -2.408768370508577 3
      vertex 4.648882429441256 -1.8406227634233918 3
    endloop
  endfacet
  facet normal -0.9510565162951534 0.3090169943749477 0
    outer loop
      vertex 4.842915805643156 -1.2434494358242723 0
      vertex 4.648882429441256 -1.8406227634233918 3
      vertex 4.842915805643156 -1.2434494358242723 3
    endloop
  endfacet
  facet normal -0.9822872507286887 0.18738131458572432 0
    outer loop
      vertex 4.9605735065723895 -0.6266661678215203 0
      vertex 4.842915805643156 -1.2434494358242723 3
      vertex 4.9605735065723895 -0.6266661678215203 3
    endloop
  endfacet
  facet normal -0.9980267284282717 0.06279051952931294 0
    outer loop
      vertex 5 0 0
      vertex 4.9605735065723895 -0.6266661678215203 3
      vertex 5 0 3
    endloop
  endfacet
  facet normal 0 0 1
    outer loop
      vertex 2.4270509831248424 1.7633557568774194 0
      vertex 2.679133974894983 4.221639627510076 0
      vertex 2.1869058822642344 2.053641317786066 0
    endloop
  endfacet
  facet normal 0 0 1
    outer loop
      vertex 2.789329457664754 1.104373658054034 0
      vertex 2.679133974894983 4.221639627510076 0
      vertex 2.628920040131591 1.445261022305146 0
    endloop
  endfacet
  facet normal 0 0 1
    outer loop
      vertex 2.4270509831248424 1.7633557568774194 0
      vertex 2.628920040131591 1.445261022305146 0
      vertex 2.679133974894983 4.221639627510076 0
    endloop
  endfacet
  facet normal 0 0 1
    outer loop
      vertex 0.18837155858793983 2.9940801852848145 0
      vertex 0.5621439437571737 2.946861752186066 0
      vertex 0.31395259764656636 4.990133642141358 0
    endloop
  endfacet
  facet normal 0 0 1
    outer loop
      vertex 0.9270509831248421 2.8531695488854605 0
      vertex 1.2773378746952182 2.7144811573980583 0
      vertex 0.9369065729286229 4.911436253643443 0
    endloop
  endfacet
  facet normal 0 0 1
    outer loop
      vertex 0.5621439437571737 2.946861752186066 0
      vertex 0.9270509831248421 2.8531695488854605 0
      vertex 0.9369065729286229 4.911436253643443 0
    endloop
  endfacet
  facet normal 0 0 1
    outer loop
      vertex 0.9369065729286229 4.911436253643443 0
      vertex 1.2773378746952182 2.7144811573980583 0
      vertex 1.545084971874737 4.755282581475767 0
    endloop
  endfacet
  facet normal 0 0 1
    outer loop
      vertex -0.31395259764656636 4.990133642141358 0
      vertex 0.18837155858793983 2.9940801852848145 0
      vertex 0.31395259764656636 4.990133642141358 0
    endloop
  endfacet
  facet normal 0 0 1
    outer loop
      vertex 0.5621439437571737 2.946861752186066 0
      vertex 0.9369065729286229 4.911436253643443 0
      vertex 0.31395259764656636 4.990133642141358 0
    endloop
  endfacet
  facet normal 0 0 1
    outer loop
      vertex 1.2773378746952182 2.7144811573980583 0
      vertex 1.60748038493699 2.532983776506045 0
      vertex 1.545084971874737 4.755282581475767 0
    endloop
  endfacet
  facet normal 0 0 1
    outer loop
      vertex 1.9122719692460692 2.3115397283273675 0
      vertex 2.1288964578253635 4.524135262330097 0
      vertex 1.60748038493699 2.532983776506045 0
    endloop
  endfacet
  facet normal 0 0 1
    outer loop
      vertex 2.1869058822642344 2.053641317786066 0
      vertex 2.1288964578253635 4.524135262330097 0
      vertex 1.9122719692460692 2.3115397283273675 0
    endloop
  endfacet
  facet normal 0 0 1
    outer loop
      vertex 1.60748038493699 2.532983776506045 0
      vertex 2.1288964578253635 4.524135262330097 0
      vertex 1.545084971874737 4.755282581475767 0
    endloop
  endfacet
  facet normal 0 0 1
    outer loop
      vertex 2.1869058822642344 2.053641317786066 0
      vertex 2.679133974894983 4.221639627510076 0
      vertex 2.1288964578253635 4.524135262330097 0
    endloop
  endfacet
  facet normal 0 0 1
    outer loop
      vertex 3.18711994874345 -3.852566213878945 0
      vertex 3.1871199487434487 3.8525662138789456 0
      vertex 3 0 0
    endloop
  endfacet
  facet normal 0 0 1
    outer loop
      vertex 3.18711994874345 -3.852566213878945 0
      vertex 3.644843137107058 3.4227355296434436 0
      vertex 3.1871199487434487 3.8525662138789456 0
    endloop
  endfacet
  facet normal 0 0 1
    outer loop
      vertex 3.6448431371070584 -3.4227355296434423 0
      vertex 4.045084971874737 2.938926261462366 0
      vertex 3.644843137107058 3.4227355296434436 0
    endloop
  endfacet
  facet normal 0 0 1
    outer loop
      vertex 4.045084971874737 -2.938926261462366 0
      vertex 4.381533400219318 2.4087683705085765 0
      vertex 4.045084971874737 2.938926261462366 0
    endloop
  endfacet
  facet normal 0 0 1
    outer loop
      vertex 3 0 0
      vertex 3.1871199487434487 3.8525662138789456 0
      vertex 2.9763441039434335 0.3759997006929128 0
    endloop
  endfacet
  facet normal 0 0 1
    outer loop
      vertex 2.9763441039434335 0.3759997006929128 0
      vertex 3.1871199487434487 3.8525662138789456 0
      vertex 2.9057494833858932 0.7460696614945643 0
    endloop
  endfacet
  facet normal 0 0 1
    outer loop
      vertex 2.789329457664754 1.104373658054034 0
      vertex 2.9057494833858932 0.7460696614945643 0
      vertex 3.1871199487434487 3.8525662138789456 0
    endloop
  endfacet
  facet normal 0 0 1
    outer loop
      vertex 4.381533400219317 -2.408768370508577 0
      vertex 4.648882429441256 1.8406227634233898 0
      vertex 4.381533400219318 2.4087683705085765 0
    endloop
  endfacet
  facet normal 0 0 1
    outer loop
      vertex 4.842915805643156 -1.2434494358242723 0
      vertex 4.9605735065723895 0.6266661678215213 0
      vertex 4.842915805643155 1.243449435824274 0
    endloop
  endfacet
  facet normal 0 0 1
    outer loop
      vertex 4.648882429441256 -1.8406227634233918 0
      vertex 4.842915805643155 1.243449435824274 0
      vertex 4.648882429441256 1.8406227634233898 0
    endloop
  endfacet
  facet normal 0 0 1
    outer loop
      vertex 4.9605735065723895 -0.6266661678215203 0
      vertex 5 0 0
      vertex 4.9605735065723895 0.6266661678215213 0
    endloop
  endfacet
  facet normal 0 0 1
    outer loop
      vertex 2.789329457664754 1.104373658054034 0
      vertex 3.1871199487434487 3.8525662138789456 0
      vertex 2.679133974894983 4.221639627510076 0
    endloop
  endfacet
  facet normal -0.12533323356430473 -0.9921147013144778 0
    outer loop
      vertex 0.31395259764656636 4.990133642141358 0
      vertex 0.9369065729286229 4.911436253643443 0
      vertex 0.31395259764656636 4.990133642141358 3
    endloop
  endfacet
  facet normal -0.24868988716485532 -0.968583161128631 0
    outer loop
      vertex 0.9369065729286229 4.911436253643443 0
      vertex 1.545084971874737 4.755282581475767 0
      vertex 0.9369065729286229 4.911436253643443 3
    endloop
  endfacet
  facet normal -0.3681245526846773 -0.9297764858882517 0
    outer loop
      vertex 1.545084971874737 4.755282581475767 0
      vertex 2.1288964578253635 4.524135262330097 0
      vertex 1.545084971874737 4.755282581475767 3
    endloop
  endfacet
  facet normal -0.48175367410171493 -0.8763066800438638 0
    outer loop
      vertex 2.1288964578253635 4.524135262330097 0
      vertex 2.679133974894983 4.221639627510076 0
      vertex 2.1288964578253635 4.524135262330097 3
    endloop
  endfacet
  facet normal 0 -1 0
    outer loop
      vertex 0.31395259764656636 4.990133642141358 0
      vertex 0.31395259764656636 4.990133642141358 3
      vertex -0.313952597646562 4.990133642141358 3
    endloop
  endfacet
  facet normal -0.24868988716485532 -0.968583161128631 0
    outer loop
      vertex 1.545084971874737 4.755282581475767 0
      vertex 1.545084971874737 4.755282581475767 3
      vertex 0.9369065729286229 4.911436253643443 3
    endloop
  endfacet
  facet normal -0.12533323356430473 -0.9921147013144778 0
    outer loop
      vertex 0.9369065729286229 4.911436253643443 0
      vertex 0.9369065729286229 4.911436253643443 3
      vertex 0.31395259764656636 4.990133642141358 3
    endloop
  endfacet
  facet normal -0.3681245526846773 -0.9297764858882517 0
    outer loop
      vertex 2.1288964578253635 4.524135262330097 0
      vertex 2.1288964578253635 4.524135262330097 3
      vertex 1.545084971874737 4.755282581475767 3
    endloop
  endfacet
  facet normal -0.48175367410171493 -0.8763066800438638 0
    outer loop
      vertex 2.679133974894983 4.221639627510076 0
      vertex 2.679133974894983 4.221639627510076 3
      vertex 2.1288964578253635 4.524135262330097 3
    endloop
  endfacet
  facet normal -0.9822872507286885 -0.18738131458572546 0
    outer loop
      vertex 4.9605735065723895 0.6266661678215213 0
      vertex 4.9605735065723895 0.6266661678215213 3
      vertex 4.842915805643155 1.243449435824274 0
    endloop
  endfacet
  facet normal -0.9980267284282716 -0.06279051952931283 0
    outer loop
      vertex 5 0 0
      vertex 5 0 3
      vertex 4.9605735065723895 0.6266661678215213 0
    endloop
  endfacet
  facet normal -0.9048270524660202 -0.42577929156507127 0
    outer loop
      vertex 4.648882429441256 1.8406227634233898 0
      vertex 4.648882429441256 1.8406227634233898 3
      vertex 4.381533400219318 2.4087683705085765 0
    endloop
  endfacet
  facet normal -0.9510565162951534 -0.30901699437494823 0
    outer loop
      vertex 4.842915805643155 1.243449435824274 0
      vertex 4.842915805643155 1.243449435824274 3
      vertex 4.648882429441256 1.8406227634233898 0
    endloop
  endfacet
  facet normal -0.844327925502015 -0.5358267949789968 0
    outer loop
      vertex 4.381533400219318 2.4087683705085765 0
      vertex 4.381533400219318 2.4087683705085765 3
      vertex 4.045084971874737 2.938926261462366 0
    endloop
  endfacet
  facet normal -0.844327925502015 -0.5358267949789968 0
    outer loop
      vertex 4.045084971874737 2.938926261462366 0
      vertex 4.381533400219318 2.4087683705085765 3
      vertex 4.045084971874737 2.938926261462366 3
    endloop
  endfacet
  facet normal -0.9822872507286885 -0.18738131458572546 0
    outer loop
      vertex 4.842915805643155 1.243449435824274 0
      vertex 4.9605735065723895 0.6266661678215213 3
      vertex 4.842915805643155 1.243449435824274 3
    endloop
  endfacet
  facet normal -0.9980267284282716 -0.06279051952931283 0
    outer loop
      vertex 4.9605735065723895 0.6266661678215213 0
      vertex 5 0 3
      vertex 4.9605735065723895 0.6266661678215213 3
    endloop
  endfacet
  facet normal -0.9510565162951534 -0.30901699437494823 0
    outer loop
      vertex 4.648882429441256 1.8406227634233898 0
      vertex 4.842915805643155 1.243449435824274 3
      vertex 4.648882429441256 1.8406227634233898 3
    endloop
  endfacet
  facet normal -0.9048270524660202 -0.42577929156507127 0
    outer loop
      vertex 4.381533400219318 2.4087683705085765 0
      vertex 4.648882429441256 1.8406227634233898 3
      vertex 4.381533400219318 2.4087683705085765 3
    endloop
  endfacet
  facet normal -0.5877852522924738 -0.8090169943749468 0
    outer loop
      vertex 2.679133974894983 4.221639627510076 0
      vertex 3.1871199487434487 3.8525662138789456 0
      vertex 2.679133974894983 4.221639627510076 3
    endloop
  endfacet
  facet normal -0.6845471059286878 -0.7289686274214123 0
    outer loop
      vertex 3.644843137107058 3.4227355296434436 0
      vertex 3.1871199487434487 3.8525662138789456 3
      vertex 3.1871199487434487 3.8525662138789456 0
    endloop
  endfacet
  facet normal -0.7705132427757895 -0.6374239897486895 0
    outer loop
      vertex 3.644843137107058 3.4227355296434436 0
      vertex 4.045084971874737 2.938926261462366 0
      vertex 4.045084971874737 2.938926261462366 3
    endloop
  endfacet
  facet normal -0.5877852522924738 -0.8090169943749468 0
    outer loop
      vertex 3.1871199487434487 3.8525662138789456 0
      vertex 3.1871199487434487 3.8525662138789456 3
      vertex 2.679133974894983 4.221639627510076 3
    endloop
  endfacet
  facet normal -0.6845471059286878 -0.7289686274214123 0
    outer loop
      vertex 3.644843137107058 3.4227355296434436 0
      vertex 3.644843137107058 3.4227355296434436 3
      vertex 3.1871199487434487 3.8525662138789456 3
    endloop
  endfacet
  facet normal -0.7705132427757895 -0.6374239897486895 0
    outer loop
      vertex 3.644843137107058 3.4227355296434436 0
      vertex 4.045084971874737 2.938926261462366 3
      vertex 3.644843137107058 3.4227355296434436 3
    endloop
  endfacet
endsolid OpenSCAD_Model
