solid OpenSCAD_Model
  facet normal 0.8660254042044092 0.4999999992725898 0
    outer loop
      vertex -2.447513437051213 -3.1562929189139846 0
      vertex -2.447513437051213 -3.1562929189139846 -3.2
      vertex -3.962588563980653 -0.5321058166980333 -3.2
    endloop
  endfacet
  facet normal 0 0 1
    outer loop
      vertex -2.091997093248566 -0.8282802435405252 -3.2
      vertex -2.447513437051213 -3.1562929189139846 -3.2
      vertex -2.143307179915987 -3.37731170200806 -3.2
    endloop
  endfacet
  facet normal 0.8660254042044092 0.4999999992725898 0
    outer loop
      vertex -3.962588563980653 -0.5321058166980333 0
      vertex -2.447513437051213 -3.1562929189139846 0
      vertex -3.962588563980653 -0.5321058166980333 -3.2
    endloop
  endfacet
  facet normal 0 0 1
    outer loop
      vertex -2.091997093248566 -0.8282802435405252 -3.2
      vertex -3.9684588052579115 -0.5013329342572163 -3.2
      vertex -3.962588563980653 -0.5321058166980333 -3.2
    endloop
  endfacet
  facet normal 0 0 1
    outer loop
      vertex -2.091997093248566 -0.8282802435405252 -3.2
      vertex -4 0 -3.2
      vertex -3.9684588052579115 -0.5013329342572163 -3.2
    endloop
  endfacet
  facet normal 0 0 1
    outer loop
      vertex -2.091997093248566 -0.8282802435405252 -3.2
      vertex -3.962588563980653 -0.5321058166980333 -3.2
      vertex -2.447513437051213 -3.1562929189139846 -3.2
    endloop
  endfacet
  facet normal 0 0 1
    outer loop
      vertex -1.9716900300986928 -1.0839457667288597 -3.2
      vertex -2.091997093248566 -0.8282802435405252 -3.2
      vertex -2.143307179915987 -3.37731170200806 -3.2
    endloop
  endfacet
  facet normal 0 0 1
    outer loop
      vertex -2.17931211253942 -0.5595522461209235 -3.2
      vertex -4 0 -3.2
      vertex -2.091997093248566 -0.8282802435405252 -3.2
    endloop
  endfacet
  facet normal 0 0 1
    outer loop
      vertex -2.17931211253942 -0.5595522461209235 -3.2
      vertex -2.2322580779575754 -0.28199977551968414 -3.2
      vertex -4 0 -3.2
    endloop
  endfacet
  facet normal 0 0 1
    outer loop
      vertex -2.2322580779575754 -0.28199977551968414 -3.2
      vertex -2.25 0 -3.2
      vertex -4 0 -3.2
    endloop
  endfacet
  facet normal 0 0 1
    outer loop
      vertex 0.42160795781788085 -2.2101463141395494 -3.2
      vertex -2.143307179915987 -3.37731170200806 -3.2
      vertex -1.7031171662602897 -3.6193082098640783 -3.2
    endloop
  endfacet
  facet normal 0 0 1
    outer loop
      vertex -1.6401794116981763 -1.540230988339549 -3.2
      vertex -1.8202882373436318 -1.3225168176580646 -3.2
      vertex -2.143307179915987 -3.37731170200806 -3.2
    endloop
  endfacet
  facet normal 0 0 1
    outer loop
      vertex -1.2056102887027427 -1.8997378323795338 -3.2
      vertex -1.4342039769345516 -1.733654796245526 -3.2
      vertex -2.143307179915987 -3.37731170200806 -3.2
    endloop
  endfacet
  facet normal 0 0 1
    outer loop
      vertex -1.6401794116981763 -1.540230988339549 -3.2
      vertex -2.143307179915987 -3.37731170200806 -3.2
      vertex -1.4342039769345516 -1.733654796245526 -3.2
    endloop
  endfacet
  facet normal 0 0 1
    outer loop
      vertex -0.958003406021413 -2.035860868048544 -3.2
      vertex -2.143307179915987 -3.37731170200806 -3.2
      vertex -0.6952882373436317 -2.1398771616640953 -3.2
    endloop
  endfacet
  facet normal 0 0 1
    outer loop
      vertex -0.6952882373436317 -2.1398771616640953 -3.2
      vertex -2.143307179915987 -3.37731170200806 -3.2
      vertex -0.42160795781788085 -2.2101463141395494 -3.2
    endloop
  endfacet
  facet normal 0 0 1
    outer loop
      vertex -1.2056102887027427 -1.8997378323795338 -3.2
      vertex -2.143307179915987 -3.37731170200806 -3.2
      vertex -0.958003406021413 -2.035860868048544 -3.2
    endloop
  endfacet
  facet normal 0 0 1
    outer loop
      vertex 0.42160795781788085 -2.2101463141395494 -3.2
      vertex -1.7031171662602897 -3.6193082098640783 -3.2
      vertex -1.5049825102141463 -3.6977552697062492 -3.2
    endloop
  endfacet
  facet normal 0 1 0
    outer loop
      vertex -1.5049825102141463 -3.6977552697062492 0
      vertex 1.5049825102141463 -3.6977552697062492 0
      vertex -1.5049825102141463 -3.6977552697062492 -3.2
    endloop
  endfacet
  facet normal 0 0 1
    outer loop
      vertex -0.42160795781788085 -2.2101463141395494 -3.2
      vertex -2.143307179915987 -3.37731170200806 -3.2
      vertex -0.14127866894095598 -2.245560138963611 -3.2
    endloop
  endfacet
  facet normal 0 0 1
    outer loop
      vertex -0.14127866894095598 -2.245560138963611 -3.2
      vertex -2.143307179915987 -3.37731170200806 -3.2
      vertex 0.14127866894095598 -2.245560138963611 -3.2
    endloop
  endfacet
  facet normal 0 0 1
    outer loop
      vertex 0.14127866894095598 -2.245560138963611 -3.2
      vertex -2.143307179915987 -3.37731170200806 -3.2
      vertex 0.42160795781788085 -2.2101463141395494 -3.2
    endloop
  endfacet
  facet normal 0 0 1
    outer loop
      vertex -1.9716900300986928 -1.0839457667288597 -3.2
      vertex -2.143307179915987 -3.37731170200806 -3.2
      vertex -1.8202882373436318 -1.3225168176580646 -3.2
    endloop
  endfacet
  facet normal 0 0 1
    outer loop
      vertex -2.25 0 -3.2
      vertex -3.9684588052579115 0.5013329342572163 -3.2
      vertex -4 0 -3.2
    endloop
  endfacet
  facet normal 0 0 1
    outer loop
      vertex -2.17931211253942 0.5595522461209235 -3.2
      vertex -3.962588563980653 0.5321058166980333 -3.2
      vertex -3.9684588052579115 0.5013329342572163 -3.2
    endloop
  endfacet
  facet normal 0.8660254042044092 -0.4999999992725898 0
    outer loop
      vertex -3.962588563980653 0.5321058166980333 -3.2
      vertex -2.447513437051213 3.1562929189139846 -3.2
      vertex -3.962588563980653 0.5321058166980333 0
    endloop
  endfacet
  facet normal 0 0 1
    outer loop
      vertex -2.25 0 -3.2
      vertex -2.2322580779575754 0.28199977551968414 -3.2
      vertex -3.9684588052579115 0.5013329342572163 -3.2
    endloop
  endfacet
  facet normal 0 0 1
    outer loop
      vertex -2.2322580779575754 0.28199977551968414 -3.2
      vertex -2.17931211253942 0.5595522461209235 -3.2
      vertex -3.9684588052579115 0.5013329342572163 -3.2
    endloop
  endfacet
  facet normal 0 0 1
    outer loop
      vertex -2.17931211253942 0.5595522461209235 -3.2
      vertex -2.447513437051213 3.1562929189139846 -3.2
      vertex -3.962588563980653 0.5321058166980333 -3.2
    endloop
  endfacet
  facet normal 0 0 1
    outer loop
      vertex -2.17931211253942 0.5595522461209235 -3.2
      vertex -1.7031171662602909 3.619308209864078 -3.2
      vertex -2.447513437051213 3.1562929189139846 -3.2
    endloop
  endfacet
  facet normal 0.8660254042044092 -0.4999999992725898 0
    outer loop
      vertex -2.447513437051213 3.1562929189139846 0
      vertex -3.962588563980653 0.5321058166980333 0
      vertex -2.447513437051213 3.1562929189139846 -3.2
    endloop
  endfacet
  facet normal 0 0 1
    outer loop
      vertex -2.143307179915987 3.37731170200806 -3.2
      vertex -2.447513437051213 3.1562929189139846 -3.2
      vertex -1.7031171662602909 3.619308209864078 -3.2
    endloop
  endfacet
  facet normal 0 0 1
    outer loop
      vertex -2.17931211253942 0.5595522461209235 -3.2
      vertex -2.091997093248566 0.8282802435405252 -3.2
      vertex -1.7031171662602909 3.619308209864078 -3.2
    endloop
  endfacet
  facet normal 0 0 1
    outer loop
      vertex -2.091997093248566 0.8282802435405252 -3.2
      vertex -1.9716900300986928 1.0839457667288597 -3.2
      vertex -1.7031171662602909 3.619308209864078 -3.2
    endloop
  endfacet
  facet normal 0 0 1
    outer loop
      vertex -1.9716900300986928 1.0839457667288597 -3.2
      vertex -1.8202882373436318 1.3225168176580646 -3.2
      vertex -1.7031171662602909 3.619308209864078 -3.2
    endloop
  endfacet
  facet normal 0 0 1
    outer loop
      vertex -1.8202882373436318 1.3225168176580646 -3.2
      vertex -1.6401794116981763 1.540230988339549 -3.2
      vertex -1.7031171662602909 3.619308209864078 -3.2
    endloop
  endfacet
  facet normal 0 0 1
    outer loop
      vertex -1.6401794116981763 1.540230988339549 -3.2
      vertex -1.4342039769345516 1.733654796245526 -3.2
      vertex -1.7031171662602909 3.619308209864078 -3.2
    endloop
  endfacet
  facet normal 0 0 1
    outer loop
      vertex -1.4342039769345516 1.733654796245526 -3.2
      vertex -1.2056102887027427 1.8997378323795338 -3.2
      vertex -1.7031171662602909 3.619308209864078 -3.2
    endloop
  endfacet
  facet normal 0 0 1
    outer loop
      vertex -1.2056102887027427 1.8997378323795338 -3.2
      vertex -0.9580034060214137 2.0358608680485437 -3.2
      vertex -1.7031171662602909 3.619308209864078 -3.2
    endloop
  endfacet
  facet normal 0 0 1
    outer loop
      vertex -0.9580034060214137 2.0358608680485437 -3.2
      vertex -0.6952882373436317 2.1398771616640953 -3.2
      vertex -1.7031171662602909 3.619308209864078 -3.2
    endloop
  endfacet
  facet normal 0 0 1
    outer loop
      vertex -0.4216079578178803 2.2101463141395494 -3.2
      vertex -1.5049825102141463 3.6977552697062492 -3.2
      vertex -1.7031171662602909 3.619308209864078 -3.2
    endloop
  endfacet
  facet normal 0 0 1
    outer loop
      vertex -0.6952882373436317 2.1398771616640953 -3.2
      vertex -0.4216079578178803 2.2101463141395494 -3.2
      vertex -1.7031171662602909 3.619308209864078 -3.2
    endloop
  endfacet
  facet normal 0 -1 0
    outer loop
      vertex -1.5049825102141463 3.6977552697062492 -3.2
      vertex 1.5049825102141463 3.6977552697062492 -3.2
      vertex -1.5049825102141463 3.6977552697062492 0
    endloop
  endfacet
  facet normal 0 0 1
    outer loop
      vertex -0.4216079578178803 2.2101463141395494 -3.2
      vertex 1.5049825102141463 3.6977552697062492 -3.2
      vertex -1.5049825102141463 3.6977552697062492 -3.2
    endloop
  endfacet
  facet normal 0 0 1
    outer loop
      vertex 0.42160795781788085 -2.2101463141395494 -3.2
      vertex -1.5049825102141463 -3.6977552697062492 -3.2
      vertex 1.5049825102141463 -3.6977552697062492 -3.2
    endloop
  endfacet
  facet normal 0 1 0
    outer loop
      vertex -1.5049825102141463 -3.6977552697062492 -3.2
      vertex 1.5049825102141463 -3.6977552697062492 0
      vertex 1.5049825102141463 -3.6977552697062492 -3.2
    endloop
  endfacet
  facet normal 0 0 1
    outer loop
      vertex 0.42160795781788085 -2.2101463141395494 -3.2
      vertex 1.7031171662602897 -3.6193082098640783 -3.2
      vertex 0.6952882373436317 -2.1398771616640953 -3.2
    endloop
  endfacet
  facet normal 0 0 1
    outer loop
      vertex 0.42160795781788085 -2.2101463141395494 -3.2
      vertex 1.5049825102141463 -3.6977552697062492 -3.2
      vertex 1.7031171662602897 -3.6193082098640783 -3.2
    endloop
  endfacet
  facet normal 0 0 1
    outer loop
      vertex 0.6952882373436317 -2.1398771616640953 -3.2
      vertex 1.7031171662602897 -3.6193082098640783 -3.2
      vertex 0.958003406021413 -2.035860868048544 -3.2
    endloop
  endfacet
  facet normal 0 0 1
    outer loop
      vertex 0.958003406021413 -2.035860868048544 -3.2
      vertex 1.7031171662602897 -3.6193082098640783 -3.2
      vertex 1.2056102887027416 -1.8997378323795344 -3.2
    endloop
  endfacet
  facet normal 0 0 1
    outer loop
      vertex 1.2056102887027416 -1.8997378323795344 -3.2
      vertex 1.7031171662602897 -3.6193082098640783 -3.2
      vertex 1.4342039769345525 -1.7336547962455253 -3.2
    endloop
  endfacet
  facet normal 0 0 1
    outer loop
      vertex 1.4342039769345525 -1.7336547962455253 -3.2
      vertex 1.7031171662602897 -3.6193082098640783 -3.2
      vertex 1.6401794116981763 -1.540230988339549 -3.2
    endloop
  endfacet
  facet normal 0 0 1
    outer loop
      vertex 1.6401794116981763 -1.540230988339549 -3.2
      vertex 1.7031171662602897 -3.6193082098640783 -3.2
      vertex 1.8202882373436318 -1.3225168176580646 -3.2
    endloop
  endfacet
  facet normal 0 0 1
    outer loop
      vertex 1.8202882373436318 -1.3225168176580646 -3.2
      vertex 1.7031171662602897 -3.6193082098640783 -3.2
      vertex 1.9716900300986928 -1.0839457667288597 -3.2
    endloop
  endfacet
  facet normal 0 0 1
    outer loop
      vertex 1.9716900300986928 -1.0839457667288597 -3.2
      vertex 1.7031171662602897 -3.6193082098640783 -3.2
      vertex 2.0919970932485654 -0.8282802435405263 -3.2
    endloop
  endfacet
  facet normal 0 0 1
    outer loop
      vertex 2.0919970932485654 -0.8282802435405263 -3.2
      vertex 1.7031171662602897 -3.6193082098640783 -3.2
      vertex 2.1793121125394204 -0.5595522461209225 -3.2
    endloop
  endfacet
  facet normal 0 0 1
    outer loop
      vertex 2.143307179915985 -3.377311702008061 -3.2
      vertex 2.447513437051213 -3.1562929189139837 -3.2
      vertex 1.7031171662602897 -3.6193082098640783 -3.2
    endloop
  endfacet
  facet normal 0 0 1
    outer loop
      vertex 2.1793121125394204 -0.5595522461209225 -3.2
      vertex 1.7031171662602897 -3.6193082098640783 -3.2
      vertex 2.447513437051213 -3.1562929189139837 -3.2
    endloop
  endfacet
  facet normal -0.8660254042044092 0.4999999992725899 0
    outer loop
      vertex 2.447513437051213 -3.1562929189139837 0
      vertex 3.962588563980653 -0.5321058166980333 0
      vertex 2.447513437051213 -3.1562929189139837 -3.2
    endloop
  endfacet
  facet normal 0 0 1
    outer loop
      vertex 2.1793121125394204 -0.5595522461209225 -3.2
      vertex 2.447513437051213 -3.1562929189139837 -3.2
      vertex 3.962588563980653 -0.5321058166980333 -3.2
    endloop
  endfacet
  facet normal 0 0 1
    outer loop
      vertex 2.1793121125394204 -0.5595522461209225 -3.2
      vertex 3.9684588052579115 -0.5013329342572163 -3.2
      vertex 2.2322580779575754 -0.28199977551968414 -3.2
    endloop
  endfacet
  facet normal 0 0 1
    outer loop
      vertex 2.2322580779575754 -0.28199977551968414 -3.2
      vertex 3.9684588052579115 -0.5013329342572163 -3.2
      vertex 2.25 0 -3.2
    endloop
  endfacet
  facet normal -0.8660254042044092 0.4999999992725899 0
    outer loop
      vertex 2.447513437051213 -3.1562929189139837 -3.2
      vertex 3.962588563980653 -0.5321058166980333 0
      vertex 3.962588563980653 -0.5321058166980333 -3.2
    endloop
  endfacet
  facet normal 0 0 1
    outer loop
      vertex 2.1793121125394204 -0.5595522461209225 -3.2
      vertex 3.962588563980653 -0.5321058166980333 -3.2
      vertex 3.9684588052579115 -0.5013329342572163 -3.2
    endloop
  endfacet
  facet normal 0 0 1
    outer loop
      vertex 2.25 0 -3.2
      vertex 3.9684588052579115 -0.5013329342572163 -3.2
      vertex 4 0 -3.2
    endloop
  endfacet
  facet normal 0 0 1
    outer loop
      vertex 1.8202882373436318 1.3225168176580646 -3.2
      vertex 1.971690030098693 1.0839457667288595 -3.2
      vertex 2.1433071799159866 3.3773117020080603 -3.2
    endloop
  endfacet
  facet normal 0 0 1
    outer loop
      vertex -0.4216079578178803 2.2101463141395494 -3.2
      vertex -0.14127866894095487 2.245560138963611 -3.2
      vertex 2.1433071799159866 3.3773117020080603 -3.2
    endloop
  endfacet
  facet normal 0 0 1
    outer loop
      vertex -0.14127866894095487 2.245560138963611 -3.2
      vertex 0.14127866894095487 2.245560138963611 -3.2
      vertex 2.1433071799159866 3.3773117020080603 -3.2
    endloop
  endfacet
  facet normal 0 0 1
    outer loop
      vertex 0.14127866894095487 2.245560138963611 -3.2
      vertex 0.4216079578178803 2.2101463141395494 -3.2
      vertex 2.1433071799159866 3.3773117020080603 -3.2
    endloop
  endfacet
  facet normal 0 0 1
    outer loop
      vertex -0.4216079578178803 2.2101463141395494 -3.2
      vertex 1.7031171662602909 3.619308209864078 -3.2
      vertex 1.5049825102141463 3.6977552697062492 -3.2
    endloop
  endfacet
  facet normal 0 -1 0
    outer loop
      vertex 1.5049825102141463 3.6977552697062492 0
      vertex -1.5049825102141463 3.6977552697062492 0
      vertex 1.5049825102141463 3.6977552697062492 -3.2
    endloop
  endfacet
  facet normal 0 0 1
    outer loop
      vertex 0.9580034060214137 2.0358608680485437 -3.2
      vertex 1.2056102887027424 1.899737832379534 -3.2
      vertex 2.1433071799159866 3.3773117020080603 -3.2
    endloop
  endfacet
  facet normal 0 0 1
    outer loop
      vertex 0.4216079578178803 2.2101463141395494 -3.2
      vertex 0.6952882373436317 2.1398771616640953 -3.2
      vertex 2.1433071799159866 3.3773117020080603 -3.2
    endloop
  endfacet
  facet normal 0 0 1
    outer loop
      vertex 0.6952882373436317 2.1398771616640953 -3.2
      vertex 0.9580034060214137 2.0358608680485437 -3.2
      vertex 2.1433071799159866 3.3773117020080603 -3.2
    endloop
  endfacet
  facet normal 0 0 1
    outer loop
      vertex 1.434203976934552 1.7336547962455255 -3.2
      vertex 1.640179411698176 1.5402309883395495 -3.2
      vertex 2.1433071799159866 3.3773117020080603 -3.2
    endloop
  endfacet
  facet normal 0 0 1
    outer loop
      vertex 1.434203976934552 1.7336547962455255 -3.2
      vertex 2.1433071799159866 3.3773117020080603 -3.2
      vertex 1.2056102887027424 1.899737832379534 -3.2
    endloop
  endfacet
  facet normal 0 0 1
    outer loop
      vertex 1.8202882373436318 1.3225168176580646 -3.2
      vertex 2.1433071799159866 3.3773117020080603 -3.2
      vertex 1.640179411698176 1.5402309883395495 -3.2
    endloop
  endfacet
  facet normal 0 0 1
    outer loop
      vertex -0.4216079578178803 2.2101463141395494 -3.2
      vertex 2.1433071799159866 3.3773117020080603 -3.2
      vertex 1.7031171662602909 3.619308209864078 -3.2
    endloop
  endfacet
  facet normal 0 0 1
    outer loop
      vertex 2.25 0 -3.2
      vertex 4 0 -3.2
      vertex 2.2322580779575754 0.2819997755196846 -3.2
    endloop
  endfacet
  facet normal 0 0 1
    outer loop
      vertex 2.2322580779575754 0.2819997755196846 -3.2
      vertex 4 0 -3.2
      vertex 2.17931211253942 0.5595522461209232 -3.2
    endloop
  endfacet
  facet normal 0 0 1
    outer loop
      vertex 2.0919970932485654 0.8282802435405254 -3.2
      vertex 2.17931211253942 0.5595522461209232 -3.2
      vertex 4 0 -3.2
    endloop
  endfacet
  facet normal 0 0 1
    outer loop
      vertex 2.0919970932485654 0.8282802435405254 -3.2
      vertex 2.1433071799159866 3.3773117020080603 -3.2
      vertex 1.971690030098693 1.0839457667288595 -3.2
    endloop
  endfacet
  facet normal 0 0 1
    outer loop
      vertex 2.0919970932485654 0.8282802435405254 -3.2
      vertex 3.962588563980653 0.5321058166980329 -3.2
      vertex 2.447513437051213 3.1562929189139837 -3.2
    endloop
  endfacet
  facet normal 0 0 1
    outer loop
      vertex 2.0919970932485654 0.8282802435405254 -3.2
      vertex 4 0 -3.2
      vertex 3.9684588052579115 0.501332934257217 -3.2
    endloop
  endfacet
  facet normal 0 0 1
    outer loop
      vertex 2.0919970932485654 0.8282802435405254 -3.2
      vertex 3.9684588052579115 0.501332934257217 -3.2
      vertex 3.962588563980653 0.5321058166980329 -3.2
    endloop
  endfacet
  facet normal -0.8660254042044092 -0.4999999992725899 0
    outer loop
      vertex 3.962588563980653 0.5321058166980329 0
      vertex 2.447513437051213 3.1562929189139837 0
      vertex 3.962588563980653 0.5321058166980329 -3.2
    endloop
  endfacet
  facet normal 0 0 1
    outer loop
      vertex 2.0919970932485654 0.8282802435405254 -3.2
      vertex 2.447513437051213 3.1562929189139837 -3.2
      vertex 2.1433071799159866 3.3773117020080603 -3.2
    endloop
  endfacet
  facet normal -0.8660254042044092 -0.4999999992725899 0
    outer loop
      vertex 3.962588563980653 0.5321058166980329 -3.2
      vertex 2.447513437051213 3.1562929189139837 0
      vertex 2.447513437051213 3.1562929189139837 -3.2
    endloop
  endfacet
  facet normal 0.9048270524660191 0.42577929156507327 0
    outer loop
      vertex -2.091997093248566 -0.8282802435405252 -3.2
      vertex -1.9716900300986928 -1.0839457667288597 -16.5
      vertex -2.091997093248566 -0.8282802435405252 -16.5
    endloop
  endfacet
  facet normal 0.9510565162951538 0.3090169943749469 0
    outer loop
      vertex -2.17931211253942 -0.5595522461209235 -3.2
      vertex -2.091997093248566 -0.8282802435405252 -16.5
      vertex -2.17931211253942 -0.5595522461209235 -16.5
    endloop
  endfacet
  facet normal 0.9822872507286885 0.18738131458572538 0
    outer loop
      vertex -2.2322580779575754 -0.28199977551968414 -3.2
      vertex -2.17931211253942 -0.5595522461209235 -16.5
      vertex -2.2322580779575754 -0.28199977551968414 -16.5
    endloop
  endfacet
  facet normal 0.9980267284282716 0.06279051952931261 0
    outer loop
      vertex -2.25 0 -3.2
      vertex -2.2322580779575754 -0.28199977551968414 -16.5
      vertex -2.25 0 -16.5
    endloop
  endfacet
  facet normal 0.3681245526846769 0.9297764858882518 0
    outer loop
      vertex -0.958003406021413 -2.035860868048544 -3.2
      vertex -0.6952882373436317 -2.1398771616640953 -16.5
      vertex -0.958003406021413 -2.035860868048544 -16.5
    endloop
  endfacet
  facet normal 0.24868988716485582 0.9685831611286309 0
    outer loop
      vertex -0.6952882373436317 -2.1398771616640953 -3.2
      vertex -0.42160795781788085 -2.2101463141395494 -16.5
      vertex -0.6952882373436317 -2.1398771616640953 -16.5
    endloop
  endfacet
  facet normal 0.12533323356430498 0.9921147013144777 0
    outer loop
      vertex -0.42160795781788085 -2.2101463141395494 -3.2
      vertex -0.14127866894095598 -2.245560138963611 -16.5
      vertex -0.42160795781788085 -2.2101463141395494 -16.5
    endloop
  endfacet
  facet normal 0 1 0
    outer loop
      vertex -0.14127866894095598 -2.245560138963611 -3.2
      vertex 0.14127866894095598 -2.245560138963611 -16.5
      vertex -0.14127866894095598 -2.245560138963611 -16.5
    endloop
  endfacet
  facet normal 0.6845471059286888 0.7289686274214113 0
    outer loop
      vertex -1.6401794116981763 -1.540230988339549 -3.2
      vertex -1.4342039769345516 -1.733654796245526 -16.5
      vertex -1.6401794116981763 -1.540230988339549 -16.5
    endloop
  endfacet
  facet normal 0.770513242775789 0.63742398974869 0
    outer loop
      vertex -1.8202882373436318 -1.3225168176580646 -3.2
      vertex -1.6401794116981763 -1.540230988339549 -16.5
      vertex -1.8202882373436318 -1.3225168176580646 -16.5
    endloop
  endfacet
  facet normal 0.8443279255020153 0.5358267949789962 0
    outer loop
      vertex -1.9716900300986928 -1.0839457667288597 -3.2
      vertex -1.8202882373436318 -1.3225168176580646 -16.5
      vertex -1.9716900300986928 -1.0839457667288597 -16.5
    endloop
  endfacet
  facet normal 0.5877852522924731 0.8090169943749475 0
    outer loop
      vertex -1.4342039769345516 -1.733654796245526 -3.2
      vertex -1.2056102887027427 -1.8997378323795338 -16.5
      vertex -1.4342039769345516 -1.733654796245526 -16.5
    endloop
  endfacet
  facet normal 0.4817536741017152 0.8763066800438637 0
    outer loop
      vertex -1.2056102887027427 -1.8997378323795338 -3.2
      vertex -0.958003406021413 -2.035860868048544 -16.5
      vertex -1.2056102887027427 -1.8997378323795338 -16.5
    endloop
  endfacet
  facet normal 0.9048270524660191 0.42577929156507327 0
    outer loop
      vertex -1.9716900300986928 -1.0839457667288597 -3.2
      vertex -1.9716900300986928 -1.0839457667288597 -16.5
      vertex -2.091997093248566 -0.8282802435405252 -3.2
    endloop
  endfacet
  facet normal 0.9510565162951538 0.3090169943749469 0
    outer loop
      vertex -2.17931211253942 -0.5595522461209235 -3.2
      vertex -2.091997093248566 -0.8282802435405252 -3.2
      vertex -2.091997093248566 -0.8282802435405252 -16.5
    endloop
  endfacet
  facet normal 0.9822872507286885 0.18738131458572538 0
    outer loop
      vertex -2.17931211253942 -0.5595522461209235 -3.2
      vertex -2.17931211253942 -0.5595522461209235 -16.5
      vertex -2.2322580779575754 -0.28199977551968414 -3.2
    endloop
  endfacet
  facet normal 0.9980267284282716 0.06279051952931261 0
    outer loop
      vertex -2.2322580779575754 -0.28199977551968414 -3.2
      vertex -2.2322580779575754 -0.28199977551968414 -16.5
      vertex -2.25 0 -3.2
    endloop
  endfacet
  facet normal 0.3681245526846769 0.9297764858882518 0
    outer loop
      vertex -0.958003406021413 -2.035860868048544 -3.2
      vertex -0.6952882373436317 -2.1398771616640953 -3.2
      vertex -0.6952882373436317 -2.1398771616640953 -16.5
    endloop
  endfacet
  facet normal 0.24868988716485582 0.9685831611286309 0
    outer loop
      vertex -0.6952882373436317 -2.1398771616640953 -3.2
      vertex -0.42160795781788085 -2.2101463141395494 -3.2
      vertex -0.42160795781788085 -2.2101463141395494 -16.5
    endloop
  endfacet
  facet normal 0.12533323356430498 0.9921147013144777 0
    outer loop
      vertex -0.42160795781788085 -2.2101463141395494 -3.2
      vertex -0.14127866894095598 -2.245560138963611 -3.2
      vertex -0.14127866894095598 -2.245560138963611 -16.5
    endloop
  endfacet
  facet normal 0.6845471059286888 0.7289686274214113 0
    outer loop
      vertex -1.6401794116981763 -1.540230988339549 -3.2
      vertex -1.4342039769345516 -1.733654796245526 -3.2
      vertex -1.4342039769345516 -1.733654796245526 -16.5
    endloop
  endfacet
  facet normal 0.8443279255020153 0.5358267949789962 0
    outer loop
      vertex -1.9716900300986928 -1.0839457667288597 -3.2
      vertex -1.8202882373436318 -1.3225168176580646 -3.2
      vertex -1.8202882373436318 -1.3225168176580646 -16.5
    endloop
  endfacet
  facet normal 0.770513242775789 0.63742398974869 0
    outer loop
      vertex -1.6401794116981763 -1.540230988339549 -3.2
      vertex -1.6401794116981763 -1.540230988339549 -16.5
      vertex -1.8202882373436318 -1.3225168176580646 -3.2
    endloop
  endfacet
  facet normal 0.5877852522924731 0.8090169943749475 0
    outer loop
      vertex -1.2056102887027427 -1.8997378323795338 -3.2
      vertex -1.2056102887027427 -1.8997378323795338 -16.5
      vertex -1.4342039769345516 -1.733654796245526 -3.2
    endloop
  endfacet
  facet normal 0.4817536741017152 0.8763066800438637 0
    outer loop
      vertex -1.2056102887027427 -1.8997378323795338 -3.2
      vertex -0.958003406021413 -2.035860868048544 -3.2
      vertex -0.958003406021413 -2.035860868048544 -16.5
    endloop
  endfacet
  facet normal 0.9980267284282716 -0.06279051952931261 0
    outer loop
      vertex -2.2322580779575754 0.28199977551968414 -3.2
      vertex -2.25 0 -16.5
      vertex -2.2322580779575754 0.28199977551968414 -16.5
    endloop
  endfacet
  facet normal 0.9822872507286885 -0.18738131458572538 0
    outer loop
      vertex -2.17931211253942 0.5595522461209235 -3.2
      vertex -2.2322580779575754 0.28199977551968414 -16.5
      vertex -2.17931211253942 0.5595522461209235 -16.5
    endloop
  endfacet
  facet normal 0.9510565162951538 -0.3090169943749469 0
    outer loop
      vertex -2.091997093248566 0.8282802435405252 -3.2
      vertex -2.17931211253942 0.5595522461209235 -16.5
      vertex -2.091997093248566 0.8282802435405252 -16.5
    endloop
  endfacet
  facet normal 0.9048270524660191 -0.42577929156507327 0
    outer loop
      vertex -1.9716900300986928 1.0839457667288597 -3.2
      vertex -2.091997093248566 0.8282802435405252 -16.5
      vertex -1.9716900300986928 1.0839457667288597 -16.5
    endloop
  endfacet
  facet normal 0.8443279255020153 -0.5358267949789962 0
    outer loop
      vertex -1.8202882373436318 1.3225168176580646 -3.2
      vertex -1.9716900300986928 1.0839457667288597 -16.5
      vertex -1.8202882373436318 1.3225168176580646 -16.5
    endloop
  endfacet
  facet normal 0.770513242775789 -0.63742398974869 0
    outer loop
      vertex -1.6401794116981763 1.540230988339549 -3.2
      vertex -1.8202882373436318 1.3225168176580646 -16.5
      vertex -1.6401794116981763 1.540230988339549 -16.5
    endloop
  endfacet
  facet normal 0.6845471059286888 -0.7289686274214113 0
    outer loop
      vertex -1.4342039769345516 1.733654796245526 -3.2
      vertex -1.6401794116981763 1.540230988339549 -16.5
      vertex -1.4342039769345516 1.733654796245526 -16.5
    endloop
  endfacet
  facet normal 0.5877852522924731 -0.8090169943749475 0
    outer loop
      vertex -1.2056102887027427 1.8997378323795338 -3.2
      vertex -1.4342039769345516 1.733654796245526 -16.5
      vertex -1.2056102887027427 1.8997378323795338 -16.5
    endloop
  endfacet
  facet normal 0.48175367410171505 -0.8763066800438638 0
    outer loop
      vertex -0.9580034060214137 2.0358608680485437 -3.2
      vertex -1.2056102887027427 1.8997378323795338 -16.5
      vertex -0.9580034060214137 2.0358608680485437 -16.5
    endloop
  endfacet
  facet normal 0.36812455268467753 -0.9297764858882517 0
    outer loop
      vertex -0.6952882373436317 2.1398771616640953 -3.2
      vertex -0.9580034060214137 2.0358608680485437 -16.5
      vertex -0.6952882373436317 2.1398771616640953 -16.5
    endloop
  endfacet
  facet normal 0.24868988716485532 -0.968583161128631 0
    outer loop
      vertex -0.4216079578178803 2.2101463141395494 -3.2
      vertex -0.6952882373436317 2.1398771616640953 -16.5
      vertex -0.4216079578178803 2.2101463141395494 -16.5
    endloop
  endfacet
  facet normal 0.12533323356430473 -0.9921147013144777 0
    outer loop
      vertex -0.14127866894095487 2.245560138963611 -3.2
      vertex -0.4216079578178803 2.2101463141395494 -16.5
      vertex -0.14127866894095487 2.245560138963611 -16.5
    endloop
  endfacet
  facet normal 0.9980267284282716 -0.06279051952931261 0
    outer loop
      vertex -2.25 0 -3.2
      vertex -2.25 0 -16.5
      vertex -2.2322580779575754 0.28199977551968414 -3.2
    endloop
  endfacet
  facet normal 0.9822872507286885 -0.18738131458572538 0
    outer loop
      vertex -2.2322580779575754 0.28199977551968414 -3.2
      vertex -2.2322580779575754 0.28199977551968414 -16.5
      vertex -2.17931211253942 0.5595522461209235 -3.2
    endloop
  endfacet
  facet normal 0.9510565162951538 -0.3090169943749469 0
    outer loop
      vertex -2.17931211253942 0.5595522461209235 -3.2
      vertex -2.17931211253942 0.5595522461209235 -16.5
      vertex -2.091997093248566 0.8282802435405252 -3.2
    endloop
  endfacet
  facet normal 0.9048270524660191 -0.42577929156507327 0
    outer loop
      vertex -2.091997093248566 0.8282802435405252 -3.2
      vertex -2.091997093248566 0.8282802435405252 -16.5
      vertex -1.9716900300986928 1.0839457667288597 -3.2
    endloop
  endfacet
  facet normal 0.8443279255020153 -0.5358267949789962 0
    outer loop
      vertex -1.9716900300986928 1.0839457667288597 -3.2
      vertex -1.9716900300986928 1.0839457667288597 -16.5
      vertex -1.8202882373436318 1.3225168176580646 -3.2
    endloop
  endfacet
  facet normal 0.770513242775789 -0.63742398974869 0
    outer loop
      vertex -1.8202882373436318 1.3225168176580646 -3.2
      vertex -1.8202882373436318 1.3225168176580646 -16.5
      vertex -1.6401794116981763 1.540230988339549 -3.2
    endloop
  endfacet
  facet normal 0.6845471059286888 -0.7289686274214113 0
    outer loop
      vertex -1.6401794116981763 1.540230988339549 -3.2
      vertex -1.6401794116981763 1.540230988339549 -16.5
      vertex -1.4342039769345516 1.733654796245526 -3.2
    endloop
  endfacet
  facet normal 0.5877852522924731 -0.8090169943749475 0
    outer loop
      vertex -1.4342039769345516 1.733654796245526 -3.2
      vertex -1.4342039769345516 1.733654796245526 -16.5
      vertex -1.2056102887027427 1.8997378323795338 -3.2
    endloop
  endfacet
  facet normal 0.48175367410171505 -0.8763066800438638 0
    outer loop
      vertex -1.2056102887027427 1.8997378323795338 -3.2
      vertex -1.2056102887027427 1.8997378323795338 -16.5
      vertex -0.9580034060214137 2.0358608680485437 -3.2
    endloop
  endfacet
  facet normal 0.36812455268467753 -0.9297764858882517 0
    outer loop
      vertex -0.9580034060214137 2.0358608680485437 -3.2
      vertex -0.9580034060214137 2.0358608680485437 -16.5
      vertex -0.6952882373436317 2.1398771616640953 -3.2
    endloop
  endfacet
  facet normal 0.24868988716485532 -0.968583161128631 0
    outer loop
      vertex -0.6952882373436317 2.1398771616640953 -3.2
      vertex -0.6952882373436317 2.1398771616640953 -16.5
      vertex -0.4216079578178803 2.2101463141395494 -3.2
    endloop
  endfacet
  facet normal 0.12533323356430473 -0.9921147013144777 0
    outer loop
      vertex -0.4216079578178803 2.2101463141395494 -3.2
      vertex -0.4216079578178803 2.2101463141395494 -16.5
      vertex -0.14127866894095487 2.245560138963611 -3.2
    endloop
  endfacet
  facet normal 0 -1 0
    outer loop
      vertex -0.14127866894095487 2.245560138963611 -3.2
      vertex -0.14127866894095487 2.245560138963611 -16.5
      vertex 0.14127866894095487 2.245560138963611 -3.2
    endloop
  endfacet
  facet normal -0.12533323356430498 0.9921147013144777 0
    outer loop
      vertex 0.14127866894095598 -2.245560138963611 -3.2
      vertex 0.42160795781788085 -2.2101463141395494 -16.5
      vertex 0.14127866894095598 -2.245560138963611 -16.5
    endloop
  endfacet
  facet normal -0.24868988716485582 0.9685831611286309 0
    outer loop
      vertex 0.42160795781788085 -2.2101463141395494 -3.2
      vertex 0.6952882373436317 -2.1398771616640953 -16.5
      vertex 0.42160795781788085 -2.2101463141395494 -16.5
    endloop
  endfacet
  facet normal -0.3681245526846769 0.9297764858882518 0
    outer loop
      vertex 0.6952882373436317 -2.1398771616640953 -3.2
      vertex 0.958003406021413 -2.035860868048544 -16.5
      vertex 0.6952882373436317 -2.1398771616640953 -16.5
    endloop
  endfacet
  facet normal -0.48175367410171505 0.8763066800438637 0
    outer loop
      vertex 0.958003406021413 -2.035860868048544 -3.2
      vertex 1.2056102887027416 -1.8997378323795344 -16.5
      vertex 0.958003406021413 -2.035860868048544 -16.5
    endloop
  endfacet
  facet normal -0.5877852522924728 0.8090169943749477 0
    outer loop
      vertex 1.2056102887027416 -1.8997378323795344 -3.2
      vertex 1.4342039769345525 -1.7336547962455253 -16.5
      vertex 1.2056102887027416 -1.8997378323795344 -16.5
    endloop
  endfacet
  facet normal -0.6845471059286892 0.7289686274214111 0
    outer loop
      vertex 1.4342039769345525 -1.7336547962455253 -3.2
      vertex 1.6401794116981763 -1.540230988339549 -16.5
      vertex 1.4342039769345525 -1.7336547962455253 -16.5
    endloop
  endfacet
  facet normal -0.770513242775789 0.63742398974869 0
    outer loop
      vertex 1.6401794116981763 -1.540230988339549 -3.2
      vertex 1.8202882373436318 -1.3225168176580646 -16.5
      vertex 1.6401794116981763 -1.540230988339549 -16.5
    endloop
  endfacet
  facet normal -0.8443279255020153 0.5358267949789962 0
    outer loop
      vertex 1.8202882373436318 -1.3225168176580646 -3.2
      vertex 1.9716900300986928 -1.0839457667288597 -16.5
      vertex 1.8202882373436318 -1.3225168176580646 -16.5
    endloop
  endfacet
  facet normal -0.9048270524660191 0.42577929156507355 0
    outer loop
      vertex 1.9716900300986928 -1.0839457667288597 -3.2
      vertex 2.0919970932485654 -0.8282802435405263 -16.5
      vertex 1.9716900300986928 -1.0839457667288597 -16.5
    endloop
  endfacet
  facet normal -0.9510565162951535 0.30901699437494756 0
    outer loop
      vertex 2.0919970932485654 -0.8282802435405263 -3.2
      vertex 2.1793121125394204 -0.5595522461209225 -16.5
      vertex 2.0919970932485654 -0.8282802435405263 -16.5
    endloop
  endfacet
  facet normal -0.9822872507286886 0.18738131458572452 0
    outer loop
      vertex 2.1793121125394204 -0.5595522461209225 -3.2
      vertex 2.2322580779575754 -0.28199977551968414 -16.5
      vertex 2.1793121125394204 -0.5595522461209225 -16.5
    endloop
  endfacet
  facet normal -0.9980267284282716 0.06279051952931261 0
    outer loop
      vertex 2.2322580779575754 -0.28199977551968414 -3.2
      vertex 2.25 0 -16.5
      vertex 2.2322580779575754 -0.28199977551968414 -16.5
    endloop
  endfacet
  facet normal 0 1 0
    outer loop
      vertex -0.14127866894095598 -2.245560138963611 -3.2
      vertex 0.14127866894095598 -2.245560138963611 -3.2
      vertex 0.14127866894095598 -2.245560138963611 -16.5
    endloop
  endfacet
  facet normal -0.12533323356430498 0.9921147013144777 0
    outer loop
      vertex 0.14127866894095598 -2.245560138963611 -3.2
      vertex 0.42160795781788085 -2.2101463141395494 -3.2
      vertex 0.42160795781788085 -2.2101463141395494 -16.5
    endloop
  endfacet
  facet normal -0.24868988716485582 0.9685831611286309 0
    outer loop
      vertex 0.42160795781788085 -2.2101463141395494 -3.2
      vertex 0.6952882373436317 -2.1398771616640953 -3.2
      vertex 0.6952882373436317 -2.1398771616640953 -16.5
    endloop
  endfacet
  facet normal -0.3681245526846769 0.9297764858882518 0
    outer loop
      vertex 0.6952882373436317 -2.1398771616640953 -3.2
      vertex 0.958003406021413 -2.035860868048544 -3.2
      vertex 0.958003406021413 -2.035860868048544 -16.5
    endloop
  endfacet
  facet normal -0.48175367410171505 0.8763066800438637 0
    outer loop
      vertex 0.958003406021413 -2.035860868048544 -3.2
      vertex 1.2056102887027416 -1.8997378323795344 -3.2
      vertex 1.2056102887027416 -1.8997378323795344 -16.5
    endloop
  endfacet
  facet normal -0.5877852522924728 0.8090169943749477 0
    outer loop
      vertex 1.2056102887027416 -1.8997378323795344 -3.2
      vertex 1.4342039769345525 -1.7336547962455253 -3.2
      vertex 1.4342039769345525 -1.7336547962455253 -16.5
    endloop
  endfacet
  facet normal -0.6845471059286892 0.7289686274214111 0
    outer loop
      vertex 1.4342039769345525 -1.7336547962455253 -3.2
      vertex 1.6401794116981763 -1.540230988339549 -3.2
      vertex 1.6401794116981763 -1.540230988339549 -16.5
    endloop
  endfacet
  facet normal -0.770513242775789 0.63742398974869 0
    outer loop
      vertex 1.6401794116981763 -1.540230988339549 -3.2
      vertex 1.8202882373436318 -1.3225168176580646 -3.2
      vertex 1.8202882373436318 -1.3225168176580646 -16.5
    endloop
  endfacet
  facet normal -0.8443279255020153 0.5358267949789962 0
    outer loop
      vertex 1.8202882373436318 -1.3225168176580646 -3.2
      vertex 1.9716900300986928 -1.0839457667288597 -3.2
      vertex 1.9716900300986928 -1.0839457667288597 -16.5
    endloop
  endfacet
  facet normal -0.9048270524660191 0.42577929156507355 0
    outer loop
      vertex 1.9716900300986928 -1.0839457667288597 -3.2
      vertex 2.0919970932485654 -0.8282802435405263 -3.2
      vertex 2.0919970932485654 -0.8282802435405263 -16.5
    endloop
  endfacet
  facet normal -0.9510565162951535 0.30901699437494756 0
    outer loop
      vertex 2.0919970932485654 -0.8282802435405263 -3.2
      vertex 2.1793121125394204 -0.5595522461209225 -3.2
      vertex 2.1793121125394204 -0.5595522461209225 -16.5
    endloop
  endfacet
  facet normal -0.9822872507286886 0.18738131458572452 0
    outer loop
      vertex 2.1793121125394204 -0.5595522461209225 -3.2
      vertex 2.2322580779575754 -0.28199977551968414 -3.2
      vertex 2.2322580779575754 -0.28199977551968414 -16.5
    endloop
  endfacet
  facet normal -0.9980267284282716 0.06279051952931261 0
    outer loop
      vertex 2.2322580779575754 -0.28199977551968414 -3.2
      vertex 2.25 0 -3.2
      vertex 2.25 0 -16.5
    endloop
  endfacet
  facet normal -0.4817536741017147 -0.8763066800438639 0
    outer loop
      vertex 1.2056102887027424 1.899737832379534 -3.2
      vertex 0.9580034060214137 2.0358608680485437 -16.5
      vertex 1.2056102887027424 1.899737832379534 -16.5
    endloop
  endfacet
  facet normal -0.5877852522924735 -0.8090169943749471 0
    outer loop
      vertex 1.434203976934552 1.7336547962455255 -3.2
      vertex 1.2056102887027424 1.899737832379534 -16.5
      vertex 1.434203976934552 1.7336547962455255 -16.5
    endloop
  endfacet
  facet normal -0.8443279255020152 -0.5358267949789964 0
    outer loop
      vertex 1.971690030098693 1.0839457667288595 -3.2
      vertex 1.8202882373436318 1.3225168176580646 -16.5
      vertex 1.971690030098693 1.0839457667288595 -16.5
    endloop
  endfacet
  facet normal -0.7705132427757893 -0.6374239897486896 0
    outer loop
      vertex 1.8202882373436318 1.3225168176580646 -3.2
      vertex 1.640179411698176 1.5402309883395495 -16.5
      vertex 1.8202882373436318 1.3225168176580646 -16.5
    endloop
  endfacet
  facet normal -0.6845471059286884 -0.7289686274214119 0
    outer loop
      vertex 1.640179411698176 1.5402309883395495 -3.2
      vertex 1.434203976934552 1.7336547962455255 -16.5
      vertex 1.640179411698176 1.5402309883395495 -16.5
    endloop
  endfacet
  facet normal 0 -1 0
    outer loop
      vertex 0.14127866894095487 2.245560138963611 -3.2
      vertex -0.14127866894095487 2.245560138963611 -16.5
      vertex 0.14127866894095445 2.245560138963611 -16.5
    endloop
  endfacet
  facet normal -0.12533323356430454 -0.9921147013144779 0
    outer loop
      vertex 0.4216079578178803 2.2101463141395494 -3.2
      vertex 0.14127866894095445 2.245560138963611 -16.5
      vertex 0.4216079578178803 2.2101463141395494 -16.5
    endloop
  endfacet
  facet normal -0.24868988716485532 -0.968583161128631 0
    outer loop
      vertex 0.6952882373436317 2.1398771616640953 -3.2
      vertex 0.4216079578178803 2.2101463141395494 -16.5
      vertex 0.6952882373436317 2.1398771616640953 -16.5
    endloop
  endfacet
  facet normal -0.36812455268467753 -0.9297764858882517 0
    outer loop
      vertex 0.9580034060214137 2.0358608680485437 -3.2
      vertex 0.6952882373436317 2.1398771616640953 -16.5
      vertex 0.9580034060214137 2.0358608680485437 -16.5
    endloop
  endfacet
  facet normal -0.9980267284282717 -0.06279051952931253 0
    outer loop
      vertex 2.25 0 -3.2
      vertex 2.2322580779575754 0.2819997755196846 -16.5
      vertex 2.25 0 -16.5
    endloop
  endfacet
  facet normal -0.9822872507286885 -0.18738131458572582 0
    outer loop
      vertex 2.2322580779575754 0.2819997755196846 -3.2
      vertex 2.17931211253942 0.5595522461209232 -16.5
      vertex 2.2322580779575754 0.2819997755196846 -16.5
    endloop
  endfacet
  facet normal -0.9510565162951534 -0.3090169943749478 0
    outer loop
      vertex 2.17931211253942 0.5595522461209232 -3.2
      vertex 2.0919970932485654 0.8282802435405254 -16.5
      vertex 2.17931211253942 0.5595522461209232 -16.5
    endloop
  endfacet
  facet normal -0.9048270524660199 -0.42577929156507205 0
    outer loop
      vertex 2.0919970932485654 0.8282802435405254 -3.2
      vertex 1.971690030098693 1.0839457667288595 -16.5
      vertex 2.0919970932485654 0.8282802435405254 -16.5
    endloop
  endfacet
  facet normal -0.4817536741017147 -0.8763066800438639 0
    outer loop
      vertex 0.9580034060214137 2.0358608680485437 -3.2
      vertex 0.9580034060214137 2.0358608680485437 -16.5
      vertex 1.2056102887027424 1.899737832379534 -3.2
    endloop
  endfacet
  facet normal -0.5877852522924735 -0.8090169943749471 0
    outer loop
      vertex 1.434203976934552 1.7336547962455255 -3.2
      vertex 1.2056102887027424 1.899737832379534 -3.2
      vertex 1.2056102887027424 1.899737832379534 -16.5
    endloop
  endfacet
  facet normal -0.7705132427757893 -0.6374239897486896 0
    outer loop
      vertex 1.8202882373436318 1.3225168176580646 -3.2
      vertex 1.640179411698176 1.5402309883395495 -3.2
      vertex 1.640179411698176 1.5402309883395495 -16.5
    endloop
  endfacet
  facet normal -0.8443279255020152 -0.5358267949789964 0
    outer loop
      vertex 1.8202882373436318 1.3225168176580646 -3.2
      vertex 1.8202882373436318 1.3225168176580646 -16.5
      vertex 1.971690030098693 1.0839457667288595 -3.2
    endloop
  endfacet
  facet normal -0.6845471059286884 -0.7289686274214119 0
    outer loop
      vertex 1.434203976934552 1.7336547962455255 -3.2
      vertex 1.434203976934552 1.7336547962455255 -16.5
      vertex 1.640179411698176 1.5402309883395495 -3.2
    endloop
  endfacet
  facet normal -0.12533323356430473 -0.9921147013144777 3.923341400013541e-18
    outer loop
      vertex 0.14127866894095487 2.245560138963611 -3.2
      vertex 0.14127866894095445 2.245560138963611 -16.5
      vertex 0.4216079578178803 2.2101463141395494 -3.2
    endloop
  endfacet
  facet normal -0.24868988716485532 -0.968583161128631 0
    outer loop
      vertex 0.4216079578178803 2.2101463141395494 -3.2
      vertex 0.4216079578178803 2.2101463141395494 -16.5
      vertex 0.6952882373436317 2.1398771616640953 -3.2
    endloop
  endfacet
  facet normal -0.36812455268467753 -0.9297764858882517 0
    outer loop
      vertex 0.6952882373436317 2.1398771616640953 -3.2
      vertex 0.6952882373436317 2.1398771616640953 -16.5
      vertex 0.9580034060214137 2.0358608680485437 -3.2
    endloop
  endfacet
  facet normal -0.9980267284282717 -0.06279051952931253 0
    outer loop
      vertex 2.25 0 -3.2
      vertex 2.2322580779575754 0.2819997755196846 -3.2
      vertex 2.2322580779575754 0.2819997755196846 -16.5
    endloop
  endfacet
  facet normal -0.9822872507286885 -0.18738131458572582 0
    outer loop
      vertex 2.2322580779575754 0.2819997755196846 -3.2
      vertex 2.17931211253942 0.5595522461209232 -3.2
      vertex 2.17931211253942 0.5595522461209232 -16.5
    endloop
  endfacet
  facet normal -0.9510565162951534 -0.3090169943749478 0
    outer loop
      vertex 2.0919970932485654 0.8282802435405254 -3.2
      vertex 2.0919970932485654 0.8282802435405254 -16.5
      vertex 2.17931211253942 0.5595522461209232 -3.2
    endloop
  endfacet
  facet normal -0.9048270524660199 -0.42577929156507205 0
    outer loop
      vertex 2.0919970932485654 0.8282802435405254 -3.2
      vertex 1.971690030098693 1.0839457667288595 -3.2
      vertex 1.971690030098693 1.0839457667288595 -16.5
    endloop
  endfacet
  facet normal 0 0 -1
    outer loop
      vertex -2.5496959589947585 -3.0820529711031575 -16.5
      vertex -2.091997093248566 -0.8282802435405252 -16.5
      vertex -2.143307179915987 -3.37731170200806 -16.5
    endloop
  endfacet
  facet normal -0.8443279255020154 -0.5358267949789962 0
    outer loop
      vertex -3.23606797749979 -2.3511410091698925 -16.5
      vertex -3.505226720175454 -1.9270146964068615 0
      vertex -3.505226720175454 -1.9270146964068615 -16.5
    endloop
  endfacet
  facet normal -0.7705132427757891 -0.6374239897486899 0
    outer loop
      vertex -3.23606797749979 -2.3511410091698925 -16.5
      vertex -2.9158745096856467 -2.738188423714754 -16.5
      vertex -3.23606797749979 -2.3511410091698925 0
    endloop
  endfacet
  facet normal -0.5877852522924727 -0.8090169943749478 -1.3501993515305686e-17
    outer loop
      vertex -2.5496959589947585 -3.0820529711031575 -16.5
      vertex -2.143307179915987 -3.37731170200806 -16.5
      vertex -2.447513437051213 -3.1562929189139846 -3.2
    endloop
  endfacet
  facet normal -0.684547105928689 -0.728968627421411 0
    outer loop
      vertex -2.5496959589947585 -3.0820529711031575 -16.5
      vertex -2.5496959589947585 -3.0820529711031575 0
      vertex -2.9158745096856467 -2.738188423714754 -16.5
    endloop
  endfacet
  facet normal 0 0 -1
    outer loop
      vertex -3.719105943553006 -1.4724982107387115 -16.5
      vertex -3.8743326445145243 -0.9947595486594194 -16.5
      vertex -3.719105943553006 1.4724982107387115 -16.5
    endloop
  endfacet
  facet normal 0 0 -1
    outer loop
      vertex -3.8743326445145243 -0.9947595486594194 -16.5
      vertex -3.9684588052579115 -0.5013329342572163 -16.5
      vertex -3.8743326445145243 0.9947595486594194 -16.5
    endloop
  endfacet
  facet normal 0 0 -1
    outer loop
      vertex -3.505226720175454 -1.9270146964068615 -16.5
      vertex -3.719105943553006 -1.4724982107387115 -16.5
      vertex -3.505226720175454 1.9270146964068615 -16.5
    endloop
  endfacet
  facet normal 0 0 -1
    outer loop
      vertex -3.23606797749979 -2.3511410091698925 -16.5
      vertex -3.505226720175454 -1.9270146964068615 -16.5
      vertex -3.23606797749979 2.3511410091698925 -16.5
    endloop
  endfacet
  facet normal 0 0 -1
    outer loop
      vertex -3.23606797749979 -2.3511410091698925 -16.5
      vertex -2.9158745096856467 2.738188423714754 -16.5
      vertex -2.9158745096856467 -2.738188423714754 -16.5
    endloop
  endfacet
  facet normal 0 0 -1
    outer loop
      vertex -2.143307179915987 -3.37731170200806 -16.5
      vertex -2.091997093248566 -0.8282802435405252 -16.5
      vertex -1.9716900300986928 -1.0839457667288597 -16.5
    endloop
  endfacet
  facet normal 0 0 -1
    outer loop
      vertex -2.5496959589947585 -3.0820529711031575 -16.5
      vertex -2.17931211253942 -0.5595522461209235 -16.5
      vertex -2.091997093248566 -0.8282802435405252 -16.5
    endloop
  endfacet
  facet normal 0 0 -1
    outer loop
      vertex -2.5496959589947585 -3.0820529711031575 -16.5
      vertex -2.2322580779575754 -0.28199977551968414 -16.5
      vertex -2.17931211253942 -0.5595522461209235 -16.5
    endloop
  endfacet
  facet normal 0 0 -1
    outer loop
      vertex -2.5496959589947585 -3.0820529711031575 -16.5
      vertex -2.25 0 -16.5
      vertex -2.2322580779575754 -0.28199977551968414 -16.5
    endloop
  endfacet
  facet normal 0 0 -1
    outer loop
      vertex -2.5496959589947585 -3.0820529711031575 -16.5
      vertex -2.9158745096856467 -2.738188423714754 -16.5
      vertex -2.5496959589947585 3.0820529711031575 -16.5
    endloop
  endfacet
  facet normal -0.9048270524660195 -0.42577929156507316 0
    outer loop
      vertex -3.505226720175454 -1.9270146964068615 -16.5
      vertex -3.719105943553006 -1.4724982107387115 0
      vertex -3.719105943553006 -1.4724982107387115 -16.5
    endloop
  endfacet
  facet normal -0.9510565162951536 -0.3090169943749471 0
    outer loop
      vertex -3.719105943553006 -1.4724982107387115 -16.5
      vertex -3.8743326445145243 -0.9947595486594194 0
      vertex -3.8743326445145243 -0.9947595486594194 -16.5
    endloop
  endfacet
  facet normal -0.9822872507286886 -0.18738131458572496 -1.0386148857927403e-18
    outer loop
      vertex -3.8743326445145243 -0.9947595486594194 -16.5
      vertex -3.962588563980653 -0.5321058166980333 -3.2
      vertex -3.9684588052579115 -0.5013329342572163 -16.5
    endloop
  endfacet
  facet normal -0.9980267284282716 -0.06279051952931311 0
    outer loop
      vertex -3.9684588052579115 -0.5013329342572163 -16.5
      vertex -4 0 -3.2
      vertex -4 0 -16.5
    endloop
  endfacet
  facet normal 0 0 -1
    outer loop
      vertex -1.7031171662602897 -3.6193082098640783 -16.5
      vertex -1.2056102887027427 -1.8997378323795338 -16.5
      vertex -1.2360679774997896 -3.804226065180614 -16.5
    endloop
  endfacet
  facet normal 0 0 -1
    outer loop
      vertex -2.143307179915987 -3.37731170200806 -16.5
      vertex -1.6401794116981763 -1.540230988339549 -16.5
      vertex -1.7031171662602897 -3.6193082098640783 -16.5
    endloop
  endfacet
  facet normal 0 0 -1
    outer loop
      vertex -2.143307179915987 -3.37731170200806 -16.5
      vertex -1.8202882373436318 -1.3225168176580646 -16.5
      vertex -1.6401794116981763 -1.540230988339549 -16.5
    endloop
  endfacet
  facet normal 0 0 -1
    outer loop
      vertex -1.7031171662602897 -3.6193082098640783 -16.5
      vertex -1.6401794116981763 -1.540230988339549 -16.5
      vertex -1.4342039769345516 -1.733654796245526 -16.5
    endloop
  endfacet
  facet normal 0 0 -1
    outer loop
      vertex -1.2360679774997896 -3.804226065180614 -16.5
      vertex -1.2056102887027427 -1.8997378323795338 -16.5
      vertex -0.958003406021413 -2.035860868048544 -16.5
    endloop
  endfacet
  facet normal 0 0 -1
    outer loop
      vertex -1.7031171662602897 -3.6193082098640783 -16.5
      vertex -1.4342039769345516 -1.733654796245526 -16.5
      vertex -1.2056102887027427 -1.8997378323795338 -16.5
    endloop
  endfacet
  facet normal 0 0 -1
    outer loop
      vertex -1.2360679774997896 -3.804226065180614 -16.5
      vertex -0.6952882373436317 -2.1398771616640953 -16.5
      vertex -0.7495252583428993 -3.9291490029147544 -16.5
    endloop
  endfacet
  facet normal 0 0 -1
    outer loop
      vertex -0.7495252583428993 -3.9291490029147544 -16.5
      vertex -0.14127866894095598 -2.245560138963611 -16.5
      vertex -0.25116207811725505 -3.9921069137130862 -16.5
    endloop
  endfacet
  facet normal 0 0 -1
    outer loop
      vertex -1.2360679774997896 -3.804226065180614 -16.5
      vertex -0.958003406021413 -2.035860868048544 -16.5
      vertex -0.6952882373436317 -2.1398771616640953 -16.5
    endloop
  endfacet
  facet normal 0 0 -1
    outer loop
      vertex -0.7495252583428993 -3.9291490029147544 -16.5
      vertex -0.6952882373436317 -2.1398771616640953 -16.5
      vertex -0.42160795781788085 -2.2101463141395494 -16.5
    endloop
  endfacet
  facet normal 0 0 -1
    outer loop
      vertex -0.7495252583428993 -3.9291490029147544 -16.5
      vertex -0.42160795781788085 -2.2101463141395494 -16.5
      vertex -0.14127866894095598 -2.245560138963611 -16.5
    endloop
  endfacet
  facet normal 0 0 -1
    outer loop
      vertex -0.25116207811725505 -3.9921069137130862 -16.5
      vertex -0.14127866894095598 -2.245560138963611 -16.5
      vertex 0.14127866894095598 -2.245560138963611 -16.5
    endloop
  endfacet
  facet normal -0.48175367410171505 -0.8763066800438637 0
    outer loop
      vertex -2.143307179915987 -3.37731170200806 -16.5
      vertex -1.7031171662602897 -3.6193082098640783 -16.5
      vertex -2.143307179915987 -3.37731170200806 -3.2
    endloop
  endfacet
  facet normal -0.3681245526846778 -0.9297764858882513 0
    outer loop
      vertex -1.7031171662602897 -3.6193082098640783 -16.5
      vertex -1.2360679774997896 -3.804226065180614 -16.5
      vertex -1.2360679774997896 -3.804226065180614 0
    endloop
  endfacet
  facet normal -0.248689887164855 -0.9685831611286311 0
    outer loop
      vertex -1.2360679774997896 -3.804226065180614 -16.5
      vertex -0.7495252583428993 -3.9291490029147544 -16.5
      vertex -0.7495252583428993 -3.9291490029147544 0
    endloop
  endfacet
  facet normal -0.12533323356430498 -0.9921147013144778 0
    outer loop
      vertex -0.7495252583428993 -3.9291490029147544 -16.5
      vertex -0.25116207811725505 -3.9921069137130862 -16.5
      vertex -0.25116207811725505 -3.9921069137130862 0
    endloop
  endfacet
  facet normal 0 0 -1
    outer loop
      vertex -2.143307179915987 -3.37731170200806 -16.5
      vertex -1.9716900300986928 -1.0839457667288597 -16.5
      vertex -1.8202882373436318 -1.3225168176580646 -16.5
    endloop
  endfacet
  facet normal -0.7705132427757891 -0.6374239897486899 0
    outer loop
      vertex -2.9158745096856467 -2.738188423714754 -16.5
      vertex -2.9158745096856467 -2.738188423714754 0
      vertex -3.23606797749979 -2.3511410091698925 0
    endloop
  endfacet
  facet normal -0.8443279255020154 -0.5358267949789962 0
    outer loop
      vertex -3.23606797749979 -2.3511410091698925 -16.5
      vertex -3.23606797749979 -2.3511410091698925 0
      vertex -3.505226720175454 -1.9270146964068615 0
    endloop
  endfacet
  facet normal -0.5877852522924724 -0.8090169943749481 0
    outer loop
      vertex -2.143307179915987 -3.37731170200806 -16.5
      vertex -2.143307179915987 -3.37731170200806 -3.2
      vertex -2.447513437051213 -3.1562929189139846 -3.2
    endloop
  endfacet
  facet normal -0.5877852522924738 -0.809016994374947 0
    outer loop
      vertex -2.5496959589947585 -3.0820529711031575 -16.5
      vertex -2.447513437051213 -3.1562929189139846 -3.2
      vertex -2.447513437051213 -3.1562929189139846 0
    endloop
  endfacet
  facet normal -0.5877852522924738 -0.8090169943749469 0
    outer loop
      vertex -2.5496959589947585 -3.0820529711031575 -16.5
      vertex -2.447513437051213 -3.1562929189139846 0
      vertex -2.5496959589947585 -3.0820529711031575 0
    endloop
  endfacet
  facet normal -0.684547105928689 -0.728968627421411 0
    outer loop
      vertex -2.9158745096856467 -2.738188423714754 -16.5
      vertex -2.5496959589947585 -3.0820529711031575 0
      vertex -2.9158745096856467 -2.738188423714754 0
    endloop
  endfacet
  facet normal 0 0 1
    outer loop
      vertex -2.5496959589947585 -3.0820529711031575 0
      vertex -3.962588563980653 -0.5321058166980333 0
      vertex -2.9158745096856467 -2.738188423714754 0
    endloop
  endfacet
  facet normal 0 0 1
    outer loop
      vertex -2.5496959589947585 -3.0820529711031575 0
      vertex -2.447513437051213 -3.1562929189139846 0
      vertex -3.962588563980653 -0.5321058166980333 0
    endloop
  endfacet
  facet normal -0.9048270524660195 -0.42577929156507316 0
    outer loop
      vertex -3.505226720175454 -1.9270146964068615 -16.5
      vertex -3.505226720175454 -1.9270146964068615 0
      vertex -3.719105943553006 -1.4724982107387115 0
    endloop
  endfacet
  facet normal -0.9510565162951536 -0.3090169943749471 0
    outer loop
      vertex -3.719105943553006 -1.4724982107387115 -16.5
      vertex -3.719105943553006 -1.4724982107387115 0
      vertex -3.8743326445145243 -0.9947595486594194 0
    endloop
  endfacet
  facet normal -0.9822872507286887 -0.18738131458572477 0
    outer loop
      vertex -3.9684588052579115 -0.5013329342572163 -16.5
      vertex -3.962588563980653 -0.5321058166980333 -3.2
      vertex -3.9684588052579115 -0.5013329342572163 -3.2
    endloop
  endfacet
  facet normal -0.9822872507286886 -0.18738131458572496 0
    outer loop
      vertex -3.8743326445145243 -0.9947595486594194 -16.5
      vertex -3.8743326445145243 -0.9947595486594194 0
      vertex -3.962588563980653 -0.5321058166980333 -3.2
    endloop
  endfacet
  facet normal -0.9980267284282716 -0.06279051952931311 0
    outer loop
      vertex -3.9684588052579115 -0.5013329342572163 -16.5
      vertex -3.9684588052579115 -0.5013329342572163 -3.2
      vertex -4 0 -3.2
    endloop
  endfacet
  facet normal 0 0 1
    outer loop
      vertex -3.23606797749979 -2.3511410091698925 0
      vertex -3.962588563980653 -0.5321058166980333 0
      vertex -3.505226720175454 -1.9270146964068615 0
    endloop
  endfacet
  facet normal 0 0 1
    outer loop
      vertex -3.719105943553006 -1.4724982107387115 0
      vertex -3.962588563980653 -0.5321058166980333 0
      vertex -3.8743326445145243 -0.9947595486594194 0
    endloop
  endfacet
  facet normal 0 0 1
    outer loop
      vertex -3.505226720175454 -1.9270146964068615 0
      vertex -3.962588563980653 -0.5321058166980333 0
      vertex -3.719105943553006 -1.4724982107387115 0
    endloop
  endfacet
  facet normal 0 0 1
    outer loop
      vertex -3.23606797749979 -2.3511410091698925 0
      vertex -2.9158745096856467 -2.738188423714754 0
      vertex -3.962588563980653 -0.5321058166980333 0
    endloop
  endfacet
  facet normal -0.9822872507286886 -0.18738131458572496 0
    outer loop
      vertex -3.8743326445145243 -0.9947595486594194 0
      vertex -3.962588563980653 -0.5321058166980333 0
      vertex -3.962588563980653 -0.5321058166980333 -3.2
    endloop
  endfacet
  facet normal -0.48175367410171505 -0.8763066800438637 0
    outer loop
      vertex -1.7031171662602897 -3.6193082098640783 -16.5
      vertex -1.7031171662602897 -3.6193082098640783 -3.2
      vertex -2.143307179915987 -3.37731170200806 -3.2
    endloop
  endfacet
  facet normal -0.3681245526846778 -0.9297764858882513 0
    outer loop
      vertex -1.7031171662602897 -3.6193082098640783 -16.5
      vertex -1.5049825102141463 -3.6977552697062492 -3.2
      vertex -1.7031171662602897 -3.6193082098640783 -3.2
    endloop
  endfacet
  facet normal -0.36812455268467786 -0.9297764858882515 0
    outer loop
      vertex -1.7031171662602897 -3.6193082098640783 -16.5
      vertex -1.2360679774997896 -3.804226065180614 0
      vertex -1.5049825102141463 -3.6977552697062492 -3.2
    endloop
  endfacet
  facet normal -0.248689887164855 -0.9685831611286311 0
    outer loop
      vertex -1.2360679774997896 -3.804226065180614 -16.5
      vertex -0.7495252583428993 -3.9291490029147544 0
      vertex -1.2360679774997896 -3.804226065180614 0
    endloop
  endfacet
  facet normal -0.12533323356430498 -0.9921147013144778 0
    outer loop
      vertex -0.7495252583428993 -3.9291490029147544 -16.5
      vertex -0.25116207811725505 -3.9921069137130862 0
      vertex -0.7495252583428993 -3.9291490029147544 0
    endloop
  endfacet
  facet normal 0 -1 0
    outer loop
      vertex -0.25116207811725505 -3.9921069137130862 -16.5
      vertex 0.25116207811725505 -3.9921069137130862 0
      vertex -0.25116207811725505 -3.9921069137130862 0
    endloop
  endfacet
  facet normal -0.3681245526846778 -0.9297764858882515 0
    outer loop
      vertex -1.2360679774997896 -3.804226065180614 0
      vertex -1.5049825102141463 -3.6977552697062492 0
      vertex -1.5049825102141463 -3.6977552697062492 -3.2
    endloop
  endfacet
  facet normal 0 0 1
    outer loop
      vertex -1.2360679774997896 -3.804226065180614 0
      vertex -0.7495252583428993 -3.9291490029147544 0
      vertex -1.5049825102141463 -3.6977552697062492 0
    endloop
  endfacet
  facet normal 0 0 1
    outer loop
      vertex -0.7495252583428993 -3.9291490029147544 0
      vertex -0.25116207811725505 -3.9921069137130862 0
      vertex -1.5049825102141463 -3.6977552697062492 0
    endloop
  endfacet
  facet normal 0 0 1
    outer loop
      vertex -0.25116207811725505 -3.9921069137130862 0
      vertex 0.25116207811725505 -3.9921069137130862 0
      vertex -1.5049825102141463 -3.6977552697062492 0
    endloop
  endfacet
  facet normal 0 0 1
    outer loop
      vertex 0.25116207811725505 -3.9921069137130862 0
      vertex 0.7495252583428993 -3.9291490029147544 0
      vertex -1.5049825102141463 -3.6977552697062492 0
    endloop
  endfacet
  facet normal 0 0 -1
    outer loop
      vertex -3.9684588052579115 -0.5013329342572163 -16.5
      vertex -4 0 -16.5
      vertex -3.9684588052579115 0.5013329342572163 -16.5
    endloop
  endfacet
  facet normal 0 0 -1
    outer loop
      vertex -3.9684588052579115 -0.5013329342572163 -16.5
      vertex -3.9684588052579115 0.5013329342572163 -16.5
      vertex -3.8743326445145243 0.9947595486594194 -16.5
    endloop
  endfacet
  facet normal 0 0 -1
    outer loop
      vertex -3.8743326445145243 -0.9947595486594194 -16.5
      vertex -3.8743326445145243 0.9947595486594194 -16.5
      vertex -3.719105943553006 1.4724982107387115 -16.5
    endloop
  endfacet
  facet normal 0 0 -1
    outer loop
      vertex -3.719105943553006 -1.4724982107387115 -16.5
      vertex -3.719105943553006 1.4724982107387115 -16.5
      vertex -3.505226720175454 1.9270146964068615 -16.5
    endloop
  endfacet
  facet normal 0 0 -1
    outer loop
      vertex -3.505226720175454 -1.9270146964068615 -16.5
      vertex -3.505226720175454 1.9270146964068615 -16.5
      vertex -3.23606797749979 2.3511410091698925 -16.5
    endloop
  endfacet
  facet normal 0 0 -1
    outer loop
      vertex -3.23606797749979 -2.3511410091698925 -16.5
      vertex -3.23606797749979 2.3511410091698925 -16.5
      vertex -2.9158745096856467 2.738188423714754 -16.5
    endloop
  endfacet
  facet normal 0 0 -1
    outer loop
      vertex -2.5496959589947585 -3.0820529711031575 -16.5
      vertex -2.143307179915987 3.37731170200806 -16.5
      vertex -2.25 0 -16.5
    endloop
  endfacet
  facet normal 0 0 -1
    outer loop
      vertex -2.9158745096856467 -2.738188423714754 -16.5
      vertex -2.9158745096856467 2.738188423714754 -16.5
      vertex -2.5496959589947585 3.0820529711031575 -16.5
    endloop
  endfacet
  facet normal 0 0 -1
    outer loop
      vertex -2.5496959589947585 -3.0820529711031575 -16.5
      vertex -2.5496959589947585 3.0820529711031575 -16.5
      vertex -2.143307179915987 3.37731170200806 -16.5
    endloop
  endfacet
  facet normal 0 0 -1
    outer loop
      vertex -2.143307179915987 3.37731170200806 -16.5
      vertex -2.2322580779575754 0.28199977551968414 -16.5
      vertex -2.25 0 -16.5
    endloop
  endfacet
  facet normal 0 0 -1
    outer loop
      vertex -2.143307179915987 3.37731170200806 -16.5
      vertex -2.17931211253942 0.5595522461209235 -16.5
      vertex -2.2322580779575754 0.28199977551968414 -16.5
    endloop
  endfacet
  facet normal 0 0 -1
    outer loop
      vertex -2.143307179915987 3.37731170200806 -16.5
      vertex -2.091997093248566 0.8282802435405252 -16.5
      vertex -2.17931211253942 0.5595522461209235 -16.5
    endloop
  endfacet
  facet normal 0 0 -1
    outer loop
      vertex -2.143307179915987 3.37731170200806 -16.5
      vertex -1.9716900300986928 1.0839457667288597 -16.5
      vertex -2.091997093248566 0.8282802435405252 -16.5
    endloop
  endfacet
  facet normal -0.9980267284282716 0.06279051952931311 0
    outer loop
      vertex -4 0 -16.5
      vertex -3.9684588052579115 0.5013329342572163 -3.2
      vertex -3.9684588052579115 0.5013329342572163 -16.5
    endloop
  endfacet
  facet normal -0.9822872507286887 0.18738131458572496 0
    outer loop
      vertex -3.9684588052579115 0.5013329342572163 -16.5
      vertex -3.8743326445145243 0.9947595486594194 0
      vertex -3.8743326445145243 0.9947595486594194 -16.5
    endloop
  endfacet
  facet normal -0.9510565162951536 0.3090169943749471 0
    outer loop
      vertex -3.8743326445145243 0.9947595486594194 -16.5
      vertex -3.719105943553006 1.4724982107387115 0
      vertex -3.719105943553006 1.4724982107387115 -16.5
    endloop
  endfacet
  facet normal -0.9048270524660195 0.42577929156507316 0
    outer loop
      vertex -3.719105943553006 1.4724982107387115 -16.5
      vertex -3.505226720175454 1.9270146964068615 0
      vertex -3.505226720175454 1.9270146964068615 -16.5
    endloop
  endfacet
  facet normal -0.8443279255020154 0.5358267949789962 0
    outer loop
      vertex -3.505226720175454 1.9270146964068615 -16.5
      vertex -3.23606797749979 2.3511410091698925 0
      vertex -3.23606797749979 2.3511410091698925 -16.5
    endloop
  endfacet
  facet normal -0.7705132427757891 0.6374239897486899 0
    outer loop
      vertex -3.23606797749979 2.3511410091698925 -16.5
      vertex -2.9158745096856467 2.738188423714754 0
      vertex -2.9158745096856467 2.738188423714754 -16.5
    endloop
  endfacet
  facet normal -0.684547105928689 0.728968627421411 0
    outer loop
      vertex -2.9158745096856467 2.738188423714754 -16.5
      vertex -2.9158745096856467 2.738188423714754 0
      vertex -2.5496959589947585 3.0820529711031575 -16.5
    endloop
  endfacet
  facet normal -0.5877852522924726 0.8090169943749477 0
    outer loop
      vertex -2.5496959589947585 3.0820529711031575 -16.5
      vertex -2.5496959589947585 3.0820529711031575 0
      vertex -2.143307179915987 3.37731170200806 -16.5
    endloop
  endfacet
  facet normal 0 0 -1
    outer loop
      vertex -1.7031171662602909 3.619308209864078 -16.5
      vertex -1.8202882373436318 1.3225168176580646 -16.5
      vertex -1.9716900300986928 1.0839457667288597 -16.5
    endloop
  endfacet
  facet normal 0 0 -1
    outer loop
      vertex -1.7031171662602909 3.619308209864078 -16.5
      vertex -1.6401794116981763 1.540230988339549 -16.5
      vertex -1.8202882373436318 1.3225168176580646 -16.5
    endloop
  endfacet
  facet normal 0 0 -1
    outer loop
      vertex -1.7031171662602909 3.619308209864078 -16.5
      vertex -1.4342039769345516 1.733654796245526 -16.5
      vertex -1.6401794116981763 1.540230988339549 -16.5
    endloop
  endfacet
  facet normal 0 0 -1
    outer loop
      vertex -2.143307179915987 3.37731170200806 -16.5
      vertex -1.7031171662602909 3.619308209864078 -16.5
      vertex -1.9716900300986928 1.0839457667288597 -16.5
    endloop
  endfacet
  facet normal 0 0 -1
    outer loop
      vertex -1.2360679774997896 3.804226065180614 -16.5
      vertex -1.2056102887027427 1.8997378323795338 -16.5
      vertex -1.4342039769345516 1.733654796245526 -16.5
    endloop
  endfacet
  facet normal 0 0 -1
    outer loop
      vertex -1.2360679774997896 3.804226065180614 -16.5
      vertex -0.9580034060214137 2.0358608680485437 -16.5
      vertex -1.2056102887027427 1.8997378323795338 -16.5
    endloop
  endfacet
  facet normal 0 0 -1
    outer loop
      vertex -1.7031171662602909 3.619308209864078 -16.5
      vertex -1.2360679774997896 3.804226065180614 -16.5
      vertex -1.4342039769345516 1.733654796245526 -16.5
    endloop
  endfacet
  facet normal 0 0 -1
    outer loop
      vertex -0.7495252583428983 3.929149002914755 -16.5
      vertex -0.6952882373436317 2.1398771616640953 -16.5
      vertex -0.9580034060214137 2.0358608680485437 -16.5
    endloop
  endfacet
  facet normal 0 0 -1
    outer loop
      vertex -0.7495252583428983 3.929149002914755 -16.5
      vertex -0.4216079578178803 2.2101463141395494 -16.5
      vertex -0.6952882373436317 2.1398771616640953 -16.5
    endloop
  endfacet
  facet normal 0 0 -1
    outer loop
      vertex -0.2511620781172531 3.9921069137130862 -16.5
      vertex -0.14127866894095487 2.245560138963611 -16.5
      vertex -0.4216079578178803 2.2101463141395494 -16.5
    endloop
  endfacet
  facet normal 0 0 -1
    outer loop
      vertex -1.2360679774997896 3.804226065180614 -16.5
      vertex -0.7495252583428983 3.929149002914755 -16.5
      vertex -0.9580034060214137 2.0358608680485437 -16.5
    endloop
  endfacet
  facet normal 0 0 -1
    outer loop
      vertex -0.7495252583428983 3.929149002914755 -16.5
      vertex -0.2511620781172531 3.9921069137130862 -16.5
      vertex -0.4216079578178803 2.2101463141395494 -16.5
    endloop
  endfacet
  facet normal 0 0 -1
    outer loop
      vertex -0.2511620781172531 3.9921069137130862 -16.5
      vertex 0.2511620781172531 3.9921069137130862 -16.5
      vertex -0.14127866894095487 2.245560138963611 -16.5
    endloop
  endfacet
  facet normal -0.48175367410171527 0.8763066800438636 0
    outer loop
      vertex -2.143307179915987 3.37731170200806 -16.5
      vertex -1.7031171662602909 3.619308209864078 -3.2
      vertex -1.7031171662602909 3.619308209864078 -16.5
    endloop
  endfacet
  facet normal -0.36812455268467786 0.9297764858882515 -1.0386148857927416e-18
    outer loop
      vertex -1.7031171662602909 3.619308209864078 -16.5
      vertex -1.5049825102141463 3.6977552697062492 -3.2
      vertex -1.2360679774997896 3.804226065180614 -16.5
    endloop
  endfacet
  facet normal -0.24868988716485532 0.9685831611286309 0
    outer loop
      vertex -1.2360679774997896 3.804226065180614 -16.5
      vertex -1.2360679774997896 3.804226065180614 0
      vertex -0.7495252583428983 3.929149002914755 -16.5
    endloop
  endfacet
  facet normal -0.12533323356430387 0.992114701314478 0
    outer loop
      vertex -0.7495252583428983 3.929149002914755 -16.5
      vertex -0.7495252583428983 3.929149002914755 0
      vertex -0.2511620781172531 3.9921069137130862 -16.5
    endloop
  endfacet
  facet normal 0 1 0
    outer loop
      vertex -0.2511620781172531 3.9921069137130862 -16.5
      vertex -0.2511620781172531 3.9921069137130862 0
      vertex 0.2511620781172531 3.9921069137130862 -16.5
    endloop
  endfacet
  facet normal -0.9980267284282716 0.06279051952931311 0
    outer loop
      vertex -4 0 -16.5
      vertex -4 0 -3.2
      vertex -3.9684588052579115 0.5013329342572163 -3.2
    endloop
  endfacet
  facet normal -0.9822872507286887 0.18738131458572477 0
    outer loop
      vertex -3.9684588052579115 0.5013329342572163 -16.5
      vertex -3.9684588052579115 0.5013329342572163 -3.2
      vertex -3.962588563980653 0.5321058166980333 -3.2
    endloop
  endfacet
  facet normal -0.9822872507286886 0.187381314585725 -4.2214211739220896e-19
    outer loop
      vertex -3.9684588052579115 0.5013329342572163 -16.5
      vertex -3.962588563980653 0.5321058166980333 -3.2
      vertex -3.8743326445145243 0.9947595486594194 0
    endloop
  endfacet
  facet normal -0.9510565162951536 0.3090169943749471 0
    outer loop
      vertex -3.8743326445145243 0.9947595486594194 -16.5
      vertex -3.8743326445145243 0.9947595486594194 0
      vertex -3.719105943553006 1.4724982107387115 0
    endloop
  endfacet
  facet normal -0.9048270524660195 0.42577929156507316 0
    outer loop
      vertex -3.719105943553006 1.4724982107387115 -16.5
      vertex -3.719105943553006 1.4724982107387115 0
      vertex -3.505226720175454 1.9270146964068615 0
    endloop
  endfacet
  facet normal -0.9822872507286886 0.18738131458572496 0
    outer loop
      vertex -3.8743326445145243 0.9947595486594194 0
      vertex -3.962588563980653 0.5321058166980333 -3.2
      vertex -3.962588563980653 0.5321058166980333 0
    endloop
  endfacet
  facet normal 0 0 1
    outer loop
      vertex -3.8743326445145243 0.9947595486594194 0
      vertex -3.962588563980653 0.5321058166980333 0
      vertex -2.447513437051213 3.1562929189139846 0
    endloop
  endfacet
  facet normal 0 0 1
    outer loop
      vertex -3.8743326445145243 0.9947595486594194 0
      vertex -2.447513437051213 3.1562929189139846 0
      vertex -3.719105943553006 1.4724982107387115 0
    endloop
  endfacet
  facet normal -0.8443279255020154 0.5358267949789962 0
    outer loop
      vertex -3.505226720175454 1.9270146964068615 -16.5
      vertex -3.505226720175454 1.9270146964068615 0
      vertex -3.23606797749979 2.3511410091698925 0
    endloop
  endfacet
  facet normal -0.7705132427757891 0.6374239897486899 0
    outer loop
      vertex -3.23606797749979 2.3511410091698925 -16.5
      vertex -3.23606797749979 2.3511410091698925 0
      vertex -2.9158745096856467 2.738188423714754 0
    endloop
  endfacet
  facet normal -0.684547105928689 0.728968627421411 0
    outer loop
      vertex -2.5496959589947585 3.0820529711031575 -16.5
      vertex -2.9158745096856467 2.738188423714754 0
      vertex -2.5496959589947585 3.0820529711031575 0
    endloop
  endfacet
  facet normal -0.5877852522924724 0.8090169943749481 0
    outer loop
      vertex -2.143307179915987 3.37731170200806 -16.5
      vertex -2.447513437051213 3.1562929189139846 -3.2
      vertex -2.143307179915987 3.37731170200806 -3.2
    endloop
  endfacet
  facet normal -0.5877852522924772 0.8090169943749446 -1.7471439828995607e-16
    outer loop
      vertex -2.143307179915987 3.37731170200806 -16.5
      vertex -2.5496959589947585 3.0820529711031575 0
      vertex -2.447513437051213 3.1562929189139846 -3.2
    endloop
  endfacet
  facet normal 0 0 1
    outer loop
      vertex -3.719105943553006 1.4724982107387115 0
      vertex -2.447513437051213 3.1562929189139846 0
      vertex -3.505226720175454 1.9270146964068615 0
    endloop
  endfacet
  facet normal 0 0 1
    outer loop
      vertex -3.505226720175454 1.9270146964068615 0
      vertex -2.447513437051213 3.1562929189139846 0
      vertex -3.23606797749979 2.3511410091698925 0
    endloop
  endfacet
  facet normal 0 0 1
    outer loop
      vertex -3.23606797749979 2.3511410091698925 0
      vertex -2.447513437051213 3.1562929189139846 0
      vertex -2.9158745096856467 2.738188423714754 0
    endloop
  endfacet
  facet normal 0 0 1
    outer loop
      vertex -2.9158745096856467 2.738188423714754 0
      vertex -2.447513437051213 3.1562929189139846 0
      vertex -2.5496959589947585 3.0820529711031575 0
    endloop
  endfacet
  facet normal -0.5877852522924738 0.8090169943749469 0
    outer loop
      vertex -2.5496959589947585 3.0820529711031575 0
      vertex -2.447513437051213 3.1562929189139846 0
      vertex -2.447513437051213 3.1562929189139846 -3.2
    endloop
  endfacet
  facet normal -0.48175367410171527 0.8763066800438636 0
    outer loop
      vertex -2.143307179915987 3.37731170200806 -16.5
      vertex -2.143307179915987 3.37731170200806 -3.2
      vertex -1.7031171662602909 3.619308209864078 -3.2
    endloop
  endfacet
  facet normal -0.3681245526846778 0.9297764858882515 0
    outer loop
      vertex -1.7031171662602909 3.619308209864078 -16.5
      vertex -1.7031171662602909 3.619308209864078 -3.2
      vertex -1.5049825102141463 3.6977552697062492 -3.2
    endloop
  endfacet
  facet normal -0.368124552684678 0.9297764858882515 0
    outer loop
      vertex -1.2360679774997896 3.804226065180614 -16.5
      vertex -1.5049825102141463 3.6977552697062492 -3.2
      vertex -1.5049825102141463 3.6977552697062492 0
    endloop
  endfacet
  facet normal -0.3681245526846778 0.9297764858882513 0
    outer loop
      vertex -1.2360679774997896 3.804226065180614 -16.5
      vertex -1.5049825102141463 3.6977552697062492 0
      vertex -1.2360679774997896 3.804226065180614 0
    endloop
  endfacet
  facet normal -0.24868988716485532 0.9685831611286309 0
    outer loop
      vertex -0.7495252583428983 3.929149002914755 -16.5
      vertex -1.2360679774997896 3.804226065180614 0
      vertex -0.7495252583428983 3.929149002914755 0
    endloop
  endfacet
  facet normal -0.12533323356430387 0.992114701314478 0
    outer loop
      vertex -0.2511620781172531 3.9921069137130862 -16.5
      vertex -0.7495252583428983 3.929149002914755 0
      vertex -0.2511620781172531 3.9921069137130862 0
    endloop
  endfacet
  facet normal 0 0 1
    outer loop
      vertex -1.2360679774997896 3.804226065180614 0
      vertex -1.5049825102141463 3.6977552697062492 0
      vertex 1.5049825102141463 3.6977552697062492 0
    endloop
  endfacet
  facet normal 0 0 1
    outer loop
      vertex -1.2360679774997896 3.804226065180614 0
      vertex 1.5049825102141463 3.6977552697062492 0
      vertex -0.7495252583428983 3.929149002914755 0
    endloop
  endfacet
  facet normal 0 0 -1
    outer loop
      vertex -0.25116207811725505 -3.9921069137130862 -16.5
      vertex 0.14127866894095598 -2.245560138963611 -16.5
      vertex 0.25116207811725505 -3.9921069137130862 -16.5
    endloop
  endfacet
  facet normal 0 0 -1
    outer loop
      vertex 0.25116207811725505 -3.9921069137130862 -16.5
      vertex 0.42160795781788085 -2.2101463141395494 -16.5
      vertex 0.7495252583428993 -3.9291490029147544 -16.5
    endloop
  endfacet
  facet normal 0 0 -1
    outer loop
      vertex 0.7495252583428993 -3.9291490029147544 -16.5
      vertex 0.958003406021413 -2.035860868048544 -16.5
      vertex 1.2360679774997896 -3.804226065180614 -16.5
    endloop
  endfacet
  facet normal 0 0 -1
    outer loop
      vertex 0.25116207811725505 -3.9921069137130862 -16.5
      vertex 0.14127866894095598 -2.245560138963611 -16.5
      vertex 0.42160795781788085 -2.2101463141395494 -16.5
    endloop
  endfacet
  facet normal 0 0 -1
    outer loop
      vertex 0.7495252583428993 -3.9291490029147544 -16.5
      vertex 0.42160795781788085 -2.2101463141395494 -16.5
      vertex 0.6952882373436317 -2.1398771616640953 -16.5
    endloop
  endfacet
  facet normal 0 0 -1
    outer loop
      vertex 0.7495252583428993 -3.9291490029147544 -16.5
      vertex 0.6952882373436317 -2.1398771616640953 -16.5
      vertex 0.958003406021413 -2.035860868048544 -16.5
    endloop
  endfacet
  facet normal 0 0 -1
    outer loop
      vertex 1.2360679774997896 -3.804226065180614 -16.5
      vertex 1.4342039769345525 -1.7336547962455253 -16.5
      vertex 1.7031171662602897 -3.6193082098640783 -16.5
    endloop
  endfacet
  facet normal 0 0 -1
    outer loop
      vertex 1.2360679774997896 -3.804226065180614 -16.5
      vertex 0.958003406021413 -2.035860868048544 -16.5
      vertex 1.2056102887027416 -1.8997378323795344 -16.5
    endloop
  endfacet
  facet normal 0 0 -1
    outer loop
      vertex 1.2360679774997896 -3.804226065180614 -16.5
      vertex 1.2056102887027416 -1.8997378323795344 -16.5
      vertex 1.4342039769345525 -1.7336547962455253 -16.5
    endloop
  endfacet
  facet normal 0 0 -1
    outer loop
      vertex 1.7031171662602897 -3.6193082098640783 -16.5
      vertex 1.9716900300986928 -1.0839457667288597 -16.5
      vertex 2.143307179915985 -3.377311702008061 -16.5
    endloop
  endfacet
  facet normal 0 0 -1
    outer loop
      vertex 1.7031171662602897 -3.6193082098640783 -16.5
      vertex 1.4342039769345525 -1.7336547962455253 -16.5
      vertex 1.6401794116981763 -1.540230988339549 -16.5
    endloop
  endfacet
  facet normal 0 0 -1
    outer loop
      vertex 1.7031171662602897 -3.6193082098640783 -16.5
      vertex 1.6401794116981763 -1.540230988339549 -16.5
      vertex 1.8202882373436318 -1.3225168176580646 -16.5
    endloop
  endfacet
  facet normal 0 0 -1
    outer loop
      vertex 1.7031171662602897 -3.6193082098640783 -16.5
      vertex 1.8202882373436318 -1.3225168176580646 -16.5
      vertex 1.9716900300986928 -1.0839457667288597 -16.5
    endloop
  endfacet
  facet normal 0 -1 0
    outer loop
      vertex -0.25116207811725505 -3.9921069137130862 -16.5
      vertex 0.25116207811725505 -3.9921069137130862 -16.5
      vertex 0.25116207811725505 -3.9921069137130862 0
    endloop
  endfacet
  facet normal 0.12533323356430498 -0.9921147013144778 0
    outer loop
      vertex 0.25116207811725505 -3.9921069137130862 -16.5
      vertex 0.7495252583428993 -3.9291490029147544 -16.5
      vertex 0.7495252583428993 -3.9291490029147544 0
    endloop
  endfacet
  facet normal 0.36812455268467786 -0.9297764858882515 0
    outer loop
      vertex 1.2360679774997896 -3.804226065180614 -16.5
      vertex 1.7031171662602897 -3.6193082098640783 -16.5
      vertex 1.5049825102141463 -3.6977552697062492 -3.2
    endloop
  endfacet
  facet normal 0.248689887164855 -0.9685831611286311 0
    outer loop
      vertex 0.7495252583428993 -3.9291490029147544 -16.5
      vertex 1.2360679774997896 -3.804226065180614 -16.5
      vertex 1.2360679774997896 -3.804226065180614 0
    endloop
  endfacet
  facet normal 0.4817536741017149 -0.8763066800438638 0
    outer loop
      vertex 1.7031171662602897 -3.6193082098640783 -16.5
      vertex 2.143307179915985 -3.377311702008061 -16.5
      vertex 1.7031171662602897 -3.6193082098640783 -3.2
    endloop
  endfacet
  facet normal 0.5877852522924728 -0.8090169943749477 0
    outer loop
      vertex 2.143307179915985 -3.377311702008061 -16.5
      vertex 2.54969595899476 -3.082052971103156 -16.5
      vertex 2.54969595899476 -3.082052971103156 0
    endloop
  endfacet
  facet normal 0.6845471059286891 -0.7289686274214112 0
    outer loop
      vertex 2.54969595899476 -3.082052971103156 -16.5
      vertex 2.9158745096856467 -2.738188423714754 -16.5
      vertex 2.9158745096856467 -2.738188423714754 0
    endloop
  endfacet
  facet normal 0.7705132427757891 -0.6374239897486899 0
    outer loop
      vertex 2.9158745096856467 -2.738188423714754 -16.5
      vertex 3.23606797749979 -2.3511410091698925 -16.5
      vertex 2.9158745096856467 -2.738188423714754 0
    endloop
  endfacet
  facet normal 0.8443279255020154 -0.5358267949789962 0
    outer loop
      vertex 3.23606797749979 -2.3511410091698925 -16.5
      vertex 3.505226720175454 -1.9270146964068615 -16.5
      vertex 3.23606797749979 -2.3511410091698925 0
    endloop
  endfacet
  facet normal 0 0 -1
    outer loop
      vertex 2.143307179915985 -3.377311702008061 -16.5
      vertex 1.9716900300986928 -1.0839457667288597 -16.5
      vertex 2.0919970932485654 -0.8282802435405263 -16.5
    endloop
  endfacet
  facet normal 0 0 -1
    outer loop
      vertex 2.143307179915985 -3.377311702008061 -16.5
      vertex 2.0919970932485654 -0.8282802435405263 -16.5
      vertex 2.1793121125394204 -0.5595522461209225 -16.5
    endloop
  endfacet
  facet normal 0 0 -1
    outer loop
      vertex 2.143307179915985 -3.377311702008061 -16.5
      vertex 2.1793121125394204 -0.5595522461209225 -16.5
      vertex 2.2322580779575754 -0.28199977551968414 -16.5
    endloop
  endfacet
  facet normal 0 0 -1
    outer loop
      vertex 2.143307179915985 -3.377311702008061 -16.5
      vertex 2.2322580779575754 -0.28199977551968414 -16.5
      vertex 2.25 0 -16.5
    endloop
  endfacet
  facet normal 0 0 -1
    outer loop
      vertex 2.143307179915985 -3.377311702008061 -16.5
      vertex 2.549695958994759 3.0820529711031566 -16.5
      vertex 2.54969595899476 -3.082052971103156 -16.5
    endloop
  endfacet
  facet normal 0 0 -1
    outer loop
      vertex 2.54969595899476 -3.082052971103156 -16.5
      vertex 2.915874509685646 2.738188423714755 -16.5
      vertex 2.9158745096856467 -2.738188423714754 -16.5
    endloop
  endfacet
  facet normal 0 0 -1
    outer loop
      vertex 2.143307179915985 -3.377311702008061 -16.5
      vertex 2.25 0 -16.5
      vertex 2.549695958994759 3.0820529711031566 -16.5
    endloop
  endfacet
  facet normal 0 0 -1
    outer loop
      vertex 2.9158745096856467 -2.738188423714754 -16.5
      vertex 3.23606797749979 2.3511410091698925 -16.5
      vertex 3.23606797749979 -2.3511410091698925 -16.5
    endloop
  endfacet
  facet normal 0 0 -1
    outer loop
      vertex 3.23606797749979 -2.3511410091698925 -16.5
      vertex 3.5052267201754543 1.9270146964068613 -16.5
      vertex 3.505226720175454 -1.9270146964068615 -16.5
    endloop
  endfacet
  facet normal 0 0 -1
    outer loop
      vertex 3.505226720175454 -1.9270146964068615 -16.5
      vertex 3.7191059435530054 1.472498210738712 -16.5
      vertex 3.719105943553005 -1.4724982107387135 -16.5
    endloop
  endfacet
  facet normal 0 0 -1
    outer loop
      vertex 3.719105943553005 -1.4724982107387135 -16.5
      vertex 3.8743326445145243 0.9947595486594192 -16.5
      vertex 3.8743326445145247 -0.9947595486594177 -16.5
    endloop
  endfacet
  facet normal 0 0 -1
    outer loop
      vertex 3.8743326445145247 -0.9947595486594177 -16.5
      vertex 3.9684588052579115 0.501332934257217 -16.5
      vertex 3.9684588052579115 -0.5013329342572163 -16.5
    endloop
  endfacet
  facet normal 0.9048270524660192 -0.42577929156507327 0
    outer loop
      vertex 3.505226720175454 -1.9270146964068615 -16.5
      vertex 3.719105943553005 -1.4724982107387135 -16.5
      vertex 3.505226720175454 -1.9270146964068615 0
    endloop
  endfacet
  facet normal 0.9510565162951536 -0.3090169943749474 0
    outer loop
      vertex 3.719105943553005 -1.4724982107387135 -16.5
      vertex 3.8743326445145247 -0.9947595486594177 -16.5
      vertex 3.719105943553005 -1.4724982107387135 0
    endloop
  endfacet
  facet normal 0.9822872507286886 -0.18738131458572468 0
    outer loop
      vertex 3.8743326445145247 -0.9947595486594177 -16.5
      vertex 3.9684588052579115 -0.5013329342572163 -16.5
      vertex 3.8743326445145247 -0.9947595486594177 0
    endloop
  endfacet
  facet normal 0.9980267284282716 -0.06279051952931311 0
    outer loop
      vertex 3.9684588052579115 -0.5013329342572163 -16.5
      vertex 4 0 -16.5
      vertex 3.9684588052579115 -0.5013329342572163 -3.2
    endloop
  endfacet
  facet normal 0.12533323356430498 -0.9921147013144778 0
    outer loop
      vertex 0.25116207811725505 -3.9921069137130862 -16.5
      vertex 0.7495252583428993 -3.9291490029147544 0
      vertex 0.25116207811725505 -3.9921069137130862 0
    endloop
  endfacet
  facet normal 0.248689887164855 -0.9685831611286311 0
    outer loop
      vertex 0.7495252583428993 -3.9291490029147544 -16.5
      vertex 1.2360679774997896 -3.804226065180614 0
      vertex 0.7495252583428993 -3.9291490029147544 0
    endloop
  endfacet
  facet normal 0.368124552684678 -0.9297764858882515 0
    outer loop
      vertex 1.2360679774997896 -3.804226065180614 -16.5
      vertex 1.5049825102141463 -3.6977552697062492 -3.2
      vertex 1.5049825102141463 -3.6977552697062492 0
    endloop
  endfacet
  facet normal 0.3681245526846778 -0.9297764858882513 0
    outer loop
      vertex 1.7031171662602897 -3.6193082098640783 -16.5
      vertex 1.7031171662602897 -3.6193082098640783 -3.2
      vertex 1.5049825102141463 -3.6977552697062492 -3.2
    endloop
  endfacet
  facet normal 0.4817536741017149 -0.8763066800438638 0
    outer loop
      vertex 2.143307179915985 -3.377311702008061 -16.5
      vertex 2.143307179915985 -3.377311702008061 -3.2
      vertex 1.7031171662602897 -3.6193082098640783 -3.2
    endloop
  endfacet
  facet normal 0.3681245526846778 -0.9297764858882513 0
    outer loop
      vertex 1.2360679774997896 -3.804226065180614 -16.5
      vertex 1.5049825102141463 -3.6977552697062492 0
      vertex 1.2360679774997896 -3.804226065180614 0
    endloop
  endfacet
  facet normal 0 0 1
    outer loop
      vertex 0.7495252583428993 -3.9291490029147544 0
      vertex 1.2360679774997896 -3.804226065180614 0
      vertex -1.5049825102141463 -3.6977552697062492 0
    endloop
  endfacet
  facet normal 0 0 1
    outer loop
      vertex 1.2360679774997896 -3.804226065180614 0
      vertex 1.5049825102141463 -3.6977552697062492 0
      vertex -1.5049825102141463 -3.6977552697062492 0
    endloop
  endfacet
  facet normal 0.5877852522924734 -0.8090169943749472 0
    outer loop
      vertex 2.143307179915985 -3.377311702008061 -16.5
      vertex 2.447513437051213 -3.1562929189139837 -3.2
      vertex 2.143307179915985 -3.377311702008061 -3.2
    endloop
  endfacet
  facet normal 0.5877852522924654 -0.8090169943749532 2.620715974349296e-16
    outer loop
      vertex 2.143307179915985 -3.377311702008061 -16.5
      vertex 2.54969595899476 -3.082052971103156 0
      vertex 2.447513437051213 -3.1562929189139837 -3.2
    endloop
  endfacet
  facet normal 0.6845471059286891 -0.7289686274214112 0
    outer loop
      vertex 2.54969595899476 -3.082052971103156 -16.5
      vertex 2.9158745096856467 -2.738188423714754 0
      vertex 2.54969595899476 -3.082052971103156 0
    endloop
  endfacet
  facet normal 0.7705132427757891 -0.6374239897486899 0
    outer loop
      vertex 3.23606797749979 -2.3511410091698925 -16.5
      vertex 3.23606797749979 -2.3511410091698925 0
      vertex 2.9158745096856467 -2.738188423714754 0
    endloop
  endfacet
  facet normal 0.8443279255020154 -0.5358267949789962 0
    outer loop
      vertex 3.505226720175454 -1.9270146964068615 -16.5
      vertex 3.505226720175454 -1.9270146964068615 0
      vertex 3.23606797749979 -2.3511410091698925 0
    endloop
  endfacet
  facet normal 0.5877852522924711 -0.8090169943749489 0
    outer loop
      vertex 2.54969595899476 -3.082052971103156 0
      vertex 2.447513437051213 -3.1562929189139837 0
      vertex 2.447513437051213 -3.1562929189139837 -3.2
    endloop
  endfacet
  facet normal 0 0 1
    outer loop
      vertex 2.54969595899476 -3.082052971103156 0
      vertex 2.9158745096856467 -2.738188423714754 0
      vertex 2.447513437051213 -3.1562929189139837 0
    endloop
  endfacet
  facet normal 0 0 1
    outer loop
      vertex 2.9158745096856467 -2.738188423714754 0
      vertex 3.23606797749979 -2.3511410091698925 0
      vertex 2.447513437051213 -3.1562929189139837 0
    endloop
  endfacet
  facet normal 0 0 1
    outer loop
      vertex 3.23606797749979 -2.3511410091698925 0
      vertex 3.505226720175454 -1.9270146964068615 0
      vertex 2.447513437051213 -3.1562929189139837 0
    endloop
  endfacet
  facet normal 0 0 1
    outer loop
      vertex 3.505226720175454 -1.9270146964068615 0
      vertex 3.719105943553005 -1.4724982107387135 0
      vertex 2.447513437051213 -3.1562929189139837 0
    endloop
  endfacet
  facet normal 0.9048270524660192 -0.42577929156507327 0
    outer loop
      vertex 3.719105943553005 -1.4724982107387135 -16.5
      vertex 3.719105943553005 -1.4724982107387135 0
      vertex 3.505226720175454 -1.9270146964068615 0
    endloop
  endfacet
  facet normal 0.9510565162951536 -0.3090169943749474 0
    outer loop
      vertex 3.8743326445145247 -0.9947595486594177 -16.5
      vertex 3.8743326445145247 -0.9947595486594177 0
      vertex 3.719105943553005 -1.4724982107387135 0
    endloop
  endfacet
  facet normal 0.9822872507286887 -0.18738131458572477 0
    outer loop
      vertex 3.9684588052579115 -0.5013329342572163 -16.5
      vertex 3.9684588052579115 -0.5013329342572163 -3.2
      vertex 3.962588563980653 -0.5321058166980333 -3.2
    endloop
  endfacet
  facet normal 0.9822872507286886 -0.1873813145857247 1.4071403913073683e-19
    outer loop
      vertex 3.9684588052579115 -0.5013329342572163 -16.5
      vertex 3.962588563980653 -0.5321058166980333 -3.2
      vertex 3.8743326445145247 -0.9947595486594177 0
    endloop
  endfacet
  facet normal 0.9980267284282716 -0.06279051952931311 0
    outer loop
      vertex 4 0 -16.5
      vertex 4 0 -3.2
      vertex 3.9684588052579115 -0.5013329342572163 -3.2
    endloop
  endfacet
  facet normal 0 0 1
    outer loop
      vertex 3.719105943553005 -1.4724982107387135 0
      vertex 3.8743326445145247 -0.9947595486594177 0
      vertex 2.447513437051213 -3.1562929189139837 0
    endloop
  endfacet
  facet normal 0 0 1
    outer loop
      vertex 3.8743326445145247 -0.9947595486594177 0
      vertex 3.962588563980653 -0.5321058166980333 0
      vertex 2.447513437051213 -3.1562929189139837 0
    endloop
  endfacet
  facet normal 0.9822872507286887 -0.1873813145857247 0
    outer loop
      vertex 3.8743326445145247 -0.9947595486594177 0
      vertex 3.962588563980653 -0.5321058166980333 -3.2
      vertex 3.962588563980653 -0.5321058166980333 0
    endloop
  endfacet
  facet normal 0 0 -1
    outer loop
      vertex 2.1433071799159866 3.3773117020080603 -16.5
      vertex 1.971690030098693 1.0839457667288595 -16.5
      vertex 1.8202882373436318 1.3225168176580646 -16.5
    endloop
  endfacet
  facet normal 0 0 -1
    outer loop
      vertex 0.2511620781172531 3.9921069137130862 -16.5
      vertex 0.14127866894095445 2.245560138963611 -16.5
      vertex -0.14127866894095487 2.245560138963611 -16.5
    endloop
  endfacet
  facet normal 0 0 -1
    outer loop
      vertex 0.7495252583428983 3.929149002914755 -16.5
      vertex 0.4216079578178803 2.2101463141395494 -16.5
      vertex 0.14127866894095445 2.245560138963611 -16.5
    endloop
  endfacet
  facet normal 0 0 -1
    outer loop
      vertex 0.7495252583428983 3.929149002914755 -16.5
      vertex 0.6952882373436317 2.1398771616640953 -16.5
      vertex 0.4216079578178803 2.2101463141395494 -16.5
    endloop
  endfacet
  facet normal 0 0 -1
    outer loop
      vertex 1.2360679774997896 3.804226065180614 -16.5
      vertex 0.9580034060214137 2.0358608680485437 -16.5
      vertex 0.6952882373436317 2.1398771616640953 -16.5
    endloop
  endfacet
  facet normal 0 0 -1
    outer loop
      vertex 0.2511620781172531 3.9921069137130862 -16.5
      vertex 0.7495252583428983 3.929149002914755 -16.5
      vertex 0.14127866894095445 2.245560138963611 -16.5
    endloop
  endfacet
  facet normal 0 0 -1
    outer loop
      vertex 0.7495252583428983 3.929149002914755 -16.5
      vertex 1.2360679774997896 3.804226065180614 -16.5
      vertex 0.6952882373436317 2.1398771616640953 -16.5
    endloop
  endfacet
  facet normal 0 0 -1
    outer loop
      vertex 1.7031171662602909 3.619308209864078 -16.5
      vertex 1.434203976934552 1.7336547962455255 -16.5
      vertex 1.2056102887027424 1.899737832379534 -16.5
    endloop
  endfacet
  facet normal 0 0 -1
    outer loop
      vertex 1.2360679774997896 3.804226065180614 -16.5
      vertex 1.2056102887027424 1.899737832379534 -16.5
      vertex 0.9580034060214137 2.0358608680485437 -16.5
    endloop
  endfacet
  facet normal 0 0 -1
    outer loop
      vertex 1.7031171662602909 3.619308209864078 -16.5
      vertex 1.640179411698176 1.5402309883395495 -16.5
      vertex 1.434203976934552 1.7336547962455255 -16.5
    endloop
  endfacet
  facet normal 0 0 -1
    outer loop
      vertex 2.1433071799159866 3.3773117020080603 -16.5
      vertex 1.8202882373436318 1.3225168176580646 -16.5
      vertex 1.640179411698176 1.5402309883395495 -16.5
    endloop
  endfacet
  facet normal 0 0 -1
    outer loop
      vertex 1.7031171662602909 3.619308209864078 -16.5
      vertex 2.1433071799159866 3.3773117020080603 -16.5
      vertex 1.640179411698176 1.5402309883395495 -16.5
    endloop
  endfacet
  facet normal 0 0 -1
    outer loop
      vertex 1.2360679774997896 3.804226065180614 -16.5
      vertex 1.7031171662602909 3.619308209864078 -16.5
      vertex 1.2056102887027424 1.899737832379534 -16.5
    endloop
  endfacet
  facet normal 0.12533323356430387 0.992114701314478 0
    outer loop
      vertex 0.2511620781172531 3.9921069137130862 -16.5
      vertex 0.2511620781172531 3.9921069137130862 0
      vertex 0.7495252583428983 3.929149002914755 -16.5
    endloop
  endfacet
  facet normal 0.24868988716485532 0.9685831611286309 0
    outer loop
      vertex 0.7495252583428983 3.929149002914755 -16.5
      vertex 0.7495252583428983 3.929149002914755 0
      vertex 1.2360679774997896 3.804226065180614 -16.5
    endloop
  endfacet
  facet normal 0.3681245526846778 0.9297764858882513 0
    outer loop
      vertex 1.2360679774997896 3.804226065180614 -16.5
      vertex 1.2360679774997896 3.804226065180614 0
      vertex 1.7031171662602909 3.619308209864078 -16.5
    endloop
  endfacet
  facet normal 0.48175367410171505 0.8763066800438638 0
    outer loop
      vertex 1.7031171662602909 3.619308209864078 -16.5
      vertex 2.1433071799159866 3.3773117020080603 -3.2
      vertex 2.1433071799159866 3.3773117020080603 -16.5
    endloop
  endfacet
  facet normal 0 0 -1
    outer loop
      vertex 2.54969595899476 -3.082052971103156 -16.5
      vertex 2.549695958994759 3.0820529711031566 -16.5
      vertex 2.915874509685646 2.738188423714755 -16.5
    endloop
  endfacet
  facet normal 0 0 -1
    outer loop
      vertex 2.549695958994759 3.0820529711031566 -16.5
      vertex 2.25 0 -16.5
      vertex 2.2322580779575754 0.2819997755196846 -16.5
    endloop
  endfacet
  facet normal 0 0 -1
    outer loop
      vertex 2.549695958994759 3.0820529711031566 -16.5
      vertex 2.2322580779575754 0.2819997755196846 -16.5
      vertex 2.17931211253942 0.5595522461209232 -16.5
    endloop
  endfacet
  facet normal 0 0 -1
    outer loop
      vertex 2.549695958994759 3.0820529711031566 -16.5
      vertex 2.17931211253942 0.5595522461209232 -16.5
      vertex 2.0919970932485654 0.8282802435405254 -16.5
    endloop
  endfacet
  facet normal 0 0 -1
    outer loop
      vertex 2.1433071799159866 3.3773117020080603 -16.5
      vertex 2.0919970932485654 0.8282802435405254 -16.5
      vertex 1.971690030098693 1.0839457667288595 -16.5
    endloop
  endfacet
  facet normal 0 0 -1
    outer loop
      vertex 2.9158745096856467 -2.738188423714754 -16.5
      vertex 2.915874509685646 2.738188423714755 -16.5
      vertex 3.23606797749979 2.3511410091698925 -16.5
    endloop
  endfacet
  facet normal 0 0 -1
    outer loop
      vertex 3.23606797749979 -2.3511410091698925 -16.5
      vertex 3.23606797749979 2.3511410091698925 -16.5
      vertex 3.5052267201754543 1.9270146964068613 -16.5
    endloop
  endfacet
  facet normal 0 0 -1
    outer loop
      vertex 3.505226720175454 -1.9270146964068615 -16.5
      vertex 3.5052267201754543 1.9270146964068613 -16.5
      vertex 3.7191059435530054 1.472498210738712 -16.5
    endloop
  endfacet
  facet normal 0 0 -1
    outer loop
      vertex 3.9684588052579115 -0.5013329342572163 -16.5
      vertex 3.9684588052579115 0.501332934257217 -16.5
      vertex 4 0 -16.5
    endloop
  endfacet
  facet normal 0 0 -1
    outer loop
      vertex 3.8743326445145247 -0.9947595486594177 -16.5
      vertex 3.8743326445145243 0.9947595486594192 -16.5
      vertex 3.9684588052579115 0.501332934257217 -16.5
    endloop
  endfacet
  facet normal 0 0 -1
    outer loop
      vertex 3.719105943553005 -1.4724982107387135 -16.5
      vertex 3.7191059435530054 1.472498210738712 -16.5
      vertex 3.8743326445145243 0.9947595486594192 -16.5
    endloop
  endfacet
  facet normal 0.9980267284282716 0.06279051952931301 0
    outer loop
      vertex 4 0 -16.5
      vertex 3.9684588052579115 0.501332934257217 -16.5
      vertex 4 0 -3.2
    endloop
  endfacet
  facet normal 0.9822872507286885 0.18738131458572535 1.4345868110012253e-17
    outer loop
      vertex 3.9684588052579115 0.501332934257217 -16.5
      vertex 3.8743326445145243 0.9947595486594192 -16.5
      vertex 3.962588563980653 0.5321058166980329 -3.2
    endloop
  endfacet
  facet normal 0.9510565162951536 0.3090169943749475 0
    outer loop
      vertex 3.8743326445145243 0.9947595486594192 -16.5
      vertex 3.7191059435530054 1.472498210738712 -16.5
      vertex 3.8743326445145243 0.9947595486594192 0
    endloop
  endfacet
  facet normal 0.9048270524660198 0.42577929156507227 0
    outer loop
      vertex 3.7191059435530054 1.472498210738712 -16.5
      vertex 3.5052267201754543 1.9270146964068613 -16.5
      vertex 3.7191059435530054 1.472498210738712 0
    endloop
  endfacet
  facet normal 0 0 -1
    outer loop
      vertex 2.1433071799159866 3.3773117020080603 -16.5
      vertex 2.549695958994759 3.0820529711031566 -16.5
      vertex 2.0919970932485654 0.8282802435405254 -16.5
    endloop
  endfacet
  facet normal 0.6845471059286881 0.728968627421412 0
    outer loop
      vertex 2.915874509685646 2.738188423714755 -16.5
      vertex 2.549695958994759 3.0820529711031566 -16.5
      vertex 2.549695958994759 3.0820529711031566 0
    endloop
  endfacet
  facet normal 0.5877852522924736 0.8090169943749471 1.6617838172683875e-17
    outer loop
      vertex 2.1433071799159866 3.3773117020080603 -16.5
      vertex 2.447513437051213 3.1562929189139837 -3.2
      vertex 2.549695958994759 3.0820529711031566 -16.5
    endloop
  endfacet
  facet normal 0.7705132427757895 0.6374239897486895 0
    outer loop
      vertex 2.915874509685646 2.738188423714755 -16.5
      vertex 3.23606797749979 2.3511410091698925 0
      vertex 3.23606797749979 2.3511410091698925 -16.5
    endloop
  endfacet
  facet normal 0.8443279255020151 0.5358267949789965 0
    outer loop
      vertex 3.5052267201754543 1.9270146964068613 -16.5
      vertex 3.23606797749979 2.3511410091698925 -16.5
      vertex 3.5052267201754543 1.9270146964068613 0
    endloop
  endfacet
  facet normal 0 1 0
    outer loop
      vertex -0.2511620781172531 3.9921069137130862 0
      vertex 0.2511620781172531 3.9921069137130862 0
      vertex 0.2511620781172531 3.9921069137130862 -16.5
    endloop
  endfacet
  facet normal 0.12533323356430387 0.992114701314478 0
    outer loop
      vertex 0.7495252583428983 3.929149002914755 -16.5
      vertex 0.2511620781172531 3.9921069137130862 0
      vertex 0.7495252583428983 3.929149002914755 0
    endloop
  endfacet
  facet normal 0.3681245526846779 0.9297764858882516 -2.192540147106885e-18
    outer loop
      vertex 1.7031171662602909 3.619308209864078 -16.5
      vertex 1.2360679774997896 3.804226065180614 0
      vertex 1.5049825102141463 3.6977552697062492 -3.2
    endloop
  endfacet
  facet normal 0.3681245526846778 0.9297764858882515 0
    outer loop
      vertex 1.7031171662602909 3.619308209864078 -16.5
      vertex 1.5049825102141463 3.6977552697062492 -3.2
      vertex 1.7031171662602909 3.619308209864078 -3.2
    endloop
  endfacet
  facet normal 0.48175367410171505 0.8763066800438638 0
    outer loop
      vertex 1.7031171662602909 3.619308209864078 -16.5
      vertex 1.7031171662602909 3.619308209864078 -3.2
      vertex 2.1433071799159866 3.3773117020080603 -3.2
    endloop
  endfacet
  facet normal 0.24868988716485532 0.9685831611286309 0
    outer loop
      vertex 1.2360679774997896 3.804226065180614 -16.5
      vertex 0.7495252583428983 3.929149002914755 0
      vertex 1.2360679774997896 3.804226065180614 0
    endloop
  endfacet
  facet normal 0 0 1
    outer loop
      vertex -0.7495252583428983 3.929149002914755 0
      vertex 1.5049825102141463 3.6977552697062492 0
      vertex -0.2511620781172531 3.9921069137130862 0
    endloop
  endfacet
  facet normal 0 0 1
    outer loop
      vertex -0.2511620781172531 3.9921069137130862 0
      vertex 1.5049825102141463 3.6977552697062492 0
      vertex 0.2511620781172531 3.9921069137130862 0
    endloop
  endfacet
  facet normal 0 0 1
    outer loop
      vertex 0.2511620781172531 3.9921069137130862 0
      vertex 1.5049825102141463 3.6977552697062492 0
      vertex 0.7495252583428983 3.929149002914755 0
    endloop
  endfacet
  facet normal 0.3681245526846778 0.9297764858882515 0
    outer loop
      vertex 1.2360679774997896 3.804226065180614 0
      vertex 1.5049825102141463 3.6977552697062492 0
      vertex 1.5049825102141463 3.6977552697062492 -3.2
    endloop
  endfacet
  facet normal 0 0 1
    outer loop
      vertex 0.7495252583428983 3.929149002914755 0
      vertex 1.5049825102141463 3.6977552697062492 0
      vertex 1.2360679774997896 3.804226065180614 0
    endloop
  endfacet
  facet normal 0.9980267284282716 0.06279051952931301 0
    outer loop
      vertex 3.9684588052579115 0.501332934257217 -16.5
      vertex 3.9684588052579115 0.501332934257217 -3.2
      vertex 4 0 -3.2
    endloop
  endfacet
  facet normal 0.9822872507286874 0.1873813145857313 0
    outer loop
      vertex 3.9684588052579115 0.501332934257217 -16.5
      vertex 3.962588563980653 0.5321058166980329 -3.2
      vertex 3.9684588052579115 0.501332934257217 -3.2
    endloop
  endfacet
  facet normal 0.9822872507286886 0.1873813145857249 0
    outer loop
      vertex 3.8743326445145243 0.9947595486594192 -16.5
      vertex 3.8743326445145243 0.9947595486594192 0
      vertex 3.962588563980653 0.5321058166980329 -3.2
    endloop
  endfacet
  facet normal 0.9510565162951536 0.3090169943749475 0
    outer loop
      vertex 3.7191059435530054 1.472498210738712 -16.5
      vertex 3.7191059435530054 1.472498210738712 0
      vertex 3.8743326445145243 0.9947595486594192 0
    endloop
  endfacet
  facet normal 0.9048270524660198 0.42577929156507227 0
    outer loop
      vertex 3.5052267201754543 1.9270146964068613 -16.5
      vertex 3.5052267201754543 1.9270146964068613 0
      vertex 3.7191059435530054 1.472498210738712 0
    endloop
  endfacet
  facet normal 0.9822872507286886 0.1873813145857249 0
    outer loop
      vertex 3.8743326445145243 0.9947595486594192 0
      vertex 3.962588563980653 0.5321058166980329 0
      vertex 3.962588563980653 0.5321058166980329 -3.2
    endloop
  endfacet
  facet normal 0 0 1
    outer loop
      vertex 2.915874509685646 2.738188423714755 0
      vertex 3.962588563980653 0.5321058166980329 0
      vertex 3.23606797749979 2.3511410091698925 0
    endloop
  endfacet
  facet normal 0 0 1
    outer loop
      vertex 3.7191059435530054 1.472498210738712 0
      vertex 3.5052267201754543 1.9270146964068613 0
      vertex 3.962588563980653 0.5321058166980329 0
    endloop
  endfacet
  facet normal 0 0 1
    outer loop
      vertex 3.8743326445145243 0.9947595486594192 0
      vertex 3.7191059435530054 1.472498210738712 0
      vertex 3.962588563980653 0.5321058166980329 0
    endloop
  endfacet
  facet normal 0 0 1
    outer loop
      vertex 3.5052267201754543 1.9270146964068613 0
      vertex 3.23606797749979 2.3511410091698925 0
      vertex 3.962588563980653 0.5321058166980329 0
    endloop
  endfacet
  facet normal 0.6845471059286881 0.728968627421412 0
    outer loop
      vertex 2.915874509685646 2.738188423714755 -16.5
      vertex 2.549695958994759 3.0820529711031566 0
      vertex 2.915874509685646 2.738188423714755 0
    endloop
  endfacet
  facet normal 0.587785252292474 0.8090169943749468 0
    outer loop
      vertex 2.1433071799159866 3.3773117020080603 -16.5
      vertex 2.1433071799159866 3.3773117020080603 -3.2
      vertex 2.447513437051213 3.1562929189139837 -3.2
    endloop
  endfacet
  facet normal 0.5877852522924721 0.809016994374948 0
    outer loop
      vertex 2.549695958994759 3.0820529711031566 -16.5
      vertex 2.447513437051213 3.1562929189139837 -3.2
      vertex 2.447513437051213 3.1562929189139837 0
    endloop
  endfacet
  facet normal 0.5877852522924721 0.809016994374948 0
    outer loop
      vertex 2.549695958994759 3.0820529711031566 -16.5
      vertex 2.447513437051213 3.1562929189139837 0
      vertex 2.549695958994759 3.0820529711031566 0
    endloop
  endfacet
  facet normal 0.8443279255020151 0.5358267949789965 0
    outer loop
      vertex 3.23606797749979 2.3511410091698925 -16.5
      vertex 3.23606797749979 2.3511410091698925 0
      vertex 3.5052267201754543 1.9270146964068613 0
    endloop
  endfacet
  facet normal 0.7705132427757895 0.6374239897486895 0
    outer loop
      vertex 2.915874509685646 2.738188423714755 -16.5
      vertex 2.915874509685646 2.738188423714755 0
      vertex 3.23606797749979 2.3511410091698925 0
    endloop
  endfacet
  facet normal 0 0 1
    outer loop
      vertex 2.549695958994759 3.0820529711031566 0
      vertex 2.447513437051213 3.1562929189139837 0
      vertex 3.962588563980653 0.5321058166980329 0
    endloop
  endfacet
  facet normal 0 0 1
    outer loop
      vertex 2.915874509685646 2.738188423714755 0
      vertex 2.549695958994759 3.0820529711031566 0
      vertex 3.962588563980653 0.5321058166980329 0
    endloop
  endfacet
endsolid OpenSCAD_Model
