solid OpenSCAD_Model
  facet normal 0.8432786359612163 0.5351608955876934 -0.04983932147580127
    outer loop
      vertex -18.142206098858196 -13.181084282658711 -2
      vertex -18.26355864801444 -13.269252070502581 -5
      vertex -19.782623301990217 -10.875589192846224 -5
    endloop
  endfacet
  facet normal 0.6836963841928091 0.7280627007864848 -0.049839321475801106
    outer loop
      vertex -16.347121469925156 -15.35096885045084 -2
      vertex -14.389846568576669 -17.394336455663446 -5
      vertex -16.456466764038368 -15.453650916340143 -5
    endloop
  endfacet
  facet normal 0.7695556865203671 0.636631830321889 -0.04983932147580111
    outer loop
      vertex -16.347121469925156 -15.35096885045084 -2
      vertex -16.456466764038368 -15.453650916340143 -5
      vertex -18.26355864801444 -13.269252070502581 -5
    endloop
  endfacet
  facet normal 0.5870547814661049 0.8080115875361044 -0.049839321475801335
    outer loop
      vertex -14.294232970114365 -17.278759469247078 -2
      vertex -12.096289896650852 -19.060702918207987 -5
      vertex -14.389846568576669 -17.394336455663446 -5
    endloop
  endfacet
  facet normal 0.5870547814661053 0.808011587536104 -0.04983932147580079
    outer loop
      vertex -14.294232970114365 -17.278759469247078 -2
      vertex -12.015915877404003 -18.934053729382686 -2
      vertex -12.096289896650852 -19.060702918207987 -5
    endloop
  endfacet
  facet normal 0.7695556865203671 0.6366318303218889 -0.04983932147580126
    outer loop
      vertex -18.142206098858196 -13.181084282658711 -2
      vertex -16.347121469925156 -15.35096885045084 -2
      vertex -18.26355864801444 -13.269252070502581 -5
    endloop
  endfacet
  facet normal 0.6836963841928088 0.7280627007864849 -0.04983932147580136
    outer loop
      vertex -14.294232970114365 -17.278759469247078 -2
      vertex -14.389846568576669 -17.394336455663446 -5
      vertex -16.347121469925156 -15.35096885045084 -2
    endloop
  endfacet
  facet normal 0.9037025775627163 0.4252501538404591 -0.049839321475800225
    outer loop
      vertex -19.65117729998364 -10.803326141730969 -2
      vertex -19.782623301990217 -10.875589192846224 -5
      vertex -20.989704168927275 -8.310411776856602 -5
    endloop
  endfacet
  facet normal 0.9498745896703011 0.30863296313503014 -0.04983932147580057
    outer loop
      vertex -20.85023769604404 -8.2551930939539 -2
      vertex -20.989704168927275 -8.310411776856602 -5
      vertex -21.865764862478844 -5.614174202746598 -5
    endloop
  endfacet
  facet normal 0.981066512071209 0.18714844623256824 -0.04983932147579991
    outer loop
      vertex -21.720477388309554 -5.57687071967187 -2
      vertex -21.865764862478844 -5.614174202746598 -5
      vertex -22.396989382174336 -2.829397747714164 -5
    endloop
  endfacet
  facet normal 0.996786429516027 0.06271248653595458 -0.04983932147580039
    outer loop
      vertex -22.248172176977167 -2.8105977626795187 -2
      vertex -22.396989382174336 -2.829397747714164 -5
      vertex -22.575 0 -5
    endloop
  endfacet
  facet normal 0.949874589670301 0.3086329631350308 -0.049839321475799975
    outer loop
      vertex -20.85023769604404 -8.2551930939539 -2
      vertex -21.865764862478844 -5.614174202746598 -5
      vertex -21.720477388309554 -5.57687071967187 -2
    endloop
  endfacet
  facet normal 0.8432786359612158 0.5351608955876944 -0.04983932147580021
    outer loop
      vertex -18.142206098858196 -13.181084282658711 -2
      vertex -19.782623301990217 -10.875589192846224 -5
      vertex -19.65117729998364 -10.803326141730969 -2
    endloop
  endfacet
  facet normal 0.9037025775627167 0.42525015384045883 -0.049839321475800606
    outer loop
      vertex -20.85023769604404 -8.2551930939539 -2
      vertex -19.65117729998364 -10.803326141730969 -2
      vertex -20.989704168927275 -8.310411776856602 -5
    endloop
  endfacet
  facet normal 0.9810665120712089 0.18714844623256768 -0.049839321475800405
    outer loop
      vertex -21.720477388309554 -5.57687071967187 -2
      vertex -22.396989382174336 -2.829397747714164 -5
      vertex -22.248172176977167 -2.8105977626795187 -2
    endloop
  endfacet
  facet normal 0.996786429516027 0.06271248653595406 -0.04983932147580089
    outer loop
      vertex -22.248172176977167 -2.8105977626795187 -2
      vertex -22.575 0 -5
      vertex -22.425 0 -2
    endloop
  endfacet
  facet normal 0.48115497414615493 0.8752176488675516 -0.04983932147580075
    outer loop
      vertex -12.015915877404003 -18.934053729382686 -2
      vertex -9.61196750708151 -20.426470709420393 -5
      vertex -12.096289896650852 -19.060702918207987 -5
    endloop
  endfacet
  facet normal 0.3676670654558688 0.9286210050466777 -0.04983932147580162
    outer loop
      vertex -9.54810061334675 -20.29074665155049 -2
      vertex -6.976058648014437 -21.47010085536309 -5
      vertex -9.61196750708151 -20.426470709420393 -5
    endloop
  endfacet
  facet normal 0.24838082750968737 0.967379453244917 -0.04983932147580082
    outer loop
      vertex -6.929706098858196 -21.327442377918818 -2
      vertex -4.230133176772738 -22.175134685200145 -5
      vertex -6.976058648014437 -21.47010085536309 -5
    endloop
  endfacet
  facet normal 0.12517747553816128 0.9908817495810107 -0.04983932147580162
    outer loop
      vertex -4.202025979584879 -22.02779159759084 -2
      vertex -1.4174959783742582 -22.53045339426823 -5
      vertex -4.230133176772738 -22.175134685200145 -5
    endloop
  endfacet
  facet normal 0.4811549741461541 0.8752176488675519 -0.04983932147580152
    outer loop
      vertex -12.015915877404003 -18.934053729382686 -2
      vertex -9.54810061334675 -20.29074665155049 -2
      vertex -9.61196750708151 -20.426470709420393 -5
    endloop
  endfacet
  facet normal 0.36766706545586963 0.9286210050466774 -0.04983932147580079
    outer loop
      vertex -9.54810061334675 -20.29074665155049 -2
      vertex -6.929706098858196 -21.327442377918818 -2
      vertex -6.976058648014437 -21.47010085536309 -5
    endloop
  endfacet
  facet normal 0.24838082750968646 0.9673794532449171 -0.04983932147580165
    outer loop
      vertex -6.929706098858196 -21.327442377918818 -2
      vertex -4.202025979584879 -22.02779159759084 -2
      vertex -4.230133176772738 -22.175134685200145 -5
    endloop
  endfacet
  facet normal 0.12517747553816275 0.9908817495810105 -0.04983932147580019
    outer loop
      vertex -4.202025979584879 -22.02779159759084 -2
      vertex -1.408077400444861 -22.38074938500399 -2
      vertex -1.4174959783742582 -22.53045339426823 -5
    endloop
  endfacet
  facet normal 0 0.9987572488021461 -0.04983932147580018
    outer loop
      vertex -1.408077400444861 -22.38074938500399 -2
      vertex 1.408077400444861 -22.38074938500399 -2
      vertex -1.4174959783742582 -22.53045339426823 -5
    endloop
  endfacet
  facet normal 0 0 -1
    outer loop
      vertex -21.720477388309554 -5.57687071967187 -2
      vertex -22.248172176977167 -2.8105977626795187 -2
      vertex -22.248172176977167 2.8105977626795187 -2
    endloop
  endfacet
  facet normal 0 0 -1
    outer loop
      vertex -20.85023769604404 -8.2551930939539 -2
      vertex -20.85023769604404 8.2551930939539 -2
      vertex -19.65117729998364 -10.803326141730969 -2
    endloop
  endfacet
  facet normal 0 0 -1
    outer loop
      vertex -18.142206098858196 -13.181084282658711 -2
      vertex -19.65117729998364 -10.803326141730969 -2
      vertex -19.65117729998364 10.803326141730969 -2
    endloop
  endfacet
  facet normal 0 0 -1
    outer loop
      vertex -20.85023769604404 -8.2551930939539 -2
      vertex -21.720477388309554 -5.57687071967187 -2
      vertex -21.720477388309554 5.57687071967187 -2
    endloop
  endfacet
  facet normal 0 0 -1
    outer loop
      vertex -14.294232970114365 -17.278759469247078 -2
      vertex -14.294232970114365 17.278759469247078 -2
      vertex -12.015915877404003 -18.934053729382686 -2
    endloop
  endfacet
  facet normal 0 0 -1
    outer loop
      vertex -18.142206098858196 -13.181084282658711 -2
      vertex -18.142206098858196 13.181084282658711 -2
      vertex -16.347121469925156 -15.35096885045084 -2
    endloop
  endfacet
  facet normal 0 0 -1
    outer loop
      vertex -14.294232970114365 -17.278759469247078 -2
      vertex -16.347121469925156 -15.35096885045084 -2
      vertex -16.347121469925156 15.35096885045084 -2
    endloop
  endfacet
  facet normal 0 0 -1
    outer loop
      vertex -12.015915877404003 -18.934053729382686 -2
      vertex -12.015915877404003 18.934053729382686 -2
      vertex -9.54810061334675 -20.29074665155049 -2
    endloop
  endfacet
  facet normal 0 0 -1
    outer loop
      vertex -9.54810061334675 -20.29074665155049 -2
      vertex -9.548100613346756 20.29074665155049 -2
      vertex -6.929706098858196 -21.327442377918818 -2
    endloop
  endfacet
  facet normal 0 0 -1
    outer loop
      vertex -6.929706098858196 -21.327442377918818 -2
      vertex -6.929706098858196 21.327442377918818 -2
      vertex -4.202025979584879 -22.02779159759084 -2
    endloop
  endfacet
  facet normal 0 0 -1
    outer loop
      vertex -4.202025979584879 -22.02779159759084 -2
      vertex -4.202025979584874 22.027791597590845 -2
      vertex -1.408077400444861 -22.38074938500399 -2
    endloop
  endfacet
  facet normal 0 0 -1
    outer loop
      vertex -1.408077400444861 -22.38074938500399 -2
      vertex -1.4080774004448502 22.38074938500399 -2
      vertex 1.408077400444861 -22.38074938500399 -2
    endloop
  endfacet
  facet normal 0.996786429516027 -0.06271248653595458 -0.04983932147580039
    outer loop
      vertex -22.248172176977167 2.8105977626795187 -2
      vertex -22.575 0 -5
      vertex -22.396989382174336 2.829397747714164 -5
    endloop
  endfacet
  facet normal 0.981066512071209 -0.18714844623256824 -0.04983932147579991
    outer loop
      vertex -21.720477388309554 5.57687071967187 -2
      vertex -22.396989382174336 2.829397747714164 -5
      vertex -21.865764862478844 5.614174202746598 -5
    endloop
  endfacet
  facet normal 0.9498745896703011 -0.30863296313503014 -0.04983932147580057
    outer loop
      vertex -20.85023769604404 8.2551930939539 -2
      vertex -21.865764862478844 5.614174202746598 -5
      vertex -20.989704168927275 8.310411776856602 -5
    endloop
  endfacet
  facet normal 0.9037025775627163 -0.4252501538404591 -0.049839321475800225
    outer loop
      vertex -19.65117729998364 10.803326141730969 -2
      vertex -20.989704168927275 8.310411776856602 -5
      vertex -19.782623301990217 10.875589192846224 -5
    endloop
  endfacet
  facet normal 0.996786429516027 -0.06271248653595406 -0.049839321475800884
    outer loop
      vertex -22.425 0 -2
      vertex -22.575 0 -5
      vertex -22.248172176977167 2.8105977626795187 -2
    endloop
  endfacet
  facet normal 0.9810665120712089 -0.18714844623256768 -0.04983932147580039
    outer loop
      vertex -22.248172176977167 2.8105977626795187 -2
      vertex -22.396989382174336 2.829397747714164 -5
      vertex -21.720477388309554 5.57687071967187 -2
    endloop
  endfacet
  facet normal 0.949874589670301 -0.3086329631350308 -0.049839321475799954
    outer loop
      vertex -21.720477388309554 5.57687071967187 -2
      vertex -21.865764862478844 5.614174202746598 -5
      vertex -20.85023769604404 8.2551930939539 -2
    endloop
  endfacet
  facet normal 0.9037025775627167 -0.42525015384045883 -0.049839321475800606
    outer loop
      vertex -20.85023769604404 8.2551930939539 -2
      vertex -20.989704168927275 8.310411776856602 -5
      vertex -19.65117729998364 10.803326141730969 -2
    endloop
  endfacet
  facet normal 0.8432786359612158 -0.5351608955876944 -0.049839321475800225
    outer loop
      vertex -19.65117729998364 10.803326141730969 -2
      vertex -19.782623301990217 10.875589192846224 -5
      vertex -18.142206098858196 13.181084282658711 -2
    endloop
  endfacet
  facet normal 0.8432786359612163 -0.5351608955876934 -0.04983932147580127
    outer loop
      vertex -18.142206098858196 13.181084282658711 -2
      vertex -19.782623301990217 10.875589192846224 -5
      vertex -18.26355864801444 13.269252070502581 -5
    endloop
  endfacet
  facet normal 0.7695556865203671 -0.636631830321889 -0.04983932147580111
    outer loop
      vertex -16.347121469925156 15.35096885045084 -2
      vertex -18.26355864801444 13.269252070502581 -5
      vertex -16.456466764038368 15.453650916340143 -5
    endloop
  endfacet
  facet normal 0.6836963841928091 -0.7280627007864848 -0.049839321475801106
    outer loop
      vertex -16.347121469925156 15.35096885045084 -2
      vertex -16.456466764038368 15.453650916340143 -5
      vertex -14.389846568576669 17.394336455663446 -5
    endloop
  endfacet
  facet normal 0.5870547814661049 -0.8080115875361044 -0.049839321475801335
    outer loop
      vertex -14.294232970114365 17.278759469247078 -2
      vertex -14.389846568576669 17.394336455663446 -5
      vertex -12.096289896650852 19.060702918207987 -5
    endloop
  endfacet
  facet normal 0.7695556865203671 -0.6366318303218889 -0.04983932147580126
    outer loop
      vertex -18.142206098858196 13.181084282658711 -2
      vertex -18.26355864801444 13.269252070502581 -5
      vertex -16.347121469925156 15.35096885045084 -2
    endloop
  endfacet
  facet normal 0.6836963841928088 -0.7280627007864849 -0.04983932147580132
    outer loop
      vertex -16.347121469925156 15.35096885045084 -2
      vertex -14.389846568576669 17.394336455663446 -5
      vertex -14.294232970114365 17.278759469247078 -2
    endloop
  endfacet
  facet normal 0.5870547814661053 -0.808011587536104 -0.04983932147580079
    outer loop
      vertex -14.294232970114365 17.278759469247078 -2
      vertex -12.096289896650852 19.060702918207987 -5
      vertex -12.015915877404003 18.934053729382686 -2
    endloop
  endfacet
  facet normal 0.481154974146155 -0.8752176488675515 -0.049839321475800745
    outer loop
      vertex -12.015915877404003 18.934053729382686 -2
      vertex -12.096289896650852 19.060702918207987 -5
      vertex -9.611967507081516 20.42647070942039 -5
    endloop
  endfacet
  facet normal 0.367667065455869 -0.9286210050466777 -0.049839321475800516
    outer loop
      vertex -9.548100613346756 20.29074665155049 -2
      vertex -9.611967507081516 20.42647070942039 -5
      vertex -6.976058648014437 21.47010085536309 -5
    endloop
  endfacet
  facet normal 0.2483808275096868 -0.9673794532449171 -0.04983932147580081
    outer loop
      vertex -6.929706098858196 21.327442377918818 -2
      vertex -6.976058648014437 21.47010085536309 -5
      vertex -4.230133176772732 22.175134685200145 -5
    endloop
  endfacet
  facet normal 0.12517747553816103 -0.9908817495810107 -0.0498393214758004
    outer loop
      vertex -4.202025979584874 22.027791597590845 -2
      vertex -4.230133176772732 22.175134685200145 -5
      vertex -1.4174959783742471 22.53045339426823 -5
    endloop
  endfacet
  facet normal 0 -0.9987572488021459 -0.049839321475800176
    outer loop
      vertex -1.4080774004448502 22.38074938500399 -2
      vertex -1.4174959783742471 22.53045339426823 -5
      vertex 1.417495978374247 22.53045339426823 -5
    endloop
  endfacet
  facet normal 0.48115497414615527 -0.8752176488675515 -0.04983932147580054
    outer loop
      vertex -12.015915877404003 18.934053729382686 -2
      vertex -9.611967507081516 20.42647070942039 -5
      vertex -9.548100613346756 20.29074665155049 -2
    endloop
  endfacet
  facet normal 0.36766706545586875 -0.9286210050466778 -0.04983932147580083
    outer loop
      vertex -9.548100613346756 20.29074665155049 -2
      vertex -6.976058648014437 21.47010085536309 -5
      vertex -6.929706098858196 21.327442377918818 -2
    endloop
  endfacet
  facet normal 0.2483808275096873 -0.9673794532449173 -0.04983932147580043
    outer loop
      vertex -6.929706098858196 21.327442377918818 -2
      vertex -4.230133176772732 22.175134685200145 -5
      vertex -4.202025979584874 22.027791597590845 -2
    endloop
  endfacet
  facet normal 0.12517747553816128 -0.9908817495810107 -0.04983932147580018
    outer loop
      vertex -4.202025979584874 22.027791597590845 -2
      vertex -1.4174959783742471 22.53045339426823 -5
      vertex -1.4080774004448502 22.38074938500399 -2
    endloop
  endfacet
  facet normal 0 0 -1
    outer loop
      vertex -22.248172176977167 -2.8105977626795187 -2
      vertex -22.425 0 -2
      vertex -22.248172176977167 2.8105977626795187 -2
    endloop
  endfacet
  facet normal 0 0 -1
    outer loop
      vertex -21.720477388309554 -5.57687071967187 -2
      vertex -22.248172176977167 2.8105977626795187 -2
      vertex -21.720477388309554 5.57687071967187 -2
    endloop
  endfacet
  facet normal 0 0 -1
    outer loop
      vertex -20.85023769604404 -8.2551930939539 -2
      vertex -21.720477388309554 5.57687071967187 -2
      vertex -20.85023769604404 8.2551930939539 -2
    endloop
  endfacet
  facet normal 0 0 -1
    outer loop
      vertex -19.65117729998364 -10.803326141730969 -2
      vertex -20.85023769604404 8.2551930939539 -2
      vertex -19.65117729998364 10.803326141730969 -2
    endloop
  endfacet
  facet normal 0 0 -1
    outer loop
      vertex -18.142206098858196 -13.181084282658711 -2
      vertex -19.65117729998364 10.803326141730969 -2
      vertex -18.142206098858196 13.181084282658711 -2
    endloop
  endfacet
  facet normal 0 0 -1
    outer loop
      vertex -16.347121469925156 -15.35096885045084 -2
      vertex -18.142206098858196 13.181084282658711 -2
      vertex -16.347121469925156 15.35096885045084 -2
    endloop
  endfacet
  facet normal 0 0 -1
    outer loop
      vertex -14.294232970114365 -17.278759469247078 -2
      vertex -16.347121469925156 15.35096885045084 -2
      vertex -14.294232970114365 17.278759469247078 -2
    endloop
  endfacet
  facet normal 0 0 -1
    outer loop
      vertex -12.015915877404003 -18.934053729382686 -2
      vertex -14.294232970114365 17.278759469247078 -2
      vertex -12.015915877404003 18.934053729382686 -2
    endloop
  endfacet
  facet normal 0 0 -1
    outer loop
      vertex -9.54810061334675 -20.29074665155049 -2
      vertex -12.015915877404003 18.934053729382686 -2
      vertex -9.548100613346756 20.29074665155049 -2
    endloop
  endfacet
  facet normal 0 0 -1
    outer loop
      vertex -6.929706098858196 -21.327442377918818 -2
      vertex -9.548100613346756 20.29074665155049 -2
      vertex -6.929706098858196 21.327442377918818 -2
    endloop
  endfacet
  facet normal 0 0 -1
    outer loop
      vertex -4.202025979584879 -22.02779159759084 -2
      vertex -6.929706098858196 21.327442377918818 -2
      vertex -4.202025979584874 22.027791597590845 -2
    endloop
  endfacet
  facet normal 0 0 -1
    outer loop
      vertex -1.408077400444861 -22.38074938500399 -2
      vertex -4.202025979584874 22.027791597590845 -2
      vertex -1.4080774004448502 22.38074938500399 -2
    endloop
  endfacet
  facet normal 0 0.9987572488021461 -0.04983932147580018
    outer loop
      vertex 1.408077400444861 -22.38074938500399 -2
      vertex 1.4174959783742582 -22.53045339426823 -5
      vertex -1.4174959783742582 -22.53045339426823 -5
    endloop
  endfacet
  facet normal -0.12517747553816128 0.9908817495810107 -0.04983932147580162
    outer loop
      vertex 4.202025979584879 -22.02779159759084 -2
      vertex 4.230133176772738 -22.175134685200145 -5
      vertex 1.4174959783742582 -22.53045339426823 -5
    endloop
  endfacet
  facet normal -0.24838082750968737 0.967379453244917 -0.04983932147580082
    outer loop
      vertex 6.929706098858196 -21.327442377918818 -2
      vertex 6.976058648014437 -21.47010085536309 -5
      vertex 4.230133176772738 -22.175134685200145 -5
    endloop
  endfacet
  facet normal -0.3676670654558688 0.9286210050466777 -0.04983932147580162
    outer loop
      vertex 9.54810061334675 -20.29074665155049 -2
      vertex 9.61196750708151 -20.426470709420393 -5
      vertex 6.976058648014437 -21.47010085536309 -5
    endloop
  endfacet
  facet normal -0.4811549741461548 0.8752176488675516 -0.04983932147580075
    outer loop
      vertex 12.015915877403991 -18.934053729382693 -2
      vertex 12.09628989665084 -19.060702918207994 -5
      vertex 9.61196750708151 -20.426470709420393 -5
    endloop
  endfacet
  facet normal -0.12517747553816275 0.9908817495810105 -0.04983932147580018
    outer loop
      vertex 1.408077400444861 -22.38074938500399 -2
      vertex 4.202025979584879 -22.02779159759084 -2
      vertex 1.4174959783742582 -22.53045339426823 -5
    endloop
  endfacet
  facet normal -0.24838082750968646 0.9673794532449171 -0.04983932147580162
    outer loop
      vertex 4.202025979584879 -22.02779159759084 -2
      vertex 6.929706098858196 -21.327442377918818 -2
      vertex 4.230133176772738 -22.175134685200145 -5
    endloop
  endfacet
  facet normal -0.36766706545586963 0.9286210050466774 -0.0498393214758008
    outer loop
      vertex 6.929706098858196 -21.327442377918818 -2
      vertex 9.54810061334675 -20.29074665155049 -2
      vertex 6.976058648014437 -21.47010085536309 -5
    endloop
  endfacet
  facet normal -0.48115497414615405 0.8752176488675519 -0.049839321475801564
    outer loop
      vertex 9.54810061334675 -20.29074665155049 -2
      vertex 12.015915877403991 -18.934053729382693 -2
      vertex 9.61196750708151 -20.426470709420393 -5
    endloop
  endfacet
  facet normal -0.5870547814661048 0.8080115875361044 -0.04983932147580099
    outer loop
      vertex 14.294232970114374 -17.27875946924707 -2
      vertex 14.389846568576676 -17.39433645566344 -5
      vertex 12.09628989665084 -19.060702918207994 -5
    endloop
  endfacet
  facet normal -0.683696384192809 0.7280627007864849 -0.049839321475801106
    outer loop
      vertex 16.347121469925156 -15.35096885045084 -2
      vertex 16.456466764038368 -15.453650916340143 -5
      vertex 14.389846568576676 -17.39433645566344 -5
    endloop
  endfacet
  facet normal -0.7695556865203671 0.636631830321889 -0.04983932147580111
    outer loop
      vertex 16.347121469925156 -15.35096885045084 -2
      vertex 18.26355864801444 -13.269252070502581 -5
      vertex 16.456466764038368 -15.453650916340143 -5
    endloop
  endfacet
  facet normal -0.8432786359612163 0.5351608955876934 -0.04983932147580127
    outer loop
      vertex 18.142206098858196 -13.181084282658711 -2
      vertex 19.782623301990217 -10.875589192846224 -5
      vertex 18.26355864801444 -13.269252070502581 -5
    endloop
  endfacet
  facet normal -0.5870547814661051 0.8080115875361042 -0.04983932147580076
    outer loop
      vertex 12.015915877403991 -18.934053729382693 -2
      vertex 14.294232970114374 -17.27875946924707 -2
      vertex 12.09628989665084 -19.060702918207994 -5
    endloop
  endfacet
  facet normal -0.6836963841928091 0.7280627007864848 -0.04983932147580096
    outer loop
      vertex 14.294232970114374 -17.27875946924707 -2
      vertex 16.347121469925156 -15.35096885045084 -2
      vertex 14.389846568576676 -17.39433645566344 -5
    endloop
  endfacet
  facet normal -0.769555686520367 0.6366318303218887 -0.04983932147580129
    outer loop
      vertex 16.347121469925156 -15.35096885045084 -2
      vertex 18.142206098858196 -13.181084282658711 -2
      vertex 18.26355864801444 -13.269252070502581 -5
    endloop
  endfacet
  facet normal -0.9037025775627162 0.42525015384045955 -0.049839321475800225
    outer loop
      vertex 19.65117729998364 -10.803326141730969 -2
      vertex 20.989704168927272 -8.310411776856613 -5
      vertex 19.782623301990217 -10.875589192846224 -5
    endloop
  endfacet
  facet normal -0.9498745896703011 0.3086329631350303 -0.04983932147580152
    outer loop
      vertex 20.850237696044033 -8.255193093953913 -2
      vertex 21.865764862478848 -5.614174202746589 -5
      vertex 20.989704168927272 -8.310411776856613 -5
    endloop
  endfacet
  facet normal -0.9810665120712088 0.18714844623256757 -0.049839321475800995
    outer loop
      vertex 21.720477388309554 -5.576870719671861 -2
      vertex 22.396989382174336 -2.829397747714164 -5
      vertex 21.865764862478848 -5.614174202746589 -5
    endloop
  endfacet
  facet normal -0.996786429516027 0.06271248653595458 -0.04983932147580039
    outer loop
      vertex 22.248172176977167 -2.8105977626795187 -2
      vertex 22.575 0 -5
      vertex 22.396989382174336 -2.829397747714164 -5
    endloop
  endfacet
  facet normal -0.8432786359612158 0.5351608955876944 -0.04983932147580021
    outer loop
      vertex 18.142206098858196 -13.181084282658711 -2
      vertex 19.65117729998364 -10.803326141730969 -2
      vertex 19.782623301990217 -10.875589192846224 -5
    endloop
  endfacet
  facet normal -0.9037025775627169 0.4252501538404585 -0.04983932147580146
    outer loop
      vertex 19.65117729998364 -10.803326141730969 -2
      vertex 20.850237696044033 -8.255193093953913 -2
      vertex 20.989704168927272 -8.310411776856613 -5
    endloop
  endfacet
  facet normal -0.9498745896703008 0.3086329631350308 -0.04983932147580099
    outer loop
      vertex 20.850237696044033 -8.255193093953913 -2
      vertex 21.720477388309554 -5.576870719671861 -2
      vertex 21.865764862478848 -5.614174202746589 -5
    endloop
  endfacet
  facet normal -0.9810665120712089 0.18714844623256827 -0.049839321475800405
    outer loop
      vertex 21.720477388309554 -5.576870719671861 -2
      vertex 22.248172176977167 -2.8105977626795187 -2
      vertex 22.396989382174336 -2.829397747714164 -5
    endloop
  endfacet
  facet normal -0.996786429516027 0.06271248653595406 -0.04983932147580089
    outer loop
      vertex 22.248172176977167 -2.8105977626795187 -2
      vertex 22.425 0 -2
      vertex 22.575 0 -5
    endloop
  endfacet
  facet normal 0 0 -1
    outer loop
      vertex 1.408077400444861 -22.38074938500399 -2
      vertex 1.4080774004448502 22.38074938500399 -2
      vertex 4.202025979584879 -22.02779159759084 -2
    endloop
  endfacet
  facet normal 0 0 -1
    outer loop
      vertex 4.202025979584879 -22.02779159759084 -2
      vertex 4.202025979584874 22.027791597590845 -2
      vertex 6.929706098858196 -21.327442377918818 -2
    endloop
  endfacet
  facet normal 0 0 -1
    outer loop
      vertex 6.929706098858196 -21.327442377918818 -2
      vertex 6.929706098858196 21.327442377918818 -2
      vertex 9.54810061334675 -20.29074665155049 -2
    endloop
  endfacet
  facet normal 0 0 -1
    outer loop
      vertex 9.54810061334675 -20.29074665155049 -2
      vertex 9.548100613346756 20.29074665155049 -2
      vertex 12.015915877403991 -18.934053729382693 -2
    endloop
  endfacet
  facet normal 0 0 -1
    outer loop
      vertex 12.015915877403991 -18.934053729382693 -2
      vertex 12.015915877404 18.93405372938269 -2
      vertex 14.294232970114374 -17.27875946924707 -2
    endloop
  endfacet
  facet normal 0 0 -1
    outer loop
      vertex 14.294232970114374 -17.27875946924707 -2
      vertex 14.294232970114368 17.27875946924707 -2
      vertex 16.347121469925156 -15.35096885045084 -2
    endloop
  endfacet
  facet normal 0 0 -1
    outer loop
      vertex 16.347121469925156 -15.35096885045084 -2
      vertex 16.347121469925156 15.350968850450846 -2
      vertex 18.142206098858196 -13.181084282658711 -2
    endloop
  endfacet
  facet normal 0 0 -1
    outer loop
      vertex 18.142206098858196 -13.181084282658711 -2
      vertex 18.142206098858196 13.181084282658711 -2
      vertex 19.65117729998364 -10.803326141730969 -2
    endloop
  endfacet
  facet normal 0 0 -1
    outer loop
      vertex 19.65117729998364 -10.803326141730969 -2
      vertex 19.65117729998364 10.803326141730967 -2
      vertex 20.850237696044033 -8.255193093953913 -2
    endloop
  endfacet
  facet normal 0 0 -1
    outer loop
      vertex 20.850237696044033 -8.255193093953913 -2
      vertex 20.850237696044037 8.255193093953904 -2
      vertex 21.720477388309554 -5.576870719671861 -2
    endloop
  endfacet
  facet normal 0 0 -1
    outer loop
      vertex 21.720477388309554 -5.576870719671861 -2
      vertex 21.720477388309554 5.576870719671869 -2
      vertex 22.248172176977167 -2.8105977626795187 -2
    endloop
  endfacet
  facet normal -0.12517747553816103 -0.9908817495810107 -0.0498393214758004
    outer loop
      vertex 4.202025979584874 22.027791597590845 -2
      vertex 1.417495978374247 22.53045339426823 -5
      vertex 4.230133176772732 22.175134685200145 -5
    endloop
  endfacet
  facet normal -0.2483808275096868 -0.9673794532449171 -0.04983932147580081
    outer loop
      vertex 6.929706098858196 21.327442377918818 -2
      vertex 4.230133176772732 22.175134685200145 -5
      vertex 6.976058648014437 21.47010085536309 -5
    endloop
  endfacet
  facet normal -0.367667065455869 -0.9286210050466777 -0.049839321475800516
    outer loop
      vertex 9.548100613346756 20.29074665155049 -2
      vertex 6.976058648014437 21.47010085536309 -5
      vertex 9.611967507081516 20.42647070942039 -5
    endloop
  endfacet
  facet normal -0.4811549741461545 -0.8752176488675517 -0.049839321475800745
    outer loop
      vertex 12.015915877404 18.93405372938269 -2
      vertex 9.611967507081516 20.42647070942039 -5
      vertex 12.096289896650848 19.06070291820799 -5
    endloop
  endfacet
  facet normal 0 -0.9987572488021459 -0.049839321475800176
    outer loop
      vertex -1.4080774004448502 22.38074938500399 -2
      vertex 1.417495978374247 22.53045339426823 -5
      vertex 1.4080774004448502 22.38074938500399 -2
    endloop
  endfacet
  facet normal -0.12517747553816128 -0.9908817495810107 -0.049839321475800176
    outer loop
      vertex 1.4080774004448502 22.38074938500399 -2
      vertex 1.417495978374247 22.53045339426823 -5
      vertex 4.202025979584874 22.027791597590845 -2
    endloop
  endfacet
  facet normal -0.2483808275096873 -0.9673794532449173 -0.04983932147580042
    outer loop
      vertex 4.202025979584874 22.027791597590845 -2
      vertex 4.230133176772732 22.175134685200145 -5
      vertex 6.929706098858196 21.327442377918818 -2
    endloop
  endfacet
  facet normal -0.36766706545586875 -0.9286210050466778 -0.0498393214758008
    outer loop
      vertex 6.929706098858196 21.327442377918818 -2
      vertex 6.976058648014437 21.47010085536309 -5
      vertex 9.548100613346756 20.29074665155049 -2
    endloop
  endfacet
  facet normal -0.48115497414615477 -0.8752176488675517 -0.04983932147580052
    outer loop
      vertex 9.548100613346756 20.29074665155049 -2
      vertex 9.611967507081516 20.42647070942039 -5
      vertex 12.015915877404 18.93405372938269 -2
    endloop
  endfacet
  facet normal -0.996786429516027 -0.06271248653595447 -0.04983932147580088
    outer loop
      vertex 22.425 0 -2
      vertex 22.396989382174336 2.8293977477141685 -5
      vertex 22.575 0 -5
    endloop
  endfacet
  facet normal -0.9810665120712088 -0.18714844623256857 -0.04983932147579984
    outer loop
      vertex 21.720477388309554 5.576870719671869 -2
      vertex 21.865764862478844 5.614174202746597 -5
      vertex 22.396989382174336 2.8293977477141685 -5
    endloop
  endfacet
  facet normal -0.9498745896703008 -0.30863296313503086 -0.049839321475800384
    outer loop
      vertex 20.850237696044037 8.255193093953904 -2
      vertex 20.989704168927272 8.310411776856604 -5
      vertex 21.865764862478844 5.614174202746597 -5
    endloop
  endfacet
  facet normal -0.9037025775627172 -0.4252501538404576 -0.0498393214758013
    outer loop
      vertex 19.65117729998364 10.803326141730967 -2
      vertex 19.78262330199022 10.875589192846222 -5
      vertex 20.989704168927272 8.310411776856604 -5
    endloop
  endfacet
  facet normal -0.996786429516027 -0.06271248653595396 -0.049839321475800384
    outer loop
      vertex 22.425 0 -2
      vertex 22.248172176977167 2.810597762679523 -2
      vertex 22.396989382174336 2.8293977477141685 -5
    endloop
  endfacet
  facet normal -0.9810665120712089 -0.18714844623256802 -0.04983932147580039
    outer loop
      vertex 22.248172176977167 2.810597762679523 -2
      vertex 21.720477388309554 5.576870719671869 -2
      vertex 22.396989382174336 2.8293977477141685 -5
    endloop
  endfacet
  facet normal -0.9037025775627167 -0.4252501538404585 -0.04983932147580036
    outer loop
      vertex 19.65117729998364 10.803326141730967 -2
      vertex 20.989704168927272 8.310411776856604 -5
      vertex 20.850237696044037 8.255193093953904 -2
    endloop
  endfacet
  facet normal -0.8432786359612159 -0.5351608955876941 -0.04983932147580122
    outer loop
      vertex 19.65117729998364 10.803326141730967 -2
      vertex 18.142206098858196 13.181084282658711 -2
      vertex 19.78262330199022 10.875589192846222 -5
    endloop
  endfacet
  facet normal -0.9498745896703007 -0.30863296313503147 -0.049839321475799864
    outer loop
      vertex 21.720477388309554 5.576870719671869 -2
      vertex 20.850237696044037 8.255193093953904 -2
      vertex 21.865764862478844 5.614174202746597 -5
    endloop
  endfacet
  facet normal -0.5870547814661065 -0.8080115875361031 -0.049839321475800995
    outer loop
      vertex 14.294232970114368 17.27875946924707 -2
      vertex 12.096289896650848 19.06070291820799 -5
      vertex 14.38984656857667 17.39433645566344 -5
    endloop
  endfacet
  facet normal -0.7695556865203672 -0.6366318303218887 -0.049839321475800204
    outer loop
      vertex 16.347121469925156 15.350968850450846 -2
      vertex 16.456466764038364 15.453650916340148 -5
      vertex 18.26355864801444 13.269252070502581 -5
    endloop
  endfacet
  facet normal -0.6836963841928076 -0.7280627007864862 -0.04983932147580029
    outer loop
      vertex 16.347121469925156 15.350968850450846 -2
      vertex 14.38984656857667 17.39433645566344 -5
      vertex 16.456466764038364 15.453650916340148 -5
    endloop
  endfacet
  facet normal -0.843278635961216 -0.5351608955876941 -0.04983932147580127
    outer loop
      vertex 18.142206098858196 13.181084282658711 -2
      vertex 18.26355864801444 13.269252070502581 -5
      vertex 19.78262330199022 10.875589192846222 -5
    endloop
  endfacet
  facet normal -0.6836963841928072 -0.7280627007864867 -0.049839321475800905
    outer loop
      vertex 16.347121469925156 15.350968850450846 -2
      vertex 14.294232970114368 17.27875946924707 -2
      vertex 14.38984656857667 17.39433645566344 -5
    endloop
  endfacet
  facet normal -0.7695556865203679 -0.6366318303218879 -0.049839321475801224
    outer loop
      vertex 16.347121469925156 15.350968850450846 -2
      vertex 18.26355864801444 13.269252070502581 -5
      vertex 18.142206098858196 13.181084282658711 -2
    endloop
  endfacet
  facet normal -0.5870547814661067 -0.8080115875361031 -0.049839321475800745
    outer loop
      vertex 12.015915877404 18.93405372938269 -2
      vertex 12.096289896650848 19.06070291820799 -5
      vertex 14.294232970114368 17.27875946924707 -2
    endloop
  endfacet
  facet normal 0 0 -1
    outer loop
      vertex -1.4080774004448502 22.38074938500399 -2
      vertex 1.4080774004448502 22.38074938500399 -2
      vertex 1.408077400444861 -22.38074938500399 -2
    endloop
  endfacet
  facet normal 0 0 -1
    outer loop
      vertex 4.202025979584879 -22.02779159759084 -2
      vertex 1.4080774004448502 22.38074938500399 -2
      vertex 4.202025979584874 22.027791597590845 -2
    endloop
  endfacet
  facet normal 0 0 -1
    outer loop
      vertex 6.929706098858196 -21.327442377918818 -2
      vertex 4.202025979584874 22.027791597590845 -2
      vertex 6.929706098858196 21.327442377918818 -2
    endloop
  endfacet
  facet normal 0 0 -1
    outer loop
      vertex 9.54810061334675 -20.29074665155049 -2
      vertex 6.929706098858196 21.327442377918818 -2
      vertex 9.548100613346756 20.29074665155049 -2
    endloop
  endfacet
  facet normal 0 0 -1
    outer loop
      vertex 12.015915877403991 -18.934053729382693 -2
      vertex 9.548100613346756 20.29074665155049 -2
      vertex 12.015915877404 18.93405372938269 -2
    endloop
  endfacet
  facet normal 0 0 -1
    outer loop
      vertex 16.347121469925156 -15.35096885045084 -2
      vertex 14.294232970114368 17.27875946924707 -2
      vertex 16.347121469925156 15.350968850450846 -2
    endloop
  endfacet
  facet normal 0 0 -1
    outer loop
      vertex 18.142206098858196 -13.181084282658711 -2
      vertex 16.347121469925156 15.350968850450846 -2
      vertex 18.142206098858196 13.181084282658711 -2
    endloop
  endfacet
  facet normal 0 0 -1
    outer loop
      vertex 14.294232970114374 -17.27875946924707 -2
      vertex 12.015915877404 18.93405372938269 -2
      vertex 14.294232970114368 17.27875946924707 -2
    endloop
  endfacet
  facet normal 0 0 -1
    outer loop
      vertex 21.720477388309554 -5.576870719671861 -2
      vertex 20.850237696044037 8.255193093953904 -2
      vertex 21.720477388309554 5.576870719671869 -2
    endloop
  endfacet
  facet normal 0 0 -1
    outer loop
      vertex 19.65117729998364 -10.803326141730969 -2
      vertex 18.142206098858196 13.181084282658711 -2
      vertex 19.65117729998364 10.803326141730967 -2
    endloop
  endfacet
  facet normal 0 0 -1
    outer loop
      vertex 20.850237696044033 -8.255193093953913 -2
      vertex 19.65117729998364 10.803326141730967 -2
      vertex 20.850237696044037 8.255193093953904 -2
    endloop
  endfacet
  facet normal 0 0 -1
    outer loop
      vertex 22.248172176977167 -2.8105977626795187 -2
      vertex 22.248172176977167 2.810597762679523 -2
      vertex 22.425 0 -2
    endloop
  endfacet
  facet normal 0 0 -1
    outer loop
      vertex 22.248172176977167 -2.8105977626795187 -2
      vertex 21.720477388309554 5.576870719671869 -2
      vertex 22.248172176977167 2.810597762679523 -2
    endloop
  endfacet
  facet normal 0.9373111932607805 0.34849351068284135 0
    outer loop
      vertex -3.030084691941738 -4.019577547907829 -1
      vertex -3.0940132662653923 -3.847634695470333 -1
      vertex -3.0940132662653923 -3.847634695470333 0
    endloop
  endfacet
  facet normal 0.9598745326253745 0.28042981584920473 0
    outer loop
      vertex -3.0940132662653923 -3.847634695470333 -1
      vertex -3.144933670759201 -3.673340819776058 -1
      vertex -3.144933670759201 -3.673340819776058 0
    endloop
  endfacet
  facet normal 0.9777345820024703 0.20984538869475944 0
    outer loop
      vertex -3.144933670759201 -3.673340819776058 -1
      vertex -3.1828459203243256 -3.4966959208250046 -1
      vertex -3.1828459203243256 -3.4966959208250046 0
    endloop
  endfacet
  facet normal 0.9904594202165689 0.1378047056680512 0
    outer loop
      vertex -3.1828459203243256 -3.4966959208250046 -1
      vertex -3.2077500000596046 -3.3176999986171722 -1
      vertex -3.2077500000596046 -3.3176999986171722 0
    endloop
  endfacet
  facet normal 0.9965252119479723 0.0832916679629425 0
    outer loop
      vertex -3.2077500000596046 -3.3176999986171722 -1
      vertex -3.224835716187954 -3.1132816299796104 -1
      vertex -3.224835716187954 -3.1132816299796104 0
    endloop
  endfacet
  facet normal 0.9983694715966495 0.05708238067763812 0
    outer loop
      vertex -3.224835716187954 -3.1132816299796104 -1
      vertex -3.239292860031128 -2.8604265302419662 -1
      vertex -3.239292860031128 -2.8604265302419662 0
    endloop
  endfacet
  facet normal 0.9996541736853911 0.026297015674366948 0
    outer loop
      vertex -3.2511214315891266 -2.559134691953659 -1
      vertex -3.26032143086195 -2.2094061225652695 -1
      vertex -3.26032143086195 -2.2094061225652695 0
    endloop
  endfacet
  facet normal 0.9992302349466786 0.03922929477323747 0
    outer loop
      vertex -3.239292860031128 -2.8604265302419662 -1
      vertex -3.2511214315891266 -2.559134691953659 -1
      vertex -3.2511214315891266 -2.559134691953659 0
    endloop
  endfacet
  facet normal 0.999863832384833 0.01650202074639967 0
    outer loop
      vertex -3.26032143086195 -2.2094061225652695 -1
      vertex -3.266892857849598 -1.8112408146262169 -1
      vertex -3.266892857849598 -1.8112408146262169 0
    endloop
  endfacet
  facet normal 0.999961030506538 0.008828219996274233 0
    outer loop
      vertex -3.266892857849598 -1.8112408146262169 -1
      vertex -3.2708357125520706 -1.364638775587082 -1
      vertex -3.2708357125520706 -1.364638775587082 0
    endloop
  endfacet
  facet normal 0.9999964757103948 0.002654913706636719 0
    outer loop
      vertex -3.2708357125520706 -1.364638775587082 -1
      vertex -3.2721500024199486 -0.8695999979972839 -1
      vertex -3.2721500024199486 -0.8695999979972839 0
    endloop
  endfacet
  facet normal 0 0 1
    outer loop
      vertex -2.372649997472763 -4.963255099952221 -1
      vertex -2.217164285480976 -5.088712245225906 -1
      vertex -0.44041939079761505 -3.7181163281202316 -1
    endloop
  endfacet
  facet normal 0 0 1
    outer loop
      vertex -2.217164285480976 -5.088712245225906 -1
      vertex -2.0485357120633125 -5.203238777816296 -1
      vertex -0.407150000333786 -3.7923000007867813 -1
    endloop
  endfacet
  facet normal 0 0 1
    outer loop
      vertex -3.1828459203243256 -3.4966959208250046 -1
      vertex -0.522313266992569 -3.216565303504467 -1
      vertex -3.2077500000596046 -3.3176999986171722 -1
    endloop
  endfacet
  facet normal 0 0 1
    outer loop
      vertex -3.2077500000596046 -3.3176999986171722 -1
      vertex -0.5299908146262169 -3.0399734675884247 -1
      vertex -3.224835716187954 -3.1132816299796104 -1
    endloop
  endfacet
  facet normal 0 0 1
    outer loop
      vertex -2.644192859530449 -4.679548978805542 -1
      vertex -0.46857041120529175 -3.623451016843319 -1
      vertex -2.760250002145767 -4.5213000029325485 -1
    endloop
  endfacet
  facet normal 0 0 1
    outer loop
      vertex -3.030084691941738 -4.019577547907829 -1
      vertex -2.9531479626893997 -4.189169384539127 -1
      vertex -0.5095173493027687 -3.372675508260727 -1
    endloop
  endfacet
  facet normal 0 0 1
    outer loop
      vertex -2.863203063607216 -4.356410205364227 -1
      vertex -2.760250002145767 -4.5213000029325485 -1
      vertex -0.4916030615568161 -3.5083040818572044 -1
    endloop
  endfacet
  facet normal 0 0 1
    outer loop
      vertex -2.863203063607216 -4.356410205364227 -1
      vertex -0.4916030615568161 -3.5083040818572044 -1
      vertex -2.9531479626893997 -4.189169384539127 -1
    endloop
  endfacet
  facet normal 0 0 1
    outer loop
      vertex -2.372649997472763 -4.963255099952221 -1
      vertex -0.44041939079761505 -3.7181163281202316 -1
      vertex -2.514992855489254 -4.82686734944582 -1
    endloop
  endfacet
  facet normal 0 0 1
    outer loop
      vertex -2.514992855489254 -4.82686734944582 -1
      vertex -0.46857041120529175 -3.623451016843319 -1
      vertex -2.644192859530449 -4.679548978805542 -1
    endloop
  endfacet
  facet normal 0 0 1
    outer loop
      vertex -3.030084691941738 -4.019577547907829 -1
      vertex -0.5095173493027687 -3.372675508260727 -1
      vertex -3.0940132662653923 -3.847634695470333 -1
    endloop
  endfacet
  facet normal 0 0 1
    outer loop
      vertex -3.0940132662653923 -3.847634695470333 -1
      vertex -0.522313266992569 -3.216565303504467 -1
      vertex -3.144933670759201 -3.673340819776058 -1
    endloop
  endfacet
  facet normal 0 0 1
    outer loop
      vertex -3.144933670759201 -3.673340819776058 -1
      vertex -0.522313266992569 -3.216565303504467 -1
      vertex -3.1828459203243256 -3.4966959208250046 -1
    endloop
  endfacet
  facet normal 0 0 1
    outer loop
      vertex -1.866764284670353 -5.306834690272808 -1
      vertex -0.407150000333786 -3.7923000007867813 -1
      vertex -2.0485357120633125 -5.203238777816296 -1
    endloop
  endfacet
  facet normal 0 0 1
    outer loop
      vertex -1.866764284670353 -5.306834690272808 -1
      vertex -1.6718500033020973 -5.399499997496605 -1
      vertex -0.36790306121110916 -3.851675510406494 -1
    endloop
  endfacet
  facet normal 0 0 1
    outer loop
      vertex -1.6718500033020973 -5.399499997496605 -1
      vertex -1.4621724486351013 -5.480444900691509 -1
      vertex -0.36790306121110916 -3.851675510406494 -1
    endloop
  endfacet
  facet normal 0 0 1
    outer loop
      vertex -1.4621724486351013 -5.480444900691509 -1
      vertex -1.2361683696508408 -5.548936732113361 -1
      vertex -0.32187653332948685 -3.9019163250923157 -1
    endloop
  endfacet
  facet normal 0 0 1
    outer loop
      vertex -1.2361683696508408 -5.548936732113361 -1
      vertex -0.9938377514481544 -5.6049755066633224 -1
      vertex -0.26907040923833847 -3.9430224522948265 -1
    endloop
  endfacet
  facet normal 0 0 1
    outer loop
      vertex -0.7351806089282036 -5.6485612243413925 -1
      vertex -0.20948469638824463 -3.9749938771128654 -1
      vertex -0.9938377514481544 -5.6049755066633224 -1
    endloop
  endfacet
  facet normal 0 0 1
    outer loop
      vertex -0.7351806089282036 -5.6485612243413925 -1
      vertex -0.46019694209098816 -5.679693877696991 -1
      vertex -0.14311938732862473 -3.9978306144475937 -1
    endloop
  endfacet
  facet normal 0 0 1
    outer loop
      vertex -0.46019694209098816 -5.679693877696991 -1
      vertex -0.16888673603534698 -5.698373466730118 -1
      vertex -0.06997448951005936 -4.01153264939785 -1
    endloop
  endfacet
  facet normal 0 0 1
    outer loop
      vertex -0.16888673603534698 -5.698373466730118 -1
      vertex 0.13875000178813934 -5.704599998891354 -1
      vertex 0.009949997067451477 -4.016099996864796 -1
    endloop
  endfacet
  facet normal 0 0 1
    outer loop
      vertex -2.760250002145767 -4.5213000029325485 -1
      vertex -0.46857041120529175 -3.623451016843319 -1
      vertex -0.4916030615568161 -3.5083040818572044 -1
    endloop
  endfacet
  facet normal 0 0 1
    outer loop
      vertex -1.866764284670353 -5.306834690272808 -1
      vertex -0.36790306121110916 -3.851675510406494 -1
      vertex -0.407150000333786 -3.7923000007867813 -1
    endloop
  endfacet
  facet normal 0 0 1
    outer loop
      vertex -2.514992855489254 -4.82686734944582 -1
      vertex -0.44041939079761505 -3.7181163281202316 -1
      vertex -0.46857041120529175 -3.623451016843319 -1
    endloop
  endfacet
  facet normal 0 0 1
    outer loop
      vertex -2.217164285480976 -5.088712245225906 -1
      vertex -0.407150000333786 -3.7923000007867813 -1
      vertex -0.44041939079761505 -3.7181163281202316 -1
    endloop
  endfacet
  facet normal 0 0 1
    outer loop
      vertex -3.0940132662653923 -3.847634695470333 -1
      vertex -0.5095173493027687 -3.372675508260727 -1
      vertex -0.522313266992569 -3.216565303504467 -1
    endloop
  endfacet
  facet normal 0 0 1
    outer loop
      vertex -2.9531479626893997 -4.189169384539127 -1
      vertex -0.4916030615568161 -3.5083040818572044 -1
      vertex -0.5095173493027687 -3.372675508260727 -1
    endloop
  endfacet
  facet normal 0 0 1
    outer loop
      vertex -3.2077500000596046 -3.3176999986171722 -1
      vertex -0.522313266992569 -3.216565303504467 -1
      vertex -0.5299908146262169 -3.0399734675884247 -1
    endloop
  endfacet
  facet normal 0 0 1
    outer loop
      vertex -1.4621724486351013 -5.480444900691509 -1
      vertex -0.32187653332948685 -3.9019163250923157 -1
      vertex -0.36790306121110916 -3.851675510406494 -1
    endloop
  endfacet
  facet normal 0 0 1
    outer loop
      vertex -1.2361683696508408 -5.548936732113361 -1
      vertex -0.26907040923833847 -3.9430224522948265 -1
      vertex -0.32187653332948685 -3.9019163250923157 -1
    endloop
  endfacet
  facet normal 0 0 1
    outer loop
      vertex -0.9938377514481544 -5.6049755066633224 -1
      vertex -0.20948469638824463 -3.9749938771128654 -1
      vertex -0.26907040923833847 -3.9430224522948265 -1
    endloop
  endfacet
  facet normal 0 0 1
    outer loop
      vertex -0.7351806089282036 -5.6485612243413925 -1
      vertex -0.14311938732862473 -3.9978306144475937 -1
      vertex -0.20948469638824463 -3.9749938771128654 -1
    endloop
  endfacet
  facet normal 0 0 1
    outer loop
      vertex -0.46019694209098816 -5.679693877696991 -1
      vertex -0.06997448951005936 -4.01153264939785 -1
      vertex -0.14311938732862473 -3.9978306144475937 -1
    endloop
  endfacet
  facet normal 0 0 1
    outer loop
      vertex -0.16888673603534698 -5.698373466730118 -1
      vertex 0.009949997067451477 -4.016099996864796 -1
      vertex -0.06997448951005936 -4.01153264939785 -1
    endloop
  endfacet
  facet normal 0.6279509065197405 0.7782529530949664 0
    outer loop
      vertex -2.372649997472763 -4.963255099952221 -1
      vertex -2.372649997472763 -4.963255099952221 0
      vertex -2.217164285480976 -5.088712245225906 -1
    endloop
  endfacet
  facet normal 0.7518264991055937 0.6593609900825396 0
    outer loop
      vertex -2.514992855489254 -4.82686734944582 -1
      vertex -2.644192859530449 -4.679548978805542 -1
      vertex -2.644192859530449 -4.679548978805542 0
    endloop
  endfacet
  facet normal 0.6918414900523905 0.722049411496255 0
    outer loop
      vertex -2.372649997472763 -4.963255099952221 -1
      vertex -2.514992855489254 -4.82686734944582 -1
      vertex -2.514992855489254 -4.82686734944582 0
    endloop
  endfacet
  facet normal 0.3601403550524524 0.9328981319858528 0
    outer loop
      vertex -1.6718500033020973 -5.399499997496605 -1
      vertex -1.6718500033020973 -5.399499997496605 0
      vertex -1.4621724486351013 -5.480444900691509 -1
    endloop
  endfacet
  facet normal 0.5618372780598069 0.8272477700074792 0
    outer loop
      vertex -2.217164285480976 -5.088712245225906 -1
      vertex -2.217164285480976 -5.088712245225906 0
      vertex -2.0485357120633125 -5.203238777816296 -1
    endloop
  endfacet
  facet normal 0.4951532546522558 0.8688056482362889 0
    outer loop
      vertex -1.866764284670353 -5.306834690272808 -1
      vertex -2.0485357120633125 -5.203238777816296 -1
      vertex -2.0485357120633125 -5.203238777816296 0
    endloop
  endfacet
  facet normal 0.42936310000942307 0.9031319551152523 0
    outer loop
      vertex -1.866764284670353 -5.306834690272808 -1
      vertex -1.866764284670353 -5.306834690272808 0
      vertex -1.6718500033020973 -5.399499997496605 -1
    endloop
  endfacet
  facet normal 0.8807080710367834 0.4736594700949916 0
    outer loop
      vertex -2.863203063607216 -4.356410205364227 -1
      vertex -2.9531479626893997 -4.189169384539127 -1
      vertex -2.9531479626893997 -4.189169384539127 0
    endloop
  endfacet
  facet normal 0.8482365006115604 0.5296176347425133 0
    outer loop
      vertex -2.863203063607216 -4.356410205364227 -1
      vertex -2.863203063607216 -4.356410205364227 0
      vertex -2.760250002145767 -4.5213000029325485 -1
    endloop
  endfacet
  facet normal 0.8063858137254724 0.5913898201882647 0
    outer loop
      vertex -2.644192859530449 -4.679548978805542 -1
      vertex -2.760250002145767 -4.5213000029325485 -1
      vertex -2.760250002145767 -4.5213000029325485 0
    endloop
  endfacet
  facet normal 0.9106706096122519 0.4131331998138731 0
    outer loop
      vertex -3.030084691941738 -4.019577547907829 -1
      vertex -3.030084691941738 -4.019577547907829 0
      vertex -2.9531479626893997 -4.189169384539127 -1
    endloop
  endfacet
  facet normal 0.2900296837591508 0.9570176500663752 0
    outer loop
      vertex -1.4621724486351013 -5.480444900691509 -1
      vertex -1.4621724486351013 -5.480444900691509 0
      vertex -1.2361683696508408 -5.548936732113361 -1
    endloop
  endfacet
  facet normal 0.2253035172243855 0.9742886251652131 0
    outer loop
      vertex -1.2361683696508408 -5.548936732113361 -1
      vertex -1.2361683696508408 -5.548936732113361 0
      vertex -0.9938377514481544 -5.6049755066633224 -1
    endloop
  endfacet
  facet normal 0.16616508772333713 0.9860979482900751 0
    outer loop
      vertex -0.7351806089282036 -5.6485612243413925 -1
      vertex -0.9938377514481544 -5.6049755066633224 -1
      vertex -0.9938377514481544 -5.6049755066633224 0
    endloop
  endfacet
  facet normal 0.11249767397382453 0.9936519880473642 0
    outer loop
      vertex -0.7351806089282036 -5.6485612243413925 -1
      vertex -0.7351806089282036 -5.6485612243413925 0
      vertex -0.46019694209098816 -5.679693877696991 -1
    endloop
  endfacet
  facet normal 0.06399125081535172 0.9979504596016212 0
    outer loop
      vertex -0.46019694209098816 -5.679693877696991 -1
      vertex -0.46019694209098816 -5.679693877696991 0
      vertex -0.16888673603534698 -5.698373466730118 -1
    endloop
  endfacet
  facet normal 0.0202357404982978 0.9997952364391849 0
    outer loop
      vertex -0.16888673603534698 -5.698373466730118 -1
      vertex -0.16888673603534698 -5.698373466730118 0
      vertex 0.13875000178813934 -5.704599998891354 -1
    endloop
  endfacet
  facet normal -0.7373555287304578 -0.6755048661931512 0
    outer loop
      vertex -0.36790306121110916 -3.851675510406494 -1
      vertex -0.32187653332948685 -3.9019163250923157 -1
      vertex -0.36790306121110916 -3.851675510406494 0
    endloop
  endfacet
  facet normal -0.6142636243783987 -0.7891008806011521 0
    outer loop
      vertex -0.32187653332948685 -3.9019163250923157 -1
      vertex -0.26907040923833847 -3.9430224522948265 -1
      vertex -0.32187653332948685 -3.9019163250923157 0
    endloop
  endfacet
  facet normal -0.47280166735474655 -0.881168873341865 0
    outer loop
      vertex -0.26907040923833847 -3.9430224522948265 -1
      vertex -0.20948469638824463 -3.9749938771128654 -1
      vertex -0.26907040923833847 -3.9430224522948265 0
    endloop
  endfacet
  facet normal -0.05705270337502739 -0.9983711679719127 0
    outer loop
      vertex -0.06997448951005936 -4.01153264939785 -1
      vertex 0.009949997067451477 -4.016099996864796 -1
      vertex -0.06997448951005936 -4.01153264939785 0
    endloop
  endfacet
  facet normal -0.3253812682580924 -0.9455829050203665 0
    outer loop
      vertex -0.20948469638824463 -3.9749938771128654 -1
      vertex -0.14311938732862473 -3.9978306144475937 -1
      vertex -0.20948469638824463 -3.9749938771128654 0
    endloop
  endfacet
  facet normal -0.18412453370806872 -0.9829029230228111 0
    outer loop
      vertex -0.14311938732862473 -3.9978306144475937 -1
      vertex -0.06997448951005936 -4.01153264939785 -1
      vertex -0.14311938732862473 -3.9978306144475937 0
    endloop
  endfacet
  facet normal -0.8342274416817789 -0.5514205070044766 0
    outer loop
      vertex -0.407150000333786 -3.7923000007867813 -1
      vertex -0.36790306121110916 -3.851675510406494 -1
      vertex -0.407150000333786 -3.7923000007867813 0
    endloop
  endfacet
  facet normal -0.9124420954852767 -0.4092058435389667 0
    outer loop
      vertex -0.407150000333786 -3.7923000007867813 -1
      vertex -0.44041939079761505 -3.7181163281202316 0
      vertex -0.44041939079761505 -3.7181163281202316 -1
    endloop
  endfacet
  facet normal -0.9585162212147894 -0.28503798635992494 0
    outer loop
      vertex -0.44041939079761505 -3.7181163281202316 -1
      vertex -0.46857041120529175 -3.623451016843319 0
      vertex -0.46857041120529175 -3.623451016843319 -1
    endloop
  endfacet
  facet normal -0.9805753310436202 -0.19614285648142948 0
    outer loop
      vertex -0.46857041120529175 -3.623451016843319 -1
      vertex -0.4916030615568161 -3.5083040818572044 0
      vertex -0.4916030615568161 -3.5083040818572044 -1
    endloop
  endfacet
  facet normal -0.9913894853476874 -0.13094612763288396 0
    outer loop
      vertex -0.4916030615568161 -3.5083040818572044 -1
      vertex -0.5095173493027687 -3.372675508260727 0
      vertex -0.5095173493027687 -3.372675508260727 -1
    endloop
  endfacet
  facet normal -0.9966575216132539 -0.08169323479778558 0
    outer loop
      vertex -0.5095173493027687 -3.372675508260727 -1
      vertex -0.522313266992569 -3.216565303504467 0
      vertex -0.522313266992569 -3.216565303504467 -1
    endloop
  endfacet
  facet normal -0.9990562463137143 -0.043435201180046325 0
    outer loop
      vertex -0.522313266992569 -3.216565303504467 -1
      vertex -0.5299908146262169 -3.0399734675884247 0
      vertex -0.5299908146262169 -3.0399734675884247 -1
    endloop
  endfacet
  facet normal 0 0 1
    outer loop
      vertex -3.224835716187954 -3.1132816299796104 -1
      vertex -0.5325499996542931 -2.8429000005126 -1
      vertex -3.239292860031128 -2.8604265302419662 -1
    endloop
  endfacet
  facet normal 0 0 1
    outer loop
      vertex -3.239292860031128 -2.8604265302419662 -1
      vertex -0.5325499996542931 -2.8429000005126 -1
      vertex -3.2511214315891266 -2.559134691953659 -1
    endloop
  endfacet
  facet normal 0 0 1
    outer loop
      vertex -3.2511214315891266 -2.559134691953659 -1
      vertex -0.5325499996542931 -2.8429000005126 -1
      vertex -3.26032143086195 -2.2094061225652695 -1
    endloop
  endfacet
  facet normal 0 0 1
    outer loop
      vertex -3.26032143086195 -2.2094061225652695 -1
      vertex -0.5325499996542931 -0.8559999987483025 -1
      vertex -3.266892857849598 -1.8112408146262169 -1
    endloop
  endfacet
  facet normal 0 0 1
    outer loop
      vertex -3.266892857849598 -1.8112408146262169 -1
      vertex -0.5325499996542931 -0.8559999987483025 -1
      vertex -3.2708357125520706 -1.364638775587082 -1
    endloop
  endfacet
  facet normal 0 0 1
    outer loop
      vertex -3.2708357125520706 -1.364638775587082 -1
      vertex -0.5325499996542931 -0.8559999987483025 -1
      vertex -3.2721500024199486 -0.8695999979972839 -1
    endloop
  endfacet
  facet normal 0 0 1
    outer loop
      vertex -3.2721500024199486 -0.8695999979972839 -1
      vertex -0.5298520401120186 -0.6916673481464386 -1
      vertex -3.2721500024199486 0.6494000032544136 -1
    endloop
  endfacet
  facet normal 0 0 1
    outer loop
      vertex -3.224835716187954 -3.1132816299796104 -1
      vertex -0.5299908146262169 -3.0399734675884247 -1
      vertex -0.5325499996542931 -2.8429000005126 -1
    endloop
  endfacet
  facet normal 0 0 1
    outer loop
      vertex -3.26032143086195 -2.2094061225652695 -1
      vertex -0.5325499996542931 -2.8429000005126 -1
      vertex -0.5325499996542931 -0.8559999987483025 -1
    endloop
  endfacet
  facet normal 0 0 1
    outer loop
      vertex -3.2721500024199486 -0.8695999979972839 -1
      vertex -0.5325499996542931 -0.8559999987483025 -1
      vertex -0.5298520401120186 -0.6916673481464386 -1
    endloop
  endfacet
  facet normal 0 0 1
    outer loop
      vertex -0.5298520401120186 -0.6916673481464386 -1
      vertex -0.5217581614851952 -0.5435265302658081 -1
      vertex -3.2721500024199486 0.6494000032544136 -1
    endloop
  endfacet
  facet normal 0 0 1
    outer loop
      vertex -0.5217581614851952 -0.5435265302658081 -1
      vertex -0.5082683637738228 -0.4115775525569916 -1
      vertex -3.2721500024199486 0.6494000032544136 -1
    endloop
  endfacet
  facet normal 0 0 1
    outer loop
      vertex -0.5082683637738228 -0.4115775525569916 -1
      vertex -0.48938265442848206 -0.2958204075694084 -1
      vertex -3.2721500024199486 0.6494000032544136 -1
    endloop
  endfacet
  facet normal -0.999915693290478 -0.012984849303041003 0
    outer loop
      vertex -0.5299908146262169 -3.0399734675884247 -1
      vertex -0.5325499996542931 -2.8429000005126 0
      vertex -0.5325499996542931 -2.8429000005126 -1
    endloop
  endfacet
  facet normal -1 0 0
    outer loop
      vertex -0.5325499996542931 -2.8429000005126 -1
      vertex -0.5325499996542931 -0.8559999987483025 0
      vertex -0.5325499996542931 -0.8559999987483025 -1
    endloop
  endfacet
  facet normal -0.99986525726277 0.016415459751552362 0
    outer loop
      vertex -0.5325499996542931 -0.8559999987483025 -1
      vertex -0.5298520401120186 -0.6916673481464386 0
      vertex -0.5298520401120186 -0.6916673481464386 -1
    endloop
  endfacet
  facet normal -0.9985107661105448 0.054555017746610715 0
    outer loop
      vertex -0.5298520401120186 -0.6916673481464386 -1
      vertex -0.5217581614851952 -0.5435265302658081 0
      vertex -0.5217581614851952 -0.5435265302658081 -1
    endloop
  endfacet
  facet normal -0.9948146199739587 0.10170482725056994 0
    outer loop
      vertex -0.5217581614851952 -0.5435265302658081 -1
      vertex -0.5082683637738228 -0.4115775525569916 0
      vertex -0.5082683637738228 -0.4115775525569916 -1
    endloop
  endfacet
  facet normal -0.9869510652899885 0.16102047920359897 0
    outer loop
      vertex -0.5082683637738228 -0.4115775525569916 -1
      vertex -0.48938265442848206 -0.2958204075694084 0
      vertex -0.48938265442848206 -0.2958204075694084 -1
    endloop
  endfacet
  facet normal -0.9715261447237518 0.23693237456752078 0
    outer loop
      vertex -0.48938265442848206 -0.2958204075694084 -1
      vertex -0.4651010185480118 -0.19625510275363922 0
      vertex -0.4651010185480118 -0.19625510275363922 -1
    endloop
  endfacet
  facet normal -0.9420946214686674 0.33534716966124584 0
    outer loop
      vertex -0.4651010185480118 -0.19625510275363922 -1
      vertex -0.43542347103357315 -0.1128816306591034 0
      vertex -0.43542347103357315 -0.1128816306591034 -1
    endloop
  endfacet
  facet normal -0.886464750379901 0.4627961174576767 0
    outer loop
      vertex -0.43542347103357315 -0.1128816306591034 -1
      vertex -0.400349996984005 -0.04569999873638153 0
      vertex -0.400349996984005 -0.04569999873638153 -1
    endloop
  endfacet
  facet normal -0.8019671377706871 0.5973681527633457 0
    outer loop
      vertex -0.400349996984005 -0.04569999873638153 -1
      vertex -0.35946224629879 0.009191833436489105 0
      vertex -0.35946224629879 0.009191833436489105 -1
    endloop
  endfacet
  facet normal 0.9598745326253745 0.28042981584920473 0
    outer loop
      vertex -3.0940132662653923 -3.847634695470333 -1
      vertex -3.144933670759201 -3.673340819776058 0
      vertex -3.0940132662653923 -3.847634695470333 0
    endloop
  endfacet
  facet normal 0.9777345820024703 0.20984538869475944 0
    outer loop
      vertex -3.144933670759201 -3.673340819776058 -1
      vertex -3.1828459203243256 -3.4966959208250046 0
      vertex -3.144933670759201 -3.673340819776058 0
    endloop
  endfacet
  facet normal 0.9904594202165689 0.1378047056680512 0
    outer loop
      vertex -3.1828459203243256 -3.4966959208250046 -1
      vertex -3.2077500000596046 -3.3176999986171722 0
      vertex -3.1828459203243256 -3.4966959208250046 0
    endloop
  endfacet
  facet normal 0.9965252119479723 0.0832916679629425 0
    outer loop
      vertex -3.2077500000596046 -3.3176999986171722 -1
      vertex -3.224835716187954 -3.1132816299796104 0
      vertex -3.2077500000596046 -3.3176999986171722 0
    endloop
  endfacet
  facet normal 0.9983694715966495 0.05708238067763812 0
    outer loop
      vertex -3.224835716187954 -3.1132816299796104 -1
      vertex -3.239292860031128 -2.8604265302419662 0
      vertex -3.224835716187954 -3.1132816299796104 0
    endloop
  endfacet
  facet normal 0.9992302349466786 0.03922929477323747 0
    outer loop
      vertex -3.239292860031128 -2.8604265302419662 -1
      vertex -3.2511214315891266 -2.559134691953659 0
      vertex -3.239292860031128 -2.8604265302419662 0
    endloop
  endfacet
  facet normal 0.9996541736853911 0.026297015674366948 0
    outer loop
      vertex -3.2511214315891266 -2.559134691953659 -1
      vertex -3.26032143086195 -2.2094061225652695 0
      vertex -3.2511214315891266 -2.559134691953659 0
    endloop
  endfacet
  facet normal 0.999863832384833 0.01650202074639967 0
    outer loop
      vertex -3.26032143086195 -2.2094061225652695 -1
      vertex -3.266892857849598 -1.8112408146262169 0
      vertex -3.26032143086195 -2.2094061225652695 0
    endloop
  endfacet
  facet normal 0.999961030506538 0.008828219996274233 0
    outer loop
      vertex -3.266892857849598 -1.8112408146262169 -1
      vertex -3.2708357125520706 -1.364638775587082 0
      vertex -3.266892857849598 -1.8112408146262169 0
    endloop
  endfacet
  facet normal 0.9999964757103948 0.002654913706636719 0
    outer loop
      vertex -3.2708357125520706 -1.364638775587082 -1
      vertex -3.2721500024199486 -0.8695999979972839 0
      vertex -3.2708357125520706 -1.364638775587082 0
    endloop
  endfacet
  facet normal 1 0 0
    outer loop
      vertex -3.2721500024199486 -0.8695999979972839 -1
      vertex -3.2721500024199486 0.6494000032544136 0
      vertex -3.2721500024199486 -0.8695999979972839 0
    endloop
  endfacet
  facet normal 0.8063858137254724 0.5913898201882647 0
    outer loop
      vertex -2.644192859530449 -4.679548978805542 -1
      vertex -2.760250002145767 -4.5213000029325485 0
      vertex -2.644192859530449 -4.679548978805542 0
    endloop
  endfacet
  facet normal 0.7518264991055937 0.6593609900825396 0
    outer loop
      vertex -2.514992855489254 -4.82686734944582 -1
      vertex -2.644192859530449 -4.679548978805542 0
      vertex -2.514992855489254 -4.82686734944582 0
    endloop
  endfacet
  facet normal 0.6918414900523905 0.722049411496255 0
    outer loop
      vertex -2.372649997472763 -4.963255099952221 -1
      vertex -2.514992855489254 -4.82686734944582 0
      vertex -2.372649997472763 -4.963255099952221 0
    endloop
  endfacet
  facet normal 0.42936310000942307 0.9031319551152523 0
    outer loop
      vertex -1.6718500033020973 -5.399499997496605 -1
      vertex -1.866764284670353 -5.306834690272808 0
      vertex -1.6718500033020973 -5.399499997496605 0
    endloop
  endfacet
  facet normal 0.3601403550524524 0.9328981319858528 0
    outer loop
      vertex -1.4621724486351013 -5.480444900691509 -1
      vertex -1.6718500033020973 -5.399499997496605 0
      vertex -1.4621724486351013 -5.480444900691509 0
    endloop
  endfacet
  facet normal 0.6279509065197405 0.7782529530949664 0
    outer loop
      vertex -2.217164285480976 -5.088712245225906 -1
      vertex -2.372649997472763 -4.963255099952221 0
      vertex -2.217164285480976 -5.088712245225906 0
    endloop
  endfacet
  facet normal 0.5618372780598069 0.8272477700074792 0
    outer loop
      vertex -2.0485357120633125 -5.203238777816296 -1
      vertex -2.217164285480976 -5.088712245225906 0
      vertex -2.0485357120633125 -5.203238777816296 0
    endloop
  endfacet
  facet normal 0.4951532546522558 0.8688056482362889 0
    outer loop
      vertex -1.866764284670353 -5.306834690272808 -1
      vertex -2.0485357120633125 -5.203238777816296 0
      vertex -1.866764284670353 -5.306834690272808 0
    endloop
  endfacet
  facet normal 0.8807080710367834 0.4736594700949916 0
    outer loop
      vertex -2.863203063607216 -4.356410205364227 -1
      vertex -2.9531479626893997 -4.189169384539127 0
      vertex -2.863203063607216 -4.356410205364227 0
    endloop
  endfacet
  facet normal 0.8482365006115604 0.5296176347425133 0
    outer loop
      vertex -2.760250002145767 -4.5213000029325485 -1
      vertex -2.863203063607216 -4.356410205364227 0
      vertex -2.760250002145767 -4.5213000029325485 0
    endloop
  endfacet
  facet normal 0.9106706096122519 0.4131331998138731 0
    outer loop
      vertex -2.9531479626893997 -4.189169384539127 -1
      vertex -3.030084691941738 -4.019577547907829 0
      vertex -2.9531479626893997 -4.189169384539127 0
    endloop
  endfacet
  facet normal 0.9373111932607805 0.34849351068284135 0
    outer loop
      vertex -3.030084691941738 -4.019577547907829 -1
      vertex -3.0940132662653923 -3.847634695470333 0
      vertex -3.030084691941738 -4.019577547907829 0
    endloop
  endfacet
  facet normal 0.2900296837591508 0.9570176500663752 0
    outer loop
      vertex -1.2361683696508408 -5.548936732113361 -1
      vertex -1.4621724486351013 -5.480444900691509 0
      vertex -1.2361683696508408 -5.548936732113361 0
    endloop
  endfacet
  facet normal 0.2253035172243855 0.9742886251652131 0
    outer loop
      vertex -0.9938377514481544 -5.6049755066633224 -1
      vertex -1.2361683696508408 -5.548936732113361 0
      vertex -0.9938377514481544 -5.6049755066633224 0
    endloop
  endfacet
  facet normal 0.16616508772333713 0.9860979482900751 0
    outer loop
      vertex -0.7351806089282036 -5.6485612243413925 -1
      vertex -0.9938377514481544 -5.6049755066633224 0
      vertex -0.7351806089282036 -5.6485612243413925 0
    endloop
  endfacet
  facet normal 0.11249767397382453 0.9936519880473642 0
    outer loop
      vertex -0.46019694209098816 -5.679693877696991 -1
      vertex -0.7351806089282036 -5.6485612243413925 0
      vertex -0.46019694209098816 -5.679693877696991 0
    endloop
  endfacet
  facet normal 0.06399125081535172 0.9979504596016212 0
    outer loop
      vertex -0.16888673603534698 -5.698373466730118 -1
      vertex -0.46019694209098816 -5.679693877696991 0
      vertex -0.16888673603534698 -5.698373466730118 0
    endloop
  endfacet
  facet normal -0.7373555287304578 -0.6755048661931512 0
    outer loop
      vertex -0.32187653332948685 -3.9019163250923157 -1
      vertex -0.32187653332948685 -3.9019163250923157 0
      vertex -0.36790306121110916 -3.851675510406494 0
    endloop
  endfacet
  facet normal -0.8342274416817789 -0.5514205070044766 0
    outer loop
      vertex -0.36790306121110916 -3.851675510406494 -1
      vertex -0.36790306121110916 -3.851675510406494 0
      vertex -0.407150000333786 -3.7923000007867813 0
    endloop
  endfacet
  facet normal -0.6142636243783987 -0.7891008806011521 0
    outer loop
      vertex -0.26907040923833847 -3.9430224522948265 -1
      vertex -0.26907040923833847 -3.9430224522948265 0
      vertex -0.32187653332948685 -3.9019163250923157 0
    endloop
  endfacet
  facet normal -0.47280166735474655 -0.881168873341865 0
    outer loop
      vertex -0.20948469638824463 -3.9749938771128654 -1
      vertex -0.20948469638824463 -3.9749938771128654 0
      vertex -0.26907040923833847 -3.9430224522948265 0
    endloop
  endfacet
  facet normal -0.05705270337502739 -0.9983711679719127 0
    outer loop
      vertex 0.009949997067451477 -4.016099996864796 -1
      vertex 0.009949997067451477 -4.016099996864796 0
      vertex -0.06997448951005936 -4.01153264939785 0
    endloop
  endfacet
  facet normal -0.3253812682580924 -0.9455829050203665 0
    outer loop
      vertex -0.14311938732862473 -3.9978306144475937 -1
      vertex -0.14311938732862473 -3.9978306144475937 0
      vertex -0.20948469638824463 -3.9749938771128654 0
    endloop
  endfacet
  facet normal -0.18412453370806872 -0.9829029230228111 0
    outer loop
      vertex -0.06997448951005936 -4.01153264939785 -1
      vertex -0.06997448951005936 -4.01153264939785 0
      vertex -0.14311938732862473 -3.9978306144475937 0
    endloop
  endfacet
  facet normal -0.9124420954852767 -0.4092058435389667 0
    outer loop
      vertex -0.407150000333786 -3.7923000007867813 -1
      vertex -0.407150000333786 -3.7923000007867813 0
      vertex -0.44041939079761505 -3.7181163281202316 0
    endloop
  endfacet
  facet normal -0.9585162212147894 -0.28503798635992494 0
    outer loop
      vertex -0.44041939079761505 -3.7181163281202316 -1
      vertex -0.44041939079761505 -3.7181163281202316 0
      vertex -0.46857041120529175 -3.623451016843319 0
    endloop
  endfacet
  facet normal -0.9913894853476874 -0.13094612763288396 0
    outer loop
      vertex -0.4916030615568161 -3.5083040818572044 -1
      vertex -0.4916030615568161 -3.5083040818572044 0
      vertex -0.5095173493027687 -3.372675508260727 0
    endloop
  endfacet
  facet normal -0.9805753310436202 -0.19614285648142948 0
    outer loop
      vertex -0.46857041120529175 -3.623451016843319 -1
      vertex -0.46857041120529175 -3.623451016843319 0
      vertex -0.4916030615568161 -3.5083040818572044 0
    endloop
  endfacet
  facet normal -0.9966575216132539 -0.08169323479778558 0
    outer loop
      vertex -0.5095173493027687 -3.372675508260727 -1
      vertex -0.5095173493027687 -3.372675508260727 0
      vertex -0.522313266992569 -3.216565303504467 0
    endloop
  endfacet
  facet normal -0.9990562463137143 -0.043435201180046325 0
    outer loop
      vertex -0.522313266992569 -3.216565303504467 -1
      vertex -0.522313266992569 -3.216565303504467 0
      vertex -0.5299908146262169 -3.0399734675884247 0
    endloop
  endfacet
  facet normal -0.999915693290478 -0.012984849303041003 0
    outer loop
      vertex -0.5299908146262169 -3.0399734675884247 -1
      vertex -0.5299908146262169 -3.0399734675884247 0
      vertex -0.5325499996542931 -2.8429000005126 0
    endloop
  endfacet
  facet normal -1 0 0
    outer loop
      vertex -0.5325499996542931 -2.8429000005126 -1
      vertex -0.5325499996542931 -2.8429000005126 0
      vertex -0.5325499996542931 -0.8559999987483025 0
    endloop
  endfacet
  facet normal -0.99986525726277 0.016415459751552362 0
    outer loop
      vertex -0.5325499996542931 -0.8559999987483025 -1
      vertex -0.5325499996542931 -0.8559999987483025 0
      vertex -0.5298520401120186 -0.6916673481464386 0
    endloop
  endfacet
  facet normal -0.9985107661105448 0.054555017746610715 0
    outer loop
      vertex -0.5298520401120186 -0.6916673481464386 -1
      vertex -0.5298520401120186 -0.6916673481464386 0
      vertex -0.5217581614851952 -0.5435265302658081 0
    endloop
  endfacet
  facet normal -0.9948146199739587 0.10170482725056994 0
    outer loop
      vertex -0.5217581614851952 -0.5435265302658081 -1
      vertex -0.5217581614851952 -0.5435265302658081 0
      vertex -0.5082683637738228 -0.4115775525569916 0
    endloop
  endfacet
  facet normal -0.9869510652899885 0.16102047920359897 0
    outer loop
      vertex -0.5082683637738228 -0.4115775525569916 -1
      vertex -0.5082683637738228 -0.4115775525569916 0
      vertex -0.48938265442848206 -0.2958204075694084 0
    endloop
  endfacet
  facet normal -0.9715261447237518 0.23693237456752078 0
    outer loop
      vertex -0.48938265442848206 -0.2958204075694084 -1
      vertex -0.48938265442848206 -0.2958204075694084 0
      vertex -0.4651010185480118 -0.19625510275363922 0
    endloop
  endfacet
  facet normal -0.9420946214686674 0.33534716966124584 0
    outer loop
      vertex -0.4651010185480118 -0.19625510275363922 -1
      vertex -0.4651010185480118 -0.19625510275363922 0
      vertex -0.43542347103357315 -0.1128816306591034 0
    endloop
  endfacet
  facet normal -0.886464750379901 0.4627961174576767 0
    outer loop
      vertex -0.43542347103357315 -0.1128816306591034 -1
      vertex -0.43542347103357315 -0.1128816306591034 0
      vertex -0.400349996984005 -0.04569999873638153 0
    endloop
  endfacet
  facet normal -0.8019671377706871 0.5973681527633457 0
    outer loop
      vertex -0.400349996984005 -0.04569999873638153 -1
      vertex -0.400349996984005 -0.04569999873638153 0
      vertex -0.35946224629879 0.009191833436489105 0
    endloop
  endfacet
  facet normal 1 0 0
    outer loop
      vertex -3.2721500024199486 -0.8695999979972839 -1
      vertex -3.2721500024199486 0.6494000032544136 -1
      vertex -3.2721500024199486 0.6494000032544136 0
    endloop
  endfacet
  facet normal 0.9999975719597729 -0.002203650280528095 0
    outer loop
      vertex -3.2721500024199486 0.6494000032544136 -1
      vertex -3.270974487066269 1.1828387752175331 -1
      vertex -3.270974487066269 1.1828387752175331 0
    endloop
  endfacet
  facet normal 0.9999730606839953 -0.007340157102047309 0
    outer loop
      vertex -3.270974487066269 1.1828387752175331 -1
      vertex -3.267447955906391 1.6632693856954575 -1
      vertex -3.267447955906391 1.6632693856954575 0
    endloop
  endfacet
  facet normal 0.9999054664477645 -0.013749842467405673 0
    outer loop
      vertex -3.267447955906391 1.6632693856954575 -1
      vertex -3.2615704089403152 2.0906918346881866 -1
      vertex -3.2615704089403152 2.0906918346881866 0
    endloop
  endfacet
  facet normal 0.999758589224652 -0.02197187455666091 0
    outer loop
      vertex -3.2615704089403152 2.0906918346881866 -1
      vertex -3.2533418387174606 2.4651061221957207 -1
      vertex -3.2533418387174606 2.4651061221957207 0
    endloop
  endfacet
  facet normal 0.9994586889152459 -0.03289877128127823 0
    outer loop
      vertex -3.2533418387174606 2.4651061221957207 -1
      vertex -3.2427622452378273 2.7865122482180595 -1
      vertex -3.2427622452378273 2.7865122482180595 0
    endloop
  endfacet
  facet normal 0.9988415044547095 -0.04812119053652262 0
    outer loop
      vertex -3.2427622452378273 2.7865122482180595 -1
      vertex -3.229831635951996 3.0549102053046227 -1
      vertex -3.229831635951996 3.0549102053046227 0
    endloop
  endfacet
  facet normal 0.9974926010279423 -0.07077083364289452 0
    outer loop
      vertex -3.229831635951996 3.0549102053046227 -1
      vertex -3.2145500034093857 3.2703000009059906 -1
      vertex -3.2145500034093857 3.2703000009059906 0
    endloop
  endfacet
  facet normal 0.9920879650170147 -0.1255446919164585 0
    outer loop
      vertex -3.2145500034093857 3.2703000009059906 -1
      vertex -3.1908275485038757 3.457761228084564 -1
      vertex -3.1908275485038757 3.457761228084564 0
    endloop
  endfacet
  facet normal 0.9791874612943506 -0.20295791594299645 0
    outer loop
      vertex -3.1908275485038757 3.457761228084564 -1
      vertex -3.152574487030506 3.6423163264989853 -1
      vertex -3.152574487030506 3.6423163264989853 0
    endloop
  endfacet
  facet normal 0.9602798588797886 -0.2790386937860289 0
    outer loop
      vertex -3.152574487030506 3.6423163264989853 -1
      vertex -3.099790818989277 3.8239653035998344 -1
      vertex -3.099790818989277 3.8239653035998344 0
    endloop
  endfacet
  facet normal 0 0 1
    outer loop
      vertex -0.400349996984005 -0.04569999873638153 -1
      vertex -3.270974487066269 1.1828387752175331 -1
      vertex -3.2721500024199486 0.6494000032544136 -1
    endloop
  endfacet
  facet normal 0 0 1
    outer loop
      vertex -3.270974487066269 1.1828387752175331 -1
      vertex -0.5325499996542931 0.9748999997973442 -1
      vertex -3.267447955906391 1.6632693856954575 -1
    endloop
  endfacet
  facet normal 0 0 1
    outer loop
      vertex -3.267447955906391 1.6632693856954575 -1
      vertex -0.5325499996542931 2.724500000476837 -1
      vertex -3.2615704089403152 2.0906918346881866 -1
    endloop
  endfacet
  facet normal 0 0 1
    outer loop
      vertex -3.2615704089403152 2.0906918346881866 -1
      vertex -0.5325499996542931 2.724500000476837 -1
      vertex -3.2533418387174606 2.4651061221957207 -1
    endloop
  endfacet
  facet normal 0 0 1
    outer loop
      vertex -3.2533418387174606 2.4651061221957207 -1
      vertex -0.5325499996542931 2.724500000476837 -1
      vertex -3.2427622452378273 2.7865122482180595 -1
    endloop
  endfacet
  facet normal 0 0 1
    outer loop
      vertex -3.2427622452378273 2.7865122482180595 -1
      vertex -0.5321357175707817 2.89237143099308 -1
      vertex -3.229831635951996 3.0549102053046227 -1
    endloop
  endfacet
  facet normal 0 0 1
    outer loop
      vertex -0.48938265442848206 -0.2958204075694084 -1
      vertex -0.4651010185480118 -0.19625510275363922 -1
      vertex -3.2721500024199486 0.6494000032544136 -1
    endloop
  endfacet
  facet normal 0 0 1
    outer loop
      vertex -0.4651010185480118 -0.19625510275363922 -1
      vertex -0.43542347103357315 -0.1128816306591034 -1
      vertex -3.2721500024199486 0.6494000032544136 -1
    endloop
  endfacet
  facet normal 0 0 1
    outer loop
      vertex -0.43542347103357315 -0.1128816306591034 -1
      vertex -0.400349996984005 -0.04569999873638153 -1
      vertex -3.2721500024199486 0.6494000032544136 -1
    endloop
  endfacet
  facet normal 0 0 1
    outer loop
      vertex -0.400349996984005 -0.04569999873638153 -1
      vertex -0.35946224629879 0.009191833436489105 -1
      vertex -3.270974487066269 1.1828387752175331 -1
    endloop
  endfacet
  facet normal 0 0 1
    outer loop
      vertex -3.270974487066269 1.1828387752175331 -1
      vertex -0.3123418390750885 0.05563877522945404 -1
      vertex -0.5325499996542931 0.9748999997973442 -1
    endloop
  endfacet
  facet normal 0 0 1
    outer loop
      vertex -3.270974487066269 1.1828387752175331 -1
      vertex -0.35946224629879 0.009191833436489105 -1
      vertex -0.3123418390750885 0.05563877522945404 -1
    endloop
  endfacet
  facet normal 0 0 1
    outer loop
      vertex -0.3123418390750885 0.05563877522945404 -1
      vertex -0.25898877531290054 0.09364081919193268 -1
      vertex -0.5325499996542931 0.9748999997973442 -1
    endloop
  endfacet
  facet normal 0 0 1
    outer loop
      vertex -0.25898877531290054 0.09364081919193268 -1
      vertex -0.1994030624628067 0.12319795787334442 -1
      vertex -0.5325499996542931 0.9748999997973442 -1
    endloop
  endfacet
  facet normal 0 0 1
    outer loop
      vertex -0.1994030624628067 0.12319795787334442 -1
      vertex -0.13358469307422638 0.14431020617485046 -1
      vertex -0.5325499996542931 0.9748999997973442 -1
    endloop
  endfacet
  facet normal 0 0 1
    outer loop
      vertex -0.13358469307422638 0.14431020617485046 -1
      vertex -0.06153367459774017 0.1569775491952896 -1
      vertex -0.5325499996542931 0.9748999997973442 -1
    endloop
  endfacet
  facet normal 0 0 1
    outer loop
      vertex -0.06153367459774017 0.1569775491952896 -1
      vertex 0.016750000417232513 0.16120000183582306 -1
      vertex -0.5325499996542931 0.9748999997973442 -1
    endloop
  endfacet
  facet normal 0 0 1
    outer loop
      vertex -0.5325499996542931 0.9748999997973442 -1
      vertex 0.016750000417232513 0.16120000183582306 -1
      vertex -0.468480609357357 1.0963448956608772 -1
    endloop
  endfacet
  facet normal 0 0 1
    outer loop
      vertex -0.468480609357357 1.0963448956608772 -1
      vertex 0.016750000417232513 0.16120000183582306 -1
      vertex 0.09674184024333954 0.15677142888307571 -1
    endloop
  endfacet
  facet normal 0 0 1
    outer loop
      vertex -0.3963867351412773 1.2087938785552979 -1
      vertex 0.09674184024333954 0.15677142888307571 -1
      vertex 0.1700887754559517 0.14348571747541428 -1
    endloop
  endfacet
  facet normal 0 0 1
    outer loop
      vertex -0.468480609357357 1.0963448956608772 -1
      vertex 0.09674184024333954 0.15677142888307571 -1
      vertex -0.3963867351412773 1.2087938785552979 -1
    endloop
  endfacet
  facet normal 0 0 1
    outer loop
      vertex -0.3963867351412773 1.2087938785552979 -1
      vertex 0.1700887754559517 0.14348571747541428 -1
      vertex -0.3162683695554733 1.3122469410300255 -1
    endloop
  endfacet
  facet normal 0 0 1
    outer loop
      vertex -0.3162683695554733 1.3122469410300255 -1
      vertex 0.23679081350564957 0.12134286016225815 -1
      vertex -0.22812551259994507 1.4067040830850601 -1
    endloop
  endfacet
  facet normal 0 0 1
    outer loop
      vertex -0.22812551259994507 1.4067040830850601 -1
      vertex 0.23679081350564957 0.12134286016225815 -1
      vertex -0.13195816427469254 1.4921653047204018 -1
    endloop
  endfacet
  facet normal 0 0 1
    outer loop
      vertex -3.267447955906391 1.6632693856954575 -1
      vertex -0.5325499996542931 0.9748999997973442 -1
      vertex -0.5325499996542931 2.724500000476837 -1
    endloop
  endfacet
  facet normal 0 0 1
    outer loop
      vertex -3.2427622452378273 2.7865122482180595 -1
      vertex -0.5325499996542931 2.724500000476837 -1
      vertex -0.5321357175707817 2.89237143099308 -1
    endloop
  endfacet
  facet normal 0 0 1
    outer loop
      vertex -3.229831635951996 3.0549102053046227 -1
      vertex -0.5321357175707817 2.89237143099308 -1
      vertex -0.5308928564190865 3.043357141315937 -1
    endloop
  endfacet
  facet normal -0.7019990873052377 0.7121778439565593 0
    outer loop
      vertex -0.35946224629879 0.009191833436489105 -1
      vertex -0.3123418390750885 0.05563877522945404 0
      vertex -0.3123418390750885 0.05563877522945404 -1
    endloop
  endfacet
  facet normal -0.5801531305539454 0.8145074248332281 0
    outer loop
      vertex -0.3123418390750885 0.05563877522945404 -1
      vertex -0.25898877531290054 0.09364081919193268 0
      vertex -0.25898877531290054 0.09364081919193268 -1
    endloop
  endfacet
  facet normal -0.4443762337282671 0.8958402552338673 0
    outer loop
      vertex -0.25898877531290054 0.09364081919193268 -1
      vertex -0.1994030624628067 0.12319795787334442 0
      vertex -0.1994030624628067 0.12319795787334442 -1
    endloop
  endfacet
  facet normal -0.3054366823631358 0.9522123886334398 0
    outer loop
      vertex -0.1994030624628067 0.12319795787334442 -1
      vertex -0.13358469307422638 0.14431020617485046 0
      vertex -0.13358469307422638 0.14431020617485046 -1
    endloop
  endfacet
  facet normal -0.1731550465600065 0.9848945780390924 0
    outer loop
      vertex -0.13358469307422638 0.14431020617485046 -1
      vertex -0.06153367459774017 0.1569775491952896 0
      vertex -0.06153367459774017 0.1569775491952896 -1
    endloop
  endfacet
  facet normal -0.05385955421236778 0.998548520814109 0
    outer loop
      vertex -0.06153367459774017 0.1569775491952896 -1
      vertex 0.016750000417232513 0.16120000183582306 0
      vertex 0.016750000417232513 0.16120000183582306 -1
    endloop
  endfacet
  facet normal 0.884464488394168 -0.4666075104085257 0
    outer loop
      vertex -0.5325499996542931 0.9748999997973442 -1
      vertex -0.468480609357357 1.0963448956608772 -1
      vertex -0.468480609357357 1.0963448956608772 0
    endloop
  endfacet
  facet normal 0.8418410661508618 -0.5397255036979264 0
    outer loop
      vertex -0.468480609357357 1.0963448956608772 -1
      vertex -0.3963867351412773 1.2087938785552979 -1
      vertex -0.3963867351412773 1.2087938785552979 0
    endloop
  endfacet
  facet normal 0.7906287275437724 -0.6122958559246628 0
    outer loop
      vertex -0.3963867351412773 1.2087938785552979 -1
      vertex -0.3162683695554733 1.3122469410300255 -1
      vertex -0.3162683695554733 1.3122469410300255 0
    endloop
  endfacet
  facet normal 0.731121450007175 -0.6822473344318802 0
    outer loop
      vertex -0.3162683695554733 1.3122469410300255 -1
      vertex -0.22812551259994507 1.4067040830850601 -1
      vertex -0.22812551259994507 1.4067040830850601 0
    endloop
  endfacet
  facet normal 0.664273233785042 -0.747489846671353 0
    outer loop
      vertex -0.22812551259994507 1.4067040830850601 -1
      vertex -0.13195816427469254 1.4921653047204018 -1
      vertex -0.13195816427469254 1.4921653047204018 0
    endloop
  endfacet
  facet normal -1 0 0
    outer loop
      vertex -0.5325499996542931 0.9748999997973442 -1
      vertex -0.5325499996542931 0.9748999997973442 0
      vertex -0.5325499996542931 2.724500000476837 -1
    endloop
  endfacet
  facet normal 0.59165525734512 -0.8061910793700708 0
    outer loop
      vertex -0.13195816427469254 1.4921653047204018 -1
      vertex -0.02776632457971573 1.568630613386631 -1
      vertex -0.02776632457971573 1.568630613386631 0
    endloop
  endfacet
  facet normal -0.999996954863664 0.0024678459026167736 0
    outer loop
      vertex -0.5325499996542931 2.724500000476837 -1
      vertex -0.5325499996542931 2.724500000476837 0
      vertex -0.5321357175707817 2.89237143099308 -1
    endloop
  endfacet
  facet normal -0.9999661217110336 0.008231368670773247 0
    outer loop
      vertex -0.5321357175707817 2.89237143099308 -1
      vertex -0.5321357175707817 2.89237143099308 0
      vertex -0.5308928564190865 3.043357141315937 -1
    endloop
  endfacet
  facet normal 0 0 1
    outer loop
      vertex -3.229831635951996 3.0549102053046227 -1
      vertex -0.5308928564190865 3.043357141315937 -1
      vertex -3.2145500034093857 3.2703000009059906 -1
    endloop
  endfacet
  facet normal 0 0 1
    outer loop
      vertex -3.2145500034093857 3.2703000009059906 -1
      vertex -0.5288214311003685 3.177457146346569 -1
      vertex -3.1908275485038757 3.457761228084564 -1
    endloop
  endfacet
  facet normal 0 0 1
    outer loop
      vertex -3.1908275485038757 3.457761228084564 -1
      vertex -0.5288214311003685 3.177457146346569 -1
      vertex -3.152574487030506 3.6423163264989853 -1
    endloop
  endfacet
  facet normal 0 0 1
    outer loop
      vertex -3.152574487030506 3.6423163264989853 -1
      vertex -0.5259214267134666 3.294671431183815 -1
      vertex -3.099790818989277 3.8239653035998344 -1
    endloop
  endfacet
  facet normal 0 0 1
    outer loop
      vertex -3.099790818989277 3.8239653035998344 -1
      vertex -0.5259214267134666 3.294671431183815 -1
      vertex -3.032476529479027 4.002708166837692 -1
    endloop
  endfacet
  facet normal 0 0 1
    outer loop
      vertex -3.032476529479027 4.002708166837692 -1
      vertex -0.5221928581595421 3.3950000032782555 -1
      vertex -2.950631633400917 4.1785449013113976 -1
    endloop
  endfacet
  facet normal 0 0 1
    outer loop
      vertex -2.950631633400917 4.1785449013113976 -1
      vertex -0.5176357179880142 3.47844285517931 -1
      vertex -2.854256123304367 4.35147550702095 -1
    endloop
  endfacet
  facet normal 0 0 1
    outer loop
      vertex -2.854256123304367 4.35147550702095 -1
      vertex -0.5176357179880142 3.47844285517931 -1
      vertex -2.743349999189377 4.521499998867512 -1
    endloop
  endfacet
  facet normal 0 0 1
    outer loop
      vertex -2.743349999189377 4.521499998867512 -1
      vertex -0.5122499987483025 3.5450000017881393 -1
      vertex -2.618992857635021 4.684048980474472 -1
    endloop
  endfacet
  facet normal 0 0 1
    outer loop
      vertex -2.618992857635021 4.684048980474472 -1
      vertex -0.5122499987483025 3.5450000017881393 -1
      vertex -2.4823214262723923 4.834553062915802 -1
    endloop
  endfacet
  facet normal 0 0 1
    outer loop
      vertex -2.4823214262723923 4.834553062915802 -1
      vertex -0.504070408642292 3.6015918403863907 -1
      vertex -2.3333357125520706 4.973012246191502 -1
    endloop
  endfacet
  facet normal 0 0 1
    outer loop
      vertex -2.3333357125520706 4.973012246191502 -1
      vertex -0.504070408642292 3.6015918403863907 -1
      vertex -2.1720357164740562 5.099426530301571 -1
    endloop
  endfacet
  facet normal 0 0 1
    outer loop
      vertex -2.1720357164740562 5.099426530301571 -1
      vertex -0.49118877202272415 3.655138775706291 -1
      vertex -1.9984214305877686 5.21379591524601 -1
    endloop
  endfacet
  facet normal 0 0 1
    outer loop
      vertex -3.2145500034093857 3.2703000009059906 -1
      vertex -0.5308928564190865 3.043357141315937 -1
      vertex -0.5288214311003685 3.177457146346569 -1
    endloop
  endfacet
  facet normal 0 0 1
    outer loop
      vertex -3.152574487030506 3.6423163264989853 -1
      vertex -0.5288214311003685 3.177457146346569 -1
      vertex -0.5259214267134666 3.294671431183815 -1
    endloop
  endfacet
  facet normal 0 0 1
    outer loop
      vertex -3.032476529479027 4.002708166837692 -1
      vertex -0.5259214267134666 3.294671431183815 -1
      vertex -0.5221928581595421 3.3950000032782555 -1
    endloop
  endfacet
  facet normal 0 0 1
    outer loop
      vertex -2.950631633400917 4.1785449013113976 -1
      vertex -0.5221928581595421 3.3950000032782555 -1
      vertex -0.5176357179880142 3.47844285517931 -1
    endloop
  endfacet
  facet normal 0 0 1
    outer loop
      vertex -2.743349999189377 4.521499998867512 -1
      vertex -0.5176357179880142 3.47844285517931 -1
      vertex -0.5122499987483025 3.5450000017881393 -1
    endloop
  endfacet
  facet normal 0 0 1
    outer loop
      vertex -2.4823214262723923 4.834553062915802 -1
      vertex -0.5122499987483025 3.5450000017881393 -1
      vertex -0.504070408642292 3.6015918403863907 -1
    endloop
  endfacet
  facet normal 0 0 1
    outer loop
      vertex -2.1720357164740562 5.099426530301571 -1
      vertex -0.504070408642292 3.6015918403863907 -1
      vertex -0.49118877202272415 3.655138775706291 -1
    endloop
  endfacet
  facet normal 0 0 1
    outer loop
      vertex -1.9984214305877686 5.21379591524601 -1
      vertex -0.49118877202272415 3.655138775706291 -1
      vertex -0.47360510379076004 3.7056408151984215 -1
    endloop
  endfacet
  facet normal 0 0 1
    outer loop
      vertex -1.8124928548932076 5.316120408475399 -1
      vertex -0.47360510379076004 3.7056408151984215 -1
      vertex -0.4513193890452385 3.7530979588627815 -1
    endloop
  endfacet
  facet normal 0 0 1
    outer loop
      vertex -1.6142499968409538 5.406400002539158 -1
      vertex -0.4513193890452385 3.7530979588627815 -1
      vertex -0.4243316352367401 3.7975102066993713 -1
    endloop
  endfacet
  facet normal 0 0 1
    outer loop
      vertex -0.4243316352367401 3.7975102066993713 -1
      vertex -0.3926418349146843 3.8388775512576103 -1
      vertex -1.405325509607792 5.4846653044223785 -1
    endloop
  endfacet
  facet normal 0 0 1
    outer loop
      vertex -0.3926418349146843 3.8388775512576103 -1
      vertex -0.35625000298023224 3.877199999988079 -1
      vertex -1.187409184873104 5.550889797508717 -1
    endloop
  endfacet
  facet normal 0 0 1
    outer loop
      vertex -0.35625000298023224 3.877199999988079 -1
      vertex -0.31598469614982605 3.9113979563117027 -1
      vertex -0.9605010226368904 5.605073466897011 -1
    endloop
  endfacet
  facet normal 0 0 1
    outer loop
      vertex -0.31598469614982605 3.9113979563117027 -1
      vertex -0.2726744934916496 3.940334692597389 -1
      vertex -0.9605010226368904 5.605073466897011 -1
    endloop
  endfacet
  facet normal 0 0 1
    outer loop
      vertex -0.2726744934916496 3.940334692597389 -1
      vertex -0.22631938755512238 3.964010201394558 -1
      vertex -0.7246010228991508 5.647216327488422 -1
    endloop
  endfacet
  facet normal 0 0 1
    outer loop
      vertex -0.22631938755512238 3.964010201394558 -1
      vertex -0.1769193857908249 3.9824244901537895 -1
      vertex -0.4797091856598854 5.67731836438179 -1
    endloop
  endfacet
  facet normal 0 0 1
    outer loop
      vertex -0.1769193857908249 3.9824244901537895 -1
      vertex -0.12447448819875717 3.9955775514245033 -1
      vertex -0.4797091856598854 5.67731836438179 -1
    endloop
  endfacet
  facet normal 0 0 1
    outer loop
      vertex -0.12447448819875717 3.9955775514245033 -1
      vertex -0.06898469477891922 4.003469385206699 -1
      vertex -0.22582551091909409 5.695379592478275 -1
    endloop
  endfacet
  facet normal 0 0 1
    outer loop
      vertex -0.06898469477891922 4.003469385206699 -1
      vertex -0.010449998080730438 4.006099998950958 -1
      vertex 0.037050001323223114 5.701399996876717 -1
    endloop
  endfacet
  facet normal 0 0 1
    outer loop
      vertex -1.9984214305877686 5.21379591524601 -1
      vertex -0.47360510379076004 3.7056408151984215 -1
      vertex -1.8124928548932076 5.316120408475399 -1
    endloop
  endfacet
  facet normal 0 0 1
    outer loop
      vertex -1.8124928548932076 5.316120408475399 -1
      vertex -0.4513193890452385 3.7530979588627815 -1
      vertex -1.6142499968409538 5.406400002539158 -1
    endloop
  endfacet
  facet normal 0 0 1
    outer loop
      vertex -1.6142499968409538 5.406400002539158 -1
      vertex -0.4243316352367401 3.7975102066993713 -1
      vertex -1.405325509607792 5.4846653044223785 -1
    endloop
  endfacet
  facet normal 0 0 1
    outer loop
      vertex -0.3926418349146843 3.8388775512576103 -1
      vertex -1.187409184873104 5.550889797508717 -1
      vertex -1.405325509607792 5.4846653044223785 -1
    endloop
  endfacet
  facet normal 0 0 1
    outer loop
      vertex -0.35625000298023224 3.877199999988079 -1
      vertex -0.9605010226368904 5.605073466897011 -1
      vertex -1.187409184873104 5.550889797508717 -1
    endloop
  endfacet
  facet normal 0 0 1
    outer loop
      vertex -0.2726744934916496 3.940334692597389 -1
      vertex -0.7246010228991508 5.647216327488422 -1
      vertex -0.9605010226368904 5.605073466897011 -1
    endloop
  endfacet
  facet normal 0 0 1
    outer loop
      vertex -0.22631938755512238 3.964010201394558 -1
      vertex -0.4797091856598854 5.67731836438179 -1
      vertex -0.7246010228991508 5.647216327488422 -1
    endloop
  endfacet
  facet normal 0 0 1
    outer loop
      vertex -0.12447448819875717 3.9955775514245033 -1
      vertex -0.22582551091909409 5.695379592478275 -1
      vertex -0.4797091856598854 5.67731836438179 -1
    endloop
  endfacet
  facet normal 0 0 1
    outer loop
      vertex -0.06898469477891922 4.003469385206699 -1
      vertex 0.037050001323223114 5.701399996876717 -1
      vertex -0.22582551091909409 5.695379592478275 -1
    endloop
  endfacet
  facet normal 0.935836453029704 -0.3524345800014277 0
    outer loop
      vertex -3.099790818989277 3.8239653035998344 -1
      vertex -3.032476529479027 4.002708166837692 -1
      vertex -3.032476529479027 4.002708166837692 0
    endloop
  endfacet
  facet normal 0.9066020541566034 -0.4219866294078843 0
    outer loop
      vertex -3.032476529479027 4.002708166837692 -1
      vertex -2.950631633400917 4.1785449013113976 -1
      vertex -2.950631633400917 4.1785449013113976 0
    endloop
  endfacet
  facet normal 0.8735068521107593 -0.48681185206972116 0
    outer loop
      vertex -2.950631633400917 4.1785449013113976 -1
      vertex -2.854256123304367 4.35147550702095 -1
      vertex -2.854256123304367 4.35147550702095 0
    endloop
  endfacet
  facet normal 0.8375641930276243 -0.5463389264531536 0
    outer loop
      vertex -2.854256123304367 4.35147550702095 -1
      vertex -2.743349999189377 4.521499998867512 -1
      vertex -2.743349999189377 4.521499998867512 0
    endloop
  endfacet
  facet normal 0.7942281907614857 -0.6076196022181453 0
    outer loop
      vertex -2.743349999189377 4.521499998867512 -1
      vertex -2.618992857635021 4.684048980474472 -1
      vertex -2.618992857635021 4.684048980474472 0
    endloop
  endfacet
  facet normal 0.7403083381020908 -0.6722674799040337 0
    outer loop
      vertex -2.618992857635021 4.684048980474472 -1
      vertex -2.4823214262723923 4.834553062915802 -1
      vertex -2.4823214262723923 4.834553062915802 0
    endloop
  endfacet
  facet normal 0.6807554692327851 -0.7325107447059399 0
    outer loop
      vertex -2.4823214262723923 4.834553062915802 -1
      vertex -2.3333357125520706 4.973012246191502 -1
      vertex -2.3333357125520706 4.973012246191502 0
    endloop
  endfacet
  facet normal 0.6168513234709813 -0.7870796940158594 0
    outer loop
      vertex -2.3333357125520706 4.973012246191502 -1
      vertex -2.1720357164740562 5.099426530301571 -1
      vertex -2.1720357164740562 5.099426530301571 0
    endloop
  endfacet
  facet normal 0.5501181414192651 -0.83508684008396 0
    outer loop
      vertex -2.1720357164740562 5.099426530301571 -1
      vertex -1.9984214305877686 5.21379591524601 -1
      vertex -1.9984214305877686 5.21379591524601 0
    endloop
  endfacet
  facet normal 0.4821494533024046 -0.8760889821703001 0
    outer loop
      vertex -1.9984214305877686 5.21379591524601 -1
      vertex -1.8124928548932076 5.316120408475399 -1
      vertex -1.8124928548932076 5.316120408475399 0
    endloop
  endfacet
  facet normal 0.41444659822588686 -0.9100736328556005 0
    outer loop
      vertex -1.8124928548932076 5.316120408475399 -1
      vertex -1.6142499968409538 5.406400002539158 -1
      vertex -1.6142499968409538 5.406400002539158 0
    endloop
  endfacet
  facet normal -0.9998807184521216 0.015445027279652322 0
    outer loop
      vertex -0.5308928564190865 3.043357141315937 -1
      vertex -0.5308928564190865 3.043357141315937 0
      vertex -0.5288214311003685 3.177457146346569 -1
    endloop
  endfacet
  facet normal -0.9996940806797223 0.02473348042481756 0
    outer loop
      vertex -0.5288214311003685 3.177457146346569 -1
      vertex -0.5288214311003685 3.177457146346569 0
      vertex -0.5259214267134666 3.294671431183815 -1
    endloop
  endfacet
  facet normal -0.9993101487938482 0.037137939059903015 0
    outer loop
      vertex -0.5259214267134666 3.294671431183815 -1
      vertex -0.5259214267134666 3.294671431183815 0
      vertex -0.5221928581595421 3.3950000032782555 -1
    endloop
  endfacet
  facet normal -0.9985119884386584 0.054532641090236714 0
    outer loop
      vertex -0.5221928581595421 3.3950000032782555 -1
      vertex -0.5221928581595421 3.3950000032782555 0
      vertex -0.5176357179880142 3.47844285517931 -1
    endloop
  endfacet
  facet normal -0.9967420708162059 0.08065509447655377 0
    outer loop
      vertex -0.5176357179880142 3.47844285517931 -1
      vertex -0.5176357179880142 3.47844285517931 0
      vertex -0.5122499987483025 3.5450000017881393 -1
    endloop
  endfacet
  facet normal -0.989715452149246 0.14305007436912934 0
    outer loop
      vertex -0.5122499987483025 3.5450000017881393 -1
      vertex -0.5122499987483025 3.5450000017881393 0
      vertex -0.504070408642292 3.6015918403863907 -1
    endloop
  endfacet
  facet normal -0.972262017047301 0.23389435693730198 0
    outer loop
      vertex -0.504070408642292 3.6015918403863907 -1
      vertex -0.504070408642292 3.6015918403863907 0
      vertex -0.49118877202272415 3.655138775706291 -1
    endloop
  endfacet
  facet normal -0.9443938074105804 0.32881656972322376 0
    outer loop
      vertex -0.49118877202272415 3.655138775706291 -1
      vertex -0.49118877202272415 3.655138775706291 0
      vertex -0.47360510379076004 3.7056408151984215 -1
    endloop
  endfacet
  facet normal -0.9051642080444667 0.42506206191006174 0
    outer loop
      vertex -0.47360510379076004 3.7056408151984215 -1
      vertex -0.47360510379076004 3.7056408151984215 0
      vertex -0.4513193890452385 3.7530979588627815 -1
    endloop
  endfacet
  facet normal -0.8545896298279222 0.5193039231419063 0
    outer loop
      vertex -0.4513193890452385 3.7530979588627815 -1
      vertex -0.4513193890452385 3.7530979588627815 0
      vertex -0.4243316352367401 3.7975102066993713 -1
    endloop
  endfacet
  facet normal -0.7938394709418795 0.6081273669016359 0
    outer loop
      vertex -0.4243316352367401 3.7975102066993713 -1
      vertex -0.4243316352367401 3.7975102066993713 0
      vertex -0.3926418349146843 3.8388775512576103 -1
    endloop
  endfacet
  facet normal -0.7251363700089614 0.6886052896182446 0
    outer loop
      vertex -0.3926418349146843 3.8388775512576103 -1
      vertex -0.3926418349146843 3.8388775512576103 0
      vertex -0.35625000298023224 3.877199999988079 -1
    endloop
  endfacet
  facet normal -0.6473455597652547 0.7621966453955364 0
    outer loop
      vertex -0.35625000298023224 3.877199999988079 -1
      vertex -0.35625000298023224 3.877199999988079 0
      vertex -0.31598469614982605 3.9113979563117027 -1
    endloop
  endfacet
  facet normal -0.5555408212444233 0.8314892638699983 0
    outer loop
      vertex -0.31598469614982605 3.9113979563117027 -1
      vertex -0.31598469614982605 3.9113979563117027 0
      vertex -0.2726744934916496 3.940334692597389 -1
    endloop
  endfacet
  facet normal -0.45485054938873254 0.8905677839001185 0
    outer loop
      vertex -0.2726744934916496 3.940334692597389 -1
      vertex -0.2726744934916496 3.940334692597389 0
      vertex -0.22631938755512238 3.964010201394558 -1
    endloop
  endfacet
  facet normal -0.349281684391987 0.937017771949015 0
    outer loop
      vertex -0.22631938755512238 3.964010201394558 -1
      vertex -0.22631938755512238 3.964010201394558 0
      vertex -0.1769193857908249 3.9824244901537895 -1
    endloop
  endfacet
  facet normal -0.2432638074371864 0.9699601641259107 0
    outer loop
      vertex -0.1769193857908249 3.9824244901537895 -1
      vertex -0.1769193857908249 3.9824244901537895 0
      vertex -0.12447448819875717 3.9955775514245033 -1
    endloop
  endfacet
  facet normal -0.14080446711541253 0.9900374245655286 0
    outer loop
      vertex -0.12447448819875717 3.9955775514245033 -1
      vertex -0.12447448819875717 3.9955775514245033 0
      vertex -0.06898469477891922 4.003469385206699 -1
    endloop
  endfacet
  facet normal -0.04489578627842666 0.9989916758284034 0
    outer loop
      vertex -0.06898469477891922 4.003469385206699 -1
      vertex -0.06898469477891922 4.003469385206699 0
      vertex -0.010449998080730438 4.006099998950958 -1
    endloop
  endfacet
  facet normal 0.3508036243693606 -0.936449046734162 0
    outer loop
      vertex -1.6142499968409538 5.406400002539158 -1
      vertex -1.405325509607792 5.4846653044223785 -1
      vertex -1.405325509607792 5.4846653044223785 0
    endloop
  endfacet
  facet normal 0.2907683211531132 -0.9567934904741985 0
    outer loop
      vertex -1.405325509607792 5.4846653044223785 -1
      vertex -1.187409184873104 5.550889797508717 -1
      vertex -1.187409184873104 5.550889797508717 0
    endloop
  endfacet
  facet normal 0.23226107886518302 -0.9726534795313186 0
    outer loop
      vertex -1.187409184873104 5.550889797508717 -1
      vertex -0.9605010226368904 5.605073466897011 -1
      vertex -0.9605010226368904 5.605073466897011 0
    endloop
  endfacet
  facet normal 0.17586286751804014 -0.9844146747323164 0
    outer loop
      vertex -0.9605010226368904 5.605073466897011 -1
      vertex -0.7246010228991508 5.647216327488422 -1
      vertex -0.7246010228991508 5.647216327488422 0
    endloop
  endfacet
  facet normal 0.12200150267857758 -0.9925299155915498 0
    outer loop
      vertex -0.7246010228991508 5.647216327488422 -1
      vertex -0.4797091856598854 5.67731836438179 -1
      vertex -0.4797091856598854 5.67731836438179 0
    endloop
  endfacet
  facet normal 0.0709604432550158 -0.9974791303546413 0
    outer loop
      vertex -0.4797091856598854 5.67731836438179 -1
      vertex -0.22582551091909409 5.695379592478275 -1
      vertex -0.22582551091909409 5.695379592478275 0
    endloop
  endfacet
  facet normal 0.02289610811069784 -0.9997378497553163 0
    outer loop
      vertex -0.22582551091909409 5.695379592478275 -1
      vertex 0.037050001323223114 5.701399996876717 -1
      vertex 0.037050001323223114 5.701399996876717 0
    endloop
  endfacet
  facet normal 0.9999975719597729 -0.002203650280528095 0
    outer loop
      vertex -3.2721500024199486 0.6494000032544136 -1
      vertex -3.270974487066269 1.1828387752175331 0
      vertex -3.2721500024199486 0.6494000032544136 0
    endloop
  endfacet
  facet normal 0.9999730606839953 -0.007340157102047309 0
    outer loop
      vertex -3.270974487066269 1.1828387752175331 -1
      vertex -3.267447955906391 1.6632693856954575 0
      vertex -3.270974487066269 1.1828387752175331 0
    endloop
  endfacet
  facet normal 0.9999054664477645 -0.013749842467405673 0
    outer loop
      vertex -3.267447955906391 1.6632693856954575 -1
      vertex -3.2615704089403152 2.0906918346881866 0
      vertex -3.267447955906391 1.6632693856954575 0
    endloop
  endfacet
  facet normal 0.999758589224652 -0.02197187455666091 0
    outer loop
      vertex -3.2615704089403152 2.0906918346881866 -1
      vertex -3.2533418387174606 2.4651061221957207 0
      vertex -3.2615704089403152 2.0906918346881866 0
    endloop
  endfacet
  facet normal 0.9994586889152459 -0.03289877128127823 0
    outer loop
      vertex -3.2533418387174606 2.4651061221957207 -1
      vertex -3.2427622452378273 2.7865122482180595 0
      vertex -3.2533418387174606 2.4651061221957207 0
    endloop
  endfacet
  facet normal 0.9988415044547095 -0.04812119053652262 0
    outer loop
      vertex -3.2427622452378273 2.7865122482180595 -1
      vertex -3.229831635951996 3.0549102053046227 0
      vertex -3.2427622452378273 2.7865122482180595 0
    endloop
  endfacet
  facet normal 0.9974926010279423 -0.07077083364289452 0
    outer loop
      vertex -3.229831635951996 3.0549102053046227 -1
      vertex -3.2145500034093857 3.2703000009059906 0
      vertex -3.229831635951996 3.0549102053046227 0
    endloop
  endfacet
  facet normal 0.9920879650170147 -0.1255446919164585 0
    outer loop
      vertex -3.2145500034093857 3.2703000009059906 -1
      vertex -3.1908275485038757 3.457761228084564 0
      vertex -3.2145500034093857 3.2703000009059906 0
    endloop
  endfacet
  facet normal 0.9791874612943506 -0.20295791594299645 0
    outer loop
      vertex -3.1908275485038757 3.457761228084564 -1
      vertex -3.152574487030506 3.6423163264989853 0
      vertex -3.1908275485038757 3.457761228084564 0
    endloop
  endfacet
  facet normal 0.9602798588797886 -0.2790386937860289 0
    outer loop
      vertex -3.152574487030506 3.6423163264989853 -1
      vertex -3.099790818989277 3.8239653035998344 0
      vertex -3.152574487030506 3.6423163264989853 0
    endloop
  endfacet
  facet normal 0.935836453029704 -0.3524345800014277 0
    outer loop
      vertex -3.099790818989277 3.8239653035998344 -1
      vertex -3.032476529479027 4.002708166837692 0
      vertex -3.099790818989277 3.8239653035998344 0
    endloop
  endfacet
  facet normal -0.7019990873052377 0.7121778439565593 0
    outer loop
      vertex -0.35946224629879 0.009191833436489105 -1
      vertex -0.35946224629879 0.009191833436489105 0
      vertex -0.3123418390750885 0.05563877522945404 0
    endloop
  endfacet
  facet normal -0.5801531305539454 0.8145074248332281 0
    outer loop
      vertex -0.3123418390750885 0.05563877522945404 -1
      vertex -0.3123418390750885 0.05563877522945404 0
      vertex -0.25898877531290054 0.09364081919193268 0
    endloop
  endfacet
  facet normal -0.4443762337282671 0.8958402552338673 0
    outer loop
      vertex -0.25898877531290054 0.09364081919193268 -1
      vertex -0.25898877531290054 0.09364081919193268 0
      vertex -0.1994030624628067 0.12319795787334442 0
    endloop
  endfacet
  facet normal -0.3054366823631358 0.9522123886334398 0
    outer loop
      vertex -0.1994030624628067 0.12319795787334442 -1
      vertex -0.1994030624628067 0.12319795787334442 0
      vertex -0.13358469307422638 0.14431020617485046 0
    endloop
  endfacet
  facet normal -0.1731550465600065 0.9848945780390924 0
    outer loop
      vertex -0.13358469307422638 0.14431020617485046 -1
      vertex -0.13358469307422638 0.14431020617485046 0
      vertex -0.06153367459774017 0.1569775491952896 0
    endloop
  endfacet
  facet normal -0.05385955421236778 0.998548520814109 0
    outer loop
      vertex -0.06153367459774017 0.1569775491952896 -1
      vertex -0.06153367459774017 0.1569775491952896 0
      vertex 0.016750000417232513 0.16120000183582306 0
    endloop
  endfacet
  facet normal 0.884464488394168 -0.4666075104085257 0
    outer loop
      vertex -0.5325499996542931 0.9748999997973442 -1
      vertex -0.468480609357357 1.0963448956608772 0
      vertex -0.5325499996542931 0.9748999997973442 0
    endloop
  endfacet
  facet normal 0.8418410661508618 -0.5397255036979264 0
    outer loop
      vertex -0.468480609357357 1.0963448956608772 -1
      vertex -0.3963867351412773 1.2087938785552979 0
      vertex -0.468480609357357 1.0963448956608772 0
    endloop
  endfacet
  facet normal 0.7906287275437724 -0.6122958559246628 0
    outer loop
      vertex -0.3963867351412773 1.2087938785552979 -1
      vertex -0.3162683695554733 1.3122469410300255 0
      vertex -0.3963867351412773 1.2087938785552979 0
    endloop
  endfacet
  facet normal 0.731121450007175 -0.6822473344318802 0
    outer loop
      vertex -0.3162683695554733 1.3122469410300255 -1
      vertex -0.22812551259994507 1.4067040830850601 0
      vertex -0.3162683695554733 1.3122469410300255 0
    endloop
  endfacet
  facet normal 0.664273233785042 -0.747489846671353 0
    outer loop
      vertex -0.22812551259994507 1.4067040830850601 -1
      vertex -0.13195816427469254 1.4921653047204018 0
      vertex -0.22812551259994507 1.4067040830850601 0
    endloop
  endfacet
  facet normal 0.59165525734512 -0.8061910793700708 0
    outer loop
      vertex -0.13195816427469254 1.4921653047204018 -1
      vertex -0.02776632457971573 1.568630613386631 0
      vertex -0.13195816427469254 1.4921653047204018 0
    endloop
  endfacet
  facet normal -1 0 0
    outer loop
      vertex -0.5325499996542931 2.724500000476837 -1
      vertex -0.5325499996542931 0.9748999997973442 0
      vertex -0.5325499996542931 2.724500000476837 0
    endloop
  endfacet
  facet normal -0.999996954863664 0.0024678459026167736 0
    outer loop
      vertex -0.5321357175707817 2.89237143099308 -1
      vertex -0.5325499996542931 2.724500000476837 0
      vertex -0.5321357175707817 2.89237143099308 0
    endloop
  endfacet
  facet normal -0.9999661217110336 0.008231368670773247 0
    outer loop
      vertex -0.5308928564190865 3.043357141315937 -1
      vertex -0.5321357175707817 2.89237143099308 0
      vertex -0.5308928564190865 3.043357141315937 0
    endloop
  endfacet
  facet normal 0.9066020541566034 -0.4219866294078843 0
    outer loop
      vertex -3.032476529479027 4.002708166837692 -1
      vertex -2.950631633400917 4.1785449013113976 0
      vertex -3.032476529479027 4.002708166837692 0
    endloop
  endfacet
  facet normal 0.8735068521107593 -0.48681185206972116 0
    outer loop
      vertex -2.950631633400917 4.1785449013113976 -1
      vertex -2.854256123304367 4.35147550702095 0
      vertex -2.950631633400917 4.1785449013113976 0
    endloop
  endfacet
  facet normal 0.8375641930276243 -0.5463389264531536 0
    outer loop
      vertex -2.854256123304367 4.35147550702095 -1
      vertex -2.743349999189377 4.521499998867512 0
      vertex -2.854256123304367 4.35147550702095 0
    endloop
  endfacet
  facet normal 0.7942281907614857 -0.6076196022181453 0
    outer loop
      vertex -2.743349999189377 4.521499998867512 -1
      vertex -2.618992857635021 4.684048980474472 0
      vertex -2.743349999189377 4.521499998867512 0
    endloop
  endfacet
  facet normal 0.7403083381020908 -0.6722674799040337 0
    outer loop
      vertex -2.618992857635021 4.684048980474472 -1
      vertex -2.4823214262723923 4.834553062915802 0
      vertex -2.618992857635021 4.684048980474472 0
    endloop
  endfacet
  facet normal 0.6807554692327851 -0.7325107447059399 0
    outer loop
      vertex -2.4823214262723923 4.834553062915802 -1
      vertex -2.3333357125520706 4.973012246191502 0
      vertex -2.4823214262723923 4.834553062915802 0
    endloop
  endfacet
  facet normal 0.6168513234709813 -0.7870796940158594 0
    outer loop
      vertex -2.3333357125520706 4.973012246191502 -1
      vertex -2.1720357164740562 5.099426530301571 0
      vertex -2.3333357125520706 4.973012246191502 0
    endloop
  endfacet
  facet normal 0.5501181414192651 -0.83508684008396 0
    outer loop
      vertex -2.1720357164740562 5.099426530301571 -1
      vertex -1.9984214305877686 5.21379591524601 0
      vertex -2.1720357164740562 5.099426530301571 0
    endloop
  endfacet
  facet normal 0.4821494533024046 -0.8760889821703001 0
    outer loop
      vertex -1.9984214305877686 5.21379591524601 -1
      vertex -1.8124928548932076 5.316120408475399 0
      vertex -1.9984214305877686 5.21379591524601 0
    endloop
  endfacet
  facet normal 0.41444659822588686 -0.9100736328556005 0
    outer loop
      vertex -1.8124928548932076 5.316120408475399 -1
      vertex -1.6142499968409538 5.406400002539158 0
      vertex -1.8124928548932076 5.316120408475399 0
    endloop
  endfacet
  facet normal 0.3508036243693606 -0.936449046734162 0
    outer loop
      vertex -1.6142499968409538 5.406400002539158 -1
      vertex -1.405325509607792 5.4846653044223785 0
      vertex -1.6142499968409538 5.406400002539158 0
    endloop
  endfacet
  facet normal -0.9998807184521216 0.015445027279652322 0
    outer loop
      vertex -0.5288214311003685 3.177457146346569 -1
      vertex -0.5308928564190865 3.043357141315937 0
      vertex -0.5288214311003685 3.177457146346569 0
    endloop
  endfacet
  facet normal -0.9996940806797223 0.02473348042481756 0
    outer loop
      vertex -0.5259214267134666 3.294671431183815 -1
      vertex -0.5288214311003685 3.177457146346569 0
      vertex -0.5259214267134666 3.294671431183815 0
    endloop
  endfacet
  facet normal -0.9993101487938482 0.037137939059903015 0
    outer loop
      vertex -0.5221928581595421 3.3950000032782555 -1
      vertex -0.5259214267134666 3.294671431183815 0
      vertex -0.5221928581595421 3.3950000032782555 0
    endloop
  endfacet
  facet normal -0.9985119884386584 0.054532641090236714 0
    outer loop
      vertex -0.5176357179880142 3.47844285517931 -1
      vertex -0.5221928581595421 3.3950000032782555 0
      vertex -0.5176357179880142 3.47844285517931 0
    endloop
  endfacet
  facet normal -0.9967420708162059 0.08065509447655377 0
    outer loop
      vertex -0.5122499987483025 3.5450000017881393 -1
      vertex -0.5176357179880142 3.47844285517931 0
      vertex -0.5122499987483025 3.5450000017881393 0
    endloop
  endfacet
  facet normal -0.989715452149246 0.14305007436912934 0
    outer loop
      vertex -0.504070408642292 3.6015918403863907 -1
      vertex -0.5122499987483025 3.5450000017881393 0
      vertex -0.504070408642292 3.6015918403863907 0
    endloop
  endfacet
  facet normal -0.972262017047301 0.23389435693730198 0
    outer loop
      vertex -0.49118877202272415 3.655138775706291 -1
      vertex -0.504070408642292 3.6015918403863907 0
      vertex -0.49118877202272415 3.655138775706291 0
    endloop
  endfacet
  facet normal -0.9443938074105804 0.32881656972322376 0
    outer loop
      vertex -0.47360510379076004 3.7056408151984215 -1
      vertex -0.49118877202272415 3.655138775706291 0
      vertex -0.47360510379076004 3.7056408151984215 0
    endloop
  endfacet
  facet normal -0.9051642080444667 0.42506206191006174 0
    outer loop
      vertex -0.4513193890452385 3.7530979588627815 -1
      vertex -0.47360510379076004 3.7056408151984215 0
      vertex -0.4513193890452385 3.7530979588627815 0
    endloop
  endfacet
  facet normal -0.8545896298279222 0.5193039231419063 0
    outer loop
      vertex -0.4243316352367401 3.7975102066993713 -1
      vertex -0.4513193890452385 3.7530979588627815 0
      vertex -0.4243316352367401 3.7975102066993713 0
    endloop
  endfacet
  facet normal -0.7938394709418795 0.6081273669016359 0
    outer loop
      vertex -0.3926418349146843 3.8388775512576103 -1
      vertex -0.4243316352367401 3.7975102066993713 0
      vertex -0.3926418349146843 3.8388775512576103 0
    endloop
  endfacet
  facet normal -0.7251363700089614 0.6886052896182446 0
    outer loop
      vertex -0.35625000298023224 3.877199999988079 -1
      vertex -0.3926418349146843 3.8388775512576103 0
      vertex -0.35625000298023224 3.877199999988079 0
    endloop
  endfacet
  facet normal -0.6473455597652547 0.7621966453955364 0
    outer loop
      vertex -0.31598469614982605 3.9113979563117027 -1
      vertex -0.35625000298023224 3.877199999988079 0
      vertex -0.31598469614982605 3.9113979563117027 0
    endloop
  endfacet
  facet normal -0.5555408212444233 0.8314892638699983 0
    outer loop
      vertex -0.2726744934916496 3.940334692597389 -1
      vertex -0.31598469614982605 3.9113979563117027 0
      vertex -0.2726744934916496 3.940334692597389 0
    endloop
  endfacet
  facet normal -0.45485054938873254 0.8905677839001185 0
    outer loop
      vertex -0.22631938755512238 3.964010201394558 -1
      vertex -0.2726744934916496 3.940334692597389 0
      vertex -0.22631938755512238 3.964010201394558 0
    endloop
  endfacet
  facet normal -0.349281684391987 0.937017771949015 0
    outer loop
      vertex -0.1769193857908249 3.9824244901537895 -1
      vertex -0.22631938755512238 3.964010201394558 0
      vertex -0.1769193857908249 3.9824244901537895 0
    endloop
  endfacet
  facet normal -0.2432638074371864 0.9699601641259107 0
    outer loop
      vertex -0.12447448819875717 3.9955775514245033 -1
      vertex -0.1769193857908249 3.9824244901537895 0
      vertex -0.12447448819875717 3.9955775514245033 0
    endloop
  endfacet
  facet normal -0.14080446711541253 0.9900374245655286 0
    outer loop
      vertex -0.06898469477891922 4.003469385206699 -1
      vertex -0.12447448819875717 3.9955775514245033 0
      vertex -0.06898469477891922 4.003469385206699 0
    endloop
  endfacet
  facet normal -0.04489578627842666 0.9989916758284034 0
    outer loop
      vertex -0.010449998080730438 4.006099998950958 -1
      vertex -0.06898469477891922 4.003469385206699 0
      vertex -0.010449998080730438 4.006099998950958 0
    endloop
  endfacet
  facet normal 0.2907683211531132 -0.9567934904741985 0
    outer loop
      vertex -1.405325509607792 5.4846653044223785 -1
      vertex -1.187409184873104 5.550889797508717 0
      vertex -1.405325509607792 5.4846653044223785 0
    endloop
  endfacet
  facet normal 0.23226107886518302 -0.9726534795313186 0
    outer loop
      vertex -1.187409184873104 5.550889797508717 -1
      vertex -0.9605010226368904 5.605073466897011 0
      vertex -1.187409184873104 5.550889797508717 0
    endloop
  endfacet
  facet normal 0.17586286751804014 -0.9844146747323164 0
    outer loop
      vertex -0.9605010226368904 5.605073466897011 -1
      vertex -0.7246010228991508 5.647216327488422 0
      vertex -0.9605010226368904 5.605073466897011 0
    endloop
  endfacet
  facet normal 0.12200150267857758 -0.9925299155915498 0
    outer loop
      vertex -0.7246010228991508 5.647216327488422 -1
      vertex -0.4797091856598854 5.67731836438179 0
      vertex -0.7246010228991508 5.647216327488422 0
    endloop
  endfacet
  facet normal 0.0709604432550158 -0.9974791303546413 0
    outer loop
      vertex -0.4797091856598854 5.67731836438179 -1
      vertex -0.22582551091909409 5.695379592478275 0
      vertex -0.4797091856598854 5.67731836438179 0
    endloop
  endfacet
  facet normal 0.02289610811069784 -0.9997378497553163 0
    outer loop
      vertex -0.22582551091909409 5.695379592478275 -1
      vertex 0.037050001323223114 5.701399996876717 0
      vertex -0.22582551091909409 5.695379592478275 0
    endloop
  endfacet
  facet normal 0 0 1
    outer loop
      vertex 0.13875000178813934 -5.704599998891354 -1
      vertex 0.38807857036590576 -5.699204079806805 -1
      vertex 0.06059693545103073 -4.012571431696415 -1
    endloop
  endfacet
  facet normal 0 0 1
    outer loop
      vertex 0.38807857036590576 -5.699204079806805 -1
      vertex 0.6284071430563927 -5.683016330003738 -1
      vertex 0.16354387998580933 -3.984342858195305 -1
    endloop
  endfacet
  facet normal 0 0 1
    outer loop
      vertex 0.6284071430563927 -5.683016330003738 -1
      vertex 0.8597357124090195 -5.656036734580994 -1
      vertex 0.2686948999762535 -3.9278857111930847 -1
    endloop
  endfacet
  facet normal 0 0 1
    outer loop
      vertex 0.8597357124090195 -5.656036734580994 -1
      vertex 1.0820642858743668 -5.618265308439732 -1
      vertex 0.32209693640470505 -3.8890714272856712 -1
    endloop
  endfacet
  facet normal 0 0 1
    outer loop
      vertex 1.0820642858743668 -5.618265308439732 -1
      vertex 1.295392856001854 -5.569702044129372 -1
      vertex 0.3760500028729439 -3.843199998140335 -1
    endloop
  endfacet
  facet normal 0 0 1
    outer loop
      vertex 1.295392856001854 -5.569702044129372 -1
      vertex 1.4997214302420616 -5.510346941649914 -1
      vertex 0.42643163353204727 -3.7818020433187485 -1
    endloop
  endfacet
  facet normal 0 0 1
    outer loop
      vertex 0.42643163353204727 -3.7818020433187485 -1
      vertex 1.4997214302420616 -5.510346941649914 -1
      vertex 1.6950500011444092 -5.440200001001358 -1
    endloop
  endfacet
  facet normal 0 0 1
    outer loop
      vertex 0.4690622463822365 -3.6964653059840202 -1
      vertex 1.6950500011444092 -5.440200001001358 -1
      vertex 1.8800928592681885 -5.3602693900465965 -1
    endloop
  endfacet
  facet normal 0 0 1
    outer loop
      vertex 0.4690622463822365 -3.6964653059840202 -1
      vertex 1.8800928592681885 -5.3602693900465965 -1
      vertex 2.0535071417689323 -5.271620407700539 -1
    endloop
  endfacet
  facet normal 0 0 1
    outer loop
      vertex 0.13875000178813934 -5.704599998891354 -1
      vertex 0.06059693545103073 -4.012571431696415 -1
      vertex 0.009949997067451477 -4.016099996864796 -1
    endloop
  endfacet
  facet normal 0 0 1
    outer loop
      vertex 0.38807857036590576 -5.699204079806805 -1
      vertex 0.11179489642381668 -4.001985713839531 -1
      vertex 0.06059693545103073 -4.012571431696415 -1
    endloop
  endfacet
  facet normal 0 0 1
    outer loop
      vertex 0.38807857036590576 -5.699204079806805 -1
      vertex 0.16354387998580933 -3.984342858195305 -1
      vertex 0.11179489642381668 -4.001985713839531 -1
    endloop
  endfacet
  facet normal 0 0 1
    outer loop
      vertex 0.6284071430563927 -5.683016330003738 -1
      vertex 0.21584387868642807 -3.959642857313156 -1
      vertex 0.16354387998580933 -3.984342858195305 -1
    endloop
  endfacet
  facet normal 0 0 1
    outer loop
      vertex 0.6284071430563927 -5.683016330003738 -1
      vertex 0.2686948999762535 -3.9278857111930847 -1
      vertex 0.21584387868642807 -3.959642857313156 -1
    endloop
  endfacet
  facet normal 0 0 1
    outer loop
      vertex 0.8597357124090195 -5.656036734580994 -1
      vertex 0.32209693640470505 -3.8890714272856712 -1
      vertex 0.2686948999762535 -3.9278857111930847 -1
    endloop
  endfacet
  facet normal 0 0 1
    outer loop
      vertex 1.0820642858743668 -5.618265308439732 -1
      vertex 0.3760500028729439 -3.843199998140335 -1
      vertex 0.32209693640470505 -3.8890714272856712 -1
    endloop
  endfacet
  facet normal 0 0 1
    outer loop
      vertex 1.295392856001854 -5.569702044129372 -1
      vertex 0.42643163353204727 -3.7818020433187485 -1
      vertex 0.3760500028729439 -3.843199998140335 -1
    endloop
  endfacet
  facet normal 0 0 1
    outer loop
      vertex 0.42643163353204727 -3.7818020433187485 -1
      vertex 1.6950500011444092 -5.440200001001358 -1
      vertex 0.4690622463822365 -3.6964653059840202 -1
    endloop
  endfacet
  facet normal 0 0 1
    outer loop
      vertex 0.4690622463822365 -3.6964653059840202 -1
      vertex 2.0535071417689323 -5.271620407700539 -1
      vertex 0.5039418339729309 -3.587189793586731 -1
    endloop
  endfacet
  facet normal 0 0 1
    outer loop
      vertex 0.5039418339729309 -3.587189793586731 -1
      vertex 2.6308785751461983 -4.829840816557407 -1
      vertex 0.5310704112052917 -3.4539755135774612 -1
    endloop
  endfacet
  facet normal 0 0 1
    outer loop
      vertex 0.5310704112052917 -3.4539755135774612 -1
      vertex 3.087733671069145 -4.123542860150337 -1
      vertex 0.5504479557275772 -3.29682245105505 -1
    endloop
  endfacet
  facet normal 0 0 1
    outer loop
      vertex 0.5504479557275772 -3.29682245105505 -1
      vertex 3.2408500015735626 -3.483832649886608 -1
      vertex 0.5620744898915291 -3.1157306134700775 -1
    endloop
  endfacet
  facet normal 0 0 1
    outer loop
      vertex 0.5039418339729309 -3.587189793586731 -1
      vertex 2.0535071417689323 -5.271620407700539 -1
      vertex 2.2152928560972214 -5.174253061413765 -1
    endloop
  endfacet
  facet normal 0 0 1
    outer loop
      vertex 0.5039418339729309 -3.587189793586731 -1
      vertex 2.2152928560972214 -5.174253061413765 -1
      vertex 2.3654500022530556 -5.068167343735695 -1
    endloop
  endfacet
  facet normal 0 0 1
    outer loop
      vertex 0.5039418339729309 -3.587189793586731 -1
      vertex 2.3654500022530556 -5.068167343735695 -1
      vertex 2.5039785727858543 -4.953363262116909 -1
    endloop
  endfacet
  facet normal 0 0 1
    outer loop
      vertex 0.5039418339729309 -3.587189793586731 -1
      vertex 2.5039785727858543 -4.953363262116909 -1
      vertex 2.6308785751461983 -4.829840816557407 -1
    endloop
  endfacet
  facet normal 0 0 1
    outer loop
      vertex 0.5310704112052917 -3.4539755135774612 -1
      vertex 2.6308785751461983 -4.829840816557407 -1
      vertex 2.7461500018835068 -4.697599999606609 -1
    endloop
  endfacet
  facet normal 0 0 1
    outer loop
      vertex 0.5310704112052917 -3.4539755135774612 -1
      vertex 2.7461500018835068 -4.697599999606609 -1
      vertex 2.8496132642030716 -4.559271425008774 -1
    endloop
  endfacet
  facet normal 0 0 1
    outer loop
      vertex 0.5310704112052917 -3.4539755135774612 -1
      vertex 2.8496132642030716 -4.559271425008774 -1
      vertex 2.9410316348075867 -4.41748571395874 -1
    endloop
  endfacet
  facet normal 0 0 1
    outer loop
      vertex 0.5310704112052917 -3.4539755135774612 -1
      vertex 2.9410316348075867 -4.41748571395874 -1
      vertex 3.020405098795891 -4.272242859005928 -1
    endloop
  endfacet
  facet normal 0 0 1
    outer loop
      vertex 0.5310704112052917 -3.4539755135774612 -1
      vertex 3.020405098795891 -4.272242859005928 -1
      vertex 3.087733671069145 -4.123542860150337 -1
    endloop
  endfacet
  facet normal 0 0 1
    outer loop
      vertex 0.5504479557275772 -3.29682245105505 -1
      vertex 3.087733671069145 -4.123542860150337 -1
      vertex 3.1430173441767693 -3.9713857173919678 -1
    endloop
  endfacet
  facet normal 0 0 1
    outer loop
      vertex 0.5504479557275772 -3.29682245105505 -1
      vertex 3.1430173441767693 -3.9713857173919678 -1
      vertex 3.1862561255693436 -3.8157714307308197 -1
    endloop
  endfacet
  facet normal 0 0 1
    outer loop
      vertex 0.5504479557275772 -3.29682245105505 -1
      vertex 3.1862561255693436 -3.8157714307308197 -1
      vertex 3.217450000345707 -3.656700000166893 -1
    endloop
  endfacet
  facet normal 0 0 1
    outer loop
      vertex 0.5504479557275772 -3.29682245105505 -1
      vertex 3.217450000345707 -3.656700000166893 -1
      vertex 3.2408500015735626 -3.483832649886608 -1
    endloop
  endfacet
  facet normal 0 0 1
    outer loop
      vertex 0.5620744898915291 -3.1157306134700775 -1
      vertex 3.2408500015735626 -3.483832649886608 -1
      vertex 3.2606500014662743 -3.2868877574801445 -1
    endloop
  endfacet
  facet normal 0 0 1
    outer loop
      vertex 0.5620744898915291 -3.1157306134700775 -1
      vertex 3.2606500014662743 -3.2868877574801445 -1
      vertex 3.276850000023842 -3.065865308046341 -1
    endloop
  endfacet
  facet normal -0.021636733898627043 0.9997658984713371 0
    outer loop
      vertex 0.13875000178813934 -5.704599998891354 -1
      vertex 0.13875000178813934 -5.704599998891354 0
      vertex 0.38807857036590576 -5.699204079806805 -1
    endloop
  endfacet
  facet normal -0.06720446409383367 0.9977392244498863 0
    outer loop
      vertex 0.38807857036590576 -5.699204079806805 -1
      vertex 0.38807857036590576 -5.699204079806805 0
      vertex 0.6284071430563927 -5.683016330003738 -1
    endloop
  endfacet
  facet normal -0.11584368589648059 0.993267456648972 0
    outer loop
      vertex 0.6284071430563927 -5.683016330003738 -1
      vertex 0.6284071430563927 -5.683016330003738 0
      vertex 0.8597357124090195 -5.656036734580994 -1
    endloop
  endfacet
  facet normal -0.16749019978938232 0.9858737408890211 0
    outer loop
      vertex 0.8597357124090195 -5.656036734580994 -1
      vertex 0.8597357124090195 -5.656036734580994 0
      vertex 1.0820642858743668 -5.618265308439732 -1
    endloop
  endfacet
  facet normal -0.22196660362311715 0.9750542686825272 0
    outer loop
      vertex 1.0820642858743668 -5.618265308439732 -1
      vertex 1.0820642858743668 -5.618265308439732 0
      vertex 1.295392856001854 -5.569702044129372 -1
    endloop
  endfacet
  facet normal -0.2789571450262082 0.9603035516121071 0
    outer loop
      vertex 1.295392856001854 -5.569702044129372 -1
      vertex 1.295392856001854 -5.569702044129372 0
      vertex 1.4997214302420616 -5.510346941649914 -1
    endloop
  endfacet
  facet normal 0.06950138937381392 -0.9975818547242675 0
    outer loop
      vertex 0.009949997067451477 -4.016099996864796 -1
      vertex 0.06059693545103073 -4.012571431696415 -1
      vertex 0.009949997067451477 -4.016099996864796 0
    endloop
  endfacet
  facet normal 0.20247787164373718 -0.9792868382116765 0
    outer loop
      vertex 0.06059693545103073 -4.012571431696415 -1
      vertex 0.11179489642381668 -4.001985713839531 -1
      vertex 0.06059693545103073 -4.012571431696415 0
    endloop
  endfacet
  facet normal 0.3226928813716818 -0.9465037265177786 0
    outer loop
      vertex 0.11179489642381668 -4.001985713839531 -1
      vertex 0.16354387998580933 -3.984342858195305 -1
      vertex 0.11179489642381668 -4.001985713839531 0
    endloop
  endfacet
  facet normal 0.4270455952104875 -0.9042300921841302 0
    outer loop
      vertex 0.16354387998580933 -3.984342858195305 -1
      vertex 0.21584387868642807 -3.959642857313156 -1
      vertex 0.16354387998580933 -3.984342858195305 0
    endloop
  endfacet
  facet normal 0.5150505720416406 -0.857159791543898 0
    outer loop
      vertex 0.21584387868642807 -3.959642857313156 -1
      vertex 0.2686948999762535 -3.9278857111930847 -1
      vertex 0.21584387868642807 -3.959642857313156 0
    endloop
  endfacet
  facet normal 0.5879382504058392 -0.8089058126319285 0
    outer loop
      vertex 0.2686948999762535 -3.9278857111930847 -1
      vertex 0.32209693640470505 -3.8890714272856712 -1
      vertex 0.2686948999762535 -3.9278857111930847 0
    endloop
  endfacet
  facet normal 0.6477412366706451 -0.7618604139318327 0
    outer loop
      vertex 0.32209693640470505 -3.8890714272856712 -1
      vertex 0.3760500028729439 -3.843199998140335 -1
      vertex 0.32209693640470505 -3.8890714272856712 0
    endloop
  endfacet
  facet normal 0.7730497747996498 -0.6343453678259271 0
    outer loop
      vertex 0.3760500028729439 -3.843199998140335 -1
      vertex 0.42643163353204727 -3.7818020433187485 -1
      vertex 0.3760500028729439 -3.843199998140335 0
    endloop
  endfacet
  facet normal 0.8945854527235565 -0.44689693193776736 0
    outer loop
      vertex 0.42643163353204727 -3.7818020433187485 -1
      vertex 0.4690622463822365 -3.6964653059840202 -1
      vertex 0.42643163353204727 -3.7818020433187485 0
    endloop
  endfacet
  facet normal 0.9526480393932332 -0.3040751766261574 0
    outer loop
      vertex 0.4690622463822365 -3.6964653059840202 -1
      vertex 0.5039418339729309 -3.587189793586731 -1
      vertex 0.4690622463822365 -3.6964653059840202 0
    endloop
  endfacet
  facet normal 0.9798875747569784 -0.19955034662181614 0
    outer loop
      vertex 0.5039418339729309 -3.587189793586731 -1
      vertex 0.5310704112052917 -3.4539755135774612 -1
      vertex 0.5039418339729309 -3.587189793586731 0
    endloop
  endfacet
  facet normal 0.9924837056135634 -0.12237685276051843 0
    outer loop
      vertex 0.5310704112052917 -3.4539755135774612 -1
      vertex 0.5504479557275772 -3.29682245105505 -1
      vertex 0.5310704112052917 -3.4539755135774612 0
    endloop
  endfacet
  facet normal 0.9979453742733699 -0.06407050777373029 0
    outer loop
      vertex 0.5504479557275772 -3.29682245105505 -1
      vertex 0.5620744898915291 -3.1157306134700775 -1
      vertex 0.5504479557275772 -3.29682245105505 0
    endloop
  endfacet
  facet normal -0.337988496943152 0.9411502408936148 0
    outer loop
      vertex 1.4997214302420616 -5.510346941649914 -1
      vertex 1.4997214302420616 -5.510346941649914 0
      vertex 1.6950500011444092 -5.440200001001358 -1
    endloop
  endfacet
  facet normal -0.3965436446142957 0.9180158701874446 0
    outer loop
      vertex 1.6950500011444092 -5.440200001001358 -1
      vertex 1.6950500011444092 -5.440200001001358 0
      vertex 1.8800928592681885 -5.3602693900465965 -1
    endloop
  endfacet
  facet normal -0.4551721884752827 0.8904034359988856 0
    outer loop
      vertex 1.8800928592681885 -5.3602693900465965 -1
      vertex 1.8800928592681885 -5.3602693900465965 0
      vertex 2.0535071417689323 -5.271620407700539 -1
    endloop
  endfacet
  facet normal -0.5156476071420852 0.8568007616993824 0
    outer loop
      vertex 2.0535071417689323 -5.271620407700539 -1
      vertex 2.0535071417689323 -5.271620407700539 0
      vertex 2.2152928560972214 -5.174253061413765 -1
    endloop
  endfacet
  facet normal -0.5770187270849899 0.816730915659018 0
    outer loop
      vertex 2.2152928560972214 -5.174253061413765 -1
      vertex 2.2152928560972214 -5.174253061413765 0
      vertex 2.3654500022530556 -5.068167343735695 -1
    endloop
  endfacet
  facet normal -0.6380945369494746 0.7699580260736526 0
    outer loop
      vertex 2.3654500022530556 -5.068167343735695 -1
      vertex 2.3654500022530556 -5.068167343735695 0
      vertex 2.5039785727858543 -4.953363262116909 -1
    endloop
  endfacet
  facet normal -0.6975062844305375 0.7165786650326019 0
    outer loop
      vertex 2.5039785727858543 -4.953363262116909 -1
      vertex 2.5039785727858543 -4.953363262116909 0
      vertex 2.6308785751461983 -4.829840816557407 -1
    endloop
  endfacet
  facet normal -0.7538163219160308 0.657085194486215 0
    outer loop
      vertex 2.6308785751461983 -4.829840816557407 -1
      vertex 2.6308785751461983 -4.829840816557407 0
      vertex 2.7461500018835068 -4.697599999606609 -1
    endloop
  endfacet
  facet normal -0.800786160415918 0.5989503529394833 0
    outer loop
      vertex 2.7461500018835068 -4.697599999606609 -1
      vertex 2.7461500018835068 -4.697599999606609 0
      vertex 2.8496132642030716 -4.559271425008774 -1
    endloop
  endfacet
  facet normal -0.8404485927246539 0.5418912833651679 0
    outer loop
      vertex 2.8496132642030716 -4.559271425008774 -1
      vertex 2.8496132642030716 -4.559271425008774 0
      vertex 2.9410316348075867 -4.41748571395874 -1
    endloop
  endfacet
  facet normal -0.8775140962305855 0.47955084289011385 0
    outer loop
      vertex 2.9410316348075867 -4.41748571395874 -1
      vertex 2.9410316348075867 -4.41748571395874 0
      vertex 3.020405098795891 -4.272242859005928 -1
    endloop
  endfacet
  facet normal -0.9109709300762432 0.41247056204779564 0
    outer loop
      vertex 3.020405098795891 -4.272242859005928 -1
      vertex 3.020405098795891 -4.272242859005928 0
      vertex 3.087733671069145 -4.123542860150337 -1
    endloop
  endfacet
  facet normal 0 0 1
    outer loop
      vertex 0.5620744898915291 -3.1157306134700775 -1
      vertex 3.276850000023842 -3.065865308046341 -1
      vertex 0.5659499987959862 -2.910700000822544 -1
    endloop
  endfacet
  facet normal 0 0 1
    outer loop
      vertex 0.5659499987959862 -2.910700000822544 -1
      vertex 3.3056500032544136 -1.9409999996423721 -1
      vertex 0.5659499987959862 -0.8559999987483025 -1
    endloop
  endfacet
  facet normal 0 0 1
    outer loop
      vertex 0.5659499987959862 -0.8559999987483025 -1
      vertex 3.3024663254618645 -0.797308161854744 -1
      vertex 0.5633214265108109 -0.6968448981642723 -1
    endloop
  endfacet
  facet normal 0 0 1
    outer loop
      vertex 0.5633214265108109 -0.6968448981642723 -1
      vertex 3.2929153069853783 -0.5447469353675842 -1
      vertex 0.5554357171058655 -0.5526367351412773 -1
    endloop
  endfacet
  facet normal 0 0 1
    outer loop
      vertex 0.5422928556799889 -0.4233755096793175 -1
      vertex 3.2260581627488136 0.11495306342840195 -1
      vertex 0.5238928571343422 -0.3090612217783928 -1
    endloop
  endfacet
  facet normal 0 0 1
    outer loop
      vertex 0.5554357171058655 -0.5526367351412773 -1
      vertex 3.254711225628853 -0.08861632645130157 -1
      vertex 0.5422928556799889 -0.4233755096793175 -1
    endloop
  endfacet
  facet normal 0 0 1
    outer loop
      vertex 0.5238928571343422 -0.3090612217783928 -1
      vertex 3.149650000035763 0.4730999991297722 -1
      vertex 0.5002357140183449 -0.20969387888908386 -1
    endloop
  endfacet
  facet normal 0 0 1
    outer loop
      vertex 0.5659499987959862 -2.910700000822544 -1
      vertex 3.276850000023842 -3.065865308046341 -1
      vertex 3.2894499972462654 -2.820765309035778 -1
    endloop
  endfacet
  facet normal 0 0 1
    outer loop
      vertex 0.5659499987959862 -2.910700000822544 -1
      vertex 3.2894499972462654 -2.820765309035778 -1
      vertex 3.2984500005841255 -2.551587752997875 -1
    endloop
  endfacet
  facet normal 0 0 1
    outer loop
      vertex 0.5659499987959862 -2.910700000822544 -1
      vertex 3.2984500005841255 -2.551587752997875 -1
      vertex 3.3038500025868416 -2.2583326548337936 -1
    endloop
  endfacet
  facet normal 0 0 1
    outer loop
      vertex 0.5659499987959862 -2.910700000822544 -1
      vertex 3.3038500025868416 -2.2583326548337936 -1
      vertex 3.3056500032544136 -1.9409999996423721 -1
    endloop
  endfacet
  facet normal 0 0 1
    outer loop
      vertex 0.5659499987959862 -0.8559999987483025 -1
      vertex 3.3056500032544136 -1.9409999996423721 -1
      vertex 3.3056500032544136 -1.066200003027916 -1
    endloop
  endfacet
  facet normal 0 0 1
    outer loop
      vertex 0.5659499987959862 -0.8559999987483025 -1
      vertex 3.3056500032544136 -1.066200003027916 -1
      vertex 3.3024663254618645 -0.797308161854744 -1
    endloop
  endfacet
  facet normal 0 0 1
    outer loop
      vertex 0.5633214265108109 -0.6968448981642723 -1
      vertex 3.3024663254618645 -0.797308161854744 -1
      vertex 3.2929153069853783 -0.5447469353675842 -1
    endloop
  endfacet
  facet normal 0 0 1
    outer loop
      vertex 0.5554357171058655 -0.5526367351412773 -1
      vertex 3.2929153069853783 -0.5447469353675842 -1
      vertex 3.2769969403743744 -0.30851632356643677 -1
    endloop
  endfacet
  facet normal 0 0 1
    outer loop
      vertex 0.5554357171058655 -0.5526367351412773 -1
      vertex 3.2769969403743744 -0.30851632356643677 -1
      vertex 3.254711225628853 -0.08861632645130157 -1
    endloop
  endfacet
  facet normal 0 0 1
    outer loop
      vertex 0.5422928556799889 -0.4233755096793175 -1
      vertex 3.254711225628853 -0.08861632645130157 -1
      vertex 3.2260581627488136 0.11495306342840195 -1
    endloop
  endfacet
  facet normal 0.9998214031864452 -0.018898722980343532 0
    outer loop
      vertex 0.5620744898915291 -3.1157306134700775 -1
      vertex 0.5659499987959862 -2.910700000822544 -1
      vertex 0.5620744898915291 -3.1157306134700775 0
    endloop
  endfacet
  facet normal 1 0 0
    outer loop
      vertex 0.5659499987959862 -2.910700000822544 -1
      vertex 0.5659499987959862 -0.8559999987483025 -1
      vertex 0.5659499987959862 -2.910700000822544 0
    endloop
  endfacet
  facet normal 0.9998636422286714 0.016513538361462098 0
    outer loop
      vertex 0.5659499987959862 -0.8559999987483025 -1
      vertex 0.5633214265108109 -0.6968448981642723 -1
      vertex 0.5659499987959862 -0.8559999987483025 0
    endloop
  endfacet
  facet normal 0.9985082391304009 0.054601248966540755 0
    outer loop
      vertex 0.5633214265108109 -0.6968448981642723 -1
      vertex 0.5554357171058655 -0.5526367351412773 -1
      vertex 0.5633214265108109 -0.6968448981642723 0
    endloop
  endfacet
  facet normal 0.994870656063339 0.10115521590161144 0
    outer loop
      vertex 0.5554357171058655 -0.5526367351412773 -1
      vertex 0.5422928556799889 -0.4233755096793175 -1
      vertex 0.5554357171058655 -0.5526367351412773 0
    endloop
  endfacet
  facet normal 0.9872923762653342 0.1589143283922188 0
    outer loop
      vertex 0.5422928556799889 -0.4233755096793175 -1
      vertex 0.5238928571343422 -0.3090612217783928 -1
      vertex 0.5422928556799889 -0.4233755096793175 0
    endloop
  endfacet
  facet normal 0.9728100705871612 0.2316043319202009 0
    outer loop
      vertex 0.5238928571343422 -0.3090612217783928 -1
      vertex 0.5002357140183449 -0.20969387888908386 -1
      vertex 0.5238928571343422 -0.3090612217783928 0
    endloop
  endfacet
  facet normal 0.8973287603596048 0.4413627712341571 0
    outer loop
      vertex 0.4371500015258789 -0.055799998342990875 -1
      vertex 0.4713214263319969 -0.1252734661102295 0
      vertex 0.4713214263319969 -0.1252734661102295 -1
    endloop
  endfacet
  facet normal 0.8204188221573876 0.5717630245564022 0
    outer loop
      vertex 0.4371500015258789 -0.055799998342990875 -1
      vertex 0.39702755212783813 0.0017714276909828186 -1
      vertex 0.4371500015258789 -0.055799998342990875 0
    endloop
  endfacet
  facet normal 0.9460485374690846 0.32402494464563386 0
    outer loop
      vertex 0.5002357140183449 -0.20969387888908386 -1
      vertex 0.4713214263319969 -0.1252734661102295 -1
      vertex 0.5002357140183449 -0.20969387888908386 0
    endloop
  endfacet
  facet normal -0.9398850387806847 0.341491015806025 0
    outer loop
      vertex 3.087733671069145 -4.123542860150337 -1
      vertex 3.087733671069145 -4.123542860150337 0
      vertex 3.1430173441767693 -3.9713857173919678 -1
    endloop
  endfacet
  facet normal -0.9634978036462433 0.2677162347876295 0
    outer loop
      vertex 3.1430173441767693 -3.9713857173919678 -1
      vertex 3.1430173441767693 -3.9713857173919678 0
      vertex 3.1862561255693436 -3.8157714307308197 -1
    endloop
  endfacet
  facet normal -0.9813097911772323 0.19243464797093254 0
    outer loop
      vertex 3.1862561255693436 -3.8157714307308197 -1
      vertex 3.1862561255693436 -3.8157714307308197 0
      vertex 3.217450000345707 -3.656700000166893 -1
    endloop
  endfacet
  facet normal -0.9909623181146732 0.1341405385287881 0
    outer loop
      vertex 3.217450000345707 -3.656700000166893 -1
      vertex 3.217450000345707 -3.656700000166893 0
      vertex 3.2408500015735626 -3.483832649886608 -1
    endloop
  endfacet
  facet normal -0.9949842730337602 0.10003147712335217 0
    outer loop
      vertex 3.2408500015735626 -3.483832649886608 -1
      vertex 3.2408500015735626 -3.483832649886608 0
      vertex 3.2606500014662743 -3.2868877574801445 -1
    endloop
  endfacet
  facet normal -0.9973246437725212 0.07309962328229647 0
    outer loop
      vertex 3.2606500014662743 -3.2868877574801445 -1
      vertex 3.2606500014662743 -3.2868877574801445 0
      vertex 3.276850000023842 -3.065865308046341 -1
    endloop
  endfacet
  facet normal -0.9986812437534855 0.051339783550297446 0
    outer loop
      vertex 3.276850000023842 -3.065865308046341 -1
      vertex 3.276850000023842 -3.065865308046341 0
      vertex 3.2894499972462654 -2.820765309035778 -1
    endloop
  endfacet
  facet normal -0.9994415121709317 0.03341651911078262 0
    outer loop
      vertex 3.2894499972462654 -2.820765309035778 -1
      vertex 3.2894499972462654 -2.820765309035778 0
      vertex 3.2984500005841255 -2.551587752997875 -1
    endloop
  endfacet
  facet normal -0.9998305052396153 0.01841088787363434 0
    outer loop
      vertex 3.2984500005841255 -2.551587752997875 -1
      vertex 3.2984500005841255 -2.551587752997875 0
      vertex 3.3038500025868416 -2.2583326548337936 -1
    endloop
  endfacet
  facet normal -0.999983912990226 0.005672191882861565 0
    outer loop
      vertex 3.3038500025868416 -2.2583326548337936 -1
      vertex 3.3038500025868416 -2.2583326548337936 0
      vertex 3.3056500032544136 -1.9409999996423721 -1
    endloop
  endfacet
  facet normal -1 0 0
    outer loop
      vertex 3.3056500032544136 -1.9409999996423721 -1
      vertex 3.3056500032544136 -1.9409999996423721 0
      vertex 3.3056500032544136 -1.066200003027916 -1
    endloop
  endfacet
  facet normal -0.999929914639383 -0.011839164213587062 0
    outer loop
      vertex 3.3056500032544136 -1.066200003027916 -1
      vertex 3.3056500032544136 -1.066200003027916 0
      vertex 3.3024663254618645 -0.797308161854744 -1
    endloop
  endfacet
  facet normal -0.9992857166759933 -0.037789634125594496 0
    outer loop
      vertex 3.3024663254618645 -0.797308161854744 -1
      vertex 3.3024663254618645 -0.797308161854744 0
      vertex 3.2929153069853783 -0.5447469353675842 -1
    endloop
  endfacet
  facet normal -0.9977373430064818 -0.06723239078276372 0
    outer loop
      vertex 3.2929153069853783 -0.5447469353675842 -1
      vertex 3.2929153069853783 -0.5447469353675842 0
      vertex 3.2769969403743744 -0.30851632356643677 -1
    endloop
  endfacet
  facet normal -0.9902390517319598 -0.1393794117687001 0
    outer loop
      vertex 3.254711225628853 -0.08861632645130157 -1
      vertex 3.254711225628853 -0.08861632645130157 0
      vertex 3.2260581627488136 0.11495306342840195 -1
    endloop
  endfacet
  facet normal -0.9949038413922562 -0.1008283014978056 0
    outer loop
      vertex 3.2769969403743744 -0.30851632356643677 -1
      vertex 3.2769969403743744 -0.30851632356643677 0
      vertex 3.254711225628853 -0.08861632645130157 -1
    endloop
  endfacet
  facet normal 0.0202357404982978 0.9997952364391849 0
    outer loop
      vertex 0.13875000178813934 -5.704599998891354 -1
      vertex -0.16888673603534698 -5.698373466730118 0
      vertex 0.13875000178813934 -5.704599998891354 0
    endloop
  endfacet
  facet normal -0.021636733898627043 0.9997658984713371 0
    outer loop
      vertex 0.38807857036590576 -5.699204079806805 -1
      vertex 0.13875000178813934 -5.704599998891354 0
      vertex 0.38807857036590576 -5.699204079806805 0
    endloop
  endfacet
  facet normal -0.06720446409383367 0.9977392244498863 0
    outer loop
      vertex 0.6284071430563927 -5.683016330003738 -1
      vertex 0.38807857036590576 -5.699204079806805 0
      vertex 0.6284071430563927 -5.683016330003738 0
    endloop
  endfacet
  facet normal -0.11584368589648059 0.993267456648972 0
    outer loop
      vertex 0.8597357124090195 -5.656036734580994 -1
      vertex 0.6284071430563927 -5.683016330003738 0
      vertex 0.8597357124090195 -5.656036734580994 0
    endloop
  endfacet
  facet normal -0.16749019978938232 0.9858737408890211 0
    outer loop
      vertex 1.0820642858743668 -5.618265308439732 -1
      vertex 0.8597357124090195 -5.656036734580994 0
      vertex 1.0820642858743668 -5.618265308439732 0
    endloop
  endfacet
  facet normal -0.22196660362311715 0.9750542686825272 0
    outer loop
      vertex 1.295392856001854 -5.569702044129372 -1
      vertex 1.0820642858743668 -5.618265308439732 0
      vertex 1.295392856001854 -5.569702044129372 0
    endloop
  endfacet
  facet normal -0.2789571450262082 0.9603035516121071 0
    outer loop
      vertex 1.4997214302420616 -5.510346941649914 -1
      vertex 1.295392856001854 -5.569702044129372 0
      vertex 1.4997214302420616 -5.510346941649914 0
    endloop
  endfacet
  facet normal 0.06950138937381392 -0.9975818547242675 0
    outer loop
      vertex 0.06059693545103073 -4.012571431696415 -1
      vertex 0.06059693545103073 -4.012571431696415 0
      vertex 0.009949997067451477 -4.016099996864796 0
    endloop
  endfacet
  facet normal 0.20247787164373718 -0.9792868382116765 0
    outer loop
      vertex 0.11179489642381668 -4.001985713839531 -1
      vertex 0.11179489642381668 -4.001985713839531 0
      vertex 0.06059693545103073 -4.012571431696415 0
    endloop
  endfacet
  facet normal 0.3226928813716818 -0.9465037265177786 0
    outer loop
      vertex 0.16354387998580933 -3.984342858195305 -1
      vertex 0.16354387998580933 -3.984342858195305 0
      vertex 0.11179489642381668 -4.001985713839531 0
    endloop
  endfacet
  facet normal 0.4270455952104875 -0.9042300921841302 0
    outer loop
      vertex 0.21584387868642807 -3.959642857313156 -1
      vertex 0.21584387868642807 -3.959642857313156 0
      vertex 0.16354387998580933 -3.984342858195305 0
    endloop
  endfacet
  facet normal 0.5150505720416406 -0.857159791543898 0
    outer loop
      vertex 0.2686948999762535 -3.9278857111930847 -1
      vertex 0.2686948999762535 -3.9278857111930847 0
      vertex 0.21584387868642807 -3.959642857313156 0
    endloop
  endfacet
  facet normal 0.5879382504058392 -0.8089058126319285 0
    outer loop
      vertex 0.32209693640470505 -3.8890714272856712 -1
      vertex 0.32209693640470505 -3.8890714272856712 0
      vertex 0.2686948999762535 -3.9278857111930847 0
    endloop
  endfacet
  facet normal 0.6477412366706451 -0.7618604139318327 0
    outer loop
      vertex 0.3760500028729439 -3.843199998140335 -1
      vertex 0.3760500028729439 -3.843199998140335 0
      vertex 0.32209693640470505 -3.8890714272856712 0
    endloop
  endfacet
  facet normal 0.7730497747996498 -0.6343453678259271 0
    outer loop
      vertex 0.42643163353204727 -3.7818020433187485 -1
      vertex 0.42643163353204727 -3.7818020433187485 0
      vertex 0.3760500028729439 -3.843199998140335 0
    endloop
  endfacet
  facet normal 0.8945854527235565 -0.44689693193776736 0
    outer loop
      vertex 0.4690622463822365 -3.6964653059840202 -1
      vertex 0.4690622463822365 -3.6964653059840202 0
      vertex 0.42643163353204727 -3.7818020433187485 0
    endloop
  endfacet
  facet normal 0.9526480393932332 -0.3040751766261574 0
    outer loop
      vertex 0.5039418339729309 -3.587189793586731 -1
      vertex 0.5039418339729309 -3.587189793586731 0
      vertex 0.4690622463822365 -3.6964653059840202 0
    endloop
  endfacet
  facet normal 0.9798875747569784 -0.19955034662181614 0
    outer loop
      vertex 0.5310704112052917 -3.4539755135774612 -1
      vertex 0.5310704112052917 -3.4539755135774612 0
      vertex 0.5039418339729309 -3.587189793586731 0
    endloop
  endfacet
  facet normal 0.9924837056135634 -0.12237685276051843 0
    outer loop
      vertex 0.5504479557275772 -3.29682245105505 -1
      vertex 0.5504479557275772 -3.29682245105505 0
      vertex 0.5310704112052917 -3.4539755135774612 0
    endloop
  endfacet
  facet normal 0.9979453742733699 -0.06407050777373029 0
    outer loop
      vertex 0.5620744898915291 -3.1157306134700775 -1
      vertex 0.5620744898915291 -3.1157306134700775 0
      vertex 0.5504479557275772 -3.29682245105505 0
    endloop
  endfacet
  facet normal -0.337988496943152 0.9411502408936148 0
    outer loop
      vertex 1.6950500011444092 -5.440200001001358 -1
      vertex 1.4997214302420616 -5.510346941649914 0
      vertex 1.6950500011444092 -5.440200001001358 0
    endloop
  endfacet
  facet normal -0.3965436446142957 0.9180158701874446 0
    outer loop
      vertex 1.8800928592681885 -5.3602693900465965 -1
      vertex 1.6950500011444092 -5.440200001001358 0
      vertex 1.8800928592681885 -5.3602693900465965 0
    endloop
  endfacet
  facet normal -0.4551721884752827 0.8904034359988856 0
    outer loop
      vertex 2.0535071417689323 -5.271620407700539 -1
      vertex 1.8800928592681885 -5.3602693900465965 0
      vertex 2.0535071417689323 -5.271620407700539 0
    endloop
  endfacet
  facet normal -0.5156476071420852 0.8568007616993824 0
    outer loop
      vertex 2.2152928560972214 -5.174253061413765 -1
      vertex 2.0535071417689323 -5.271620407700539 0
      vertex 2.2152928560972214 -5.174253061413765 0
    endloop
  endfacet
  facet normal -0.5770187270849899 0.816730915659018 0
    outer loop
      vertex 2.3654500022530556 -5.068167343735695 -1
      vertex 2.2152928560972214 -5.174253061413765 0
      vertex 2.3654500022530556 -5.068167343735695 0
    endloop
  endfacet
  facet normal -0.6380945369494746 0.7699580260736526 0
    outer loop
      vertex 2.5039785727858543 -4.953363262116909 -1
      vertex 2.3654500022530556 -5.068167343735695 0
      vertex 2.5039785727858543 -4.953363262116909 0
    endloop
  endfacet
  facet normal -0.6975062844305375 0.7165786650326019 0
    outer loop
      vertex 2.6308785751461983 -4.829840816557407 -1
      vertex 2.5039785727858543 -4.953363262116909 0
      vertex 2.6308785751461983 -4.829840816557407 0
    endloop
  endfacet
  facet normal -0.7538163219160308 0.657085194486215 0
    outer loop
      vertex 2.7461500018835068 -4.697599999606609 -1
      vertex 2.6308785751461983 -4.829840816557407 0
      vertex 2.7461500018835068 -4.697599999606609 0
    endloop
  endfacet
  facet normal -0.800786160415918 0.5989503529394833 0
    outer loop
      vertex 2.8496132642030716 -4.559271425008774 -1
      vertex 2.7461500018835068 -4.697599999606609 0
      vertex 2.8496132642030716 -4.559271425008774 0
    endloop
  endfacet
  facet normal -0.8404485927246539 0.5418912833651679 0
    outer loop
      vertex 2.9410316348075867 -4.41748571395874 -1
      vertex 2.8496132642030716 -4.559271425008774 0
      vertex 2.9410316348075867 -4.41748571395874 0
    endloop
  endfacet
  facet normal -0.8775140962305855 0.47955084289011385 0
    outer loop
      vertex 3.020405098795891 -4.272242859005928 -1
      vertex 2.9410316348075867 -4.41748571395874 0
      vertex 3.020405098795891 -4.272242859005928 0
    endloop
  endfacet
  facet normal 0.9998214031864452 -0.018898722980343532 0
    outer loop
      vertex 0.5659499987959862 -2.910700000822544 -1
      vertex 0.5659499987959862 -2.910700000822544 0
      vertex 0.5620744898915291 -3.1157306134700775 0
    endloop
  endfacet
  facet normal 1 0 0
    outer loop
      vertex 0.5659499987959862 -0.8559999987483025 -1
      vertex 0.5659499987959862 -0.8559999987483025 0
      vertex 0.5659499987959862 -2.910700000822544 0
    endloop
  endfacet
  facet normal 0.9998636422286714 0.016513538361462098 0
    outer loop
      vertex 0.5633214265108109 -0.6968448981642723 -1
      vertex 0.5633214265108109 -0.6968448981642723 0
      vertex 0.5659499987959862 -0.8559999987483025 0
    endloop
  endfacet
  facet normal 0.9985082391304009 0.054601248966540755 0
    outer loop
      vertex 0.5554357171058655 -0.5526367351412773 -1
      vertex 0.5554357171058655 -0.5526367351412773 0
      vertex 0.5633214265108109 -0.6968448981642723 0
    endloop
  endfacet
  facet normal 0.994870656063339 0.10115521590161144 0
    outer loop
      vertex 0.5422928556799889 -0.4233755096793175 -1
      vertex 0.5422928556799889 -0.4233755096793175 0
      vertex 0.5554357171058655 -0.5526367351412773 0
    endloop
  endfacet
  facet normal 0.9872923762653342 0.1589143283922188 0
    outer loop
      vertex 0.5238928571343422 -0.3090612217783928 -1
      vertex 0.5238928571343422 -0.3090612217783928 0
      vertex 0.5422928556799889 -0.4233755096793175 0
    endloop
  endfacet
  facet normal 0.9728100705871612 0.2316043319202009 0
    outer loop
      vertex 0.5002357140183449 -0.20969387888908386 -1
      vertex 0.5002357140183449 -0.20969387888908386 0
      vertex 0.5238928571343422 -0.3090612217783928 0
    endloop
  endfacet
  facet normal 0.8204188221573876 0.5717630245564022 0
    outer loop
      vertex 0.39702755212783813 0.0017714276909828186 -1
      vertex 0.39702755212783813 0.0017714276909828186 0
      vertex 0.4371500015258789 -0.055799998342990875 0
    endloop
  endfacet
  facet normal 0.8973287603596048 0.4413627712341571 0
    outer loop
      vertex 0.4371500015258789 -0.055799998342990875 -1
      vertex 0.4371500015258789 -0.055799998342990875 0
      vertex 0.4713214263319969 -0.1252734661102295 0
    endloop
  endfacet
  facet normal 0.9460485374690846 0.32402494464563386 0
    outer loop
      vertex 0.4713214263319969 -0.1252734661102295 -1
      vertex 0.4713214263319969 -0.1252734661102295 0
      vertex 0.5002357140183449 -0.20969387888908386 0
    endloop
  endfacet
  facet normal -0.9109709300762432 0.41247056204779564 0
    outer loop
      vertex 3.087733671069145 -4.123542860150337 -1
      vertex 3.020405098795891 -4.272242859005928 0
      vertex 3.087733671069145 -4.123542860150337 0
    endloop
  endfacet
  facet normal -0.9398850387806847 0.341491015806025 0
    outer loop
      vertex 3.1430173441767693 -3.9713857173919678 -1
      vertex 3.087733671069145 -4.123542860150337 0
      vertex 3.1430173441767693 -3.9713857173919678 0
    endloop
  endfacet
  facet normal -0.9634978036462433 0.2677162347876295 0
    outer loop
      vertex 3.1862561255693436 -3.8157714307308197 -1
      vertex 3.1430173441767693 -3.9713857173919678 0
      vertex 3.1862561255693436 -3.8157714307308197 0
    endloop
  endfacet
  facet normal -0.9813097911772323 0.19243464797093254 0
    outer loop
      vertex 3.217450000345707 -3.656700000166893 -1
      vertex 3.1862561255693436 -3.8157714307308197 0
      vertex 3.217450000345707 -3.656700000166893 0
    endloop
  endfacet
  facet normal -0.9909623181146732 0.1341405385287881 0
    outer loop
      vertex 3.2408500015735626 -3.483832649886608 -1
      vertex 3.217450000345707 -3.656700000166893 0
      vertex 3.2408500015735626 -3.483832649886608 0
    endloop
  endfacet
  facet normal -0.9949842730337602 0.10003147712335217 0
    outer loop
      vertex 3.2606500014662743 -3.2868877574801445 -1
      vertex 3.2408500015735626 -3.483832649886608 0
      vertex 3.2606500014662743 -3.2868877574801445 0
    endloop
  endfacet
  facet normal -0.9973246437725212 0.07309962328229647 0
    outer loop
      vertex 3.276850000023842 -3.065865308046341 -1
      vertex 3.2606500014662743 -3.2868877574801445 0
      vertex 3.276850000023842 -3.065865308046341 0
    endloop
  endfacet
  facet normal -0.9986812437534855 0.051339783550297446 0
    outer loop
      vertex 3.2894499972462654 -2.820765309035778 -1
      vertex 3.276850000023842 -3.065865308046341 0
      vertex 3.2894499972462654 -2.820765309035778 0
    endloop
  endfacet
  facet normal -0.9994415121709317 0.03341651911078262 0
    outer loop
      vertex 3.2984500005841255 -2.551587752997875 -1
      vertex 3.2894499972462654 -2.820765309035778 0
      vertex 3.2984500005841255 -2.551587752997875 0
    endloop
  endfacet
  facet normal -0.9998305052396153 0.01841088787363434 0
    outer loop
      vertex 3.3038500025868416 -2.2583326548337936 -1
      vertex 3.2984500005841255 -2.551587752997875 0
      vertex 3.3038500025868416 -2.2583326548337936 0
    endloop
  endfacet
  facet normal -0.999983912990226 0.005672191882861565 0
    outer loop
      vertex 3.3056500032544136 -1.9409999996423721 -1
      vertex 3.3038500025868416 -2.2583326548337936 0
      vertex 3.3056500032544136 -1.9409999996423721 0
    endloop
  endfacet
  facet normal -1 0 0
    outer loop
      vertex 3.3056500032544136 -1.066200003027916 -1
      vertex 3.3056500032544136 -1.9409999996423721 0
      vertex 3.3056500032544136 -1.066200003027916 0
    endloop
  endfacet
  facet normal -0.999929914639383 -0.011839164213587062 0
    outer loop
      vertex 3.3024663254618645 -0.797308161854744 -1
      vertex 3.3056500032544136 -1.066200003027916 0
      vertex 3.3024663254618645 -0.797308161854744 0
    endloop
  endfacet
  facet normal -0.9992857166759933 -0.037789634125594496 0
    outer loop
      vertex 3.2929153069853783 -0.5447469353675842 -1
      vertex 3.3024663254618645 -0.797308161854744 0
      vertex 3.2929153069853783 -0.5447469353675842 0
    endloop
  endfacet
  facet normal -0.9977373430064818 -0.06723239078276372 0
    outer loop
      vertex 3.2769969403743744 -0.30851632356643677 -1
      vertex 3.2929153069853783 -0.5447469353675842 0
      vertex 3.2769969403743744 -0.30851632356643677 0
    endloop
  endfacet
  facet normal -0.9949038413922562 -0.1008283014978056 0
    outer loop
      vertex 3.254711225628853 -0.08861632645130157 -1
      vertex 3.2769969403743744 -0.30851632356643677 0
      vertex 3.254711225628853 -0.08861632645130157 0
    endloop
  endfacet
  facet normal 0 0 1
    outer loop
      vertex -0.3162683695554733 1.3122469410300255 -1
      vertex 0.1700887754559517 0.14348571747541428 -1
      vertex 0.23679081350564957 0.12134286016225815 -1
    endloop
  endfacet
  facet normal 0 0 1
    outer loop
      vertex -0.13195816427469254 1.4921653047204018 -1
      vertex 0.23679081350564957 0.12134286016225815 -1
      vertex 0.29684796184301376 0.09034285694360733 -1
    endloop
  endfacet
  facet normal 0 0 1
    outer loop
      vertex 0.3502602055668831 0.05048571527004242 -1
      vertex 0.20458265393972397 1.6945734694600105 -1
      vertex 0.29684796184301376 0.09034285694360733 -1
    endloop
  endfacet
  facet normal 0 0 1
    outer loop
      vertex 0.3502602055668831 0.05048571527004242 -1
      vertex 0.39702755212783813 0.0017714276909828186 -1
      vertex 0.6114867329597473 1.8160183653235435 -1
    endloop
  endfacet
  facet normal 0 0 1
    outer loop
      vertex 0.4371500015258789 -0.055799998342990875 -1
      vertex 0.4713214263319969 -0.1252734661102295 -1
      vertex 1.2996091842651367 1.848195917904377 -1
    endloop
  endfacet
  facet normal 0 0 1
    outer loop
      vertex 0.4371500015258789 -0.055799998342990875 -1
      vertex 0.9215112254023552 1.852002039551735 -1
      vertex 0.39702755212783813 0.0017714276909828186 -1
    endloop
  endfacet
  facet normal 0 0 1
    outer loop
      vertex -0.13195816427469254 1.4921653047204018 -1
      vertex 0.29684796184301376 0.09034285694360733 -1
      vertex -0.02776632457971573 1.568630613386631 -1
    endloop
  endfacet
  facet normal 0 0 1
    outer loop
      vertex -0.02776632457971573 1.568630613386631 -1
      vertex 0.29684796184301376 0.09034285694360733 -1
      vertex 0.08444999903440475 1.6361000016331673 -1
    endloop
  endfacet
  facet normal 0 0 1
    outer loop
      vertex 0.29684796184301376 0.09034285694360733 -1
      vertex 0.20458265393972397 1.6945734694600105 -1
      vertex 0.08444999903440475 1.6361000016331673 -1
    endloop
  endfacet
  facet normal 0 0 1
    outer loop
      vertex 0.3502602055668831 0.05048571527004242 -1
      vertex 0.33246632665395737 1.7440510168671608 -1
      vertex 0.20458265393972397 1.6945734694600105 -1
    endloop
  endfacet
  facet normal 0 0 1
    outer loop
      vertex 0.3502602055668831 0.05048571527004242 -1
      vertex 0.46810101717710495 1.7845326513051987 -1
      vertex 0.33246632665395737 1.7440510168671608 -1
    endloop
  endfacet
  facet normal 0 0 1
    outer loop
      vertex 0.3502602055668831 0.05048571527004242 -1
      vertex 0.6114867329597473 1.8160183653235435 -1
      vertex 0.46810101717710495 1.7845326513051987 -1
    endloop
  endfacet
  facet normal 0 0 1
    outer loop
      vertex 0.39702755212783813 0.0017714276909828186 -1
      vertex 0.7626234665513039 1.838508166372776 -1
      vertex 0.6114867329597473 1.8160183653235435 -1
    endloop
  endfacet
  facet normal 0 0 1
    outer loop
      vertex 0.39702755212783813 0.0017714276909828186 -1
      vertex 0.9215112254023552 1.852002039551735 -1
      vertex 0.7626234665513039 1.838508166372776 -1
    endloop
  endfacet
  facet normal 0 0 1
    outer loop
      vertex 0.5002357140183449 -0.20969387888908386 -1
      vertex 3.096498981118202 0.6325224488973618 -1
      vertex 0.4713214263319969 -0.1252734661102295 -1
    endloop
  endfacet
  facet normal 0 0 1
    outer loop
      vertex 0.4371500015258789 -0.055799998342990875 -1
      vertex 1.0881500020623207 1.8564999997615814 -1
      vertex 0.9215112254023552 1.852002039551735 -1
    endloop
  endfacet
  facet normal 0 0 1
    outer loop
      vertex 0.4371500015258789 -0.055799998342990875 -1
      vertex 1.2996091842651367 1.848195917904377 -1
      vertex 1.0881500020623207 1.8564999997615814 -1
    endloop
  endfacet
  facet normal 0 0 1
    outer loop
      vertex 0.4713214263319969 -0.1252734661102295 -1
      vertex 1.5038724467158318 1.8232836723327637 -1
      vertex 1.2996091842651367 1.848195917904377 -1
    endloop
  endfacet
  facet normal 0 0 1
    outer loop
      vertex 0.4713214263319969 -0.1252734661102295 -1
      vertex 1.8908112272620201 1.723634697496891 -1
      vertex 1.7009397968649864 1.7817632630467415 -1
    endloop
  endfacet
  facet normal 0 0 1
    outer loop
      vertex 0.4713214263319969 -0.1252734661102295 -1
      vertex 2.073486737906933 1.648897960782051 -1
      vertex 1.8908112272620201 1.723634697496891 -1
    endloop
  endfacet
  facet normal 0 0 1
    outer loop
      vertex 0.4713214263319969 -0.1252734661102295 -1
      vertex 1.7009397968649864 1.7817632630467415 -1
      vertex 1.5038724467158318 1.8232836723327637 -1
    endloop
  endfacet
  facet normal 0 0 1
    outer loop
      vertex 0.5659499987959862 2.5684999972581863 -1
      vertex 3.3056500032544136 2.5684999972581863 -1
      vertex 0.5656030625104904 2.7758857160806656 -1
    endloop
  endfacet
  facet normal 0 0 1
    outer loop
      vertex 0.5656030625104904 2.7758857160806656 -1
      vertex 3.2991438806056976 2.855816327035427 -1
      vertex 0.5645622462034225 2.9601571410894394 -1
    endloop
  endfacet
  facet normal 0 0 1
    outer loop
      vertex 0.5238928571343422 -0.3090612217783928 -1
      vertex 3.1910377517342567 0.3021918386220932 -1
      vertex 3.149650000035763 0.4730999991297722 -1
    endloop
  endfacet
  facet normal 0 0 1
    outer loop
      vertex 0.5002357140183449 -0.20969387888908386 -1
      vertex 3.149650000035763 0.4730999991297722 -1
      vertex 3.096498981118202 0.6325224488973618 -1
    endloop
  endfacet
  facet normal 0 0 1
    outer loop
      vertex 0.4713214263319969 -0.1252734661102295 -1
      vertex 2.8340908139944077 1.0709448978304863 -1
      vertex 2.712303064763546 1.2038040831685066 -1
    endloop
  endfacet
  facet normal 0 0 1
    outer loop
      vertex 0.4713214263319969 -0.1252734661102295 -1
      vertex 2.9387193843722343 0.9314448982477188 -1
      vertex 2.8340908139944077 1.0709448978304863 -1
    endloop
  endfacet
  facet normal 0 0 1
    outer loop
      vertex 0.4713214263319969 -0.1252734661102295 -1
      vertex 3.096498981118202 0.6325224488973618 -1
      vertex 3.026188775897026 0.7853040844202042 -1
    endloop
  endfacet
  facet normal 0 0 1
    outer loop
      vertex 0.4713214263319969 -0.1252734661102295 -1
      vertex 3.026188775897026 0.7853040844202042 -1
      vertex 2.9387193843722343 0.9314448982477188 -1
    endloop
  endfacet
  facet normal 0 0 1
    outer loop
      vertex 0.4713214263319969 -0.1252734661102295 -1
      vertex 2.2489663287997246 1.5575530603528023 -1
      vertex 2.073486737906933 1.648897960782051 -1
    endloop
  endfacet
  facet normal 0 0 1
    outer loop
      vertex 0.4713214263319969 -0.1252734661102295 -1
      vertex 2.4172499999403954 1.4496000036597252 -1
      vertex 2.2489663287997246 1.5575530603528023 -1
    endloop
  endfacet
  facet normal 0 0 1
    outer loop
      vertex 0.4713214263319969 -0.1252734661102295 -1
      vertex 2.573356121778488 1.3300224468111992 -1
      vertex 2.4172499999403954 1.4496000036597252 -1
    endloop
  endfacet
  facet normal 0 0 1
    outer loop
      vertex 0.4713214263319969 -0.1252734661102295 -1
      vertex 2.712303064763546 1.2038040831685066 -1
      vertex 2.573356121778488 1.3300224468111992 -1
    endloop
  endfacet
  facet normal 0 0 1
    outer loop
      vertex 0.5238928571343422 -0.3090612217783928 -1
      vertex 3.2260581627488136 0.11495306342840195 -1
      vertex 3.1910377517342567 0.3021918386220932 -1
    endloop
  endfacet
  facet normal 0 0 1
    outer loop
      vertex 0.5656030625104904 2.7758857160806656 -1
      vertex 3.3056500032544136 2.5684999972581863 -1
      vertex 3.2991438806056976 2.855816327035427 -1
    endloop
  endfacet
  facet normal 0 0 1
    outer loop
      vertex 0.5645622462034225 2.9601571410894394 -1
      vertex 3.2991438806056976 2.855816327035427 -1
      vertex 3.2796255126595497 3.128736734390259 -1
    endloop
  endfacet
  facet normal 0.055278158949155776 0.9984709936413736 0
    outer loop
      vertex 0.016750000417232513 0.16120000183582306 -1
      vertex 0.09674184024333954 0.15677142888307571 0
      vertex 0.09674184024333954 0.15677142888307571 -1
    endloop
  endfacet
  facet normal 0.17823485384356902 0.9839879759810897 0
    outer loop
      vertex 0.09674184024333954 0.15677142888307571 -1
      vertex 0.1700887754559517 0.14348571747541428 0
      vertex 0.1700887754559517 0.14348571747541428 -1
    endloop
  endfacet
  facet normal 0.3150602207348976 0.9490716818610054 0
    outer loop
      vertex 0.1700887754559517 0.14348571747541428 -1
      vertex 0.23679081350564957 0.12134286016225815 0
      vertex 0.23679081350564957 0.12134286016225815 -1
    endloop
  endfacet
  facet normal 0.458675228886194 0.8886039806382806 0
    outer loop
      vertex 0.23679081350564957 0.12134286016225815 -1
      vertex 0.29684796184301376 0.09034285694360733 0
      vertex 0.29684796184301376 0.09034285694360733 -1
    endloop
  endfacet
  facet normal 0.5980579889646104 0.8014528319468377 0
    outer loop
      vertex 0.3502602055668831 0.05048571527004242 -1
      vertex 0.29684796184301376 0.09034285694360733 -1
      vertex 0.3502602055668831 0.05048571527004242 0
    endloop
  endfacet
  facet normal 0.7213752586263027 0.6925443929755226 0
    outer loop
      vertex 0.3502602055668831 0.05048571527004242 -1
      vertex 0.39702755212783813 0.0017714276909828186 0
      vertex 0.39702755212783813 0.0017714276909828186 -1
    endloop
  endfacet
  facet normal 0.5152794466994453 -0.85702222363782 0
    outer loop
      vertex -0.02776632457971573 1.568630613386631 -1
      vertex 0.08444999903440475 1.6361000016331673 -1
      vertex 0.08444999903440475 1.6361000016331673 0
    endloop
  endfacet
  facet normal 0.43765063315011227 -0.8991451069228514 0
    outer loop
      vertex 0.08444999903440475 1.6361000016331673 -1
      vertex 0.20458265393972397 1.6945734694600105 -1
      vertex 0.20458265393972397 1.6945734694600105 0
    endloop
  endfacet
  facet normal 0.3608304001760249 -0.9326314504180148 0
    outer loop
      vertex 0.20458265393972397 1.6945734694600105 -1
      vertex 0.33246632665395737 1.7440510168671608 -1
      vertex 0.33246632665395737 1.7440510168671608 0
    endloop
  endfacet
  facet normal 0.2859944461151067 -0.9582312752103811 0
    outer loop
      vertex 0.33246632665395737 1.7440510168671608 -1
      vertex 0.46810101717710495 1.7845326513051987 -1
      vertex 0.46810101717710495 1.7845326513051987 0
    endloop
  endfacet
  facet normal 0.21447748599654176 -0.9767289327139864 0
    outer loop
      vertex 0.46810101717710495 1.7845326513051987 -1
      vertex 0.6114867329597473 1.8160183653235435 -1
      vertex 0.6114867329597473 1.8160183653235435 0
    endloop
  endfacet
  facet normal 0.1471837316373451 -0.9891091694759007 0
    outer loop
      vertex 0.6114867329597473 1.8160183653235435 -1
      vertex 0.7626234665513039 1.838508166372776 -1
      vertex 0.7626234665513039 1.838508166372776 0
    endloop
  endfacet
  facet normal 0.9999986006999525 0.0016729011139131134 0
    outer loop
      vertex 0.5659499987959862 2.5684999972581863 -1
      vertex 0.5656030625104904 2.7758857160806656 -1
      vertex 0.5656030625104904 2.7758857160806656 0
    endloop
  endfacet
  facet normal 0.9999840488573026 0.00564818828968669 0
    outer loop
      vertex 0.5656030625104904 2.7758857160806656 -1
      vertex 0.5645622462034225 2.9601571410894394 -1
      vertex 0.5645622462034225 2.9601571410894394 0
    endloop
  endfacet
  facet normal 0.08462245254755231 -0.9964130872910277 0
    outer loop
      vertex 0.7626234665513039 1.838508166372776 -1
      vertex 0.9215112254023552 1.852002039551735 -1
      vertex 0.9215112254023552 1.852002039551735 0
    endloop
  endfacet
  facet normal 0.026982450459309876 -0.9996359074018955 0
    outer loop
      vertex 0.9215112254023552 1.852002039551735 -1
      vertex 1.0881500020623207 1.8564999997615814 -1
      vertex 1.0881500020623207 1.8564999997615814 0
    endloop
  endfacet
  facet normal -0.039240131572025945 -0.9992298094403559 0
    outer loop
      vertex 1.0881500020623207 1.8564999997615814 -1
      vertex 1.2996091842651367 1.848195917904377 -1
      vertex 1.2996091842651367 1.848195917904377 0
    endloop
  endfacet
  facet normal -0.12106439083209322 -0.992644656094241 0
    outer loop
      vertex 1.2996091842651367 1.848195917904377 -1
      vertex 1.5038724467158318 1.8232836723327637 -1
      vertex 1.5038724467158318 1.8232836723327637 0
    endloop
  endfacet
  facet normal 0 1 0
    outer loop
      vertex 0.5659499987959862 2.5684999972581863 -1
      vertex 0.5659499987959862 2.5684999972581863 0
      vertex 3.3056500032544136 2.5684999972581863 -1
    endloop
  endfacet
  facet normal -0.5399458146836514 -0.8416997785467262 0
    outer loop
      vertex 2.2489663287997246 1.5575530603528023 -1
      vertex 2.4172499999403954 1.4496000036597252 -1
      vertex 2.4172499999403954 1.4496000036597252 0
    endloop
  endfacet
  facet normal -0.6723897110260818 -0.7401973226824466 0
    outer loop
      vertex 2.573356121778488 1.3300224468111992 -1
      vertex 2.712303064763546 1.2038040831685066 -1
      vertex 2.712303064763546 1.2038040831685066 0
    endloop
  endfacet
  facet normal -0.6080990253919374 -0.7938611813896532 0
    outer loop
      vertex 2.573356121778488 1.3300224468111992 -1
      vertex 2.573356121778488 1.3300224468111992 0
      vertex 2.4172499999403954 1.4496000036597252 -1
    endloop
  endfacet
  facet normal -0.7371536906229637 -0.6757251189655037 0
    outer loop
      vertex 2.712303064763546 1.2038040831685066 -1
      vertex 2.8340908139944077 1.0709448978304863 -1
      vertex 2.8340908139944077 1.0709448978304863 0
    endloop
  endfacet
  facet normal -0.8580495920954768 -0.513566838400598 0
    outer loop
      vertex 2.9387193843722343 0.9314448982477188 -1
      vertex 3.026188775897026 0.7853040844202042 -1
      vertex 3.026188775897026 0.7853040844202042 0
    endloop
  endfacet
  facet normal -0.7999901710151944 -0.600013105089447 0
    outer loop
      vertex 2.9387193843722343 0.9314448982477188 -1
      vertex 2.9387193843722343 0.9314448982477188 0
      vertex 2.8340908139944077 1.0709448978304863 -1
    endloop
  endfacet
  facet normal -0.2061652241587131 -0.9785171947122787 0
    outer loop
      vertex 1.5038724467158318 1.8232836723327637 -1
      vertex 1.7009397968649864 1.7817632630467415 -1
      vertex 1.7009397968649864 1.7817632630467415 0
    endloop
  endfacet
  facet normal -0.2927357211489577 -0.9561933892071205 0
    outer loop
      vertex 1.7009397968649864 1.7817632630467415 -1
      vertex 1.8908112272620201 1.723634697496891 -1
      vertex 1.8908112272620201 1.723634697496891 0
    endloop
  endfacet
  facet normal -0.37865821839706226 -0.9255365760683706 0
    outer loop
      vertex 1.8908112272620201 1.723634697496891 -1
      vertex 2.073486737906933 1.648897960782051 -1
      vertex 2.073486737906933 1.648897960782051 0
    endloop
  endfacet
  facet normal -0.4617327341412909 -0.8870190991305701 0
    outer loop
      vertex 2.073486737906933 1.648897960782051 -1
      vertex 2.2489663287997246 1.5575530603528023 -1
      vertex 2.2489663287997246 1.5575530603528023 0
    endloop
  endfacet
  facet normal 0 0 1
    outer loop
      vertex -0.010449998080730438 4.006099998950958 -1
      vertex 0.05909081548452377 4.003332652151585 -1
      vertex 0.037050001323223114 5.701399996876717 -1
    endloop
  endfacet
  facet normal 0 0 1
    outer loop
      vertex 0.05909081548452377 4.003332652151585 -1
      vertex 0.12434183806180954 3.9950306117534637 -1
      vertex 0.35797857493162155 5.693787753582001 -1
    endloop
  endfacet
  facet normal 0 0 1
    outer loop
      vertex 0.12434183806180954 3.9950306117534637 -1
      vertex 0.18530306220054626 3.9811938777565956 -1
      vertex 0.6620214283466339 5.670951023697853 -1
    endloop
  endfacet
  facet normal 0 0 1
    outer loop
      vertex 0.18530306220054626 3.9811938777565956 -1
      vertex 0.24197448790073395 3.9618224501609802 -1
      vertex 0.6620214283466339 5.670951023697853 -1
    endloop
  endfacet
  facet normal 0 0 1
    outer loop
      vertex 0.24197448790073395 3.9618224501609802 -1
      vertex 0.2943561226129532 3.9369163289666176 -1
      vertex 0.9491785690188408 5.6328897923231125 -1
    endloop
  endfacet
  facet normal 0 0 1
    outer loop
      vertex 0.2943561226129532 3.9369163289666176 -1
      vertex 0.3424479588866234 3.906475506722927 -1
      vertex 1.2194499969482422 5.579604081809521 -1
    endloop
  endfacet
  facet normal 0 0 1
    outer loop
      vertex 0.3424479588866234 3.906475506722927 -1
      vertex 0.38624999672174454 3.87049999833107 -1
      vertex 1.2194499969482422 5.579604081809521 -1
    endloop
  endfacet
  facet normal 0 0 1
    outer loop
      vertex 0.38624999672174454 3.87049999833107 -1
      vertex 0.4252765327692032 3.8304408192634583 -1
      vertex 1.472835712134838 5.511093877255917 -1
    endloop
  endfacet
  facet normal 0 0 1
    outer loop
      vertex 0.5645622462034225 2.9601571410894394 -1
      vertex 3.2796255126595497 3.128736734390259 -1
      vertex 0.5628275498747826 3.121314287185669 -1
    endloop
  endfacet
  facet normal 0 0 1
    outer loop
      vertex 0.5628275498747826 3.121314287185669 -1
      vertex 3.24709489941597 3.387261226773262 -1
      vertex 0.5603989809751511 3.259357139468193 -1
    endloop
  endfacet
  facet normal 0 0 1
    outer loop
      vertex 0.5603989809751511 3.259357139468193 -1
      vertex 3.201552040874958 3.631389796733856 -1
      vertex 0.5572765320539474 3.374285712838173 -1
    endloop
  endfacet
  facet normal 0 0 1
    outer loop
      vertex 0.5534602031111717 3.466099999845028 -1
      vertex 3.1429969370365143 3.861122451722622 -1
      vertex 0.5489500015974045 3.534800000488758 -1
    endloop
  endfacet
  facet normal 0 0 1
    outer loop
      vertex 0.5572765320539474 3.374285712838173 -1
      vertex 3.201552040874958 3.631389796733856 -1
      vertex 0.5534602031111717 3.466099999845028 -1
    endloop
  endfacet
  facet normal 0 0 1
    outer loop
      vertex 0.5489500015974045 3.534800000488758 -1
      vertex 3.071429595351219 4.076459184288979 -1
      vertex 0.5414908155798912 3.590655103325844 -1
    endloop
  endfacet
  facet normal 0 0 1
    outer loop
      vertex 0.5107887759804726 3.694467343389988 -1
      vertex 2.3170234709978104 5.090400002896786 -1
      vertex 0.4875459149479866 3.742424488067627 -1
    endloop
  endfacet
  facet normal 0 0 1
    outer loop
      vertex 0.4252765327692032 3.8304408192634583 -1
      vertex 0.4590418338775635 3.7877489775419235 -1
      vertex 1.7093357145786285 5.427359186112881 -1
    endloop
  endfacet
  facet normal 0 0 1
    outer loop
      vertex 0.4875459149479866 3.742424488067627 -1
      vertex 1.928949996829033 5.3284000009298325 -1
      vertex 0.4590418338775635 3.7877489775419235 -1
    endloop
  endfacet
  facet normal 0 0 1
    outer loop
      vertex 0.5287704095244408 3.643877550959587 -1
      vertex 0.5414908155798912 3.590655103325844 -1
      vertex 2.887211225926876 4.464914284646511 -1
    endloop
  endfacet
  facet normal 0 0 1
    outer loop
      vertex 0.5287704095244408 3.643877550959587 -1
      vertex 2.6364438757300377 4.802571430802345 -1
      vertex 0.5107887759804726 3.694467343389988 -1
    endloop
  endfacet
  facet normal 0 0 1
    outer loop
      vertex 0.05909081548452377 4.003332652151585 -1
      vertex 0.35797857493162155 5.693787753582001 -1
      vertex 0.037050001323223114 5.701399996876717 -1
    endloop
  endfacet
  facet normal 0 0 1
    outer loop
      vertex 0.12434183806180954 3.9950306117534637 -1
      vertex 0.6620214283466339 5.670951023697853 -1
      vertex 0.35797857493162155 5.693787753582001 -1
    endloop
  endfacet
  facet normal 0 0 1
    outer loop
      vertex 0.24197448790073395 3.9618224501609802 -1
      vertex 0.9491785690188408 5.6328897923231125 -1
      vertex 0.6620214283466339 5.670951023697853 -1
    endloop
  endfacet
  facet normal 0 0 1
    outer loop
      vertex 0.2943561226129532 3.9369163289666176 -1
      vertex 1.2194499969482422 5.579604081809521 -1
      vertex 0.9491785690188408 5.6328897923231125 -1
    endloop
  endfacet
  facet normal 0 0 1
    outer loop
      vertex 0.38624999672174454 3.87049999833107 -1
      vertex 1.472835712134838 5.511093877255917 -1
      vertex 1.2194499969482422 5.579604081809521 -1
    endloop
  endfacet
  facet normal 0 0 1
    outer loop
      vertex 0.4252765327692032 3.8304408192634583 -1
      vertex 1.7093357145786285 5.427359186112881 -1
      vertex 1.472835712134838 5.511093877255917 -1
    endloop
  endfacet
  facet normal 0 0 1
    outer loop
      vertex 0.4875459149479866 3.742424488067627 -1
      vertex 2.1315683647990227 5.215628571808338 -1
      vertex 1.928949996829033 5.3284000009298325 -1
    endloop
  endfacet
  facet normal 0 0 1
    outer loop
      vertex 0.4590418338775635 3.7877489775419235 -1
      vertex 1.928949996829033 5.3284000009298325 -1
      vertex 1.7093357145786285 5.427359186112881 -1
    endloop
  endfacet
  facet normal 0 0 1
    outer loop
      vertex 0.5107887759804726 3.694467343389988 -1
      vertex 2.4853153079748154 4.952714286744595 -1
      vertex 2.3170234709978104 5.090400002896786 -1
    endloop
  endfacet
  facet normal 0 0 1
    outer loop
      vertex 0.5107887759804726 3.694467343389988 -1
      vertex 2.6364438757300377 4.802571430802345 -1
      vertex 2.4853153079748154 4.952714286744595 -1
    endloop
  endfacet
  facet normal 0 0 1
    outer loop
      vertex 0.5414908155798912 3.590655103325844 -1
      vertex 3.071429595351219 4.076459184288979 -1
      vertex 2.9868500009179115 4.277400001883507 -1
    endloop
  endfacet
  facet normal 0 0 1
    outer loop
      vertex 0.5489500015974045 3.534800000488758 -1
      vertex 3.1429969370365143 3.861122451722622 -1
      vertex 3.071429595351219 4.076459184288979 -1
    endloop
  endfacet
  facet normal 0 0 1
    outer loop
      vertex 0.5414908155798912 3.590655103325844 -1
      vertex 2.9868500009179115 4.277400001883507 -1
      vertex 2.887211225926876 4.464914284646511 -1
    endloop
  endfacet
  facet normal 0 0 1
    outer loop
      vertex 0.5287704095244408 3.643877550959587 -1
      vertex 2.770409181714058 4.639971427619457 -1
      vertex 2.6364438757300377 4.802571430802345 -1
    endloop
  endfacet
  facet normal 0 0 1
    outer loop
      vertex 0.5287704095244408 3.643877550959587 -1
      vertex 2.887211225926876 4.464914284646511 -1
      vertex 2.770409181714058 4.639971427619457 -1
    endloop
  endfacet
  facet normal 0 0 1
    outer loop
      vertex 0.5628275498747826 3.121314287185669 -1
      vertex 3.2796255126595497 3.128736734390259 -1
      vertex 3.24709489941597 3.387261226773262 -1
    endloop
  endfacet
  facet normal 0 0 1
    outer loop
      vertex 0.5603989809751511 3.259357139468193 -1
      vertex 3.24709489941597 3.387261226773262 -1
      vertex 3.201552040874958 3.631389796733856 -1
    endloop
  endfacet
  facet normal 0 0 1
    outer loop
      vertex 0.5534602031111717 3.466099999845028 -1
      vertex 3.201552040874958 3.631389796733856 -1
      vertex 3.1429969370365143 3.861122451722622 -1
    endloop
  endfacet
  facet normal 0 0 1
    outer loop
      vertex 0.4875459149479866 3.742424488067627 -1
      vertex 2.3170234709978104 5.090400002896786 -1
      vertex 2.1315683647990227 5.215628571808338 -1
    endloop
  endfacet
  facet normal 0.9999420731316999 0.01076338148901234 0
    outer loop
      vertex 0.5645622462034225 2.9601571410894394 -1
      vertex 0.5628275498747826 3.121314287185669 -1
      vertex 0.5628275498747826 3.121314287185669 0
    endloop
  endfacet
  facet normal 0.9998452815111614 0.017590140416337312 0
    outer loop
      vertex 0.5628275498747826 3.121314287185669 -1
      vertex 0.5603989809751511 3.259357139468193 -1
      vertex 0.5603989809751511 3.259357139468193 0
    endloop
  endfacet
  facet normal 0.9996311376624584 0.02715858272552949 0
    outer loop
      vertex 0.5603989809751511 3.259357139468193 -1
      vertex 0.5572765320539474 3.374285712838173 -1
      vertex 0.5572765320539474 3.374285712838173 0
    endloop
  endfacet
  facet normal 0.9991372623164978 0.04152988141921165 0
    outer loop
      vertex 0.5572765320539474 3.374285712838173 -1
      vertex 0.5534602031111717 3.466099999845028 -1
      vertex 0.5534602031111717 3.466099999845028 0
    endloop
  endfacet
  facet normal 0.9978519354896036 0.06550965455298752 0
    outer loop
      vertex 0.5534602031111717 3.466099999845028 -1
      vertex 0.5489500015974045 3.534800000488758 -1
      vertex 0.5489500015974045 3.534800000488758 0
    endloop
  endfacet
  facet normal 0.9912003560232915 0.13237014096577893 0
    outer loop
      vertex 0.5489500015974045 3.534800000488758 -1
      vertex 0.5414908155798912 3.590655103325844 -1
      vertex 0.5414908155798912 3.590655103325844 0
    endloop
  endfacet
  facet normal 0.9726065838590812 0.23245737896218335 0
    outer loop
      vertex 0.5287704095244408 3.643877550959587 -1
      vertex 0.5287704095244408 3.643877550959587 0
      vertex 0.5414908155798912 3.590655103325844 -1
    endloop
  endfacet
  facet normal 0.8465153356506424 0.5323643362475367 0
    outer loop
      vertex 0.4875459149479866 3.742424488067627 -1
      vertex 0.4590418338775635 3.7877489775419235 -1
      vertex 0.4590418338775635 3.7877489775419235 0
    endloop
  endfacet
  facet normal 0.784335486738098 0.6203368796414661 0
    outer loop
      vertex 0.4252765327692032 3.8304408192634583 -1
      vertex 0.4252765327692032 3.8304408192634583 0
      vertex 0.4590418338775635 3.7877489775419235 -1
    endloop
  endfacet
  facet normal 0.9422490674581698 0.33491296611837734 0
    outer loop
      vertex 0.5287704095244408 3.643877550959587 -1
      vertex 0.5107887759804726 3.694467343389988 -1
      vertex 0.5107887759804726 3.694467343389988 0
    endloop
  endfacet
  facet normal 0.8998810398948555 0.4361354308443118 0
    outer loop
      vertex 0.5107887759804726 3.694467343389988 -1
      vertex 0.4875459149479866 3.742424488067627 -1
      vertex 0.4875459149479866 3.742424488067627 0
    endloop
  endfacet
  facet normal 0.03976309825328471 0.9992091352751433 0
    outer loop
      vertex -0.010449998080730438 4.006099998950958 -1
      vertex -0.010449998080730438 4.006099998950958 0
      vertex 0.05909081548452377 4.003332652151585 -1
    endloop
  endfacet
  facet normal 0.12621485553097983 0.9920029285457246 0
    outer loop
      vertex 0.05909081548452377 4.003332652151585 -1
      vertex 0.05909081548452377 4.003332652151585 0
      vertex 0.12434183806180954 3.9950306117534637 -1
    endloop
  endfacet
  facet normal 0.22134592786423601 0.975195354899684 0
    outer loop
      vertex 0.12434183806180954 3.9950306117534637 -1
      vertex 0.12434183806180954 3.9950306117534637 0
      vertex 0.18530306220054626 3.9811938777565956 -1
    endloop
  endfacet
  facet normal 0.3234460336003179 0.9462466186720151 0
    outer loop
      vertex 0.18530306220054626 3.9811938777565956 -1
      vertex 0.18530306220054626 3.9811938777565956 0
      vertex 0.24197448790073395 3.9618224501609802 -1
    endloop
  endfacet
  facet normal 0.4294062755009061 0.9031114275439326 0
    outer loop
      vertex 0.24197448790073395 3.9618224501609802 -1
      vertex 0.24197448790073395 3.9618224501609802 0
      vertex 0.2943561226129532 3.9369163289666176 -1
    endloop
  endfacet
  facet normal 0.6346895213400171 0.7727672427718323 0
    outer loop
      vertex 0.3424479588866234 3.906475506722927 -1
      vertex 0.3424479588866234 3.906475506722927 0
      vertex 0.38624999672174454 3.87049999833107 -1
    endloop
  endfacet
  facet normal 0.5348346142088689 0.8449567654288889 0
    outer loop
      vertex 0.2943561226129532 3.9369163289666176 -1
      vertex 0.2943561226129532 3.9369163289666176 0
      vertex 0.3424479588866234 3.906475506722927 -1
    endloop
  endfacet
  facet normal 0.7162786034105493 0.6978144182347003 0
    outer loop
      vertex 0.38624999672174454 3.87049999833107 -1
      vertex 0.38624999672174454 3.87049999833107 0
      vertex 0.4252765327692032 3.8304408192634583 -1
    endloop
  endfacet
  facet normal -0.02371276182972282 -0.9997188129301193 0
    outer loop
      vertex 0.037050001323223114 5.701399996876717 -1
      vertex 0.35797857493162155 5.693787753582001 -1
      vertex 0.35797857493162155 5.693787753582001 0
    endloop
  endfacet
  facet normal -0.07489925734981079 -0.9971911056805746 0
    outer loop
      vertex 0.35797857493162155 5.693787753582001 -1
      vertex 0.6620214283466339 5.670951023697853 -1
      vertex 0.6620214283466339 5.670951023697853 0
    endloop
  endfacet
  facet normal -0.13139579244163832 -0.9913299883129906 0
    outer loop
      vertex 0.6620214283466339 5.670951023697853 -1
      vertex 0.9491785690188408 5.6328897923231125 -1
      vertex 0.9491785690188408 5.6328897923231125 0
    endloop
  endfacet
  facet normal -0.19343270130868515 -0.9811135459590927 0
    outer loop
      vertex 1.2194499969482422 5.579604081809521 -1
      vertex 1.2194499969482422 5.579604081809521 0
      vertex 0.9491785690188408 5.6328897923231125 -1
    endloop
  endfacet
  facet normal -0.26100693993094964 -0.96533692424349 0
    outer loop
      vertex 1.2194499969482422 5.579604081809521 -1
      vertex 1.472835712134838 5.511093877255917 -1
      vertex 1.472835712134838 5.511093877255917 0
    endloop
  endfacet
  facet normal -0.9216797692425313 -0.3879515471924738 0
    outer loop
      vertex 3.071429595351219 4.076459184288979 -1
      vertex 3.071429595351219 4.076459184288979 0
      vertex 2.9868500009179115 4.277400001883507 -1
    endloop
  endfacet
  facet normal -0.8318368793002774 -0.5550201854311029 0
    outer loop
      vertex 2.770409181714058 4.639971427619457 -1
      vertex 2.887211225926876 4.464914284646511 -1
      vertex 2.887211225926876 4.464914284646511 0
    endloop
  endfacet
  facet normal -0.8830731562340354 -0.46923533620014063 0
    outer loop
      vertex 2.9868500009179115 4.277400001883507 -1
      vertex 2.9868500009179115 4.277400001883507 0
      vertex 2.887211225926876 4.464914284646511 -1
    endloop
  endfacet
  facet normal -0.4863205387753461 -0.8737804836257543 0
    outer loop
      vertex 1.928949996829033 5.3284000009298325 -1
      vertex 2.1315683647990227 5.215628571808338 -1
      vertex 2.1315683647990227 5.215628571808338 0
    endloop
  endfacet
  facet normal -0.5596152088998042 -0.8287525673975488 0
    outer loop
      vertex 2.1315683647990227 5.215628571808338 -1
      vertex 2.3170234709978104 5.090400002896786 -1
      vertex 2.3170234709978104 5.090400002896786 0
    endloop
  endfacet
  facet normal -0.3337560272359585 -0.9426594901042847 0
    outer loop
      vertex 1.472835712134838 5.511093877255917 -1
      vertex 1.7093357145786285 5.427359186112881 -1
      vertex 1.7093357145786285 5.427359186112881 0
    endloop
  endfacet
  facet normal -0.4108229517810539 -0.9117151431724176 0
    outer loop
      vertex 1.7093357145786285 5.427359186112881 -1
      vertex 1.928949996829033 5.3284000009298325 -1
      vertex 1.928949996829033 5.3284000009298325 0
    endloop
  endfacet
  facet normal -0.7047894687752003 -0.7094165241263914 0
    outer loop
      vertex 2.6364438757300377 4.802571430802345 -1
      vertex 2.6364438757300377 4.802571430802345 0
      vertex 2.4853153079748154 4.952714286744595 -1
    endloop
  endfacet
  facet normal -0.6332168393799373 -0.7739744403568393 0
    outer loop
      vertex 2.3170234709978104 5.090400002896786 -1
      vertex 2.4853153079748154 4.952714286744595 -1
      vertex 2.4853153079748154 4.952714286744595 0
    endloop
  endfacet
  facet normal -0.7717918113387618 -0.6358753022019592 0
    outer loop
      vertex 2.6364438757300377 4.802571430802345 -1
      vertex 2.770409181714058 4.639971427619457 -1
      vertex 2.770409181714058 4.639971427619457 0
    endloop
  endfacet
  facet normal -0.9829546824248948 -0.18384801412844803 0
    outer loop
      vertex 3.2260581627488136 0.11495306342840195 -1
      vertex 3.2260581627488136 0.11495306342840195 0
      vertex 3.1910377517342567 0.3021918386220932 -1
    endloop
  endfacet
  facet normal -0.9719080573191076 -0.2353608466125965 0
    outer loop
      vertex 3.149650000035763 0.4730999991297722 -1
      vertex 3.1910377517342567 0.3021918386220932 -1
      vertex 3.1910377517342567 0.3021918386220932 0
    endloop
  endfacet
  facet normal -0.9486650833721071 -0.3162824048071484 0
    outer loop
      vertex 3.149650000035763 0.4730999991297722 -1
      vertex 3.149650000035763 0.4730999991297722 0
      vertex 3.096498981118202 0.6325224488973618 -1
    endloop
  endfacet
  facet normal -0.9084212434282699 -0.4180560303215779 0
    outer loop
      vertex 3.096498981118202 0.6325224488973618 -1
      vertex 3.096498981118202 0.6325224488973618 0
      vertex 3.026188775897026 0.7853040844202042 -1
    endloop
  endfacet
  facet normal -0.9997437128124986 -0.022638654816048098 0
    outer loop
      vertex 3.3056500032544136 2.5684999972581863 -1
      vertex 3.3056500032544136 2.5684999972581863 0
      vertex 3.2991438806056976 2.855816327035427 -1
    endloop
  endfacet
  facet normal -0.9974524487346506 -0.07133451137597567 0
    outer loop
      vertex 3.2991438806056976 2.855816327035427 -1
      vertex 3.2991438806056976 2.855816327035427 0
      vertex 3.2796255126595497 3.128736734390259 -1
    endloop
  endfacet
  facet normal -0.9921759643520659 -0.12484732981545132 0
    outer loop
      vertex 3.2796255126595497 3.128736734390259 -1
      vertex 3.2796255126595497 3.128736734390259 0
      vertex 3.24709489941597 3.387261226773262 -1
    endloop
  endfacet
  facet normal -0.9830404409751974 -0.1833889075361146 0
    outer loop
      vertex 3.24709489941597 3.387261226773262 -1
      vertex 3.24709489941597 3.387261226773262 0
      vertex 3.201552040874958 3.631389796733856 -1
    endloop
  endfacet
  facet normal -0.9690187758224296 -0.24698706869712858 0
    outer loop
      vertex 3.1429969370365143 3.861122451722622 -1
      vertex 3.201552040874958 3.631389796733856 -1
      vertex 3.201552040874958 3.631389796733856 0
    endloop
  endfacet
  facet normal -0.9489626347767226 -0.31538851881072116 0
    outer loop
      vertex 3.1429969370365143 3.861122451722622 -1
      vertex 3.1429969370365143 3.861122451722622 0
      vertex 3.071429595351219 4.076459184288979 -1
    endloop
  endfacet
  facet normal 0.055278158949155776 0.9984709936413736 0
    outer loop
      vertex 0.016750000417232513 0.16120000183582306 -1
      vertex 0.016750000417232513 0.16120000183582306 0
      vertex 0.09674184024333954 0.15677142888307571 0
    endloop
  endfacet
  facet normal 0.17823485384356902 0.9839879759810897 0
    outer loop
      vertex 0.09674184024333954 0.15677142888307571 -1
      vertex 0.09674184024333954 0.15677142888307571 0
      vertex 0.1700887754559517 0.14348571747541428 0
    endloop
  endfacet
  facet normal 0.3150602207348976 0.9490716818610054 0
    outer loop
      vertex 0.1700887754559517 0.14348571747541428 -1
      vertex 0.1700887754559517 0.14348571747541428 0
      vertex 0.23679081350564957 0.12134286016225815 0
    endloop
  endfacet
  facet normal 0.458675228886194 0.8886039806382806 0
    outer loop
      vertex 0.23679081350564957 0.12134286016225815 -1
      vertex 0.23679081350564957 0.12134286016225815 0
      vertex 0.29684796184301376 0.09034285694360733 0
    endloop
  endfacet
  facet normal 0.5980579889646104 0.8014528319468377 0
    outer loop
      vertex 0.29684796184301376 0.09034285694360733 -1
      vertex 0.29684796184301376 0.09034285694360733 0
      vertex 0.3502602055668831 0.05048571527004242 0
    endloop
  endfacet
  facet normal 0.7213752586263027 0.6925443929755226 0
    outer loop
      vertex 0.3502602055668831 0.05048571527004242 -1
      vertex 0.3502602055668831 0.05048571527004242 0
      vertex 0.39702755212783813 0.0017714276909828186 0
    endloop
  endfacet
  facet normal 0.5152794466994453 -0.85702222363782 0
    outer loop
      vertex -0.02776632457971573 1.568630613386631 -1
      vertex 0.08444999903440475 1.6361000016331673 0
      vertex -0.02776632457971573 1.568630613386631 0
    endloop
  endfacet
  facet normal 0.43765063315011227 -0.8991451069228514 0
    outer loop
      vertex 0.08444999903440475 1.6361000016331673 -1
      vertex 0.20458265393972397 1.6945734694600105 0
      vertex 0.08444999903440475 1.6361000016331673 0
    endloop
  endfacet
  facet normal 0.3608304001760249 -0.9326314504180148 0
    outer loop
      vertex 0.20458265393972397 1.6945734694600105 -1
      vertex 0.33246632665395737 1.7440510168671608 0
      vertex 0.20458265393972397 1.6945734694600105 0
    endloop
  endfacet
  facet normal 0.2859944461151067 -0.9582312752103811 0
    outer loop
      vertex 0.33246632665395737 1.7440510168671608 -1
      vertex 0.46810101717710495 1.7845326513051987 0
      vertex 0.33246632665395737 1.7440510168671608 0
    endloop
  endfacet
  facet normal 0.21447748599654176 -0.9767289327139864 0
    outer loop
      vertex 0.46810101717710495 1.7845326513051987 -1
      vertex 0.6114867329597473 1.8160183653235435 0
      vertex 0.46810101717710495 1.7845326513051987 0
    endloop
  endfacet
  facet normal 0.1471837316373451 -0.9891091694759007 0
    outer loop
      vertex 0.6114867329597473 1.8160183653235435 -1
      vertex 0.7626234665513039 1.838508166372776 0
      vertex 0.6114867329597473 1.8160183653235435 0
    endloop
  endfacet
  facet normal 0.9999986006999525 0.0016729011139131134 0
    outer loop
      vertex 0.5659499987959862 2.5684999972581863 -1
      vertex 0.5656030625104904 2.7758857160806656 0
      vertex 0.5659499987959862 2.5684999972581863 0
    endloop
  endfacet
  facet normal 0.9999840488573026 0.00564818828968669 0
    outer loop
      vertex 0.5656030625104904 2.7758857160806656 -1
      vertex 0.5645622462034225 2.9601571410894394 0
      vertex 0.5656030625104904 2.7758857160806656 0
    endloop
  endfacet
  facet normal 0.9999420731316999 0.01076338148901234 0
    outer loop
      vertex 0.5645622462034225 2.9601571410894394 -1
      vertex 0.5628275498747826 3.121314287185669 0
      vertex 0.5645622462034225 2.9601571410894394 0
    endloop
  endfacet
  facet normal 0.08462245254755231 -0.9964130872910277 0
    outer loop
      vertex 0.7626234665513039 1.838508166372776 -1
      vertex 0.9215112254023552 1.852002039551735 0
      vertex 0.7626234665513039 1.838508166372776 0
    endloop
  endfacet
  facet normal 0.026982450459309876 -0.9996359074018955 0
    outer loop
      vertex 0.9215112254023552 1.852002039551735 -1
      vertex 1.0881500020623207 1.8564999997615814 0
      vertex 0.9215112254023552 1.852002039551735 0
    endloop
  endfacet
  facet normal -0.039240131572025945 -0.9992298094403559 0
    outer loop
      vertex 1.0881500020623207 1.8564999997615814 -1
      vertex 1.2996091842651367 1.848195917904377 0
      vertex 1.0881500020623207 1.8564999997615814 0
    endloop
  endfacet
  facet normal -0.12106439083209322 -0.992644656094241 0
    outer loop
      vertex 1.2996091842651367 1.848195917904377 -1
      vertex 1.5038724467158318 1.8232836723327637 0
      vertex 1.2996091842651367 1.848195917904377 0
    endloop
  endfacet
  facet normal -0.9084212434282699 -0.4180560303215779 0
    outer loop
      vertex 3.026188775897026 0.7853040844202042 -1
      vertex 3.096498981118202 0.6325224488973618 0
      vertex 3.026188775897026 0.7853040844202042 0
    endloop
  endfacet
  facet normal -0.5399458146836514 -0.8416997785467262 0
    outer loop
      vertex 2.2489663287997246 1.5575530603528023 -1
      vertex 2.4172499999403954 1.4496000036597252 0
      vertex 2.2489663287997246 1.5575530603528023 0
    endloop
  endfacet
  facet normal -0.6080990253919374 -0.7938611813896532 0
    outer loop
      vertex 2.4172499999403954 1.4496000036597252 -1
      vertex 2.573356121778488 1.3300224468111992 0
      vertex 2.4172499999403954 1.4496000036597252 0
    endloop
  endfacet
  facet normal -0.6723897110260818 -0.7401973226824466 0
    outer loop
      vertex 2.573356121778488 1.3300224468111992 -1
      vertex 2.712303064763546 1.2038040831685066 0
      vertex 2.573356121778488 1.3300224468111992 0
    endloop
  endfacet
  facet normal -0.7999901710151944 -0.600013105089447 0
    outer loop
      vertex 2.8340908139944077 1.0709448978304863 -1
      vertex 2.9387193843722343 0.9314448982477188 0
      vertex 2.8340908139944077 1.0709448978304863 0
    endloop
  endfacet
  facet normal -0.8580495920954768 -0.513566838400598 0
    outer loop
      vertex 2.9387193843722343 0.9314448982477188 -1
      vertex 3.026188775897026 0.7853040844202042 0
      vertex 2.9387193843722343 0.9314448982477188 0
    endloop
  endfacet
  facet normal -0.7371536906229637 -0.6757251189655037 0
    outer loop
      vertex 2.712303064763546 1.2038040831685066 -1
      vertex 2.8340908139944077 1.0709448978304863 0
      vertex 2.712303064763546 1.2038040831685066 0
    endloop
  endfacet
  facet normal -0.2061652241587131 -0.9785171947122787 0
    outer loop
      vertex 1.5038724467158318 1.8232836723327637 -1
      vertex 1.7009397968649864 1.7817632630467415 0
      vertex 1.5038724467158318 1.8232836723327637 0
    endloop
  endfacet
  facet normal -0.2927357211489577 -0.9561933892071205 0
    outer loop
      vertex 1.7009397968649864 1.7817632630467415 -1
      vertex 1.8908112272620201 1.723634697496891 0
      vertex 1.7009397968649864 1.7817632630467415 0
    endloop
  endfacet
  facet normal -0.37865821839706226 -0.9255365760683706 0
    outer loop
      vertex 1.8908112272620201 1.723634697496891 -1
      vertex 2.073486737906933 1.648897960782051 0
      vertex 1.8908112272620201 1.723634697496891 0
    endloop
  endfacet
  facet normal -0.4617327341412909 -0.8870190991305701 0
    outer loop
      vertex 2.073486737906933 1.648897960782051 -1
      vertex 2.2489663287997246 1.5575530603528023 0
      vertex 2.073486737906933 1.648897960782051 0
    endloop
  endfacet
  facet normal 0 1 0
    outer loop
      vertex 3.3056500032544136 2.5684999972581863 -1
      vertex 0.5659499987959862 2.5684999972581863 0
      vertex 3.3056500032544136 2.5684999972581863 0
    endloop
  endfacet
  facet normal 0.9998452815111614 0.017590140416337312 0
    outer loop
      vertex 0.5628275498747826 3.121314287185669 -1
      vertex 0.5603989809751511 3.259357139468193 0
      vertex 0.5628275498747826 3.121314287185669 0
    endloop
  endfacet
  facet normal 0.9996311376624584 0.02715858272552949 0
    outer loop
      vertex 0.5603989809751511 3.259357139468193 -1
      vertex 0.5572765320539474 3.374285712838173 0
      vertex 0.5603989809751511 3.259357139468193 0
    endloop
  endfacet
  facet normal 0.9991372623164978 0.04152988141921165 0
    outer loop
      vertex 0.5572765320539474 3.374285712838173 -1
      vertex 0.5534602031111717 3.466099999845028 0
      vertex 0.5572765320539474 3.374285712838173 0
    endloop
  endfacet
  facet normal 0.9978519354896036 0.06550965455298752 0
    outer loop
      vertex 0.5534602031111717 3.466099999845028 -1
      vertex 0.5489500015974045 3.534800000488758 0
      vertex 0.5534602031111717 3.466099999845028 0
    endloop
  endfacet
  facet normal 0.9912003560232915 0.13237014096577893 0
    outer loop
      vertex 0.5489500015974045 3.534800000488758 -1
      vertex 0.5414908155798912 3.590655103325844 0
      vertex 0.5489500015974045 3.534800000488758 0
    endloop
  endfacet
  facet normal 0.9726065838590812 0.23245737896218335 0
    outer loop
      vertex 0.5414908155798912 3.590655103325844 -1
      vertex 0.5287704095244408 3.643877550959587 0
      vertex 0.5414908155798912 3.590655103325844 0
    endloop
  endfacet
  facet normal 0.8465153356506424 0.5323643362475367 0
    outer loop
      vertex 0.4875459149479866 3.742424488067627 -1
      vertex 0.4590418338775635 3.7877489775419235 0
      vertex 0.4875459149479866 3.742424488067627 0
    endloop
  endfacet
  facet normal 0.784335486738098 0.6203368796414661 0
    outer loop
      vertex 0.4590418338775635 3.7877489775419235 -1
      vertex 0.4252765327692032 3.8304408192634583 0
      vertex 0.4590418338775635 3.7877489775419235 0
    endloop
  endfacet
  facet normal 0.9422490674581698 0.33491296611837734 0
    outer loop
      vertex 0.5287704095244408 3.643877550959587 -1
      vertex 0.5107887759804726 3.694467343389988 0
      vertex 0.5287704095244408 3.643877550959587 0
    endloop
  endfacet
  facet normal 0.8998810398948555 0.4361354308443118 0
    outer loop
      vertex 0.5107887759804726 3.694467343389988 -1
      vertex 0.4875459149479866 3.742424488067627 0
      vertex 0.5107887759804726 3.694467343389988 0
    endloop
  endfacet
  facet normal 0.03976309825328471 0.9992091352751433 0
    outer loop
      vertex 0.05909081548452377 4.003332652151585 -1
      vertex -0.010449998080730438 4.006099998950958 0
      vertex 0.05909081548452377 4.003332652151585 0
    endloop
  endfacet
  facet normal 0.12621485553097983 0.9920029285457246 0
    outer loop
      vertex 0.12434183806180954 3.9950306117534637 -1
      vertex 0.05909081548452377 4.003332652151585 0
      vertex 0.12434183806180954 3.9950306117534637 0
    endloop
  endfacet
  facet normal 0.22134592786423601 0.975195354899684 0
    outer loop
      vertex 0.18530306220054626 3.9811938777565956 -1
      vertex 0.12434183806180954 3.9950306117534637 0
      vertex 0.18530306220054626 3.9811938777565956 0
    endloop
  endfacet
  facet normal 0.3234460336003179 0.9462466186720151 0
    outer loop
      vertex 0.24197448790073395 3.9618224501609802 -1
      vertex 0.18530306220054626 3.9811938777565956 0
      vertex 0.24197448790073395 3.9618224501609802 0
    endloop
  endfacet
  facet normal 0.4294062755009061 0.9031114275439326 0
    outer loop
      vertex 0.2943561226129532 3.9369163289666176 -1
      vertex 0.24197448790073395 3.9618224501609802 0
      vertex 0.2943561226129532 3.9369163289666176 0
    endloop
  endfacet
  facet normal 0.6346895213400171 0.7727672427718323 0
    outer loop
      vertex 0.38624999672174454 3.87049999833107 -1
      vertex 0.3424479588866234 3.906475506722927 0
      vertex 0.38624999672174454 3.87049999833107 0
    endloop
  endfacet
  facet normal 0.5348346142088689 0.8449567654288889 0
    outer loop
      vertex 0.3424479588866234 3.906475506722927 -1
      vertex 0.2943561226129532 3.9369163289666176 0
      vertex 0.3424479588866234 3.906475506722927 0
    endloop
  endfacet
  facet normal 0.7162786034105493 0.6978144182347003 0
    outer loop
      vertex 0.4252765327692032 3.8304408192634583 -1
      vertex 0.38624999672174454 3.87049999833107 0
      vertex 0.4252765327692032 3.8304408192634583 0
    endloop
  endfacet
  facet normal -0.02371276182972282 -0.9997188129301193 0
    outer loop
      vertex 0.037050001323223114 5.701399996876717 -1
      vertex 0.35797857493162155 5.693787753582001 0
      vertex 0.037050001323223114 5.701399996876717 0
    endloop
  endfacet
  facet normal -0.07489925734981079 -0.9971911056805746 0
    outer loop
      vertex 0.35797857493162155 5.693787753582001 -1
      vertex 0.6620214283466339 5.670951023697853 0
      vertex 0.35797857493162155 5.693787753582001 0
    endloop
  endfacet
  facet normal -0.13139579244163832 -0.9913299883129906 0
    outer loop
      vertex 0.6620214283466339 5.670951023697853 -1
      vertex 0.9491785690188408 5.6328897923231125 0
      vertex 0.6620214283466339 5.670951023697853 0
    endloop
  endfacet
  facet normal -0.19343270130868515 -0.9811135459590927 0
    outer loop
      vertex 0.9491785690188408 5.6328897923231125 -1
      vertex 1.2194499969482422 5.579604081809521 0
      vertex 0.9491785690188408 5.6328897923231125 0
    endloop
  endfacet
  facet normal -0.26100693993094964 -0.96533692424349 0
    outer loop
      vertex 1.2194499969482422 5.579604081809521 -1
      vertex 1.472835712134838 5.511093877255917 0
      vertex 1.2194499969482422 5.579604081809521 0
    endloop
  endfacet
  facet normal -0.8318368793002774 -0.5550201854311029 0
    outer loop
      vertex 2.770409181714058 4.639971427619457 -1
      vertex 2.887211225926876 4.464914284646511 0
      vertex 2.770409181714058 4.639971427619457 0
    endloop
  endfacet
  facet normal -0.9216797692425313 -0.3879515471924738 0
    outer loop
      vertex 2.9868500009179115 4.277400001883507 -1
      vertex 3.071429595351219 4.076459184288979 0
      vertex 2.9868500009179115 4.277400001883507 0
    endloop
  endfacet
  facet normal -0.8830731562340354 -0.46923533620014063 0
    outer loop
      vertex 2.887211225926876 4.464914284646511 -1
      vertex 2.9868500009179115 4.277400001883507 0
      vertex 2.887211225926876 4.464914284646511 0
    endloop
  endfacet
  facet normal -0.4863205387753461 -0.8737804836257543 0
    outer loop
      vertex 1.928949996829033 5.3284000009298325 -1
      vertex 2.1315683647990227 5.215628571808338 0
      vertex 1.928949996829033 5.3284000009298325 0
    endloop
  endfacet
  facet normal -0.5596152088998042 -0.8287525673975488 0
    outer loop
      vertex 2.1315683647990227 5.215628571808338 -1
      vertex 2.3170234709978104 5.090400002896786 0
      vertex 2.1315683647990227 5.215628571808338 0
    endloop
  endfacet
  facet normal -0.3337560272359585 -0.9426594901042847 0
    outer loop
      vertex 1.472835712134838 5.511093877255917 -1
      vertex 1.7093357145786285 5.427359186112881 0
      vertex 1.472835712134838 5.511093877255917 0
    endloop
  endfacet
  facet normal -0.4108229517810539 -0.9117151431724176 0
    outer loop
      vertex 1.7093357145786285 5.427359186112881 -1
      vertex 1.928949996829033 5.3284000009298325 0
      vertex 1.7093357145786285 5.427359186112881 0
    endloop
  endfacet
  facet normal -0.7047894687752003 -0.7094165241263914 0
    outer loop
      vertex 2.4853153079748154 4.952714286744595 -1
      vertex 2.6364438757300377 4.802571430802345 0
      vertex 2.4853153079748154 4.952714286744595 0
    endloop
  endfacet
  facet normal -0.6332168393799373 -0.7739744403568393 0
    outer loop
      vertex 2.3170234709978104 5.090400002896786 -1
      vertex 2.4853153079748154 4.952714286744595 0
      vertex 2.3170234709978104 5.090400002896786 0
    endloop
  endfacet
  facet normal -0.7717918113387618 -0.6358753022019592 0
    outer loop
      vertex 2.6364438757300377 4.802571430802345 -1
      vertex 2.770409181714058 4.639971427619457 0
      vertex 2.6364438757300377 4.802571430802345 0
    endloop
  endfacet
  facet normal -0.9902390517319598 -0.1393794117687001 0
    outer loop
      vertex 3.2260581627488136 0.11495306342840195 -1
      vertex 3.254711225628853 -0.08861632645130157 0
      vertex 3.2260581627488136 0.11495306342840195 0
    endloop
  endfacet
  facet normal -0.9829546824248948 -0.18384801412844803 0
    outer loop
      vertex 3.1910377517342567 0.3021918386220932 -1
      vertex 3.2260581627488136 0.11495306342840195 0
      vertex 3.1910377517342567 0.3021918386220932 0
    endloop
  endfacet
  facet normal -0.9719080573191076 -0.2353608466125965 0
    outer loop
      vertex 3.149650000035763 0.4730999991297722 -1
      vertex 3.1910377517342567 0.3021918386220932 0
      vertex 3.149650000035763 0.4730999991297722 0
    endloop
  endfacet
  facet normal -0.9486650833721071 -0.3162824048071484 0
    outer loop
      vertex 3.096498981118202 0.6325224488973618 -1
      vertex 3.149650000035763 0.4730999991297722 0
      vertex 3.096498981118202 0.6325224488973618 0
    endloop
  endfacet
  facet normal -0.9997437128124986 -0.022638654816048098 0
    outer loop
      vertex 3.2991438806056976 2.855816327035427 -1
      vertex 3.3056500032544136 2.5684999972581863 0
      vertex 3.2991438806056976 2.855816327035427 0
    endloop
  endfacet
  facet normal -0.9974524487346506 -0.07133451137597567 0
    outer loop
      vertex 3.2796255126595497 3.128736734390259 -1
      vertex 3.2991438806056976 2.855816327035427 0
      vertex 3.2796255126595497 3.128736734390259 0
    endloop
  endfacet
  facet normal -0.9921759643520659 -0.12484732981545132 0
    outer loop
      vertex 3.24709489941597 3.387261226773262 -1
      vertex 3.2796255126595497 3.128736734390259 0
      vertex 3.24709489941597 3.387261226773262 0
    endloop
  endfacet
  facet normal -0.9830404409751974 -0.1833889075361146 0
    outer loop
      vertex 3.201552040874958 3.631389796733856 -1
      vertex 3.24709489941597 3.387261226773262 0
      vertex 3.201552040874958 3.631389796733856 0
    endloop
  endfacet
  facet normal -0.9690187758224296 -0.24698706869712858 0
    outer loop
      vertex 3.1429969370365143 3.861122451722622 -1
      vertex 3.201552040874958 3.631389796733856 0
      vertex 3.1429969370365143 3.861122451722622 0
    endloop
  endfacet
  facet normal -0.9489626347767226 -0.31538851881072116 0
    outer loop
      vertex 3.071429595351219 4.076459184288979 -1
      vertex 3.1429969370365143 3.861122451722622 0
      vertex 3.071429595351219 4.076459184288979 0
    endloop
  endfacet
  facet normal 0 0 -1
    outer loop
      vertex -19.820916362186214 -14.400738681165592 -5
      vertex -21.469513661074654 -11.802965015492028 -5
      vertex -19.782623301990217 -10.875589192846224 -5
    endloop
  endfacet
  facet normal 0 0 -1
    outer loop
      vertex -19.820916362186214 -14.400738681165592 -5
      vertex -19.782623301990217 -10.875589192846224 -5
      vertex -18.26355864801444 -13.269252070502581 -5
    endloop
  endfacet
  facet normal 0 0 -1
    outer loop
      vertex -15.616887748842895 -18.87757444800684 -5
      vertex -14.389846568576669 -17.394336455663446 -5
      vertex -12.096289896650852 -19.060702918207987 -5
    endloop
  endfacet
  facet normal 0 0 -1
    outer loop
      vertex -15.616887748842895 -18.87757444800684 -5
      vertex -12.096289896650852 -19.060702918207987 -5
      vertex -13.127756476985422 -20.686034174799367 -5
    endloop
  endfacet
  facet normal 0 0 -1
    outer loop
      vertex -19.820916362186214 -14.400738681165592 -5
      vertex -16.456466764038368 -15.453650916340143 -5
      vertex -17.859731371824587 -16.77140409525287 -5
    endloop
  endfacet
  facet normal 0 0 -1
    outer loop
      vertex -15.616887748842895 -18.87757444800684 -5
      vertex -17.859731371824587 -16.77140409525287 -5
      vertex -14.389846568576669 -17.394336455663446 -5
    endloop
  endfacet
  facet normal 0 0 -1
    outer loop
      vertex -17.859731371824587 -16.77140409525287 -5
      vertex -16.456466764038368 -15.453650916340143 -5
      vertex -14.389846568576669 -17.394336455663446 -5
    endloop
  endfacet
  facet normal 0 0 -1
    outer loop
      vertex -19.820916362186214 -14.400738681165592 -5
      vertex -18.26355864801444 -13.269252070502581 -5
      vertex -16.456466764038368 -15.453650916340143 -5
    endloop
  endfacet
  facet normal -0.8443279255020156 -0.5358267949789957 0
    outer loop
      vertex -19.820916362186214 -14.400738681165592 -5
      vertex -21.469513661074654 -11.802965015492028 0
      vertex -21.469513661074654 -11.802965015492028 -5
    endloop
  endfacet
  facet normal -0.7705132427757891 -0.6374239897486897 0
    outer loop
      vertex -19.820916362186214 -14.400738681165592 -5
      vertex -17.859731371824587 -16.77140409525287 -5
      vertex -19.820916362186214 -14.400738681165592 0
    endloop
  endfacet
  facet normal -0.5877852522924729 -0.8090169943749476 0
    outer loop
      vertex -15.616887748842895 -18.87757444800684 -5
      vertex -13.127756476985422 -20.686034174799367 -5
      vertex -13.127756476985422 -20.686034174799367 0
    endloop
  endfacet
  facet normal -0.6845471059286887 -0.7289686274214116 0
    outer loop
      vertex -15.616887748842895 -18.87757444800684 -5
      vertex -15.616887748842895 -18.87757444800684 0
      vertex -17.859731371824587 -16.77140409525287 -5
    endloop
  endfacet
  facet normal 0 0 -1
    outer loop
      vertex -21.469513661074654 -11.802965015492028 -5
      vertex -22.77952390426216 -9.019051540774608 -5
      vertex -20.989704168927275 -8.310411776856602 -5
    endloop
  endfacet
  facet normal 0 0 -1
    outer loop
      vertex -22.77952390426216 -9.019051540774608 -5
      vertex -21.865764862478844 -5.614174202746598 -5
      vertex -20.989704168927275 -8.310411776856602 -5
    endloop
  endfacet
  facet normal 0 0 -1
    outer loop
      vertex -21.469513661074654 -11.802965015492028 -5
      vertex -20.989704168927275 -8.310411776856602 -5
      vertex -19.782623301990217 -10.875589192846224 -5
    endloop
  endfacet
  facet normal 0 0 -1
    outer loop
      vertex -22.77952390426216 -9.019051540774608 -5
      vertex -22.396989382174336 -2.829397747714164 -5
      vertex -21.865764862478844 -5.614174202746598 -5
    endloop
  endfacet
  facet normal 0 0 -1
    outer loop
      vertex -22.77952390426216 -9.019051540774608 -5
      vertex -22.575 0 -5
      vertex -22.396989382174336 -2.829397747714164 -5
    endloop
  endfacet
  facet normal 0 0 -1
    outer loop
      vertex -22.77952390426216 -9.019051540774608 -5
      vertex -23.730287447651463 -6.0929022355389435 -5
      vertex -22.77952390426216 9.019051540774608 -5
    endloop
  endfacet
  facet normal 0 0 -1
    outer loop
      vertex -23.730287447651463 -6.0929022355389435 -5
      vertex -24.306810182204707 -3.0706642223254494 -5
      vertex -23.730287447651463 6.0929022355389435 -5
    endloop
  endfacet
  facet normal -0.9048270524660192 -0.42577929156507316 0
    outer loop
      vertex -21.469513661074654 -11.802965015492028 -5
      vertex -22.77952390426216 -9.019051540774608 0
      vertex -22.77952390426216 -9.019051540774608 -5
    endloop
  endfacet
  facet normal -0.9510565162951534 -0.30901699437494784 0
    outer loop
      vertex -22.77952390426216 -9.019051540774608 -5
      vertex -23.730287447651463 -6.0929022355389435 0
      vertex -23.730287447651463 -6.0929022355389435 -5
    endloop
  endfacet
  facet normal -0.9822872507286887 -0.18738131458572407 0
    outer loop
      vertex -23.730287447651463 -6.0929022355389435 -5
      vertex -24.306810182204707 -3.0706642223254494 0
      vertex -24.306810182204707 -3.0706642223254494 -5
    endloop
  endfacet
  facet normal -0.9980267284282716 -0.06279051952931346 0
    outer loop
      vertex -24.306810182204707 -3.0706642223254494 -5
      vertex -24.5 0 0
      vertex -24.5 0 -5
    endloop
  endfacet
  facet normal 0 0 -1
    outer loop
      vertex -13.127756476985422 -20.686034174799367 -5
      vertex -12.096289896650852 -19.060702918207987 -5
      vertex -9.61196750708151 -20.426470709420393 -5
    endloop
  endfacet
  facet normal 0 0 -1
    outer loop
      vertex -13.127756476985422 -20.686034174799367 -5
      vertex -9.61196750708151 -20.426470709420393 -5
      vertex -10.431592643344274 -22.16826278541748 -5
    endloop
  endfacet
  facet normal 0 0 -1
    outer loop
      vertex -10.431592643344274 -22.16826278541748 -5
      vertex -6.976058648014437 -21.47010085536309 -5
      vertex -7.570916362186211 -23.30088464923126 -5
    endloop
  endfacet
  facet normal 0 0 -1
    outer loop
      vertex -7.570916362186211 -23.30088464923126 -5
      vertex -6.976058648014437 -21.47010085536309 -5
      vertex -4.230133176772738 -22.175134685200145 -5
    endloop
  endfacet
  facet normal 0 0 -1
    outer loop
      vertex -10.431592643344274 -22.16826278541748 -5
      vertex -9.61196750708151 -20.426470709420393 -5
      vertex -6.976058648014437 -21.47010085536309 -5
    endloop
  endfacet
  facet normal 0 0 -1
    outer loop
      vertex -7.570916362186211 -23.30088464923126 -5
      vertex -4.230133176772738 -22.175134685200145 -5
      vertex -4.590842207350258 -24.06603764285287 -5
    endloop
  endfacet
  facet normal 0 0 -1
    outer loop
      vertex -4.590842207350258 -24.06603764285287 -5
      vertex -4.230133176772738 -22.175134685200145 -5
      vertex -1.4174959783742582 -22.53045339426823 -5
    endloop
  endfacet
  facet normal 0 0 -1
    outer loop
      vertex -4.590842207350258 -24.06603764285287 -5
      vertex -1.4174959783742582 -22.53045339426823 -5
      vertex -1.5383677284681871 -24.45165484649265 -5
    endloop
  endfacet
  facet normal 0 0 -1
    outer loop
      vertex -1.5383677284681871 -24.45165484649265 -5
      vertex -1.4174959783742582 -22.53045339426823 -5
      vertex 1.4174959783742582 -22.53045339426823 -5
    endloop
  endfacet
  facet normal -0.48175367410171455 -0.876306680043864 0
    outer loop
      vertex -13.127756476985422 -20.686034174799367 -5
      vertex -10.431592643344274 -22.16826278541748 -5
      vertex -10.431592643344274 -22.16826278541748 0
    endloop
  endfacet
  facet normal -0.36812455268467786 -0.9297764858882515 0
    outer loop
      vertex -10.431592643344274 -22.16826278541748 -5
      vertex -7.570916362186211 -23.30088464923126 -5
      vertex -7.570916362186211 -23.30088464923126 0
    endloop
  endfacet
  facet normal -0.2486898871648547 -0.9685831611286311 0
    outer loop
      vertex -7.570916362186211 -23.30088464923126 -5
      vertex -4.590842207350258 -24.06603764285287 -5
      vertex -4.590842207350258 -24.06603764285287 0
    endloop
  endfacet
  facet normal -0.12533323356430495 -0.9921147013144778 0
    outer loop
      vertex -4.590842207350258 -24.06603764285287 -5
      vertex -1.5383677284681871 -24.45165484649265 -5
      vertex -1.5383677284681871 -24.45165484649265 0
    endloop
  endfacet
  facet normal -0.7705132427757891 -0.6374239897486897 0
    outer loop
      vertex -17.859731371824587 -16.77140409525287 -5
      vertex -17.859731371824587 -16.77140409525287 0
      vertex -19.820916362186214 -14.400738681165592 0
    endloop
  endfacet
  facet normal -0.8443279255020156 -0.5358267949789957 0
    outer loop
      vertex -19.820916362186214 -14.400738681165592 -5
      vertex -19.820916362186214 -14.400738681165592 0
      vertex -21.469513661074654 -11.802965015492028 0
    endloop
  endfacet
  facet normal -0.5877852522924729 -0.8090169943749476 0
    outer loop
      vertex -15.616887748842895 -18.87757444800684 -5
      vertex -13.127756476985422 -20.686034174799367 0
      vertex -15.616887748842895 -18.87757444800684 0
    endloop
  endfacet
  facet normal -0.6845471059286887 -0.7289686274214116 0
    outer loop
      vertex -17.859731371824587 -16.77140409525287 -5
      vertex -15.616887748842895 -18.87757444800684 0
      vertex -17.859731371824587 -16.77140409525287 0
    endloop
  endfacet
  facet normal -0.9048270524660192 -0.42577929156507316 0
    outer loop
      vertex -21.469513661074654 -11.802965015492028 -5
      vertex -21.469513661074654 -11.802965015492028 0
      vertex -22.77952390426216 -9.019051540774608 0
    endloop
  endfacet
  facet normal -0.9510565162951534 -0.30901699437494784 0
    outer loop
      vertex -22.77952390426216 -9.019051540774608 -5
      vertex -22.77952390426216 -9.019051540774608 0
      vertex -23.730287447651463 -6.0929022355389435 0
    endloop
  endfacet
  facet normal -0.9822872507286887 -0.18738131458572407 0
    outer loop
      vertex -23.730287447651463 -6.0929022355389435 -5
      vertex -23.730287447651463 -6.0929022355389435 0
      vertex -24.306810182204707 -3.0706642223254494 0
    endloop
  endfacet
  facet normal -0.9980267284282716 -0.06279051952931346 0
    outer loop
      vertex -24.306810182204707 -3.0706642223254494 -5
      vertex -24.306810182204707 -3.0706642223254494 0
      vertex -24.5 0 0
    endloop
  endfacet
  facet normal 0 0 1
    outer loop
      vertex -21.469513661074654 -11.802965015492028 0
      vertex -22.77952390426216 9.019051540774608 0
      vertex -22.77952390426216 -9.019051540774608 0
    endloop
  endfacet
  facet normal 0 0 1
    outer loop
      vertex -23.730287447651463 -6.0929022355389435 0
      vertex -24.306810182204707 3.0706642223254494 0
      vertex -24.306810182204707 -3.0706642223254494 0
    endloop
  endfacet
  facet normal 0 0 1
    outer loop
      vertex -22.77952390426216 -9.019051540774608 0
      vertex -23.730287447651463 6.0929022355389435 0
      vertex -23.730287447651463 -6.0929022355389435 0
    endloop
  endfacet
  facet normal 0 0 1
    outer loop
      vertex -19.820916362186214 -14.400738681165592 0
      vertex -21.469513661074654 11.802965015492028 0
      vertex -21.469513661074654 -11.802965015492028 0
    endloop
  endfacet
  facet normal 0 0 1
    outer loop
      vertex -19.820916362186214 -14.400738681165592 0
      vertex -17.859731371824587 -16.77140409525287 0
      vertex -19.820916362186214 14.400738681165592 0
    endloop
  endfacet
  facet normal 0 0 1
    outer loop
      vertex -15.616887748842895 -18.87757444800684 0
      vertex -17.859731371824587 16.77140409525287 0
      vertex -17.859731371824587 -16.77140409525287 0
    endloop
  endfacet
  facet normal 0 0 1
    outer loop
      vertex -15.616887748842895 -18.87757444800684 0
      vertex -13.127756476985422 -20.686034174799367 0
      vertex -15.616887748842895 18.87757444800684 0
    endloop
  endfacet
  facet normal -0.36812455268467786 -0.9297764858882515 0
    outer loop
      vertex -10.431592643344274 -22.16826278541748 -5
      vertex -7.570916362186211 -23.30088464923126 0
      vertex -10.431592643344274 -22.16826278541748 0
    endloop
  endfacet
  facet normal -0.48175367410171455 -0.876306680043864 0
    outer loop
      vertex -13.127756476985422 -20.686034174799367 -5
      vertex -10.431592643344274 -22.16826278541748 0
      vertex -13.127756476985422 -20.686034174799367 0
    endloop
  endfacet
  facet normal -0.2486898871648547 -0.9685831611286311 0
    outer loop
      vertex -7.570916362186211 -23.30088464923126 -5
      vertex -4.590842207350258 -24.06603764285287 0
      vertex -7.570916362186211 -23.30088464923126 0
    endloop
  endfacet
  facet normal -0.12533323356430495 -0.9921147013144778 0
    outer loop
      vertex -4.590842207350258 -24.06603764285287 -5
      vertex -1.5383677284681871 -24.45165484649265 0
      vertex -4.590842207350258 -24.06603764285287 0
    endloop
  endfacet
  facet normal 0 -1 0
    outer loop
      vertex -1.5383677284681871 -24.45165484649265 -5
      vertex 1.5383677284681871 -24.45165484649265 0
      vertex -1.5383677284681871 -24.45165484649265 0
    endloop
  endfacet
  facet normal 0 0 1
    outer loop
      vertex -4.590842207350258 -24.06603764285287 0
      vertex -1.5383677284681871 -24.45165484649265 0
      vertex -2.863203063607216 -4.356410205364227 0
    endloop
  endfacet
  facet normal 0 0 1
    outer loop
      vertex -13.127756476985422 -20.686034174799367 0
      vertex -10.431592643344274 -22.16826278541748 0
      vertex -13.127756476985422 20.686034174799367 0
    endloop
  endfacet
  facet normal 0 0 1
    outer loop
      vertex -10.431592643344274 -22.16826278541748 0
      vertex -7.570916362186211 -23.30088464923126 0
      vertex -10.431592643344281 22.168262785417475 0
    endloop
  endfacet
  facet normal 0 0 1
    outer loop
      vertex -7.570916362186211 -23.30088464923126 0
      vertex -4.590842207350258 -24.06603764285287 0
      vertex -7.570916362186211 23.30088464923126 0
    endloop
  endfacet
  facet normal 0 0 1
    outer loop
      vertex -4.590842207350258 -24.06603764285287 0
      vertex -2.863203063607216 -4.356410205364227 0
      vertex -2.9531479626893997 -4.189169384539127 0
    endloop
  endfacet
  facet normal 0 0 1
    outer loop
      vertex -4.590842207350258 -24.06603764285287 0
      vertex -2.9531479626893997 -4.189169384539127 0
      vertex -3.030084691941738 -4.019577547907829 0
    endloop
  endfacet
  facet normal 0 0 1
    outer loop
      vertex -4.590842207350258 -24.06603764285287 0
      vertex -3.144933670759201 -3.673340819776058 0
      vertex -3.1828459203243256 -3.4966959208250046 0
    endloop
  endfacet
  facet normal 0 0 1
    outer loop
      vertex -4.590842207350258 -24.06603764285287 0
      vertex -3.030084691941738 -4.019577547907829 0
      vertex -3.0940132662653923 -3.847634695470333 0
    endloop
  endfacet
  facet normal 0 0 1
    outer loop
      vertex -4.590842207350258 -24.06603764285287 0
      vertex -3.0940132662653923 -3.847634695470333 0
      vertex -3.144933670759201 -3.673340819776058 0
    endloop
  endfacet
  facet normal 0 0 1
    outer loop
      vertex -4.590842207350258 -24.06603764285287 0
      vertex -3.1828459203243256 -3.4966959208250046 0
      vertex -3.2077500000596046 -3.3176999986171722 0
    endloop
  endfacet
  facet normal 0 0 1
    outer loop
      vertex -4.590842207350258 -24.06603764285287 0
      vertex -3.2077500000596046 -3.3176999986171722 0
      vertex -3.224835716187954 -3.1132816299796104 0
    endloop
  endfacet
  facet normal 0 0 1
    outer loop
      vertex -4.590842207350258 -24.06603764285287 0
      vertex -3.224835716187954 -3.1132816299796104 0
      vertex -3.239292860031128 -2.8604265302419662 0
    endloop
  endfacet
  facet normal 0 0 1
    outer loop
      vertex -4.590842207350258 -24.06603764285287 0
      vertex -3.239292860031128 -2.8604265302419662 0
      vertex -3.2511214315891266 -2.559134691953659 0
    endloop
  endfacet
  facet normal 0 0 1
    outer loop
      vertex -4.590842207350258 -24.06603764285287 0
      vertex -3.2511214315891266 -2.559134691953659 0
      vertex -3.26032143086195 -2.2094061225652695 0
    endloop
  endfacet
  facet normal 0 0 1
    outer loop
      vertex -4.590842207350258 -24.06603764285287 0
      vertex -3.26032143086195 -2.2094061225652695 0
      vertex -3.266892857849598 -1.8112408146262169 0
    endloop
  endfacet
  facet normal 0 0 1
    outer loop
      vertex -4.590842207350258 -24.06603764285287 0
      vertex -3.266892857849598 -1.8112408146262169 0
      vertex -3.2708357125520706 -1.364638775587082 0
    endloop
  endfacet
  facet normal 0 0 1
    outer loop
      vertex -4.590842207350258 -24.06603764285287 0
      vertex -3.2708357125520706 -1.364638775587082 0
      vertex -3.2721500024199486 -0.8695999979972839 0
    endloop
  endfacet
  facet normal 0 0 1
    outer loop
      vertex -4.590842207350258 -24.06603764285287 0
      vertex -3.2721500024199486 -0.8695999979972839 0
      vertex -3.2721500024199486 0.6494000032544136 0
    endloop
  endfacet
  facet normal 0 0 1
    outer loop
      vertex -4.590842207350258 -24.06603764285287 0
      vertex -3.2721500024199486 0.6494000032544136 0
      vertex -3.270974487066269 1.1828387752175331 0
    endloop
  endfacet
  facet normal 0 0 1
    outer loop
      vertex -4.590842207350258 -24.06603764285287 0
      vertex -3.270974487066269 1.1828387752175331 0
      vertex -3.267447955906391 1.6632693856954575 0
    endloop
  endfacet
  facet normal 0 0 1
    outer loop
      vertex -4.590842207350258 -24.06603764285287 0
      vertex -3.267447955906391 1.6632693856954575 0
      vertex -3.2615704089403152 2.0906918346881866 0
    endloop
  endfacet
  facet normal 0 0 1
    outer loop
      vertex -4.590842207350258 -24.06603764285287 0
      vertex -3.2615704089403152 2.0906918346881866 0
      vertex -3.2533418387174606 2.4651061221957207 0
    endloop
  endfacet
  facet normal 0 0 1
    outer loop
      vertex -4.590842207350258 -24.06603764285287 0
      vertex -3.2533418387174606 2.4651061221957207 0
      vertex -3.2427622452378273 2.7865122482180595 0
    endloop
  endfacet
  facet normal 0 0 1
    outer loop
      vertex -1.5383677284681871 -24.45165484649265 0
      vertex -2.644192859530449 -4.679548978805542 0
      vertex -2.760250002145767 -4.5213000029325485 0
    endloop
  endfacet
  facet normal 0 0 1
    outer loop
      vertex -1.5383677284681871 -24.45165484649265 0
      vertex -2.760250002145767 -4.5213000029325485 0
      vertex -2.863203063607216 -4.356410205364227 0
    endloop
  endfacet
  facet normal 0 0 1
    outer loop
      vertex -1.5383677284681871 -24.45165484649265 0
      vertex -2.217164285480976 -5.088712245225906 0
      vertex -2.372649997472763 -4.963255099952221 0
    endloop
  endfacet
  facet normal 0 0 1
    outer loop
      vertex -1.5383677284681871 -24.45165484649265 0
      vertex -2.0485357120633125 -5.203238777816296 0
      vertex -2.217164285480976 -5.088712245225906 0
    endloop
  endfacet
  facet normal 0 0 1
    outer loop
      vertex -1.5383677284681871 -24.45165484649265 0
      vertex -1.866764284670353 -5.306834690272808 0
      vertex -2.0485357120633125 -5.203238777816296 0
    endloop
  endfacet
  facet normal 0 0 1
    outer loop
      vertex -1.5383677284681871 -24.45165484649265 0
      vertex -1.6718500033020973 -5.399499997496605 0
      vertex -1.866764284670353 -5.306834690272808 0
    endloop
  endfacet
  facet normal 0 0 1
    outer loop
      vertex -1.5383677284681871 -24.45165484649265 0
      vertex -1.4621724486351013 -5.480444900691509 0
      vertex -1.6718500033020973 -5.399499997496605 0
    endloop
  endfacet
  facet normal 0 0 1
    outer loop
      vertex -1.5383677284681871 -24.45165484649265 0
      vertex -2.514992855489254 -4.82686734944582 0
      vertex -2.644192859530449 -4.679548978805542 0
    endloop
  endfacet
  facet normal 0 0 1
    outer loop
      vertex -1.5383677284681871 -24.45165484649265 0
      vertex -2.372649997472763 -4.963255099952221 0
      vertex -2.514992855489254 -4.82686734944582 0
    endloop
  endfacet
  facet normal 0 0 1
    outer loop
      vertex -1.5383677284681871 -24.45165484649265 0
      vertex -0.9938377514481544 -5.6049755066633224 0
      vertex -1.2361683696508408 -5.548936732113361 0
    endloop
  endfacet
  facet normal 0 0 1
    outer loop
      vertex -1.5383677284681871 -24.45165484649265 0
      vertex -1.2361683696508408 -5.548936732113361 0
      vertex -1.4621724486351013 -5.480444900691509 0
    endloop
  endfacet
  facet normal 0 0 1
    outer loop
      vertex -1.5383677284681871 -24.45165484649265 0
      vertex -0.7351806089282036 -5.6485612243413925 0
      vertex -0.9938377514481544 -5.6049755066633224 0
    endloop
  endfacet
  facet normal 0 0 1
    outer loop
      vertex -1.5383677284681871 -24.45165484649265 0
      vertex -0.46019694209098816 -5.679693877696991 0
      vertex -0.7351806089282036 -5.6485612243413925 0
    endloop
  endfacet
  facet normal 0 0 1
    outer loop
      vertex -1.5383677284681871 -24.45165484649265 0
      vertex -0.16888673603534698 -5.698373466730118 0
      vertex -0.46019694209098816 -5.679693877696991 0
    endloop
  endfacet
  facet normal 0 0 1
    outer loop
      vertex -1.5383677284681871 -24.45165484649265 0
      vertex 0.13875000178813934 -5.704599998891354 0
      vertex -0.16888673603534698 -5.698373466730118 0
    endloop
  endfacet
  facet normal 0 0 1
    outer loop
      vertex -0.36790306121110916 -3.851675510406494 0
      vertex -0.32187653332948685 -3.9019163250923157 0
      vertex -0.4651010185480118 -0.19625510275363922 0
    endloop
  endfacet
  facet normal 0 0 1
    outer loop
      vertex -0.407150000333786 -3.7923000007867813 0
      vertex -0.36790306121110916 -3.851675510406494 0
      vertex -0.4651010185480118 -0.19625510275363922 0
    endloop
  endfacet
  facet normal 0 0 1
    outer loop
      vertex -0.407150000333786 -3.7923000007867813 0
      vertex -0.4651010185480118 -0.19625510275363922 0
      vertex -0.44041939079761505 -3.7181163281202316 0
    endloop
  endfacet
  facet normal 0 0 1
    outer loop
      vertex -0.44041939079761505 -3.7181163281202316 0
      vertex -0.4651010185480118 -0.19625510275363922 0
      vertex -0.46857041120529175 -3.623451016843319 0
    endloop
  endfacet
  facet normal 0 0 1
    outer loop
      vertex -0.4916030615568161 -3.5083040818572044 0
      vertex -0.48938265442848206 -0.2958204075694084 0
      vertex -0.5095173493027687 -3.372675508260727 0
    endloop
  endfacet
  facet normal 0 0 1
    outer loop
      vertex -0.5095173493027687 -3.372675508260727 0
      vertex -0.5082683637738228 -0.4115775525569916 0
      vertex -0.522313266992569 -3.216565303504467 0
    endloop
  endfacet
  facet normal 0 0 1
    outer loop
      vertex -0.46857041120529175 -3.623451016843319 0
      vertex -0.4651010185480118 -0.19625510275363922 0
      vertex -0.4916030615568161 -3.5083040818572044 0
    endloop
  endfacet
  facet normal 0 0 1
    outer loop
      vertex -0.32187653332948685 -3.9019163250923157 0
      vertex -0.26907040923833847 -3.9430224522948265 0
      vertex -0.4651010185480118 -0.19625510275363922 0
    endloop
  endfacet
  facet normal 0 0 1
    outer loop
      vertex -0.26907040923833847 -3.9430224522948265 0
      vertex -0.20948469638824463 -3.9749938771128654 0
      vertex -0.4651010185480118 -0.19625510275363922 0
    endloop
  endfacet
  facet normal 0 0 1
    outer loop
      vertex -0.20948469638824463 -3.9749938771128654 0
      vertex -0.14311938732862473 -3.9978306144475937 0
      vertex -0.4651010185480118 -0.19625510275363922 0
    endloop
  endfacet
  facet normal 0 0 1
    outer loop
      vertex -0.06997448951005936 -4.01153264939785 0
      vertex -0.4651010185480118 -0.19625510275363922 0
      vertex -0.14311938732862473 -3.9978306144475937 0
    endloop
  endfacet
  facet normal 0 0 1
    outer loop
      vertex -0.06997448951005936 -4.01153264939785 0
      vertex 0.009949997067451477 -4.016099996864796 0
      vertex -0.4651010185480118 -0.19625510275363922 0
    endloop
  endfacet
  facet normal 0 0 1
    outer loop
      vertex -0.4651010185480118 -0.19625510275363922 0
      vertex 0.06059693545103073 -4.012571431696415 0
      vertex 0.11179489642381668 -4.001985713839531 0
    endloop
  endfacet
  facet normal 0 0 1
    outer loop
      vertex -0.4651010185480118 -0.19625510275363922 0
      vertex 0.009949997067451477 -4.016099996864796 0
      vertex 0.06059693545103073 -4.012571431696415 0
    endloop
  endfacet
  facet normal 0 0 1
    outer loop
      vertex -0.4651010185480118 -0.19625510275363922 0
      vertex 0.11179489642381668 -4.001985713839531 0
      vertex 0.16354387998580933 -3.984342858195305 0
    endloop
  endfacet
  facet normal 0 0 1
    outer loop
      vertex -0.4651010185480118 -0.19625510275363922 0
      vertex 0.16354387998580933 -3.984342858195305 0
      vertex 0.21584387868642807 -3.959642857313156 0
    endloop
  endfacet
  facet normal 0 0 1
    outer loop
      vertex -0.522313266992569 -3.216565303504467 0
      vertex -0.5217581614851952 -0.5435265302658081 0
      vertex -0.5299908146262169 -3.0399734675884247 0
    endloop
  endfacet
  facet normal 0 0 1
    outer loop
      vertex -0.5325499996542931 -2.8429000005126 0
      vertex -0.5299908146262169 -3.0399734675884247 0
      vertex -0.5298520401120186 -0.6916673481464386 0
    endloop
  endfacet
  facet normal 0 0 1
    outer loop
      vertex -0.5325499996542931 -2.8429000005126 0
      vertex -0.5298520401120186 -0.6916673481464386 0
      vertex -0.5325499996542931 -0.8559999987483025 0
    endloop
  endfacet
  facet normal 0 0 1
    outer loop
      vertex -0.5299908146262169 -3.0399734675884247 0
      vertex -0.5217581614851952 -0.5435265302658081 0
      vertex -0.5298520401120186 -0.6916673481464386 0
    endloop
  endfacet
  facet normal 0 0 1
    outer loop
      vertex -0.522313266992569 -3.216565303504467 0
      vertex -0.5082683637738228 -0.4115775525569916 0
      vertex -0.5217581614851952 -0.5435265302658081 0
    endloop
  endfacet
  facet normal 0 0 1
    outer loop
      vertex -0.5095173493027687 -3.372675508260727 0
      vertex -0.48938265442848206 -0.2958204075694084 0
      vertex -0.5082683637738228 -0.4115775525569916 0
    endloop
  endfacet
  facet normal 0 0 1
    outer loop
      vertex -0.4916030615568161 -3.5083040818572044 0
      vertex -0.4651010185480118 -0.19625510275363922 0
      vertex -0.48938265442848206 -0.2958204075694084 0
    endloop
  endfacet
  facet normal 0 0 1
    outer loop
      vertex -0.4651010185480118 -0.19625510275363922 0
      vertex 0.21584387868642807 -3.959642857313156 0
      vertex -0.43542347103357315 -0.1128816306591034 0
    endloop
  endfacet
  facet normal 0 0 1
    outer loop
      vertex -0.43542347103357315 -0.1128816306591034 0
      vertex 0.21584387868642807 -3.959642857313156 0
      vertex -0.400349996984005 -0.04569999873638153 0
    endloop
  endfacet
  facet normal 0 0 1
    outer loop
      vertex -0.35946224629879 0.009191833436489105 0
      vertex 0.21584387868642807 -3.959642857313156 0
      vertex -0.3123418390750885 0.05563877522945404 0
    endloop
  endfacet
  facet normal 0 0 1
    outer loop
      vertex -0.400349996984005 -0.04569999873638153 0
      vertex 0.21584387868642807 -3.959642857313156 0
      vertex -0.35946224629879 0.009191833436489105 0
    endloop
  endfacet
  facet normal 0 0 1
    outer loop
      vertex -0.3123418390750885 0.05563877522945404 0
      vertex 0.21584387868642807 -3.959642857313156 0
      vertex -0.25898877531290054 0.09364081919193268 0
    endloop
  endfacet
  facet normal 0 0 1
    outer loop
      vertex -0.25898877531290054 0.09364081919193268 0
      vertex 0.21584387868642807 -3.959642857313156 0
      vertex -0.1994030624628067 0.12319795787334442 0
    endloop
  endfacet
  facet normal 0 0 1
    outer loop
      vertex -0.1994030624628067 0.12319795787334442 0
      vertex 0.21584387868642807 -3.959642857313156 0
      vertex -0.13358469307422638 0.14431020617485046 0
    endloop
  endfacet
  facet normal 0 0 -1
    outer loop
      vertex -24.306810182204707 -3.0706642223254494 -5
      vertex -24.5 0 -5
      vertex -24.306810182204707 3.0706642223254494 -5
    endloop
  endfacet
  facet normal 0 0 -1
    outer loop
      vertex -24.306810182204707 -3.0706642223254494 -5
      vertex -24.306810182204707 3.0706642223254494 -5
      vertex -23.730287447651463 6.0929022355389435 -5
    endloop
  endfacet
  facet normal 0 0 -1
    outer loop
      vertex -23.730287447651463 -6.0929022355389435 -5
      vertex -23.730287447651463 6.0929022355389435 -5
      vertex -22.77952390426216 9.019051540774608 -5
    endloop
  endfacet
  facet normal 0 0 -1
    outer loop
      vertex -22.77952390426216 -9.019051540774608 -5
      vertex -22.77952390426216 9.019051540774608 -5
      vertex -22.575 0 -5
    endloop
  endfacet
  facet normal 0 0 -1
    outer loop
      vertex -22.77952390426216 9.019051540774608 -5
      vertex -22.396989382174336 2.829397747714164 -5
      vertex -22.575 0 -5
    endloop
  endfacet
  facet normal 0 0 -1
    outer loop
      vertex -22.77952390426216 9.019051540774608 -5
      vertex -21.865764862478844 5.614174202746598 -5
      vertex -22.396989382174336 2.829397747714164 -5
    endloop
  endfacet
  facet normal 0 0 -1
    outer loop
      vertex -22.77952390426216 9.019051540774608 -5
      vertex -21.469513661074654 11.802965015492028 -5
      vertex -21.865764862478844 5.614174202746598 -5
    endloop
  endfacet
  facet normal 0 0 -1
    outer loop
      vertex -21.469513661074654 11.802965015492028 -5
      vertex -20.989704168927275 8.310411776856602 -5
      vertex -21.865764862478844 5.614174202746598 -5
    endloop
  endfacet
  facet normal 0 0 -1
    outer loop
      vertex -21.469513661074654 11.802965015492028 -5
      vertex -19.820916362186214 14.400738681165592 -5
      vertex -20.989704168927275 8.310411776856602 -5
    endloop
  endfacet
  facet normal 0 0 -1
    outer loop
      vertex -19.820916362186214 14.400738681165592 -5
      vertex -19.782623301990217 10.875589192846224 -5
      vertex -20.989704168927275 8.310411776856602 -5
    endloop
  endfacet
  facet normal -0.9980267284282716 0.06279051952931346 0
    outer loop
      vertex -24.5 0 -5
      vertex -24.306810182204707 3.0706642223254494 0
      vertex -24.306810182204707 3.0706642223254494 -5
    endloop
  endfacet
  facet normal -0.9822872507286887 0.18738131458572407 0
    outer loop
      vertex -24.306810182204707 3.0706642223254494 -5
      vertex -23.730287447651463 6.0929022355389435 0
      vertex -23.730287447651463 6.0929022355389435 -5
    endloop
  endfacet
  facet normal -0.9510565162951534 0.30901699437494784 0
    outer loop
      vertex -23.730287447651463 6.0929022355389435 -5
      vertex -22.77952390426216 9.019051540774608 0
      vertex -22.77952390426216 9.019051540774608 -5
    endloop
  endfacet
  facet normal -0.9048270524660192 0.42577929156507316 0
    outer loop
      vertex -22.77952390426216 9.019051540774608 -5
      vertex -21.469513661074654 11.802965015492028 0
      vertex -21.469513661074654 11.802965015492028 -5
    endloop
  endfacet
  facet normal 0 0 -1
    outer loop
      vertex -19.820916362186214 14.400738681165592 -5
      vertex -18.26355864801444 13.269252070502581 -5
      vertex -19.782623301990217 10.875589192846224 -5
    endloop
  endfacet
  facet normal 0 0 -1
    outer loop
      vertex -19.820916362186214 14.400738681165592 -5
      vertex -17.859731371824587 16.77140409525287 -5
      vertex -18.26355864801444 13.269252070502581 -5
    endloop
  endfacet
  facet normal 0 0 -1
    outer loop
      vertex -17.859731371824587 16.77140409525287 -5
      vertex -16.456466764038368 15.453650916340143 -5
      vertex -18.26355864801444 13.269252070502581 -5
    endloop
  endfacet
  facet normal 0 0 -1
    outer loop
      vertex -17.859731371824587 16.77140409525287 -5
      vertex -15.616887748842895 18.87757444800684 -5
      vertex -16.456466764038368 15.453650916340143 -5
    endloop
  endfacet
  facet normal 0 0 -1
    outer loop
      vertex -15.616887748842895 18.87757444800684 -5
      vertex -14.389846568576669 17.394336455663446 -5
      vertex -16.456466764038368 15.453650916340143 -5
    endloop
  endfacet
  facet normal 0 0 -1
    outer loop
      vertex -15.616887748842895 18.87757444800684 -5
      vertex -13.127756476985422 20.686034174799367 -5
      vertex -14.389846568576669 17.394336455663446 -5
    endloop
  endfacet
  facet normal 0 0 -1
    outer loop
      vertex -13.127756476985422 20.686034174799367 -5
      vertex -12.096289896650852 19.060702918207987 -5
      vertex -14.389846568576669 17.394336455663446 -5
    endloop
  endfacet
  facet normal -0.8443279255020156 0.5358267949789957 0
    outer loop
      vertex -21.469513661074654 11.802965015492028 -5
      vertex -19.820916362186214 14.400738681165592 0
      vertex -19.820916362186214 14.400738681165592 -5
    endloop
  endfacet
  facet normal -0.7705132427757891 0.6374239897486897 0
    outer loop
      vertex -19.820916362186214 14.400738681165592 -5
      vertex -17.859731371824587 16.77140409525287 0
      vertex -17.859731371824587 16.77140409525287 -5
    endloop
  endfacet
  facet normal -0.6845471059286887 0.7289686274214116 0
    outer loop
      vertex -17.859731371824587 16.77140409525287 -5
      vertex -17.859731371824587 16.77140409525287 0
      vertex -15.616887748842895 18.87757444800684 -5
    endloop
  endfacet
  facet normal -0.5877852522924729 0.8090169943749476 0
    outer loop
      vertex -15.616887748842895 18.87757444800684 -5
      vertex -15.616887748842895 18.87757444800684 0
      vertex -13.127756476985422 20.686034174799367 -5
    endloop
  endfacet
  facet normal 0 0 -1
    outer loop
      vertex -13.127756476985422 20.686034174799367 -5
      vertex -10.431592643344281 22.168262785417475 -5
      vertex -12.096289896650852 19.060702918207987 -5
    endloop
  endfacet
  facet normal 0 0 -1
    outer loop
      vertex -10.431592643344281 22.168262785417475 -5
      vertex -9.611967507081516 20.42647070942039 -5
      vertex -12.096289896650852 19.060702918207987 -5
    endloop
  endfacet
  facet normal 0 0 -1
    outer loop
      vertex -10.431592643344281 22.168262785417475 -5
      vertex -7.570916362186211 23.30088464923126 -5
      vertex -9.611967507081516 20.42647070942039 -5
    endloop
  endfacet
  facet normal 0 0 -1
    outer loop
      vertex -7.570916362186211 23.30088464923126 -5
      vertex -6.976058648014437 21.47010085536309 -5
      vertex -9.611967507081516 20.42647070942039 -5
    endloop
  endfacet
  facet normal 0 0 -1
    outer loop
      vertex -7.570916362186211 23.30088464923126 -5
      vertex -4.590842207350252 24.066037642852873 -5
      vertex -6.976058648014437 21.47010085536309 -5
    endloop
  endfacet
  facet normal 0 0 -1
    outer loop
      vertex -4.590842207350252 24.066037642852873 -5
      vertex -4.230133176772732 22.175134685200145 -5
      vertex -6.976058648014437 21.47010085536309 -5
    endloop
  endfacet
  facet normal 0 0 -1
    outer loop
      vertex -4.590842207350252 24.066037642852873 -5
      vertex -1.5383677284681754 24.45165484649265 -5
      vertex -4.230133176772732 22.175134685200145 -5
    endloop
  endfacet
  facet normal 0 0 -1
    outer loop
      vertex -1.5383677284681754 24.45165484649265 -5
      vertex -1.4174959783742471 22.53045339426823 -5
      vertex -4.230133176772732 22.175134685200145 -5
    endloop
  endfacet
  facet normal 0 0 -1
    outer loop
      vertex -1.5383677284681754 24.45165484649265 -5
      vertex 1.417495978374247 22.53045339426823 -5
      vertex -1.4174959783742471 22.53045339426823 -5
    endloop
  endfacet
  facet normal -0.4817536741017146 0.8763066800438639 0
    outer loop
      vertex -13.127756476985422 20.686034174799367 -5
      vertex -13.127756476985422 20.686034174799367 0
      vertex -10.431592643344281 22.168262785417475 -5
    endloop
  endfacet
  facet normal -0.36812455268467803 0.9297764858882513 0
    outer loop
      vertex -10.431592643344281 22.168262785417475 -5
      vertex -10.431592643344281 22.168262785417475 0
      vertex -7.570916362186211 23.30088464923126 -5
    endloop
  endfacet
  facet normal -0.24868988716485535 0.9685831611286311 0
    outer loop
      vertex -7.570916362186211 23.30088464923126 -5
      vertex -7.570916362186211 23.30088464923126 0
      vertex -4.590842207350252 24.066037642852873 -5
    endloop
  endfacet
  facet normal -0.12533323356430362 0.992114701314478 0
    outer loop
      vertex -4.590842207350252 24.066037642852873 -5
      vertex -4.590842207350252 24.066037642852873 0
      vertex -1.5383677284681754 24.45165484649265 -5
    endloop
  endfacet
  facet normal 0 1 0
    outer loop
      vertex -1.5383677284681754 24.45165484649265 -5
      vertex -1.5383677284681754 24.45165484649265 0
      vertex 1.5383677284681754 24.45165484649265 -5
    endloop
  endfacet
  facet normal -0.9980267284282716 0.06279051952931346 0
    outer loop
      vertex -24.5 0 -5
      vertex -24.5 0 0
      vertex -24.306810182204707 3.0706642223254494 0
    endloop
  endfacet
  facet normal -0.9822872507286887 0.18738131458572407 0
    outer loop
      vertex -24.306810182204707 3.0706642223254494 -5
      vertex -24.306810182204707 3.0706642223254494 0
      vertex -23.730287447651463 6.0929022355389435 0
    endloop
  endfacet
  facet normal -0.9510565162951534 0.30901699437494784 0
    outer loop
      vertex -23.730287447651463 6.0929022355389435 -5
      vertex -23.730287447651463 6.0929022355389435 0
      vertex -22.77952390426216 9.019051540774608 0
    endloop
  endfacet
  facet normal -0.9048270524660192 0.42577929156507316 0
    outer loop
      vertex -22.77952390426216 9.019051540774608 -5
      vertex -22.77952390426216 9.019051540774608 0
      vertex -21.469513661074654 11.802965015492028 0
    endloop
  endfacet
  facet normal 0 0 1
    outer loop
      vertex -24.306810182204707 -3.0706642223254494 0
      vertex -24.306810182204707 3.0706642223254494 0
      vertex -24.5 0 0
    endloop
  endfacet
  facet normal 0 0 1
    outer loop
      vertex -23.730287447651463 -6.0929022355389435 0
      vertex -23.730287447651463 6.0929022355389435 0
      vertex -24.306810182204707 3.0706642223254494 0
    endloop
  endfacet
  facet normal 0 0 1
    outer loop
      vertex -22.77952390426216 -9.019051540774608 0
      vertex -22.77952390426216 9.019051540774608 0
      vertex -23.730287447651463 6.0929022355389435 0
    endloop
  endfacet
  facet normal 0 0 1
    outer loop
      vertex -21.469513661074654 -11.802965015492028 0
      vertex -21.469513661074654 11.802965015492028 0
      vertex -22.77952390426216 9.019051540774608 0
    endloop
  endfacet
  facet normal 0 0 1
    outer loop
      vertex -19.820916362186214 -14.400738681165592 0
      vertex -19.820916362186214 14.400738681165592 0
      vertex -21.469513661074654 11.802965015492028 0
    endloop
  endfacet
  facet normal 0 0 1
    outer loop
      vertex -17.859731371824587 -16.77140409525287 0
      vertex -17.859731371824587 16.77140409525287 0
      vertex -19.820916362186214 14.400738681165592 0
    endloop
  endfacet
  facet normal 0 0 1
    outer loop
      vertex -15.616887748842895 -18.87757444800684 0
      vertex -15.616887748842895 18.87757444800684 0
      vertex -17.859731371824587 16.77140409525287 0
    endloop
  endfacet
  facet normal 0 0 1
    outer loop
      vertex -13.127756476985422 -20.686034174799367 0
      vertex -13.127756476985422 20.686034174799367 0
      vertex -15.616887748842895 18.87757444800684 0
    endloop
  endfacet
  facet normal -0.8443279255020156 0.5358267949789957 0
    outer loop
      vertex -21.469513661074654 11.802965015492028 -5
      vertex -21.469513661074654 11.802965015492028 0
      vertex -19.820916362186214 14.400738681165592 0
    endloop
  endfacet
  facet normal -0.7705132427757891 0.6374239897486897 0
    outer loop
      vertex -19.820916362186214 14.400738681165592 -5
      vertex -19.820916362186214 14.400738681165592 0
      vertex -17.859731371824587 16.77140409525287 0
    endloop
  endfacet
  facet normal -0.6845471059286887 0.7289686274214116 0
    outer loop
      vertex -15.616887748842895 18.87757444800684 -5
      vertex -17.859731371824587 16.77140409525287 0
      vertex -15.616887748842895 18.87757444800684 0
    endloop
  endfacet
  facet normal -0.5877852522924729 0.8090169943749476 0
    outer loop
      vertex -13.127756476985422 20.686034174799367 -5
      vertex -15.616887748842895 18.87757444800684 0
      vertex -13.127756476985422 20.686034174799367 0
    endloop
  endfacet
  facet normal 0 0 1
    outer loop
      vertex -10.431592643344274 -22.16826278541748 0
      vertex -10.431592643344281 22.168262785417475 0
      vertex -13.127756476985422 20.686034174799367 0
    endloop
  endfacet
  facet normal 0 0 1
    outer loop
      vertex -7.570916362186211 -23.30088464923126 0
      vertex -7.570916362186211 23.30088464923126 0
      vertex -10.431592643344281 22.168262785417475 0
    endloop
  endfacet
  facet normal 0 0 1
    outer loop
      vertex -4.590842207350258 -24.06603764285287 0
      vertex -3.2427622452378273 2.7865122482180595 0
      vertex -4.590842207350252 24.066037642852873 0
    endloop
  endfacet
  facet normal 0 0 1
    outer loop
      vertex -0.5325499996542931 0.9748999997973442 0
      vertex -0.468480609357357 1.0963448956608772 0
      vertex -0.5325499996542931 2.724500000476837 0
    endloop
  endfacet
  facet normal 0 0 1
    outer loop
      vertex -0.468480609357357 1.0963448956608772 0
      vertex -0.3963867351412773 1.2087938785552979 0
      vertex -0.5325499996542931 2.724500000476837 0
    endloop
  endfacet
  facet normal 0 0 1
    outer loop
      vertex -0.3963867351412773 1.2087938785552979 0
      vertex -0.3162683695554733 1.3122469410300255 0
      vertex -0.5325499996542931 2.724500000476837 0
    endloop
  endfacet
  facet normal 0 0 1
    outer loop
      vertex -0.3162683695554733 1.3122469410300255 0
      vertex -0.22812551259994507 1.4067040830850601 0
      vertex -0.5325499996542931 2.724500000476837 0
    endloop
  endfacet
  facet normal 0 0 1
    outer loop
      vertex -0.22812551259994507 1.4067040830850601 0
      vertex -0.13195816427469254 1.4921653047204018 0
      vertex -0.5325499996542931 2.724500000476837 0
    endloop
  endfacet
  facet normal 0 0 1
    outer loop
      vertex -0.02776632457971573 1.568630613386631 0
      vertex -0.5325499996542931 2.724500000476837 0
      vertex -0.13195816427469254 1.4921653047204018 0
    endloop
  endfacet
  facet normal 0 0 1
    outer loop
      vertex -0.02776632457971573 1.568630613386631 0
      vertex -0.5321357175707817 2.89237143099308 0
      vertex -0.5325499996542931 2.724500000476837 0
    endloop
  endfacet
  facet normal 0 0 1
    outer loop
      vertex -0.02776632457971573 1.568630613386631 0
      vertex -0.5308928564190865 3.043357141315937 0
      vertex -0.5321357175707817 2.89237143099308 0
    endloop
  endfacet
  facet normal 0 0 1
    outer loop
      vertex -0.02776632457971573 1.568630613386631 0
      vertex -0.5288214311003685 3.177457146346569 0
      vertex -0.5308928564190865 3.043357141315937 0
    endloop
  endfacet
  facet normal 0 0 1
    outer loop
      vertex -0.02776632457971573 1.568630613386631 0
      vertex -0.5259214267134666 3.294671431183815 0
      vertex -0.5288214311003685 3.177457146346569 0
    endloop
  endfacet
  facet normal 0 0 1
    outer loop
      vertex -0.02776632457971573 1.568630613386631 0
      vertex -0.5221928581595421 3.3950000032782555 0
      vertex -0.5259214267134666 3.294671431183815 0
    endloop
  endfacet
  facet normal 0 0 1
    outer loop
      vertex -0.02776632457971573 1.568630613386631 0
      vertex -0.5176357179880142 3.47844285517931 0
      vertex -0.5221928581595421 3.3950000032782555 0
    endloop
  endfacet
  facet normal 0 0 1
    outer loop
      vertex -0.02776632457971573 1.568630613386631 0
      vertex -0.5122499987483025 3.5450000017881393 0
      vertex -0.5176357179880142 3.47844285517931 0
    endloop
  endfacet
  facet normal 0 0 1
    outer loop
      vertex -0.02776632457971573 1.568630613386631 0
      vertex -0.504070408642292 3.6015918403863907 0
      vertex -0.5122499987483025 3.5450000017881393 0
    endloop
  endfacet
  facet normal 0 0 1
    outer loop
      vertex -0.02776632457971573 1.568630613386631 0
      vertex -0.49118877202272415 3.655138775706291 0
      vertex -0.504070408642292 3.6015918403863907 0
    endloop
  endfacet
  facet normal 0 0 1
    outer loop
      vertex -0.02776632457971573 1.568630613386631 0
      vertex -0.47360510379076004 3.7056408151984215 0
      vertex -0.49118877202272415 3.655138775706291 0
    endloop
  endfacet
  facet normal 0 0 1
    outer loop
      vertex -0.02776632457971573 1.568630613386631 0
      vertex -0.4243316352367401 3.7975102066993713 0
      vertex -0.4513193890452385 3.7530979588627815 0
    endloop
  endfacet
  facet normal 0 0 1
    outer loop
      vertex -0.02776632457971573 1.568630613386631 0
      vertex -0.4513193890452385 3.7530979588627815 0
      vertex -0.47360510379076004 3.7056408151984215 0
    endloop
  endfacet
  facet normal 0 0 1
    outer loop
      vertex -0.02776632457971573 1.568630613386631 0
      vertex -0.35625000298023224 3.877199999988079 0
      vertex -0.3926418349146843 3.8388775512576103 0
    endloop
  endfacet
  facet normal 0 0 1
    outer loop
      vertex -0.02776632457971573 1.568630613386631 0
      vertex -0.3926418349146843 3.8388775512576103 0
      vertex -0.4243316352367401 3.7975102066993713 0
    endloop
  endfacet
  facet normal 0 0 1
    outer loop
      vertex -0.02776632457971573 1.568630613386631 0
      vertex -0.2726744934916496 3.940334692597389 0
      vertex -0.31598469614982605 3.9113979563117027 0
    endloop
  endfacet
  facet normal 0 0 1
    outer loop
      vertex -0.02776632457971573 1.568630613386631 0
      vertex -0.31598469614982605 3.9113979563117027 0
      vertex -0.35625000298023224 3.877199999988079 0
    endloop
  endfacet
  facet normal 0 0 1
    outer loop
      vertex -0.02776632457971573 1.568630613386631 0
      vertex -0.22631938755512238 3.964010201394558 0
      vertex -0.2726744934916496 3.940334692597389 0
    endloop
  endfacet
  facet normal 0 0 1
    outer loop
      vertex -0.22631938755512238 3.964010201394558 0
      vertex -0.02776632457971573 1.568630613386631 0
      vertex -0.1769193857908249 3.9824244901537895 0
    endloop
  endfacet
  facet normal 0 0 1
    outer loop
      vertex -0.1769193857908249 3.9824244901537895 0
      vertex -0.02776632457971573 1.568630613386631 0
      vertex -0.12447448819875717 3.9955775514245033 0
    endloop
  endfacet
  facet normal 0 0 1
    outer loop
      vertex -0.12447448819875717 3.9955775514245033 0
      vertex -0.02776632457971573 1.568630613386631 0
      vertex -0.06898469477891922 4.003469385206699 0
    endloop
  endfacet
  facet normal 0 0 1
    outer loop
      vertex -0.06898469477891922 4.003469385206699 0
      vertex -0.02776632457971573 1.568630613386631 0
      vertex -0.010449998080730438 4.006099998950958 0
    endloop
  endfacet
  facet normal 0 0 1
    outer loop
      vertex -4.590842207350258 -24.06603764285287 0
      vertex -4.590842207350252 24.066037642852873 0
      vertex -7.570916362186211 23.30088464923126 0
    endloop
  endfacet
  facet normal 0 0 1
    outer loop
      vertex -4.590842207350252 24.066037642852873 0
      vertex -3.2427622452378273 2.7865122482180595 0
      vertex -3.229831635951996 3.0549102053046227 0
    endloop
  endfacet
  facet normal 0 0 1
    outer loop
      vertex -4.590842207350252 24.066037642852873 0
      vertex -3.229831635951996 3.0549102053046227 0
      vertex -3.2145500034093857 3.2703000009059906 0
    endloop
  endfacet
  facet normal 0 0 1
    outer loop
      vertex -4.590842207350252 24.066037642852873 0
      vertex -3.2145500034093857 3.2703000009059906 0
      vertex -3.1908275485038757 3.457761228084564 0
    endloop
  endfacet
  facet normal 0 0 1
    outer loop
      vertex -4.590842207350252 24.066037642852873 0
      vertex -3.1908275485038757 3.457761228084564 0
      vertex -3.152574487030506 3.6423163264989853 0
    endloop
  endfacet
  facet normal 0 0 1
    outer loop
      vertex -4.590842207350252 24.066037642852873 0
      vertex -3.152574487030506 3.6423163264989853 0
      vertex -3.099790818989277 3.8239653035998344 0
    endloop
  endfacet
  facet normal 0 0 1
    outer loop
      vertex -4.590842207350252 24.066037642852873 0
      vertex -3.099790818989277 3.8239653035998344 0
      vertex -3.032476529479027 4.002708166837692 0
    endloop
  endfacet
  facet normal 0 0 1
    outer loop
      vertex -4.590842207350252 24.066037642852873 0
      vertex -3.032476529479027 4.002708166837692 0
      vertex -2.950631633400917 4.1785449013113976 0
    endloop
  endfacet
  facet normal 0 0 1
    outer loop
      vertex -4.590842207350252 24.066037642852873 0
      vertex -2.950631633400917 4.1785449013113976 0
      vertex -2.854256123304367 4.35147550702095 0
    endloop
  endfacet
  facet normal 0 0 1
    outer loop
      vertex -4.590842207350252 24.066037642852873 0
      vertex -2.854256123304367 4.35147550702095 0
      vertex -2.743349999189377 4.521499998867512 0
    endloop
  endfacet
  facet normal 0 0 1
    outer loop
      vertex -4.590842207350252 24.066037642852873 0
      vertex -2.743349999189377 4.521499998867512 0
      vertex -2.618992857635021 4.684048980474472 0
    endloop
  endfacet
  facet normal 0 0 1
    outer loop
      vertex -4.590842207350252 24.066037642852873 0
      vertex -2.618992857635021 4.684048980474472 0
      vertex -2.4823214262723923 4.834553062915802 0
    endloop
  endfacet
  facet normal 0 0 1
    outer loop
      vertex -4.590842207350252 24.066037642852873 0
      vertex -2.4823214262723923 4.834553062915802 0
      vertex -2.3333357125520706 4.973012246191502 0
    endloop
  endfacet
  facet normal 0 0 1
    outer loop
      vertex -4.590842207350252 24.066037642852873 0
      vertex -2.3333357125520706 4.973012246191502 0
      vertex -2.1720357164740562 5.099426530301571 0
    endloop
  endfacet
  facet normal 0 0 1
    outer loop
      vertex -4.590842207350252 24.066037642852873 0
      vertex -2.1720357164740562 5.099426530301571 0
      vertex -1.9984214305877686 5.21379591524601 0
    endloop
  endfacet
  facet normal 0 0 1
    outer loop
      vertex -4.590842207350252 24.066037642852873 0
      vertex -1.9984214305877686 5.21379591524601 0
      vertex -1.8124928548932076 5.316120408475399 0
    endloop
  endfacet
  facet normal 0 0 1
    outer loop
      vertex -4.590842207350252 24.066037642852873 0
      vertex -1.8124928548932076 5.316120408475399 0
      vertex -1.6142499968409538 5.406400002539158 0
    endloop
  endfacet
  facet normal 0 0 1
    outer loop
      vertex -4.590842207350252 24.066037642852873 0
      vertex -1.6142499968409538 5.406400002539158 0
      vertex -1.405325509607792 5.4846653044223785 0
    endloop
  endfacet
  facet normal 0 0 1
    outer loop
      vertex -1.5383677284681754 24.45165484649265 0
      vertex -1.405325509607792 5.4846653044223785 0
      vertex -1.187409184873104 5.550889797508717 0
    endloop
  endfacet
  facet normal 0 0 1
    outer loop
      vertex -1.5383677284681754 24.45165484649265 0
      vertex -1.187409184873104 5.550889797508717 0
      vertex -0.9605010226368904 5.605073466897011 0
    endloop
  endfacet
  facet normal 0 0 1
    outer loop
      vertex -1.5383677284681754 24.45165484649265 0
      vertex -0.9605010226368904 5.605073466897011 0
      vertex -0.7246010228991508 5.647216327488422 0
    endloop
  endfacet
  facet normal 0 0 1
    outer loop
      vertex -1.5383677284681754 24.45165484649265 0
      vertex -0.7246010228991508 5.647216327488422 0
      vertex -0.4797091856598854 5.67731836438179 0
    endloop
  endfacet
  facet normal 0 0 1
    outer loop
      vertex -1.5383677284681754 24.45165484649265 0
      vertex -0.4797091856598854 5.67731836438179 0
      vertex -0.22582551091909409 5.695379592478275 0
    endloop
  endfacet
  facet normal -0.4817536741017146 0.8763066800438639 0
    outer loop
      vertex -10.431592643344281 22.168262785417475 -5
      vertex -13.127756476985422 20.686034174799367 0
      vertex -10.431592643344281 22.168262785417475 0
    endloop
  endfacet
  facet normal -0.36812455268467803 0.9297764858882513 0
    outer loop
      vertex -7.570916362186211 23.30088464923126 -5
      vertex -10.431592643344281 22.168262785417475 0
      vertex -7.570916362186211 23.30088464923126 0
    endloop
  endfacet
  facet normal -0.24868988716485535 0.9685831611286311 0
    outer loop
      vertex -4.590842207350252 24.066037642852873 -5
      vertex -7.570916362186211 23.30088464923126 0
      vertex -4.590842207350252 24.066037642852873 0
    endloop
  endfacet
  facet normal -0.12533323356430362 0.992114701314478 0
    outer loop
      vertex -1.5383677284681754 24.45165484649265 -5
      vertex -4.590842207350252 24.066037642852873 0
      vertex -1.5383677284681754 24.45165484649265 0
    endloop
  endfacet
  facet normal 0 0 1
    outer loop
      vertex -4.590842207350252 24.066037642852873 0
      vertex -1.405325509607792 5.4846653044223785 0
      vertex -1.5383677284681754 24.45165484649265 0
    endloop
  endfacet
  facet normal 0 0 1
    outer loop
      vertex -1.5383677284681754 24.45165484649265 0
      vertex -0.22582551091909409 5.695379592478275 0
      vertex 1.5383677284681754 24.45165484649265 0
    endloop
  endfacet
  facet normal 0 0 -1
    outer loop
      vertex -1.5383677284681871 -24.45165484649265 -5
      vertex 1.4174959783742582 -22.53045339426823 -5
      vertex 1.5383677284681871 -24.45165484649265 -5
    endloop
  endfacet
  facet normal 0 0 -1
    outer loop
      vertex 1.5383677284681871 -24.45165484649265 -5
      vertex 1.4174959783742582 -22.53045339426823 -5
      vertex 4.230133176772738 -22.175134685200145 -5
    endloop
  endfacet
  facet normal 0 0 -1
    outer loop
      vertex 1.5383677284681871 -24.45165484649265 -5
      vertex 4.230133176772738 -22.175134685200145 -5
      vertex 4.590842207350258 -24.06603764285287 -5
    endloop
  endfacet
  facet normal 0 0 -1
    outer loop
      vertex 4.590842207350258 -24.06603764285287 -5
      vertex 4.230133176772738 -22.175134685200145 -5
      vertex 6.976058648014437 -21.47010085536309 -5
    endloop
  endfacet
  facet normal 0 0 -1
    outer loop
      vertex 4.590842207350258 -24.06603764285287 -5
      vertex 6.976058648014437 -21.47010085536309 -5
      vertex 7.570916362186211 -23.30088464923126 -5
    endloop
  endfacet
  facet normal 0 0 -1
    outer loop
      vertex 7.570916362186211 -23.30088464923126 -5
      vertex 6.976058648014437 -21.47010085536309 -5
      vertex 9.61196750708151 -20.426470709420393 -5
    endloop
  endfacet
  facet normal 0 0 -1
    outer loop
      vertex 7.570916362186211 -23.30088464923126 -5
      vertex 9.61196750708151 -20.426470709420393 -5
      vertex 10.431592643344274 -22.16826278541748 -5
    endloop
  endfacet
  facet normal 0 0 -1
    outer loop
      vertex 10.431592643344274 -22.16826278541748 -5
      vertex 9.61196750708151 -20.426470709420393 -5
      vertex 12.09628989665084 -19.060702918207994 -5
    endloop
  endfacet
  facet normal 0 0 -1
    outer loop
      vertex 10.431592643344274 -22.16826278541748 -5
      vertex 12.09628989665084 -19.060702918207994 -5
      vertex 13.127756476985407 -20.686034174799374 -5
    endloop
  endfacet
  facet normal 0 -1 0
    outer loop
      vertex -1.5383677284681871 -24.45165484649265 -5
      vertex 1.5383677284681871 -24.45165484649265 -5
      vertex 1.5383677284681871 -24.45165484649265 0
    endloop
  endfacet
  facet normal 0.12533323356430495 -0.9921147013144778 0
    outer loop
      vertex 1.5383677284681871 -24.45165484649265 -5
      vertex 4.590842207350258 -24.06603764285287 -5
      vertex 4.590842207350258 -24.06603764285287 0
    endloop
  endfacet
  facet normal 0.2486898871648547 -0.9685831611286311 0
    outer loop
      vertex 4.590842207350258 -24.06603764285287 -5
      vertex 7.570916362186211 -23.30088464923126 -5
      vertex 7.570916362186211 -23.30088464923126 0
    endloop
  endfacet
  facet normal 0.36812455268467786 -0.9297764858882515 0
    outer loop
      vertex 7.570916362186211 -23.30088464923126 -5
      vertex 10.431592643344274 -22.16826278541748 -5
      vertex 10.431592643344274 -22.16826278541748 0
    endloop
  endfacet
  facet normal 0.48175367410171466 -0.8763066800438638 0
    outer loop
      vertex 10.431592643344274 -22.16826278541748 -5
      vertex 13.127756476985407 -20.686034174799374 -5
      vertex 13.127756476985407 -20.686034174799374 0
    endloop
  endfacet
  facet normal 0 0 -1
    outer loop
      vertex 13.127756476985407 -20.686034174799374 -5
      vertex 12.09628989665084 -19.060702918207994 -5
      vertex 14.389846568576676 -17.39433645566344 -5
    endloop
  endfacet
  facet normal 0 0 -1
    outer loop
      vertex 13.127756476985407 -20.686034174799374 -5
      vertex 14.389846568576676 -17.39433645566344 -5
      vertex 15.616887748842904 -18.877574448006833 -5
    endloop
  endfacet
  facet normal 0 0 -1
    outer loop
      vertex 15.616887748842904 -18.877574448006833 -5
      vertex 14.389846568576676 -17.39433645566344 -5
      vertex 16.456466764038368 -15.453650916340143 -5
    endloop
  endfacet
  facet normal 0 0 -1
    outer loop
      vertex 15.616887748842904 -18.877574448006833 -5
      vertex 16.456466764038368 -15.453650916340143 -5
      vertex 17.859731371824587 -16.77140409525287 -5
    endloop
  endfacet
  facet normal 0 0 -1
    outer loop
      vertex 17.859731371824587 -16.77140409525287 -5
      vertex 16.456466764038368 -15.453650916340143 -5
      vertex 18.26355864801444 -13.269252070502581 -5
    endloop
  endfacet
  facet normal 0 0 -1
    outer loop
      vertex 17.859731371824587 -16.77140409525287 -5
      vertex 18.26355864801444 -13.269252070502581 -5
      vertex 19.820916362186214 -14.400738681165592 -5
    endloop
  endfacet
  facet normal 0 0 -1
    outer loop
      vertex 19.820916362186214 -14.400738681165592 -5
      vertex 18.26355864801444 -13.269252070502581 -5
      vertex 19.782623301990217 -10.875589192846224 -5
    endloop
  endfacet
  facet normal 0.5877852522924725 -0.8090169943749479 0
    outer loop
      vertex 13.127756476985407 -20.686034174799374 -5
      vertex 15.616887748842904 -18.877574448006833 -5
      vertex 15.616887748842904 -18.877574448006833 0
    endloop
  endfacet
  facet normal 0.684547105928689 -0.7289686274214113 0
    outer loop
      vertex 15.616887748842904 -18.877574448006833 -5
      vertex 17.859731371824587 -16.77140409525287 -5
      vertex 17.859731371824587 -16.77140409525287 0
    endloop
  endfacet
  facet normal 0.7705132427757891 -0.6374239897486897 0
    outer loop
      vertex 17.859731371824587 -16.77140409525287 -5
      vertex 19.820916362186214 -14.400738681165592 -5
      vertex 17.859731371824587 -16.77140409525287 0
    endloop
  endfacet
  facet normal 0.8443279255020156 -0.5358267949789957 0
    outer loop
      vertex 19.820916362186214 -14.400738681165592 -5
      vertex 21.469513661074654 -11.802965015492028 -5
      vertex 19.820916362186214 -14.400738681165592 0
    endloop
  endfacet
  facet normal 0 0 -1
    outer loop
      vertex 19.820916362186214 -14.400738681165592 -5
      vertex 19.782623301990217 -10.875589192846224 -5
      vertex 20.989704168927272 -8.310411776856613 -5
    endloop
  endfacet
  facet normal 0 0 -1
    outer loop
      vertex 19.820916362186214 -14.400738681165592 -5
      vertex 20.989704168927272 -8.310411776856613 -5
      vertex 21.469513661074654 -11.802965015492028 -5
    endloop
  endfacet
  facet normal 0 0 -1
    outer loop
      vertex 21.469513661074654 -11.802965015492028 -5
      vertex 20.989704168927272 -8.310411776856613 -5
      vertex 21.865764862478848 -5.614174202746589 -5
    endloop
  endfacet
  facet normal 0 0 -1
    outer loop
      vertex 21.469513661074654 -11.802965015492028 -5
      vertex 21.865764862478848 -5.614174202746589 -5
      vertex 22.779523904262156 -9.019051540774619 -5
    endloop
  endfacet
  facet normal 0 0 -1
    outer loop
      vertex 22.779523904262156 -9.019051540774619 -5
      vertex 21.865764862478848 -5.614174202746589 -5
      vertex 22.396989382174336 -2.829397747714164 -5
    endloop
  endfacet
  facet normal 0 0 -1
    outer loop
      vertex 22.779523904262156 -9.019051540774619 -5
      vertex 22.396989382174336 -2.829397747714164 -5
      vertex 22.575 0 -5
    endloop
  endfacet
  facet normal 0 0 -1
    outer loop
      vertex 22.779523904262156 -9.019051540774619 -5
      vertex 22.575 0 -5
      vertex 22.77952390426216 9.01905154077461 -5
    endloop
  endfacet
  facet normal 0 0 -1
    outer loop
      vertex 22.779523904262156 -9.019051540774619 -5
      vertex 23.730287447651463 6.092902235538943 -5
      vertex 23.730287447651463 -6.092902235538934 -5
    endloop
  endfacet
  facet normal 0 0 -1
    outer loop
      vertex 23.730287447651463 -6.092902235538934 -5
      vertex 24.306810182204707 3.0706642223254543 -5
      vertex 24.306810182204707 -3.0706642223254494 -5
    endloop
  endfacet
  facet normal 0.9048270524660191 -0.4257792915650736 0
    outer loop
      vertex 21.469513661074654 -11.802965015492028 -5
      vertex 22.779523904262156 -9.019051540774619 -5
      vertex 21.469513661074654 -11.802965015492028 0
    endloop
  endfacet
  facet normal 0.9510565162951538 -0.30901699437494695 0
    outer loop
      vertex 22.779523904262156 -9.019051540774619 -5
      vertex 23.730287447651463 -6.092902235538934 -5
      vertex 22.779523904262156 -9.019051540774619 0
    endloop
  endfacet
  facet normal 0.9822872507286887 -0.18738131458572466 0
    outer loop
      vertex 23.730287447651463 -6.092902235538934 -5
      vertex 24.306810182204707 -3.0706642223254494 -5
      vertex 23.730287447651463 -6.092902235538934 0
    endloop
  endfacet
  facet normal 0.9980267284282716 -0.06279051952931346 0
    outer loop
      vertex 24.306810182204707 -3.0706642223254494 -5
      vertex 24.5 0 -5
      vertex 24.306810182204707 -3.0706642223254494 0
    endloop
  endfacet
  facet normal 0.12533323356430495 -0.9921147013144778 0
    outer loop
      vertex 1.5383677284681871 -24.45165484649265 -5
      vertex 4.590842207350258 -24.06603764285287 0
      vertex 1.5383677284681871 -24.45165484649265 0
    endloop
  endfacet
  facet normal 0.2486898871648547 -0.9685831611286311 0
    outer loop
      vertex 4.590842207350258 -24.06603764285287 -5
      vertex 7.570916362186211 -23.30088464923126 0
      vertex 4.590842207350258 -24.06603764285287 0
    endloop
  endfacet
  facet normal 0.36812455268467786 -0.9297764858882515 0
    outer loop
      vertex 7.570916362186211 -23.30088464923126 -5
      vertex 10.431592643344274 -22.16826278541748 0
      vertex 7.570916362186211 -23.30088464923126 0
    endloop
  endfacet
  facet normal 0.48175367410171466 -0.8763066800438638 0
    outer loop
      vertex 10.431592643344274 -22.16826278541748 -5
      vertex 13.127756476985407 -20.686034174799374 0
      vertex 10.431592643344274 -22.16826278541748 0
    endloop
  endfacet
  facet normal 0 0 1
    outer loop
      vertex -1.5383677284681871 -24.45165484649265 0
      vertex 1.5383677284681871 -24.45165484649265 0
      vertex 0.13875000178813934 -5.704599998891354 0
    endloop
  endfacet
  facet normal 0 0 1
    outer loop
      vertex 1.5383677284681871 -24.45165484649265 0
      vertex 4.590842207350258 -24.06603764285287 0
      vertex 1.4997214302420616 -5.510346941649914 0
    endloop
  endfacet
  facet normal 0 0 1
    outer loop
      vertex 1.5383677284681871 -24.45165484649265 0
      vertex 0.38807857036590576 -5.699204079806805 0
      vertex 0.13875000178813934 -5.704599998891354 0
    endloop
  endfacet
  facet normal 0 0 1
    outer loop
      vertex 1.5383677284681871 -24.45165484649265 0
      vertex 0.6284071430563927 -5.683016330003738 0
      vertex 0.38807857036590576 -5.699204079806805 0
    endloop
  endfacet
  facet normal 0 0 1
    outer loop
      vertex 1.5383677284681871 -24.45165484649265 0
      vertex 0.8597357124090195 -5.656036734580994 0
      vertex 0.6284071430563927 -5.683016330003738 0
    endloop
  endfacet
  facet normal 0 0 1
    outer loop
      vertex 1.5383677284681871 -24.45165484649265 0
      vertex 1.0820642858743668 -5.618265308439732 0
      vertex 0.8597357124090195 -5.656036734580994 0
    endloop
  endfacet
  facet normal 0 0 1
    outer loop
      vertex 1.5383677284681871 -24.45165484649265 0
      vertex 1.295392856001854 -5.569702044129372 0
      vertex 1.0820642858743668 -5.618265308439732 0
    endloop
  endfacet
  facet normal 0 0 1
    outer loop
      vertex 1.5383677284681871 -24.45165484649265 0
      vertex 1.4997214302420616 -5.510346941649914 0
      vertex 1.295392856001854 -5.569702044129372 0
    endloop
  endfacet
  facet normal 0 0 1
    outer loop
      vertex 4.590842207350258 -24.06603764285287 0
      vertex 1.6950500011444092 -5.440200001001358 0
      vertex 1.4997214302420616 -5.510346941649914 0
    endloop
  endfacet
  facet normal 0 0 1
    outer loop
      vertex 4.590842207350258 -24.06603764285287 0
      vertex 1.8800928592681885 -5.3602693900465965 0
      vertex 1.6950500011444092 -5.440200001001358 0
    endloop
  endfacet
  facet normal 0 0 1
    outer loop
      vertex 4.590842207350258 -24.06603764285287 0
      vertex 2.0535071417689323 -5.271620407700539 0
      vertex 1.8800928592681885 -5.3602693900465965 0
    endloop
  endfacet
  facet normal 0 0 1
    outer loop
      vertex 4.590842207350258 -24.06603764285287 0
      vertex 2.2152928560972214 -5.174253061413765 0
      vertex 2.0535071417689323 -5.271620407700539 0
    endloop
  endfacet
  facet normal 0 0 1
    outer loop
      vertex 4.590842207350258 -24.06603764285287 0
      vertex 2.3654500022530556 -5.068167343735695 0
      vertex 2.2152928560972214 -5.174253061413765 0
    endloop
  endfacet
  facet normal 0 0 1
    outer loop
      vertex 4.590842207350258 -24.06603764285287 0
      vertex 2.5039785727858543 -4.953363262116909 0
      vertex 2.3654500022530556 -5.068167343735695 0
    endloop
  endfacet
  facet normal 0 0 1
    outer loop
      vertex 4.590842207350258 -24.06603764285287 0
      vertex 2.6308785751461983 -4.829840816557407 0
      vertex 2.5039785727858543 -4.953363262116909 0
    endloop
  endfacet
  facet normal 0 0 1
    outer loop
      vertex 4.590842207350258 -24.06603764285287 0
      vertex 2.7461500018835068 -4.697599999606609 0
      vertex 2.6308785751461983 -4.829840816557407 0
    endloop
  endfacet
  facet normal 0 0 1
    outer loop
      vertex 4.590842207350258 -24.06603764285287 0
      vertex 2.8496132642030716 -4.559271425008774 0
      vertex 2.7461500018835068 -4.697599999606609 0
    endloop
  endfacet
  facet normal 0 0 1
    outer loop
      vertex 4.590842207350258 -24.06603764285287 0
      vertex 2.9410316348075867 -4.41748571395874 0
      vertex 2.8496132642030716 -4.559271425008774 0
    endloop
  endfacet
  facet normal 0 0 1
    outer loop
      vertex 4.590842207350258 -24.06603764285287 0
      vertex 3.020405098795891 -4.272242859005928 0
      vertex 2.9410316348075867 -4.41748571395874 0
    endloop
  endfacet
  facet normal 0 0 1
    outer loop
      vertex 4.590842207350258 -24.06603764285287 0
      vertex 3.087733671069145 -4.123542860150337 0
      vertex 3.020405098795891 -4.272242859005928 0
    endloop
  endfacet
  facet normal 0 0 1
    outer loop
      vertex 4.590842207350258 -24.06603764285287 0
      vertex 3.1430173441767693 -3.9713857173919678 0
      vertex 3.087733671069145 -4.123542860150337 0
    endloop
  endfacet
  facet normal 0 0 1
    outer loop
      vertex 4.590842207350258 -24.06603764285287 0
      vertex 3.1862561255693436 -3.8157714307308197 0
      vertex 3.1430173441767693 -3.9713857173919678 0
    endloop
  endfacet
  facet normal 0 0 1
    outer loop
      vertex 4.590842207350258 -24.06603764285287 0
      vertex 3.217450000345707 -3.656700000166893 0
      vertex 3.1862561255693436 -3.8157714307308197 0
    endloop
  endfacet
  facet normal 0 0 1
    outer loop
      vertex 4.590842207350258 -24.06603764285287 0
      vertex 3.2408500015735626 -3.483832649886608 0
      vertex 3.217450000345707 -3.656700000166893 0
    endloop
  endfacet
  facet normal 0 0 1
    outer loop
      vertex 4.590842207350258 -24.06603764285287 0
      vertex 3.2606500014662743 -3.2868877574801445 0
      vertex 3.2408500015735626 -3.483832649886608 0
    endloop
  endfacet
  facet normal 0 0 1
    outer loop
      vertex 4.590842207350258 -24.06603764285287 0
      vertex 3.276850000023842 -3.065865308046341 0
      vertex 3.2606500014662743 -3.2868877574801445 0
    endloop
  endfacet
  facet normal 0 0 1
    outer loop
      vertex 4.590842207350258 -24.06603764285287 0
      vertex 3.2894499972462654 -2.820765309035778 0
      vertex 3.276850000023842 -3.065865308046341 0
    endloop
  endfacet
  facet normal 0 0 1
    outer loop
      vertex 4.590842207350258 -24.06603764285287 0
      vertex 3.2984500005841255 -2.551587752997875 0
      vertex 3.2894499972462654 -2.820765309035778 0
    endloop
  endfacet
  facet normal 0 0 1
    outer loop
      vertex 4.590842207350258 -24.06603764285287 0
      vertex 3.3038500025868416 -2.2583326548337936 0
      vertex 3.2984500005841255 -2.551587752997875 0
    endloop
  endfacet
  facet normal 0 0 1
    outer loop
      vertex 4.590842207350258 -24.06603764285287 0
      vertex 3.3056500032544136 -1.9409999996423721 0
      vertex 3.3038500025868416 -2.2583326548337936 0
    endloop
  endfacet
  facet normal 0 0 1
    outer loop
      vertex 4.590842207350258 -24.06603764285287 0
      vertex 3.3056500032544136 -1.066200003027916 0
      vertex 3.3056500032544136 -1.9409999996423721 0
    endloop
  endfacet
  facet normal 0 0 1
    outer loop
      vertex 4.590842207350258 -24.06603764285287 0
      vertex 3.3024663254618645 -0.797308161854744 0
      vertex 3.3056500032544136 -1.066200003027916 0
    endloop
  endfacet
  facet normal 0 0 1
    outer loop
      vertex 4.590842207350258 -24.06603764285287 0
      vertex 3.2929153069853783 -0.5447469353675842 0
      vertex 3.3024663254618645 -0.797308161854744 0
    endloop
  endfacet
  facet normal 0 0 1
    outer loop
      vertex 4.590842207350258 -24.06603764285287 0
      vertex 3.3056500032544136 2.5684999972581863 0
      vertex 3.2929153069853783 -0.5447469353675842 0
    endloop
  endfacet
  facet normal 0 0 1
    outer loop
      vertex 4.590842207350258 -24.06603764285287 0
      vertex 3.2991438806056976 2.855816327035427 0
      vertex 3.3056500032544136 2.5684999972581863 0
    endloop
  endfacet
  facet normal 0 0 1
    outer loop
      vertex 4.590842207350258 -24.06603764285287 0
      vertex 7.570916362186211 -23.30088464923126 0
      vertex 4.590842207350252 24.066037642852873 0
    endloop
  endfacet
  facet normal 0 0 1
    outer loop
      vertex 0.2686948999762535 -3.9278857111930847 0
      vertex -0.06153367459774017 0.1569775491952896 0
      vertex 0.21584387868642807 -3.959642857313156 0
    endloop
  endfacet
  facet normal 0 0 1
    outer loop
      vertex 0.2686948999762535 -3.9278857111930847 0
      vertex 0.32209693640470505 -3.8890714272856712 0
      vertex 0.09674184024333954 0.15677142888307571 0
    endloop
  endfacet
  facet normal 0 0 1
    outer loop
      vertex 0.32209693640470505 -3.8890714272856712 0
      vertex 0.3760500028729439 -3.843199998140335 0
      vertex 0.29684796184301376 0.09034285694360733 0
    endloop
  endfacet
  facet normal 0 0 1
    outer loop
      vertex 0.3760500028729439 -3.843199998140335 0
      vertex 0.42643163353204727 -3.7818020433187485 0
      vertex 0.3502602055668831 0.05048571527004242 0
    endloop
  endfacet
  facet normal 0 0 1
    outer loop
      vertex 0.42643163353204727 -3.7818020433187485 0
      vertex 0.4690622463822365 -3.6964653059840202 0
      vertex 0.39702755212783813 0.0017714276909828186 0
    endloop
  endfacet
  facet normal 0 0 1
    outer loop
      vertex 0.4690622463822365 -3.6964653059840202 0
      vertex 0.5039418339729309 -3.587189793586731 0
      vertex 0.4713214263319969 -0.1252734661102295 0
    endloop
  endfacet
  facet normal 0 0 1
    outer loop
      vertex 0.5039418339729309 -3.587189793586731 0
      vertex 0.5310704112052917 -3.4539755135774612 0
      vertex 0.5002357140183449 -0.20969387888908386 0
    endloop
  endfacet
  facet normal 0 0 1
    outer loop
      vertex 0.5310704112052917 -3.4539755135774612 0
      vertex 0.5504479557275772 -3.29682245105505 0
      vertex 0.5422928556799889 -0.4233755096793175 0
    endloop
  endfacet
  facet normal 0 0 1
    outer loop
      vertex 0.5504479557275772 -3.29682245105505 0
      vertex 0.5620744898915291 -3.1157306134700775 0
      vertex 0.5554357171058655 -0.5526367351412773 0
    endloop
  endfacet
  facet normal 0 0 1
    outer loop
      vertex 0.5620744898915291 -3.1157306134700775 0
      vertex 0.5659499987959862 -2.910700000822544 0
      vertex 0.5633214265108109 -0.6968448981642723 0
    endloop
  endfacet
  facet normal 0 0 1
    outer loop
      vertex -0.13358469307422638 0.14431020617485046 0
      vertex 0.21584387868642807 -3.959642857313156 0
      vertex -0.06153367459774017 0.1569775491952896 0
    endloop
  endfacet
  facet normal 0 0 1
    outer loop
      vertex -0.06153367459774017 0.1569775491952896 0
      vertex 0.2686948999762535 -3.9278857111930847 0
      vertex 0.016750000417232513 0.16120000183582306 0
    endloop
  endfacet
  facet normal 0 0 1
    outer loop
      vertex 0.016750000417232513 0.16120000183582306 0
      vertex 0.2686948999762535 -3.9278857111930847 0
      vertex 0.09674184024333954 0.15677142888307571 0
    endloop
  endfacet
  facet normal 0 0 1
    outer loop
      vertex 0.32209693640470505 -3.8890714272856712 0
      vertex 0.1700887754559517 0.14348571747541428 0
      vertex 0.09674184024333954 0.15677142888307571 0
    endloop
  endfacet
  facet normal 0 0 1
    outer loop
      vertex 0.32209693640470505 -3.8890714272856712 0
      vertex 0.23679081350564957 0.12134286016225815 0
      vertex 0.1700887754559517 0.14348571747541428 0
    endloop
  endfacet
  facet normal 0 0 1
    outer loop
      vertex 0.32209693640470505 -3.8890714272856712 0
      vertex 0.29684796184301376 0.09034285694360733 0
      vertex 0.23679081350564957 0.12134286016225815 0
    endloop
  endfacet
  facet normal 0 0 1
    outer loop
      vertex 0.3760500028729439 -3.843199998140335 0
      vertex 0.3502602055668831 0.05048571527004242 0
      vertex 0.29684796184301376 0.09034285694360733 0
    endloop
  endfacet
  facet normal 0 0 1
    outer loop
      vertex 0.5659499987959862 -2.910700000822544 0
      vertex 0.5659499987959862 -0.8559999987483025 0
      vertex 0.5633214265108109 -0.6968448981642723 0
    endloop
  endfacet
  facet normal 0 0 1
    outer loop
      vertex 0.5620744898915291 -3.1157306134700775 0
      vertex 0.5633214265108109 -0.6968448981642723 0
      vertex 0.5554357171058655 -0.5526367351412773 0
    endloop
  endfacet
  facet normal 0 0 1
    outer loop
      vertex 0.5310704112052917 -3.4539755135774612 0
      vertex 0.5422928556799889 -0.4233755096793175 0
      vertex 0.5238928571343422 -0.3090612217783928 0
    endloop
  endfacet
  facet normal 0 0 1
    outer loop
      vertex 0.5504479557275772 -3.29682245105505 0
      vertex 0.5554357171058655 -0.5526367351412773 0
      vertex 0.5422928556799889 -0.4233755096793175 0
    endloop
  endfacet
  facet normal 0 0 1
    outer loop
      vertex 0.42643163353204727 -3.7818020433187485 0
      vertex 0.39702755212783813 0.0017714276909828186 0
      vertex 0.3502602055668831 0.05048571527004242 0
    endloop
  endfacet
  facet normal 0 0 1
    outer loop
      vertex 0.4371500015258789 -0.055799998342990875 0
      vertex 0.4690622463822365 -3.6964653059840202 0
      vertex 0.4713214263319969 -0.1252734661102295 0
    endloop
  endfacet
  facet normal 0 0 1
    outer loop
      vertex 0.4371500015258789 -0.055799998342990875 0
      vertex 0.39702755212783813 0.0017714276909828186 0
      vertex 0.4690622463822365 -3.6964653059840202 0
    endloop
  endfacet
  facet normal 0 0 1
    outer loop
      vertex 0.5039418339729309 -3.587189793586731 0
      vertex 0.5002357140183449 -0.20969387888908386 0
      vertex 0.4713214263319969 -0.1252734661102295 0
    endloop
  endfacet
  facet normal 0 0 1
    outer loop
      vertex 0.5310704112052917 -3.4539755135774612 0
      vertex 0.5238928571343422 -0.3090612217783928 0
      vertex 0.5002357140183449 -0.20969387888908386 0
    endloop
  endfacet
  facet normal 0 0 1
    outer loop
      vertex 7.570916362186211 -23.30088464923126 0
      vertex 10.431592643344274 -22.16826278541748 0
      vertex 7.570916362186211 23.30088464923126 0
    endloop
  endfacet
  facet normal 0 0 1
    outer loop
      vertex 10.431592643344274 -22.16826278541748 0
      vertex 13.127756476985407 -20.686034174799374 0
      vertex 10.431592643344281 22.168262785417475 0
    endloop
  endfacet
  facet normal 0.5877852522924725 -0.8090169943749479 0
    outer loop
      vertex 13.127756476985407 -20.686034174799374 -5
      vertex 15.616887748842904 -18.877574448006833 0
      vertex 13.127756476985407 -20.686034174799374 0
    endloop
  endfacet
  facet normal 0.684547105928689 -0.7289686274214113 0
    outer loop
      vertex 15.616887748842904 -18.877574448006833 -5
      vertex 17.859731371824587 -16.77140409525287 0
      vertex 15.616887748842904 -18.877574448006833 0
    endloop
  endfacet
  facet normal 0.7705132427757891 -0.6374239897486897 0
    outer loop
      vertex 19.820916362186214 -14.400738681165592 -5
      vertex 19.820916362186214 -14.400738681165592 0
      vertex 17.859731371824587 -16.77140409525287 0
    endloop
  endfacet
  facet normal 0.8443279255020156 -0.5358267949789957 0
    outer loop
      vertex 21.469513661074654 -11.802965015492028 -5
      vertex 21.469513661074654 -11.802965015492028 0
      vertex 19.820916362186214 -14.400738681165592 0
    endloop
  endfacet
  facet normal 0.9048270524660191 -0.4257792915650736 0
    outer loop
      vertex 22.779523904262156 -9.019051540774619 -5
      vertex 22.779523904262156 -9.019051540774619 0
      vertex 21.469513661074654 -11.802965015492028 0
    endloop
  endfacet
  facet normal 0.9510565162951538 -0.30901699437494695 0
    outer loop
      vertex 23.730287447651463 -6.092902235538934 -5
      vertex 23.730287447651463 -6.092902235538934 0
      vertex 22.779523904262156 -9.019051540774619 0
    endloop
  endfacet
  facet normal 0.9822872507286887 -0.18738131458572466 0
    outer loop
      vertex 24.306810182204707 -3.0706642223254494 -5
      vertex 24.306810182204707 -3.0706642223254494 0
      vertex 23.730287447651463 -6.092902235538934 0
    endloop
  endfacet
  facet normal 0.9980267284282716 -0.06279051952931346 0
    outer loop
      vertex 24.306810182204707 -3.0706642223254494 0
      vertex 24.5 0 -5
      vertex 24.5 0 0
    endloop
  endfacet
  facet normal 0 0 1
    outer loop
      vertex 13.127756476985407 -20.686034174799374 0
      vertex 15.616887748842904 -18.877574448006833 0
      vertex 13.127756476985418 20.68603417479937 0
    endloop
  endfacet
  facet normal 0 0 1
    outer loop
      vertex 15.616887748842904 -18.877574448006833 0
      vertex 17.859731371824587 -16.77140409525287 0
      vertex 15.616887748842899 18.877574448006833 0
    endloop
  endfacet
  facet normal 0 0 1
    outer loop
      vertex 17.859731371824587 -16.77140409525287 0
      vertex 19.820916362186214 -14.400738681165592 0
      vertex 17.859731371824584 16.771404095252873 0
    endloop
  endfacet
  facet normal 0 0 1
    outer loop
      vertex 19.820916362186214 -14.400738681165592 0
      vertex 21.469513661074654 -11.802965015492028 0
      vertex 19.820916362186214 14.400738681165592 0
    endloop
  endfacet
  facet normal 0 0 1
    outer loop
      vertex 21.469513661074654 -11.802965015492028 0
      vertex 22.779523904262156 -9.019051540774619 0
      vertex 21.469513661074657 11.802965015492026 0
    endloop
  endfacet
  facet normal 0 0 1
    outer loop
      vertex 22.779523904262156 -9.019051540774619 0
      vertex 23.730287447651463 -6.092902235538934 0
      vertex 22.77952390426216 9.01905154077461 0
    endloop
  endfacet
  facet normal 0 0 1
    outer loop
      vertex 23.730287447651463 -6.092902235538934 0
      vertex 24.306810182204707 -3.0706642223254494 0
      vertex 23.730287447651463 6.092902235538943 0
    endloop
  endfacet
  facet normal 0 0 -1
    outer loop
      vertex -1.5383677284681754 24.45165484649265 -5
      vertex 1.5383677284681754 24.45165484649265 -5
      vertex 1.417495978374247 22.53045339426823 -5
    endloop
  endfacet
  facet normal 0 0 -1
    outer loop
      vertex 1.5383677284681754 24.45165484649265 -5
      vertex 4.590842207350252 24.066037642852873 -5
      vertex 1.417495978374247 22.53045339426823 -5
    endloop
  endfacet
  facet normal 0 0 -1
    outer loop
      vertex 4.590842207350252 24.066037642852873 -5
      vertex 4.230133176772732 22.175134685200145 -5
      vertex 1.417495978374247 22.53045339426823 -5
    endloop
  endfacet
  facet normal 0 0 -1
    outer loop
      vertex 4.590842207350252 24.066037642852873 -5
      vertex 7.570916362186211 23.30088464923126 -5
      vertex 4.230133176772732 22.175134685200145 -5
    endloop
  endfacet
  facet normal 0 0 -1
    outer loop
      vertex 10.431592643344281 22.168262785417475 -5
      vertex 9.611967507081516 20.42647070942039 -5
      vertex 6.976058648014437 21.47010085536309 -5
    endloop
  endfacet
  facet normal 0 0 -1
    outer loop
      vertex 7.570916362186211 23.30088464923126 -5
      vertex 6.976058648014437 21.47010085536309 -5
      vertex 4.230133176772732 22.175134685200145 -5
    endloop
  endfacet
  facet normal 0 0 -1
    outer loop
      vertex 7.570916362186211 23.30088464923126 -5
      vertex 10.431592643344281 22.168262785417475 -5
      vertex 6.976058648014437 21.47010085536309 -5
    endloop
  endfacet
  facet normal 0 0 -1
    outer loop
      vertex 10.431592643344281 22.168262785417475 -5
      vertex 13.127756476985418 20.68603417479937 -5
      vertex 9.611967507081516 20.42647070942039 -5
    endloop
  endfacet
  facet normal 0 0 -1
    outer loop
      vertex 13.127756476985418 20.68603417479937 -5
      vertex 12.096289896650848 19.06070291820799 -5
      vertex 9.611967507081516 20.42647070942039 -5
    endloop
  endfacet
  facet normal 0.12533323356430362 0.992114701314478 0
    outer loop
      vertex 1.5383677284681754 24.45165484649265 -5
      vertex 1.5383677284681754 24.45165484649265 0
      vertex 4.590842207350252 24.066037642852873 -5
    endloop
  endfacet
  facet normal 0.24868988716485535 0.9685831611286311 0
    outer loop
      vertex 4.590842207350252 24.066037642852873 -5
      vertex 4.590842207350252 24.066037642852873 0
      vertex 7.570916362186211 23.30088464923126 -5
    endloop
  endfacet
  facet normal 0.36812455268467803 0.9297764858882513 0
    outer loop
      vertex 7.570916362186211 23.30088464923126 -5
      vertex 7.570916362186211 23.30088464923126 0
      vertex 10.431592643344281 22.168262785417475 -5
    endloop
  endfacet
  facet normal 0.4817536741017142 0.8763066800438641 0
    outer loop
      vertex 10.431592643344281 22.168262785417475 -5
      vertex 10.431592643344281 22.168262785417475 0
      vertex 13.127756476985418 20.68603417479937 -5
    endloop
  endfacet
  facet normal 0 0 -1
    outer loop
      vertex 24.306810182204707 -3.0706642223254494 -5
      vertex 24.306810182204707 3.0706642223254543 -5
      vertex 24.5 0 -5
    endloop
  endfacet
  facet normal 0 0 -1
    outer loop
      vertex 23.730287447651463 -6.092902235538934 -5
      vertex 23.730287447651463 6.092902235538943 -5
      vertex 24.306810182204707 3.0706642223254543 -5
    endloop
  endfacet
  facet normal 0 0 -1
    outer loop
      vertex 22.779523904262156 -9.019051540774619 -5
      vertex 22.77952390426216 9.01905154077461 -5
      vertex 23.730287447651463 6.092902235538943 -5
    endloop
  endfacet
  facet normal 0 0 -1
    outer loop
      vertex 22.77952390426216 9.01905154077461 -5
      vertex 22.575 0 -5
      vertex 22.396989382174336 2.8293977477141685 -5
    endloop
  endfacet
  facet normal 0 0 -1
    outer loop
      vertex 22.77952390426216 9.01905154077461 -5
      vertex 22.396989382174336 2.8293977477141685 -5
      vertex 21.865764862478844 5.614174202746597 -5
    endloop
  endfacet
  facet normal 0 0 -1
    outer loop
      vertex 21.469513661074657 11.802965015492026 -5
      vertex 20.989704168927272 8.310411776856604 -5
      vertex 19.78262330199022 10.875589192846222 -5
    endloop
  endfacet
  facet normal 0 0 -1
    outer loop
      vertex 22.77952390426216 9.01905154077461 -5
      vertex 21.865764862478844 5.614174202746597 -5
      vertex 20.989704168927272 8.310411776856604 -5
    endloop
  endfacet
  facet normal 0 0 -1
    outer loop
      vertex 22.77952390426216 9.01905154077461 -5
      vertex 20.989704168927272 8.310411776856604 -5
      vertex 21.469513661074657 11.802965015492026 -5
    endloop
  endfacet
  facet normal 0.9980267284282716 0.06279051952931336 0
    outer loop
      vertex 24.5 0 -5
      vertex 24.306810182204707 3.0706642223254543 -5
      vertex 24.5 0 0
    endloop
  endfacet
  facet normal 0.9822872507286888 0.18738131458572443 0
    outer loop
      vertex 24.306810182204707 3.0706642223254543 -5
      vertex 23.730287447651463 6.092902235538943 -5
      vertex 24.306810182204707 3.0706642223254543 0
    endloop
  endfacet
  facet normal 0.9510565162951535 0.3090169943749476 0
    outer loop
      vertex 23.730287447651463 6.092902235538943 -5
      vertex 22.77952390426216 9.01905154077461 -5
      vertex 23.730287447651463 6.092902235538943 0
    endloop
  endfacet
  facet normal 0.9048270524660195 0.42577929156507266 0
    outer loop
      vertex 22.77952390426216 9.01905154077461 -5
      vertex 21.469513661074657 11.802965015492026 -5
      vertex 22.77952390426216 9.01905154077461 0
    endloop
  endfacet
  facet normal 0 0 -1
    outer loop
      vertex 19.820916362186214 14.400738681165592 -5
      vertex 18.26355864801444 13.269252070502581 -5
      vertex 16.456466764038364 15.453650916340148 -5
    endloop
  endfacet
  facet normal 0 0 -1
    outer loop
      vertex 17.859731371824584 16.771404095252873 -5
      vertex 16.456466764038364 15.453650916340148 -5
      vertex 14.38984656857667 17.39433645566344 -5
    endloop
  endfacet
  facet normal 0 0 -1
    outer loop
      vertex 17.859731371824584 16.771404095252873 -5
      vertex 14.38984656857667 17.39433645566344 -5
      vertex 15.616887748842899 18.877574448006833 -5
    endloop
  endfacet
  facet normal 0 0 -1
    outer loop
      vertex 17.859731371824584 16.771404095252873 -5
      vertex 19.820916362186214 14.400738681165592 -5
      vertex 16.456466764038364 15.453650916340148 -5
    endloop
  endfacet
  facet normal 0 0 -1
    outer loop
      vertex 13.127756476985418 20.68603417479937 -5
      vertex 15.616887748842899 18.877574448006833 -5
      vertex 12.096289896650848 19.06070291820799 -5
    endloop
  endfacet
  facet normal 0 0 -1
    outer loop
      vertex 15.616887748842899 18.877574448006833 -5
      vertex 14.38984656857667 17.39433645566344 -5
      vertex 12.096289896650848 19.06070291820799 -5
    endloop
  endfacet
  facet normal 0 0 -1
    outer loop
      vertex 19.820916362186214 14.400738681165592 -5
      vertex 19.78262330199022 10.875589192846222 -5
      vertex 18.26355864801444 13.269252070502581 -5
    endloop
  endfacet
  facet normal 0 0 -1
    outer loop
      vertex 21.469513661074657 11.802965015492026 -5
      vertex 19.78262330199022 10.875589192846222 -5
      vertex 19.820916362186214 14.400738681165592 -5
    endloop
  endfacet
  facet normal 0.6845471059286881 0.7289686274214122 0
    outer loop
      vertex 17.859731371824584 16.771404095252873 -5
      vertex 15.616887748842899 18.877574448006833 -5
      vertex 15.616887748842899 18.877574448006833 0
    endloop
  endfacet
  facet normal 0.5877852522924741 0.8090169943749467 0
    outer loop
      vertex 13.127756476985418 20.68603417479937 -5
      vertex 13.127756476985418 20.68603417479937 0
      vertex 15.616887748842899 18.877574448006833 -5
    endloop
  endfacet
  facet normal 0.7705132427757891 0.6374239897486899 0
    outer loop
      vertex 17.859731371824584 16.771404095252873 -5
      vertex 19.820916362186214 14.400738681165592 0
      vertex 19.820916362186214 14.400738681165592 -5
    endloop
  endfacet
  facet normal 0.8443279255020153 0.5358267949789962 0
    outer loop
      vertex 21.469513661074657 11.802965015492026 -5
      vertex 19.820916362186214 14.400738681165592 -5
      vertex 21.469513661074657 11.802965015492026 0
    endloop
  endfacet
  facet normal 0 0 1
    outer loop
      vertex -0.02776632457971573 1.568630613386631 0
      vertex 0.08444999903440475 1.6361000016331673 0
      vertex 0.5659499987959862 2.5684999972581863 0
    endloop
  endfacet
  facet normal 0 0 1
    outer loop
      vertex 0.08444999903440475 1.6361000016331673 0
      vertex 0.20458265393972397 1.6945734694600105 0
      vertex 0.5659499987959862 2.5684999972581863 0
    endloop
  endfacet
  facet normal 0 0 1
    outer loop
      vertex 0.20458265393972397 1.6945734694600105 0
      vertex 0.33246632665395737 1.7440510168671608 0
      vertex 0.5659499987959862 2.5684999972581863 0
    endloop
  endfacet
  facet normal 0 0 1
    outer loop
      vertex 0.33246632665395737 1.7440510168671608 0
      vertex 0.46810101717710495 1.7845326513051987 0
      vertex 0.5659499987959862 2.5684999972581863 0
    endloop
  endfacet
  facet normal 0 0 1
    outer loop
      vertex 0.46810101717710495 1.7845326513051987 0
      vertex 0.6114867329597473 1.8160183653235435 0
      vertex 0.5659499987959862 2.5684999972581863 0
    endloop
  endfacet
  facet normal 0 0 1
    outer loop
      vertex 0.6114867329597473 1.8160183653235435 0
      vertex 0.7626234665513039 1.838508166372776 0
      vertex 0.5659499987959862 2.5684999972581863 0
    endloop
  endfacet
  facet normal 0 0 1
    outer loop
      vertex 0.5659499987959862 2.5684999972581863 0
      vertex 0.7626234665513039 1.838508166372776 0
      vertex 0.9215112254023552 1.852002039551735 0
    endloop
  endfacet
  facet normal 0 0 1
    outer loop
      vertex -0.02776632457971573 1.568630613386631 0
      vertex 0.5659499987959862 2.5684999972581863 0
      vertex 0.5656030625104904 2.7758857160806656 0
    endloop
  endfacet
  facet normal 0 0 1
    outer loop
      vertex -0.02776632457971573 1.568630613386631 0
      vertex 0.5656030625104904 2.7758857160806656 0
      vertex 0.5645622462034225 2.9601571410894394 0
    endloop
  endfacet
  facet normal 0 0 1
    outer loop
      vertex -0.02776632457971573 1.568630613386631 0
      vertex 0.5645622462034225 2.9601571410894394 0
      vertex 0.5628275498747826 3.121314287185669 0
    endloop
  endfacet
  facet normal 0 0 1
    outer loop
      vertex -0.02776632457971573 1.568630613386631 0
      vertex 0.5628275498747826 3.121314287185669 0
      vertex 0.5603989809751511 3.259357139468193 0
    endloop
  endfacet
  facet normal 0 0 1
    outer loop
      vertex -0.02776632457971573 1.568630613386631 0
      vertex 0.5603989809751511 3.259357139468193 0
      vertex 0.5572765320539474 3.374285712838173 0
    endloop
  endfacet
  facet normal 0 0 1
    outer loop
      vertex -0.02776632457971573 1.568630613386631 0
      vertex 0.5572765320539474 3.374285712838173 0
      vertex 0.5534602031111717 3.466099999845028 0
    endloop
  endfacet
  facet normal 0 0 1
    outer loop
      vertex -0.02776632457971573 1.568630613386631 0
      vertex 0.5534602031111717 3.466099999845028 0
      vertex 0.5489500015974045 3.534800000488758 0
    endloop
  endfacet
  facet normal 0 0 1
    outer loop
      vertex -0.02776632457971573 1.568630613386631 0
      vertex 0.5489500015974045 3.534800000488758 0
      vertex 0.5414908155798912 3.590655103325844 0
    endloop
  endfacet
  facet normal 0 0 1
    outer loop
      vertex -0.02776632457971573 1.568630613386631 0
      vertex 0.5414908155798912 3.590655103325844 0
      vertex 0.5287704095244408 3.643877550959587 0
    endloop
  endfacet
  facet normal 0 0 1
    outer loop
      vertex -0.02776632457971573 1.568630613386631 0
      vertex 0.5107887759804726 3.694467343389988 0
      vertex 0.4875459149479866 3.742424488067627 0
    endloop
  endfacet
  facet normal 0 0 1
    outer loop
      vertex -0.02776632457971573 1.568630613386631 0
      vertex 0.4875459149479866 3.742424488067627 0
      vertex 0.4590418338775635 3.7877489775419235 0
    endloop
  endfacet
  facet normal 0 0 1
    outer loop
      vertex -0.02776632457971573 1.568630613386631 0
      vertex 0.5287704095244408 3.643877550959587 0
      vertex 0.5107887759804726 3.694467343389988 0
    endloop
  endfacet
  facet normal 0 0 1
    outer loop
      vertex 0.5659499987959862 2.5684999972581863 0
      vertex 0.9215112254023552 1.852002039551735 0
      vertex 1.0881500020623207 1.8564999997615814 0
    endloop
  endfacet
  facet normal 0 0 1
    outer loop
      vertex 0.5659499987959862 2.5684999972581863 0
      vertex 1.0881500020623207 1.8564999997615814 0
      vertex 1.2996091842651367 1.848195917904377 0
    endloop
  endfacet
  facet normal 0 0 1
    outer loop
      vertex 0.5659499987959862 2.5684999972581863 0
      vertex 1.2996091842651367 1.848195917904377 0
      vertex 1.5038724467158318 1.8232836723327637 0
    endloop
  endfacet
  facet normal 0 0 1
    outer loop
      vertex 1.7009397968649864 1.7817632630467415 0
      vertex 0.5659499987959862 2.5684999972581863 0
      vertex 1.5038724467158318 1.8232836723327637 0
    endloop
  endfacet
  facet normal 0 0 1
    outer loop
      vertex 3.3056500032544136 2.5684999972581863 0
      vertex 2.8340908139944077 1.0709448978304863 0
      vertex 2.9387193843722343 0.9314448982477188 0
    endloop
  endfacet
  facet normal 0 0 1
    outer loop
      vertex 3.3056500032544136 2.5684999972581863 0
      vertex 0.5659499987959862 2.5684999972581863 0
      vertex 1.7009397968649864 1.7817632630467415 0
    endloop
  endfacet
  facet normal 0 0 1
    outer loop
      vertex 3.3056500032544136 2.5684999972581863 0
      vertex 2.2489663287997246 1.5575530603528023 0
      vertex 2.4172499999403954 1.4496000036597252 0
    endloop
  endfacet
  facet normal 0 0 1
    outer loop
      vertex 3.3056500032544136 2.5684999972581863 0
      vertex 1.7009397968649864 1.7817632630467415 0
      vertex 1.8908112272620201 1.723634697496891 0
    endloop
  endfacet
  facet normal 0 0 1
    outer loop
      vertex 3.3056500032544136 2.5684999972581863 0
      vertex 1.8908112272620201 1.723634697496891 0
      vertex 2.073486737906933 1.648897960782051 0
    endloop
  endfacet
  facet normal 0 0 1
    outer loop
      vertex 3.3056500032544136 2.5684999972581863 0
      vertex 2.073486737906933 1.648897960782051 0
      vertex 2.2489663287997246 1.5575530603528023 0
    endloop
  endfacet
  facet normal 0 0 1
    outer loop
      vertex 3.3056500032544136 2.5684999972581863 0
      vertex 2.573356121778488 1.3300224468111992 0
      vertex 2.712303064763546 1.2038040831685066 0
    endloop
  endfacet
  facet normal 0 0 1
    outer loop
      vertex 3.3056500032544136 2.5684999972581863 0
      vertex 2.4172499999403954 1.4496000036597252 0
      vertex 2.573356121778488 1.3300224468111992 0
    endloop
  endfacet
  facet normal 0 0 1
    outer loop
      vertex 3.3056500032544136 2.5684999972581863 0
      vertex 2.712303064763546 1.2038040831685066 0
      vertex 2.8340908139944077 1.0709448978304863 0
    endloop
  endfacet
  facet normal 0 0 1
    outer loop
      vertex -0.010449998080730438 4.006099998950958 0
      vertex -0.02776632457971573 1.568630613386631 0
      vertex 0.05909081548452377 4.003332652151585 0
    endloop
  endfacet
  facet normal 0 0 1
    outer loop
      vertex -0.02776632457971573 1.568630613386631 0
      vertex 0.12434183806180954 3.9950306117534637 0
      vertex 0.05909081548452377 4.003332652151585 0
    endloop
  endfacet
  facet normal 0 0 1
    outer loop
      vertex -0.02776632457971573 1.568630613386631 0
      vertex 0.18530306220054626 3.9811938777565956 0
      vertex 0.12434183806180954 3.9950306117534637 0
    endloop
  endfacet
  facet normal 0 0 1
    outer loop
      vertex -0.02776632457971573 1.568630613386631 0
      vertex 0.24197448790073395 3.9618224501609802 0
      vertex 0.18530306220054626 3.9811938777565956 0
    endloop
  endfacet
  facet normal 0 0 1
    outer loop
      vertex -0.02776632457971573 1.568630613386631 0
      vertex 0.2943561226129532 3.9369163289666176 0
      vertex 0.24197448790073395 3.9618224501609802 0
    endloop
  endfacet
  facet normal 0 0 1
    outer loop
      vertex -0.02776632457971573 1.568630613386631 0
      vertex 0.3424479588866234 3.906475506722927 0
      vertex 0.2943561226129532 3.9369163289666176 0
    endloop
  endfacet
  facet normal 0 0 1
    outer loop
      vertex -0.02776632457971573 1.568630613386631 0
      vertex 0.38624999672174454 3.87049999833107 0
      vertex 0.3424479588866234 3.906475506722927 0
    endloop
  endfacet
  facet normal 0 0 1
    outer loop
      vertex -0.02776632457971573 1.568630613386631 0
      vertex 0.4252765327692032 3.8304408192634583 0
      vertex 0.38624999672174454 3.87049999833107 0
    endloop
  endfacet
  facet normal 0 0 1
    outer loop
      vertex -0.02776632457971573 1.568630613386631 0
      vertex 0.4590418338775635 3.7877489775419235 0
      vertex 0.4252765327692032 3.8304408192634583 0
    endloop
  endfacet
  facet normal 0 0 1
    outer loop
      vertex 3.2929153069853783 -0.5447469353675842 0
      vertex 3.3056500032544136 2.5684999972581863 0
      vertex 3.2769969403743744 -0.30851632356643677 0
    endloop
  endfacet
  facet normal 0 0 1
    outer loop
      vertex 3.2769969403743744 -0.30851632356643677 0
      vertex 3.3056500032544136 2.5684999972581863 0
      vertex 3.254711225628853 -0.08861632645130157 0
    endloop
  endfacet
  facet normal 0 0 1
    outer loop
      vertex 3.3056500032544136 2.5684999972581863 0
      vertex 3.1910377517342567 0.3021918386220932 0
      vertex 3.2260581627488136 0.11495306342840195 0
    endloop
  endfacet
  facet normal 0 0 1
    outer loop
      vertex 3.3056500032544136 2.5684999972581863 0
      vertex 3.149650000035763 0.4730999991297722 0
      vertex 3.1910377517342567 0.3021918386220932 0
    endloop
  endfacet
  facet normal 0 0 1
    outer loop
      vertex 3.254711225628853 -0.08861632645130157 0
      vertex 3.3056500032544136 2.5684999972581863 0
      vertex 3.2260581627488136 0.11495306342840195 0
    endloop
  endfacet
  facet normal 0 0 1
    outer loop
      vertex 3.3056500032544136 2.5684999972581863 0
      vertex 3.026188775897026 0.7853040844202042 0
      vertex 3.096498981118202 0.6325224488973618 0
    endloop
  endfacet
  facet normal 0 0 1
    outer loop
      vertex 3.3056500032544136 2.5684999972581863 0
      vertex 3.096498981118202 0.6325224488973618 0
      vertex 3.149650000035763 0.4730999991297722 0
    endloop
  endfacet
  facet normal 0 0 1
    outer loop
      vertex 3.3056500032544136 2.5684999972581863 0
      vertex 2.9387193843722343 0.9314448982477188 0
      vertex 3.026188775897026 0.7853040844202042 0
    endloop
  endfacet
  facet normal 0 0 1
    outer loop
      vertex 4.590842207350258 -24.06603764285287 0
      vertex 4.590842207350252 24.066037642852873 0
      vertex 3.2991438806056976 2.855816327035427 0
    endloop
  endfacet
  facet normal 0 0 1
    outer loop
      vertex 1.5383677284681754 24.45165484649265 0
      vertex -0.22582551091909409 5.695379592478275 0
      vertex 0.037050001323223114 5.701399996876717 0
    endloop
  endfacet
  facet normal 0 0 1
    outer loop
      vertex 1.5383677284681754 24.45165484649265 0
      vertex 0.037050001323223114 5.701399996876717 0
      vertex 0.35797857493162155 5.693787753582001 0
    endloop
  endfacet
  facet normal 0 0 1
    outer loop
      vertex 1.5383677284681754 24.45165484649265 0
      vertex 0.35797857493162155 5.693787753582001 0
      vertex 0.6620214283466339 5.670951023697853 0
    endloop
  endfacet
  facet normal 0 0 1
    outer loop
      vertex 1.5383677284681754 24.45165484649265 0
      vertex 0.6620214283466339 5.670951023697853 0
      vertex 0.9491785690188408 5.6328897923231125 0
    endloop
  endfacet
  facet normal 0 0 1
    outer loop
      vertex 1.5383677284681754 24.45165484649265 0
      vertex 0.9491785690188408 5.6328897923231125 0
      vertex 1.2194499969482422 5.579604081809521 0
    endloop
  endfacet
  facet normal 0 0 1
    outer loop
      vertex 1.5383677284681754 24.45165484649265 0
      vertex 1.2194499969482422 5.579604081809521 0
      vertex 1.472835712134838 5.511093877255917 0
    endloop
  endfacet
  facet normal 0 0 1
    outer loop
      vertex 1.5383677284681754 24.45165484649265 0
      vertex 2.4853153079748154 4.952714286744595 0
      vertex 2.6364438757300377 4.802571430802345 0
    endloop
  endfacet
  facet normal 0 0 1
    outer loop
      vertex 1.5383677284681754 24.45165484649265 0
      vertex 1.472835712134838 5.511093877255917 0
      vertex 1.7093357145786285 5.427359186112881 0
    endloop
  endfacet
  facet normal 0 0 1
    outer loop
      vertex 1.5383677284681754 24.45165484649265 0
      vertex 1.7093357145786285 5.427359186112881 0
      vertex 1.928949996829033 5.3284000009298325 0
    endloop
  endfacet
  facet normal 0 0 1
    outer loop
      vertex 1.5383677284681754 24.45165484649265 0
      vertex 1.928949996829033 5.3284000009298325 0
      vertex 2.1315683647990227 5.215628571808338 0
    endloop
  endfacet
  facet normal 0 0 1
    outer loop
      vertex 1.5383677284681754 24.45165484649265 0
      vertex 2.1315683647990227 5.215628571808338 0
      vertex 2.3170234709978104 5.090400002896786 0
    endloop
  endfacet
  facet normal 0 0 1
    outer loop
      vertex 1.5383677284681754 24.45165484649265 0
      vertex 2.3170234709978104 5.090400002896786 0
      vertex 2.4853153079748154 4.952714286744595 0
    endloop
  endfacet
  facet normal 0 0 1
    outer loop
      vertex 1.5383677284681754 24.45165484649265 0
      vertex 2.770409181714058 4.639971427619457 0
      vertex 2.887211225926876 4.464914284646511 0
    endloop
  endfacet
  facet normal 0 0 1
    outer loop
      vertex 1.5383677284681754 24.45165484649265 0
      vertex 2.6364438757300377 4.802571430802345 0
      vertex 2.770409181714058 4.639971427619457 0
    endloop
  endfacet
  facet normal 0 0 1
    outer loop
      vertex 4.590842207350252 24.066037642852873 0
      vertex 3.2796255126595497 3.128736734390259 0
      vertex 3.2991438806056976 2.855816327035427 0
    endloop
  endfacet
  facet normal 0 0 1
    outer loop
      vertex 4.590842207350252 24.066037642852873 0
      vertex 3.24709489941597 3.387261226773262 0
      vertex 3.2796255126595497 3.128736734390259 0
    endloop
  endfacet
  facet normal 0 0 1
    outer loop
      vertex 4.590842207350252 24.066037642852873 0
      vertex 3.071429595351219 4.076459184288979 0
      vertex 3.1429969370365143 3.861122451722622 0
    endloop
  endfacet
  facet normal 0 0 1
    outer loop
      vertex 4.590842207350252 24.066037642852873 0
      vertex 3.201552040874958 3.631389796733856 0
      vertex 3.24709489941597 3.387261226773262 0
    endloop
  endfacet
  facet normal 0 0 1
    outer loop
      vertex 4.590842207350252 24.066037642852873 0
      vertex 3.1429969370365143 3.861122451722622 0
      vertex 3.201552040874958 3.631389796733856 0
    endloop
  endfacet
  facet normal 0 0 1
    outer loop
      vertex 4.590842207350252 24.066037642852873 0
      vertex 2.9868500009179115 4.277400001883507 0
      vertex 3.071429595351219 4.076459184288979 0
    endloop
  endfacet
  facet normal 0 0 1
    outer loop
      vertex 4.590842207350252 24.066037642852873 0
      vertex 2.887211225926876 4.464914284646511 0
      vertex 2.9868500009179115 4.277400001883507 0
    endloop
  endfacet
  facet normal 0 0 1
    outer loop
      vertex 7.570916362186211 -23.30088464923126 0
      vertex 7.570916362186211 23.30088464923126 0
      vertex 4.590842207350252 24.066037642852873 0
    endloop
  endfacet
  facet normal 0 0 1
    outer loop
      vertex 10.431592643344274 -22.16826278541748 0
      vertex 10.431592643344281 22.168262785417475 0
      vertex 7.570916362186211 23.30088464923126 0
    endloop
  endfacet
  facet normal 0 0 1
    outer loop
      vertex 13.127756476985407 -20.686034174799374 0
      vertex 13.127756476985418 20.68603417479937 0
      vertex 10.431592643344281 22.168262785417475 0
    endloop
  endfacet
  facet normal 0 1 0
    outer loop
      vertex -1.5383677284681754 24.45165484649265 0
      vertex 1.5383677284681754 24.45165484649265 0
      vertex 1.5383677284681754 24.45165484649265 -5
    endloop
  endfacet
  facet normal 0.12533323356430362 0.992114701314478 0
    outer loop
      vertex 4.590842207350252 24.066037642852873 -5
      vertex 1.5383677284681754 24.45165484649265 0
      vertex 4.590842207350252 24.066037642852873 0
    endloop
  endfacet
  facet normal 0.24868988716485535 0.9685831611286311 0
    outer loop
      vertex 7.570916362186211 23.30088464923126 -5
      vertex 4.590842207350252 24.066037642852873 0
      vertex 7.570916362186211 23.30088464923126 0
    endloop
  endfacet
  facet normal 0.4817536741017142 0.8763066800438641 0
    outer loop
      vertex 13.127756476985418 20.68603417479937 -5
      vertex 10.431592643344281 22.168262785417475 0
      vertex 13.127756476985418 20.68603417479937 0
    endloop
  endfacet
  facet normal 0.36812455268467803 0.9297764858882513 0
    outer loop
      vertex 10.431592643344281 22.168262785417475 -5
      vertex 7.570916362186211 23.30088464923126 0
      vertex 10.431592643344281 22.168262785417475 0
    endloop
  endfacet
  facet normal 0 0 1
    outer loop
      vertex 1.5383677284681754 24.45165484649265 0
      vertex 2.887211225926876 4.464914284646511 0
      vertex 4.590842207350252 24.066037642852873 0
    endloop
  endfacet
  facet normal 0.9980267284282716 0.06279051952931336 0
    outer loop
      vertex 24.306810182204707 3.0706642223254543 -5
      vertex 24.306810182204707 3.0706642223254543 0
      vertex 24.5 0 0
    endloop
  endfacet
  facet normal 0.9822872507286888 0.18738131458572443 0
    outer loop
      vertex 23.730287447651463 6.092902235538943 -5
      vertex 23.730287447651463 6.092902235538943 0
      vertex 24.306810182204707 3.0706642223254543 0
    endloop
  endfacet
  facet normal 0.9510565162951535 0.3090169943749476 0
    outer loop
      vertex 22.77952390426216 9.01905154077461 -5
      vertex 22.77952390426216 9.01905154077461 0
      vertex 23.730287447651463 6.092902235538943 0
    endloop
  endfacet
  facet normal 0.9048270524660195 0.42577929156507266 0
    outer loop
      vertex 21.469513661074657 11.802965015492026 -5
      vertex 21.469513661074657 11.802965015492026 0
      vertex 22.77952390426216 9.01905154077461 0
    endloop
  endfacet
  facet normal 0 0 1
    outer loop
      vertex 15.616887748842904 -18.877574448006833 0
      vertex 15.616887748842899 18.877574448006833 0
      vertex 13.127756476985418 20.68603417479937 0
    endloop
  endfacet
  facet normal 0 0 1
    outer loop
      vertex 17.859731371824587 -16.77140409525287 0
      vertex 17.859731371824584 16.771404095252873 0
      vertex 15.616887748842899 18.877574448006833 0
    endloop
  endfacet
  facet normal 0 0 1
    outer loop
      vertex 19.820916362186214 -14.400738681165592 0
      vertex 19.820916362186214 14.400738681165592 0
      vertex 17.859731371824584 16.771404095252873 0
    endloop
  endfacet
  facet normal 0 0 1
    outer loop
      vertex 21.469513661074654 -11.802965015492028 0
      vertex 21.469513661074657 11.802965015492026 0
      vertex 19.820916362186214 14.400738681165592 0
    endloop
  endfacet
  facet normal 0 0 1
    outer loop
      vertex 24.306810182204707 -3.0706642223254494 0
      vertex 24.5 0 0
      vertex 24.306810182204707 3.0706642223254543 0
    endloop
  endfacet
  facet normal 0 0 1
    outer loop
      vertex 23.730287447651463 -6.092902235538934 0
      vertex 23.730287447651463 6.092902235538943 0
      vertex 22.77952390426216 9.01905154077461 0
    endloop
  endfacet
  facet normal 0 0 1
    outer loop
      vertex 24.306810182204707 -3.0706642223254494 0
      vertex 24.306810182204707 3.0706642223254543 0
      vertex 23.730287447651463 6.092902235538943 0
    endloop
  endfacet
  facet normal 0 0 1
    outer loop
      vertex 22.779523904262156 -9.019051540774619 0
      vertex 22.77952390426216 9.01905154077461 0
      vertex 21.469513661074657 11.802965015492026 0
    endloop
  endfacet
  facet normal 0.6845471059286881 0.7289686274214122 0
    outer loop
      vertex 17.859731371824584 16.771404095252873 -5
      vertex 15.616887748842899 18.877574448006833 0
      vertex 17.859731371824584 16.771404095252873 0
    endloop
  endfacet
  facet normal 0.5877852522924741 0.8090169943749467 0
    outer loop
      vertex 15.616887748842899 18.877574448006833 -5
      vertex 13.127756476985418 20.68603417479937 0
      vertex 15.616887748842899 18.877574448006833 0
    endloop
  endfacet
  facet normal 0.8443279255020153 0.5358267949789962 0
    outer loop
      vertex 19.820916362186214 14.400738681165592 -5
      vertex 19.820916362186214 14.400738681165592 0
      vertex 21.469513661074657 11.802965015492026 0
    endloop
  endfacet
  facet normal 0.7705132427757891 0.6374239897486899 0
    outer loop
      vertex 17.859731371824584 16.771404095252873 -5
      vertex 17.859731371824584 16.771404095252873 0
      vertex 19.820916362186214 14.400738681165592 0
    endloop
  endfacet
endsolid OpenSCAD_Model
