solid OpenSCAD_Model
  facet normal -0.8443279255020152 -0.5358267949789964 0
    outer loop
      vertex -5.663118960624632 -4.114496766047312 -3.9000000000000004
      vertex -6.134146760307044 -3.372275718712008 3
      vertex -6.134146760307044 -3.372275718712008 -3.9000000000000004
    endloop
  endfacet
  facet normal -0.7705132427757893 -0.6374239897486897 0
    outer loop
      vertex -5.663118960624632 -4.114496766047312 -3.9000000000000004
      vertex -5.1027803919498815 -4.79182974150082 -3.9000000000000004
      vertex -5.663118960624632 -4.114496766047312 3
    endloop
  endfacet
  facet normal -0.5877852522924721 -0.8090169943749482 0
    outer loop
      vertex -4.461967928240828 -5.393592699430526 -3.9000000000000004
      vertex -3.7507875648529776 -5.910295478514104 -3.9000000000000004
      vertex -3.7507875648529776 -5.910295478514104 3
    endloop
  endfacet
  facet normal -0.6845471059286894 -0.7289686274214109 0
    outer loop
      vertex -4.461967928240828 -5.393592699430526 -3.9000000000000004
      vertex -4.461967928240828 -5.393592699430526 3
      vertex -5.1027803919498815 -4.79182974150082 -3.9000000000000004
    endloop
  endfacet
  facet normal 0 0 -1
    outer loop
      vertex -6.50843540121776 -2.576871868792745 -3.9000000000000004
      vertex -6.7800821279004175 -1.740829210153984 -3.9000000000000004
      vertex -6.50843540121776 2.576871868792745 -3.9000000000000004
    endloop
  endfacet
  facet normal 0 0 -1
    outer loop
      vertex -6.7800821279004175 -1.740829210153984 -3.9000000000000004
      vertex -6.9448029092013455 -0.8773326349501285 -3.9000000000000004
      vertex -6.7800821279004175 1.740829210153984 -3.9000000000000004
    endloop
  endfacet
  facet normal 0 0 -1
    outer loop
      vertex -6.134146760307044 -3.372275718712008 -3.9000000000000004
      vertex -6.50843540121776 -2.576871868792745 -3.9000000000000004
      vertex -6.134146760307044 3.372275718712008 -3.9000000000000004
    endloop
  endfacet
  facet normal 0 0 -1
    outer loop
      vertex -5.663118960624632 -4.114496766047312 -3.9000000000000004
      vertex -6.134146760307044 -3.372275718712008 -3.9000000000000004
      vertex -5.663118960624632 4.114496766047312 -3.9000000000000004
    endloop
  endfacet
  facet normal 0 0 -1
    outer loop
      vertex -5.663118960624632 -4.114496766047312 -3.9000000000000004
      vertex -5.1027803919498815 4.79182974150082 -3.9000000000000004
      vertex -5.1027803919498815 -4.79182974150082 -3.9000000000000004
    endloop
  endfacet
  facet normal 0 0 -1
    outer loop
      vertex -4.461967928240828 -5.393592699430526 -3.9000000000000004
      vertex -3.7507875648529776 5.910295478514104 -3.9000000000000004
      vertex -3.7507875648529776 -5.910295478514104 -3.9000000000000004
    endloop
  endfacet
  facet normal 0 0 -1
    outer loop
      vertex -4.461967928240828 -5.393592699430526 -3.9000000000000004
      vertex -5.1027803919498815 -4.79182974150082 -3.9000000000000004
      vertex -4.461967928240828 5.393592699430526 -3.9000000000000004
    endloop
  endfacet
  facet normal -0.9048270524660195 -0.4257792915650727 0
    outer loop
      vertex -6.134146760307044 -3.372275718712008 -3.9000000000000004
      vertex -6.50843540121776 -2.576871868792745 3
      vertex -6.50843540121776 -2.576871868792745 -3.9000000000000004
    endloop
  endfacet
  facet normal -0.9510565162951535 -0.3090169943749474 0
    outer loop
      vertex -6.50843540121776 -2.576871868792745 -3.9000000000000004
      vertex -6.7800821279004175 -1.740829210153984 3
      vertex -6.7800821279004175 -1.740829210153984 -3.9000000000000004
    endloop
  endfacet
  facet normal -0.9822872507286885 -0.18738131458572532 0
    outer loop
      vertex -6.7800821279004175 -1.740829210153984 -3.9000000000000004
      vertex -6.9448029092013455 -0.8773326349501285 3
      vertex -6.9448029092013455 -0.8773326349501285 -3.9000000000000004
    endloop
  endfacet
  facet normal -0.9980267284282716 -0.06279051952931272 0
    outer loop
      vertex -6.9448029092013455 -0.8773326349501285 -3.9000000000000004
      vertex -7 0 3
      vertex -7 0 -3.9000000000000004
    endloop
  endfacet
  facet normal 0 0 -1
    outer loop
      vertex -2.980455040955507 -6.333789367262137 -3.9000000000000004
      vertex -2.0957848038365587 -1.9680729295449795 -3.9000000000000004
      vertex -2.1631189606246317 -6.657395614066075 -3.9000000000000004
    endloop
  endfacet
  facet normal 0 0 -1
    outer loop
      vertex -2.1631189606246317 -6.657395614066075 -3.9000000000000004
      vertex -2.0957848038365587 -1.9680729295449795 -3.9000000000000004
      vertex -1.8325939705274827 -2.2152255729803945 -3.9000000000000004
    endloop
  endfacet
  facet normal 0 0 -1
    outer loop
      vertex -2.1631189606246317 -6.657395614066075 -3.9000000000000004
      vertex -1.8325939705274827 -2.2152255729803945 -3.9000000000000004
      vertex -1.5405020355646157 -2.427442785818293 -3.9000000000000004
    endloop
  endfacet
  facet normal 0 0 -1
    outer loop
      vertex -2.1631189606246317 -6.657395614066075 -3.9000000000000004
      vertex -1.2241154632495832 -2.6013777758398064 -3.9000000000000004
      vertex -1.3116692021000738 -6.87601075510082 -3.9000000000000004
    endloop
  endfacet
  facet normal 0 0 -1
    outer loop
      vertex -1.3116692021000738 -6.87601075510082 -3.9000000000000004
      vertex -0.18052274364677706 -2.869326844231281 -3.9000000000000004
      vertex -0.43953363670519635 -6.986187098997901 -3.9000000000000004
    endloop
  endfacet
  facet normal 0 0 -1
    outer loop
      vertex -0.43953363670519635 -6.986187098997901 -3.9000000000000004
      vertex -0.18052274364677706 -2.869326844231281 -3.9000000000000004
      vertex 0.43953363670519635 -6.986187098997901 -3.9000000000000004
    endloop
  endfacet
  facet normal 0 0 -1
    outer loop
      vertex -2.1631189606246317 -6.657395614066075 -3.9000000000000004
      vertex -1.5405020355646157 -2.427442785818293 -3.9000000000000004
      vertex -1.2241154632495832 -2.6013777758398064 -3.9000000000000004
    endloop
  endfacet
  facet normal 1.3122665236915325e-15 -2.6878059724648464e-17 -1
    outer loop
      vertex -1.3116692021000738 -6.87601075510082 -3.9000000000000004
      vertex -1.2241154632495832 -2.6013777758398064 -3.9000000000000004
      vertex -0.8884238588279738 -2.7342874843485663 -3.9
    endloop
  endfacet
  facet normal -1.2106110534745875e-15 2.3093640936884473e-16 -1
    outer loop
      vertex -1.3116692021000738 -6.87601075510082 -3.9000000000000004
      vertex -0.8884238588279738 -2.7342874843485663 -3.9
      vertex -0.5387212794339589 -2.82407584584498 -3.9000000000000004
    endloop
  endfacet
  facet normal 0 0 -1
    outer loop
      vertex -1.3116692021000738 -6.87601075510082 -3.9000000000000004
      vertex -0.5387212794339589 -2.82407584584498 -3.9000000000000004
      vertex -0.18052274364677706 -2.869326844231281 -3.9000000000000004
    endloop
  endfacet
  facet normal -0.4817536741017148 -0.8763066800438638 0
    outer loop
      vertex -3.7507875648529776 -5.910295478514104 -3.9000000000000004
      vertex -2.980455040955507 -6.333789367262137 -3.9000000000000004
      vertex -2.980455040955507 -6.333789367262137 3
    endloop
  endfacet
  facet normal -0.3681245526846781 -0.9297764858882513 0
    outer loop
      vertex -2.980455040955507 -6.333789367262137 -3.9000000000000004
      vertex -2.1631189606246317 -6.657395614066075 -3.9000000000000004
      vertex -2.1631189606246317 -6.657395614066075 3
    endloop
  endfacet
  facet normal -0.24868988716485493 -0.9685831611286312 0
    outer loop
      vertex -2.1631189606246317 -6.657395614066075 -3.9000000000000004
      vertex -1.3116692021000738 -6.87601075510082 -3.9000000000000004
      vertex -1.3116692021000738 -6.87601075510082 3
    endloop
  endfacet
  facet normal -0.12533323356430498 -0.9921147013144778 0
    outer loop
      vertex -1.3116692021000738 -6.87601075510082 -3.9000000000000004
      vertex -0.43953363670519635 -6.986187098997901 -3.9000000000000004
      vertex -0.43953363670519635 -6.986187098997901 3
    endloop
  endfacet
  facet normal 2.570580313306414e-15 -1.4976250497796269e-16 -1
    outer loop
      vertex -2.980455040955507 -6.333789367262137 -3.9000000000000004
      vertex -2.673107396928723 -1.058358088968449 -3.9000000000000004
      vertex -2.5193817051261074 -1.3850418130424318 -3.9
    endloop
  endfacet
  facet normal -3.3751980931434005e-15 1.9663969206074968e-16 -1
    outer loop
      vertex -2.980455040955507 -6.333789367262137 -3.9000000000000004
      vertex -2.7846765882448143 -0.7149834255989577 -3.9
      vertex -2.673107396928723 -1.058358088968449 -3.9000000000000004
    endloop
  endfacet
  facet normal 0 0 -1
    outer loop
      vertex -3.7507875648529776 -5.910295478514104 -3.9000000000000004
      vertex -2.980455040955509 6.333789367262137 -3.9000000000000004
      vertex -2.980455040955507 -6.333789367262137 -3.9000000000000004
    endloop
  endfacet
  facet normal 3.503322409086789e-16 6.682944911942315e-17 -1
    outer loop
      vertex -2.980455040955507 -6.333789367262137 -3.9000000000000004
      vertex -2.852329766279124 -0.3603330464973742 -3.9
      vertex -2.7846765882448143 -0.7149834255989577 -3.9
    endloop
  endfacet
  facet normal 8.812285377804144e-16 5.54422002288751e-17 -1
    outer loop
      vertex -2.980455040955507 -6.333789367262137 -3.9000000000000004
      vertex -2.875 0 -3.9
      vertex -2.852329766279124 -0.3603330464973742 -3.9
    endloop
  endfacet
  facet normal 0 0 -1
    outer loop
      vertex -2.980455040955507 -6.333789367262137 -3.9000000000000004
      vertex -2.325923858827974 -1.6898826003408602 -3.9000000000000004
      vertex -2.0957848038365587 -1.9680729295449795 -3.9000000000000004
    endloop
  endfacet
  facet normal -1.8783644120692453e-15 2.647443501354026e-16 -1
    outer loop
      vertex -2.980455040955507 -6.333789367262137 -3.9000000000000004
      vertex -2.5193817051261074 -1.3850418130424318 -3.9
      vertex -2.325923858827974 -1.6898826003408602 -3.9000000000000004
    endloop
  endfacet
  facet normal -0.7705132427757893 -0.6374239897486897 0
    outer loop
      vertex -5.1027803919498815 -4.79182974150082 -3.9000000000000004
      vertex -5.1027803919498815 -4.79182974150082 3
      vertex -5.663118960624632 -4.114496766047312 3
    endloop
  endfacet
  facet normal -0.8443279255020152 -0.5358267949789964 0
    outer loop
      vertex -5.663118960624632 -4.114496766047312 -3.9000000000000004
      vertex -5.663118960624632 -4.114496766047312 3
      vertex -6.134146760307044 -3.372275718712008 3
    endloop
  endfacet
  facet normal -0.5877852522924721 -0.8090169943749482 0
    outer loop
      vertex -4.461967928240828 -5.393592699430526 -3.9000000000000004
      vertex -3.7507875648529776 -5.910295478514104 3
      vertex -4.461967928240828 -5.393592699430526 3
    endloop
  endfacet
  facet normal -0.6845471059286894 -0.7289686274214109 0
    outer loop
      vertex -5.1027803919498815 -4.79182974150082 -3.9000000000000004
      vertex -4.461967928240828 -5.393592699430526 3
      vertex -5.1027803919498815 -4.79182974150082 3
    endloop
  endfacet
  facet normal 0 0 1
    outer loop
      vertex -4.461967928240828 -5.393592699430526 3
      vertex -4.842915805643155 -1.2434494358242743 3
      vertex -5.1027803919498815 -4.79182974150082 3
    endloop
  endfacet
  facet normal 0 0 1
    outer loop
      vertex -4.461967928240828 -5.393592699430526 3
      vertex -3.7507875648529776 -5.910295478514104 3
      vertex -4.045084971874737 -2.938926261462366 3
    endloop
  endfacet
  facet normal 0 0 1
    outer loop
      vertex -3.7507875648529776 -5.910295478514104 3
      vertex -3.1871199487434483 -3.852566213878947 3
      vertex -3.6448431371070584 -3.4227355296434423 3
    endloop
  endfacet
  facet normal 0 0 1
    outer loop
      vertex -4.461967928240828 -5.393592699430526 3
      vertex -4.045084971874737 -2.938926261462366 3
      vertex -4.381533400219317 -2.408768370508577 3
    endloop
  endfacet
  facet normal 0 0 1
    outer loop
      vertex -3.7507875648529776 -5.910295478514104 3
      vertex -3.6448431371070584 -3.4227355296434423 3
      vertex -4.045084971874737 -2.938926261462366 3
    endloop
  endfacet
  facet normal -0.9048270524660195 -0.4257792915650727 0
    outer loop
      vertex -6.134146760307044 -3.372275718712008 -3.9000000000000004
      vertex -6.134146760307044 -3.372275718712008 3
      vertex -6.50843540121776 -2.576871868792745 3
    endloop
  endfacet
  facet normal -0.9510565162951535 -0.3090169943749474 0
    outer loop
      vertex -6.50843540121776 -2.576871868792745 -3.9000000000000004
      vertex -6.50843540121776 -2.576871868792745 3
      vertex -6.7800821279004175 -1.740829210153984 3
    endloop
  endfacet
  facet normal -0.9822872507286885 -0.18738131458572532 0
    outer loop
      vertex -6.7800821279004175 -1.740829210153984 -3.9000000000000004
      vertex -6.7800821279004175 -1.740829210153984 3
      vertex -6.9448029092013455 -0.8773326349501285 3
    endloop
  endfacet
  facet normal -0.9980267284282716 -0.06279051952931272 0
    outer loop
      vertex -6.9448029092013455 -0.8773326349501285 -3.9000000000000004
      vertex -6.9448029092013455 -0.8773326349501285 3
      vertex -7 0 3
    endloop
  endfacet
  facet normal 0 0 1
    outer loop
      vertex -6.134146760307044 -3.372275718712008 3
      vertex -6.50843540121776 2.576871868792745 3
      vertex -6.50843540121776 -2.576871868792745 3
    endloop
  endfacet
  facet normal 0 0 1
    outer loop
      vertex -6.7800821279004175 -1.740829210153984 3
      vertex -6.9448029092013455 0.8773326349501285 3
      vertex -6.9448029092013455 -0.8773326349501285 3
    endloop
  endfacet
  facet normal 0 0 1
    outer loop
      vertex -6.50843540121776 -2.576871868792745 3
      vertex -6.7800821279004175 1.740829210153984 3
      vertex -6.7800821279004175 -1.740829210153984 3
    endloop
  endfacet
  facet normal 0 0 1
    outer loop
      vertex -5.663118960624632 -4.114496766047312 3
      vertex -6.134146760307044 3.372275718712008 3
      vertex -6.134146760307044 -3.372275718712008 3
    endloop
  endfacet
  facet normal 0 0 1
    outer loop
      vertex -5.663118960624632 -4.114496766047312 3
      vertex -5.1027803919498815 -4.79182974150082 3
      vertex -5.663118960624632 4.114496766047312 3
    endloop
  endfacet
  facet normal 0 0 1
    outer loop
      vertex -4.461967928240828 -5.393592699430526 3
      vertex -4.381533400219317 -2.408768370508577 3
      vertex -4.648882429441257 -1.8406227634233894 3
    endloop
  endfacet
  facet normal 0 0 1
    outer loop
      vertex -4.461967928240828 -5.393592699430526 3
      vertex -4.648882429441257 -1.8406227634233894 3
      vertex -4.842915805643155 -1.2434494358242743 3
    endloop
  endfacet
  facet normal 0 0 1
    outer loop
      vertex -5.1027803919498815 -4.79182974150082 3
      vertex -4.842915805643155 -1.2434494358242743 3
      vertex -4.9605735065723895 -0.6266661678215203 3
    endloop
  endfacet
  facet normal 0 0 1
    outer loop
      vertex -5.1027803919498815 -4.79182974150082 3
      vertex -4.9605735065723895 -0.6266661678215203 3
      vertex -5 0 3
    endloop
  endfacet
  facet normal -0.3681245526846781 -0.9297764858882513 0
    outer loop
      vertex -2.980455040955507 -6.333789367262137 -3.9000000000000004
      vertex -2.1631189606246317 -6.657395614066075 3
      vertex -2.980455040955507 -6.333789367262137 3
    endloop
  endfacet
  facet normal -0.4817536741017148 -0.8763066800438638 0
    outer loop
      vertex -3.7507875648529776 -5.910295478514104 -3.9000000000000004
      vertex -2.980455040955507 -6.333789367262137 3
      vertex -3.7507875648529776 -5.910295478514104 3
    endloop
  endfacet
  facet normal -0.24868988716485493 -0.9685831611286312 0
    outer loop
      vertex -2.1631189606246317 -6.657395614066075 -3.9000000000000004
      vertex -1.3116692021000738 -6.87601075510082 3
      vertex -2.1631189606246317 -6.657395614066075 3
    endloop
  endfacet
  facet normal -0.12533323356430498 -0.9921147013144778 0
    outer loop
      vertex -1.3116692021000738 -6.87601075510082 -3.9000000000000004
      vertex -0.43953363670519635 -6.986187098997901 3
      vertex -1.3116692021000738 -6.87601075510082 3
    endloop
  endfacet
  facet normal 0 -1 0
    outer loop
      vertex -0.43953363670519635 -6.986187098997901 -3.9000000000000004
      vertex 0.43953363670519635 -6.986187098997901 3
      vertex -0.43953363670519635 -6.986187098997901 3
    endloop
  endfacet
  facet normal 0 0 1
    outer loop
      vertex -3.7507875648529776 -5.910295478514104 3
      vertex -2.980455040955507 -6.333789367262137 3
      vertex -3.1871199487434483 -3.852566213878947 3
    endloop
  endfacet
  facet normal 0 0 1
    outer loop
      vertex -2.980455040955507 -6.333789367262137 3
      vertex -2.1631189606246317 -6.657395614066075 3
      vertex -2.6791339748949836 -4.221639627510075 3
    endloop
  endfacet
  facet normal 0 0 1
    outer loop
      vertex -2.1631189606246317 -6.657395614066075 3
      vertex -1.545084971874737 -4.755282581475767 3
      vertex -2.128896457825362 -4.524135262330098 3
    endloop
  endfacet
  facet normal 0 0 1
    outer loop
      vertex -2.980455040955507 -6.333789367262137 3
      vertex -2.6791339748949836 -4.221639627510075 3
      vertex -3.1871199487434483 -3.852566213878947 3
    endloop
  endfacet
  facet normal 0 0 1
    outer loop
      vertex -2.1631189606246317 -6.657395614066075 3
      vertex -2.128896457825362 -4.524135262330098 3
      vertex -2.6791339748949836 -4.221639627510075 3
    endloop
  endfacet
  facet normal 0 0 1
    outer loop
      vertex -1.3116692021000738 -6.87601075510082 3
      vertex -0.43953363670519635 -6.986187098997901 3
      vertex -0.9369065729286241 -4.911436253643443 3
    endloop
  endfacet
  facet normal 0 0 1
    outer loop
      vertex -2.1631189606246317 -6.657395614066075 3
      vertex -1.3116692021000738 -6.87601075510082 3
      vertex -1.545084971874737 -4.755282581475767 3
    endloop
  endfacet
  facet normal 0 0 1
    outer loop
      vertex -1.3116692021000738 -6.87601075510082 3
      vertex -0.9369065729286241 -4.911436253643443 3
      vertex -1.545084971874737 -4.755282581475767 3
    endloop
  endfacet
  facet normal 0 0 1
    outer loop
      vertex -0.43953363670519635 -6.986187098997901 3
      vertex 0.43953363670519635 -6.986187098997901 3
      vertex -0.3139525976465688 -4.990133642141358 3
    endloop
  endfacet
  facet normal 0 0 1
    outer loop
      vertex -0.43953363670519635 -6.986187098997901 3
      vertex -0.3139525976465688 -4.990133642141358 3
      vertex -0.9369065729286241 -4.911436253643443 3
    endloop
  endfacet
  facet normal 0 0 -1
    outer loop
      vertex -6.9448029092013455 -0.8773326349501285 -3.9000000000000004
      vertex -7 0 -3.9000000000000004
      vertex -6.9448029092013455 0.8773326349501285 -3.9000000000000004
    endloop
  endfacet
  facet normal 0 0 -1
    outer loop
      vertex -6.9448029092013455 -0.8773326349501285 -3.9000000000000004
      vertex -6.9448029092013455 0.8773326349501285 -3.9000000000000004
      vertex -6.7800821279004175 1.740829210153984 -3.9000000000000004
    endloop
  endfacet
  facet normal 0 0 -1
    outer loop
      vertex -6.7800821279004175 -1.740829210153984 -3.9000000000000004
      vertex -6.7800821279004175 1.740829210153984 -3.9000000000000004
      vertex -6.50843540121776 2.576871868792745 -3.9000000000000004
    endloop
  endfacet
  facet normal 0 0 -1
    outer loop
      vertex -6.50843540121776 -2.576871868792745 -3.9000000000000004
      vertex -6.50843540121776 2.576871868792745 -3.9000000000000004
      vertex -6.134146760307044 3.372275718712008 -3.9000000000000004
    endloop
  endfacet
  facet normal 0 0 -1
    outer loop
      vertex -6.134146760307044 -3.372275718712008 -3.9000000000000004
      vertex -6.134146760307044 3.372275718712008 -3.9000000000000004
      vertex -5.663118960624632 4.114496766047312 -3.9000000000000004
    endloop
  endfacet
  facet normal 0 0 -1
    outer loop
      vertex -5.663118960624632 -4.114496766047312 -3.9000000000000004
      vertex -5.663118960624632 4.114496766047312 -3.9000000000000004
      vertex -5.1027803919498815 4.79182974150082 -3.9000000000000004
    endloop
  endfacet
  facet normal 0 0 -1
    outer loop
      vertex -5.1027803919498815 -4.79182974150082 -3.9000000000000004
      vertex -5.1027803919498815 4.79182974150082 -3.9000000000000004
      vertex -4.461967928240828 5.393592699430526 -3.9000000000000004
    endloop
  endfacet
  facet normal 0 0 -1
    outer loop
      vertex -4.461967928240828 -5.393592699430526 -3.9000000000000004
      vertex -4.461967928240828 5.393592699430526 -3.9000000000000004
      vertex -3.7507875648529776 5.910295478514104 -3.9000000000000004
    endloop
  endfacet
  facet normal -0.9980267284282716 0.06279051952931272 0
    outer loop
      vertex -7 0 -3.9000000000000004
      vertex -6.9448029092013455 0.8773326349501285 3
      vertex -6.9448029092013455 0.8773326349501285 -3.9000000000000004
    endloop
  endfacet
  facet normal -0.9822872507286885 0.18738131458572532 0
    outer loop
      vertex -6.9448029092013455 0.8773326349501285 -3.9000000000000004
      vertex -6.7800821279004175 1.740829210153984 3
      vertex -6.7800821279004175 1.740829210153984 -3.9000000000000004
    endloop
  endfacet
  facet normal -0.9510565162951535 0.3090169943749474 0
    outer loop
      vertex -6.7800821279004175 1.740829210153984 -3.9000000000000004
      vertex -6.50843540121776 2.576871868792745 3
      vertex -6.50843540121776 2.576871868792745 -3.9000000000000004
    endloop
  endfacet
  facet normal -0.9048270524660195 0.4257792915650727 0
    outer loop
      vertex -6.50843540121776 2.576871868792745 -3.9000000000000004
      vertex -6.134146760307044 3.372275718712008 3
      vertex -6.134146760307044 3.372275718712008 -3.9000000000000004
    endloop
  endfacet
  facet normal -0.8443279255020152 0.5358267949789964 0
    outer loop
      vertex -6.134146760307044 3.372275718712008 -3.9000000000000004
      vertex -5.663118960624632 4.114496766047312 3
      vertex -5.663118960624632 4.114496766047312 -3.9000000000000004
    endloop
  endfacet
  facet normal -0.7705132427757893 0.6374239897486897 0
    outer loop
      vertex -5.663118960624632 4.114496766047312 -3.9000000000000004
      vertex -5.1027803919498815 4.79182974150082 3
      vertex -5.1027803919498815 4.79182974150082 -3.9000000000000004
    endloop
  endfacet
  facet normal -0.6845471059286894 0.7289686274214109 0
    outer loop
      vertex -5.1027803919498815 4.79182974150082 -3.9000000000000004
      vertex -5.1027803919498815 4.79182974150082 3
      vertex -4.461967928240828 5.393592699430526 -3.9000000000000004
    endloop
  endfacet
  facet normal -0.5877852522924721 0.8090169943749482 0
    outer loop
      vertex -4.461967928240828 5.393592699430526 -3.9000000000000004
      vertex -4.461967928240828 5.393592699430526 3
      vertex -3.7507875648529776 5.910295478514104 -3.9000000000000004
    endloop
  endfacet
  facet normal 4.211170995964301e-15 5.905266158068273e-31 -1
    outer loop
      vertex -2.980455040955507 -6.333789367262137 -3.9000000000000004
      vertex -2.980455040955509 6.333789367262137 -3.9000000000000004
      vertex -2.875 0 -3.9
    endloop
  endfacet
  facet normal 0 0 -1
    outer loop
      vertex -3.7507875648529776 -5.910295478514104 -3.9000000000000004
      vertex -3.7507875648529776 5.910295478514104 -3.9000000000000004
      vertex -2.980455040955509 6.333789367262137 -3.9000000000000004
    endloop
  endfacet
  facet normal 8.8122853778041115e-16 -5.5442200228874894e-17 -1
    outer loop
      vertex -2.980455040955509 6.333789367262137 -3.9000000000000004
      vertex -2.852329766279124 0.3603330464973742 -3.9
      vertex -2.875 0 -3.9
    endloop
  endfacet
  facet normal 3.5033224090867843e-16 -6.682944911942305e-17 -1
    outer loop
      vertex -2.980455040955509 6.333789367262137 -3.9000000000000004
      vertex -2.7846765882448143 0.7149834255989577 -3.9
      vertex -2.852329766279124 0.3603330464973742 -3.9
    endloop
  endfacet
  facet normal 2.1968962306591172e-16 -7.138148559209761e-17 -1
    outer loop
      vertex -2.980455040955509 6.333789367262137 -3.9000000000000004
      vertex -2.673107396928723 1.058358088968449 -3.9
      vertex -2.7846765882448143 0.7149834255989577 -3.9
    endloop
  endfacet
  facet normal 1.5918447336002894e-16 -7.490652728681302e-17 -1
    outer loop
      vertex -2.980455040955509 6.333789367262137 -3.9000000000000004
      vertex -2.5193817051261074 1.3850418130424318 -3.9
      vertex -2.673107396928723 1.058358088968449 -3.9
    endloop
  endfacet
  facet normal 1.485409789615594e-16 -9.426697172510465e-17 -1
    outer loop
      vertex -2.1631189606246317 6.657395614066075 -3.9000000000000004
      vertex -2.325923858827974 1.6898826003408602 -3.9
      vertex -2.5193817051261074 1.3850418130424318 -3.9
    endloop
  endfacet
  facet normal 1.125222448221694e-16 -9.308649643922731e-17 -1
    outer loop
      vertex -2.1631189606246317 6.657395614066075 -3.9000000000000004
      vertex -2.0957848038365587 1.9680729295449795 -3.9
      vertex -2.325923858827974 1.6898826003408602 -3.9
    endloop
  endfacet
  facet normal 8.774809407118853e-17 -9.344222938046085e-17 -1
    outer loop
      vertex -2.1631189606246317 6.657395614066075 -3.9000000000000004
      vertex -1.8325939705274827 2.2152255729803945 -3.9
      vertex -2.0957848038365587 1.9680729295449795 -3.9
    endloop
  endfacet
  facet normal 3.426565920446835e-17 -8.654517599934349e-17 -1
    outer loop
      vertex -2.980455040955509 6.333789367262137 -3.9000000000000004
      vertex -2.1631189606246317 6.657395614066075 -3.9000000000000004
      vertex -2.5193817051261074 1.3850418130424318 -3.9
    endloop
  endfacet
  facet normal 2.5187069117340485e-17 -9.809715748138614e-17 -1
    outer loop
      vertex -2.1631189606246317 6.657395614066075 -3.9000000000000004
      vertex -1.311669202100072 6.876010755100821 -3.9000000000000004
      vertex -1.8325939705274827 2.2152255729803945 -3.9
    endloop
  endfacet
  facet normal 7.534475738064107e-17 -1.0370316186100165e-16 -1
    outer loop
      vertex -1.311669202100072 6.876010755100821 -3.9000000000000004
      vertex -1.5405020355646157 2.427442785818293 -3.9
      vertex -1.8325939705274827 2.2152255729803945 -3.9
    endloop
  endfacet
  facet normal 5.647775198218632e-17 -1.0273264947721184e-16 -1
    outer loop
      vertex -1.311669202100072 6.876010755100821 -3.9000000000000004
      vertex -1.224115463249584 2.601377775839806 -3.9
      vertex -1.5405020355646157 2.427442785818293 -3.9
    endloop
  endfacet
  facet normal 4.080185643909872e-17 -1.0305372575938294e-16 -1
    outer loop
      vertex -1.311669202100072 6.876010755100821 -3.9000000000000004
      vertex -0.8884238588279738 2.7342874843485663 -3.9
      vertex -1.224115463249584 2.601377775839806 -3.9
    endloop
  endfacet
  facet normal 2.7564064933880403e-17 -1.0735494495405312e-16 -1
    outer loop
      vertex -0.43953363670519296 6.986187098997901 -3.9000000000000004
      vertex -0.5387212794339582 2.82407584584498 -3.9
      vertex -0.8884238588279738 2.7342874843485663 -3.9
    endloop
  endfacet
  facet normal 1.3519802280653487e-17 -1.0702025488410798e-16 -1
    outer loop
      vertex -0.43953363670519296 6.986187098997901 -3.9000000000000004
      vertex -0.18052274364677567 2.869326844231281 -3.9
      vertex -0.5387212794339582 2.82407584584498 -3.9
    endloop
  endfacet
  facet normal 0 -1.0787084874593044e-16 -1
    outer loop
      vertex -0.43953363670519296 6.986187098997901 -3.9000000000000004
      vertex 0.18052274364677567 2.869326844231281 -3.9
      vertex -0.18052274364677567 2.869326844231281 -3.9
    endloop
  endfacet
  facet normal 1.3372813285411715e-17 -1.058567171777591e-16 -1
    outer loop
      vertex -1.311669202100072 6.876010755100821 -3.9000000000000004
      vertex -0.43953363670519296 6.986187098997901 -3.9000000000000004
      vertex -0.8884238588279738 2.7342874843485663 -3.9
    endloop
  endfacet
  facet normal -0.48175367410171577 0.8763066800438634 0
    outer loop
      vertex -3.7507875648529776 5.910295478514104 -3.9000000000000004
      vertex -3.7507875648529776 5.910295478514104 3
      vertex -2.980455040955509 6.333789367262137 -3.9000000000000004
    endloop
  endfacet
  facet normal -0.3681245526846775 0.9297764858882517 0
    outer loop
      vertex -2.980455040955509 6.333789367262137 -3.9000000000000004
      vertex -2.980455040955509 6.333789367262137 3
      vertex -2.1631189606246317 6.657395614066075 -3.9000000000000004
    endloop
  endfacet
  facet normal -0.24868988716485532 0.968583161128631 0
    outer loop
      vertex -2.1631189606246317 6.657395614066075 -3.9000000000000004
      vertex -2.1631189606246317 6.657395614066075 3
      vertex -1.311669202100072 6.876010755100821 -3.9000000000000004
    endloop
  endfacet
  facet normal -0.12533323356430376 0.992114701314478 0
    outer loop
      vertex -1.311669202100072 6.876010755100821 -3.9000000000000004
      vertex -1.311669202100072 6.876010755100821 3
      vertex -0.43953363670519296 6.986187098997901 -3.9000000000000004
    endloop
  endfacet
  facet normal 0 1 0
    outer loop
      vertex -0.43953363670519296 6.986187098997901 -3.9000000000000004
      vertex -0.43953363670519296 6.986187098997901 3
      vertex 0.43953363670519296 6.986187098997901 -3.9000000000000004
    endloop
  endfacet
  facet normal -0.9980267284282716 0.06279051952931272 0
    outer loop
      vertex -7 0 -3.9000000000000004
      vertex -7 0 3
      vertex -6.9448029092013455 0.8773326349501285 3
    endloop
  endfacet
  facet normal -0.9822872507286885 0.18738131458572532 0
    outer loop
      vertex -6.9448029092013455 0.8773326349501285 -3.9000000000000004
      vertex -6.9448029092013455 0.8773326349501285 3
      vertex -6.7800821279004175 1.740829210153984 3
    endloop
  endfacet
  facet normal -0.9510565162951535 0.3090169943749474 0
    outer loop
      vertex -6.7800821279004175 1.740829210153984 -3.9000000000000004
      vertex -6.7800821279004175 1.740829210153984 3
      vertex -6.50843540121776 2.576871868792745 3
    endloop
  endfacet
  facet normal -0.9048270524660195 0.4257792915650727 0
    outer loop
      vertex -6.50843540121776 2.576871868792745 -3.9000000000000004
      vertex -6.50843540121776 2.576871868792745 3
      vertex -6.134146760307044 3.372275718712008 3
    endloop
  endfacet
  facet normal 0 0 1
    outer loop
      vertex -6.9448029092013455 -0.8773326349501285 3
      vertex -6.9448029092013455 0.8773326349501285 3
      vertex -7 0 3
    endloop
  endfacet
  facet normal 0 0 1
    outer loop
      vertex -6.7800821279004175 -1.740829210153984 3
      vertex -6.7800821279004175 1.740829210153984 3
      vertex -6.9448029092013455 0.8773326349501285 3
    endloop
  endfacet
  facet normal 0 0 1
    outer loop
      vertex -6.50843540121776 -2.576871868792745 3
      vertex -6.50843540121776 2.576871868792745 3
      vertex -6.7800821279004175 1.740829210153984 3
    endloop
  endfacet
  facet normal 0 0 1
    outer loop
      vertex -6.134146760307044 -3.372275718712008 3
      vertex -6.134146760307044 3.372275718712008 3
      vertex -6.50843540121776 2.576871868792745 3
    endloop
  endfacet
  facet normal 0 0 1
    outer loop
      vertex -5.663118960624632 -4.114496766047312 3
      vertex -5.663118960624632 4.114496766047312 3
      vertex -6.134146760307044 3.372275718712008 3
    endloop
  endfacet
  facet normal 0 0 1
    outer loop
      vertex -5.1027803919498815 -4.79182974150082 3
      vertex -5.1027803919498815 4.79182974150082 3
      vertex -5.663118960624632 4.114496766047312 3
    endloop
  endfacet
  facet normal 0 0 1
    outer loop
      vertex -5.1027803919498815 -4.79182974150082 3
      vertex -5 0 3
      vertex -5.1027803919498815 4.79182974150082 3
    endloop
  endfacet
  facet normal 0 0 1
    outer loop
      vertex -5.1027803919498815 4.79182974150082 3
      vertex -5 0 3
      vertex -4.9605735065723895 0.6266661678215203 3
    endloop
  endfacet
  facet normal 0 0 1
    outer loop
      vertex -5.1027803919498815 4.79182974150082 3
      vertex -4.9605735065723895 0.6266661678215203 3
      vertex -4.842915805643155 1.2434494358242743 3
    endloop
  endfacet
  facet normal 0 0 1
    outer loop
      vertex -5.1027803919498815 4.79182974150082 3
      vertex -4.842915805643155 1.2434494358242743 3
      vertex -4.648882429441257 1.8406227634233894 3
    endloop
  endfacet
  facet normal 0 0 1
    outer loop
      vertex -5.1027803919498815 4.79182974150082 3
      vertex -4.648882429441257 1.8406227634233894 3
      vertex -4.381533400219317 2.408768370508577 3
    endloop
  endfacet
  facet normal -0.8443279255020152 0.5358267949789964 0
    outer loop
      vertex -6.134146760307044 3.372275718712008 -3.9000000000000004
      vertex -6.134146760307044 3.372275718712008 3
      vertex -5.663118960624632 4.114496766047312 3
    endloop
  endfacet
  facet normal -0.7705132427757893 0.6374239897486897 0
    outer loop
      vertex -5.663118960624632 4.114496766047312 -3.9000000000000004
      vertex -5.663118960624632 4.114496766047312 3
      vertex -5.1027803919498815 4.79182974150082 3
    endloop
  endfacet
  facet normal -0.6845471059286894 0.7289686274214109 0
    outer loop
      vertex -4.461967928240828 5.393592699430526 -3.9000000000000004
      vertex -5.1027803919498815 4.79182974150082 3
      vertex -4.461967928240828 5.393592699430526 3
    endloop
  endfacet
  facet normal -0.5877852522924721 0.8090169943749482 0
    outer loop
      vertex -3.7507875648529776 5.910295478514104 -3.9000000000000004
      vertex -4.461967928240828 5.393592699430526 3
      vertex -3.7507875648529776 5.910295478514104 3
    endloop
  endfacet
  facet normal 0 0 1
    outer loop
      vertex -5.1027803919498815 4.79182974150082 3
      vertex -4.381533400219317 2.408768370508577 3
      vertex -4.461967928240828 5.393592699430526 3
    endloop
  endfacet
  facet normal 0 0 1
    outer loop
      vertex -4.461967928240828 5.393592699430526 3
      vertex -4.381533400219317 2.408768370508577 3
      vertex -4.045084971874737 2.938926261462366 3
    endloop
  endfacet
  facet normal 0 0 1
    outer loop
      vertex -4.461967928240828 5.393592699430526 3
      vertex -4.045084971874737 2.938926261462366 3
      vertex -3.6448431371070584 3.4227355296434423 3
    endloop
  endfacet
  facet normal 0 0 1
    outer loop
      vertex -4.461967928240828 5.393592699430526 3
      vertex -3.6448431371070584 3.4227355296434423 3
      vertex -3.7507875648529776 5.910295478514104 3
    endloop
  endfacet
  facet normal 0 0 1
    outer loop
      vertex -3.7507875648529776 5.910295478514104 3
      vertex -3.6448431371070584 3.4227355296434423 3
      vertex -3.1871199487434483 3.852566213878947 3
    endloop
  endfacet
  facet normal -0.48175367410171577 0.8763066800438634 0
    outer loop
      vertex -2.980455040955509 6.333789367262137 -3.9000000000000004
      vertex -3.7507875648529776 5.910295478514104 3
      vertex -2.980455040955509 6.333789367262137 3
    endloop
  endfacet
  facet normal -0.3681245526846775 0.9297764858882517 0
    outer loop
      vertex -2.1631189606246317 6.657395614066075 -3.9000000000000004
      vertex -2.980455040955509 6.333789367262137 3
      vertex -2.1631189606246317 6.657395614066075 3
    endloop
  endfacet
  facet normal -0.24868988716485532 0.968583161128631 0
    outer loop
      vertex -1.311669202100072 6.876010755100821 -3.9000000000000004
      vertex -2.1631189606246317 6.657395614066075 3
      vertex -1.311669202100072 6.876010755100821 3
    endloop
  endfacet
  facet normal -0.12533323356430376 0.992114701314478 0
    outer loop
      vertex -0.43953363670519296 6.986187098997901 -3.9000000000000004
      vertex -1.311669202100072 6.876010755100821 3
      vertex -0.43953363670519296 6.986187098997901 3
    endloop
  endfacet
  facet normal 0 0 1
    outer loop
      vertex -3.7507875648529776 5.910295478514104 3
      vertex -3.1871199487434483 3.852566213878947 3
      vertex -2.6791339748949836 4.221639627510075 3
    endloop
  endfacet
  facet normal 0 0 1
    outer loop
      vertex -2.980455040955509 6.333789367262137 3
      vertex -2.6791339748949836 4.221639627510075 3
      vertex -2.1288964578253635 4.524135262330097 3
    endloop
  endfacet
  facet normal 0 0 1
    outer loop
      vertex -3.7507875648529776 5.910295478514104 3
      vertex -2.6791339748949836 4.221639627510075 3
      vertex -2.980455040955509 6.333789367262137 3
    endloop
  endfacet
  facet normal 0 0 1
    outer loop
      vertex -2.980455040955509 6.333789367262137 3
      vertex -2.1288964578253635 4.524135262330097 3
      vertex -2.1631189606246317 6.657395614066075 3
    endloop
  endfacet
  facet normal 0 0 1
    outer loop
      vertex -2.1631189606246317 6.657395614066075 3
      vertex -2.1288964578253635 4.524135262330097 3
      vertex -1.545084971874737 4.755282581475767 3
    endloop
  endfacet
  facet normal 0 0 1
    outer loop
      vertex -2.1631189606246317 6.657395614066075 3
      vertex -1.545084971874737 4.755282581475767 3
      vertex -0.9369065729286229 4.911436253643443 3
    endloop
  endfacet
  facet normal 0 0 1
    outer loop
      vertex -2.1631189606246317 6.657395614066075 3
      vertex -0.9369065729286229 4.911436253643443 3
      vertex -1.311669202100072 6.876010755100821 3
    endloop
  endfacet
  facet normal 0 0 1
    outer loop
      vertex -1.311669202100072 6.876010755100821 3
      vertex -0.9369065729286229 4.911436253643443 3
      vertex -0.31395259764656597 4.990133642141358 3
    endloop
  endfacet
  facet normal 0 0 1
    outer loop
      vertex -1.311669202100072 6.876010755100821 3
      vertex -0.31395259764656597 4.990133642141358 3
      vertex -0.43953363670519296 6.986187098997901 3
    endloop
  endfacet
  facet normal 0 0 1
    outer loop
      vertex -0.43953363670519296 6.986187098997901 3
      vertex -0.31395259764656597 4.990133642141358 3
      vertex 0.43953363670519296 6.986187098997901 3
    endloop
  endfacet
  facet normal 0 0 -1
    outer loop
      vertex 0.43953363670519635 -6.986187098997901 -3.9000000000000004
      vertex 0.8884238588279738 -2.7342874843485663 -3.9000000000000004
      vertex 1.3116692021000738 -6.87601075510082 -3.9000000000000004
    endloop
  endfacet
  facet normal 0 0 -1
    outer loop
      vertex 0.43953363670519635 -6.986187098997901 -3.9000000000000004
      vertex -0.18052274364677706 -2.869326844231281 -3.9000000000000004
      vertex 0.18052274364677706 -2.869326844231281 -3.9000000000000004
    endloop
  endfacet
  facet normal 0 0 -1
    outer loop
      vertex 0.43953363670519635 -6.986187098997901 -3.9000000000000004
      vertex 0.18052274364677706 -2.869326844231281 -3.9000000000000004
      vertex 0.5387212794339589 -2.82407584584498 -3.9000000000000004
    endloop
  endfacet
  facet normal 0 0 -1
    outer loop
      vertex 0.43953363670519635 -6.986187098997901 -3.9000000000000004
      vertex 0.5387212794339589 -2.82407584584498 -3.9000000000000004
      vertex 0.8884238588279738 -2.7342874843485663 -3.9000000000000004
    endloop
  endfacet
  facet normal 0 0 -1
    outer loop
      vertex 1.3116692021000738 -6.87601075510082 -3.9000000000000004
      vertex 0.8884238588279738 -2.7342874843485663 -3.9000000000000004
      vertex 1.2241154632495832 -2.6013777758398064 -3.9000000000000004
    endloop
  endfacet
  facet normal 0 0 -1
    outer loop
      vertex 1.3116692021000738 -6.87601075510082 -3.9000000000000004
      vertex 1.2241154632495832 -2.6013777758398064 -3.9000000000000004
      vertex 1.5405020355646142 -2.427442785818294 -3.9000000000000004
    endloop
  endfacet
  facet normal 0 0 -1
    outer loop
      vertex 1.3116692021000738 -6.87601075510082 -3.9000000000000004
      vertex 1.5405020355646142 -2.427442785818294 -3.9000000000000004
      vertex 1.8325939705274836 -2.2152255729803936 -3.9000000000000004
    endloop
  endfacet
  facet normal 0 0 -1
    outer loop
      vertex 1.3116692021000738 -6.87601075510082 -3.9000000000000004
      vertex 1.8325939705274836 -2.2152255729803936 -3.9000000000000004
      vertex 2.1631189606246317 -6.657395614066075 -3.9000000000000004
    endloop
  endfacet
  facet normal 0 0 -1
    outer loop
      vertex 2.1631189606246317 -6.657395614066075 -3.9000000000000004
      vertex 2.5193817051261074 -1.3850418130424318 -3.9000000000000004
      vertex 2.980455040955507 -6.333789367262137 -3.9000000000000004
    endloop
  endfacet
  facet normal 0 0 -1
    outer loop
      vertex 2.1631189606246317 -6.657395614066075 -3.9000000000000004
      vertex 1.8325939705274836 -2.2152255729803936 -3.9000000000000004
      vertex 2.0957848038365587 -1.9680729295449795 -3.9000000000000004
    endloop
  endfacet
  facet normal 0 -1 0
    outer loop
      vertex -0.43953363670519635 -6.986187098997901 -3.9000000000000004
      vertex 0.43953363670519635 -6.986187098997901 -3.9000000000000004
      vertex 0.43953363670519635 -6.986187098997901 3
    endloop
  endfacet
  facet normal 0.12533323356430498 -0.9921147013144778 0
    outer loop
      vertex 0.43953363670519635 -6.986187098997901 -3.9000000000000004
      vertex 1.3116692021000738 -6.87601075510082 -3.9000000000000004
      vertex 1.3116692021000738 -6.87601075510082 3
    endloop
  endfacet
  facet normal 0.24868988716485493 -0.9685831611286312 0
    outer loop
      vertex 1.3116692021000738 -6.87601075510082 -3.9000000000000004
      vertex 2.1631189606246317 -6.657395614066075 -3.9000000000000004
      vertex 2.1631189606246317 -6.657395614066075 3
    endloop
  endfacet
  facet normal 0.3681245526846781 -0.9297764858882513 0
    outer loop
      vertex 2.1631189606246317 -6.657395614066075 -3.9000000000000004
      vertex 2.980455040955507 -6.333789367262137 -3.9000000000000004
      vertex 2.980455040955507 -6.333789367262137 3
    endloop
  endfacet
  facet normal 0.48175367410171444 -0.876306680043864 0
    outer loop
      vertex 2.980455040955507 -6.333789367262137 -3.9000000000000004
      vertex 3.7507875648529736 -5.910295478514107 -3.9000000000000004
      vertex 3.7507875648529736 -5.910295478514107 3
    endloop
  endfacet
  facet normal 0 0 -1
    outer loop
      vertex 2.1631189606246317 -6.657395614066075 -3.9000000000000004
      vertex 2.0957848038365587 -1.9680729295449795 -3.9000000000000004
      vertex 2.325923858827974 -1.6898826003408602 -3.9000000000000004
    endloop
  endfacet
  facet normal 0 0 -1
    outer loop
      vertex 2.1631189606246317 -6.657395614066075 -3.9000000000000004
      vertex 2.325923858827974 -1.6898826003408602 -3.9000000000000004
      vertex 2.5193817051261074 -1.3850418130424318 -3.9000000000000004
    endloop
  endfacet
  facet normal 0 0 -1
    outer loop
      vertex 2.980455040955507 -6.333789367262137 -3.9000000000000004
      vertex 2.5193817051261074 -1.3850418130424318 -3.9000000000000004
      vertex 2.6731073969287222 -1.0583580889684503 -3.9000000000000004
    endloop
  endfacet
  facet normal 0 0 -1
    outer loop
      vertex 2.980455040955507 -6.333789367262137 -3.9000000000000004
      vertex 2.6731073969287222 -1.0583580889684503 -3.9000000000000004
      vertex 2.784676588244815 -0.7149834255989564 -3.9000000000000004
    endloop
  endfacet
  facet normal 0 0 -1
    outer loop
      vertex 2.980455040955507 -6.333789367262137 -3.9000000000000004
      vertex 2.784676588244815 -0.7149834255989564 -3.9000000000000004
      vertex 2.852329766279124 -0.3603330464973742 -3.9000000000000004
    endloop
  endfacet
  facet normal 0 0 -1
    outer loop
      vertex 2.980455040955507 -6.333789367262137 -3.9000000000000004
      vertex 2.852329766279124 -0.3603330464973742 -3.9000000000000004
      vertex 2.875 0 -3.9000000000000004
    endloop
  endfacet
  facet normal 0 0 -1
    outer loop
      vertex 2.980455040955507 -6.333789367262137 -3.9000000000000004
      vertex 3.7507875648529767 5.910295478514105 -3.9000000000000004
      vertex 3.7507875648529736 -5.910295478514107 -3.9000000000000004
    endloop
  endfacet
  facet normal 0.5877852522924729 -0.8090169943749476 0
    outer loop
      vertex 3.7507875648529736 -5.910295478514107 -3.9000000000000004
      vertex 4.4619679282408296 -5.393592699430523 -3.9000000000000004
      vertex 4.4619679282408296 -5.393592699430523 3
    endloop
  endfacet
  facet normal 0.6845471059286888 -0.7289686274214114 0
    outer loop
      vertex 4.4619679282408296 -5.393592699430523 -3.9000000000000004
      vertex 5.1027803919498815 -4.79182974150082 -3.9000000000000004
      vertex 5.1027803919498815 -4.79182974150082 3
    endloop
  endfacet
  facet normal 0.7705132427757893 -0.6374239897486897 0
    outer loop
      vertex 5.1027803919498815 -4.79182974150082 -3.9000000000000004
      vertex 5.663118960624632 -4.114496766047312 -3.9000000000000004
      vertex 5.1027803919498815 -4.79182974150082 3
    endloop
  endfacet
  facet normal 0.8443279255020152 -0.5358267949789964 0
    outer loop
      vertex 5.663118960624632 -4.114496766047312 -3.9000000000000004
      vertex 6.134146760307044 -3.372275718712008 -3.9000000000000004
      vertex 5.663118960624632 -4.114496766047312 3
    endloop
  endfacet
  facet normal 0 0 -1
    outer loop
      vertex 3.7507875648529736 -5.910295478514107 -3.9000000000000004
      vertex 4.461967928240828 5.393592699430524 -3.9000000000000004
      vertex 4.4619679282408296 -5.393592699430523 -3.9000000000000004
    endloop
  endfacet
  facet normal 0 0 -1
    outer loop
      vertex 4.4619679282408296 -5.393592699430523 -3.9000000000000004
      vertex 5.102780391949881 4.7918297415008215 -3.9000000000000004
      vertex 5.1027803919498815 -4.79182974150082 -3.9000000000000004
    endloop
  endfacet
  facet normal 0 0 -1
    outer loop
      vertex 5.1027803919498815 -4.79182974150082 -3.9000000000000004
      vertex 5.663118960624632 4.114496766047312 -3.9000000000000004
      vertex 5.663118960624632 -4.114496766047312 -3.9000000000000004
    endloop
  endfacet
  facet normal 0 0 -1
    outer loop
      vertex 5.663118960624632 -4.114496766047312 -3.9000000000000004
      vertex 6.134146760307045 3.3722757187120074 -3.9000000000000004
      vertex 6.134146760307044 -3.372275718712008 -3.9000000000000004
    endloop
  endfacet
  facet normal 0 0 -1
    outer loop
      vertex 6.134146760307044 -3.372275718712008 -3.9000000000000004
      vertex 6.50843540121776 2.576871868792746 -3.9000000000000004
      vertex 6.508435401217759 -2.5768718687927485 -3.9000000000000004
    endloop
  endfacet
  facet normal 0 0 -1
    outer loop
      vertex 6.508435401217759 -2.5768718687927485 -3.9000000000000004
      vertex 6.7800821279004175 1.7408292101539835 -3.9000000000000004
      vertex 6.780082127900418 -1.740829210153981 -3.9000000000000004
    endloop
  endfacet
  facet normal 0 0 -1
    outer loop
      vertex 6.780082127900418 -1.740829210153981 -3.9000000000000004
      vertex 6.9448029092013455 0.8773326349501298 -3.9000000000000004
      vertex 6.9448029092013455 -0.8773326349501285 -3.9000000000000004
    endloop
  endfacet
  facet normal 0.9048270524660191 -0.42577929156507344 0
    outer loop
      vertex 6.134146760307044 -3.372275718712008 -3.9000000000000004
      vertex 6.508435401217759 -2.5768718687927485 -3.9000000000000004
      vertex 6.134146760307044 -3.372275718712008 3
    endloop
  endfacet
  facet normal 0.9510565162951535 -0.30901699437494706 0
    outer loop
      vertex 6.508435401217759 -2.5768718687927485 -3.9000000000000004
      vertex 6.780082127900418 -1.740829210153981 -3.9000000000000004
      vertex 6.508435401217759 -2.5768718687927485 3
    endloop
  endfacet
  facet normal 0.9822872507286886 -0.18738131458572493 0
    outer loop
      vertex 6.780082127900418 -1.740829210153981 -3.9000000000000004
      vertex 6.9448029092013455 -0.8773326349501285 -3.9000000000000004
      vertex 6.780082127900418 -1.740829210153981 3
    endloop
  endfacet
  facet normal 0.9980267284282716 -0.06279051952931272 0
    outer loop
      vertex 6.9448029092013455 -0.8773326349501285 -3.9000000000000004
      vertex 7 0 -3.9000000000000004
      vertex 6.9448029092013455 -0.8773326349501285 3
    endloop
  endfacet
  facet normal 0.12533323356430498 -0.9921147013144778 0
    outer loop
      vertex 0.43953363670519635 -6.986187098997901 -3.9000000000000004
      vertex 1.3116692021000738 -6.87601075510082 3
      vertex 0.43953363670519635 -6.986187098997901 3
    endloop
  endfacet
  facet normal 0.24868988716485493 -0.9685831611286312 0
    outer loop
      vertex 1.3116692021000738 -6.87601075510082 -3.9000000000000004
      vertex 2.1631189606246317 -6.657395614066075 3
      vertex 1.3116692021000738 -6.87601075510082 3
    endloop
  endfacet
  facet normal 0.3681245526846781 -0.9297764858882513 0
    outer loop
      vertex 2.1631189606246317 -6.657395614066075 -3.9000000000000004
      vertex 2.980455040955507 -6.333789367262137 3
      vertex 2.1631189606246317 -6.657395614066075 3
    endloop
  endfacet
  facet normal 0.48175367410171444 -0.876306680043864 0
    outer loop
      vertex 2.980455040955507 -6.333789367262137 -3.9000000000000004
      vertex 3.7507875648529736 -5.910295478514107 3
      vertex 2.980455040955507 -6.333789367262137 3
    endloop
  endfacet
  facet normal 0 0 1
    outer loop
      vertex 0.43953363670519635 -6.986187098997901 3
      vertex 1.3116692021000738 -6.87601075510082 3
      vertex 0.3139525976465688 -4.990133642141358 3
    endloop
  endfacet
  facet normal 0 0 1
    outer loop
      vertex 0.43953363670519635 -6.986187098997901 3
      vertex 0.3139525976465688 -4.990133642141358 3
      vertex -0.3139525976465688 -4.990133642141358 3
    endloop
  endfacet
  facet normal 0 0 1
    outer loop
      vertex 1.3116692021000738 -6.87601075510082 3
      vertex 0.9369065729286241 -4.911436253643443 3
      vertex 0.3139525976465688 -4.990133642141358 3
    endloop
  endfacet
  facet normal 0 0 1
    outer loop
      vertex 1.3116692021000738 -6.87601075510082 3
      vertex 2.1631189606246317 -6.657395614066075 3
      vertex 0.9369065729286241 -4.911436253643443 3
    endloop
  endfacet
  facet normal 0 0 1
    outer loop
      vertex 2.1631189606246317 -6.657395614066075 3
      vertex 1.545084971874737 -4.755282581475767 3
      vertex 0.9369065729286241 -4.911436253643443 3
    endloop
  endfacet
  facet normal 0 0 1
    outer loop
      vertex 2.1631189606246317 -6.657395614066075 3
      vertex 2.128896457825362 -4.524135262330098 3
      vertex 1.545084971874737 -4.755282581475767 3
    endloop
  endfacet
  facet normal 0 0 1
    outer loop
      vertex 2.1631189606246317 -6.657395614066075 3
      vertex 2.980455040955507 -6.333789367262137 3
      vertex 2.128896457825362 -4.524135262330098 3
    endloop
  endfacet
  facet normal 0 0 1
    outer loop
      vertex 2.980455040955507 -6.333789367262137 3
      vertex 3.7507875648529736 -5.910295478514107 3
      vertex 2.679133974894981 -4.2216396275100765 3
    endloop
  endfacet
  facet normal 0 0 1
    outer loop
      vertex 2.980455040955507 -6.333789367262137 3
      vertex 2.679133974894981 -4.2216396275100765 3
      vertex 2.128896457825362 -4.524135262330098 3
    endloop
  endfacet
  facet normal 0 0 1
    outer loop
      vertex 3.7507875648529736 -5.910295478514107 3
      vertex 3.18711994874345 -3.852566213878945 3
      vertex 2.679133974894981 -4.2216396275100765 3
    endloop
  endfacet
  facet normal 0.5877852522924729 -0.8090169943749476 0
    outer loop
      vertex 3.7507875648529736 -5.910295478514107 -3.9000000000000004
      vertex 4.4619679282408296 -5.393592699430523 3
      vertex 3.7507875648529736 -5.910295478514107 3
    endloop
  endfacet
  facet normal 0.6845471059286888 -0.7289686274214114 0
    outer loop
      vertex 4.4619679282408296 -5.393592699430523 -3.9000000000000004
      vertex 5.1027803919498815 -4.79182974150082 3
      vertex 4.4619679282408296 -5.393592699430523 3
    endloop
  endfacet
  facet normal 0.7705132427757893 -0.6374239897486897 0
    outer loop
      vertex 5.663118960624632 -4.114496766047312 -3.9000000000000004
      vertex 5.663118960624632 -4.114496766047312 3
      vertex 5.1027803919498815 -4.79182974150082 3
    endloop
  endfacet
  facet normal 0.8443279255020152 -0.5358267949789964 0
    outer loop
      vertex 6.134146760307044 -3.372275718712008 -3.9000000000000004
      vertex 6.134146760307044 -3.372275718712008 3
      vertex 5.663118960624632 -4.114496766047312 3
    endloop
  endfacet
  facet normal 0 0 1
    outer loop
      vertex 3.7507875648529736 -5.910295478514107 3
      vertex 3.6448431371070584 -3.4227355296434423 3
      vertex 3.18711994874345 -3.852566213878945 3
    endloop
  endfacet
  facet normal 0 0 1
    outer loop
      vertex 3.7507875648529736 -5.910295478514107 3
      vertex 4.4619679282408296 -5.393592699430523 3
      vertex 3.6448431371070584 -3.4227355296434423 3
    endloop
  endfacet
  facet normal 0 0 1
    outer loop
      vertex 4.4619679282408296 -5.393592699430523 3
      vertex 4.045084971874737 -2.938926261462366 3
      vertex 3.6448431371070584 -3.4227355296434423 3
    endloop
  endfacet
  facet normal 0 0 1
    outer loop
      vertex 4.4619679282408296 -5.393592699430523 3
      vertex 4.381533400219317 -2.408768370508577 3
      vertex 4.045084971874737 -2.938926261462366 3
    endloop
  endfacet
  facet normal 0 0 1
    outer loop
      vertex 4.4619679282408296 -5.393592699430523 3
      vertex 5.1027803919498815 -4.79182974150082 3
      vertex 4.381533400219317 -2.408768370508577 3
    endloop
  endfacet
  facet normal 0.9048270524660191 -0.42577929156507344 0
    outer loop
      vertex 6.508435401217759 -2.5768718687927485 -3.9000000000000004
      vertex 6.508435401217759 -2.5768718687927485 3
      vertex 6.134146760307044 -3.372275718712008 3
    endloop
  endfacet
  facet normal 0.9510565162951535 -0.30901699437494706 0
    outer loop
      vertex 6.780082127900418 -1.740829210153981 -3.9000000000000004
      vertex 6.780082127900418 -1.740829210153981 3
      vertex 6.508435401217759 -2.5768718687927485 3
    endloop
  endfacet
  facet normal 0.9822872507286886 -0.18738131458572493 0
    outer loop
      vertex 6.9448029092013455 -0.8773326349501285 -3.9000000000000004
      vertex 6.9448029092013455 -0.8773326349501285 3
      vertex 6.780082127900418 -1.740829210153981 3
    endloop
  endfacet
  facet normal 0.9980267284282716 -0.06279051952931272 0
    outer loop
      vertex 6.9448029092013455 -0.8773326349501285 3
      vertex 7 0 -3.9000000000000004
      vertex 7 0 3
    endloop
  endfacet
  facet normal 0 0 1
    outer loop
      vertex 5.1027803919498815 -4.79182974150082 3
      vertex 4.648882429441256 -1.8406227634233918 3
      vertex 4.381533400219317 -2.408768370508577 3
    endloop
  endfacet
  facet normal 0 0 1
    outer loop
      vertex 5.1027803919498815 -4.79182974150082 3
      vertex 4.842915805643156 -1.2434494358242723 3
      vertex 4.648882429441256 -1.8406227634233918 3
    endloop
  endfacet
  facet normal 0 0 1
    outer loop
      vertex 5.1027803919498815 -4.79182974150082 3
      vertex 4.9605735065723895 -0.6266661678215203 3
      vertex 4.842915805643156 -1.2434494358242723 3
    endloop
  endfacet
  facet normal 0 0 1
    outer loop
      vertex 5.1027803919498815 -4.79182974150082 3
      vertex 5 0 3
      vertex 4.9605735065723895 -0.6266661678215203 3
    endloop
  endfacet
  facet normal 0 0 1
    outer loop
      vertex 5.1027803919498815 -4.79182974150082 3
      vertex 5.663118960624632 -4.114496766047312 3
      vertex 5.102780391949881 4.7918297415008215 3
    endloop
  endfacet
  facet normal 0 0 1
    outer loop
      vertex 5.663118960624632 -4.114496766047312 3
      vertex 6.134146760307044 -3.372275718712008 3
      vertex 5.663118960624632 4.114496766047312 3
    endloop
  endfacet
  facet normal 0 0 1
    outer loop
      vertex 6.134146760307044 -3.372275718712008 3
      vertex 6.508435401217759 -2.5768718687927485 3
      vertex 6.134146760307045 3.3722757187120074 3
    endloop
  endfacet
  facet normal 0 0 1
    outer loop
      vertex 6.508435401217759 -2.5768718687927485 3
      vertex 6.780082127900418 -1.740829210153981 3
      vertex 6.50843540121776 2.576871868792746 3
    endloop
  endfacet
  facet normal 0 0 1
    outer loop
      vertex 6.780082127900418 -1.740829210153981 3
      vertex 6.9448029092013455 -0.8773326349501285 3
      vertex 6.7800821279004175 1.7408292101539835 3
    endloop
  endfacet
  facet normal 0 0 -1
    outer loop
      vertex 2.980455040955507 -6.333789367262137 -3.9000000000000004
      vertex 2.875 0 -3.9000000000000004
      vertex 2.980455040955509 6.333789367262137 -3.9000000000000004
    endloop
  endfacet
  facet normal -2.0016662169821222e-15 1.8649464531566425e-16 -1
    outer loop
      vertex 2.980455040955509 6.333789367262137 -3.9000000000000004
      vertex 2.519381705126108 1.3850418130424316 -3.9000000000000004
      vertex 2.325923858827974 1.6898826003408602 -3.9
    endloop
  endfacet
  facet normal -9.876759090006234e-17 -8.170765712290802e-17 -1
    outer loop
      vertex 2.980455040955509 6.333789367262137 -3.9000000000000004
      vertex 2.325923858827974 1.6898826003408602 -3.9
      vertex 2.0957848038365583 1.9680729295449801 -3.9
    endloop
  endfacet
  facet normal 0 0 -1
    outer loop
      vertex 2.980455040955509 6.333789367262137 -3.9000000000000004
      vertex 2.875 0 -3.9000000000000004
      vertex 2.852329766279124 0.36033304649737474 -3.9000000000000004
    endloop
  endfacet
  facet normal 0 0 -1
    outer loop
      vertex 2.980455040955509 6.333789367262137 -3.9000000000000004
      vertex 2.852329766279124 0.36033304649737474 -3.9000000000000004
      vertex 2.7846765882448143 0.7149834255989576 -3.9000000000000004
    endloop
  endfacet
  facet normal 0 0 -1
    outer loop
      vertex 2.980455040955507 -6.333789367262137 -3.9000000000000004
      vertex 2.980455040955509 6.333789367262137 -3.9000000000000004
      vertex 3.7507875648529767 5.910295478514105 -3.9000000000000004
    endloop
  endfacet
  facet normal -3.594887716209296e-15 1.2525820646865254e-16 -1
    outer loop
      vertex 2.980455040955509 6.333789367262137 -3.9000000000000004
      vertex 2.7846765882448143 0.7149834255989576 -3.9000000000000004
      vertex 2.6731073969287227 1.0583580889684492 -3.9
    endloop
  endfacet
  facet normal 2.4113958399463966e-15 -2.246690322647775e-16 -1
    outer loop
      vertex 2.980455040955509 6.333789367262137 -3.9000000000000004
      vertex 2.6731073969287227 1.0583580889684492 -3.9
      vertex 2.519381705126108 1.3850418130424316 -3.9000000000000004
    endloop
  endfacet
  facet normal -1.3519802280653477e-17 -1.0702025488410795e-16 -1
    outer loop
      vertex 1.311669202100072 6.876010755100821 -3.9000000000000004
      vertex 0.5387212794339582 2.82407584584498 -3.9
      vertex 0.18052274364677567 2.869326844231281 -3.9
    endloop
  endfacet
  facet normal -1.2374374426775879e-15 1.264545216968822e-16 -1
    outer loop
      vertex 1.311669202100072 6.876010755100821 -3.9000000000000004
      vertex 0.8884238588279738 2.7342874843485663 -3.9000000000000004
      vertex 0.5387212794339582 2.82407584584498 -3.9
    endloop
  endfacet
  facet normal 1.2714646672524309e-15 -1.299317854840305e-16 -1
    outer loop
      vertex 1.311669202100072 6.876010755100821 -3.9000000000000004
      vertex 1.224115463249584 2.601377775839806 -3.9
      vertex 0.8884238588279738 2.7342874843485663 -3.9000000000000004
    endloop
  endfacet
  facet normal -5.3396178294425364e-17 -9.71272877481755e-17 -1
    outer loop
      vertex 2.1631189606246317 6.657395614066075 -3.9000000000000004
      vertex 1.5405020355646153 2.427442785818293 -3.9
      vertex 1.224115463249584 2.601377775839806 -3.9
    endloop
  endfacet
  facet normal 0 -1.0787084874593044e-16 -1
    outer loop
      vertex -0.43953363670519296 6.986187098997901 -3.9000000000000004
      vertex 0.43953363670519296 6.986187098997901 -3.9000000000000004
      vertex 0.18052274364677567 2.869326844231281 -3.9
    endloop
  endfacet
  facet normal -1.351980228065338e-17 -1.0702025488410799e-16 -1
    outer loop
      vertex 0.43953363670519296 6.986187098997901 -3.9000000000000004
      vertex 1.311669202100072 6.876010755100821 -3.9000000000000004
      vertex 0.18052274364677567 2.869326844231281 -3.9
    endloop
  endfacet
  facet normal -2.6534729316781223e-17 -1.0334594741403129e-16 -1
    outer loop
      vertex 1.311669202100072 6.876010755100821 -3.9000000000000004
      vertex 2.1631189606246317 6.657395614066075 -3.9000000000000004
      vertex 1.224115463249584 2.601377775839806 -3.9
    endloop
  endfacet
  facet normal -6.890822319032739e-17 -9.484403257095873e-17 -1
    outer loop
      vertex 2.1631189606246317 6.657395614066075 -3.9000000000000004
      vertex 1.832593970527483 2.2152255729803936 -3.9
      vertex 1.5405020355646153 2.427442785818293 -3.9
    endloop
  endfacet
  facet normal -8.774809407118811e-17 -9.344222938046085e-17 -1
    outer loop
      vertex 2.1631189606246317 6.657395614066075 -3.9000000000000004
      vertex 2.0957848038365583 1.9680729295449801 -3.9
      vertex 1.832593970527483 2.2152255729803936 -3.9
    endloop
  endfacet
  facet normal -3.7283295504946146e-17 -9.41668552779608e-17 -1
    outer loop
      vertex 2.1631189606246317 6.657395614066075 -3.9000000000000004
      vertex 2.980455040955509 6.333789367262137 -3.9000000000000004
      vertex 2.0957848038365583 1.9680729295449801 -3.9
    endloop
  endfacet
  facet normal 0.12533323356430376 0.992114701314478 0
    outer loop
      vertex 0.43953363670519296 6.986187098997901 -3.9000000000000004
      vertex 0.43953363670519296 6.986187098997901 3
      vertex 1.311669202100072 6.876010755100821 -3.9000000000000004
    endloop
  endfacet
  facet normal 0.24868988716485532 0.968583161128631 0
    outer loop
      vertex 1.311669202100072 6.876010755100821 -3.9000000000000004
      vertex 1.311669202100072 6.876010755100821 3
      vertex 2.1631189606246317 6.657395614066075 -3.9000000000000004
    endloop
  endfacet
  facet normal 0.3681245526846775 0.9297764858882517 0
    outer loop
      vertex 2.1631189606246317 6.657395614066075 -3.9000000000000004
      vertex 2.1631189606246317 6.657395614066075 3
      vertex 2.980455040955509 6.333789367262137 -3.9000000000000004
    endloop
  endfacet
  facet normal 0.4817536741017154 0.8763066800438636 0
    outer loop
      vertex 2.980455040955509 6.333789367262137 -3.9000000000000004
      vertex 2.980455040955509 6.333789367262137 3
      vertex 3.7507875648529767 5.910295478514105 -3.9000000000000004
    endloop
  endfacet
  facet normal 0 0 -1
    outer loop
      vertex 4.4619679282408296 -5.393592699430523 -3.9000000000000004
      vertex 4.461967928240828 5.393592699430524 -3.9000000000000004
      vertex 5.102780391949881 4.7918297415008215 -3.9000000000000004
    endloop
  endfacet
  facet normal 0 0 -1
    outer loop
      vertex 3.7507875648529736 -5.910295478514107 -3.9000000000000004
      vertex 3.7507875648529767 5.910295478514105 -3.9000000000000004
      vertex 4.461967928240828 5.393592699430524 -3.9000000000000004
    endloop
  endfacet
  facet normal 0 0 -1
    outer loop
      vertex 5.1027803919498815 -4.79182974150082 -3.9000000000000004
      vertex 5.102780391949881 4.7918297415008215 -3.9000000000000004
      vertex 5.663118960624632 4.114496766047312 -3.9000000000000004
    endloop
  endfacet
  facet normal 0 0 -1
    outer loop
      vertex 5.663118960624632 -4.114496766047312 -3.9000000000000004
      vertex 5.663118960624632 4.114496766047312 -3.9000000000000004
      vertex 6.134146760307045 3.3722757187120074 -3.9000000000000004
    endloop
  endfacet
  facet normal 0 0 -1
    outer loop
      vertex 6.134146760307044 -3.372275718712008 -3.9000000000000004
      vertex 6.134146760307045 3.3722757187120074 -3.9000000000000004
      vertex 6.50843540121776 2.576871868792746 -3.9000000000000004
    endloop
  endfacet
  facet normal 0 0 -1
    outer loop
      vertex 6.9448029092013455 -0.8773326349501285 -3.9000000000000004
      vertex 6.9448029092013455 0.8773326349501298 -3.9000000000000004
      vertex 7 0 -3.9000000000000004
    endloop
  endfacet
  facet normal 0 0 -1
    outer loop
      vertex 6.780082127900418 -1.740829210153981 -3.9000000000000004
      vertex 6.7800821279004175 1.7408292101539835 -3.9000000000000004
      vertex 6.9448029092013455 0.8773326349501298 -3.9000000000000004
    endloop
  endfacet
  facet normal 0 0 -1
    outer loop
      vertex 6.508435401217759 -2.5768718687927485 -3.9000000000000004
      vertex 6.50843540121776 2.576871868792746 -3.9000000000000004
      vertex 6.7800821279004175 1.7408292101539835 -3.9000000000000004
    endloop
  endfacet
  facet normal 0.9980267284282716 0.06279051952931264 0
    outer loop
      vertex 7 0 -3.9000000000000004
      vertex 6.9448029092013455 0.8773326349501298 -3.9000000000000004
      vertex 7 0 3
    endloop
  endfacet
  facet normal 0.9822872507286885 0.1873813145857257 0
    outer loop
      vertex 6.9448029092013455 0.8773326349501298 -3.9000000000000004
      vertex 6.7800821279004175 1.7408292101539835 -3.9000000000000004
      vertex 6.9448029092013455 0.8773326349501298 3
    endloop
  endfacet
  facet normal 0.9510565162951538 0.309016994374947 0
    outer loop
      vertex 6.7800821279004175 1.7408292101539835 -3.9000000000000004
      vertex 6.50843540121776 2.576871868792746 -3.9000000000000004
      vertex 6.7800821279004175 1.7408292101539835 3
    endloop
  endfacet
  facet normal 0.9048270524660196 0.4257792915650725 0
    outer loop
      vertex 6.50843540121776 2.576871868792746 -3.9000000000000004
      vertex 6.134146760307045 3.3722757187120074 -3.9000000000000004
      vertex 6.50843540121776 2.576871868792746 3
    endloop
  endfacet
  facet normal 0.6845471059286877 0.7289686274214123 0
    outer loop
      vertex 5.102780391949881 4.7918297415008215 -3.9000000000000004
      vertex 4.461967928240828 5.393592699430524 -3.9000000000000004
      vertex 4.461967928240828 5.393592699430524 3
    endloop
  endfacet
  facet normal 0.5877852522924737 0.8090169943749471 0
    outer loop
      vertex 3.7507875648529767 5.910295478514105 -3.9000000000000004
      vertex 3.7507875648529767 5.910295478514105 3
      vertex 4.461967928240828 5.393592699430524 -3.9000000000000004
    endloop
  endfacet
  facet normal 0.7705132427757895 0.6374239897486892 0
    outer loop
      vertex 5.102780391949881 4.7918297415008215 -3.9000000000000004
      vertex 5.663118960624632 4.114496766047312 3
      vertex 5.663118960624632 4.114496766047312 -3.9000000000000004
    endloop
  endfacet
  facet normal 0.844327925502015 0.5358267949789968 0
    outer loop
      vertex 6.134146760307045 3.3722757187120074 -3.9000000000000004
      vertex 5.663118960624632 4.114496766047312 -3.9000000000000004
      vertex 6.134146760307045 3.3722757187120074 3
    endloop
  endfacet
  facet normal 0 1 0
    outer loop
      vertex -0.43953363670519296 6.986187098997901 3
      vertex 0.43953363670519296 6.986187098997901 3
      vertex 0.43953363670519296 6.986187098997901 -3.9000000000000004
    endloop
  endfacet
  facet normal 0.12533323356430376 0.992114701314478 0
    outer loop
      vertex 1.311669202100072 6.876010755100821 -3.9000000000000004
      vertex 0.43953363670519296 6.986187098997901 3
      vertex 1.311669202100072 6.876010755100821 3
    endloop
  endfacet
  facet normal 0.24868988716485532 0.968583161128631 0
    outer loop
      vertex 2.1631189606246317 6.657395614066075 -3.9000000000000004
      vertex 1.311669202100072 6.876010755100821 3
      vertex 2.1631189606246317 6.657395614066075 3
    endloop
  endfacet
  facet normal 0.4817536741017154 0.8763066800438636 0
    outer loop
      vertex 3.7507875648529767 5.910295478514105 -3.9000000000000004
      vertex 2.980455040955509 6.333789367262137 3
      vertex 3.7507875648529767 5.910295478514105 3
    endloop
  endfacet
  facet normal 0.3681245526846775 0.9297764858882517 0
    outer loop
      vertex 2.980455040955509 6.333789367262137 -3.9000000000000004
      vertex 2.1631189606246317 6.657395614066075 3
      vertex 2.980455040955509 6.333789367262137 3
    endloop
  endfacet
  facet normal 0 0 1
    outer loop
      vertex 0.43953363670519296 6.986187098997901 3
      vertex -0.31395259764656597 4.990133642141358 3
      vertex 0.31395259764656636 4.990133642141358 3
    endloop
  endfacet
  facet normal 0 0 1
    outer loop
      vertex 0.43953363670519296 6.986187098997901 3
      vertex 0.31395259764656636 4.990133642141358 3
      vertex 0.9369065729286229 4.911436253643443 3
    endloop
  endfacet
  facet normal 0 0 1
    outer loop
      vertex 1.311669202100072 6.876010755100821 3
      vertex 0.9369065729286229 4.911436253643443 3
      vertex 1.545084971874737 4.755282581475767 3
    endloop
  endfacet
  facet normal 0 0 1
    outer loop
      vertex 1.311669202100072 6.876010755100821 3
      vertex 1.545084971874737 4.755282581475767 3
      vertex 2.1631189606246317 6.657395614066075 3
    endloop
  endfacet
  facet normal 0 0 1
    outer loop
      vertex 0.43953363670519296 6.986187098997901 3
      vertex 0.9369065729286229 4.911436253643443 3
      vertex 1.311669202100072 6.876010755100821 3
    endloop
  endfacet
  facet normal 0 0 1
    outer loop
      vertex 2.1631189606246317 6.657395614066075 3
      vertex 2.1288964578253635 4.524135262330097 3
      vertex 2.679133974894983 4.221639627510076 3
    endloop
  endfacet
  facet normal 0 0 1
    outer loop
      vertex 2.980455040955509 6.333789367262137 3
      vertex 2.679133974894983 4.221639627510076 3
      vertex 3.1871199487434487 3.8525662138789456 3
    endloop
  endfacet
  facet normal 0 0 1
    outer loop
      vertex 2.1631189606246317 6.657395614066075 3
      vertex 1.545084971874737 4.755282581475767 3
      vertex 2.1288964578253635 4.524135262330097 3
    endloop
  endfacet
  facet normal 0 0 1
    outer loop
      vertex 2.1631189606246317 6.657395614066075 3
      vertex 2.679133974894983 4.221639627510076 3
      vertex 2.980455040955509 6.333789367262137 3
    endloop
  endfacet
  facet normal 0 0 1
    outer loop
      vertex 2.980455040955509 6.333789367262137 3
      vertex 3.1871199487434487 3.8525662138789456 3
      vertex 3.7507875648529767 5.910295478514105 3
    endloop
  endfacet
  facet normal 0.9980267284282716 0.06279051952931264 0
    outer loop
      vertex 6.9448029092013455 0.8773326349501298 -3.9000000000000004
      vertex 6.9448029092013455 0.8773326349501298 3
      vertex 7 0 3
    endloop
  endfacet
  facet normal 0.9822872507286885 0.1873813145857257 0
    outer loop
      vertex 6.7800821279004175 1.7408292101539835 -3.9000000000000004
      vertex 6.7800821279004175 1.7408292101539835 3
      vertex 6.9448029092013455 0.8773326349501298 3
    endloop
  endfacet
  facet normal 0.9510565162951538 0.309016994374947 0
    outer loop
      vertex 6.50843540121776 2.576871868792746 -3.9000000000000004
      vertex 6.50843540121776 2.576871868792746 3
      vertex 6.7800821279004175 1.7408292101539835 3
    endloop
  endfacet
  facet normal 0.9048270524660196 0.4257792915650725 0
    outer loop
      vertex 6.134146760307045 3.3722757187120074 -3.9000000000000004
      vertex 6.134146760307045 3.3722757187120074 3
      vertex 6.50843540121776 2.576871868792746 3
    endloop
  endfacet
  facet normal 0 0 1
    outer loop
      vertex 5.1027803919498815 -4.79182974150082 3
      vertex 5.102780391949881 4.7918297415008215 3
      vertex 5 0 3
    endloop
  endfacet
  facet normal 0 0 1
    outer loop
      vertex 5.102780391949881 4.7918297415008215 3
      vertex 4.9605735065723895 0.6266661678215213 3
      vertex 5 0 3
    endloop
  endfacet
  facet normal 0 0 1
    outer loop
      vertex 5.102780391949881 4.7918297415008215 3
      vertex 4.842915805643155 1.243449435824274 3
      vertex 4.9605735065723895 0.6266661678215213 3
    endloop
  endfacet
  facet normal 0 0 1
    outer loop
      vertex 4.461967928240828 5.393592699430524 3
      vertex 4.648882429441256 1.8406227634233898 3
      vertex 4.842915805643155 1.243449435824274 3
    endloop
  endfacet
  facet normal 0 0 1
    outer loop
      vertex 4.461967928240828 5.393592699430524 3
      vertex 4.381533400219318 2.4087683705085765 3
      vertex 4.648882429441256 1.8406227634233898 3
    endloop
  endfacet
  facet normal 0 0 1
    outer loop
      vertex 5.663118960624632 -4.114496766047312 3
      vertex 5.663118960624632 4.114496766047312 3
      vertex 5.102780391949881 4.7918297415008215 3
    endloop
  endfacet
  facet normal 0 0 1
    outer loop
      vertex 6.134146760307044 -3.372275718712008 3
      vertex 6.134146760307045 3.3722757187120074 3
      vertex 5.663118960624632 4.114496766047312 3
    endloop
  endfacet
  facet normal 0 0 1
    outer loop
      vertex 6.9448029092013455 -0.8773326349501285 3
      vertex 7 0 3
      vertex 6.9448029092013455 0.8773326349501298 3
    endloop
  endfacet
  facet normal 0 0 1
    outer loop
      vertex 6.780082127900418 -1.740829210153981 3
      vertex 6.7800821279004175 1.7408292101539835 3
      vertex 6.50843540121776 2.576871868792746 3
    endloop
  endfacet
  facet normal 0 0 1
    outer loop
      vertex 6.9448029092013455 -0.8773326349501285 3
      vertex 6.9448029092013455 0.8773326349501298 3
      vertex 6.7800821279004175 1.7408292101539835 3
    endloop
  endfacet
  facet normal 0 0 1
    outer loop
      vertex 6.508435401217759 -2.5768718687927485 3
      vertex 6.50843540121776 2.576871868792746 3
      vertex 6.134146760307045 3.3722757187120074 3
    endloop
  endfacet
  facet normal 0.6845471059286877 0.7289686274214123 0
    outer loop
      vertex 5.102780391949881 4.7918297415008215 -3.9000000000000004
      vertex 4.461967928240828 5.393592699430524 3
      vertex 5.102780391949881 4.7918297415008215 3
    endloop
  endfacet
  facet normal 0.5877852522924737 0.8090169943749471 0
    outer loop
      vertex 4.461967928240828 5.393592699430524 -3.9000000000000004
      vertex 3.7507875648529767 5.910295478514105 3
      vertex 4.461967928240828 5.393592699430524 3
    endloop
  endfacet
  facet normal 0.844327925502015 0.5358267949789968 0
    outer loop
      vertex 5.663118960624632 4.114496766047312 -3.9000000000000004
      vertex 5.663118960624632 4.114496766047312 3
      vertex 6.134146760307045 3.3722757187120074 3
    endloop
  endfacet
  facet normal 0.7705132427757895 0.6374239897486892 0
    outer loop
      vertex 5.102780391949881 4.7918297415008215 -3.9000000000000004
      vertex 5.102780391949881 4.7918297415008215 3
      vertex 5.663118960624632 4.114496766047312 3
    endloop
  endfacet
  facet normal 0 0 1
    outer loop
      vertex 3.7507875648529767 5.910295478514105 3
      vertex 3.644843137107058 3.4227355296434436 3
      vertex 4.045084971874737 2.938926261462366 3
    endloop
  endfacet
  facet normal 0 0 1
    outer loop
      vertex 4.461967928240828 5.393592699430524 3
      vertex 4.045084971874737 2.938926261462366 3
      vertex 4.381533400219318 2.4087683705085765 3
    endloop
  endfacet
  facet normal 0 0 1
    outer loop
      vertex 3.7507875648529767 5.910295478514105 3
      vertex 3.1871199487434487 3.8525662138789456 3
      vertex 3.644843137107058 3.4227355296434436 3
    endloop
  endfacet
  facet normal 0 0 1
    outer loop
      vertex 3.7507875648529767 5.910295478514105 3
      vertex 4.045084971874737 2.938926261462366 3
      vertex 4.461967928240828 5.393592699430524 3
    endloop
  endfacet
  facet normal 0 0 1
    outer loop
      vertex 5.102780391949881 4.7918297415008215 3
      vertex 4.461967928240828 5.393592699430524 3
      vertex 4.842915805643155 1.243449435824274 3
    endloop
  endfacet
  facet normal 0.7988065878230703 0.2595479938643149 0.5427180429389399
    outer loop
      vertex -2.7846765882448143 -0.7149834255989577 -3.9
      vertex -5.230349070094608 -1.3429253906902163 0
      vertex -2.673107396928723 -1.058358088968449 -3.9000000000000004
    endloop
  endfacet
  facet normal 0.8250377486222651 0.15738436776513445 0.5427180429389399
    outer loop
      vertex -2.7846765882448143 -0.7149834255989577 -3.9
      vertex -2.852329766279124 -0.3603330464973742 -3.9
      vertex -5.357419387098181 -0.676799461247242 0
    endloop
  endfacet
  facet normal 0.8382575712720258 0.05273869616943204 0.5427180429389399
    outer loop
      vertex -2.852329766279124 -0.3603330464973742 -3.9
      vertex -2.875 0 -3.9
      vertex -5.4 0 0
    endloop
  endfacet
  facet normal 0.759977769949979 0.35761839305380233 0.5427180429389398
    outer loop
      vertex -2.5193817051261074 -1.3850418130424318 -3.9
      vertex -5.020793023796558 -1.9878725844972607 0
      vertex -4.732056072236863 -2.6014698401492633 0
    endloop
  endfacet
  facet normal 0.709163648656064 0.4500489365539549 0.5427180429389398
    outer loop
      vertex -2.325923858827974 -1.6898826003408602 -3.9000000000000004
      vertex -4.732056072236863 -2.6014698401492633 0
      vertex -4.368691769624717 -3.174040362379355 0
    endloop
  endfacet
  facet normal 0.8250377486222649 0.1573843677651356 0.5427180429389399
    outer loop
      vertex -2.7846765882448143 -0.7149834255989577 -3.9
      vertex -5.357419387098181 -0.676799461247242 0
      vertex -5.230349070094608 -1.3429253906902163 0
    endloop
  endfacet
  facet normal 0.8382575712720258 0.05273869616943146 0.5427180429389399
    outer loop
      vertex -2.852329766279124 -0.3603330464973742 -3.9
      vertex -5.4 0 0
      vertex -5.357419387098181 -0.676799461247242 0
    endloop
  endfacet
  facet normal 0.7988065878230701 0.25954799386431604 0.5427180429389398
    outer loop
      vertex -2.673107396928723 -1.058358088968449 -3.9000000000000004
      vertex -5.230349070094608 -1.3429253906902163 0
      vertex -5.020793023796558 -1.9878725844972607 0
    endloop
  endfacet
  facet normal 0.20887835453367753 0.8135274788695404 0.5427180429389397
    outer loop
      vertex -0.8884238588279738 -2.7342874843485663 -3.9
      vertex -1.0118590987629141 -5.304351153934919 0
      vertex -0.5387212794339589 -2.82407584584498 -3.9000000000000004
    endloop
  endfacet
  facet normal 0.10526925679910247 0.8332919713050713 0.5427180429389397
    outer loop
      vertex -0.5387212794339589 -2.82407584584498 -3.9000000000000004
      vertex -0.3390688054582943 -5.389344333512667 0
      vertex -0.18052274364677706 -2.869326844231281 -3.9000000000000004
    endloop
  endfacet
  facet normal 0.49368962171198444 0.6795054696486297 0.5427180429389399
    outer loop
      vertex -1.8325939705274827 -2.2152255729803945 -3.9000000000000004
      vertex -3.4420895446429243 -4.160771510989263 0
      vertex -2.8934646928865826 -4.559370797710881 0
    endloop
  endfacet
  facet normal 0.40463211385114994 0.7360230827283049 0.5427180429389398
    outer loop
      vertex -1.5405020355646157 -2.427442785818293 -3.9000000000000004
      vertex -2.8934646928865826 -4.559370797710881 0
      vertex -2.2992081744513913 -4.886066083316506 0
    endloop
  endfacet
  facet normal 0.20887835453367673 0.8135274788695407 0.5427180429389398
    outer loop
      vertex -0.8884238588279738 -2.7342874843485663 -3.9
      vertex -1.668691769624716 -5.135705187993829 0
      vertex -1.0118590987629141 -5.304351153934919 0
    endloop
  endfacet
  facet normal 0.3091933158393727 0.780933172114478 0.5427180429389398
    outer loop
      vertex -1.2241154632495832 -2.6013777758398064 -3.9000000000000004
      vertex -2.2992081744513913 -4.886066083316506 0
      vertex -1.668691769624716 -5.135705187993829 0
    endloop
  endfacet
  facet normal 0.1052692567991028 0.8332919713050713 0.5427180429389397
    outer loop
      vertex -0.5387212794339589 -2.82407584584498 -3.9000000000000004
      vertex -1.0118590987629141 -5.304351153934919 0
      vertex -0.3390688054582943 -5.389344333512667 0
    endloop
  endfacet
  facet normal 0 0.8399149515686258 0.5427180429389398
    outer loop
      vertex -0.18052274364677706 -2.869326844231281 -3.9000000000000004
      vertex -0.3390688054582943 -5.389344333512667 0
      vertex 0.3390688054582943 -5.389344333512667 0
    endloop
  endfacet
  facet normal 0.7091636486560641 0.45004893655395467 0.5427180429389399
    outer loop
      vertex -2.5193817051261074 -1.3850418130424318 -3.9
      vertex -4.732056072236863 -2.6014698401492633 0
      vertex -2.325923858827974 -1.6898826003408602 -3.9000000000000004
    endloop
  endfacet
  facet normal 0.6471655929890119 0.5353819394784508 0.5427180429389398
    outer loop
      vertex -2.325923858827974 -1.6898826003408602 -3.9000000000000004
      vertex -4.368691769624717 -3.174040362379355 0
      vertex -2.0957848038365587 -1.9680729295449795 -3.9000000000000004
    endloop
  endfacet
  facet normal 0.5749613493225376 0.6122716493957023 0.5427180429389398
    outer loop
      vertex -2.0957848038365587 -1.9680729295449795 -3.9000000000000004
      vertex -3.4420895446429243 -4.160771510989263 0
      vertex -1.8325939705274827 -2.2152255729803945 -3.9000000000000004
    endloop
  endfacet
  facet normal 0.4936896217119849 0.6795054696486293 0.5427180429389397
    outer loop
      vertex -1.8325939705274827 -2.2152255729803945 -3.9000000000000004
      vertex -2.8934646928865826 -4.559370797710881 0
      vertex -1.5405020355646157 -2.427442785818293 -3.9000000000000004
    endloop
  endfacet
  facet normal 0.7599777699499786 0.35761839305380344 0.5427180429389398
    outer loop
      vertex -2.5193817051261074 -1.3850418130424318 -3.9
      vertex -2.673107396928723 -1.058358088968449 -3.9000000000000004
      vertex -5.020793023796558 -1.9878725844972607 0
    endloop
  endfacet
  facet normal 0.40463211385114944 0.7360230827283052 0.5427180429389398
    outer loop
      vertex -1.5405020355646157 -2.427442785818293 -3.9000000000000004
      vertex -2.2992081744513913 -4.886066083316506 0
      vertex -1.2241154632495832 -2.6013777758398064 -3.9000000000000004
    endloop
  endfacet
  facet normal 0.30919331583937204 0.7809331721144783 0.5427180429389399
    outer loop
      vertex -0.8884238588279738 -2.7342874843485663 -3.9
      vertex -1.2241154632495832 -2.6013777758398064 -3.9000000000000004
      vertex -1.668691769624716 -5.135705187993829 0
    endloop
  endfacet
  facet normal 0.5749613493225377 0.6122716493957022 0.5427180429389399
    outer loop
      vertex -2.0957848038365587 -1.9680729295449795 -3.9000000000000004
      vertex -3.9364305880756234 -3.6965543720149183 0
      vertex -3.4420895446429243 -4.160771510989263 0
    endloop
  endfacet
  facet normal 0.6471655929890117 0.5353819394784513 0.5427180429389397
    outer loop
      vertex -2.0957848038365587 -1.9680729295449795 -3.9000000000000004
      vertex -4.368691769624717 -3.174040362379355 0
      vertex -3.9364305880756234 -3.6965543720149183 0
    endloop
  endfacet
  facet normal 0 0 -1
    outer loop
      vertex -3.4420895446429243 -4.160771510989263 0
      vertex -3.9364305880756234 -3.6965543720149183 0
      vertex -3.6448431371070584 -3.4227355296434423 0
    endloop
  endfacet
  facet normal 0 0 -1
    outer loop
      vertex -5.230349070094608 -1.3429253906902163 0
      vertex -5.357419387098181 -0.676799461247242 0
      vertex -5.357419387098181 0.676799461247242 0
    endloop
  endfacet
  facet normal 0 0 -1
    outer loop
      vertex -4.732056072236863 -2.6014698401492633 0
      vertex -5.020793023796558 -1.9878725844972607 0
      vertex -4.842915805643155 -1.2434494358242743 0
    endloop
  endfacet
  facet normal 0 0 -1
    outer loop
      vertex -4.368691769624717 -3.174040362379355 0
      vertex -4.732056072236863 -2.6014698401492633 0
      vertex -4.648882429441257 -1.8406227634233894 0
    endloop
  endfacet
  facet normal 0 0 -1
    outer loop
      vertex -4.368691769624717 -3.174040362379355 0
      vertex -4.648882429441257 -1.8406227634233894 0
      vertex -4.381533400219317 -2.408768370508577 0
    endloop
  endfacet
  facet normal 0 0 -1
    outer loop
      vertex -4.732056072236863 -2.6014698401492633 0
      vertex -4.842915805643155 -1.2434494358242743 0
      vertex -4.648882429441257 -1.8406227634233894 0
    endloop
  endfacet
  facet normal 0 0 -1
    outer loop
      vertex -4.368691769624717 -3.174040362379355 0
      vertex -4.045084971874737 -2.938926261462366 0
      vertex -3.9364305880756234 -3.6965543720149183 0
    endloop
  endfacet
  facet normal 0 0 -1
    outer loop
      vertex -4.368691769624717 -3.174040362379355 0
      vertex -4.381533400219317 -2.408768370508577 0
      vertex -4.045084971874737 -2.938926261462366 0
    endloop
  endfacet
  facet normal 0 0 -1
    outer loop
      vertex -3.9364305880756234 -3.6965543720149183 0
      vertex -4.045084971874737 -2.938926261462366 0
      vertex -3.6448431371070584 -3.4227355296434423 0
    endloop
  endfacet
  facet normal 0 0 -1
    outer loop
      vertex -5.020793023796558 -1.9878725844972607 0
      vertex -4.9605735065723895 -0.6266661678215203 0
      vertex -4.842915805643155 -1.2434494358242743 0
    endloop
  endfacet
  facet normal 0 0 -1
    outer loop
      vertex -5.020793023796558 -1.9878725844972607 0
      vertex -5.230349070094608 -1.3429253906902163 0
      vertex -5.230349070094608 1.3429253906902163 0
    endloop
  endfacet
  facet normal 0 0 -1
    outer loop
      vertex -5.020793023796558 -1.9878725844972607 0
      vertex -5 0 0
      vertex -4.9605735065723895 -0.6266661678215203 0
    endloop
  endfacet
  facet normal 0 0 -1
    outer loop
      vertex -3.4420895446429243 -4.160771510989263 0
      vertex -3.1871199487434483 -3.852566213878947 0
      vertex -2.8934646928865826 -4.559370797710881 0
    endloop
  endfacet
  facet normal 0 0 -1
    outer loop
      vertex -3.4420895446429243 -4.160771510989263 0
      vertex -3.6448431371070584 -3.4227355296434423 0
      vertex -3.1871199487434483 -3.852566213878947 0
    endloop
  endfacet
  facet normal 0 0 -1
    outer loop
      vertex -2.8934646928865826 -4.559370797710881 0
      vertex -3.1871199487434483 -3.852566213878947 0
      vertex -2.6791339748949836 -4.221639627510075 0
    endloop
  endfacet
  facet normal 0 0 -1
    outer loop
      vertex -2.8934646928865826 -4.559370797710881 0
      vertex -2.6791339748949836 -4.221639627510075 0
      vertex -2.2992081744513913 -4.886066083316506 0
    endloop
  endfacet
  facet normal 0 0 -1
    outer loop
      vertex -2.2992081744513913 -4.886066083316506 0
      vertex -2.6791339748949836 -4.221639627510075 0
      vertex -2.128896457825362 -4.524135262330098 0
    endloop
  endfacet
  facet normal 0 0 -1
    outer loop
      vertex -2.2992081744513913 -4.886066083316506 0
      vertex -2.128896457825362 -4.524135262330098 0
      vertex -1.668691769624716 -5.135705187993829 0
    endloop
  endfacet
  facet normal 0 0 -1
    outer loop
      vertex -2.128896457825362 -4.524135262330098 0
      vertex -1.545084971874737 -4.755282581475767 0
      vertex -1.668691769624716 -5.135705187993829 0
    endloop
  endfacet
  facet normal 0 0 -1
    outer loop
      vertex -0.3390688054582943 -5.389344333512667 0
      vertex -0.3139525976465688 -4.990133642141358 0
      vertex 0.3390688054582943 -5.389344333512667 0
    endloop
  endfacet
  facet normal 0 0 -1
    outer loop
      vertex -1.668691769624716 -5.135705187993829 0
      vertex -1.545084971874737 -4.755282581475767 0
      vertex -1.0118590987629141 -5.304351153934919 0
    endloop
  endfacet
  facet normal 0 0 -1
    outer loop
      vertex -1.545084971874737 -4.755282581475767 0
      vertex -0.9369065729286241 -4.911436253643443 0
      vertex -1.0118590987629141 -5.304351153934919 0
    endloop
  endfacet
  facet normal 0 0 -1
    outer loop
      vertex -1.0118590987629141 -5.304351153934919 0
      vertex -0.9369065729286241 -4.911436253643443 0
      vertex -0.3390688054582943 -5.389344333512667 0
    endloop
  endfacet
  facet normal 0 0 -1
    outer loop
      vertex -0.9369065729286241 -4.911436253643443 0
      vertex -0.3139525976465688 -4.990133642141358 0
      vertex -0.3390688054582943 -5.389344333512667 0
    endloop
  endfacet
  facet normal 0.8382575712720258 -0.05273869616943204 0.5427180429389399
    outer loop
      vertex -2.875 0 -3.9
      vertex -2.852329766279124 0.3603330464973742 -3.9
      vertex -5.4 0 0
    endloop
  endfacet
  facet normal 0.8250377486222651 -0.15738436776513445 0.54271804293894
    outer loop
      vertex -2.852329766279124 0.3603330464973742 -3.9
      vertex -2.7846765882448143 0.7149834255989577 -3.9
      vertex -5.357419387098181 0.676799461247242 0
    endloop
  endfacet
  facet normal 0.7988065878230701 -0.2595479938643155 0.5427180429389398
    outer loop
      vertex -2.7846765882448143 0.7149834255989577 -3.9
      vertex -2.673107396928723 1.058358088968449 -3.9
      vertex -5.230349070094608 1.3429253906902163 0
    endloop
  endfacet
  facet normal 0.8382575712720258 -0.05273869616943146 0.5427180429389399
    outer loop
      vertex -2.852329766279124 0.3603330464973742 -3.9
      vertex -5.357419387098181 0.676799461247242 0
      vertex -5.4 0 0
    endloop
  endfacet
  facet normal 0.8250377486222649 -0.1573843677651356 0.5427180429389399
    outer loop
      vertex -2.7846765882448143 0.7149834255989577 -3.9
      vertex -5.230349070094608 1.3429253906902163 0
      vertex -5.357419387098181 0.676799461247242 0
    endloop
  endfacet
  facet normal 0.7988065878230701 -0.25954799386431604 0.5427180429389399
    outer loop
      vertex -2.673107396928723 1.058358088968449 -3.9
      vertex -5.020793023796558 1.9878725844972607 0
      vertex -5.230349070094608 1.3429253906902163 0
    endloop
  endfacet
  facet normal 0.759977769949979 -0.35761839305380233 0.5427180429389398
    outer loop
      vertex -2.5193817051261074 1.3850418130424318 -3.9
      vertex -4.732056072236863 2.6014698401492633 0
      vertex -5.020793023796558 1.9878725844972607 0
    endloop
  endfacet
  facet normal 0.7091636486560638 -0.45004893655395517 0.5427180429389398
    outer loop
      vertex -2.325923858827974 1.6898826003408602 -3.9
      vertex -4.368691769624717 3.174040362379355 0
      vertex -4.732056072236863 2.6014698401492633 0
    endloop
  endfacet
  facet normal 0.7599777699499789 -0.35761839305380283 0.5427180429389398
    outer loop
      vertex -2.673107396928723 1.058358088968449 -3.9
      vertex -2.5193817051261074 1.3850418130424318 -3.9
      vertex -5.020793023796558 1.9878725844972607 0
    endloop
  endfacet
  facet normal 0.7091636486560637 -0.4500489365539553 0.5427180429389399
    outer loop
      vertex -2.5193817051261074 1.3850418130424318 -3.9
      vertex -2.325923858827974 1.6898826003408602 -3.9
      vertex -4.732056072236863 2.6014698401492633 0
    endloop
  endfacet
  facet normal 0.6471655929890119 -0.5353819394784509 0.5427180429389399
    outer loop
      vertex -2.325923858827974 1.6898826003408602 -3.9
      vertex -2.0957848038365587 1.9680729295449795 -3.9
      vertex -4.368691769624717 3.174040362379355 0
    endloop
  endfacet
  facet normal 0.5749613493225377 -0.6122716493957023 0.5427180429389399
    outer loop
      vertex -2.0957848038365587 1.9680729295449795 -3.9
      vertex -1.8325939705274827 2.2152255729803945 -3.9
      vertex -3.4420895446429243 4.160771510989263 0
    endloop
  endfacet
  facet normal 0.493689621711985 -0.6795054696486293 0.5427180429389398
    outer loop
      vertex -1.8325939705274827 2.2152255729803945 -3.9
      vertex -1.5405020355646157 2.427442785818293 -3.9
      vertex -2.8934646928865826 4.559370797710881 0
    endloop
  endfacet
  facet normal 0.40463211385114956 -0.7360230827283051 0.5427180429389399
    outer loop
      vertex -1.5405020355646157 2.427442785818293 -3.9
      vertex -1.224115463249584 2.601377775839806 -3.9
      vertex -2.299208174451393 4.886066083316505 0
    endloop
  endfacet
  facet normal 0.30919331583937293 -0.780933172114478 0.5427180429389398
    outer loop
      vertex -1.224115463249584 2.601377775839806 -3.9
      vertex -0.8884238588279738 2.7342874843485663 -3.9
      vertex -1.668691769624716 5.135705187993829 0
    endloop
  endfacet
  facet normal 0.6471655929890117 -0.5353819394784511 0.5427180429389399
    outer loop
      vertex -2.0957848038365587 1.9680729295449795 -3.9
      vertex -3.9364305880756234 3.6965543720149183 0
      vertex -4.368691769624717 3.174040362379355 0
    endloop
  endfacet
  facet normal 0.5749613493225375 -0.6122716493957023 0.54271804293894
    outer loop
      vertex -2.0957848038365587 1.9680729295449795 -3.9
      vertex -3.4420895446429243 4.160771510989263 0
      vertex -3.9364305880756234 3.6965543720149183 0
    endloop
  endfacet
  facet normal 0.20887835453367648 -0.8135274788695406 0.5427180429389399
    outer loop
      vertex -0.8884238588279738 2.7342874843485663 -3.9
      vertex -0.5387212794339582 2.82407584584498 -3.9
      vertex -1.0118590987629128 5.3043511539349195 0
    endloop
  endfacet
  facet normal 0.10526925679910226 -0.8332919713050713 0.5427180429389398
    outer loop
      vertex -0.5387212794339582 2.82407584584498 -3.9
      vertex -0.18052274364677567 2.869326844231281 -3.9
      vertex -0.3390688054582917 5.389344333512667 0
    endloop
  endfacet
  facet normal 0 -0.8399149515686258 0.5427180429389399
    outer loop
      vertex -0.18052274364677567 2.869326844231281 -3.9
      vertex 0.18052274364677567 2.869326844231281 -3.9
      vertex -0.3390688054582917 5.389344333512667 0
    endloop
  endfacet
  facet normal 0.4936896217119842 -0.6795054696486298 0.5427180429389399
    outer loop
      vertex -1.8325939705274827 2.2152255729803945 -3.9
      vertex -2.8934646928865826 4.559370797710881 0
      vertex -3.4420895446429243 4.160771510989263 0
    endloop
  endfacet
  facet normal 0.40463211385115 -0.736023082728305 0.5427180429389398
    outer loop
      vertex -1.5405020355646157 2.427442785818293 -3.9
      vertex -2.299208174451393 4.886066083316505 0
      vertex -2.8934646928865826 4.559370797710881 0
    endloop
  endfacet
  facet normal 0.3091933158393735 -0.7809331721144779 0.5427180429389398
    outer loop
      vertex -1.224115463249584 2.601377775839806 -3.9
      vertex -1.668691769624716 5.135705187993829 0
      vertex -2.299208174451393 4.886066083316505 0
    endloop
  endfacet
  facet normal 0.2088783545336768 -0.8135274788695405 0.5427180429389399
    outer loop
      vertex -0.8884238588279738 2.7342874843485663 -3.9
      vertex -1.0118590987629128 5.3043511539349195 0
      vertex -1.668691769624716 5.135705187993829 0
    endloop
  endfacet
  facet normal 0.10526925679910094 -0.8332919713050714 0.5427180429389399
    outer loop
      vertex -0.5387212794339582 2.82407584584498 -3.9
      vertex -0.3390688054582917 5.389344333512667 0
      vertex -1.0118590987629128 5.3043511539349195 0
    endloop
  endfacet
  facet normal 0 0 -1
    outer loop
      vertex -5.357419387098181 -0.676799461247242 0
      vertex -5.4 0 0
      vertex -5.357419387098181 0.676799461247242 0
    endloop
  endfacet
  facet normal 0 0 -1
    outer loop
      vertex -5.230349070094608 -1.3429253906902163 0
      vertex -5.357419387098181 0.676799461247242 0
      vertex -5.230349070094608 1.3429253906902163 0
    endloop
  endfacet
  facet normal 0 0 -1
    outer loop
      vertex -5.020793023796558 -1.9878725844972607 0
      vertex -5.020793023796558 1.9878725844972607 0
      vertex -5 0 0
    endloop
  endfacet
  facet normal 0 0 -1
    outer loop
      vertex -5.020793023796558 -1.9878725844972607 0
      vertex -5.230349070094608 1.3429253906902163 0
      vertex -5.020793023796558 1.9878725844972607 0
    endloop
  endfacet
  facet normal 0 0 -1
    outer loop
      vertex -5 0 0
      vertex -5.020793023796558 1.9878725844972607 0
      vertex -4.9605735065723895 0.6266661678215203 0
    endloop
  endfacet
  facet normal 0 0 -1
    outer loop
      vertex -4.9605735065723895 0.6266661678215203 0
      vertex -5.020793023796558 1.9878725844972607 0
      vertex -4.842915805643155 1.2434494358242743 0
    endloop
  endfacet
  facet normal 0 0 -1
    outer loop
      vertex -4.842915805643155 1.2434494358242743 0
      vertex -5.020793023796558 1.9878725844972607 0
      vertex -4.648882429441257 1.8406227634233894 0
    endloop
  endfacet
  facet normal 0 0 -1
    outer loop
      vertex -5.020793023796558 1.9878725844972607 0
      vertex -4.732056072236863 2.6014698401492633 0
      vertex -4.648882429441257 1.8406227634233894 0
    endloop
  endfacet
  facet normal 0 0 -1
    outer loop
      vertex -4.732056072236863 2.6014698401492633 0
      vertex -4.381533400219317 2.408768370508577 0
      vertex -4.648882429441257 1.8406227634233894 0
    endloop
  endfacet
  facet normal 0 0 -1
    outer loop
      vertex -4.732056072236863 2.6014698401492633 0
      vertex -4.045084971874737 2.938926261462366 0
      vertex -4.381533400219317 2.408768370508577 0
    endloop
  endfacet
  facet normal 0 0 -1
    outer loop
      vertex -4.732056072236863 2.6014698401492633 0
      vertex -4.368691769624717 3.174040362379355 0
      vertex -4.045084971874737 2.938926261462366 0
    endloop
  endfacet
  facet normal 0 0 -1
    outer loop
      vertex -4.368691769624717 3.174040362379355 0
      vertex -3.6448431371070584 3.4227355296434423 0
      vertex -4.045084971874737 2.938926261462366 0
    endloop
  endfacet
  facet normal 0 0 -1
    outer loop
      vertex -4.368691769624717 3.174040362379355 0
      vertex -3.9364305880756234 3.6965543720149183 0
      vertex -3.6448431371070584 3.4227355296434423 0
    endloop
  endfacet
  facet normal 0 0 -1
    outer loop
      vertex -3.9364305880756234 3.6965543720149183 0
      vertex -3.1871199487434483 3.852566213878947 0
      vertex -3.6448431371070584 3.4227355296434423 0
    endloop
  endfacet
  facet normal 0 0 -1
    outer loop
      vertex -3.9364305880756234 3.6965543720149183 0
      vertex -3.4420895446429243 4.160771510989263 0
      vertex -3.1871199487434483 3.852566213878947 0
    endloop
  endfacet
  facet normal 0 0 -1
    outer loop
      vertex -3.1871199487434483 3.852566213878947 0
      vertex -3.4420895446429243 4.160771510989263 0
      vertex -2.6791339748949836 4.221639627510075 0
    endloop
  endfacet
  facet normal 0 0 -1
    outer loop
      vertex -3.4420895446429243 4.160771510989263 0
      vertex -2.8934646928865826 4.559370797710881 0
      vertex -2.6791339748949836 4.221639627510075 0
    endloop
  endfacet
  facet normal 0 0 -1
    outer loop
      vertex -2.8934646928865826 4.559370797710881 0
      vertex -2.1288964578253635 4.524135262330097 0
      vertex -2.6791339748949836 4.221639627510075 0
    endloop
  endfacet
  facet normal 0 0 -1
    outer loop
      vertex -2.8934646928865826 4.559370797710881 0
      vertex -2.299208174451393 4.886066083316505 0
      vertex -2.1288964578253635 4.524135262330097 0
    endloop
  endfacet
  facet normal 0 0 -1
    outer loop
      vertex -2.1288964578253635 4.524135262330097 0
      vertex -2.299208174451393 4.886066083316505 0
      vertex -1.545084971874737 4.755282581475767 0
    endloop
  endfacet
  facet normal 0 0 -1
    outer loop
      vertex -2.299208174451393 4.886066083316505 0
      vertex -1.668691769624716 5.135705187993829 0
      vertex -1.545084971874737 4.755282581475767 0
    endloop
  endfacet
  facet normal 0 0 -1
    outer loop
      vertex -1.545084971874737 4.755282581475767 0
      vertex -1.668691769624716 5.135705187993829 0
      vertex -0.9369065729286229 4.911436253643443 0
    endloop
  endfacet
  facet normal 0 0 -1
    outer loop
      vertex -1.668691769624716 5.135705187993829 0
      vertex -1.0118590987629128 5.3043511539349195 0
      vertex -0.9369065729286229 4.911436253643443 0
    endloop
  endfacet
  facet normal 0 0 -1
    outer loop
      vertex -0.9369065729286229 4.911436253643443 0
      vertex -1.0118590987629128 5.3043511539349195 0
      vertex -0.3139525976465663 4.990133642141358 0
    endloop
  endfacet
  facet normal 0 0 -1
    outer loop
      vertex -1.0118590987629128 5.3043511539349195 0
      vertex -0.3390688054582917 5.389344333512667 0
      vertex -0.3139525976465663 4.990133642141358 0
    endloop
  endfacet
  facet normal 0 0 -1
    outer loop
      vertex -0.3390688054582917 5.389344333512667 0
      vertex 0.3390688054582917 5.389344333512667 0
      vertex -0.3139525976465663 4.990133642141358 0
    endloop
  endfacet
  facet normal 0 0.8399149515686258 0.5427180429389398
    outer loop
      vertex -0.18052274364677706 -2.869326844231281 -3.9000000000000004
      vertex 0.3390688054582943 -5.389344333512667 0
      vertex 0.18052274364677706 -2.869326844231281 -3.9000000000000004
    endloop
  endfacet
  facet normal -0.10526925679910247 0.8332919713050713 0.5427180429389398
    outer loop
      vertex 0.18052274364677706 -2.869326844231281 -3.9000000000000004
      vertex 0.3390688054582943 -5.389344333512667 0
      vertex 0.5387212794339589 -2.82407584584498 -3.9000000000000004
    endloop
  endfacet
  facet normal -0.2088783545336769 0.8135274788695407 0.5427180429389397
    outer loop
      vertex 0.5387212794339589 -2.82407584584498 -3.9000000000000004
      vertex 1.0118590987629141 -5.304351153934919 0
      vertex 0.8884238588279738 -2.7342874843485663 -3.9000000000000004
    endloop
  endfacet
  facet normal -0.1052692567991028 0.8332919713050713 0.5427180429389397
    outer loop
      vertex 0.5387212794339589 -2.82407584584498 -3.9000000000000004
      vertex 0.3390688054582943 -5.389344333512667 0
      vertex 1.0118590987629141 -5.304351153934919 0
    endloop
  endfacet
  facet normal -0.2088783545336762 0.8135274788695408 0.5427180429389399
    outer loop
      vertex 0.8884238588279738 -2.7342874843485663 -3.9000000000000004
      vertex 1.0118590987629141 -5.304351153934919 0
      vertex 1.668691769624716 -5.135705187993829 0
    endloop
  endfacet
  facet normal -0.3091933158393727 0.780933172114478 0.5427180429389398
    outer loop
      vertex 1.2241154632495832 -2.6013777758398064 -3.9000000000000004
      vertex 1.668691769624716 -5.135705187993829 0
      vertex 2.2992081744513913 -4.886066083316506 0
    endloop
  endfacet
  facet normal -0.4046321138511495 0.7360230827283051 0.5427180429389397
    outer loop
      vertex 1.5405020355646142 -2.427442785818294 -3.9000000000000004
      vertex 2.2992081744513913 -4.886066083316506 0
      vertex 2.89346469288658 -4.559370797710883 0
    endloop
  endfacet
  facet normal -0.4936896217119844 0.6795054696486296 0.5427180429389399
    outer loop
      vertex 1.8325939705274836 -2.2152255729803936 -3.9000000000000004
      vertex 2.89346469288658 -4.559370797710883 0
      vertex 3.442089544642926 -4.160771510989261 0
    endloop
  endfacet
  facet normal -0.30919331583937276 0.780933172114478 0.5427180429389398
    outer loop
      vertex 0.8884238588279738 -2.7342874843485663 -3.9000000000000004
      vertex 1.668691769624716 -5.135705187993829 0
      vertex 1.2241154632495832 -2.6013777758398064 -3.9000000000000004
    endloop
  endfacet
  facet normal -0.40463211385114944 0.7360230827283052 0.5427180429389399
    outer loop
      vertex 1.2241154632495832 -2.6013777758398064 -3.9000000000000004
      vertex 2.2992081744513913 -4.886066083316506 0
      vertex 1.5405020355646142 -2.427442785818294 -3.9000000000000004
    endloop
  endfacet
  facet normal -0.49368962171198494 0.6795054696486293 0.5427180429389398
    outer loop
      vertex 1.5405020355646142 -2.427442785818294 -3.9000000000000004
      vertex 2.89346469288658 -4.559370797710883 0
      vertex 1.8325939705274836 -2.2152255729803936 -3.9000000000000004
    endloop
  endfacet
  facet normal -0.5749613493225376 0.6122716493957023 0.5427180429389399
    outer loop
      vertex 1.8325939705274836 -2.2152255729803936 -3.9000000000000004
      vertex 3.442089544642926 -4.160771510989261 0
      vertex 2.0957848038365587 -1.9680729295449795 -3.9000000000000004
    endloop
  endfacet
  facet normal -0.6471655929890119 0.5353819394784508 0.5427180429389398
    outer loop
      vertex 2.0957848038365587 -1.9680729295449795 -3.9000000000000004
      vertex 4.368691769624717 -3.174040362379355 0
      vertex 2.325923858827974 -1.6898826003408602 -3.9000000000000004
    endloop
  endfacet
  facet normal -0.7091636486560636 0.4500489365539553 0.5427180429389398
    outer loop
      vertex 2.325923858827974 -1.6898826003408602 -3.9000000000000004
      vertex 4.732056072236863 -2.6014698401492633 0
      vertex 2.5193817051261074 -1.3850418130424318 -3.9000000000000004
    endloop
  endfacet
  facet normal -0.759977769949979 0.35761839305380233 0.5427180429389398
    outer loop
      vertex 2.5193817051261074 -1.3850418130424318 -3.9000000000000004
      vertex 5.020793023796557 -1.9878725844972633 0
      vertex 2.6731073969287222 -1.0583580889684503 -3.9000000000000004
    endloop
  endfacet
  facet normal -0.5749613493225376 0.6122716493957026 0.5427180429389398
    outer loop
      vertex 2.0957848038365587 -1.9680729295449795 -3.9000000000000004
      vertex 3.442089544642926 -4.160771510989261 0
      vertex 3.9364305880756234 -3.6965543720149183 0
    endloop
  endfacet
  facet normal -0.6471655929890117 0.5353819394784513 0.5427180429389397
    outer loop
      vertex 2.0957848038365587 -1.9680729295449795 -3.9000000000000004
      vertex 3.9364305880756234 -3.6965543720149183 0
      vertex 4.368691769624717 -3.174040362379355 0
    endloop
  endfacet
  facet normal -0.7988065878230699 0.2595479938643166 0.5427180429389398
    outer loop
      vertex 2.6731073969287222 -1.0583580889684503 -3.9000000000000004
      vertex 5.230349070094609 -1.342925390690214 0
      vertex 2.784676588244815 -0.7149834255989564 -3.9000000000000004
    endloop
  endfacet
  facet normal -0.8250377486222651 0.15738436776513398 0.5427180429389398
    outer loop
      vertex 2.784676588244815 -0.7149834255989564 -3.9000000000000004
      vertex 5.357419387098181 -0.676799461247242 0
      vertex 2.852329766279124 -0.3603330464973742 -3.9000000000000004
    endloop
  endfacet
  facet normal -0.8382575712720258 0.05273869616943204 0.5427180429389398
    outer loop
      vertex 2.852329766279124 -0.3603330464973742 -3.9000000000000004
      vertex 5.4 0 0
      vertex 2.875 0 -3.9000000000000004
    endloop
  endfacet
  facet normal -0.709163648656064 0.4500489365539549 0.5427180429389398
    outer loop
      vertex 2.325923858827974 -1.6898826003408602 -3.9000000000000004
      vertex 4.368691769624717 -3.174040362379355 0
      vertex 4.732056072236863 -2.6014698401492633 0
    endloop
  endfacet
  facet normal -0.759977769949979 0.3576183930538026 0.5427180429389398
    outer loop
      vertex 2.5193817051261074 -1.3850418130424318 -3.9000000000000004
      vertex 4.732056072236863 -2.6014698401492633 0
      vertex 5.020793023796557 -1.9878725844972633 0
    endloop
  endfacet
  facet normal -0.79880658782307 0.25954799386431626 0.5427180429389398
    outer loop
      vertex 2.6731073969287222 -1.0583580889684503 -3.9000000000000004
      vertex 5.020793023796557 -1.9878725844972633 0
      vertex 5.230349070094609 -1.342925390690214 0
    endloop
  endfacet
  facet normal -0.825037748622265 0.15738436776513498 0.5427180429389398
    outer loop
      vertex 2.784676588244815 -0.7149834255989564 -3.9000000000000004
      vertex 5.230349070094609 -1.342925390690214 0
      vertex 5.357419387098181 -0.676799461247242 0
    endloop
  endfacet
  facet normal -0.8382575712720258 0.05273869616943146 0.5427180429389399
    outer loop
      vertex 2.852329766279124 -0.3603330464973742 -3.9000000000000004
      vertex 5.357419387098181 -0.676799461247242 0
      vertex 5.4 0 0
    endloop
  endfacet
  facet normal 0 0 -1
    outer loop
      vertex -0.3139525976465688 -4.990133642141358 0
      vertex 0.3139525976465688 -4.990133642141358 0
      vertex 0.3390688054582943 -5.389344333512667 0
    endloop
  endfacet
  facet normal 0 0 -1
    outer loop
      vertex 0.3139525976465688 -4.990133642141358 0
      vertex 1.0118590987629141 -5.304351153934919 0
      vertex 0.3390688054582943 -5.389344333512667 0
    endloop
  endfacet
  facet normal 0 0 -1
    outer loop
      vertex 0.3139525976465688 -4.990133642141358 0
      vertex 0.9369065729286241 -4.911436253643443 0
      vertex 1.0118590987629141 -5.304351153934919 0
    endloop
  endfacet
  facet normal 0 0 -1
    outer loop
      vertex 1.0118590987629141 -5.304351153934919 0
      vertex 0.9369065729286241 -4.911436253643443 0
      vertex 1.668691769624716 -5.135705187993829 0
    endloop
  endfacet
  facet normal 0 0 -1
    outer loop
      vertex 0.9369065729286241 -4.911436253643443 0
      vertex 1.545084971874737 -4.755282581475767 0
      vertex 1.668691769624716 -5.135705187993829 0
    endloop
  endfacet
  facet normal 0 0 -1
    outer loop
      vertex 1.668691769624716 -5.135705187993829 0
      vertex 1.545084971874737 -4.755282581475767 0
      vertex 2.2992081744513913 -4.886066083316506 0
    endloop
  endfacet
  facet normal 0 0 -1
    outer loop
      vertex 1.545084971874737 -4.755282581475767 0
      vertex 2.128896457825362 -4.524135262330098 0
      vertex 2.2992081744513913 -4.886066083316506 0
    endloop
  endfacet
  facet normal 0 0 -1
    outer loop
      vertex 2.2992081744513913 -4.886066083316506 0
      vertex 2.128896457825362 -4.524135262330098 0
      vertex 2.89346469288658 -4.559370797710883 0
    endloop
  endfacet
  facet normal 0 0 -1
    outer loop
      vertex 2.128896457825362 -4.524135262330098 0
      vertex 2.679133974894981 -4.2216396275100765 0
      vertex 2.89346469288658 -4.559370797710883 0
    endloop
  endfacet
  facet normal 0 0 -1
    outer loop
      vertex 2.679133974894981 -4.2216396275100765 0
      vertex 3.442089544642926 -4.160771510989261 0
      vertex 2.89346469288658 -4.559370797710883 0
    endloop
  endfacet
  facet normal 0 0 -1
    outer loop
      vertex 2.679133974894981 -4.2216396275100765 0
      vertex 3.18711994874345 -3.852566213878945 0
      vertex 3.442089544642926 -4.160771510989261 0
    endloop
  endfacet
  facet normal 0 0 -1
    outer loop
      vertex 3.442089544642926 -4.160771510989261 0
      vertex 3.18711994874345 -3.852566213878945 0
      vertex 3.9364305880756234 -3.6965543720149183 0
    endloop
  endfacet
  facet normal 0 0 -1
    outer loop
      vertex 3.18711994874345 -3.852566213878945 0
      vertex 3.6448431371070584 -3.4227355296434423 0
      vertex 3.9364305880756234 -3.6965543720149183 0
    endloop
  endfacet
  facet normal 0 0 -1
    outer loop
      vertex 3.6448431371070584 -3.4227355296434423 0
      vertex 4.368691769624717 -3.174040362379355 0
      vertex 3.9364305880756234 -3.6965543720149183 0
    endloop
  endfacet
  facet normal 0 0 -1
    outer loop
      vertex 3.6448431371070584 -3.4227355296434423 0
      vertex 4.045084971874737 -2.938926261462366 0
      vertex 4.368691769624717 -3.174040362379355 0
    endloop
  endfacet
  facet normal 0 0 -1
    outer loop
      vertex 4.045084971874737 -2.938926261462366 0
      vertex 4.732056072236863 -2.6014698401492633 0
      vertex 4.368691769624717 -3.174040362379355 0
    endloop
  endfacet
  facet normal 0 0 -1
    outer loop
      vertex 4.045084971874737 -2.938926261462366 0
      vertex 4.381533400219317 -2.408768370508577 0
      vertex 4.732056072236863 -2.6014698401492633 0
    endloop
  endfacet
  facet normal 0 0 -1
    outer loop
      vertex 4.381533400219317 -2.408768370508577 0
      vertex 4.648882429441256 -1.8406227634233918 0
      vertex 4.732056072236863 -2.6014698401492633 0
    endloop
  endfacet
  facet normal 0 0 -1
    outer loop
      vertex 4.648882429441256 -1.8406227634233918 0
      vertex 5.020793023796557 -1.9878725844972633 0
      vertex 4.732056072236863 -2.6014698401492633 0
    endloop
  endfacet
  facet normal 0 0 -1
    outer loop
      vertex 4.648882429441256 -1.8406227634233918 0
      vertex 4.842915805643156 -1.2434494358242723 0
      vertex 5.020793023796557 -1.9878725844972633 0
    endloop
  endfacet
  facet normal 0 0 -1
    outer loop
      vertex 5.020793023796557 -1.9878725844972633 0
      vertex 4.842915805643156 -1.2434494358242723 0
      vertex 4.9605735065723895 -0.6266661678215203 0
    endloop
  endfacet
  facet normal 0 0 -1
    outer loop
      vertex 5.020793023796557 -1.9878725844972633 0
      vertex 4.9605735065723895 -0.6266661678215203 0
      vertex 5 0 0
    endloop
  endfacet
  facet normal 0 0 -1
    outer loop
      vertex 5.020793023796557 -1.9878725844972633 0
      vertex 5.020793023796558 1.9878725844972611 0
      vertex 5.230349070094609 -1.342925390690214 0
    endloop
  endfacet
  facet normal 0 0 -1
    outer loop
      vertex 5.020793023796557 -1.9878725844972633 0
      vertex 5 0 0
      vertex 5.020793023796558 1.9878725844972611 0
    endloop
  endfacet
  facet normal 0 0 -1
    outer loop
      vertex 5.230349070094609 -1.342925390690214 0
      vertex 5.230349070094608 1.3429253906902159 0
      vertex 5.357419387098181 -0.676799461247242 0
    endloop
  endfacet
  facet normal -0.30919331583937354 -0.7809331721144778 0.5427180429389398
    outer loop
      vertex 1.224115463249584 2.601377775839806 -3.9
      vertex 1.668691769624716 5.135705187993829 0
      vertex 0.8884238588279738 2.7342874843485663 -3.9000000000000004
    endloop
  endfacet
  facet normal -0.40463211385115 -0.736023082728305 0.5427180429389398
    outer loop
      vertex 1.224115463249584 2.601377775839806 -3.9
      vertex 1.5405020355646153 2.427442785818293 -3.9
      vertex 2.299208174451393 4.886066083316505 0
    endloop
  endfacet
  facet normal -0.7599777699499796 -0.35761839305380083 0.5427180429389398
    outer loop
      vertex 2.6731073969287227 1.0583580889684492 -3.9
      vertex 5.020793023796558 1.9878725844972611 0
      vertex 2.519381705126108 1.3850418130424316 -3.9000000000000004
    endloop
  endfacet
  facet normal -0.4936896217119855 -0.6795054696486288 0.5427180429389398
    outer loop
      vertex 1.5405020355646153 2.427442785818293 -3.9
      vertex 1.832593970527483 2.2152255729803936 -3.9
      vertex 2.893464692886582 4.559370797710882 0
    endloop
  endfacet
  facet normal -0.5749613493225365 -0.6122716493957033 0.5427180429389399
    outer loop
      vertex 1.832593970527483 2.2152255729803936 -3.9
      vertex 2.0957848038365583 1.9680729295449801 -3.9
      vertex 3.4420895446429247 4.160771510989262 0
    endloop
  endfacet
  facet normal -0.647165592989012 -0.5353819394784507 0.5427180429389399
    outer loop
      vertex 2.0957848038365583 1.9680729295449801 -3.9
      vertex 2.325923858827974 1.6898826003408602 -3.9
      vertex 4.368691769624717 3.174040362379355 0
    endloop
  endfacet
  facet normal -0.7091636486560631 -0.4500489365539564 0.5427180429389398
    outer loop
      vertex 2.325923858827974 1.6898826003408602 -3.9
      vertex 2.519381705126108 1.3850418130424316 -3.9000000000000004
      vertex 4.732056072236864 2.601469840149263 0
    endloop
  endfacet
  facet normal -0.6471655929890116 -0.5353819394784514 0.5427180429389399
    outer loop
      vertex 2.0957848038365583 1.9680729295449801 -3.9
      vertex 4.368691769624717 3.174040362379355 0
      vertex 3.9364305880756225 3.696554372014919 0
    endloop
  endfacet
  facet normal -0.5749613493225374 -0.6122716493957026 0.54271804293894
    outer loop
      vertex 2.0957848038365583 1.9680729295449801 -3.9
      vertex 3.9364305880756225 3.696554372014919 0
      vertex 3.4420895446429247 4.160771510989262 0
    endloop
  endfacet
  facet normal -0.10526925679910226 -0.8332919713050713 0.5427180429389398
    outer loop
      vertex 0.18052274364677567 2.869326844231281 -3.9
      vertex 0.5387212794339582 2.82407584584498 -3.9
      vertex 0.3390688054582917 5.389344333512667 0
    endloop
  endfacet
  facet normal -0.20887835453367581 -0.8135274788695407 0.5427180429389399
    outer loop
      vertex 0.5387212794339582 2.82407584584498 -3.9
      vertex 0.8884238588279738 2.7342874843485663 -3.9000000000000004
      vertex 1.0118590987629128 5.3043511539349195 0
    endloop
  endfacet
  facet normal 0 -0.8399149515686258 0.5427180429389398
    outer loop
      vertex -0.3390688054582917 5.389344333512667 0
      vertex 0.18052274364677567 2.869326844231281 -3.9
      vertex 0.3390688054582917 5.389344333512667 0
    endloop
  endfacet
  facet normal -0.10526925679910094 -0.8332919713050714 0.5427180429389399
    outer loop
      vertex 0.5387212794339582 2.82407584584498 -3.9
      vertex 1.0118590987629128 5.3043511539349195 0
      vertex 0.3390688054582917 5.389344333512667 0
    endloop
  endfacet
  facet normal -0.3091933158393735 -0.7809331721144779 0.5427180429389398
    outer loop
      vertex 1.224115463249584 2.601377775839806 -3.9
      vertex 2.299208174451393 4.886066083316505 0
      vertex 1.668691769624716 5.135705187993829 0
    endloop
  endfacet
  facet normal -0.2088783545336768 -0.8135274788695405 0.5427180429389399
    outer loop
      vertex 0.8884238588279738 2.7342874843485663 -3.9000000000000004
      vertex 1.668691769624716 5.135705187993829 0
      vertex 1.0118590987629128 5.3043511539349195 0
    endloop
  endfacet
  facet normal -0.40463211385114933 -0.7360230827283052 0.5427180429389399
    outer loop
      vertex 1.5405020355646153 2.427442785818293 -3.9
      vertex 2.893464692886582 4.559370797710882 0
      vertex 2.299208174451393 4.886066083316505 0
    endloop
  endfacet
  facet normal -0.49368962171198516 -0.6795054696486291 0.5427180429389399
    outer loop
      vertex 1.832593970527483 2.2152255729803936 -3.9
      vertex 3.4420895446429247 4.160771510989262 0
      vertex 2.893464692886582 4.559370797710882 0
    endloop
  endfacet
  facet normal -0.8382575712720259 -0.05273869616943197 0.5427180429389399
    outer loop
      vertex 2.875 0 -3.9000000000000004
      vertex 5.4 0 0
      vertex 2.852329766279124 0.36033304649737474 -3.9000000000000004
    endloop
  endfacet
  facet normal -0.825037748622265 -0.15738436776513476 0.5427180429389399
    outer loop
      vertex 2.852329766279124 0.36033304649737474 -3.9000000000000004
      vertex 5.357419387098181 0.676799461247243 0
      vertex 2.7846765882448143 0.7149834255989576 -3.9000000000000004
    endloop
  endfacet
  facet normal -0.7988065878230698 -0.25954799386431693 0.5427180429389398
    outer loop
      vertex 2.6731073969287227 1.0583580889684492 -3.9
      vertex 2.7846765882448143 0.7149834255989576 -3.9000000000000004
      vertex 5.230349070094608 1.3429253906902159 0
    endloop
  endfacet
  facet normal -0.7988065878230702 -0.25954799386431576 0.5427180429389399
    outer loop
      vertex 2.6731073969287227 1.0583580889684492 -3.9
      vertex 5.230349070094608 1.3429253906902159 0
      vertex 5.020793023796558 1.9878725844972611 0
    endloop
  endfacet
  facet normal -0.8382575712720258 -0.05273869616943138 0.5427180429389399
    outer loop
      vertex 2.852329766279124 0.36033304649737474 -3.9000000000000004
      vertex 5.4 0 0
      vertex 5.357419387098181 0.676799461247243 0
    endloop
  endfacet
  facet normal -0.8250377486222649 -0.15738436776513592 0.5427180429389399
    outer loop
      vertex 2.7846765882448143 0.7149834255989576 -3.9000000000000004
      vertex 5.357419387098181 0.676799461247243 0
      vertex 5.230349070094608 1.3429253906902159 0
    endloop
  endfacet
  facet normal -0.7091636486560635 -0.4500489365539557 0.5427180429389398
    outer loop
      vertex 2.325923858827974 1.6898826003408602 -3.9
      vertex 4.732056072236864 2.601469840149263 0
      vertex 4.368691769624717 3.174040362379355 0
    endloop
  endfacet
  facet normal -0.7599777699499792 -0.3576183930538018 0.5427180429389398
    outer loop
      vertex 2.519381705126108 1.3850418130424316 -3.9000000000000004
      vertex 5.020793023796558 1.9878725844972611 0
      vertex 4.732056072236864 2.601469840149263 0
    endloop
  endfacet
  facet normal 0 0 -1
    outer loop
      vertex -0.3139525976465663 4.990133642141358 0
      vertex 0.3390688054582917 5.389344333512667 0
      vertex 0.31395259764656636 4.990133642141358 0
    endloop
  endfacet
  facet normal 0 0 -1
    outer loop
      vertex 0.31395259764656636 4.990133642141358 0
      vertex 0.3390688054582917 5.389344333512667 0
      vertex 0.9369065729286229 4.911436253643443 0
    endloop
  endfacet
  facet normal 0 0 -1
    outer loop
      vertex 0.3390688054582917 5.389344333512667 0
      vertex 1.0118590987629128 5.3043511539349195 0
      vertex 0.9369065729286229 4.911436253643443 0
    endloop
  endfacet
  facet normal 0 0 -1
    outer loop
      vertex 0.9369065729286229 4.911436253643443 0
      vertex 1.0118590987629128 5.3043511539349195 0
      vertex 1.545084971874737 4.755282581475767 0
    endloop
  endfacet
  facet normal 0 0 -1
    outer loop
      vertex 1.0118590987629128 5.3043511539349195 0
      vertex 1.668691769624716 5.135705187993829 0
      vertex 1.545084971874737 4.755282581475767 0
    endloop
  endfacet
  facet normal 0 0 -1
    outer loop
      vertex 1.545084971874737 4.755282581475767 0
      vertex 1.668691769624716 5.135705187993829 0
      vertex 2.1288964578253635 4.524135262330097 0
    endloop
  endfacet
  facet normal 0 0 -1
    outer loop
      vertex 1.668691769624716 5.135705187993829 0
      vertex 2.299208174451393 4.886066083316505 0
      vertex 2.1288964578253635 4.524135262330097 0
    endloop
  endfacet
  facet normal 0 0 -1
    outer loop
      vertex 2.1288964578253635 4.524135262330097 0
      vertex 2.299208174451393 4.886066083316505 0
      vertex 2.679133974894983 4.221639627510076 0
    endloop
  endfacet
  facet normal 0 0 -1
    outer loop
      vertex 2.679133974894983 4.221639627510076 0
      vertex 2.299208174451393 4.886066083316505 0
      vertex 2.893464692886582 4.559370797710882 0
    endloop
  endfacet
  facet normal 0 0 -1
    outer loop
      vertex 2.679133974894983 4.221639627510076 0
      vertex 2.893464692886582 4.559370797710882 0
      vertex 3.1871199487434487 3.8525662138789456 0
    endloop
  endfacet
  facet normal 0 0 -1
    outer loop
      vertex 3.1871199487434487 3.8525662138789456 0
      vertex 3.4420895446429247 4.160771510989262 0
      vertex 3.644843137107058 3.4227355296434436 0
    endloop
  endfacet
  facet normal 0 0 -1
    outer loop
      vertex 3.1871199487434487 3.8525662138789456 0
      vertex 2.893464692886582 4.559370797710882 0
      vertex 3.4420895446429247 4.160771510989262 0
    endloop
  endfacet
  facet normal 0 0 -1
    outer loop
      vertex 5 0 0
      vertex 4.9605735065723895 0.6266661678215213 0
      vertex 5.020793023796558 1.9878725844972611 0
    endloop
  endfacet
  facet normal 0 0 -1
    outer loop
      vertex 5.230349070094609 -1.342925390690214 0
      vertex 5.020793023796558 1.9878725844972611 0
      vertex 5.230349070094608 1.3429253906902159 0
    endloop
  endfacet
  facet normal 0 0 -1
    outer loop
      vertex 4.9605735065723895 0.6266661678215213 0
      vertex 4.842915805643155 1.243449435824274 0
      vertex 5.020793023796558 1.9878725844972611 0
    endloop
  endfacet
  facet normal 0 0 -1
    outer loop
      vertex 4.045084971874737 2.938926261462366 0
      vertex 3.644843137107058 3.4227355296434436 0
      vertex 3.9364305880756225 3.696554372014919 0
    endloop
  endfacet
  facet normal 0 0 -1
    outer loop
      vertex 4.381533400219318 2.4087683705085765 0
      vertex 4.045084971874737 2.938926261462366 0
      vertex 4.368691769624717 3.174040362379355 0
    endloop
  endfacet
  facet normal 0 0 -1
    outer loop
      vertex 4.045084971874737 2.938926261462366 0
      vertex 3.9364305880756225 3.696554372014919 0
      vertex 4.368691769624717 3.174040362379355 0
    endloop
  endfacet
  facet normal 0 0 -1
    outer loop
      vertex 4.842915805643155 1.243449435824274 0
      vertex 4.648882429441256 1.8406227634233898 0
      vertex 4.732056072236864 2.601469840149263 0
    endloop
  endfacet
  facet normal 0 0 -1
    outer loop
      vertex 4.648882429441256 1.8406227634233898 0
      vertex 4.381533400219318 2.4087683705085765 0
      vertex 4.368691769624717 3.174040362379355 0
    endloop
  endfacet
  facet normal 0 0 -1
    outer loop
      vertex 4.648882429441256 1.8406227634233898 0
      vertex 4.368691769624717 3.174040362379355 0
      vertex 4.732056072236864 2.601469840149263 0
    endloop
  endfacet
  facet normal 0 0 -1
    outer loop
      vertex 4.842915805643155 1.243449435824274 0
      vertex 4.732056072236864 2.601469840149263 0
      vertex 5.020793023796558 1.9878725844972611 0
    endloop
  endfacet
  facet normal 0 0 -1
    outer loop
      vertex 5.357419387098181 -0.676799461247242 0
      vertex 5.357419387098181 0.676799461247243 0
      vertex 5.4 0 0
    endloop
  endfacet
  facet normal 0 0 -1
    outer loop
      vertex 5.357419387098181 -0.676799461247242 0
      vertex 5.230349070094608 1.3429253906902159 0
      vertex 5.357419387098181 0.676799461247243 0
    endloop
  endfacet
  facet normal 0 0 -1
    outer loop
      vertex 3.644843137107058 3.4227355296434436 0
      vertex 3.4420895446429247 4.160771510989262 0
      vertex 3.9364305880756225 3.696554372014919 0
    endloop
  endfacet
  facet normal 0.9048270524660195 0.42577929156507305 0
    outer loop
      vertex -4.381533400219317 -2.408768370508577 0
      vertex -4.648882429441257 -1.8406227634233894 0
      vertex -4.648882429441257 -1.8406227634233894 3
    endloop
  endfacet
  facet normal 0.7705132427757889 0.6374239897486902 0
    outer loop
      vertex -3.6448431371070584 -3.4227355296434423 0
      vertex -4.045084971874737 -2.938926261462366 0
      vertex -4.045084971874737 -2.938926261462366 3
    endloop
  endfacet
  facet normal 0.8443279255020154 0.535826794978996 0
    outer loop
      vertex -4.045084971874737 -2.938926261462366 0
      vertex -4.381533400219317 -2.408768370508577 0
      vertex -4.381533400219317 -2.408768370508577 3
    endloop
  endfacet
  facet normal 0.9510565162951536 0.30901699437494723 0
    outer loop
      vertex -4.648882429441257 -1.8406227634233894 0
      vertex -4.842915805643155 -1.2434494358242743 0
      vertex -4.842915805643155 -1.2434494358242743 3
    endloop
  endfacet
  facet normal 0.9822872507286885 0.18738131458572513 0
    outer loop
      vertex -4.842915805643155 -1.2434494358242743 0
      vertex -4.9605735065723895 -0.6266661678215203 0
      vertex -4.9605735065723895 -0.6266661678215203 3
    endloop
  endfacet
  facet normal 0.9980267284282717 0.06279051952931294 0
    outer loop
      vertex -4.9605735065723895 -0.6266661678215203 0
      vertex -5 0 0
      vertex -5 0 3
    endloop
  endfacet
  facet normal 0.9048270524660195 0.42577929156507305 0
    outer loop
      vertex -4.381533400219317 -2.408768370508577 0
      vertex -4.648882429441257 -1.8406227634233894 3
      vertex -4.381533400219317 -2.408768370508577 3
    endloop
  endfacet
  facet normal 0.8443279255020154 0.535826794978996 0
    outer loop
      vertex -4.045084971874737 -2.938926261462366 0
      vertex -4.381533400219317 -2.408768370508577 3
      vertex -4.045084971874737 -2.938926261462366 3
    endloop
  endfacet
  facet normal 0.7705132427757889 0.6374239897486902 0
    outer loop
      vertex -3.6448431371070584 -3.4227355296434423 0
      vertex -4.045084971874737 -2.938926261462366 3
      vertex -3.6448431371070584 -3.4227355296434423 3
    endloop
  endfacet
  facet normal 0.9822872507286885 0.18738131458572513 0
    outer loop
      vertex -4.842915805643155 -1.2434494358242743 0
      vertex -4.9605735065723895 -0.6266661678215203 3
      vertex -4.842915805643155 -1.2434494358242743 3
    endloop
  endfacet
  facet normal 0.9510565162951536 0.30901699437494723 0
    outer loop
      vertex -4.648882429441257 -1.8406227634233894 0
      vertex -4.842915805643155 -1.2434494358242743 3
      vertex -4.648882429441257 -1.8406227634233894 3
    endloop
  endfacet
  facet normal 0.9980267284282717 0.06279051952931294 0
    outer loop
      vertex -4.9605735065723895 -0.6266661678215203 0
      vertex -5 0 3
      vertex -4.9605735065723895 -0.6266661678215203 3
    endloop
  endfacet
  facet normal 0.6845471059286894 0.7289686274214109 0
    outer loop
      vertex -3.6448431371070584 -3.4227355296434423 0
      vertex -3.1871199487434483 -3.852566213878947 3
      vertex -3.1871199487434483 -3.852566213878947 0
    endloop
  endfacet
  facet normal 0.5877852522924722 0.8090169943749481 0
    outer loop
      vertex -3.1871199487434483 -3.852566213878947 0
      vertex -2.6791339748949836 -4.221639627510075 3
      vertex -2.6791339748949836 -4.221639627510075 0
    endloop
  endfacet
  facet normal 0.4817536741017159 0.8763066800438633 0
    outer loop
      vertex -2.6791339748949836 -4.221639627510075 0
      vertex -2.128896457825362 -4.524135262330098 3
      vertex -2.128896457825362 -4.524135262330098 0
    endloop
  endfacet
  facet normal 0.3681245526846768 0.9297764858882519 0
    outer loop
      vertex -2.128896457825362 -4.524135262330098 0
      vertex -1.545084971874737 -4.755282581475767 3
      vertex -1.545084971874737 -4.755282581475767 0
    endloop
  endfacet
  facet normal 0.24868988716485582 0.968583161128631 0
    outer loop
      vertex -1.545084971874737 -4.755282581475767 0
      vertex -0.9369065729286241 -4.911436253643443 3
      vertex -0.9369065729286241 -4.911436253643443 0
    endloop
  endfacet
  facet normal 0.12533323356430498 0.9921147013144778 0
    outer loop
      vertex -0.9369065729286241 -4.911436253643443 0
      vertex -0.3139525976465688 -4.990133642141358 3
      vertex -0.3139525976465688 -4.990133642141358 0
    endloop
  endfacet
  facet normal 0.6845471059286894 0.7289686274214109 0
    outer loop
      vertex -3.6448431371070584 -3.4227355296434423 0
      vertex -3.6448431371070584 -3.4227355296434423 3
      vertex -3.1871199487434483 -3.852566213878947 3
    endloop
  endfacet
  facet normal 0.5877852522924722 0.8090169943749481 0
    outer loop
      vertex -3.1871199487434483 -3.852566213878947 0
      vertex -3.1871199487434483 -3.852566213878947 3
      vertex -2.6791339748949836 -4.221639627510075 3
    endloop
  endfacet
  facet normal 0.3681245526846768 0.9297764858882519 0
    outer loop
      vertex -2.128896457825362 -4.524135262330098 0
      vertex -2.128896457825362 -4.524135262330098 3
      vertex -1.545084971874737 -4.755282581475767 3
    endloop
  endfacet
  facet normal 0.4817536741017159 0.8763066800438633 0
    outer loop
      vertex -2.6791339748949836 -4.221639627510075 0
      vertex -2.6791339748949836 -4.221639627510075 3
      vertex -2.128896457825362 -4.524135262330098 3
    endloop
  endfacet
  facet normal 0.24868988716485582 0.968583161128631 0
    outer loop
      vertex -1.545084971874737 -4.755282581475767 0
      vertex -1.545084971874737 -4.755282581475767 3
      vertex -0.9369065729286241 -4.911436253643443 3
    endloop
  endfacet
  facet normal 0.12533323356430498 0.9921147013144778 0
    outer loop
      vertex -0.9369065729286241 -4.911436253643443 0
      vertex -0.9369065729286241 -4.911436253643443 3
      vertex -0.3139525976465688 -4.990133642141358 3
    endloop
  endfacet
  facet normal 0 1 0
    outer loop
      vertex -0.3139525976465688 -4.990133642141358 0
      vertex -0.3139525976465688 -4.990133642141358 3
      vertex 0.3139525976465688 -4.990133642141358 3
    endloop
  endfacet
  facet normal 0.9980267284282717 -0.06279051952931294 0
    outer loop
      vertex -5 0 0
      vertex -4.9605735065723895 0.6266661678215203 0
      vertex -4.9605735065723895 0.6266661678215203 3
    endloop
  endfacet
  facet normal 0.9822872507286885 -0.18738131458572513 0
    outer loop
      vertex -4.9605735065723895 0.6266661678215203 0
      vertex -4.842915805643155 1.2434494358242743 0
      vertex -4.842915805643155 1.2434494358242743 3
    endloop
  endfacet
  facet normal 0.9510565162951536 -0.30901699437494723 0
    outer loop
      vertex -4.842915805643155 1.2434494358242743 0
      vertex -4.648882429441257 1.8406227634233894 0
      vertex -4.648882429441257 1.8406227634233894 3
    endloop
  endfacet
  facet normal 0.9048270524660195 -0.42577929156507305 0
    outer loop
      vertex -4.648882429441257 1.8406227634233894 0
      vertex -4.381533400219317 2.408768370508577 0
      vertex -4.381533400219317 2.408768370508577 3
    endloop
  endfacet
  facet normal 0.8443279255020154 -0.535826794978996 0
    outer loop
      vertex -4.381533400219317 2.408768370508577 0
      vertex -4.045084971874737 2.938926261462366 0
      vertex -4.045084971874737 2.938926261462366 3
    endloop
  endfacet
  facet normal 0.7705132427757889 -0.6374239897486902 0
    outer loop
      vertex -4.045084971874737 2.938926261462366 0
      vertex -3.6448431371070584 3.4227355296434423 0
      vertex -3.6448431371070584 3.4227355296434423 3
    endloop
  endfacet
  facet normal 0.9980267284282717 -0.06279051952931294 0
    outer loop
      vertex -5 0 0
      vertex -4.9605735065723895 0.6266661678215203 3
      vertex -5 0 3
    endloop
  endfacet
  facet normal 0.9822872507286885 -0.18738131458572513 0
    outer loop
      vertex -4.9605735065723895 0.6266661678215203 0
      vertex -4.842915805643155 1.2434494358242743 3
      vertex -4.9605735065723895 0.6266661678215203 3
    endloop
  endfacet
  facet normal 0.9510565162951536 -0.30901699437494723 0
    outer loop
      vertex -4.842915805643155 1.2434494358242743 0
      vertex -4.648882429441257 1.8406227634233894 3
      vertex -4.842915805643155 1.2434494358242743 3
    endloop
  endfacet
  facet normal 0.9048270524660195 -0.42577929156507305 0
    outer loop
      vertex -4.648882429441257 1.8406227634233894 0
      vertex -4.381533400219317 2.408768370508577 3
      vertex -4.648882429441257 1.8406227634233894 3
    endloop
  endfacet
  facet normal 0.8443279255020154 -0.535826794978996 0
    outer loop
      vertex -4.381533400219317 2.408768370508577 0
      vertex -4.045084971874737 2.938926261462366 3
      vertex -4.381533400219317 2.408768370508577 3
    endloop
  endfacet
  facet normal 0.7705132427757889 -0.6374239897486902 0
    outer loop
      vertex -4.045084971874737 2.938926261462366 0
      vertex -3.6448431371070584 3.4227355296434423 3
      vertex -4.045084971874737 2.938926261462366 3
    endloop
  endfacet
  facet normal 0.6845471059286894 -0.7289686274214109 0
    outer loop
      vertex -3.6448431371070584 3.4227355296434423 0
      vertex -3.1871199487434483 3.852566213878947 0
      vertex -3.6448431371070584 3.4227355296434423 3
    endloop
  endfacet
  facet normal 0.5877852522924722 -0.8090169943749481 0
    outer loop
      vertex -3.1871199487434483 3.852566213878947 0
      vertex -2.6791339748949836 4.221639627510075 0
      vertex -3.1871199487434483 3.852566213878947 3
    endloop
  endfacet
  facet normal 0.48175367410171566 -0.8763066800438633 0
    outer loop
      vertex -2.6791339748949836 4.221639627510075 0
      vertex -2.1288964578253635 4.524135262330097 0
      vertex -2.6791339748949836 4.221639627510075 3
    endloop
  endfacet
  facet normal 0.3681245526846773 -0.9297764858882517 0
    outer loop
      vertex -2.1288964578253635 4.524135262330097 0
      vertex -1.545084971874737 4.755282581475767 0
      vertex -2.1288964578253635 4.524135262330097 3
    endloop
  endfacet
  facet normal 0.24868988716485532 -0.968583161128631 0
    outer loop
      vertex -1.545084971874737 4.755282581475767 0
      vertex -0.9369065729286229 4.911436253643443 0
      vertex -1.545084971874737 4.755282581475767 3
    endloop
  endfacet
  facet normal 0.12533323356430473 -0.9921147013144778 0
    outer loop
      vertex -0.9369065729286229 4.911436253643443 0
      vertex -0.3139525976465663 4.990133642141358 0
      vertex -0.9369065729286229 4.911436253643443 3
    endloop
  endfacet
  facet normal 0 -1 0
    outer loop
      vertex -0.3139525976465663 4.990133642141358 0
      vertex 0.31395259764656636 4.990133642141358 0
      vertex -0.31395259764656597 4.990133642141358 3
    endloop
  endfacet
  facet normal 0.6845471059286894 -0.7289686274214109 0
    outer loop
      vertex -3.1871199487434483 3.852566213878947 0
      vertex -3.1871199487434483 3.852566213878947 3
      vertex -3.6448431371070584 3.4227355296434423 3
    endloop
  endfacet
  facet normal 0.5877852522924722 -0.8090169943749481 0
    outer loop
      vertex -2.6791339748949836 4.221639627510075 0
      vertex -2.6791339748949836 4.221639627510075 3
      vertex -3.1871199487434483 3.852566213878947 3
    endloop
  endfacet
  facet normal 0.48175367410171566 -0.8763066800438633 0
    outer loop
      vertex -2.1288964578253635 4.524135262330097 0
      vertex -2.1288964578253635 4.524135262330097 3
      vertex -2.6791339748949836 4.221639627510075 3
    endloop
  endfacet
  facet normal 0.3681245526846773 -0.9297764858882517 0
    outer loop
      vertex -1.545084971874737 4.755282581475767 0
      vertex -1.545084971874737 4.755282581475767 3
      vertex -2.1288964578253635 4.524135262330097 3
    endloop
  endfacet
  facet normal 0.24868988716485532 -0.968583161128631 0
    outer loop
      vertex -0.9369065729286229 4.911436253643443 0
      vertex -0.9369065729286229 4.911436253643443 3
      vertex -1.545084971874737 4.755282581475767 3
    endloop
  endfacet
  facet normal 0.12533323356430465 -0.9921147013144778 -1.391478416538135e-17
    outer loop
      vertex -0.3139525976465663 4.990133642141358 0
      vertex -0.31395259764656597 4.990133642141358 3
      vertex -0.9369065729286229 4.911436253643443 3
    endloop
  endfacet
  facet normal 0 1 0
    outer loop
      vertex -0.3139525976465688 -4.990133642141358 0
      vertex 0.3139525976465688 -4.990133642141358 3
      vertex 0.3139525976465688 -4.990133642141358 0
    endloop
  endfacet
  facet normal -0.12533323356430498 0.9921147013144778 0
    outer loop
      vertex 0.3139525976465688 -4.990133642141358 0
      vertex 0.9369065729286241 -4.911436253643443 3
      vertex 0.9369065729286241 -4.911436253643443 0
    endloop
  endfacet
  facet normal -0.24868988716485582 0.968583161128631 0
    outer loop
      vertex 0.9369065729286241 -4.911436253643443 0
      vertex 1.545084971874737 -4.755282581475767 3
      vertex 1.545084971874737 -4.755282581475767 0
    endloop
  endfacet
  facet normal -0.3681245526846768 0.9297764858882519 0
    outer loop
      vertex 1.545084971874737 -4.755282581475767 0
      vertex 2.128896457825362 -4.524135262330098 3
      vertex 2.128896457825362 -4.524135262330098 0
    endloop
  endfacet
  facet normal -0.4817536741017155 0.8763066800438635 0
    outer loop
      vertex 2.128896457825362 -4.524135262330098 0
      vertex 2.679133974894981 -4.2216396275100765 3
      vertex 2.679133974894981 -4.2216396275100765 0
    endloop
  endfacet
  facet normal -0.5877852522924726 0.8090169943749479 0
    outer loop
      vertex 2.679133974894981 -4.2216396275100765 0
      vertex 3.18711994874345 -3.852566213878945 3
      vertex 3.18711994874345 -3.852566213878945 0
    endloop
  endfacet
  facet normal -0.6845471059286893 0.728968627421411 0
    outer loop
      vertex 3.18711994874345 -3.852566213878945 0
      vertex 3.6448431371070584 -3.4227355296434423 3
      vertex 3.6448431371070584 -3.4227355296434423 0
    endloop
  endfacet
  facet normal -0.12533323356430498 0.9921147013144778 0
    outer loop
      vertex 0.3139525976465688 -4.990133642141358 0
      vertex 0.3139525976465688 -4.990133642141358 3
      vertex 0.9369065729286241 -4.911436253643443 3
    endloop
  endfacet
  facet normal -0.24868988716485582 0.968583161128631 0
    outer loop
      vertex 0.9369065729286241 -4.911436253643443 0
      vertex 0.9369065729286241 -4.911436253643443 3
      vertex 1.545084971874737 -4.755282581475767 3
    endloop
  endfacet
  facet normal -0.3681245526846768 0.9297764858882519 0
    outer loop
      vertex 1.545084971874737 -4.755282581475767 0
      vertex 1.545084971874737 -4.755282581475767 3
      vertex 2.128896457825362 -4.524135262330098 3
    endloop
  endfacet
  facet normal -0.4817536741017155 0.8763066800438635 0
    outer loop
      vertex 2.128896457825362 -4.524135262330098 0
      vertex 2.128896457825362 -4.524135262330098 3
      vertex 2.679133974894981 -4.2216396275100765 3
    endloop
  endfacet
  facet normal -0.5877852522924726 0.8090169943749479 0
    outer loop
      vertex 2.679133974894981 -4.2216396275100765 0
      vertex 2.679133974894981 -4.2216396275100765 3
      vertex 3.18711994874345 -3.852566213878945 3
    endloop
  endfacet
  facet normal -0.6845471059286893 0.728968627421411 0
    outer loop
      vertex 3.18711994874345 -3.852566213878945 0
      vertex 3.18711994874345 -3.852566213878945 3
      vertex 3.6448431371070584 -3.4227355296434423 3
    endloop
  endfacet
  facet normal -0.7705132427757889 0.6374239897486902 0
    outer loop
      vertex 3.6448431371070584 -3.4227355296434423 0
      vertex 3.6448431371070584 -3.4227355296434423 3
      vertex 4.045084971874737 -2.938926261462366 0
    endloop
  endfacet
  facet normal -0.8443279255020154 0.535826794978996 0
    outer loop
      vertex 4.045084971874737 -2.938926261462366 0
      vertex 4.045084971874737 -2.938926261462366 3
      vertex 4.381533400219317 -2.408768370508577 0
    endloop
  endfacet
  facet normal -0.9048270524660191 0.4257792915650733 0
    outer loop
      vertex 4.381533400219317 -2.408768370508577 0
      vertex 4.381533400219317 -2.408768370508577 3
      vertex 4.648882429441256 -1.8406227634233918 0
    endloop
  endfacet
  facet normal -0.9510565162951534 0.3090169943749477 0
    outer loop
      vertex 4.648882429441256 -1.8406227634233918 0
      vertex 4.648882429441256 -1.8406227634233918 3
      vertex 4.842915805643156 -1.2434494358242723 0
    endloop
  endfacet
  facet normal -0.9822872507286887 0.18738131458572432 0
    outer loop
      vertex 4.842915805643156 -1.2434494358242723 0
      vertex 4.842915805643156 -1.2434494358242723 3
      vertex 4.9605735065723895 -0.6266661678215203 0
    endloop
  endfacet
  facet normal -0.9980267284282717 0.06279051952931294 0
    outer loop
      vertex 4.9605735065723895 -0.6266661678215203 0
      vertex 4.9605735065723895 -0.6266661678215203 3
      vertex 5 0 0
    endloop
  endfacet
  facet normal -0.7705132427757889 0.6374239897486902 0
    outer loop
      vertex 4.045084971874737 -2.938926261462366 0
      vertex 3.6448431371070584 -3.4227355296434423 3
      vertex 4.045084971874737 -2.938926261462366 3
    endloop
  endfacet
  facet normal -0.8443279255020154 0.535826794978996 0
    outer loop
      vertex 4.381533400219317 -2.408768370508577 0
      vertex 4.045084971874737 -2.938926261462366 3
      vertex 4.381533400219317 -2.408768370508577 3
    endloop
  endfacet
  facet normal -0.9048270524660191 0.4257792915650733 0
    outer loop
      vertex 4.648882429441256 -1.8406227634233918 0
      vertex 4.381533400219317 -2.408768370508577 3
      vertex 4.648882429441256 -1.8406227634233918 3
    endloop
  endfacet
  facet normal -0.9510565162951534 0.3090169943749477 0
    outer loop
      vertex 4.842915805643156 -1.2434494358242723 0
      vertex 4.648882429441256 -1.8406227634233918 3
      vertex 4.842915805643156 -1.2434494358242723 3
    endloop
  endfacet
  facet normal -0.9822872507286887 0.18738131458572432 0
    outer loop
      vertex 4.9605735065723895 -0.6266661678215203 0
      vertex 4.842915805643156 -1.2434494358242723 3
      vertex 4.9605735065723895 -0.6266661678215203 3
    endloop
  endfacet
  facet normal -0.9980267284282717 0.06279051952931294 0
    outer loop
      vertex 5 0 0
      vertex 4.9605735065723895 -0.6266661678215203 3
      vertex 5 0 3
    endloop
  endfacet
  facet normal -0.12533323356430473 -0.9921147013144778 0
    outer loop
      vertex 0.31395259764656636 4.990133642141358 0
      vertex 0.9369065729286229 4.911436253643443 0
      vertex 0.31395259764656636 4.990133642141358 3
    endloop
  endfacet
  facet normal -0.24868988716485532 -0.968583161128631 0
    outer loop
      vertex 0.9369065729286229 4.911436253643443 0
      vertex 1.545084971874737 4.755282581475767 0
      vertex 0.9369065729286229 4.911436253643443 3
    endloop
  endfacet
  facet normal -0.3681245526846773 -0.9297764858882517 0
    outer loop
      vertex 1.545084971874737 4.755282581475767 0
      vertex 2.1288964578253635 4.524135262330097 0
      vertex 1.545084971874737 4.755282581475767 3
    endloop
  endfacet
  facet normal -0.48175367410171493 -0.8763066800438638 0
    outer loop
      vertex 2.1288964578253635 4.524135262330097 0
      vertex 2.679133974894983 4.221639627510076 0
      vertex 2.1288964578253635 4.524135262330097 3
    endloop
  endfacet
  facet normal -0.5877852522924738 -0.8090169943749468 0
    outer loop
      vertex 2.679133974894983 4.221639627510076 0
      vertex 3.1871199487434487 3.8525662138789456 0
      vertex 2.679133974894983 4.221639627510076 3
    endloop
  endfacet
  facet normal -0.6845471059286878 -0.7289686274214123 0
    outer loop
      vertex 3.1871199487434487 3.8525662138789456 0
      vertex 3.644843137107058 3.4227355296434436 0
      vertex 3.1871199487434487 3.8525662138789456 3
    endloop
  endfacet
  facet normal 0 -1 0
    outer loop
      vertex 0.31395259764656636 4.990133642141358 0
      vertex 0.31395259764656636 4.990133642141358 3
      vertex -0.31395259764656597 4.990133642141358 3
    endloop
  endfacet
  facet normal -0.12533323356430473 -0.9921147013144778 0
    outer loop
      vertex 0.9369065729286229 4.911436253643443 0
      vertex 0.9369065729286229 4.911436253643443 3
      vertex 0.31395259764656636 4.990133642141358 3
    endloop
  endfacet
  facet normal -0.24868988716485532 -0.968583161128631 0
    outer loop
      vertex 1.545084971874737 4.755282581475767 0
      vertex 1.545084971874737 4.755282581475767 3
      vertex 0.9369065729286229 4.911436253643443 3
    endloop
  endfacet
  facet normal -0.48175367410171493 -0.8763066800438638 0
    outer loop
      vertex 2.679133974894983 4.221639627510076 0
      vertex 2.679133974894983 4.221639627510076 3
      vertex 2.1288964578253635 4.524135262330097 3
    endloop
  endfacet
  facet normal -0.3681245526846773 -0.9297764858882517 0
    outer loop
      vertex 2.1288964578253635 4.524135262330097 0
      vertex 2.1288964578253635 4.524135262330097 3
      vertex 1.545084971874737 4.755282581475767 3
    endloop
  endfacet
  facet normal -0.5877852522924738 -0.8090169943749468 0
    outer loop
      vertex 3.1871199487434487 3.8525662138789456 0
      vertex 3.1871199487434487 3.8525662138789456 3
      vertex 2.679133974894983 4.221639627510076 3
    endloop
  endfacet
  facet normal -0.6845471059286878 -0.7289686274214123 0
    outer loop
      vertex 3.644843137107058 3.4227355296434436 0
      vertex 3.644843137107058 3.4227355296434436 3
      vertex 3.1871199487434487 3.8525662138789456 3
    endloop
  endfacet
  facet normal -0.9980267284282716 -0.06279051952931283 0
    outer loop
      vertex 5 0 0
      vertex 5 0 3
      vertex 4.9605735065723895 0.6266661678215213 0
    endloop
  endfacet
  facet normal -0.9822872507286885 -0.18738131458572546 0
    outer loop
      vertex 4.9605735065723895 0.6266661678215213 0
      vertex 4.9605735065723895 0.6266661678215213 3
      vertex 4.842915805643155 1.243449435824274 0
    endloop
  endfacet
  facet normal -0.9510565162951534 -0.30901699437494823 0
    outer loop
      vertex 4.842915805643155 1.243449435824274 0
      vertex 4.842915805643155 1.243449435824274 3
      vertex 4.648882429441256 1.8406227634233898 0
    endloop
  endfacet
  facet normal -0.844327925502015 -0.5358267949789968 0
    outer loop
      vertex 4.381533400219318 2.4087683705085765 0
      vertex 4.381533400219318 2.4087683705085765 3
      vertex 4.045084971874737 2.938926261462366 0
    endloop
  endfacet
  facet normal -0.7705132427757895 -0.6374239897486895 0
    outer loop
      vertex 4.045084971874737 2.938926261462366 0
      vertex 4.045084971874737 2.938926261462366 3
      vertex 3.644843137107058 3.4227355296434436 0
    endloop
  endfacet
  facet normal -0.9048270524660202 -0.42577929156507127 0
    outer loop
      vertex 4.648882429441256 1.8406227634233898 0
      vertex 4.648882429441256 1.8406227634233898 3
      vertex 4.381533400219318 2.4087683705085765 0
    endloop
  endfacet
  facet normal -0.9980267284282716 -0.06279051952931283 0
    outer loop
      vertex 4.9605735065723895 0.6266661678215213 0
      vertex 5 0 3
      vertex 4.9605735065723895 0.6266661678215213 3
    endloop
  endfacet
  facet normal -0.9510565162951534 -0.30901699437494823 0
    outer loop
      vertex 4.648882429441256 1.8406227634233898 0
      vertex 4.842915805643155 1.243449435824274 3
      vertex 4.648882429441256 1.8406227634233898 3
    endloop
  endfacet
  facet normal -0.9822872507286885 -0.18738131458572546 0
    outer loop
      vertex 4.842915805643155 1.243449435824274 0
      vertex 4.9605735065723895 0.6266661678215213 3
      vertex 4.842915805643155 1.243449435824274 3
    endloop
  endfacet
  facet normal -0.7705132427757895 -0.6374239897486895 0
    outer loop
      vertex 3.644843137107058 3.4227355296434436 0
      vertex 4.045084971874737 2.938926261462366 3
      vertex 3.644843137107058 3.4227355296434436 3
    endloop
  endfacet
  facet normal -0.844327925502015 -0.5358267949789968 0
    outer loop
      vertex 4.045084971874737 2.938926261462366 0
      vertex 4.381533400219318 2.4087683705085765 3
      vertex 4.045084971874737 2.938926261462366 3
    endloop
  endfacet
  facet normal -0.9048270524660202 -0.42577929156507127 0
    outer loop
      vertex 4.381533400219318 2.4087683705085765 0
      vertex 4.648882429441256 1.8406227634233898 3
      vertex 4.381533400219318 2.4087683705085765 3
    endloop
  endfacet
endsolid OpenSCAD_Model
