solid OpenSCAD_Model
  facet normal -0.6836963841928089 -0.7280627007864849 -0.04983932147580148
    outer loop
      vertex -3.5901704900504523 -3.3713944966987905 -3
      vertex -3.1393131495122963 -3.7947777206707625 -3
      vertex -3.2349267479746002 -3.910354707087131 0
    endloop
  endfacet
  facet normal -0.5870547814661051 -0.8080115875361041 -0.04983932147580149
    outer loop
      vertex -2.638946965271559 -4.1583150330974235 -3
      vertex -2.7193209845184088 -4.284964221922726 0
      vertex -3.1393131495122963 -3.7947777206707625 -3
    endloop
  endfacet
  facet normal -0.7695556865203672 -0.6366318303218885 -0.0498393214758015
    outer loop
      vertex -3.5901704900504523 -3.3713944966987905 -3
      vertex -3.699515784163664 -3.4740765625880945 0
      vertex -3.9185400009155273 -3.209321764823986 0
    endloop
  endfacet
  facet normal -0.6836963841928088 -0.7280627007864852 -0.04983932147580153
    outer loop
      vertex -3.5901704900504523 -3.3713944966987905 -3
      vertex -3.2349267479746002 -3.910354707087131 0
      vertex -3.699515784163664 -3.4740765625880945 0
    endloop
  endfacet
  facet normal -0.5870547814661053 -0.8080115875361041 -0.04983932147580147
    outer loop
      vertex -3.1393131495122963 -3.7947777206707625 -3
      vertex -2.7193209845184088 -4.284964221922726 0
      vertex -3.2349267479746002 -3.910354707087131 0
    endloop
  endfacet
  facet normal -0.9037025775627162 -0.42525015384045983 -0.04983932147580143
    outer loop
      vertex -4.579149192999639 -1.8130134219720384 -3
      vertex -4.315810399216027 -2.3726368449509483 -3
      vertex -4.718615665882877 -1.8682321048747401 0
    endloop
  endfacet
  facet normal -0.8432786359612162 -0.5351608955876933 -0.04983932147580154
    outer loop
      vertex -3.984408697296616 -2.8948423675404302 -3
      vertex -4.4472564012226075 -2.4448998960662056 0
      vertex -4.315810399216027 -2.3726368449509483 -3
    endloop
  endfacet
  facet normal -0.7695556865203668 -0.6366318303218892 -0.04983932147580135
    outer loop
      vertex -3.984408697296616 -2.8948423675404302 -3
      vertex -3.5901704900504523 -3.3713944966987905 -3
      vertex -4.105761246452858 -2.983010155384301 0
    endloop
  endfacet
  facet normal 0 0 -1
    outer loop
      vertex -4.770272068558508 -1.22479769428691 -3
      vertex -4.886164903973803 -0.6172661753041975 -3
      vertex -4.770272068558508 1.22479769428691 -3
    endloop
  endfacet
  facet normal 0 0 -1
    outer loop
      vertex -4.579149192999639 -1.8130134219720384 -3
      vertex -4.770272068558508 -1.22479769428691 -3
      vertex -4.579149192999639 1.8130134219720384 -3
    endloop
  endfacet
  facet normal 0 0 -1
    outer loop
      vertex -4.579149192999639 -1.8130134219720384 -3
      vertex -4.315810399216027 2.3726368449509483 -3
      vertex -4.315810399216027 -2.3726368449509483 -3
    endloop
  endfacet
  facet normal 0 0 -1
    outer loop
      vertex -3.984408697296616 -2.8948423675404302 -3
      vertex -4.315810399216027 -2.3726368449509483 -3
      vertex -3.984408697296616 2.8948423675404302 -3
    endloop
  endfacet
  facet normal -0.9810665120712087 -0.18714844623256843 -0.049839321475801564
    outer loop
      vertex -4.770272068558508 -1.22479769428691 -3
      vertex -5.034982109170976 -0.6360661603388431 0
      vertex -4.886164903973803 -0.6172661753041975 -3
    endloop
  endfacet
  facet normal -0.9498745896703013 -0.30863296313502947 -0.04983932147580165
    outer loop
      vertex -4.579149192999639 -1.8130134219720384 -3
      vertex -4.915559542727803 -1.2621011773616384 0
      vertex -4.770272068558508 -1.22479769428691 -3
    endloop
  endfacet
  facet normal -0.9967864295160269 -0.06271248653595425 -0.04983932147580147
    outer loop
      vertex -4.886164903973803 -0.6172661753041975 -3
      vertex -5.075 0 0
      vertex -4.925 0 -3
    endloop
  endfacet
  facet normal 0 0 -1
    outer loop
      vertex -3.984408697296616 -2.8948423675404302 -3
      vertex -3.5901704900504523 3.3713944966987905 -3
      vertex -3.5901704900504523 -3.3713944966987905 -3
    endloop
  endfacet
  facet normal 0 0 -1
    outer loop
      vertex -3.5901704900504523 -3.3713944966987905 -3
      vertex -3.1393131495122963 3.7947777206707625 -3
      vertex -3.1393131495122963 -3.7947777206707625 -3
    endloop
  endfacet
  facet normal 0 0 -1
    outer loop
      vertex -2.638946965271559 -4.1583150330974235 -3
      vertex -3.1393131495122963 -3.7947777206707625 -3
      vertex -2.638946965271559 4.1583150330974235 -3
    endloop
  endfacet
  facet normal -0.9037025775627163 -0.4252501538404593 -0.04983932147580155
    outer loop
      vertex -4.315810399216027 -2.3726368449509483 -3
      vertex -4.4472564012226075 -2.4448998960662056 0
      vertex -4.718615665882877 -1.8682321048747401 0
    endloop
  endfacet
  facet normal -0.8432786359612159 -0.5351608955876942 -0.04983932147580136
    outer loop
      vertex -3.984408697296616 -2.8948423675404302 -3
      vertex -4.105761246452858 -2.983010155384301 0
      vertex -4.4472564012226075 -2.4448998960662056 0
    endloop
  endfacet
  facet normal -0.7695556865203672 -0.6366318303218886 -0.04983932147580148
    outer loop
      vertex -3.5901704900504523 -3.3713944966987905 -3
      vertex -3.9185400009155273 -3.209321764823986 0
      vertex -4.105761246452858 -2.983010155384301 0
    endloop
  endfacet
  facet normal -0.9810665120712088 -0.18714844623256804 -0.04983932147580164
    outer loop
      vertex -4.770272068558508 -1.22479769428691 -3
      vertex -4.915559542727803 -1.2621011773616384 0
      vertex -5.034982109170976 -0.6360661603388431 0
    endloop
  endfacet
  facet normal -0.949874589670301 -0.30863296313503036 -0.04983932147580144
    outer loop
      vertex -4.579149192999639 -1.8130134219720384 -3
      vertex -4.718615665882877 -1.8682321048747401 0
      vertex -4.915559542727803 -1.2621011773616384 0
    endloop
  endfacet
  facet normal -0.996786429516027 -0.06271248653595377 -0.049839321475801564
    outer loop
      vertex -4.886164903973803 -0.6172661753041975 -3
      vertex -5.034982109170976 -0.6360661603388431 0
      vertex -5.075 0 0
    endloop
  endfacet
  facet normal -0.48115497414615477 -0.8752176488675516 -0.04983932147580144
    outer loop
      vertex -2.638946965271559 -4.1583150330974235 -3
      vertex -2.0969630109579818 -4.456273233395146 -3
      vertex -2.1608299046927426 -4.5919972912650495 0
    endloop
  endfacet
  facet normal -0.3676670654558689 -0.9286210050466776 -0.04983932147580149
    outer loop
      vertex -2.0969630109579818 -4.456273233395146 -3
      vertex -1.5219086972966158 -4.683953342753631 -3
      vertex -1.568261246452858 -4.826611820197904 0
    endloop
  endfacet
  facet normal -0.24838082750968726 -0.967379453244917 -0.049839321475801585
    outer loop
      vertex -1.5219086972966158 -4.683953342753631 -3
      vertex -0.9228529743346947 -4.837764709838791 -3
      vertex -0.9509601715225535 -4.985107797448095 0
    endloop
  endfacet
  facet normal -0.12517747553816258 -0.9908817495810105 -0.04983932147580137
    outer loop
      vertex -0.9228529743346947 -4.837764709838791 -3
      vertex -0.3092433086818703 -4.915281637509238 -3
      vertex -0.3186618866112674 -5.064985646773478 0
    endloop
  endfacet
  facet normal -0.48115497414615466 -0.8752176488675517 -0.049839321475801474
    outer loop
      vertex -2.638946965271559 -4.1583150330974235 -3
      vertex -2.1608299046927426 -4.5919972912650495 0
      vertex -2.7193209845184088 -4.284964221922726 0
    endloop
  endfacet
  facet normal -0.367667065455869 -0.9286210050466774 -0.049839321475801446
    outer loop
      vertex -2.0969630109579818 -4.456273233395146 -3
      vertex -1.568261246452858 -4.826611820197904 0
      vertex -2.1608299046927426 -4.5919972912650495 0
    endloop
  endfacet
  facet normal -0.24838082750968782 -0.967379453244917 -0.04983932147580149
    outer loop
      vertex -1.5219086972966158 -4.683953342753631 -3
      vertex -0.9509601715225535 -4.985107797448095 0
      vertex -1.568261246452858 -4.826611820197904 0
    endloop
  endfacet
  facet normal -0.12517747553816147 -0.9908817495810106 -0.0498393214758016
    outer loop
      vertex -0.9228529743346947 -4.837764709838791 -3
      vertex -0.3186618866112674 -5.064985646773478 0
      vertex -0.9509601715225535 -4.985107797448095 0
    endloop
  endfacet
  facet normal 0 -0.998757248802146 -0.049839321475801356
    outer loop
      vertex -0.3092433086818703 -4.915281637509238 -3
      vertex 0.3186618866112674 -5.064985646773478 0
      vertex -0.3186618866112674 -5.064985646773478 0
    endloop
  endfacet
  facet normal 0 0 -1
    outer loop
      vertex -2.638946965271559 -4.1583150330974235 -3
      vertex -2.096963010957983 4.456273233395145 -3
      vertex -2.0969630109579818 -4.456273233395146 -3
    endloop
  endfacet
  facet normal 0 0 -1
    outer loop
      vertex -2.0969630109579818 -4.456273233395146 -3
      vertex -1.5219086972966158 4.683953342753631 -3
      vertex -1.5219086972966158 -4.683953342753631 -3
    endloop
  endfacet
  facet normal 0 0 -1
    outer loop
      vertex -1.5219086972966158 -4.683953342753631 -3
      vertex -0.9228529743346935 4.837764709838792 -3
      vertex -0.9228529743346947 -4.837764709838791 -3
    endloop
  endfacet
  facet normal 0 0 -1
    outer loop
      vertex -0.9228529743346947 -4.837764709838791 -3
      vertex -0.3092433086818679 4.915281637509238 -3
      vertex -0.3092433086818703 -4.915281637509238 -3
    endloop
  endfacet
  facet normal 0 0 1
    outer loop
      vertex -4.915559542727803 -1.2621011773616384 0
      vertex -5.034982109170976 0.6360661603388431 0
      vertex -5.034982109170976 -0.6360661603388431 0
    endloop
  endfacet
  facet normal 0 0 1
    outer loop
      vertex -4.718615665882877 -1.8682321048747401 0
      vertex -4.915559542727803 1.2621011773616384 0
      vertex -4.915559542727803 -1.2621011773616384 0
    endloop
  endfacet
  facet normal 0 0 1
    outer loop
      vertex -4.4472564012226075 -2.4448998960662056 0
      vertex -4.718615665882877 1.8682321048747401 0
      vertex -4.718615665882877 -1.8682321048747401 0
    endloop
  endfacet
  facet normal 0 0 1
    outer loop
      vertex -4.105761246452858 -2.983010155384301 0
      vertex -4.4472564012226075 2.4448998960662056 0
      vertex -4.4472564012226075 -2.4448998960662056 0
    endloop
  endfacet
  facet normal 0 0 1
    outer loop
      vertex -4.105761246452858 -2.983010155384301 0
      vertex -3.9185400009155273 -3.209321764823986 0
      vertex -3.9185400009155273 3.209321764823986 0
    endloop
  endfacet
  facet normal 0 0 1
    outer loop
      vertex -0.4926600009202957 -4.335359998047352 0
      vertex -0.2964257150888443 -4.324714288115501 0
      vertex -0.4926600009202957 -0.6490800008177757 0
    endloop
  endfacet
  facet normal 0 0 1
    outer loop
      vertex -0.2964257150888443 -4.324714288115501 0
      vertex -0.12161999940872192 -4.306765712797642 0
      vertex -0.28604938834905624 -0.6591967344284058 0
    endloop
  endfacet
  facet normal 0 0 1
    outer loop
      vertex -0.12161999940872192 -4.306765712797642 0
      vertex 0.03175714612007141 -4.281514286994934 0
      vertex -0.28604938834905624 -0.6591967344284058 0
    endloop
  endfacet
  facet normal 0 0 1
    outer loop
      vertex -0.4926600009202957 -0.6490800008177757 0
      vertex -0.2964257150888443 -4.324714288115501 0
      vertex -0.28604938834905624 -0.6591967344284058 0
    endloop
  endfacet
  facet normal 0 0 1
    outer loop
      vertex -0.28604938834905624 -0.6591967344284058 0
      vertex 0.03175714612007141 -4.281514286994934 0
      vertex -0.10336040705442429 -0.6756269410252571 0
    endloop
  endfacet
  facet normal 0 0 -1
    outer loop
      vertex -4.886164903973803 -0.6172661753041975 -3
      vertex -4.925 0 -3
      vertex -4.886164903973803 0.6172661753041975 -3
    endloop
  endfacet
  facet normal 0 0 -1
    outer loop
      vertex -4.886164903973803 -0.6172661753041975 -3
      vertex -4.886164903973803 0.6172661753041975 -3
      vertex -4.770272068558508 1.22479769428691 -3
    endloop
  endfacet
  facet normal 0 0 -1
    outer loop
      vertex -4.770272068558508 -1.22479769428691 -3
      vertex -4.770272068558508 1.22479769428691 -3
      vertex -4.579149192999639 1.8130134219720384 -3
    endloop
  endfacet
  facet normal 0 0 -1
    outer loop
      vertex -4.579149192999639 -1.8130134219720384 -3
      vertex -4.579149192999639 1.8130134219720384 -3
      vertex -4.315810399216027 2.3726368449509483 -3
    endloop
  endfacet
  facet normal 0 0 -1
    outer loop
      vertex -4.315810399216027 -2.3726368449509483 -3
      vertex -4.315810399216027 2.3726368449509483 -3
      vertex -3.984408697296616 2.8948423675404302 -3
    endloop
  endfacet
  facet normal 0 0 -1
    outer loop
      vertex -3.984408697296616 -2.8948423675404302 -3
      vertex -3.984408697296616 2.8948423675404302 -3
      vertex -3.5901704900504523 3.3713944966987905 -3
    endloop
  endfacet
  facet normal -0.9967864295160269 0.06271248653595425 -0.04983932147580157
    outer loop
      vertex -4.925 0 -3
      vertex -5.034982109170976 0.6360661603388431 0
      vertex -4.886164903973803 0.6172661753041975 -3
    endloop
  endfacet
  facet normal -0.9810665120712087 0.18714844623256843 -0.049839321475801564
    outer loop
      vertex -4.886164903973803 0.6172661753041975 -3
      vertex -5.034982109170976 0.6360661603388431 0
      vertex -4.770272068558508 1.22479769428691 -3
    endloop
  endfacet
  facet normal -0.9498745896703013 0.30863296313502947 -0.04983932147580164
    outer loop
      vertex -4.770272068558508 1.22479769428691 -3
      vertex -4.915559542727803 1.2621011773616384 0
      vertex -4.579149192999639 1.8130134219720384 -3
    endloop
  endfacet
  facet normal -0.9037025775627162 0.42525015384045983 -0.04983932147580143
    outer loop
      vertex -4.579149192999639 1.8130134219720384 -3
      vertex -4.718615665882877 1.8682321048747401 0
      vertex -4.315810399216027 2.3726368449509483 -3
    endloop
  endfacet
  facet normal -0.8432786359612162 0.5351608955876933 -0.04983932147580154
    outer loop
      vertex -4.315810399216027 2.3726368449509483 -3
      vertex -4.4472564012226075 2.4448998960662056 0
      vertex -3.984408697296616 2.8948423675404302 -3
    endloop
  endfacet
  facet normal -0.7695556865203668 0.6366318303218892 -0.04983932147580135
    outer loop
      vertex -3.984408697296616 2.8948423675404302 -3
      vertex -4.105761246452858 2.983010155384301 0
      vertex -3.5901704900504523 3.3713944966987905 -3
    endloop
  endfacet
  facet normal 0 0 -1
    outer loop
      vertex -3.5901704900504523 -3.3713944966987905 -3
      vertex -3.5901704900504523 3.3713944966987905 -3
      vertex -3.1393131495122963 3.7947777206707625 -3
    endloop
  endfacet
  facet normal 0 0 -1
    outer loop
      vertex -3.1393131495122963 -3.7947777206707625 -3
      vertex -3.1393131495122963 3.7947777206707625 -3
      vertex -2.638946965271559 4.1583150330974235 -3
    endloop
  endfacet
  facet normal -0.996786429516027 0.06271248653595377 -0.049839321475801474
    outer loop
      vertex -4.925 0 -3
      vertex -5.075 0 0
      vertex -5.034982109170976 0.6360661603388431 0
    endloop
  endfacet
  facet normal -0.9810665120712088 0.18714844623256804 -0.04983932147580164
    outer loop
      vertex -4.770272068558508 1.22479769428691 -3
      vertex -5.034982109170976 0.6360661603388431 0
      vertex -4.915559542727803 1.2621011773616384 0
    endloop
  endfacet
  facet normal -0.949874589670301 0.30863296313503036 -0.04983932147580144
    outer loop
      vertex -4.579149192999639 1.8130134219720384 -3
      vertex -4.915559542727803 1.2621011773616384 0
      vertex -4.718615665882877 1.8682321048747401 0
    endloop
  endfacet
  facet normal -0.9037025775627163 0.4252501538404593 -0.04983932147580155
    outer loop
      vertex -4.315810399216027 2.3726368449509483 -3
      vertex -4.718615665882877 1.8682321048747401 0
      vertex -4.4472564012226075 2.4448998960662056 0
    endloop
  endfacet
  facet normal -0.8432786359612159 0.5351608955876942 -0.04983932147580136
    outer loop
      vertex -3.984408697296616 2.8948423675404302 -3
      vertex -4.4472564012226075 2.4448998960662056 0
      vertex -4.105761246452858 2.983010155384301 0
    endloop
  endfacet
  facet normal -0.7695556865203672 0.6366318303218886 -0.04983932147580148
    outer loop
      vertex -3.5901704900504523 3.3713944966987905 -3
      vertex -4.105761246452858 2.983010155384301 0
      vertex -3.9185400009155273 3.209321764823986 0
    endloop
  endfacet
  facet normal -0.6836963841928089 0.7280627007864849 -0.04983932147580148
    outer loop
      vertex -3.5901704900504523 3.3713944966987905 -3
      vertex -3.2349267479746002 3.910354707087131 0
      vertex -3.1393131495122963 3.7947777206707625 -3
    endloop
  endfacet
  facet normal -0.5870547814661051 0.8080115875361041 -0.04983932147580148
    outer loop
      vertex -3.1393131495122963 3.7947777206707625 -3
      vertex -2.7193209845184088 4.284964221922726 0
      vertex -2.638946965271559 4.1583150330974235 -3
    endloop
  endfacet
  facet normal -0.7695556865203672 0.6366318303218885 -0.0498393214758015
    outer loop
      vertex -3.5901704900504523 3.3713944966987905 -3
      vertex -3.9185400009155273 3.209321764823986 0
      vertex -3.699515784163664 3.4740765625880945 0
    endloop
  endfacet
  facet normal -0.6836963841928088 0.7280627007864852 -0.04983932147580153
    outer loop
      vertex -3.5901704900504523 3.3713944966987905 -3
      vertex -3.699515784163664 3.4740765625880945 0
      vertex -3.2349267479746002 3.910354707087131 0
    endloop
  endfacet
  facet normal -0.5870547814661053 0.8080115875361041 -0.04983932147580147
    outer loop
      vertex -3.1393131495122963 3.7947777206707625 -3
      vertex -3.2349267479746002 3.910354707087131 0
      vertex -2.7193209845184088 4.284964221922726 0
    endloop
  endfacet
  facet normal 0 0 -1
    outer loop
      vertex -2.638946965271559 -4.1583150330974235 -3
      vertex -2.638946965271559 4.1583150330974235 -3
      vertex -2.096963010957983 4.456273233395145 -3
    endloop
  endfacet
  facet normal 0 0 -1
    outer loop
      vertex -2.0969630109579818 -4.456273233395146 -3
      vertex -2.096963010957983 4.456273233395145 -3
      vertex -1.5219086972966158 4.683953342753631 -3
    endloop
  endfacet
  facet normal 0 0 -1
    outer loop
      vertex -1.5219086972966158 -4.683953342753631 -3
      vertex -1.5219086972966158 4.683953342753631 -3
      vertex -0.9228529743346935 4.837764709838792 -3
    endloop
  endfacet
  facet normal 0 0 -1
    outer loop
      vertex -0.9228529743346947 -4.837764709838791 -3
      vertex -0.9228529743346935 4.837764709838792 -3
      vertex -0.3092433086818679 4.915281637509238 -3
    endloop
  endfacet
  facet normal 0 0 -1
    outer loop
      vertex -0.3092433086818703 -4.915281637509238 -3
      vertex -0.3092433086818679 4.915281637509238 -3
      vertex 0.3092433086818679 4.915281637509238 -3
    endloop
  endfacet
  facet normal -0.4811549741461546 0.8752176488675517 -0.04983932147580144
    outer loop
      vertex -2.638946965271559 4.1583150330974235 -3
      vertex -2.160829904692744 4.591997291265049 0
      vertex -2.096963010957983 4.456273233395145 -3
    endloop
  endfacet
  facet normal -0.36766706545586947 0.9286210050466774 -0.04983932147580148
    outer loop
      vertex -2.096963010957983 4.456273233395145 -3
      vertex -1.568261246452858 4.826611820197904 0
      vertex -1.5219086972966158 4.683953342753631 -3
    endloop
  endfacet
  facet normal -0.24838082750968812 0.9673794532449169 -0.0498393214758013
    outer loop
      vertex -1.5219086972966158 4.683953342753631 -3
      vertex -0.9509601715225522 4.985107797448095 0
      vertex -0.9228529743346935 4.837764709838792 -3
    endloop
  endfacet
  facet normal -0.12517747553816094 0.9908817495810107 -0.049839321475801356
    outer loop
      vertex -0.9228529743346935 4.837764709838792 -3
      vertex -0.3186618866112649 5.064985646773478 0
      vertex -0.3092433086818679 4.915281637509238 -3
    endloop
  endfacet
  facet normal 0 0.998757248802146 -0.04983932147580136
    outer loop
      vertex -0.3092433086818679 4.915281637509238 -3
      vertex -0.3186618866112649 5.064985646773478 0
      vertex 0.3092433086818679 4.915281637509238 -3
    endloop
  endfacet
  facet normal -0.48115497414615443 0.8752176488675517 -0.049839321475801474
    outer loop
      vertex -2.638946965271559 4.1583150330974235 -3
      vertex -2.7193209845184088 4.284964221922726 0
      vertex -2.160829904692744 4.591997291265049 0
    endloop
  endfacet
  facet normal -0.3676670654558696 0.9286210050466773 -0.049839321475801446
    outer loop
      vertex -2.096963010957983 4.456273233395145 -3
      vertex -2.160829904692744 4.591997291265049 0
      vertex -1.568261246452858 4.826611820197904 0
    endloop
  endfacet
  facet normal -0.24838082750968732 0.9673794532449171 -0.04983932147580148
    outer loop
      vertex -1.5219086972966158 4.683953342753631 -3
      vertex -1.568261246452858 4.826611820197904 0
      vertex -0.9509601715225522 4.985107797448095 0
    endloop
  endfacet
  facet normal -0.12517747553816122 0.9908817495810106 -0.0498393214758013
    outer loop
      vertex -0.9228529743346935 4.837764709838792 -3
      vertex -0.9509601715225522 4.985107797448095 0
      vertex -0.3186618866112649 5.064985646773478 0
    endloop
  endfacet
  facet normal 0 0 1
    outer loop
      vertex -5.034982109170976 -0.6360661603388431 0
      vertex -5.034982109170976 0.6360661603388431 0
      vertex -5.075 0 0
    endloop
  endfacet
  facet normal 0 0 1
    outer loop
      vertex -4.915559542727803 -1.2621011773616384 0
      vertex -4.915559542727803 1.2621011773616384 0
      vertex -5.034982109170976 0.6360661603388431 0
    endloop
  endfacet
  facet normal 0 0 1
    outer loop
      vertex -4.718615665882877 -1.8682321048747401 0
      vertex -4.718615665882877 1.8682321048747401 0
      vertex -4.915559542727803 1.2621011773616384 0
    endloop
  endfacet
  facet normal 0 0 1
    outer loop
      vertex -4.4472564012226075 -2.4448998960662056 0
      vertex -4.4472564012226075 2.4448998960662056 0
      vertex -4.718615665882877 1.8682321048747401 0
    endloop
  endfacet
  facet normal 0 0 1
    outer loop
      vertex -4.105761246452858 -2.983010155384301 0
      vertex -4.105761246452858 2.983010155384301 0
      vertex -4.4472564012226075 2.4448998960662056 0
    endloop
  endfacet
  facet normal 0 0 1
    outer loop
      vertex -4.105761246452858 -2.983010155384301 0
      vertex -3.9185400009155273 3.209321764823986 0
      vertex -4.105761246452858 2.983010155384301 0
    endloop
  endfacet
  facet normal 0 0 1
    outer loop
      vertex -0.4926600009202957 1.4016000032424927 0
      vertex -0.4318763241171837 1.403764896094799 0
      vertex -0.4926600009202957 4.3310400024056435 0
    endloop
  endfacet
  facet normal 0 0 1
    outer loop
      vertex -0.4318763241171837 1.403764896094799 0
      vertex -0.37507959455251694 1.4055967330932617 0
      vertex -0.4926600009202957 4.3310400024056435 0
    endloop
  endfacet
  facet normal 0 0 1
    outer loop
      vertex -0.37507959455251694 1.4055967330932617 0
      vertex -0.3222697973251343 1.4070955067873 0
      vertex -0.3485865294933319 4.327577143907547 0
    endloop
  endfacet
  facet normal 0 0 1
    outer loop
      vertex -0.2734469398856163 1.4082612246274948 0
      vertex -0.3485865294933319 4.327577143907547 0
      vertex -0.3222697973251343 1.4070955067873 0
    endloop
  endfacet
  facet normal 0 0 1
    outer loop
      vertex -0.3485865294933319 4.327577143907547 0
      vertex -0.2734469398856163 1.4082612246274948 0
      vertex -0.228611022233963 1.4090938791632652 0
    endloop
  endfacet
  facet normal 0 0 1
    outer loop
      vertex -0.3485865294933319 4.327577143907547 0
      vertex -0.228611022233963 1.4090938791632652 0
      vertex -0.1877620443701744 1.4095934703946114 0
    endloop
  endfacet
  facet normal 0 0 1
    outer loop
      vertex -0.3485865294933319 4.327577143907547 0
      vertex -0.1877620443701744 1.4095934703946114 0
      vertex -0.1508999988436699 1.4097599983215332 0
    endloop
  endfacet
  facet normal 0 0 1
    outer loop
      vertex -0.014205306768417358 1.4148244932293892 0
      vertex -0.3485865294933319 4.327577143907547 0
      vertex -0.1508999988436699 1.4097599983215332 0
    endloop
  endfacet
  facet normal 0 0 1
    outer loop
      vertex -0.37507959455251694 1.4055967330932617 0
      vertex -0.3485865294933319 4.327577143907547 0
      vertex -0.4926600009202957 4.3310400024056435 0
    endloop
  endfacet
  facet normal 0 0 1
    outer loop
      vertex -0.014205306768417358 1.4148244932293892 0
      vertex -0.21862898021936417 4.321782857179642 0
      vertex -0.3485865294933319 4.327577143907547 0
    endloop
  endfacet
  facet normal 0 0 1
    outer loop
      vertex -0.014205306768417358 1.4148244932293892 0
      vertex -0.10278734564781189 4.313657142221928 0
      vertex -0.21862898021936417 4.321782857179642 0
    endloop
  endfacet
  facet normal 0 0 1
    outer loop
      vertex -0.014205306768417358 1.4148244932293892 0
      vertex -0.0010616332292556763 4.303199999034405 0
      vertex -0.10278734564781189 4.313657142221928 0
    endloop
  endfacet
  facet normal 0 -0.998757248802146 -0.04983932147580136
    outer loop
      vertex -0.3092433086818703 -4.915281637509238 -3
      vertex 0.3092433086818703 -4.915281637509238 -3
      vertex 0.3186618866112674 -5.064985646773478 0
    endloop
  endfacet
  facet normal 0.12517747553816258 -0.9908817495810105 -0.049839321475801356
    outer loop
      vertex 0.3092433086818703 -4.915281637509238 -3
      vertex 0.9228529743346947 -4.837764709838791 -3
      vertex 0.3186618866112674 -5.064985646773478 0
    endloop
  endfacet
  facet normal 0.24838082750968726 -0.967379453244917 -0.0498393214758016
    outer loop
      vertex 0.9228529743346947 -4.837764709838791 -3
      vertex 1.5219086972966158 -4.683953342753631 -3
      vertex 0.9509601715225535 -4.985107797448095 0
    endloop
  endfacet
  facet normal 0.3676670654558689 -0.9286210050466776 -0.04983932147580148
    outer loop
      vertex 1.5219086972966158 -4.683953342753631 -3
      vertex 2.0969630109579818 -4.456273233395146 -3
      vertex 1.568261246452858 -4.826611820197904 0
    endloop
  endfacet
  facet normal 0.4811549741461544 -0.8752176488675518 -0.04983932147580143
    outer loop
      vertex 2.0969630109579818 -4.456273233395146 -3
      vertex 2.6389469652715563 -4.158315033097425 -3
      vertex 2.1608299046927426 -4.5919972912650495 0
    endloop
  endfacet
  facet normal 0.12517747553816147 -0.9908817495810106 -0.0498393214758016
    outer loop
      vertex 0.9228529743346947 -4.837764709838791 -3
      vertex 0.9509601715225535 -4.985107797448095 0
      vertex 0.3186618866112674 -5.064985646773478 0
    endloop
  endfacet
  facet normal 0.24838082750968782 -0.967379453244917 -0.04983932147580149
    outer loop
      vertex 1.5219086972966158 -4.683953342753631 -3
      vertex 1.568261246452858 -4.826611820197904 0
      vertex 0.9509601715225535 -4.985107797448095 0
    endloop
  endfacet
  facet normal 0.367667065455869 -0.9286210050466774 -0.049839321475801446
    outer loop
      vertex 2.0969630109579818 -4.456273233395146 -3
      vertex 2.1608299046927426 -4.5919972912650495 0
      vertex 1.568261246452858 -4.826611820197904 0
    endloop
  endfacet
  facet normal 0.48115497414615427 -0.8752176488675518 -0.04983932147580148
    outer loop
      vertex 2.6389469652715563 -4.158315033097425 -3
      vertex 2.719320984518406 -4.284964221922728 0
      vertex 2.1608299046927426 -4.5919972912650495 0
    endloop
  endfacet
  facet normal 0 0 -1
    outer loop
      vertex -0.3092433086818703 -4.915281637509238 -3
      vertex 0.3092433086818679 4.915281637509238 -3
      vertex 0.3092433086818703 -4.915281637509238 -3
    endloop
  endfacet
  facet normal 0 0 -1
    outer loop
      vertex 0.3092433086818703 -4.915281637509238 -3
      vertex 0.9228529743346935 4.837764709838792 -3
      vertex 0.9228529743346947 -4.837764709838791 -3
    endloop
  endfacet
  facet normal 0 0 -1
    outer loop
      vertex 0.9228529743346947 -4.837764709838791 -3
      vertex 1.5219086972966158 4.683953342753631 -3
      vertex 1.5219086972966158 -4.683953342753631 -3
    endloop
  endfacet
  facet normal 0 0 -1
    outer loop
      vertex 1.5219086972966158 -4.683953342753631 -3
      vertex 2.096963010957983 4.456273233395145 -3
      vertex 2.0969630109579818 -4.456273233395146 -3
    endloop
  endfacet
  facet normal 0 0 -1
    outer loop
      vertex 2.0969630109579818 -4.456273233395146 -3
      vertex 2.6389469652715585 4.158315033097424 -3
      vertex 2.6389469652715563 -4.158315033097425 -3
    endloop
  endfacet
  facet normal 0.5870547814661055 -0.8080115875361038 -0.04983932147580149
    outer loop
      vertex 2.6389469652715563 -4.158315033097425 -3
      vertex 3.139313149512298 -3.7947777206707607 -3
      vertex 2.719320984518406 -4.284964221922728 0
    endloop
  endfacet
  facet normal 0.6836963841928088 -0.728062700786485 -0.049839321475801474
    outer loop
      vertex 3.139313149512298 -3.7947777206707607 -3
      vertex 3.5901704900504523 -3.3713944966987905 -3
      vertex 3.2349267479746016 -3.9103547070871296 0
    endloop
  endfacet
  facet normal 0.5870547814661055 -0.8080115875361038 -0.04983932147580148
    outer loop
      vertex 3.139313149512298 -3.7947777206707607 -3
      vertex 3.2349267479746016 -3.9103547070871296 0
      vertex 2.719320984518406 -4.284964221922728 0
    endloop
  endfacet
  facet normal 0.6836963841928086 -0.7280627007864853 -0.04983932147580153
    outer loop
      vertex 3.5901704900504523 -3.3713944966987905 -3
      vertex 3.699515784163664 -3.4740765625880945 0
      vertex 3.2349267479746016 -3.9103547070871296 0
    endloop
  endfacet
  facet normal 0.7695556865203673 -0.6366318303218884 -0.04983932147580151
    outer loop
      vertex 3.5901704900504523 -3.3713944966987905 -3
      vertex 4.05629999935627 -3.0427985325163767 0
      vertex 3.699515784163664 -3.4740765625880945 0
    endloop
  endfacet
  facet normal 0 0 -1
    outer loop
      vertex 2.6389469652715563 -4.158315033097425 -3
      vertex 3.139313149512297 3.7947777206707616 -3
      vertex 3.139313149512298 -3.7947777206707607 -3
    endloop
  endfacet
  facet normal 0 0 -1
    outer loop
      vertex 3.139313149512298 -3.7947777206707607 -3
      vertex 3.590170490050452 3.371394496698792 -3
      vertex 3.5901704900504523 -3.3713944966987905 -3
    endloop
  endfacet
  facet normal 0.7695556865203668 -0.6366318303218892 -0.04983932147580135
    outer loop
      vertex 3.5901704900504523 -3.3713944966987905 -3
      vertex 3.984408697296616 -2.8948423675404302 -3
      vertex 4.105761246452858 -2.983010155384301 0
    endloop
  endfacet
  facet normal 0.8432786359612162 -0.5351608955876933 -0.04983932147580154
    outer loop
      vertex 3.984408697296616 -2.8948423675404302 -3
      vertex 4.315810399216027 -2.3726368449509483 -3
      vertex 4.4472564012226075 -2.4448998960662056 0
    endloop
  endfacet
  facet normal 0.9037025775627165 -0.425250153840459 -0.04983932147580146
    outer loop
      vertex 4.315810399216027 -2.3726368449509483 -3
      vertex 4.579149192999637 -1.8130134219720409 -3
      vertex 4.718615665882875 -1.8682321048747428 0
    endloop
  endfacet
  facet normal 0 0 -1
    outer loop
      vertex 3.5901704900504523 -3.3713944966987905 -3
      vertex 3.984408697296616 2.8948423675404302 -3
      vertex 3.984408697296616 -2.8948423675404302 -3
    endloop
  endfacet
  facet normal 0 0 -1
    outer loop
      vertex 3.984408697296616 -2.8948423675404302 -3
      vertex 4.315810399216028 2.372636844950948 -3
      vertex 4.315810399216027 -2.3726368449509483 -3
    endloop
  endfacet
  facet normal 0 0 -1
    outer loop
      vertex 4.315810399216027 -2.3726368449509483 -3
      vertex 4.579149192999638 1.8130134219720389 -3
      vertex 4.579149192999637 -1.8130134219720409 -3
    endloop
  endfacet
  facet normal 0 0 -1
    outer loop
      vertex 4.579149192999637 -1.8130134219720409 -3
      vertex 4.770272068558508 1.2247976942869099 -3
      vertex 4.7702720685585085 -1.224797694286908 -3
    endloop
  endfacet
  facet normal 0 0 -1
    outer loop
      vertex 4.7702720685585085 -1.224797694286908 -3
      vertex 4.886164903973803 0.6172661753041985 -3
      vertex 4.886164903973803 -0.6172661753041975 -3
    endloop
  endfacet
  facet normal 0.9498745896703007 -0.30863296313503125 -0.049839321475801356
    outer loop
      vertex 4.579149192999637 -1.8130134219720409 -3
      vertex 4.7702720685585085 -1.224797694286908 -3
      vertex 4.915559542727803 -1.2621011773616364 0
    endloop
  endfacet
  facet normal 0.9810665120712089 -0.18714844623256763 -0.04983932147580157
    outer loop
      vertex 4.7702720685585085 -1.224797694286908 -3
      vertex 4.886164903973803 -0.6172661753041975 -3
      vertex 5.034982109170976 -0.6360661603388431 0
    endloop
  endfacet
  facet normal 0.9967864295160269 -0.06271248653595425 -0.04983932147580147
    outer loop
      vertex 4.886164903973803 -0.6172661753041975 -3
      vertex 4.925 0 -3
      vertex 5.075 0 0
    endloop
  endfacet
  facet normal 0.7695556865203664 -0.6366318303218895 -0.049839321475801335
    outer loop
      vertex 3.5901704900504523 -3.3713944966987905 -3
      vertex 4.105761246452858 -2.983010155384301 0
      vertex 4.05629999935627 -3.0427985325163767 0
    endloop
  endfacet
  facet normal 0.8432786359612159 -0.5351608955876942 -0.04983932147580136
    outer loop
      vertex 3.984408697296616 -2.8948423675404302 -3
      vertex 4.4472564012226075 -2.4448998960662056 0
      vertex 4.105761246452858 -2.983010155384301 0
    endloop
  endfacet
  facet normal 0.9037025775627168 -0.42525015384045867 -0.04983932147580156
    outer loop
      vertex 4.315810399216027 -2.3726368449509483 -3
      vertex 4.718615665882875 -1.8682321048747428 0
      vertex 4.4472564012226075 -2.4448998960662056 0
    endloop
  endfacet
  facet normal 0.9498745896703009 -0.30863296313503075 -0.04983932147580146
    outer loop
      vertex 4.579149192999637 -1.8130134219720409 -3
      vertex 4.915559542727803 -1.2621011773616364 0
      vertex 4.718615665882875 -1.8682321048747428 0
    endloop
  endfacet
  facet normal 0.9810665120712088 -0.18714844623256865 -0.049839321475801356
    outer loop
      vertex 4.7702720685585085 -1.224797694286908 -3
      vertex 5.034982109170976 -0.6360661603388431 0
      vertex 4.915559542727803 -1.2621011773616364 0
    endloop
  endfacet
  facet normal 0.996786429516027 -0.06271248653595377 -0.049839321475801564
    outer loop
      vertex 4.886164903973803 -0.6172661753041975 -3
      vertex 5.075 0 0
      vertex 5.034982109170976 -0.6360661603388431 0
    endloop
  endfacet
  facet normal 0 0 1
    outer loop
      vertex -0.10336040705442429 -0.6756269410252571 0
      vertex 0.03175714612007141 -4.281514286994934 0
      vertex 0.1637057140469551 -4.248960003256798 0
    endloop
  endfacet
  facet normal 0 0 1
    outer loop
      vertex -0.10336040705442429 -0.6756269410252571 0
      vertex 0.1637057140469551 -4.248960003256798 0
      vertex 0.27422571182250977 -4.209102854132652 0
    endloop
  endfacet
  facet normal 0 0 1
    outer loop
      vertex 0.3633171394467354 -4.161942854523659 0
      vertex 0.3011767342686653 -0.7627983689308167 0
      vertex 0.27422571182250977 -4.209102854132652 0
    endloop
  endfacet
  facet normal 0 0 1
    outer loop
      vertex 0.3633171394467354 -4.161942854523659 0
      vertex 0.43097999691963196 -4.107479996979237 0
      vertex 0.4512600004673004 -0.8524800017476082 0
    endloop
  endfacet
  facet normal 0 0 1
    outer loop
      vertex 0.43097999691963196 -4.107479996979237 0
      vertex 0.4838608130812645 -4.037240818142891 0
      vertex 0.4987604096531868 -0.9172530621290207 0
    endloop
  endfacet
  facet normal 0 0 1
    outer loop
      vertex 0.4838608130812645 -4.037240818142891 0
      vertex 0.5286061242222786 -3.9427518397569656 0
      vertex 0.5389530584216118 -1.0092636719346046 0
    endloop
  endfacet
  facet normal 0 0 1
    outer loop
      vertex 0.5286061242222786 -3.9427518397569656 0
      vertex 0.5652159154415131 -3.8240130618214607 0
      vertex 0.5718379616737366 -1.1285118386149406 0
    endloop
  endfacet
  facet normal 0 0 1
    outer loop
      vertex 0.5652159154415131 -3.8240130618214607 0
      vertex 0.5936902016401291 -3.681024491786957 0
      vertex 0.5974151045084 -1.274997554719448 0
    endloop
  endfacet
  facet normal 0 0 1
    outer loop
      vertex 0.5936902016401291 -3.681024491786957 0
      vertex 0.6140289828181267 -3.5137861222028732 0
      vertex 0.615684486925602 -1.4487208127975464 0
    endloop
  endfacet
  facet normal 0 0 1
    outer loop
      vertex 0.6140289828181267 -3.5137861222028732 0
      vertex 0.6262322440743446 -3.3222979605197906 0
      vertex 0.6266461238265038 -1.6496816352009773 0
    endloop
  endfacet
  facet normal 0 0 1
    outer loop
      vertex 0.6262322440743446 -3.3222979605197906 0
      vertex 0.6303000003099442 -3.1065599992871284 0
      vertex 0.6303000003099442 -1.8778799995779991 0
    endloop
  endfacet
  facet normal 0 0 1
    outer loop
      vertex -0.10336040705442429 -0.6756269410252571 0
      vertex 0.27422571182250977 -4.209102854132652 0
      vertex 0.05540693551301956 -0.6983706131577492 0
    endloop
  endfacet
  facet normal 0 0 1
    outer loop
      vertex 0.27422571182250977 -4.209102854132652 0
      vertex 0.1902526542544365 -0.7274277582764626 0
      vertex 0.05540693551301956 -0.6983706131577492 0
    endloop
  endfacet
  facet normal 0 0 1
    outer loop
      vertex 0.27422571182250977 -4.209102854132652 0
      vertex 0.3011767342686653 -0.7627983689308167 0
      vertex 0.1902526542544365 -0.7274277582764626 0
    endloop
  endfacet
  facet normal 0 0 1
    outer loop
      vertex 0.6262322440743446 -3.3222979605197906 0
      vertex 0.6303000003099442 -1.8778799995779991 0
      vertex 0.6266461238265038 -1.6496816352009773 0
    endloop
  endfacet
  facet normal 0 0 1
    outer loop
      vertex 0.6140289828181267 -3.5137861222028732 0
      vertex 0.6266461238265038 -1.6496816352009773 0
      vertex 0.615684486925602 -1.4487208127975464 0
    endloop
  endfacet
  facet normal 0 0 1
    outer loop
      vertex 0.5652159154415131 -3.8240130618214607 0
      vertex 0.5974151045084 -1.274997554719448 0
      vertex 0.5718379616737366 -1.1285118386149406 0
    endloop
  endfacet
  facet normal 0 0 1
    outer loop
      vertex 0.5936902016401291 -3.681024491786957 0
      vertex 0.615684486925602 -1.4487208127975464 0
      vertex 0.5974151045084 -1.274997554719448 0
    endloop
  endfacet
  facet normal 0 0 1
    outer loop
      vertex 0.3633171394467354 -4.161942854523659 0
      vertex 0.3881791830062866 -0.8044824525713921 0
      vertex 0.3011767342686653 -0.7627983689308167 0
    endloop
  endfacet
  facet normal 0 0 1
    outer loop
      vertex 0.43097999691963196 -4.107479996979237 0
      vertex 0.4987604096531868 -0.9172530621290207 0
      vertex 0.4512600004673004 -0.8524800017476082 0
    endloop
  endfacet
  facet normal 0 0 1
    outer loop
      vertex 0.3633171394467354 -4.161942854523659 0
      vertex 0.4512600004673004 -0.8524800017476082 0
      vertex 0.3881791830062866 -0.8044824525713921 0
    endloop
  endfacet
  facet normal 0 0 1
    outer loop
      vertex 0.4838608130812645 -4.037240818142891 0
      vertex 0.5389530584216118 -1.0092636719346046 0
      vertex 0.4987604096531868 -0.9172530621290207 0
    endloop
  endfacet
  facet normal 0 0 1
    outer loop
      vertex 0.5286061242222786 -3.9427518397569656 0
      vertex 0.5718379616737366 -1.1285118386149406 0
      vertex 0.5389530584216118 -1.0092636719346046 0
    endloop
  endfacet
  facet normal 0 0 1
    outer loop
      vertex 4.105761246452858 -2.983010155384301 0
      vertex 4.05629999935627 -2.276519998908043 0
      vertex 4.05629999935627 -3.0427985325163767 0
    endloop
  endfacet
  facet normal 0 0 1
    outer loop
      vertex 4.105761246452858 -2.983010155384301 0
      vertex 4.105761246452858 2.983010155384301 0
      vertex 4.05629999935627 -2.276519998908043 0
    endloop
  endfacet
  facet normal 0 0 1
    outer loop
      vertex 4.047662451863289 -1.9227183684706688 0
      vertex 3.804708980023861 2.517942860722542 0
      vertex 4.021749794483185 -1.5959877520799637 0
    endloop
  endfacet
  facet normal 0 0 1
    outer loop
      vertex 4.021749794483185 -1.5959877520799637 0
      vertex 3.745580814778805 1.9719085693359375 0
      vertex 3.978562042117119 -1.2963281646370888 0
    endloop
  endfacet
  facet normal 0 0 1
    outer loop
      vertex 3.745580814778805 1.9719085693359375 0
      vertex 3.9180991873145103 -1.0237395912408829 0
      vertex 3.978562042117119 -1.2963281646370888 0
    endloop
  endfacet
  facet normal 0 0 1
    outer loop
      vertex 4.105761246452858 2.983010155384301 0
      vertex 4.047662451863289 -1.9227183684706688 0
      vertex 4.05629999935627 -2.276519998908043 0
    endloop
  endfacet
  facet normal 0 0 1
    outer loop
      vertex 4.105761246452858 -2.983010155384301 0
      vertex 4.4472564012226075 -2.4448998960662056 0
      vertex 4.105761246452858 2.983010155384301 0
    endloop
  endfacet
  facet normal 0 0 1
    outer loop
      vertex 4.4472564012226075 -2.4448998960662056 0
      vertex 4.718615665882875 -1.8682321048747428 0
      vertex 4.4472564012226075 2.444899896066205 0
    endloop
  endfacet
  facet normal 0 0 1
    outer loop
      vertex 4.718615665882875 -1.8682321048747428 0
      vertex 4.915559542727803 -1.2621011773616364 0
      vertex 4.718615665882876 1.8682321048747408 0
    endloop
  endfacet
  facet normal 0 0 1
    outer loop
      vertex 4.915559542727803 -1.2621011773616364 0
      vertex 5.034982109170976 -0.6360661603388431 0
      vertex 4.915559542727803 1.2621011773616382 0
    endloop
  endfacet
  facet normal 0 0 -1
    outer loop
      vertex 0.3092433086818703 -4.915281637509238 -3
      vertex 0.3092433086818679 4.915281637509238 -3
      vertex 0.9228529743346935 4.837764709838792 -3
    endloop
  endfacet
  facet normal 0 0 -1
    outer loop
      vertex 0.9228529743346947 -4.837764709838791 -3
      vertex 0.9228529743346935 4.837764709838792 -3
      vertex 1.5219086972966158 4.683953342753631 -3
    endloop
  endfacet
  facet normal 0 0 -1
    outer loop
      vertex 1.5219086972966158 -4.683953342753631 -3
      vertex 1.5219086972966158 4.683953342753631 -3
      vertex 2.096963010957983 4.456273233395145 -3
    endloop
  endfacet
  facet normal 0 0 -1
    outer loop
      vertex 2.0969630109579818 -4.456273233395146 -3
      vertex 2.096963010957983 4.456273233395145 -3
      vertex 2.6389469652715585 4.158315033097424 -3
    endloop
  endfacet
  facet normal 0.24838082750968812 0.9673794532449169 -0.049839321475801286
    outer loop
      vertex 0.9228529743346935 4.837764709838792 -3
      vertex 0.9509601715225522 4.985107797448095 0
      vertex 1.5219086972966158 4.683953342753631 -3
    endloop
  endfacet
  facet normal 0.12517747553816094 0.9908817495810107 -0.04983932147580136
    outer loop
      vertex 0.3092433086818679 4.915281637509238 -3
      vertex 0.3186618866112649 5.064985646773478 0
      vertex 0.9228529743346935 4.837764709838792 -3
    endloop
  endfacet
  facet normal 0.36766706545586947 0.9286210050466774 -0.04983932147580148
    outer loop
      vertex 1.5219086972966158 4.683953342753631 -3
      vertex 1.568261246452858 4.826611820197904 0
      vertex 2.096963010957983 4.456273233395145 -3
    endloop
  endfacet
  facet normal 0.4811549741461538 0.8752176488675522 -0.04983932147580144
    outer loop
      vertex 2.096963010957983 4.456273233395145 -3
      vertex 2.160829904692744 4.591997291265049 0
      vertex 2.6389469652715585 4.158315033097424 -3
    endloop
  endfacet
  facet normal 0 0.9987572488021459 -0.049839321475801356
    outer loop
      vertex 0.3092433086818679 4.915281637509238 -3
      vertex -0.3186618866112649 5.064985646773478 0
      vertex 0.3186618866112649 5.064985646773478 0
    endloop
  endfacet
  facet normal 0.12517747553816122 0.9908817495810106 -0.0498393214758013
    outer loop
      vertex 0.9228529743346935 4.837764709838792 -3
      vertex 0.3186618866112649 5.064985646773478 0
      vertex 0.9509601715225522 4.985107797448095 0
    endloop
  endfacet
  facet normal 0.24838082750968732 0.9673794532449171 -0.04983932147580148
    outer loop
      vertex 1.5219086972966158 4.683953342753631 -3
      vertex 0.9509601715225522 4.985107797448095 0
      vertex 1.568261246452858 4.826611820197904 0
    endloop
  endfacet
  facet normal 0.3676670654558696 0.9286210050466773 -0.049839321475801446
    outer loop
      vertex 2.096963010957983 4.456273233395145 -3
      vertex 1.568261246452858 4.826611820197904 0
      vertex 2.160829904692744 4.591997291265049 0
    endloop
  endfacet
  facet normal 0.4811549741461537 0.8752176488675523 -0.04983932147580148
    outer loop
      vertex 2.6389469652715585 4.158315033097424 -3
      vertex 2.160829904692744 4.591997291265049 0
      vertex 2.7193209845184083 4.284964221922727 0
    endloop
  endfacet
  facet normal 0 0 -1
    outer loop
      vertex 2.6389469652715563 -4.158315033097425 -3
      vertex 2.6389469652715585 4.158315033097424 -3
      vertex 3.139313149512297 3.7947777206707616 -3
    endloop
  endfacet
  facet normal 0 0 -1
    outer loop
      vertex 3.139313149512298 -3.7947777206707607 -3
      vertex 3.139313149512297 3.7947777206707616 -3
      vertex 3.590170490050452 3.371394496698792 -3
    endloop
  endfacet
  facet normal 0 0 -1
    outer loop
      vertex 3.5901704900504523 -3.3713944966987905 -3
      vertex 3.590170490050452 3.371394496698792 -3
      vertex 3.984408697296616 2.8948423675404302 -3
    endloop
  endfacet
  facet normal 0 0 -1
    outer loop
      vertex 3.984408697296616 -2.8948423675404302 -3
      vertex 3.984408697296616 2.8948423675404302 -3
      vertex 4.315810399216028 2.372636844950948 -3
    endloop
  endfacet
  facet normal 0 0 -1
    outer loop
      vertex 4.315810399216027 -2.3726368449509483 -3
      vertex 4.315810399216028 2.372636844950948 -3
      vertex 4.579149192999638 1.8130134219720389 -3
    endloop
  endfacet
  facet normal 0 0 -1
    outer loop
      vertex 4.579149192999637 -1.8130134219720409 -3
      vertex 4.579149192999638 1.8130134219720389 -3
      vertex 4.770272068558508 1.2247976942869099 -3
    endloop
  endfacet
  facet normal 0 0 -1
    outer loop
      vertex 4.886164903973803 -0.6172661753041975 -3
      vertex 4.886164903973803 0.6172661753041985 -3
      vertex 4.925 0 -3
    endloop
  endfacet
  facet normal 0 0 -1
    outer loop
      vertex 4.7702720685585085 -1.224797694286908 -3
      vertex 4.770272068558508 1.2247976942869099 -3
      vertex 4.886164903973803 0.6172661753041985 -3
    endloop
  endfacet
  facet normal 0.996786429516027 0.06271248653595415 -0.049839321475801474
    outer loop
      vertex 4.925 0 -3
      vertex 4.886164903973803 0.6172661753041985 -3
      vertex 5.075 0 0
    endloop
  endfacet
  facet normal 0.949874589670301 0.3086329631350304 -0.04983932147580164
    outer loop
      vertex 4.770272068558508 1.2247976942869099 -3
      vertex 4.579149192999638 1.8130134219720389 -3
      vertex 4.915559542727803 1.2621011773616382 0
    endloop
  endfacet
  facet normal 0.9810665120712087 0.1871484462325688 -0.049839321475801564
    outer loop
      vertex 4.886164903973803 0.6172661753041985 -3
      vertex 4.770272068558508 1.2247976942869099 -3
      vertex 5.034982109170976 0.6360661603388441 0
    endloop
  endfacet
  facet normal 0.7695556865203673 0.6366318303218885 -0.04983932147580134
    outer loop
      vertex 3.590170490050452 3.371394496698792 -3
      vertex 4.105761246452858 2.983010155384301 0
      vertex 3.984408697296616 2.8948423675404302 -3
    endloop
  endfacet
  facet normal 0.8432786359612159 0.5351608955876941 -0.04983932147580128
    outer loop
      vertex 4.315810399216028 2.372636844950948 -3
      vertex 3.984408697296616 2.8948423675404302 -3
      vertex 4.4472564012226075 2.444899896066205 0
    endloop
  endfacet
  facet normal 0.903702577562717 0.42525015384045806 -0.04983932147580147
    outer loop
      vertex 4.315810399216028 2.372636844950948 -3
      vertex 4.718615665882876 1.8682321048747408 0
      vertex 4.579149192999638 1.8130134219720389 -3
    endloop
  endfacet
  facet normal 0.996786429516027 0.06271248653595367 -0.04983932147580157
    outer loop
      vertex 4.886164903973803 0.6172661753041985 -3
      vertex 5.034982109170976 0.6360661603388441 0
      vertex 5.075 0 0
    endloop
  endfacet
  facet normal 0.9810665120712087 0.1871484462325684 -0.04983932147580165
    outer loop
      vertex 4.770272068558508 1.2247976942869099 -3
      vertex 4.915559542727803 1.2621011773616382 0
      vertex 5.034982109170976 0.6360661603388441 0
    endloop
  endfacet
  facet normal 0.7695556865203673 0.6366318303218884 -0.04983932147580139
    outer loop
      vertex 3.590170490050452 3.371394496698792 -3
      vertex 3.7978221595411066 3.3552445680353467 0
      vertex 4.105761246452858 2.983010155384301 0
    endloop
  endfacet
  facet normal 0.8432786359612161 0.5351608955876939 -0.04983932147580136
    outer loop
      vertex 3.984408697296616 2.8948423675404302 -3
      vertex 4.105761246452858 2.983010155384301 0
      vertex 4.4472564012226075 2.444899896066205 0
    endloop
  endfacet
  facet normal 0.9498745896703008 0.30863296313503125 -0.04983932147580146
    outer loop
      vertex 4.579149192999638 1.8130134219720389 -3
      vertex 4.718615665882876 1.8682321048747408 0
      vertex 4.915559542727803 1.2621011773616382 0
    endloop
  endfacet
  facet normal 0.9037025775627167 0.4252501538404589 -0.049839321475801286
    outer loop
      vertex 4.315810399216028 2.372636844950948 -3
      vertex 4.4472564012226075 2.444899896066205 0
      vertex 4.718615665882876 1.8682321048747408 0
    endloop
  endfacet
  facet normal 0.5870547814661063 0.8080115875361032 -0.04983932147580149
    outer loop
      vertex 3.139313149512297 3.7947777206707616 -3
      vertex 2.6389469652715585 4.158315033097424 -3
      vertex 2.7193209845184083 4.284964221922727 0
    endloop
  endfacet
  facet normal 0.6836963841928076 0.728062700786486 -0.049839321475801474
    outer loop
      vertex 3.139313149512297 3.7947777206707616 -3
      vertex 3.2349267479746007 3.91035470708713 0
      vertex 3.590170490050452 3.371394496698792 -3
    endloop
  endfacet
  facet normal 0.5870547814661065 0.8080115875361032 -0.04983932147580147
    outer loop
      vertex 3.139313149512297 3.7947777206707616 -3
      vertex 2.7193209845184083 4.284964221922727 0
      vertex 3.2349267479746007 3.91035470708713 0
    endloop
  endfacet
  facet normal 0.6836963841928079 0.7280627007864859 -0.04983932147580142
    outer loop
      vertex 3.590170490050452 3.371394496698792 -3
      vertex 3.2349267479746007 3.91035470708713 0
      vertex 3.6995157841636637 3.4740765625880954 0
    endloop
  endfacet
  facet normal 0.7695556865203678 0.6366318303218881 -0.04983932147580141
    outer loop
      vertex 3.590170490050452 3.371394496698792 -3
      vertex 3.6995157841636637 3.4740765625880954 0
      vertex 3.7978221595411066 3.3552445680353467 0
    endloop
  endfacet
  facet normal 0 0 1
    outer loop
      vertex -0.014205306768417358 1.4148244932293892 0
      vertex 0.10753592103719711 1.4300179556012154 0
      vertex 0.16004204005002975 4.275291427969933 0
    endloop
  endfacet
  facet normal 0 0 1
    outer loop
      vertex 0.10753592103719711 1.4300179556012154 0
      vertex 0.21432367712259293 1.4553404077887535 0
      vertex 0.21942000091075897 4.257840000092983 0
    endloop
  endfacet
  facet normal 0 0 1
    outer loop
      vertex 0.21432367712259293 1.4553404077887535 0
      vertex 0.3061579614877701 1.4907918348908424 0
      vertex 0.2703269422054291 4.235517553985119 0
    endloop
  endfacet
  facet normal 0 0 1
    outer loop
      vertex 0.3830387741327286 1.5363722443580627 0
      vertex 0.3184077516198158 4.2057159170508385 0
      vertex 0.3061579614877701 1.4907918348908424 0
    endloop
  endfacet
  facet normal 0 0 1
    outer loop
      vertex 0.3184077516198158 4.2057159170508385 0
      vertex 0.3830387741327286 1.5363722443580627 0
      vertex 0.444966122508049 1.5920816361904144 0
    endloop
  endfacet
  facet normal 0 0 1
    outer loop
      vertex 0.3184077516198158 4.2057159170508385 0
      vertex 0.444966122508049 1.5920816361904144 0
      vertex 0.4919399991631508 1.657920002937317 0
    endloop
  endfacet
  facet normal 0 0 1
    outer loop
      vertex 0.5286477580666542 1.7476726546883583 0
      vertex 0.3184077516198158 4.2057159170508385 0
      vertex 0.4919399991631508 1.657920002937317 0
    endloop
  endfacet
  facet normal 0 0 1
    outer loop
      vertex 0.5286477580666542 1.7476726546883583 0
      vertex 0.5597081631422043 1.8751249015331268 0
      vertex 0.4456934705376625 4.071435920894146 0
    endloop
  endfacet
  facet normal 0 0 1
    outer loop
      vertex 0.5597081631422043 1.8751249015331268 0
      vertex 0.5851212218403816 2.040276736021042 0
      vertex 0.5466330647468567 3.8660595938563347 0
    endloop
  endfacet
  facet normal 0 0 1
    outer loop
      vertex 0.5851212218403816 2.040276736021042 0
      vertex 0.6048869416117668 2.243128165602684 0
      vertex 0.5931146964430809 3.6637934669852257 0
    endloop
  endfacet
  facet normal 0 0 1
    outer loop
      vertex 0.6048869416117668 2.243128165602684 0
      vertex 0.6190053075551987 2.4836791828274727 0
      vertex 0.609383262693882 3.5399877578020096 0
    endloop
  endfacet
  facet normal 0 0 1
    outer loop
      vertex 0.6190053075551987 2.4836791828274727 0
      vertex 0.6274763271212578 2.7619297951459885 0
      vertex 0.6279759183526039 3.247031018137932 0
    endloop
  endfacet
  facet normal 0 0 1
    outer loop
      vertex 0.6274763271212578 2.7619297951459885 0
      vertex 0.6303000003099442 3.0778800025582314 0
      vertex 0.6279759183526039 3.247031018137932 0
    endloop
  endfacet
  facet normal 0 0 1
    outer loop
      vertex 0.6190053075551987 2.4836791828274727 0
      vertex 0.6279759183526039 3.247031018137932 0
      vertex 0.6210036724805832 3.4010669365525246 0
    endloop
  endfacet
  facet normal 0 0 1
    outer loop
      vertex 0.5597081631422043 1.8751249015331268 0
      vertex 0.5466330647468567 3.8660595938563347 0
      vertex 0.5164199993014336 3.9445199966430664 0
    endloop
  endfacet
  facet normal 0 0 1
    outer loop
      vertex 0.5597081631422043 1.8751249015331268 0
      vertex 0.5164199993014336 3.9445199966430664 0
      vertex 0.4824697971343994 4.011717550456524 0
    endloop
  endfacet
  facet normal 0 0 1
    outer loop
      vertex 0.5851212218403816 2.040276736021042 0
      vertex 0.5931146964430809 3.6637934669852257 0
      vertex 0.5721979588270187 3.772484079003334 0
    endloop
  endfacet
  facet normal 0 0 1
    outer loop
      vertex 0.6048869416117668 2.243128165602684 0
      vertex 0.609383262693882 3.5399877578020096 0
      vertex 0.5931146964430809 3.6637934669852257 0
    endloop
  endfacet
  facet normal 0 0 1
    outer loop
      vertex 0.6190053075551987 2.4836791828274727 0
      vertex 0.6210036724805832 3.4010669365525246 0
      vertex 0.609383262693882 3.5399877578020096 0
    endloop
  endfacet
  facet normal 0 0 1
    outer loop
      vertex 0.5851212218403816 2.040276736021042 0
      vertex 0.5721979588270187 3.772484079003334 0
      vertex 0.5466330647468567 3.8660595938563347 0
    endloop
  endfacet
  facet normal 0 0 1
    outer loop
      vertex 2.0218200013041496 0.5227200016379356 0
      vertex 2.345670610666275 0.4387640804052353 0
      vertex 2.3120461255311966 0.5968065336346626 0
    endloop
  endfacet
  facet normal 0 0 1
    outer loop
      vertex 2.638296738266945 0.3403591811656952 0
      vertex 2.3120461255311966 0.5968065336346626 0
      vertex 2.345670610666275 0.4387640804052353 0
    endloop
  endfacet
  facet normal 0 0 1
    outer loop
      vertex 2.638296738266945 0.3403591811656952 0
      vertex 2.573535919189453 0.679523266851902 0
      vertex 2.3120461255311966 0.5968065336346626 0
    endloop
  endfacet
  facet normal 0 0 1
    outer loop
      vertex -0.014205306768417358 1.4148244932293892 0
      vertex 0.08654816448688507 4.290411427617073 0
      vertex -0.0010616332292556763 4.303199999034405 0
    endloop
  endfacet
  facet normal 0 0 1
    outer loop
      vertex -0.014205306768417358 1.4148244932293892 0
      vertex 0.16004204005002975 4.275291427969933 0
      vertex 0.08654816448688507 4.290411427617073 0
    endloop
  endfacet
  facet normal 0 0 1
    outer loop
      vertex 0.10753592103719711 1.4300179556012154 0
      vertex 0.21942000091075897 4.257840000092983 0
      vertex 0.16004204005002975 4.275291427969933 0
    endloop
  endfacet
  facet normal 0 0 1
    outer loop
      vertex 0.21432367712259293 1.4553404077887535 0
      vertex 0.2703269422054291 4.235517553985119 0
      vertex 0.21942000091075897 4.257840000092983 0
    endloop
  endfacet
  facet normal 0 0 1
    outer loop
      vertex 0.3061579614877701 1.4907918348908424 0
      vertex 0.3184077516198158 4.2057159170508385 0
      vertex 0.2703269422054291 4.235517553985119 0
    endloop
  endfacet
  facet normal 0 0 1
    outer loop
      vertex 0.5286477580666542 1.7476726546883583 0
      vertex 0.363662451505661 4.168435104191303 0
      vertex 0.3184077516198158 4.2057159170508385 0
    endloop
  endfacet
  facet normal 0 0 1
    outer loop
      vertex 0.5286477580666542 1.7476726546883583 0
      vertex 0.40609101951122284 4.123675100505352 0
      vertex 0.363662451505661 4.168435104191303 0
    endloop
  endfacet
  facet normal 0 0 1
    outer loop
      vertex 0.5286477580666542 1.7476726546883583 0
      vertex 0.4456934705376625 4.071435920894146 0
      vertex 0.40609101951122284 4.123675100505352 0
    endloop
  endfacet
  facet normal 0 0 1
    outer loop
      vertex 0.5597081631422043 1.8751249015331268 0
      vertex 0.4824697971343994 4.011717550456524 0
      vertex 0.4456934705376625 4.071435920894146 0
    endloop
  endfacet
  facet normal 0 0 1
    outer loop
      vertex 2.573535919189453 0.679523266851902 0
      vertex 2.638296738266945 0.3403591811656952 0
      vertex 2.899698369204998 0.22750530391931534 0
    endloop
  endfacet
  facet normal 0 0 1
    outer loop
      vertex 2.573535919189453 0.679523266851902 0
      vertex 2.899698369204998 0.22750530391931534 0
      vertex 2.8062893897295 0.7708702012896538 0
    endloop
  endfacet
  facet normal 0 0 1
    outer loop
      vertex 3.129875510931015 0.10020244866609573 0
      vertex 2.8062893897295 0.7708702012896538 0
      vertex 2.899698369204998 0.22750530391931534 0
    endloop
  endfacet
  facet normal 0 0 1
    outer loop
      vertex 3.129875510931015 0.10020244866609573 0
      vertex 3.010306529700756 0.8708473443984985 0
      vertex 2.8062893897295 0.7708702012896538 0
    endloop
  endfacet
  facet normal 0 0 1
    outer loop
      vertex 3.010306529700756 0.8708473443984985 0
      vertex 3.129875510931015 0.10020244866609573 0
      vertex 3.1855873465538025 0.9794546961784363 0
    endloop
  endfacet
  facet normal 0 0 1
    outer loop
      vertex 3.328828163444996 -0.04154938459396362 0
      vertex 3.1855873465538025 0.9794546961784363 0
      vertex 3.129875510931015 0.10020244866609573 0
    endloop
  endfacet
  facet normal 0 0 1
    outer loop
      vertex 3.4965563267469406 -0.19775020331144333 0
      vertex 3.332131840288639 1.0966922417283058 0
      vertex 3.328828163444996 -0.04154938459396362 0
    endloop
  endfacet
  facet normal 0 0 1
    outer loop
      vertex 3.1855873465538025 0.9794546961784363 0
      vertex 3.328828163444996 -0.04154938459396362 0
      vertex 3.332131840288639 1.0966922417283058 0
    endloop
  endfacet
  facet normal 0 0 1
    outer loop
      vertex 3.4965563267469406 -0.19775020331144333 0
      vertex 3.449940003454685 1.222560003399849 0
      vertex 3.332131840288639 1.0966922417283058 0
    endloop
  endfacet
  facet normal 0 0 1
    outer loop
      vertex 3.7453481629490852 -0.5597755089402199 0
      vertex 3.546023264527321 1.3670571446418762 0
      vertex 3.633060000836849 -0.3684000000357628 0
    endloop
  endfacet
  facet normal 0 0 1
    outer loop
      vertex 3.633060000836849 -0.3684000000357628 0
      vertex 3.546023264527321 1.3670571446418762 0
      vertex 3.4965563267469406 -0.19775020331144333 0
    endloop
  endfacet
  facet normal 0 0 1
    outer loop
      vertex 3.8403612226247787 -0.7782220393419266 0
      vertex 3.745580814778805 1.9719085693359375 0
      vertex 3.7453481629490852 -0.5597755089402199 0
    endloop
  endfacet
  facet normal 0 0 1
    outer loop
      vertex 3.4965563267469406 -0.19775020331144333 0
      vertex 3.546023264527321 1.3670571446418762 0
      vertex 3.449940003454685 1.222560003399849 0
    endloop
  endfacet
  facet normal 0 0 1
    outer loop
      vertex 3.7453481629490852 -0.5597755089402199 0
      vertex 3.627324491739273 1.5401142835617065 0
      vertex 3.546023264527321 1.3670571446418762 0
    endloop
  endfacet
  facet normal 0 0 1
    outer loop
      vertex 3.7453481629490852 -0.5597755089402199 0
      vertex 3.6938436701893806 1.7417314276099205 0
      vertex 3.627324491739273 1.5401142835617065 0
    endloop
  endfacet
  facet normal 0 0 1
    outer loop
      vertex 3.6938436701893806 1.7417314276099205 0
      vertex 3.7453481629490852 -0.5597755089402199 0
      vertex 3.745580814778805 1.9719085693359375 0
    endloop
  endfacet
  facet normal 0 0 1
    outer loop
      vertex 3.745580814778805 1.9719085693359375 0
      vertex 3.8403612226247787 -0.7782220393419266 0
      vertex 3.9180991873145103 -1.0237395912408829 0
    endloop
  endfacet
  facet normal 0 0 1
    outer loop
      vertex 4.021749794483185 -1.5959877520799637 0
      vertex 3.782535918056965 2.230645716190338 0
      vertex 3.745580814778805 1.9719085693359375 0
    endloop
  endfacet
  facet normal 0 0 1
    outer loop
      vertex 4.021749794483185 -1.5959877520799637 0
      vertex 3.804708980023861 2.517942860722542 0
      vertex 3.782535918056965 2.230645716190338 0
    endloop
  endfacet
  facet normal 0 0 1
    outer loop
      vertex 4.105761246452858 2.983010155384301 0
      vertex 3.804708980023861 2.517942860722542 0
      vertex 4.047662451863289 -1.9227183684706688 0
    endloop
  endfacet
  facet normal 0 0 1
    outer loop
      vertex 4.4472564012226075 -2.4448998960662056 0
      vertex 4.4472564012226075 2.444899896066205 0
      vertex 4.105761246452858 2.983010155384301 0
    endloop
  endfacet
  facet normal 0 0 1
    outer loop
      vertex 4.718615665882875 -1.8682321048747428 0
      vertex 4.718615665882876 1.8682321048747408 0
      vertex 4.4472564012226075 2.444899896066205 0
    endloop
  endfacet
  facet normal 0 0 1
    outer loop
      vertex 5.034982109170976 -0.6360661603388431 0
      vertex 5.075 0 0
      vertex 5.034982109170976 0.6360661603388441 0
    endloop
  endfacet
  facet normal 0 0 1
    outer loop
      vertex 4.915559542727803 -1.2621011773616364 0
      vertex 4.915559542727803 1.2621011773616382 0
      vertex 4.718615665882876 1.8682321048747408 0
    endloop
  endfacet
  facet normal 0 0 1
    outer loop
      vertex 5.034982109170976 -0.6360661603388431 0
      vertex 5.034982109170976 0.6360661603388441 0
      vertex 4.915559542727803 1.2621011773616382 0
    endloop
  endfacet
  facet normal 0 0 1
    outer loop
      vertex 4.105761246452858 2.983010155384301 0
      vertex 3.812100000679493 2.8338000029325485 0
      vertex 3.804708980023861 2.517942860722542 0
    endloop
  endfacet
  facet normal 0 0 1
    outer loop
      vertex 4.105761246452858 2.983010155384301 0
      vertex 3.801637962460518 3.302879996597767 0
      vertex 3.812100000679493 2.8338000029325485 0
    endloop
  endfacet
  facet normal 0 0 1
    outer loop
      vertex 4.105761246452858 2.983010155384301 0
      vertex 3.7978221595411066 3.3552445680353467 0
      vertex 3.801637962460518 3.302879996597767 0
    endloop
  endfacet
  facet normal 0 0 -1
    outer loop
      vertex -3.9185400009155273 -6.589440003037453 0
      vertex -3.9185400009155273 -3.209321764823986 0
      vertex -3.699515784163664 -3.4740765625880945 0
    endloop
  endfacet
  facet normal 0 0 -1
    outer loop
      vertex -3.9185400009155273 -6.589440003037453 0
      vertex -2.7193209845184088 -4.284964221922726 0
      vertex -2.1608299046927426 -4.5919972912650495 0
    endloop
  endfacet
  facet normal 0 0 -1
    outer loop
      vertex -3.9185400009155273 -6.589440003037453 0
      vertex -2.1608299046927426 -4.5919972912650495 0
      vertex -1.568261246452858 -4.826611820197904 0
    endloop
  endfacet
  facet normal 0 -1 0
    outer loop
      vertex -3.9185400009155273 -6.589440003037453 0
      vertex 0.0444599986076355 -6.589440003037453 0
      vertex -3.9185400009155273 -6.589440003037453 2
    endloop
  endfacet
  facet normal 0 0 -1
    outer loop
      vertex -3.9185400009155273 -6.589440003037453 0
      vertex -3.699515784163664 -3.4740765625880945 0
      vertex -3.2349267479746002 -3.910354707087131 0
    endloop
  endfacet
  facet normal 0 0 -1
    outer loop
      vertex -3.9185400009155273 -6.589440003037453 0
      vertex -3.2349267479746002 -3.910354707087131 0
      vertex -2.7193209845184088 -4.284964221922726 0
    endloop
  endfacet
  facet normal -1 0 0
    outer loop
      vertex -3.9185400009155273 -6.589440003037453 0
      vertex -3.9185400009155273 6.585119999945164 2
      vertex -3.9185400009155273 -3.209321764823986 0
    endloop
  endfacet
  facet normal -1 0 0
    outer loop
      vertex -3.9185400009155273 -6.589440003037453 0
      vertex -3.9185400009155273 -6.589440003037453 2
      vertex -3.9185400009155273 6.585119999945164 2
    endloop
  endfacet
  facet normal 0 0 1
    outer loop
      vertex -3.9185400009155273 -6.589440003037453 2
      vertex -0.4926600009202957 -0.6490800008177757 2
      vertex -3.9185400009155273 6.585119999945164 2
    endloop
  endfacet
  facet normal 0 0 -1
    outer loop
      vertex -3.9185400009155273 -6.589440003037453 0
      vertex -1.568261246452858 -4.826611820197904 0
      vertex -0.9509601715225535 -4.985107797448095 0
    endloop
  endfacet
  facet normal 0 0 -1
    outer loop
      vertex -3.9185400009155273 -6.589440003037453 0
      vertex -0.9509601715225535 -4.985107797448095 0
      vertex 0.0444599986076355 -6.589440003037453 0
    endloop
  endfacet
  facet normal 0 0 -1
    outer loop
      vertex 0.0444599986076355 -6.589440003037453 0
      vertex -0.9509601715225535 -4.985107797448095 0
      vertex -0.3186618866112674 -5.064985646773478 0
    endloop
  endfacet
  facet normal -0.05417034483039436 0.9985317089311466 0
    outer loop
      vertex -0.4926600009202957 -4.335359998047352 2
      vertex -0.2964257150888443 -4.324714288115501 0
      vertex -0.4926600009202957 -4.335359998047352 0
    endloop
  endfacet
  facet normal -0.10214027783023516 0.9947700054006264 0
    outer loop
      vertex -0.2964257150888443 -4.324714288115501 2
      vertex -0.12161999940872192 -4.306765712797642 0
      vertex -0.2964257150888443 -4.324714288115501 0
    endloop
  endfacet
  facet normal -0.16244929021864304 0.9867168935958576 0
    outer loop
      vertex -0.12161999940872192 -4.306765712797642 2
      vertex 0.03175714612007141 -4.281514286994934 0
      vertex -0.12161999940872192 -4.306765712797642 0
    endloop
  endfacet
  facet normal 0 -1 0
    outer loop
      vertex 0.0444599986076355 -6.589440003037453 0
      vertex 0.0444599986076355 -6.589440003037453 2
      vertex -3.9185400009155273 -6.589440003037453 2
    endloop
  endfacet
  facet normal 0 0 1
    outer loop
      vertex -3.9185400009155273 -6.589440003037453 2
      vertex 0.0444599986076355 -6.589440003037453 2
      vertex -0.4926600009202957 -4.335359998047352 2
    endloop
  endfacet
  facet normal 0 0 1
    outer loop
      vertex -3.9185400009155273 -6.589440003037453 2
      vertex -0.4926600009202957 -4.335359998047352 2
      vertex -0.4926600009202957 -0.6490800008177757 2
    endloop
  endfacet
  facet normal 0 0 1
    outer loop
      vertex 0.0444599986076355 -6.589440003037453 2
      vertex -0.2964257150888443 -4.324714288115501 2
      vertex -0.4926600009202957 -4.335359998047352 2
    endloop
  endfacet
  facet normal 0 0 1
    outer loop
      vertex 0.0444599986076355 -6.589440003037453 2
      vertex -0.12161999940872192 -4.306765712797642 2
      vertex -0.2964257150888443 -4.324714288115501 2
    endloop
  endfacet
  facet normal 0 0 1
    outer loop
      vertex 0.0444599986076355 -6.589440003037453 2
      vertex 0.03175714612007141 -4.281514286994934 2
      vertex -0.12161999940872192 -4.306765712797642 2
    endloop
  endfacet
  facet normal -0.05417034483039436 0.9985317089311466 0
    outer loop
      vertex -0.4926600009202957 -4.335359998047352 2
      vertex -0.2964257150888443 -4.324714288115501 2
      vertex -0.2964257150888443 -4.324714288115501 0
    endloop
  endfacet
  facet normal -0.10214027783023516 0.9947700054006264 0
    outer loop
      vertex -0.2964257150888443 -4.324714288115501 2
      vertex -0.12161999940872192 -4.306765712797642 2
      vertex -0.12161999940872192 -4.306765712797642 0
    endloop
  endfacet
  facet normal -0.16244929021864304 0.9867168935958576 0
    outer loop
      vertex -0.12161999940872192 -4.306765712797642 2
      vertex 0.03175714612007141 -4.281514286994934 2
      vertex 0.03175714612007141 -4.281514286994934 0
    endloop
  endfacet
  facet normal 1 0 0
    outer loop
      vertex -0.4926600009202957 -0.6490800008177757 2
      vertex -0.4926600009202957 -4.335359998047352 0
      vertex -0.4926600009202957 -0.6490800008177757 0
    endloop
  endfacet
  facet normal -0.04890662365895009 -0.9988033551016345 0
    outer loop
      vertex -0.28604938834905624 -0.6591967344284058 2
      vertex -0.4926600009202957 -0.6490800008177757 0
      vertex -0.28604938834905624 -0.6591967344284058 0
    endloop
  endfacet
  facet normal -0.08957387589924784 -0.9959801809054165 0
    outer loop
      vertex -0.10336040705442429 -0.6756269410252571 2
      vertex -0.28604938834905624 -0.6591967344284058 0
      vertex -0.10336040705442429 -0.6756269410252571 0
    endloop
  endfacet
  facet normal 1 0 0
    outer loop
      vertex -0.4926600009202957 -4.335359998047352 2
      vertex -0.4926600009202957 -4.335359998047352 0
      vertex -0.4926600009202957 -0.6490800008177757 2
    endloop
  endfacet
  facet normal -0.04890662365895009 -0.9988033551016345 0
    outer loop
      vertex -0.4926600009202957 -0.6490800008177757 2
      vertex -0.4926600009202957 -0.6490800008177757 0
      vertex -0.28604938834905624 -0.6591967344284058 2
    endloop
  endfacet
  facet normal -0.08957387589924784 -0.9959801809054165 0
    outer loop
      vertex -0.28604938834905624 -0.6591967344284058 2
      vertex -0.28604938834905624 -0.6591967344284058 0
      vertex -0.10336040705442429 -0.6756269410252571 2
    endloop
  endfacet
  facet normal -0.14180398459161822 -0.9898947570090167 0
    outer loop
      vertex -0.10336040705442429 -0.6756269410252571 2
      vertex -0.10336040705442429 -0.6756269410252571 0
      vertex 0.05540693551301956 -0.6983706131577492 2
    endloop
  endfacet
  facet normal -1 0 0
    outer loop
      vertex -3.9185400009155273 6.585119999945164 2
      vertex -3.9185400009155273 3.209321764823986 0
      vertex -3.9185400009155273 -3.209321764823986 0
    endloop
  endfacet
  facet normal 0 0 -1
    outer loop
      vertex -3.9185400009155273 6.585119999945164 0
      vertex -3.699515784163664 3.4740765625880945 0
      vertex -3.9185400009155273 3.209321764823986 0
    endloop
  endfacet
  facet normal -1 0 0
    outer loop
      vertex -3.9185400009155273 6.585119999945164 0
      vertex -3.9185400009155273 3.209321764823986 0
      vertex -3.9185400009155273 6.585119999945164 2
    endloop
  endfacet
  facet normal 0 0 -1
    outer loop
      vertex -3.9185400009155273 6.585119999945164 0
      vertex -3.2349267479746002 3.910354707087131 0
      vertex -3.699515784163664 3.4740765625880945 0
    endloop
  endfacet
  facet normal 0 0 -1
    outer loop
      vertex -3.9185400009155273 6.585119999945164 0
      vertex -2.7193209845184088 4.284964221922726 0
      vertex -3.2349267479746002 3.910354707087131 0
    endloop
  endfacet
  facet normal 0 0 -1
    outer loop
      vertex -3.9185400009155273 6.585119999945164 0
      vertex -2.160829904692744 4.591997291265049 0
      vertex -2.7193209845184088 4.284964221922726 0
    endloop
  endfacet
  facet normal 0 0 -1
    outer loop
      vertex -3.9185400009155273 6.585119999945164 0
      vertex -1.568261246452858 4.826611820197904 0
      vertex -2.160829904692744 4.591997291265049 0
    endloop
  endfacet
  facet normal 0 1 0
    outer loop
      vertex -3.9185400009155273 6.585119999945164 0
      vertex -3.9185400009155273 6.585119999945164 2
      vertex -0.5006999969482422 6.585119999945164 2
    endloop
  endfacet
  facet normal -0.0355937837460727 0.9993663405171488 0
    outer loop
      vertex -0.4926600009202957 1.4016000032424927 2
      vertex -0.4318763241171837 1.403764896094799 0
      vertex -0.4926600009202957 1.4016000032424927 0
    endloop
  endfacet
  facet normal -0.03223574657355655 0.9994802932738821 0
    outer loop
      vertex -0.4318763241171837 1.403764896094799 2
      vertex -0.37507959455251694 1.4055967330932617 0
      vertex -0.4318763241171837 1.403764896094799 0
    endloop
  endfacet
  facet normal -0.028369176500168295 0.9995975139148268 0
    outer loop
      vertex -0.37507959455251694 1.4055967330932617 2
      vertex -0.3222697973251343 1.4070955067873 0
      vertex -0.37507959455251694 1.4055967330932617 0
    endloop
  endfacet
  facet normal -0.02386967423686165 0.9997150787358497 0
    outer loop
      vertex -0.3222697973251343 1.4070955067873 2
      vertex -0.2734469398856163 1.4082612246274948 0
      vertex -0.3222697973251343 1.4070955067873 0
    endloop
  endfacet
  facet normal -0.018567947984401603 0.999827600793081 0
    outer loop
      vertex -0.2734469398856163 1.4082612246274948 2
      vertex -0.228611022233963 1.4090938791632652 0
      vertex -0.2734469398856163 1.4082612246274948 0
    endloop
  endfacet
  facet normal -0.012229286943654114 0.9999252194743614 0
    outer loop
      vertex -0.228611022233963 1.4090938791632652 2
      vertex -0.1877620443701744 1.4095934703946114 0
      vertex -0.228611022233963 1.4090938791632652 0
    endloop
  endfacet
  facet normal -0.004517552546536644 0.9999897958074319 0
    outer loop
      vertex -0.1877620443701744 1.4095934703946114 2
      vertex -0.1508999988436699 1.4097599983215332 0
      vertex -0.1877620443701744 1.4095934703946114 0
    endloop
  endfacet
  facet normal -0.03702427974838187 0.9993143663077767 0
    outer loop
      vertex -0.1508999988436699 1.4097599983215332 2
      vertex -0.014205306768417358 1.4148244932293892 0
      vertex -0.1508999988436699 1.4097599983215332 0
    endloop
  endfacet
  facet normal 0 0 1
    outer loop
      vertex -0.4926600009202957 -0.6490800008177757 2
      vertex -0.4926600009202957 1.4016000032424927 2
      vertex -3.9185400009155273 6.585119999945164 2
    endloop
  endfacet
  facet normal -0.0355937837460727 0.9993663405171488 0
    outer loop
      vertex -0.4926600009202957 1.4016000032424927 2
      vertex -0.4318763241171837 1.403764896094799 2
      vertex -0.4318763241171837 1.403764896094799 0
    endloop
  endfacet
  facet normal -0.03223574657355655 0.9994802932738821 0
    outer loop
      vertex -0.4318763241171837 1.403764896094799 2
      vertex -0.37507959455251694 1.4055967330932617 2
      vertex -0.37507959455251694 1.4055967330932617 0
    endloop
  endfacet
  facet normal -0.028369176500168295 0.9995975139148268 0
    outer loop
      vertex -0.37507959455251694 1.4055967330932617 2
      vertex -0.3222697973251343 1.4070955067873 2
      vertex -0.3222697973251343 1.4070955067873 0
    endloop
  endfacet
  facet normal -0.02386967423686165 0.9997150787358497 0
    outer loop
      vertex -0.3222697973251343 1.4070955067873 2
      vertex -0.2734469398856163 1.4082612246274948 2
      vertex -0.2734469398856163 1.4082612246274948 0
    endloop
  endfacet
  facet normal -0.018567947984401603 0.999827600793081 0
    outer loop
      vertex -0.2734469398856163 1.4082612246274948 2
      vertex -0.228611022233963 1.4090938791632652 2
      vertex -0.228611022233963 1.4090938791632652 0
    endloop
  endfacet
  facet normal -0.012229286943654114 0.9999252194743614 0
    outer loop
      vertex -0.228611022233963 1.4090938791632652 2
      vertex -0.1877620443701744 1.4095934703946114 2
      vertex -0.1877620443701744 1.4095934703946114 0
    endloop
  endfacet
  facet normal -0.004517552546536644 0.9999897958074319 0
    outer loop
      vertex -0.1877620443701744 1.4095934703946114 2
      vertex -0.1508999988436699 1.4097599983215332 2
      vertex -0.1508999988436699 1.4097599983215332 0
    endloop
  endfacet
  facet normal -0.03702427974838187 0.9993143663077767 0
    outer loop
      vertex -0.1508999988436699 1.4097599983215332 2
      vertex -0.014205306768417358 1.4148244932293892 2
      vertex -0.014205306768417358 1.4148244932293892 0
    endloop
  endfacet
  facet normal 0 0 1
    outer loop
      vertex -0.4926600009202957 -0.6490800008177757 2
      vertex -0.28604938834905624 -0.6591967344284058 2
      vertex -0.37507959455251694 1.4055967330932617 2
    endloop
  endfacet
  facet normal 0 0 1
    outer loop
      vertex -0.4926600009202957 -0.6490800008177757 2
      vertex -0.4318763241171837 1.403764896094799 2
      vertex -0.4926600009202957 1.4016000032424927 2
    endloop
  endfacet
  facet normal 0 0 1
    outer loop
      vertex -0.4926600009202957 -0.6490800008177757 2
      vertex -0.37507959455251694 1.4055967330932617 2
      vertex -0.4318763241171837 1.403764896094799 2
    endloop
  endfacet
  facet normal 0 0 1
    outer loop
      vertex -0.28604938834905624 -0.6591967344284058 2
      vertex -0.3222697973251343 1.4070955067873 2
      vertex -0.37507959455251694 1.4055967330932617 2
    endloop
  endfacet
  facet normal 0 0 1
    outer loop
      vertex -0.28604938834905624 -0.6591967344284058 2
      vertex -0.10336040705442429 -0.6756269410252571 2
      vertex -0.1508999988436699 1.4097599983215332 2
    endloop
  endfacet
  facet normal 0 0 1
    outer loop
      vertex -0.10336040705442429 -0.6756269410252571 2
      vertex 0.05540693551301956 -0.6983706131577492 2
      vertex -0.014205306768417358 1.4148244932293892 2
    endloop
  endfacet
  facet normal 0 0 1
    outer loop
      vertex -0.28604938834905624 -0.6591967344284058 2
      vertex -0.2734469398856163 1.4082612246274948 2
      vertex -0.3222697973251343 1.4070955067873 2
    endloop
  endfacet
  facet normal 0 0 1
    outer loop
      vertex -0.28604938834905624 -0.6591967344284058 2
      vertex -0.228611022233963 1.4090938791632652 2
      vertex -0.2734469398856163 1.4082612246274948 2
    endloop
  endfacet
  facet normal 0 0 1
    outer loop
      vertex -0.28604938834905624 -0.6591967344284058 2
      vertex -0.1877620443701744 1.4095934703946114 2
      vertex -0.228611022233963 1.4090938791632652 2
    endloop
  endfacet
  facet normal 0 0 1
    outer loop
      vertex -0.28604938834905624 -0.6591967344284058 2
      vertex -0.1508999988436699 1.4097599983215332 2
      vertex -0.1877620443701744 1.4095934703946114 2
    endloop
  endfacet
  facet normal 0 0 1
    outer loop
      vertex -0.10336040705442429 -0.6756269410252571 2
      vertex -0.014205306768417358 1.4148244932293892 2
      vertex -0.1508999988436699 1.4097599983215332 2
    endloop
  endfacet
  facet normal 1 0 0
    outer loop
      vertex -0.4926600009202957 1.4016000032424927 2
      vertex -0.4926600009202957 1.4016000032424927 0
      vertex -0.4926600009202957 4.3310400024056435 2
    endloop
  endfacet
  facet normal 0 0 -1
    outer loop
      vertex -3.9185400009155273 6.585119999945164 0
      vertex -0.9509601715225522 4.985107797448095 0
      vertex -1.568261246452858 4.826611820197904 0
    endloop
  endfacet
  facet normal 0 0 -1
    outer loop
      vertex -3.9185400009155273 6.585119999945164 0
      vertex -0.5006999969482422 6.585119999945164 0
      vertex -0.9509601715225522 4.985107797448095 0
    endloop
  endfacet
  facet normal 0 1 0
    outer loop
      vertex -3.9185400009155273 6.585119999945164 0
      vertex -0.5006999969482422 6.585119999945164 2
      vertex -0.5006999969482422 6.585119999945164 0
    endloop
  endfacet
  facet normal 1 0 0
    outer loop
      vertex -0.4926600009202957 4.3310400024056435 2
      vertex -0.4926600009202957 1.4016000032424927 0
      vertex -0.4926600009202957 4.3310400024056435 0
    endloop
  endfacet
  facet normal -0.02402842558325859 -0.9997112757011345 0
    outer loop
      vertex -0.3485865294933319 4.327577143907547 2
      vertex -0.4926600009202957 4.3310400024056435 0
      vertex -0.3485865294933319 4.327577143907547 0
    endloop
  endfacet
  facet normal -0.04454174512779976 -0.9990075239661461 0
    outer loop
      vertex -0.21862898021936417 4.321782857179642 2
      vertex -0.3485865294933319 4.327577143907547 0
      vertex -0.21862898021936417 4.321782857179642 0
    endloop
  endfacet
  facet normal -0.0699730962562084 -0.9975488789028433 0
    outer loop
      vertex -0.10278734564781189 4.313657142221928 2
      vertex -0.21862898021936417 4.321782857179642 0
      vertex -0.10278734564781189 4.313657142221928 0
    endloop
  endfacet
  facet normal -0.10225856430980858 -0.9947578529598532 0
    outer loop
      vertex -0.0010616332292556763 4.303199999034405 2
      vertex -0.10278734564781189 4.313657142221928 0
      vertex -0.0010616332292556763 4.303199999034405 0
    endloop
  endfacet
  facet normal 0 0 -1
    outer loop
      vertex -0.5006999969482422 6.585119999945164 0
      vertex -0.3186618866112649 5.064985646773478 0
      vertex -0.9509601715225522 4.985107797448095 0
    endloop
  endfacet
  facet normal 0 0 -1
    outer loop
      vertex -0.5006999969482422 6.585119999945164 0
      vertex 0.3186618866112649 5.064985646773478 0
      vertex -0.3186618866112649 5.064985646773478 0
    endloop
  endfacet
  facet normal 0 0 -1
    outer loop
      vertex -0.5006999969482422 6.585119999945164 0
      vertex -0.054072245955467224 6.579972244799137 0
      vertex 0.3186618866112649 5.064985646773478 0
    endloop
  endfacet
  facet normal 0.01152506364093657 0.9999335842485102 0
    outer loop
      vertex -0.5006999969482422 6.585119999945164 0
      vertex -0.054072245955467224 6.579972244799137 2
      vertex -0.054072245955467224 6.579972244799137 0
    endloop
  endfacet
  facet normal 0 0 1
    outer loop
      vertex -3.9185400009155273 6.585119999945164 2
      vertex -0.4926600009202957 1.4016000032424927 2
      vertex -0.4926600009202957 4.3310400024056435 2
    endloop
  endfacet
  facet normal 0 0 1
    outer loop
      vertex -3.9185400009155273 6.585119999945164 2
      vertex -0.4926600009202957 4.3310400024056435 2
      vertex -0.5006999969482422 6.585119999945164 2
    endloop
  endfacet
  facet normal -0.02402842558325859 -0.9997112757011345 0
    outer loop
      vertex -0.4926600009202957 4.3310400024056435 2
      vertex -0.4926600009202957 4.3310400024056435 0
      vertex -0.3485865294933319 4.327577143907547 2
    endloop
  endfacet
  facet normal -0.0699730962562084 -0.9975488789028433 0
    outer loop
      vertex -0.21862898021936417 4.321782857179642 2
      vertex -0.21862898021936417 4.321782857179642 0
      vertex -0.10278734564781189 4.313657142221928 2
    endloop
  endfacet
  facet normal -0.04454174512779976 -0.9990075239661461 0
    outer loop
      vertex -0.3485865294933319 4.327577143907547 2
      vertex -0.3485865294933319 4.327577143907547 0
      vertex -0.21862898021936417 4.321782857179642 2
    endloop
  endfacet
  facet normal -0.10225856430980858 -0.9947578529598532 0
    outer loop
      vertex -0.10278734564781189 4.313657142221928 2
      vertex -0.10278734564781189 4.313657142221928 0
      vertex -0.0010616332292556763 4.303199999034405 2
    endloop
  endfacet
  facet normal 0.01152506364093657 0.9999335842485102 0
    outer loop
      vertex -0.5006999969482422 6.585119999945164 0
      vertex -0.5006999969482422 6.585119999945164 2
      vertex -0.054072245955467224 6.579972244799137 2
    endloop
  endfacet
  facet normal 0 0 1
    outer loop
      vertex -0.4926600009202957 4.3310400024056435 2
      vertex -0.3485865294933319 4.327577143907547 2
      vertex -0.5006999969482422 6.585119999945164 2
    endloop
  endfacet
  facet normal 0 0 1
    outer loop
      vertex -0.3485865294933319 4.327577143907547 2
      vertex -0.21862898021936417 4.321782857179642 2
      vertex -0.5006999969482422 6.585119999945164 2
    endloop
  endfacet
  facet normal 0 0 1
    outer loop
      vertex -0.21862898021936417 4.321782857179642 2
      vertex -0.10278734564781189 4.313657142221928 2
      vertex -0.054072245955467224 6.579972244799137 2
    endloop
  endfacet
  facet normal 0 0 1
    outer loop
      vertex -0.10278734564781189 4.313657142221928 2
      vertex -0.0010616332292556763 4.303199999034405 2
      vertex -0.054072245955467224 6.579972244799137 2
    endloop
  endfacet
  facet normal 0 0 1
    outer loop
      vertex -0.21862898021936417 4.321782857179642 2
      vertex -0.054072245955467224 6.579972244799137 2
      vertex -0.5006999969482422 6.585119999945164 2
    endloop
  endfacet
  facet normal 0 0 -1
    outer loop
      vertex 0.0444599986076355 -6.589440003037453 0
      vertex -0.3186618866112674 -5.064985646773478 0
      vertex 0.6064346954226494 -6.58462530374527 0
    endloop
  endfacet
  facet normal 0 0 -1
    outer loop
      vertex 0.6064346954226494 -6.58462530374527 0
      vertex -0.3186618866112674 -5.064985646773478 0
      vertex 0.3186618866112674 -5.064985646773478 0
    endloop
  endfacet
  facet normal 0 0 -1
    outer loop
      vertex 0.6064346954226494 -6.58462530374527 0
      vertex 0.3186618866112674 -5.064985646773478 0
      vertex 1.1112844869494438 -6.570181220769882 0
    endloop
  endfacet
  facet normal 0 0 -1
    outer loop
      vertex 1.1112844869494438 -6.570181220769882 0
      vertex 0.3186618866112674 -5.064985646773478 0
      vertex 1.55900938808918 -6.54610775411129 0
    endloop
  endfacet
  facet normal 0 0 -1
    outer loop
      vertex 1.55900938808918 -6.54610775411129 0
      vertex 0.3186618866112674 -5.064985646773478 0
      vertex 0.9509601715225535 -4.985107797448095 0
    endloop
  endfacet
  facet normal 0.008567151913015145 -0.9999633012806517 0
    outer loop
      vertex 0.0444599986076355 -6.589440003037453 0
      vertex 0.6064346954226494 -6.58462530374527 0
      vertex 0.0444599986076355 -6.589440003037453 2
    endloop
  endfacet
  facet normal 0.02859895180972261 -0.9995909663234184 0
    outer loop
      vertex 0.6064346954226494 -6.58462530374527 0
      vertex 1.1112844869494438 -6.570181220769882 0
      vertex 0.6064346954226494 -6.58462530374527 2
    endloop
  endfacet
  facet normal 0.05369087834596013 -0.9985576045388865 0
    outer loop
      vertex 1.1112844869494438 -6.570181220769882 0
      vertex 1.55900938808918 -6.54610775411129 0
      vertex 1.1112844869494438 -6.570181220769882 2
    endloop
  endfacet
  facet normal -0.23953681749646025 0.9708872813378839 0
    outer loop
      vertex 0.03175714612007141 -4.281514286994934 2
      vertex 0.1637057140469551 -4.248960003256798 0
      vertex 0.03175714612007141 -4.281514286994934 0
    endloop
  endfacet
  facet normal -0.3392464892545921 0.9406975175519673 0
    outer loop
      vertex 0.1637057140469551 -4.248960003256798 2
      vertex 0.27422571182250977 -4.209102854132652 0
      vertex 0.1637057140469551 -4.248960003256798 0
    endloop
  endfacet
  facet normal -0.4678408386317424 0.8838127345248811 0
    outer loop
      vertex 0.27422571182250977 -4.209102854132652 2
      vertex 0.3633171394467354 -4.161942854523659 0
      vertex 0.27422571182250977 -4.209102854132652 0
    endloop
  endfacet
  facet normal -0.6270269336777237 0.7789975766603587 0
    outer loop
      vertex 0.3633171394467354 -4.161942854523659 2
      vertex 0.43097999691963196 -4.107479996979237 0
      vertex 0.3633171394467354 -4.161942854523659 0
    endloop
  endfacet
  facet normal -0.7988989360608741 0.6014652857487316 0
    outer loop
      vertex 0.43097999691963196 -4.107479996979237 2
      vertex 0.4838608130812645 -4.037240818142891 0
      vertex 0.43097999691963196 -4.107479996979237 0
    endloop
  endfacet
  facet normal -0.9037845556819829 0.4279877064948488 0
    outer loop
      vertex 0.4838608130812645 -4.037240818142891 2
      vertex 0.5286061242222786 -3.9427518397569656 0
      vertex 0.4838608130812645 -4.037240818142891 0
    endloop
  endfacet
  facet normal -0.9556096817856755 0.2946355987953254 0
    outer loop
      vertex 0.5286061242222786 -3.9427518397569656 2
      vertex 0.5652159154415131 -3.8240130618214607 0
      vertex 0.5286061242222786 -3.9427518397569656 0
    endloop
  endfacet
  facet normal -0.9807431412773995 0.19530205026404346 0
    outer loop
      vertex 0.5652159154415131 -3.8240130618214607 2
      vertex 0.5936902016401291 -3.681024491786957 0
      vertex 0.5652159154415131 -3.8240130618214607 0
    endloop
  endfacet
  facet normal -0.9926858673075508 0.12072600733833365 0
    outer loop
      vertex 0.5936902016401291 -3.681024491786957 2
      vertex 0.6140289828181267 -3.5137861222028732 0
      vertex 0.5936902016401291 -3.681024491786957 0
    endloop
  endfacet
  facet normal -0.9979755010313439 0.06359952312115408 0
    outer loop
      vertex 0.6140289828181267 -3.5137861222028732 2
      vertex 0.6262322440743446 -3.3222979605197906 0
      vertex 0.6140289828181267 -3.5137861222028732 0
    endloop
  endfacet
  facet normal 0 0 -1
    outer loop
      vertex 1.55900938808918 -6.54610775411129 0
      vertex 0.9509601715225535 -4.985107797448095 0
      vertex 1.9496093913912773 -6.5124048963189125 0
    endloop
  endfacet
  facet normal 0 0 -1
    outer loop
      vertex 1.9496093913912773 -6.5124048963189125 0
      vertex 0.9509601715225535 -4.985107797448095 0
      vertex 2.283084489405155 -6.46907265484333 0
    endloop
  endfacet
  facet normal 0 0 -1
    outer loop
      vertex 2.283084489405155 -6.46907265484333 0
      vertex 0.9509601715225535 -4.985107797448095 0
      vertex 2.559434697031975 -6.416111022233963 0
    endloop
  endfacet
  facet normal 0 0 -1
    outer loop
      vertex 2.559434697031975 -6.416111022233963 0
      vertex 0.9509601715225535 -4.985107797448095 0
      vertex 2.778659999370575 -6.35351999849081 0
    endloop
  endfacet
  facet normal 0 0 -1
    outer loop
      vertex 2.778659999370575 -6.35351999849081 0
      vertex 0.9509601715225535 -4.985107797448095 0
      vertex 2.9619318395853043 -6.277777962386608 0
    endloop
  endfacet
  facet normal 0 0 -1
    outer loop
      vertex 2.9619318395853043 -6.277777962386608 0
      vertex 0.9509601715225535 -4.985107797448095 0
      vertex 3.130421631038189 -6.1854318380355835 0
    endloop
  endfacet
  facet normal 0 0 -1
    outer loop
      vertex 3.28412938863039 -6.076481632888317 0
      vertex 0.9509601715225535 -4.985107797448095 0
      vertex 1.568261246452858 -4.826611820197904 0
    endloop
  endfacet
  facet normal 0 0 -1
    outer loop
      vertex 3.130421631038189 -6.1854318380355835 0
      vertex 0.9509601715225535 -4.985107797448095 0
      vertex 3.28412938863039 -6.076481632888317 0
    endloop
  endfacet
  facet normal 0.08596542143861577 -0.9962981212051347 0
    outer loop
      vertex 1.55900938808918 -6.54610775411129 0
      vertex 1.9496093913912773 -6.5124048963189125 0
      vertex 1.55900938808918 -6.54610775411129 2
    endloop
  endfacet
  facet normal 0.12885814393053222 -0.9916630368944778 0
    outer loop
      vertex 1.9496093913912773 -6.5124048963189125 0
      vertex 2.283084489405155 -6.46907265484333 0
      vertex 1.9496093913912773 -6.5124048963189125 2
    endloop
  endfacet
  facet normal 0.18822142247722262 -0.9821266191895275 0
    outer loop
      vertex 2.283084489405155 -6.46907265484333 0
      vertex 2.559434697031975 -6.416111022233963 0
      vertex 2.283084489405155 -6.46907265484333 2
    endloop
  endfacet
  facet normal 0 0 -1
    outer loop
      vertex 3.8321008160710335 -5.276823677122593 0
      vertex 1.568261246452858 -4.826611820197904 0
      vertex 2.1608299046927426 -4.5919972912650495 0
    endloop
  endfacet
  facet normal 0.008567151913015145 -0.9999633012806517 0
    outer loop
      vertex 0.0444599986076355 -6.589440003037453 2
      vertex 0.6064346954226494 -6.58462530374527 0
      vertex 0.6064346954226494 -6.58462530374527 2
    endloop
  endfacet
  facet normal 0.02859895180972261 -0.9995909663234184 0
    outer loop
      vertex 1.1112844869494438 -6.570181220769882 0
      vertex 1.1112844869494438 -6.570181220769882 2
      vertex 0.6064346954226494 -6.58462530374527 2
    endloop
  endfacet
  facet normal 0 0 1
    outer loop
      vertex 0.0444599986076355 -6.589440003037453 2
      vertex 0.6064346954226494 -6.58462530374527 2
      vertex 0.03175714612007141 -4.281514286994934 2
    endloop
  endfacet
  facet normal 0 0 1
    outer loop
      vertex 0.03175714612007141 -4.281514286994934 2
      vertex 0.6064346954226494 -6.58462530374527 2
      vertex 0.1637057140469551 -4.248960003256798 2
    endloop
  endfacet
  facet normal 0 0 1
    outer loop
      vertex 0.6064346954226494 -6.58462530374527 2
      vertex 0.27422571182250977 -4.209102854132652 2
      vertex 0.1637057140469551 -4.248960003256798 2
    endloop
  endfacet
  facet normal 0 0 1
    outer loop
      vertex 0.6064346954226494 -6.58462530374527 2
      vertex 0.3633171394467354 -4.161942854523659 2
      vertex 0.27422571182250977 -4.209102854132652 2
    endloop
  endfacet
  facet normal 0 0 1
    outer loop
      vertex 0.6064346954226494 -6.58462530374527 2
      vertex 1.1112844869494438 -6.570181220769882 2
      vertex 0.3633171394467354 -4.161942854523659 2
    endloop
  endfacet
  facet normal 0 0 1
    outer loop
      vertex 0.3633171394467354 -4.161942854523659 2
      vertex 1.1112844869494438 -6.570181220769882 2
      vertex 0.43097999691963196 -4.107479996979237 2
    endloop
  endfacet
  facet normal 0 0 1
    outer loop
      vertex 0.43097999691963196 -4.107479996979237 2
      vertex 1.1112844869494438 -6.570181220769882 2
      vertex 1.55900938808918 -6.54610775411129 2
    endloop
  endfacet
  facet normal -0.23953681749646025 0.9708872813378839 0
    outer loop
      vertex 0.03175714612007141 -4.281514286994934 2
      vertex 0.1637057140469551 -4.248960003256798 2
      vertex 0.1637057140469551 -4.248960003256798 0
    endloop
  endfacet
  facet normal -0.3392464892545921 0.9406975175519673 0
    outer loop
      vertex 0.1637057140469551 -4.248960003256798 2
      vertex 0.27422571182250977 -4.209102854132652 2
      vertex 0.27422571182250977 -4.209102854132652 0
    endloop
  endfacet
  facet normal -0.4678408386317424 0.8838127345248811 0
    outer loop
      vertex 0.27422571182250977 -4.209102854132652 2
      vertex 0.3633171394467354 -4.161942854523659 2
      vertex 0.3633171394467354 -4.161942854523659 0
    endloop
  endfacet
  facet normal -0.6270269336777237 0.7789975766603587 0
    outer loop
      vertex 0.3633171394467354 -4.161942854523659 2
      vertex 0.43097999691963196 -4.107479996979237 2
      vertex 0.43097999691963196 -4.107479996979237 0
    endloop
  endfacet
  facet normal -0.7988989360608741 0.6014652857487316 0
    outer loop
      vertex 0.43097999691963196 -4.107479996979237 2
      vertex 0.4838608130812645 -4.037240818142891 2
      vertex 0.4838608130812645 -4.037240818142891 0
    endloop
  endfacet
  facet normal -0.9037845556819829 0.4279877064948488 0
    outer loop
      vertex 0.4838608130812645 -4.037240818142891 2
      vertex 0.5286061242222786 -3.9427518397569656 2
      vertex 0.5286061242222786 -3.9427518397569656 0
    endloop
  endfacet
  facet normal -0.9556096817856755 0.2946355987953254 0
    outer loop
      vertex 0.5286061242222786 -3.9427518397569656 2
      vertex 0.5652159154415131 -3.8240130618214607 2
      vertex 0.5652159154415131 -3.8240130618214607 0
    endloop
  endfacet
  facet normal -0.9807431412773995 0.19530205026404346 0
    outer loop
      vertex 0.5652159154415131 -3.8240130618214607 2
      vertex 0.5936902016401291 -3.681024491786957 2
      vertex 0.5936902016401291 -3.681024491786957 0
    endloop
  endfacet
  facet normal -0.9926858673075508 0.12072600733833365 0
    outer loop
      vertex 0.5936902016401291 -3.681024491786957 2
      vertex 0.6140289828181267 -3.5137861222028732 2
      vertex 0.6140289828181267 -3.5137861222028732 0
    endloop
  endfacet
  facet normal -0.9979755010313439 0.06359952312115408 0
    outer loop
      vertex 0.6140289828181267 -3.5137861222028732 2
      vertex 0.6262322440743446 -3.3222979605197906 2
      vertex 0.6262322440743446 -3.3222979605197906 0
    endloop
  endfacet
  facet normal 0.05369087834596013 -0.9985576045388865 0
    outer loop
      vertex 1.55900938808918 -6.54610775411129 0
      vertex 1.55900938808918 -6.54610775411129 2
      vertex 1.1112844869494438 -6.570181220769882 2
    endloop
  endfacet
  facet normal 0.08596542143861577 -0.9962981212051347 0
    outer loop
      vertex 1.9496093913912773 -6.5124048963189125 0
      vertex 1.9496093913912773 -6.5124048963189125 2
      vertex 1.55900938808918 -6.54610775411129 2
    endloop
  endfacet
  facet normal 0.12885814393053222 -0.9916630368944778 0
    outer loop
      vertex 2.283084489405155 -6.46907265484333 0
      vertex 2.283084489405155 -6.46907265484333 2
      vertex 1.9496093913912773 -6.5124048963189125 2
    endloop
  endfacet
  facet normal 0.18822142247722262 -0.9821266191895275 0
    outer loop
      vertex 2.559434697031975 -6.416111022233963 0
      vertex 2.559434697031975 -6.416111022233963 2
      vertex 2.283084489405155 -6.46907265484333 2
    endloop
  endfacet
  facet normal 0 0 1
    outer loop
      vertex 0.43097999691963196 -4.107479996979237 2
      vertex 1.55900938808918 -6.54610775411129 2
      vertex 1.9496093913912773 -6.5124048963189125 2
    endloop
  endfacet
  facet normal 0 0 1
    outer loop
      vertex 0.43097999691963196 -4.107479996979237 2
      vertex 1.9496093913912773 -6.5124048963189125 2
      vertex 2.283084489405155 -6.46907265484333 2
    endloop
  endfacet
  facet normal 0 0 1
    outer loop
      vertex 0.43097999691963196 -4.107479996979237 2
      vertex 2.283084489405155 -6.46907265484333 2
      vertex 2.559434697031975 -6.416111022233963 2
    endloop
  endfacet
  facet normal 0 0 1
    outer loop
      vertex 0.43097999691963196 -4.107479996979237 2
      vertex 2.559434697031975 -6.416111022233963 2
      vertex 2.778659999370575 -6.35351999849081 2
    endloop
  endfacet
  facet normal 0 0 1
    outer loop
      vertex 0.43097999691963196 -4.107479996979237 2
      vertex 2.778659999370575 -6.35351999849081 2
      vertex 2.9619318395853043 -6.277777962386608 2
    endloop
  endfacet
  facet normal 0 0 1
    outer loop
      vertex 0.43097999691963196 -4.107479996979237 2
      vertex 2.9619318395853043 -6.277777962386608 2
      vertex 3.130421631038189 -6.1854318380355835 2
    endloop
  endfacet
  facet normal 0 0 1
    outer loop
      vertex 0.43097999691963196 -4.107479996979237 2
      vertex 3.130421631038189 -6.1854318380355835 2
      vertex 3.28412938863039 -6.076481632888317 2
    endloop
  endfacet
  facet normal 0 0 1
    outer loop
      vertex 0.43097999691963196 -4.107479996979237 2
      vertex 3.28412938863039 -6.076481632888317 2
      vertex 3.4230551049113274 -5.950927346944809 2
    endloop
  endfacet
  facet normal 0 0 1
    outer loop
      vertex 0.43097999691963196 -4.107479996979237 2
      vertex 3.4230551049113274 -5.950927346944809 2
      vertex 3.54719877243042 -5.808768980205059 2
    endloop
  endfacet
  facet normal 0 0 1
    outer loop
      vertex 0.43097999691963196 -4.107479996979237 2
      vertex 3.656560406088829 -5.650006532669067 2
      vertex 0.4838608130812645 -4.037240818142891 2
    endloop
  endfacet
  facet normal 0 0 1
    outer loop
      vertex 0.4838608130812645 -4.037240818142891 2
      vertex 3.751139998435974 -5.474639996886253 2
      vertex 0.5286061242222786 -3.9427518397569656 2
    endloop
  endfacet
  facet normal 0 0 1
    outer loop
      vertex 0.5286061242222786 -3.9427518397569656 2
      vertex 3.9566559195518494 -4.796510204672813 2
      vertex 0.5652159154415131 -3.8240130618214607 2
    endloop
  endfacet
  facet normal 0 0 1
    outer loop
      vertex 0.5652159154415131 -3.8240130618214607 2
      vertex 4.031388983130455 -4.203288979828358 2
      vertex 0.5936902016401291 -3.681024491786957 2
    endloop
  endfacet
  facet normal 0 0 1
    outer loop
      vertex 0.5936902016401291 -3.681024491786957 2
      vertex 4.050072245299816 -3.864337958395481 2
      vertex 0.6140289828181267 -3.5137861222028732 2
    endloop
  endfacet
  facet normal 0 0 1
    outer loop
      vertex 0.6140289828181267 -3.5137861222028732 2
      vertex 4.05629999935627 -3.4971600025892258 2
      vertex 0.6262322440743446 -3.3222979605197906 2
    endloop
  endfacet
  facet normal 0 0 1
    outer loop
      vertex 0.6262322440743446 -3.3222979605197906 2
      vertex 4.05629999935627 -3.4971600025892258 2
      vertex 0.6303000003099442 -3.1065599992871284 2
    endloop
  endfacet
  facet normal -0.9998222903860722 0.018851727961882666 0
    outer loop
      vertex 0.6262322440743446 -3.3222979605197906 2
      vertex 0.6303000003099442 -3.1065599992871284 0
      vertex 0.6262322440743446 -3.3222979605197906 0
    endloop
  endfacet
  facet normal -1 0 0
    outer loop
      vertex 0.6303000003099442 -3.1065599992871284 2
      vertex 0.6303000003099442 -1.8778799995779991 0
      vertex 0.6303000003099442 -3.1065599992871284 0
    endloop
  endfacet
  facet normal -0.9998718350784244 -0.01600979128233983 0
    outer loop
      vertex 0.6303000003099442 -1.8778799995779991 2
      vertex 0.6266461238265038 -1.6496816352009773 0
      vertex 0.6303000003099442 -1.8778799995779991 0
    endloop
  endfacet
  facet normal -0.9985156707767354 -0.054465174316126325 0
    outer loop
      vertex 0.6266461238265038 -1.6496816352009773 2
      vertex 0.615684486925602 -1.4487208127975464 0
      vertex 0.6266461238265038 -1.6496816352009773 0
    endloop
  endfacet
  facet normal -0.9945157447587909 -0.10458696585553753 0
    outer loop
      vertex 0.615684486925602 -1.4487208127975464 2
      vertex 0.5974151045084 -1.274997554719448 0
      vertex 0.615684486925602 -1.4487208127975464 0
    endloop
  endfacet
  facet normal -0.6055320200975662 -0.7958209425722349 0
    outer loop
      vertex 0.4512600004673004 -0.8524800017476082 2
      vertex 0.3881791830062866 -0.8044824525713921 0
      vertex 0.4512600004673004 -0.8524800017476082 0
    endloop
  endfacet
  facet normal -0.9850964611739783 -0.1720027970194221 0
    outer loop
      vertex 0.5974151045084 -1.274997554719448 2
      vertex 0.5718379616737366 -1.1285118386149406 0
      vertex 0.5974151045084 -1.274997554719448 0
    endloop
  endfacet
  facet normal -0.964015706667901 -0.2658452882741904 0
    outer loop
      vertex 0.5718379616737366 -1.1285118386149406 2
      vertex 0.5389530584216118 -1.0092636719346046 0
      vertex 0.5718379616737366 -1.1285118386149406 0
    endloop
  endfacet
  facet normal -0.91638391391955 -0.4003005399815078 0
    outer loop
      vertex 0.5389530584216118 -1.0092636719346046 2
      vertex 0.4987604096531868 -0.9172530621290207 0
      vertex 0.5389530584216118 -1.0092636719346046 0
    endloop
  endfacet
  facet normal -0.8064040168087014 -0.5913649986892964 0
    outer loop
      vertex 0.4987604096531868 -0.9172530621290207 2
      vertex 0.4512600004673004 -0.8524800017476082 0
      vertex 0.4987604096531868 -0.9172530621290207 0
    endloop
  endfacet
  facet normal -0.14180398459161822 -0.9898947570090167 0
    outer loop
      vertex 0.05540693551301956 -0.6983706131577492 2
      vertex -0.10336040705442429 -0.6756269410252571 0
      vertex 0.05540693551301956 -0.6983706131577492 0
    endloop
  endfacet
  facet normal -0.21064927055948346 -0.9775617038390761 0
    outer loop
      vertex 0.1902526542544365 -0.7274277582764626 2
      vertex 0.05540693551301956 -0.6983706131577492 0
      vertex 0.1902526542544365 -0.7274277582764626 0
    endloop
  endfacet
  facet normal -0.3038009210780161 -0.9527355353675799 0
    outer loop
      vertex 0.3011767342686653 -0.7627983689308167 2
      vertex 0.1902526542544365 -0.7274277582764626 0
      vertex 0.3011767342686653 -0.7627983689308167 0
    endloop
  endfacet
  facet normal -0.43208148842129507 -0.9018345676251482 0
    outer loop
      vertex 0.3881791830062866 -0.8044824525713921 2
      vertex 0.3011767342686653 -0.7627983689308167 0
      vertex 0.3881791830062866 -0.8044824525713921 0
    endloop
  endfacet
  facet normal -0.9998222903860722 0.018851727961882666 0
    outer loop
      vertex 0.6262322440743446 -3.3222979605197906 2
      vertex 0.6303000003099442 -3.1065599992871284 2
      vertex 0.6303000003099442 -3.1065599992871284 0
    endloop
  endfacet
  facet normal -1 0 0
    outer loop
      vertex 0.6303000003099442 -3.1065599992871284 2
      vertex 0.6303000003099442 -1.8778799995779991 2
      vertex 0.6303000003099442 -1.8778799995779991 0
    endloop
  endfacet
  facet normal -0.9998718350784244 -0.01600979128233983 0
    outer loop
      vertex 0.6303000003099442 -1.8778799995779991 2
      vertex 0.6266461238265038 -1.6496816352009773 2
      vertex 0.6266461238265038 -1.6496816352009773 0
    endloop
  endfacet
  facet normal -0.9985156707767354 -0.054465174316126325 0
    outer loop
      vertex 0.6266461238265038 -1.6496816352009773 2
      vertex 0.615684486925602 -1.4487208127975464 2
      vertex 0.615684486925602 -1.4487208127975464 0
    endloop
  endfacet
  facet normal -0.9945157447587909 -0.10458696585553753 0
    outer loop
      vertex 0.615684486925602 -1.4487208127975464 2
      vertex 0.5974151045084 -1.274997554719448 2
      vertex 0.5974151045084 -1.274997554719448 0
    endloop
  endfacet
  facet normal -0.8064040168087014 -0.5913649986892964 0
    outer loop
      vertex 0.4512600004673004 -0.8524800017476082 2
      vertex 0.4512600004673004 -0.8524800017476082 0
      vertex 0.4987604096531868 -0.9172530621290207 2
    endloop
  endfacet
  facet normal -0.964015706667901 -0.2658452882741904 0
    outer loop
      vertex 0.5389530584216118 -1.0092636719346046 2
      vertex 0.5389530584216118 -1.0092636719346046 0
      vertex 0.5718379616737366 -1.1285118386149406 2
    endloop
  endfacet
  facet normal -0.9850964611739783 -0.1720027970194221 0
    outer loop
      vertex 0.5974151045084 -1.274997554719448 2
      vertex 0.5718379616737366 -1.1285118386149406 2
      vertex 0.5718379616737366 -1.1285118386149406 0
    endloop
  endfacet
  facet normal -0.91638391391955 -0.4003005399815078 0
    outer loop
      vertex 0.4987604096531868 -0.9172530621290207 2
      vertex 0.4987604096531868 -0.9172530621290207 0
      vertex 0.5389530584216118 -1.0092636719346046 2
    endloop
  endfacet
  facet normal -0.21064927055948346 -0.9775617038390761 0
    outer loop
      vertex 0.05540693551301956 -0.6983706131577492 2
      vertex 0.05540693551301956 -0.6983706131577492 0
      vertex 0.1902526542544365 -0.7274277582764626 2
    endloop
  endfacet
  facet normal -0.3038009210780161 -0.9527355353675799 0
    outer loop
      vertex 0.1902526542544365 -0.7274277582764626 2
      vertex 0.1902526542544365 -0.7274277582764626 0
      vertex 0.3011767342686653 -0.7627983689308167 2
    endloop
  endfacet
  facet normal -0.43208148842129507 -0.9018345676251482 0
    outer loop
      vertex 0.3011767342686653 -0.7627983689308167 2
      vertex 0.3011767342686653 -0.7627983689308167 0
      vertex 0.3881791830062866 -0.8044824525713921 2
    endloop
  endfacet
  facet normal -0.6055320200975662 -0.7958209425722349 0
    outer loop
      vertex 0.4512600004673004 -0.8524800017476082 2
      vertex 0.3881791830062866 -0.8044824525713921 2
      vertex 0.3881791830062866 -0.8044824525713921 0
    endloop
  endfacet
  facet normal 0 0 1
    outer loop
      vertex 0.1902526542544365 -0.7274277582764626 2
      vertex 0.3011767342686653 -0.7627983689308167 2
      vertex 0.21432367712259293 1.4553404077887535 2
    endloop
  endfacet
  facet normal 0 0 1
    outer loop
      vertex 0.3011767342686653 -0.7627983689308167 2
      vertex 0.3881791830062866 -0.8044824525713921 2
      vertex 0.3061579614877701 1.4907918348908424 2
    endloop
  endfacet
  facet normal 0 0 1
    outer loop
      vertex 0.4512600004673004 -0.8524800017476082 2
      vertex 0.3061579614877701 1.4907918348908424 2
      vertex 0.3881791830062866 -0.8044824525713921 2
    endloop
  endfacet
  facet normal 0 0 1
    outer loop
      vertex 0.6303000003099442 -3.1065599992871284 2
      vertex 4.05629999935627 -2.276519998908043 2
      vertex 0.6303000003099442 -1.8778799995779991 2
    endloop
  endfacet
  facet normal 0 0 1
    outer loop
      vertex 0.6303000003099442 -1.8778799995779991 2
      vertex 4.021749794483185 -1.5959877520799637 2
      vertex 0.6266461238265038 -1.6496816352009773 2
    endloop
  endfacet
  facet normal 0 0 1
    outer loop
      vertex 0.6266461238265038 -1.6496816352009773 2
      vertex 3.9180991873145103 -1.0237395912408829 2
      vertex 0.615684486925602 -1.4487208127975464 2
    endloop
  endfacet
  facet normal 0 0 1
    outer loop
      vertex 0.615684486925602 -1.4487208127975464 2
      vertex 3.9180991873145103 -1.0237395912408829 2
      vertex 0.5974151045084 -1.274997554719448 2
    endloop
  endfacet
  facet normal 0 0 1
    outer loop
      vertex 0.5974151045084 -1.274997554719448 2
      vertex 3.9180991873145103 -1.0237395912408829 2
      vertex 0.5718379616737366 -1.1285118386149406 2
    endloop
  endfacet
  facet normal 0 0 1
    outer loop
      vertex 0.5389530584216118 -1.0092636719346046 2
      vertex 0.5718379616737366 -1.1285118386149406 2
      vertex 3.9180991873145103 -1.0237395912408829 2
    endloop
  endfacet
  facet normal 0 0 1
    outer loop
      vertex 0.4987604096531868 -0.9172530621290207 2
      vertex 0.5389530584216118 -1.0092636719346046 2
      vertex 3.8403612226247787 -0.7782220393419266 2
    endloop
  endfacet
  facet normal 0 0 1
    outer loop
      vertex 0.4512600004673004 -0.8524800017476082 2
      vertex 0.4987604096531868 -0.9172530621290207 2
      vertex 3.7453481629490852 -0.5597755089402199 2
    endloop
  endfacet
  facet normal 0 0 1
    outer loop
      vertex 0.4512600004673004 -0.8524800017476082 2
      vertex 2.638296738266945 0.3403591811656952 2
      vertex 2.345670610666275 0.4387640804052353 2
    endloop
  endfacet
  facet normal 0 0 1
    outer loop
      vertex 0.4512600004673004 -0.8524800017476082 2
      vertex 2.899698369204998 0.22750530391931534 2
      vertex 2.638296738266945 0.3403591811656952 2
    endloop
  endfacet
  facet normal 0 0 1
    outer loop
      vertex 0.4512600004673004 -0.8524800017476082 2
      vertex 3.129875510931015 0.10020244866609573 2
      vertex 2.899698369204998 0.22750530391931534 2
    endloop
  endfacet
  facet normal 0 0 1
    outer loop
      vertex 0.4512600004673004 -0.8524800017476082 2
      vertex 3.633060000836849 -0.3684000000357628 2
      vertex 3.4965563267469406 -0.19775020331144333 2
    endloop
  endfacet
  facet normal 0 0 1
    outer loop
      vertex 0.4512600004673004 -0.8524800017476082 2
      vertex 3.328828163444996 -0.04154938459396362 2
      vertex 3.129875510931015 0.10020244866609573 2
    endloop
  endfacet
  facet normal 0 0 1
    outer loop
      vertex 0.4512600004673004 -0.8524800017476082 2
      vertex 3.4965563267469406 -0.19775020331144333 2
      vertex 3.328828163444996 -0.04154938459396362 2
    endloop
  endfacet
  facet normal 0 0 -1
    outer loop
      vertex 3.28412938863039 -6.076481632888317 0
      vertex 1.568261246452858 -4.826611820197904 0
      vertex 3.4230551049113274 -5.950927346944809 0
    endloop
  endfacet
  facet normal 0 0 -1
    outer loop
      vertex 3.4230551049113274 -5.950927346944809 0
      vertex 1.568261246452858 -4.826611820197904 0
      vertex 3.54719877243042 -5.808768980205059 0
    endloop
  endfacet
  facet normal 0 0 -1
    outer loop
      vertex 3.54719877243042 -5.808768980205059 0
      vertex 1.568261246452858 -4.826611820197904 0
      vertex 3.656560406088829 -5.650006532669067 0
    endloop
  endfacet
  facet normal 0 0 -1
    outer loop
      vertex 3.656560406088829 -5.650006532669067 0
      vertex 1.568261246452858 -4.826611820197904 0
      vertex 3.751139998435974 -5.474639996886253 0
    endloop
  endfacet
  facet normal 0 0 -1
    outer loop
      vertex 3.751139998435974 -5.474639996886253 0
      vertex 1.568261246452858 -4.826611820197904 0
      vertex 3.8321008160710335 -5.276823677122593 0
    endloop
  endfacet
  facet normal 0 0 -1
    outer loop
      vertex 3.8321008160710335 -5.276823677122593 0
      vertex 2.1608299046927426 -4.5919972912650495 0
      vertex 3.9006061255931854 -5.0507804080843925 0
    endloop
  endfacet
  facet normal 0.2745395432845488 -0.9615758104138806 0
    outer loop
      vertex 2.559434697031975 -6.416111022233963 0
      vertex 2.778659999370575 -6.35351999849081 0
      vertex 2.559434697031975 -6.416111022233963 2
    endloop
  endfacet
  facet normal 0.3819445098975653 -0.9241852581377332 0
    outer loop
      vertex 2.778659999370575 -6.35351999849081 0
      vertex 2.9619318395853043 -6.277777962386608 0
      vertex 2.778659999370575 -6.35351999849081 2
    endloop
  endfacet
  facet normal 0.4806265174679849 -0.8769253963174957 0
    outer loop
      vertex 2.9619318395853043 -6.277777962386608 0
      vertex 3.130421631038189 -6.1854318380355835 0
      vertex 2.9619318395853043 -6.277777962386608 2
    endloop
  endfacet
  facet normal 0.5782784213049877 -0.8158394863286594 0
    outer loop
      vertex 3.130421631038189 -6.1854318380355835 0
      vertex 3.28412938863039 -6.076481632888317 0
      vertex 3.130421631038189 -6.1854318380355835 2
    endloop
  endfacet
  facet normal 0.67050090511876 -0.7419087115238124 0
    outer loop
      vertex 3.28412938863039 -6.076481632888317 0
      vertex 3.4230551049113274 -5.950927346944809 0
      vertex 3.28412938863039 -6.076481632888317 2
    endloop
  endfacet
  facet normal 0.7532193987235556 -0.6577693648890356 0
    outer loop
      vertex 3.4230551049113274 -5.950927346944809 0
      vertex 3.54719877243042 -5.808768980205059 0
      vertex 3.4230551049113274 -5.950927346944809 2
    endloop
  endfacet
  facet normal 0.8235271142869071 -0.5672769094844945 0
    outer loop
      vertex 3.54719877243042 -5.808768980205059 0
      vertex 3.656560406088829 -5.650006532669067 0
      vertex 3.54719877243042 -5.808768980205059 2
    endloop
  endfacet
  facet normal 0.8801535896293555 -0.4746890125782986 0
    outer loop
      vertex 3.656560406088829 -5.650006532669067 0
      vertex 3.751139998435974 -5.474639996886253 0
      vertex 3.656560406088829 -5.650006532669067 2
    endloop
  endfacet
  facet normal 0.9254879874039635 -0.37877695966222796 0
    outer loop
      vertex 3.751139998435974 -5.474639996886253 0
      vertex 3.8321008160710335 -5.276823677122593 0
      vertex 3.751139998435974 -5.474639996886253 2
    endloop
  endfacet
  facet normal 0 0 -1
    outer loop
      vertex 3.9566559195518494 -4.796510204672813 0
      vertex 2.1608299046927426 -4.5919972912650495 0
      vertex 2.719320984518406 -4.284964221922728 0
    endloop
  endfacet
  facet normal 0 0 -1
    outer loop
      vertex 3.9006061255931854 -5.0507804080843925 0
      vertex 2.1608299046927426 -4.5919972912650495 0
      vertex 3.9566559195518494 -4.796510204672813 0
    endloop
  endfacet
  facet normal 0 0 -1
    outer loop
      vertex 4.031388983130455 -4.203288979828358 0
      vertex 2.719320984518406 -4.284964221922728 0
      vertex 3.2349267479746016 -3.9103547070871296 0
    endloop
  endfacet
  facet normal 0 0 -1
    outer loop
      vertex 3.9566559195518494 -4.796510204672813 0
      vertex 2.719320984518406 -4.284964221922728 0
      vertex 4.000250205397606 -4.514013059437275 0
    endloop
  endfacet
  facet normal 0 0 -1
    outer loop
      vertex 4.000250205397606 -4.514013059437275 0
      vertex 2.719320984518406 -4.284964221922728 0
      vertex 4.031388983130455 -4.203288979828358 0
    endloop
  endfacet
  facet normal 0 0 -1
    outer loop
      vertex 4.031388983130455 -4.203288979828358 0
      vertex 3.2349267479746016 -3.9103547070871296 0
      vertex 4.050072245299816 -3.864337958395481 0
    endloop
  endfacet
  facet normal 0 0 -1
    outer loop
      vertex 4.050072245299816 -3.864337958395481 0
      vertex 3.2349267479746016 -3.9103547070871296 0
      vertex 4.05629999935627 -3.4971600025892258 0
    endloop
  endfacet
  facet normal 0 0 -1
    outer loop
      vertex 4.05629999935627 -3.4971600025892258 0
      vertex 3.2349267479746016 -3.9103547070871296 0
      vertex 3.699515784163664 -3.4740765625880945 0
    endloop
  endfacet
  facet normal 0.9570157682581711 -0.29003589313259565 0
    outer loop
      vertex 3.8321008160710335 -5.276823677122593 0
      vertex 3.9006061255931854 -5.0507804080843925 0
      vertex 3.8321008160710335 -5.276823677122593 2
    endloop
  endfacet
  facet normal 0.9765554493515372 -0.2152660083288058 0
    outer loop
      vertex 3.9006061255931854 -5.0507804080843925 0
      vertex 3.9566559195518494 -4.796510204672813 0
      vertex 3.9006061255931854 -5.0507804080843925 2
    endloop
  endfacet
  facet normal 0 0 -1
    outer loop
      vertex 4.05629999935627 -3.4971600025892258 0
      vertex 3.699515784163664 -3.4740765625880945 0
      vertex 4.05629999935627 -3.0427985325163767 0
    endloop
  endfacet
  facet normal 0.9883015662265108 -0.15251234112105758 0
    outer loop
      vertex 3.9566559195518494 -4.796510204672813 0
      vertex 4.000250205397606 -4.514013059437275 0
      vertex 3.9566559195518494 -4.796510204672813 2
    endloop
  endfacet
  facet normal 0.9950161251288655 -0.09971414510257788 0
    outer loop
      vertex 4.000250205397606 -4.514013059437275 0
      vertex 4.031388983130455 -4.203288979828358 0
      vertex 4.000250205397606 -4.514013059437275 2
    endloop
  endfacet
  facet normal 0.9984842999597752 -0.05503728494246114 0
    outer loop
      vertex 4.031388983130455 -4.203288979828358 0
      vertex 4.050072245299816 -3.864337958395481 0
      vertex 4.031388983130455 -4.203288979828358 2
    endloop
  endfacet
  facet normal 0.9998561910151661 -0.016958693600741943 0
    outer loop
      vertex 4.050072245299816 -3.864337958395481 0
      vertex 4.05629999935627 -3.4971600025892258 0
      vertex 4.050072245299816 -3.864337958395481 2
    endloop
  endfacet
  facet normal 1 0 0
    outer loop
      vertex 4.05629999935627 -3.4971600025892258 0
      vertex 4.05629999935627 -3.0427985325163767 0
      vertex 4.05629999935627 -3.4971600025892258 2
    endloop
  endfacet
  facet normal 0.2745395432845488 -0.9615758104138806 0
    outer loop
      vertex 2.778659999370575 -6.35351999849081 0
      vertex 2.778659999370575 -6.35351999849081 2
      vertex 2.559434697031975 -6.416111022233963 2
    endloop
  endfacet
  facet normal 0.3819445098975653 -0.9241852581377332 0
    outer loop
      vertex 2.9619318395853043 -6.277777962386608 0
      vertex 2.9619318395853043 -6.277777962386608 2
      vertex 2.778659999370575 -6.35351999849081 2
    endloop
  endfacet
  facet normal 0.4806265174679849 -0.8769253963174957 0
    outer loop
      vertex 3.130421631038189 -6.1854318380355835 0
      vertex 3.130421631038189 -6.1854318380355835 2
      vertex 2.9619318395853043 -6.277777962386608 2
    endloop
  endfacet
  facet normal 0.5782784213049877 -0.8158394863286594 0
    outer loop
      vertex 3.28412938863039 -6.076481632888317 0
      vertex 3.28412938863039 -6.076481632888317 2
      vertex 3.130421631038189 -6.1854318380355835 2
    endloop
  endfacet
  facet normal 0.67050090511876 -0.7419087115238124 0
    outer loop
      vertex 3.4230551049113274 -5.950927346944809 0
      vertex 3.4230551049113274 -5.950927346944809 2
      vertex 3.28412938863039 -6.076481632888317 2
    endloop
  endfacet
  facet normal 0.7532193987235556 -0.6577693648890356 0
    outer loop
      vertex 3.54719877243042 -5.808768980205059 0
      vertex 3.54719877243042 -5.808768980205059 2
      vertex 3.4230551049113274 -5.950927346944809 2
    endloop
  endfacet
  facet normal 0.8235271142869071 -0.5672769094844945 0
    outer loop
      vertex 3.656560406088829 -5.650006532669067 0
      vertex 3.656560406088829 -5.650006532669067 2
      vertex 3.54719877243042 -5.808768980205059 2
    endloop
  endfacet
  facet normal 0.8801535896293555 -0.4746890125782986 0
    outer loop
      vertex 3.751139998435974 -5.474639996886253 0
      vertex 3.751139998435974 -5.474639996886253 2
      vertex 3.656560406088829 -5.650006532669067 2
    endloop
  endfacet
  facet normal 0.9254879874039635 -0.37877695966222796 0
    outer loop
      vertex 3.8321008160710335 -5.276823677122593 0
      vertex 3.8321008160710335 -5.276823677122593 2
      vertex 3.751139998435974 -5.474639996886253 2
    endloop
  endfacet
  facet normal 0 0 1
    outer loop
      vertex 0.43097999691963196 -4.107479996979237 2
      vertex 3.54719877243042 -5.808768980205059 2
      vertex 3.656560406088829 -5.650006532669067 2
    endloop
  endfacet
  facet normal 0 0 1
    outer loop
      vertex 0.4838608130812645 -4.037240818142891 2
      vertex 3.656560406088829 -5.650006532669067 2
      vertex 3.751139998435974 -5.474639996886253 2
    endloop
  endfacet
  facet normal 0 0 1
    outer loop
      vertex 0.5286061242222786 -3.9427518397569656 2
      vertex 3.751139998435974 -5.474639996886253 2
      vertex 3.8321008160710335 -5.276823677122593 2
    endloop
  endfacet
  facet normal 0 0 1
    outer loop
      vertex 0.5286061242222786 -3.9427518397569656 2
      vertex 3.8321008160710335 -5.276823677122593 2
      vertex 3.9006061255931854 -5.0507804080843925 2
    endloop
  endfacet
  facet normal 0 0 1
    outer loop
      vertex 0.5286061242222786 -3.9427518397569656 2
      vertex 3.9006061255931854 -5.0507804080843925 2
      vertex 3.9566559195518494 -4.796510204672813 2
    endloop
  endfacet
  facet normal 0 0 1
    outer loop
      vertex 0.5652159154415131 -3.8240130618214607 2
      vertex 3.9566559195518494 -4.796510204672813 2
      vertex 4.000250205397606 -4.514013059437275 2
    endloop
  endfacet
  facet normal 0 0 1
    outer loop
      vertex 0.5652159154415131 -3.8240130618214607 2
      vertex 4.000250205397606 -4.514013059437275 2
      vertex 4.031388983130455 -4.203288979828358 2
    endloop
  endfacet
  facet normal 0 0 1
    outer loop
      vertex 0.5936902016401291 -3.681024491786957 2
      vertex 4.031388983130455 -4.203288979828358 2
      vertex 4.050072245299816 -3.864337958395481 2
    endloop
  endfacet
  facet normal 0 0 1
    outer loop
      vertex 0.6140289828181267 -3.5137861222028732 2
      vertex 4.050072245299816 -3.864337958395481 2
      vertex 4.05629999935627 -3.4971600025892258 2
    endloop
  endfacet
  facet normal 0.9570157682581711 -0.29003589313259565 0
    outer loop
      vertex 3.9006061255931854 -5.0507804080843925 0
      vertex 3.9006061255931854 -5.0507804080843925 2
      vertex 3.8321008160710335 -5.276823677122593 2
    endloop
  endfacet
  facet normal 0.9765554493515372 -0.2152660083288058 0
    outer loop
      vertex 3.9566559195518494 -4.796510204672813 0
      vertex 3.9566559195518494 -4.796510204672813 2
      vertex 3.9006061255931854 -5.0507804080843925 2
    endloop
  endfacet
  facet normal 0.9883015662265108 -0.15251234112105758 0
    outer loop
      vertex 4.000250205397606 -4.514013059437275 0
      vertex 4.000250205397606 -4.514013059437275 2
      vertex 3.9566559195518494 -4.796510204672813 2
    endloop
  endfacet
  facet normal 0.9950161251288655 -0.09971414510257788 0
    outer loop
      vertex 4.031388983130455 -4.203288979828358 0
      vertex 4.031388983130455 -4.203288979828358 2
      vertex 4.000250205397606 -4.514013059437275 2
    endloop
  endfacet
  facet normal 0.9984842999597752 -0.05503728494246114 0
    outer loop
      vertex 4.050072245299816 -3.864337958395481 0
      vertex 4.050072245299816 -3.864337958395481 2
      vertex 4.031388983130455 -4.203288979828358 2
    endloop
  endfacet
  facet normal 0.9998561910151661 -0.016958693600741943 0
    outer loop
      vertex 4.05629999935627 -3.4971600025892258 0
      vertex 4.05629999935627 -3.4971600025892258 2
      vertex 4.050072245299816 -3.864337958395481 2
    endloop
  endfacet
  facet normal 0.6815122770209268 0.7318066795744294 0
    outer loop
      vertex 3.4965563267469406 -0.19775020331144333 2
      vertex 3.4965563267469406 -0.19775020331144333 0
      vertex 3.328828163444996 -0.04154938459396362 0
    endloop
  endfacet
  facet normal 0.8624963233631313 0.5060633282357859 0
    outer loop
      vertex 3.7453481629490852 -0.5597755089402199 2
      vertex 3.7453481629490852 -0.5597755089402199 0
      vertex 3.633060000836849 -0.3684000000357628 0
    endloop
  endfacet
  facet normal 0.7809048882842672 0.6246499463329331 0
    outer loop
      vertex 3.633060000836849 -0.3684000000357628 2
      vertex 3.633060000836849 -0.3684000000357628 0
      vertex 3.4965563267469406 -0.19775020331144333 0
    endloop
  endfacet
  facet normal 1 0 0
    outer loop
      vertex 4.05629999935627 -3.4971600025892258 2
      vertex 4.05629999935627 -3.0427985325163767 0
      vertex 4.05629999935627 -2.276519998908043 0
    endloop
  endfacet
  facet normal 0.9997021228721001 0.024406259955520787 0
    outer loop
      vertex 4.05629999935627 -2.276519998908043 2
      vertex 4.05629999935627 -2.276519998908043 0
      vertex 4.047662451863289 -1.9227183684706688 0
    endloop
  endfacet
  facet normal 0.9968698051359877 0.07906068307406655 0
    outer loop
      vertex 4.047662451863289 -1.9227183684706688 2
      vertex 4.047662451863289 -1.9227183684706688 0
      vertex 4.021749794483185 -1.5959877520799637 0
    endloop
  endfacet
  facet normal 0.9897733648388318 0.1426488214308717 0
    outer loop
      vertex 4.021749794483185 -1.5959877520799637 2
      vertex 4.021749794483185 -1.5959877520799637 0
      vertex 3.978562042117119 -1.2963281646370888 0
    endloop
  endfacet
  facet normal 0.9762722202899544 0.21654688150634463 0
    outer loop
      vertex 3.978562042117119 -1.2963281646370888 2
      vertex 3.978562042117119 -1.2963281646370888 0
      vertex 3.9180991873145103 -1.0237395912408829 0
    endloop
  endfacet
  facet normal 0.9533525734874564 0.301859024421739 0
    outer loop
      vertex 3.9180991873145103 -1.0237395912408829 2
      vertex 3.9180991873145103 -1.0237395912408829 0
      vertex 3.8403612226247787 -0.7782220393419266 0
    endloop
  endfacet
  facet normal 0.9170143155766072 0.39885429047155374 0
    outer loop
      vertex 3.8403612226247787 -0.7782220393419266 2
      vertex 3.8403612226247787 -0.7782220393419266 0
      vertex 3.7453481629490852 -0.5597755089402199 0
    endloop
  endfacet
  facet normal 0 0 1
    outer loop
      vertex 0.6303000003099442 -3.1065599992871284 2
      vertex 4.05629999935627 -3.4971600025892258 2
      vertex 4.05629999935627 -2.276519998908043 2
    endloop
  endfacet
  facet normal 0 0 1
    outer loop
      vertex 0.6303000003099442 -1.8778799995779991 2
      vertex 4.05629999935627 -2.276519998908043 2
      vertex 4.047662451863289 -1.9227183684706688 2
    endloop
  endfacet
  facet normal 0 0 1
    outer loop
      vertex 0.6303000003099442 -1.8778799995779991 2
      vertex 4.047662451863289 -1.9227183684706688 2
      vertex 4.021749794483185 -1.5959877520799637 2
    endloop
  endfacet
  facet normal 0.6815122770209268 0.7318066795744294 0
    outer loop
      vertex 3.328828163444996 -0.04154938459396362 2
      vertex 3.4965563267469406 -0.19775020331144333 2
      vertex 3.328828163444996 -0.04154938459396362 0
    endloop
  endfacet
  facet normal 0.9170143155766072 0.39885429047155374 0
    outer loop
      vertex 3.7453481629490852 -0.5597755089402199 2
      vertex 3.8403612226247787 -0.7782220393419266 2
      vertex 3.7453481629490852 -0.5597755089402199 0
    endloop
  endfacet
  facet normal 0.8624963233631313 0.5060633282357859 0
    outer loop
      vertex 3.7453481629490852 -0.5597755089402199 2
      vertex 3.633060000836849 -0.3684000000357628 0
      vertex 3.633060000836849 -0.3684000000357628 2
    endloop
  endfacet
  facet normal 0.7809048882842672 0.6246499463329331 0
    outer loop
      vertex 3.4965563267469406 -0.19775020331144333 2
      vertex 3.633060000836849 -0.3684000000357628 2
      vertex 3.4965563267469406 -0.19775020331144333 0
    endloop
  endfacet
  facet normal 0 0 1
    outer loop
      vertex 0.6266461238265038 -1.6496816352009773 2
      vertex 3.978562042117119 -1.2963281646370888 2
      vertex 3.9180991873145103 -1.0237395912408829 2
    endloop
  endfacet
  facet normal 0 0 1
    outer loop
      vertex 0.5389530584216118 -1.0092636719346046 2
      vertex 3.9180991873145103 -1.0237395912408829 2
      vertex 3.8403612226247787 -0.7782220393419266 2
    endloop
  endfacet
  facet normal 0 0 1
    outer loop
      vertex 0.6266461238265038 -1.6496816352009773 2
      vertex 4.021749794483185 -1.5959877520799637 2
      vertex 3.978562042117119 -1.2963281646370888 2
    endloop
  endfacet
  facet normal 0 0 1
    outer loop
      vertex 0.4987604096531868 -0.9172530621290207 2
      vertex 3.8403612226247787 -0.7782220393419266 2
      vertex 3.7453481629490852 -0.5597755089402199 2
    endloop
  endfacet
  facet normal 0 0 1
    outer loop
      vertex 0.4512600004673004 -0.8524800017476082 2
      vertex 3.7453481629490852 -0.5597755089402199 2
      vertex 3.633060000836849 -0.3684000000357628 2
    endloop
  endfacet
  facet normal 1 0 0
    outer loop
      vertex 4.05629999935627 -3.4971600025892258 2
      vertex 4.05629999935627 -2.276519998908043 0
      vertex 4.05629999935627 -2.276519998908043 2
    endloop
  endfacet
  facet normal 0.9997021228721001 0.024406259955520787 0
    outer loop
      vertex 4.05629999935627 -2.276519998908043 2
      vertex 4.047662451863289 -1.9227183684706688 0
      vertex 4.047662451863289 -1.9227183684706688 2
    endloop
  endfacet
  facet normal 0.9968698051359877 0.07906068307406655 0
    outer loop
      vertex 4.047662451863289 -1.9227183684706688 2
      vertex 4.021749794483185 -1.5959877520799637 0
      vertex 4.021749794483185 -1.5959877520799637 2
    endloop
  endfacet
  facet normal 0.9897733648388318 0.1426488214308717 0
    outer loop
      vertex 4.021749794483185 -1.5959877520799637 2
      vertex 3.978562042117119 -1.2963281646370888 0
      vertex 3.978562042117119 -1.2963281646370888 2
    endloop
  endfacet
  facet normal 0.9762722202899544 0.21654688150634463 0
    outer loop
      vertex 3.978562042117119 -1.2963281646370888 2
      vertex 3.9180991873145103 -1.0237395912408829 0
      vertex 3.9180991873145103 -1.0237395912408829 2
    endloop
  endfacet
  facet normal 0.9533525734874564 0.301859024421739 0
    outer loop
      vertex 3.9180991873145103 -1.0237395912408829 2
      vertex 3.8403612226247787 -0.7782220393419266 0
      vertex 3.8403612226247787 -0.7782220393419266 2
    endloop
  endfacet
  facet normal -0.12384058617000908 0.9923021259762919 0
    outer loop
      vertex -0.014205306768417358 1.4148244932293892 2
      vertex 0.10753592103719711 1.4300179556012154 0
      vertex -0.014205306768417358 1.4148244932293892 0
    endloop
  endfacet
  facet normal -0.23073051528870658 0.9730176921899252 0
    outer loop
      vertex 0.10753592103719711 1.4300179556012154 2
      vertex 0.21432367712259293 1.4553404077887535 0
      vertex 0.10753592103719711 1.4300179556012154 0
    endloop
  endfacet
  facet normal -0.3601340846051082 0.9329005526344385 0
    outer loop
      vertex 0.21432367712259293 1.4553404077887535 2
      vertex 0.3061579614877701 1.4907918348908424 0
      vertex 0.21432367712259293 1.4553404077887535 0
    endloop
  endfacet
  facet normal -0.5099796636847339 0.8601864580589523 0
    outer loop
      vertex 0.3061579614877701 1.4907918348908424 2
      vertex 0.3830387741327286 1.5363722443580627 0
      vertex 0.3061579614877701 1.4907918348908424 0
    endloop
  endfacet
  facet normal -0.6687974277346339 0.7434446856730749 0
    outer loop
      vertex 0.3830387741327286 1.5363722443580627 2
      vertex 0.444966122508049 1.5920816361904144 0
      vertex 0.3830387741327286 1.5363722443580627 0
    endloop
  endfacet
  facet normal -0.8140463852251204 0.5807998645849659 0
    outer loop
      vertex 0.444966122508049 1.5920816361904144 2
      vertex 0.4919399991631508 1.657920002937317 0
      vertex 0.444966122508049 1.5920816361904144 0
    endloop
  endfacet
  facet normal -0.9255803275288391 0.37855126111480186 0
    outer loop
      vertex 0.4919399991631508 1.657920002937317 2
      vertex 0.5286477580666542 1.7476726546883583 0
      vertex 0.4919399991631508 1.657920002937317 0
    endloop
  endfacet
  facet normal -0.9715650859927749 0.2367726413246508 0
    outer loop
      vertex 0.5286477580666542 1.7476726546883583 2
      vertex 0.5597081631422043 1.8751249015331268 0
      vertex 0.5286477580666542 1.7476726546883583 0
    endloop
  endfacet
  facet normal -0.9883671244113649 0.15208690733527833 0
    outer loop
      vertex 0.5597081631422043 1.8751249015331268 2
      vertex 0.5851212218403816 2.040276736021042 0
      vertex 0.5597081631422043 1.8751249015331268 0
    endloop
  endfacet
  facet normal -0.9952863213907206 0.09698009307340938 0
    outer loop
      vertex 0.5851212218403816 2.040276736021042 2
      vertex 0.6048869416117668 2.243128165602684 0
      vertex 0.5851212218403816 2.040276736021042 0
    endloop
  endfacet
  facet normal -0.9982820748930851 0.0585909459486444 0
    outer loop
      vertex 0.6048869416117668 2.243128165602684 2
      vertex 0.6190053075551987 2.4836791828274727 0
      vertex 0.6048869416117668 2.243128165602684 0
    endloop
  endfacet
  facet normal -0.9995369079157023 0.030429750480691787 0
    outer loop
      vertex 0.6190053075551987 2.4836791828274727 2
      vertex 0.6274763271212578 2.7619297951459885 0
      vertex 0.6190053075551987 2.4836791828274727 0
    endloop
  endfacet
  facet normal -0.9999600666669577 0.008936725989612732 0
    outer loop
      vertex 0.6274763271212578 2.7619297951459885 2
      vertex 0.6303000003099442 3.0778800025582314 0
      vertex 0.6274763271212578 2.7619297951459885 0
    endloop
  endfacet
  facet normal -0.9999056238667952 -0.013738389991379623 0
    outer loop
      vertex 0.6303000003099442 3.0778800025582314 2
      vertex 0.6279759183526039 3.247031018137932 0
      vertex 0.6303000003099442 3.0778800025582314 0
    endloop
  endfacet
  facet normal 0.24734013373566338 -0.9689287168020277 0
    outer loop
      vertex 2.0218200013041496 0.5227200016379356 2
      vertex 2.0218200013041496 0.5227200016379356 0
      vertex 2.3120461255311966 0.5968065336346626 0
    endloop
  endfacet
  facet normal 0.2509471805736547 0.9680007812817786 0
    outer loop
      vertex 2.345670610666275 0.4387640804052353 2
      vertex 2.345670610666275 0.4387640804052353 0
      vertex 2.0218200013041496 0.5227200016379356 0
    endloop
  endfacet
  facet normal 0.30159885104220774 -0.9534349128545798 0
    outer loop
      vertex 2.3120461255311966 0.5968065336346626 2
      vertex 2.3120461255311966 0.5968065336346626 0
      vertex 2.573535919189453 0.679523266851902 0
    endloop
  endfacet
  facet normal -0.12384058617000908 0.9923021259762919 0
    outer loop
      vertex -0.014205306768417358 1.4148244932293892 2
      vertex 0.10753592103719711 1.4300179556012154 2
      vertex 0.10753592103719711 1.4300179556012154 0
    endloop
  endfacet
  facet normal -0.23073051528870658 0.9730176921899252 0
    outer loop
      vertex 0.10753592103719711 1.4300179556012154 2
      vertex 0.21432367712259293 1.4553404077887535 2
      vertex 0.21432367712259293 1.4553404077887535 0
    endloop
  endfacet
  facet normal -0.3601340846051082 0.9329005526344385 0
    outer loop
      vertex 0.21432367712259293 1.4553404077887535 2
      vertex 0.3061579614877701 1.4907918348908424 2
      vertex 0.3061579614877701 1.4907918348908424 0
    endloop
  endfacet
  facet normal -0.5099796636847339 0.8601864580589523 0
    outer loop
      vertex 0.3061579614877701 1.4907918348908424 2
      vertex 0.3830387741327286 1.5363722443580627 2
      vertex 0.3830387741327286 1.5363722443580627 0
    endloop
  endfacet
  facet normal -0.6687974277346339 0.7434446856730749 0
    outer loop
      vertex 0.3830387741327286 1.5363722443580627 2
      vertex 0.444966122508049 1.5920816361904144 2
      vertex 0.444966122508049 1.5920816361904144 0
    endloop
  endfacet
  facet normal -0.8140463852251204 0.5807998645849659 0
    outer loop
      vertex 0.444966122508049 1.5920816361904144 2
      vertex 0.4919399991631508 1.657920002937317 2
      vertex 0.4919399991631508 1.657920002937317 0
    endloop
  endfacet
  facet normal 0 0 1
    outer loop
      vertex 0.05540693551301956 -0.6983706131577492 2
      vertex 0.1902526542544365 -0.7274277582764626 2
      vertex 0.10753592103719711 1.4300179556012154 2
    endloop
  endfacet
  facet normal 0 0 1
    outer loop
      vertex 0.05540693551301956 -0.6983706131577492 2
      vertex 0.10753592103719711 1.4300179556012154 2
      vertex -0.014205306768417358 1.4148244932293892 2
    endloop
  endfacet
  facet normal 0 0 1
    outer loop
      vertex 0.1902526542544365 -0.7274277582764626 2
      vertex 0.21432367712259293 1.4553404077887535 2
      vertex 0.10753592103719711 1.4300179556012154 2
    endloop
  endfacet
  facet normal 0 0 1
    outer loop
      vertex 0.3011767342686653 -0.7627983689308167 2
      vertex 0.3061579614877701 1.4907918348908424 2
      vertex 0.21432367712259293 1.4553404077887535 2
    endloop
  endfacet
  facet normal 0 0 1
    outer loop
      vertex 0.4512600004673004 -0.8524800017476082 2
      vertex 2.0218200013041496 0.5227200016379356 2
      vertex 0.3061579614877701 1.4907918348908424 2
    endloop
  endfacet
  facet normal 0 0 1
    outer loop
      vertex 0.3061579614877701 1.4907918348908424 2
      vertex 2.0218200013041496 0.5227200016379356 2
      vertex 0.3830387741327286 1.5363722443580627 2
    endloop
  endfacet
  facet normal 0 0 1
    outer loop
      vertex 0.3830387741327286 1.5363722443580627 2
      vertex 2.0218200013041496 0.5227200016379356 2
      vertex 0.444966122508049 1.5920816361904144 2
    endloop
  endfacet
  facet normal 0 0 1
    outer loop
      vertex 0.444966122508049 1.5920816361904144 2
      vertex 2.0218200013041496 0.5227200016379356 2
      vertex 0.4919399991631508 1.657920002937317 2
    endloop
  endfacet
  facet normal 0 0 1
    outer loop
      vertex 0.4919399991631508 1.657920002937317 2
      vertex 2.0218200013041496 0.5227200016379356 2
      vertex 0.5286477580666542 1.7476726546883583 2
    endloop
  endfacet
  facet normal 0 0 1
    outer loop
      vertex 0.5286477580666542 1.7476726546883583 2
      vertex 2.0218200013041496 0.5227200016379356 2
      vertex 0.5597081631422043 1.8751249015331268 2
    endloop
  endfacet
  facet normal 0 0 1
    outer loop
      vertex 0.5597081631422043 1.8751249015331268 2
      vertex 2.0218200013041496 0.5227200016379356 2
      vertex 0.5851212218403816 2.040276736021042 2
    endloop
  endfacet
  facet normal 0 0 1
    outer loop
      vertex 0.5851212218403816 2.040276736021042 2
      vertex 2.3120461255311966 0.5968065336346626 2
      vertex 0.6048869416117668 2.243128165602684 2
    endloop
  endfacet
  facet normal -0.9255803275288391 0.37855126111480186 0
    outer loop
      vertex 0.4919399991631508 1.657920002937317 2
      vertex 0.5286477580666542 1.7476726546883583 2
      vertex 0.5286477580666542 1.7476726546883583 0
    endloop
  endfacet
  facet normal -0.9715650859927749 0.2367726413246508 0
    outer loop
      vertex 0.5286477580666542 1.7476726546883583 2
      vertex 0.5597081631422043 1.8751249015331268 2
      vertex 0.5597081631422043 1.8751249015331268 0
    endloop
  endfacet
  facet normal -0.9883671244113649 0.15208690733527833 0
    outer loop
      vertex 0.5597081631422043 1.8751249015331268 2
      vertex 0.5851212218403816 2.040276736021042 2
      vertex 0.5851212218403816 2.040276736021042 0
    endloop
  endfacet
  facet normal -0.9952863213907206 0.09698009307340938 0
    outer loop
      vertex 0.5851212218403816 2.040276736021042 2
      vertex 0.6048869416117668 2.243128165602684 2
      vertex 0.6048869416117668 2.243128165602684 0
    endloop
  endfacet
  facet normal -0.9982820748930851 0.0585909459486444 0
    outer loop
      vertex 0.6048869416117668 2.243128165602684 2
      vertex 0.6190053075551987 2.4836791828274727 2
      vertex 0.6190053075551987 2.4836791828274727 0
    endloop
  endfacet
  facet normal -0.9995369079157023 0.030429750480691787 0
    outer loop
      vertex 0.6190053075551987 2.4836791828274727 2
      vertex 0.6274763271212578 2.7619297951459885 2
      vertex 0.6274763271212578 2.7619297951459885 0
    endloop
  endfacet
  facet normal -0.9999600666669577 0.008936725989612732 0
    outer loop
      vertex 0.6274763271212578 2.7619297951459885 2
      vertex 0.6303000003099442 3.0778800025582314 2
      vertex 0.6303000003099442 3.0778800025582314 0
    endloop
  endfacet
  facet normal -0.9999056238667952 -0.013738389991379623 0
    outer loop
      vertex 0.6303000003099442 3.0778800025582314 2
      vertex 0.6279759183526039 3.247031018137932 2
      vertex 0.6279759183526039 3.247031018137932 0
    endloop
  endfacet
  facet normal 0 0 1
    outer loop
      vertex 0.6048869416117668 2.243128165602684 2
      vertex 2.573535919189453 0.679523266851902 2
      vertex 0.6190053075551987 2.4836791828274727 2
    endloop
  endfacet
  facet normal 0.2509471805736547 0.9680007812817786 0
    outer loop
      vertex 2.0218200013041496 0.5227200016379356 2
      vertex 2.345670610666275 0.4387640804052353 2
      vertex 2.0218200013041496 0.5227200016379356 0
    endloop
  endfacet
  facet normal 0.24734013373566338 -0.9689287168020277 0
    outer loop
      vertex 2.0218200013041496 0.5227200016379356 2
      vertex 2.3120461255311966 0.5968065336346626 0
      vertex 2.3120461255311966 0.5968065336346626 2
    endloop
  endfacet
  facet normal 0.31874203564012826 0.9478415029507767 0
    outer loop
      vertex 2.345670610666275 0.4387640804052353 2
      vertex 2.638296738266945 0.3403591811656952 2
      vertex 2.345670610666275 0.4387640804052353 0
    endloop
  endfacet
  facet normal 0.30159885104220774 -0.9534349128545798 0
    outer loop
      vertex 2.3120461255311966 0.5968065336346626 2
      vertex 2.573535919189453 0.679523266851902 0
      vertex 2.573535919189453 0.679523266851902 2
    endloop
  endfacet
  facet normal 0 0 1
    outer loop
      vertex 0.4512600004673004 -0.8524800017476082 2
      vertex 2.345670610666275 0.4387640804052353 2
      vertex 2.0218200013041496 0.5227200016379356 2
    endloop
  endfacet
  facet normal 0 0 1
    outer loop
      vertex 0.5851212218403816 2.040276736021042 2
      vertex 2.0218200013041496 0.5227200016379356 2
      vertex 2.3120461255311966 0.5968065336346626 2
    endloop
  endfacet
  facet normal 0 0 1
    outer loop
      vertex 0.6048869416117668 2.243128165602684 2
      vertex 2.3120461255311966 0.5968065336346626 2
      vertex 2.573535919189453 0.679523266851902 2
    endloop
  endfacet
  facet normal 0 0 1
    outer loop
      vertex 0.6190053075551987 2.4836791828274727 2
      vertex 2.573535919189453 0.679523266851902 2
      vertex 2.8062893897295 0.7708702012896538 2
    endloop
  endfacet
  facet normal 0 0 1
    outer loop
      vertex 0.6190053075551987 2.4836791828274727 2
      vertex 2.8062893897295 0.7708702012896538 2
      vertex 3.010306529700756 0.8708473443984985 2
    endloop
  endfacet
  facet normal 0 0 1
    outer loop
      vertex 0.6190053075551987 2.4836791828274727 2
      vertex 3.010306529700756 0.8708473443984985 2
      vertex 3.1855873465538025 0.9794546961784363 2
    endloop
  endfacet
  facet normal 0 0 1
    outer loop
      vertex 0.6190053075551987 2.4836791828274727 2
      vertex 3.1855873465538025 0.9794546961784363 2
      vertex 3.332131840288639 1.0966922417283058 2
    endloop
  endfacet
  facet normal 0 0 1
    outer loop
      vertex 0.6190053075551987 2.4836791828274727 2
      vertex 3.332131840288639 1.0966922417283058 2
      vertex 3.449940003454685 1.222560003399849 2
    endloop
  endfacet
  facet normal 0 0 1
    outer loop
      vertex 0.6190053075551987 2.4836791828274727 2
      vertex 3.804708980023861 2.517942860722542 2
      vertex 0.6274763271212578 2.7619297951459885 2
    endloop
  endfacet
  facet normal 0 0 1
    outer loop
      vertex 0.6274763271212578 2.7619297951459885 2
      vertex 3.812100000679493 2.8338000029325485 2
      vertex 0.6303000003099442 3.0778800025582314 2
    endloop
  endfacet
  facet normal 0 0 1
    outer loop
      vertex 0.6303000003099442 3.0778800025582314 2
      vertex 3.801637962460518 3.302879996597767 2
      vertex 0.6279759183526039 3.247031018137932 2
    endloop
  endfacet
  facet normal -0.998977167136293 -0.04521746941555631 0
    outer loop
      vertex 0.6279759183526039 3.247031018137932 2
      vertex 0.6210036724805832 3.4010669365525246 0
      vertex 0.6279759183526039 3.247031018137932 0
    endloop
  endfacet
  facet normal -0.9965197821198137 -0.08335660648010573 0
    outer loop
      vertex 0.6210036724805832 3.4010669365525246 2
      vertex 0.609383262693882 3.5399877578020096 0
      vertex 0.6210036724805832 3.4010669365525246 0
    endloop
  endfacet
  facet normal -0.9914767147871694 -0.13028401296721745 0
    outer loop
      vertex 0.609383262693882 3.5399877578020096 2
      vertex 0.5931146964430809 3.6637934669852257 0
      vertex 0.609383262693882 3.5399877578020096 0
    endloop
  endfacet
  facet normal -0.9819818145074335 -0.1889754374956926 0
    outer loop
      vertex 0.5931146964430809 3.6637934669852257 2
      vertex 0.5721979588270187 3.772484079003334 0
      vertex 0.5931146964430809 3.6637934669852257 0
    endloop
  endfacet
  facet normal -0.7968915431704122 -0.604122395234177 0
    outer loop
      vertex 0.4456934705376625 4.071435920894146 2
      vertex 0.40609101951122284 4.123675100505352 0
      vertex 0.4456934705376625 4.071435920894146 0
    endloop
  endfacet
  facet normal -0.851489236277902 -0.5243720821161966 0
    outer loop
      vertex 0.4824697971343994 4.011717550456524 2
      vertex 0.4456934705376625 4.071435920894146 0
      vertex 0.4824697971343994 4.011717550456524 0
    endloop
  endfacet
  facet normal -0.933202118929409 -0.35935192392091253 0
    outer loop
      vertex 0.5466330647468567 3.8660595938563347 2
      vertex 0.5164199993014336 3.9445199966430664 0
      vertex 0.5466330647468567 3.8660595938563347 0
    endloop
  endfacet
  facet normal -0.9646478039006037 -0.26354243383133324 0
    outer loop
      vertex 0.5721979588270187 3.772484079003334 2
      vertex 0.5466330647468567 3.8660595938563347 0
      vertex 0.5721979588270187 3.772484079003334 0
    endloop
  endfacet
  facet normal -0.8925522716885325 -0.45094394585540243 0
    outer loop
      vertex 0.5164199993014336 3.9445199966430664 2
      vertex 0.4824697971343994 4.011717550456524 0
      vertex 0.5164199993014336 3.9445199966430664 0
    endloop
  endfacet
  facet normal -0.14444118080828888 -0.9895133881290881 0
    outer loop
      vertex 0.08654816448688507 4.290411427617073 2
      vertex -0.0010616332292556763 4.303199999034405 0
      vertex 0.08654816448688507 4.290411427617073 0
    endloop
  endfacet
  facet normal -0.20151109684107674 -0.9794862315775072 0
    outer loop
      vertex 0.16004204005002975 4.275291427969933 2
      vertex 0.08654816448688507 4.290411427617073 0
      vertex 0.16004204005002975 4.275291427969933 0
    endloop
  endfacet
  facet normal -0.28197777497858956 -0.9594209370334399 0
    outer loop
      vertex 0.21942000091075897 4.257840000092983 2
      vertex 0.16004204005002975 4.275291427969933 0
      vertex 0.21942000091075897 4.257840000092983 0
    endloop
  endfacet
  facet normal -0.5268315729736308 -0.849969701647141 0
    outer loop
      vertex 0.3184077516198158 4.2057159170508385 2
      vertex 0.2703269422054291 4.235517553985119 0
      vertex 0.3184077516198158 4.2057159170508385 0
    endloop
  endfacet
  facet normal -0.4015836450480545 -0.9158223496016672 0
    outer loop
      vertex 0.2703269422054291 4.235517553985119 2
      vertex 0.21942000091075897 4.257840000092983 0
      vertex 0.2703269422054291 4.235517553985119 0
    endloop
  endfacet
  facet normal -0.6358316013866363 -0.7718278141386884 0
    outer loop
      vertex 0.363662451505661 4.168435104191303 2
      vertex 0.3184077516198158 4.2057159170508385 0
      vertex 0.363662451505661 4.168435104191303 0
    endloop
  endfacet
  facet normal -0.7257554999685563 -0.687952726766448 0
    outer loop
      vertex 0.40609101951122284 4.123675100505352 2
      vertex 0.363662451505661 4.168435104191303 0
      vertex 0.40609101951122284 4.123675100505352 0
    endloop
  endfacet
  facet normal 0 0 -1
    outer loop
      vertex 0.36050816625356674 6.564528979361057 0
      vertex 0.9509601715225522 4.985107797448095 0
      vertex 0.3186618866112649 5.064985646773478 0
    endloop
  endfacet
  facet normal 0 0 -1
    outer loop
      vertex -0.054072245955467224 6.579972244799137 0
      vertex 0.36050816625356674 6.564528979361057 0
      vertex 0.3186618866112649 5.064985646773478 0
    endloop
  endfacet
  facet normal 0 0 -1
    outer loop
      vertex 0.36050816625356674 6.564528979361057 0
      vertex 0.7430412247776985 6.538790203630924 0
      vertex 0.9509601715225522 4.985107797448095 0
    endloop
  endfacet
  facet normal 0 0 -1
    outer loop
      vertex 0.7430412247776985 6.538790203630924 0
      vertex 1.0935269370675087 6.502755917608738 0
      vertex 0.9509601715225522 4.985107797448095 0
    endloop
  endfacet
  facet normal 0 0 -1
    outer loop
      vertex 1.0935269370675087 6.502755917608738 0
      vertex 1.4119653031229973 6.456426121294498 0
      vertex 0.9509601715225522 4.985107797448095 0
    endloop
  endfacet
  facet normal 0.037224532736828 0.9993069269061057 0
    outer loop
      vertex -0.054072245955467224 6.579972244799137 0
      vertex 0.36050816625356674 6.564528979361057 2
      vertex 0.36050816625356674 6.564528979361057 0
    endloop
  endfacet
  facet normal 0.0671333074625827 0.9977440147799106 0
    outer loop
      vertex 0.36050816625356674 6.564528979361057 0
      vertex 0.7430412247776985 6.538790203630924 2
      vertex 0.7430412247776985 6.538790203630924 0
    endloop
  endfacet
  facet normal 0.10227331131946017 0.9947563368944944 0
    outer loop
      vertex 0.7430412247776985 6.538790203630924 0
      vertex 1.0935269370675087 6.502755917608738 2
      vertex 1.0935269370675087 6.502755917608738 0
    endloop
  endfacet
  facet normal 0 0 -1
    outer loop
      vertex 1.6983563229441643 6.399800814688206 0
      vertex 1.568261246452858 4.826611820197904 0
      vertex 0.9509601715225522 4.985107797448095 0
    endloop
  endfacet
  facet normal 0 0 -1
    outer loop
      vertex 1.4119653031229973 6.456426121294498 0
      vertex 1.6983563229441643 6.399800814688206 0
      vertex 0.9509601715225522 4.985107797448095 0
    endloop
  endfacet
  facet normal 0 0 -1
    outer loop
      vertex 1.6983563229441643 6.399800814688206 0
      vertex 1.9526999965310097 6.33287999778986 0
      vertex 1.568261246452858 4.826611820197904 0
    endloop
  endfacet
  facet normal 0 0 -1
    outer loop
      vertex 1.9526999965310097 6.33287999778986 0
      vertex 2.184459187090397 6.250266119837761 0
      vertex 1.568261246452858 4.826611820197904 0
    endloop
  endfacet
  facet normal 0 0 -1
    outer loop
      vertex 2.8010069355368614 5.875880815088749 0
      vertex 2.160829904692744 4.591997291265049 0
      vertex 1.568261246452858 4.826611820197904 0
    endloop
  endfacet
  facet normal 0 0 -1
    outer loop
      vertex 2.184459187090397 6.250266119837761 0
      vertex 2.4030967354774475 6.1465616300702095 0
      vertex 1.568261246452858 4.826611820197904 0
    endloop
  endfacet
  facet normal 0 0 -1
    outer loop
      vertex 2.4030967354774475 6.1465616300702095 0
      vertex 2.6086126565933228 6.0217665284872055 0
      vertex 1.568261246452858 4.826611820197904 0
    endloop
  endfacet
  facet normal 0 0 -1
    outer loop
      vertex 2.6086126565933228 6.0217665284872055 0
      vertex 2.8010069355368614 5.875880815088749 0
      vertex 1.568261246452858 4.826611820197904 0
    endloop
  endfacet
  facet normal 0.14397480775048346 0.9895813532667292 0
    outer loop
      vertex 1.0935269370675087 6.502755917608738 0
      vertex 1.4119653031229973 6.456426121294498 2
      vertex 1.4119653031229973 6.456426121294498 0
    endloop
  endfacet
  facet normal 0.19396523555913733 0.9810084033251134 0
    outer loop
      vertex 1.4119653031229973 6.456426121294498 0
      vertex 1.6983563229441643 6.399800814688206 2
      vertex 1.6983563229441643 6.399800814688206 0
    endloop
  endfacet
  facet normal 0.25445159129275396 0.9670855120870053 0
    outer loop
      vertex 1.6983563229441643 6.399800814688206 0
      vertex 1.9526999965310097 6.33287999778986 2
      vertex 1.9526999965310097 6.33287999778986 0
    endloop
  endfacet
  facet normal 0.3357694777682553 0.9419441903845648 0
    outer loop
      vertex 1.9526999965310097 6.33287999778986 0
      vertex 2.184459187090397 6.250266119837761 2
      vertex 2.184459187090397 6.250266119837761 0
    endloop
  endfacet
  facet normal 0.4285565668620456 0.9035149522832574 0
    outer loop
      vertex 2.184459187090397 6.250266119837761 0
      vertex 2.4030967354774475 6.1465616300702095 2
      vertex 2.4030967354774475 6.1465616300702095 0
    endloop
  endfacet
  facet normal -0.998977167136293 -0.04521746941555631 0
    outer loop
      vertex 0.6279759183526039 3.247031018137932 2
      vertex 0.6210036724805832 3.4010669365525246 2
      vertex 0.6210036724805832 3.4010669365525246 0
    endloop
  endfacet
  facet normal -0.9965197821198137 -0.08335660648010573 0
    outer loop
      vertex 0.6210036724805832 3.4010669365525246 2
      vertex 0.609383262693882 3.5399877578020096 2
      vertex 0.609383262693882 3.5399877578020096 0
    endloop
  endfacet
  facet normal -0.9914767147871694 -0.13028401296721745 0
    outer loop
      vertex 0.609383262693882 3.5399877578020096 2
      vertex 0.5931146964430809 3.6637934669852257 2
      vertex 0.5931146964430809 3.6637934669852257 0
    endloop
  endfacet
  facet normal -0.7968915431704122 -0.604122395234177 0
    outer loop
      vertex 0.4456934705376625 4.071435920894146 2
      vertex 0.40609101951122284 4.123675100505352 2
      vertex 0.40609101951122284 4.123675100505352 0
    endloop
  endfacet
  facet normal -0.851489236277902 -0.5243720821161966 0
    outer loop
      vertex 0.4824697971343994 4.011717550456524 2
      vertex 0.4456934705376625 4.071435920894146 2
      vertex 0.4456934705376625 4.071435920894146 0
    endloop
  endfacet
  facet normal -0.9819818145074335 -0.1889754374956926 0
    outer loop
      vertex 0.5931146964430809 3.6637934669852257 2
      vertex 0.5721979588270187 3.772484079003334 2
      vertex 0.5721979588270187 3.772484079003334 0
    endloop
  endfacet
  facet normal -0.9646478039006037 -0.26354243383133324 0
    outer loop
      vertex 0.5466330647468567 3.8660595938563347 2
      vertex 0.5466330647468567 3.8660595938563347 0
      vertex 0.5721979588270187 3.772484079003334 2
    endloop
  endfacet
  facet normal -0.8925522716885325 -0.45094394585540243 0
    outer loop
      vertex 0.4824697971343994 4.011717550456524 2
      vertex 0.4824697971343994 4.011717550456524 0
      vertex 0.5164199993014336 3.9445199966430664 2
    endloop
  endfacet
  facet normal -0.933202118929409 -0.35935192392091253 0
    outer loop
      vertex 0.5466330647468567 3.8660595938563347 2
      vertex 0.5164199993014336 3.9445199966430664 2
      vertex 0.5164199993014336 3.9445199966430664 0
    endloop
  endfacet
  facet normal -0.14444118080828888 -0.9895133881290881 0
    outer loop
      vertex -0.0010616332292556763 4.303199999034405 2
      vertex -0.0010616332292556763 4.303199999034405 0
      vertex 0.08654816448688507 4.290411427617073 2
    endloop
  endfacet
  facet normal -0.20151109684107674 -0.9794862315775072 0
    outer loop
      vertex 0.08654816448688507 4.290411427617073 2
      vertex 0.08654816448688507 4.290411427617073 0
      vertex 0.16004204005002975 4.275291427969933 2
    endloop
  endfacet
  facet normal -0.28197777497858956 -0.9594209370334399 0
    outer loop
      vertex 0.16004204005002975 4.275291427969933 2
      vertex 0.16004204005002975 4.275291427969933 0
      vertex 0.21942000091075897 4.257840000092983 2
    endloop
  endfacet
  facet normal -0.4015836450480545 -0.9158223496016672 0
    outer loop
      vertex 0.21942000091075897 4.257840000092983 2
      vertex 0.21942000091075897 4.257840000092983 0
      vertex 0.2703269422054291 4.235517553985119 2
    endloop
  endfacet
  facet normal -0.5268315729736308 -0.849969701647141 0
    outer loop
      vertex 0.2703269422054291 4.235517553985119 2
      vertex 0.2703269422054291 4.235517553985119 0
      vertex 0.3184077516198158 4.2057159170508385 2
    endloop
  endfacet
  facet normal -0.6358316013866363 -0.7718278141386884 0
    outer loop
      vertex 0.3184077516198158 4.2057159170508385 2
      vertex 0.3184077516198158 4.2057159170508385 0
      vertex 0.363662451505661 4.168435104191303 2
    endloop
  endfacet
  facet normal -0.7257554999685563 -0.687952726766448 0
    outer loop
      vertex 0.363662451505661 4.168435104191303 2
      vertex 0.363662451505661 4.168435104191303 0
      vertex 0.40609101951122284 4.123675100505352 2
    endloop
  endfacet
  facet normal 0 0 1
    outer loop
      vertex 0.363662451505661 4.168435104191303 2
      vertex 0.40609101951122284 4.123675100505352 2
      vertex 1.4119653031229973 6.456426121294498 2
    endloop
  endfacet
  facet normal 0 0 1
    outer loop
      vertex 0.4456934705376625 4.071435920894146 2
      vertex 1.4119653031229973 6.456426121294498 2
      vertex 0.40609101951122284 4.123675100505352 2
    endloop
  endfacet
  facet normal 0 0 1
    outer loop
      vertex 0.4824697971343994 4.011717550456524 2
      vertex 1.6983563229441643 6.399800814688206 2
      vertex 0.4456934705376625 4.071435920894146 2
    endloop
  endfacet
  facet normal 0 0 1
    outer loop
      vertex 0.4824697971343994 4.011717550456524 2
      vertex 0.5164199993014336 3.9445199966430664 2
      vertex 2.184459187090397 6.250266119837761 2
    endloop
  endfacet
  facet normal 0.037224532736828 0.9993069269061057 0
    outer loop
      vertex -0.054072245955467224 6.579972244799137 0
      vertex -0.054072245955467224 6.579972244799137 2
      vertex 0.36050816625356674 6.564528979361057 2
    endloop
  endfacet
  facet normal 0.0671333074625827 0.9977440147799106 0
    outer loop
      vertex 0.36050816625356674 6.564528979361057 0
      vertex 0.36050816625356674 6.564528979361057 2
      vertex 0.7430412247776985 6.538790203630924 2
    endloop
  endfacet
  facet normal 0.10227331131946017 0.9947563368944944 0
    outer loop
      vertex 0.7430412247776985 6.538790203630924 0
      vertex 0.7430412247776985 6.538790203630924 2
      vertex 1.0935269370675087 6.502755917608738 2
    endloop
  endfacet
  facet normal 0.14397480775048346 0.9895813532667292 0
    outer loop
      vertex 1.0935269370675087 6.502755917608738 0
      vertex 1.0935269370675087 6.502755917608738 2
      vertex 1.4119653031229973 6.456426121294498 2
    endloop
  endfacet
  facet normal 0 0 1
    outer loop
      vertex -0.0010616332292556763 4.303199999034405 2
      vertex 0.08654816448688507 4.290411427617073 2
      vertex 0.36050816625356674 6.564528979361057 2
    endloop
  endfacet
  facet normal 0 0 1
    outer loop
      vertex 0.08654816448688507 4.290411427617073 2
      vertex 0.16004204005002975 4.275291427969933 2
      vertex 0.36050816625356674 6.564528979361057 2
    endloop
  endfacet
  facet normal 0 0 1
    outer loop
      vertex 0.16004204005002975 4.275291427969933 2
      vertex 0.21942000091075897 4.257840000092983 2
      vertex 0.7430412247776985 6.538790203630924 2
    endloop
  endfacet
  facet normal 0 0 1
    outer loop
      vertex 0.21942000091075897 4.257840000092983 2
      vertex 0.2703269422054291 4.235517553985119 2
      vertex 0.7430412247776985 6.538790203630924 2
    endloop
  endfacet
  facet normal 0 0 1
    outer loop
      vertex 0.2703269422054291 4.235517553985119 2
      vertex 0.3184077516198158 4.2057159170508385 2
      vertex 0.7430412247776985 6.538790203630924 2
    endloop
  endfacet
  facet normal 0 0 1
    outer loop
      vertex 0.3184077516198158 4.2057159170508385 2
      vertex 0.363662451505661 4.168435104191303 2
      vertex 1.0935269370675087 6.502755917608738 2
    endloop
  endfacet
  facet normal 0 0 1
    outer loop
      vertex -0.0010616332292556763 4.303199999034405 2
      vertex 0.36050816625356674 6.564528979361057 2
      vertex -0.054072245955467224 6.579972244799137 2
    endloop
  endfacet
  facet normal 0 0 1
    outer loop
      vertex 0.16004204005002975 4.275291427969933 2
      vertex 0.7430412247776985 6.538790203630924 2
      vertex 0.36050816625356674 6.564528979361057 2
    endloop
  endfacet
  facet normal 0 0 1
    outer loop
      vertex 0.3184077516198158 4.2057159170508385 2
      vertex 1.0935269370675087 6.502755917608738 2
      vertex 0.7430412247776985 6.538790203630924 2
    endloop
  endfacet
  facet normal 0 0 1
    outer loop
      vertex 0.363662451505661 4.168435104191303 2
      vertex 1.4119653031229973 6.456426121294498 2
      vertex 1.0935269370675087 6.502755917608738 2
    endloop
  endfacet
  facet normal 0 0 1
    outer loop
      vertex 0.4456934705376625 4.071435920894146 2
      vertex 1.6983563229441643 6.399800814688206 2
      vertex 1.4119653031229973 6.456426121294498 2
    endloop
  endfacet
  facet normal 0 0 1
    outer loop
      vertex 0.6279759183526039 3.247031018137932 2
      vertex 3.770251840353012 3.7335942834615707 2
      vertex 0.6210036724805832 3.4010669365525246 2
    endloop
  endfacet
  facet normal 0 0 1
    outer loop
      vertex 0.6210036724805832 3.4010669365525246 2
      vertex 3.770251840353012 3.7335942834615707 2
      vertex 0.609383262693882 3.5399877578020096 2
    endloop
  endfacet
  facet normal 0 0 1
    outer loop
      vertex 0.609383262693882 3.5399877578020096 2
      vertex 3.7179416343569756 4.1259428560733795 2
      vertex 0.5931146964430809 3.6637934669852257 2
    endloop
  endfacet
  facet normal 0 0 1
    outer loop
      vertex 0.5931146964430809 3.6637934669852257 2
      vertex 3.6447073444724083 4.479925714433193 2
      vertex 0.5721979588270187 3.772484079003334 2
    endloop
  endfacet
  facet normal 0 0 1
    outer loop
      vertex 0.5466330647468567 3.8660595938563347 2
      vertex 2.9802795946598053 5.70890448987484 2
      vertex 0.5164199993014336 3.9445199966430664 2
    endloop
  endfacet
  facet normal 0 0 1
    outer loop
      vertex 0.5466330647468567 3.8660595938563347 2
      vertex 0.5721979588270187 3.772484079003334 2
      vertex 3.550548978149891 4.795542858541012 2
    endloop
  endfacet
  facet normal 0 0 1
    outer loop
      vertex 0.5466330647468567 3.8660595938563347 2
      vertex 3.2994600012898445 5.311679996550083 2
      vertex 3.1464306116104126 5.520837552845478 2
    endloop
  endfacet
  facet normal 0 0 1
    outer loop
      vertex 0.5466330647468567 3.8660595938563347 2
      vertex 3.550548978149891 4.795542858541012 2
      vertex 3.4354665279388428 5.072794288396835 2
    endloop
  endfacet
  facet normal 0 0 1
    outer loop
      vertex 0.5466330647468567 3.8660595938563347 2
      vertex 3.4354665279388428 5.072794288396835 2
      vertex 3.2994600012898445 5.311679996550083 2
    endloop
  endfacet
  facet normal 0.19396523555913733 0.9810084033251134 0
    outer loop
      vertex 1.4119653031229973 6.456426121294498 0
      vertex 1.4119653031229973 6.456426121294498 2
      vertex 1.6983563229441643 6.399800814688206 2
    endloop
  endfacet
  facet normal 0.25445159129275396 0.9670855120870053 0
    outer loop
      vertex 1.6983563229441643 6.399800814688206 0
      vertex 1.6983563229441643 6.399800814688206 2
      vertex 1.9526999965310097 6.33287999778986 2
    endloop
  endfacet
  facet normal 0.3357694777682553 0.9419441903845648 0
    outer loop
      vertex 1.9526999965310097 6.33287999778986 0
      vertex 1.9526999965310097 6.33287999778986 2
      vertex 2.184459187090397 6.250266119837761 2
    endloop
  endfacet
  facet normal 0.5190315506861538 0.8547550815247176 0
    outer loop
      vertex 2.4030967354774475 6.1465616300702095 0
      vertex 2.4030967354774475 6.1465616300702095 2
      vertex 2.6086126565933228 6.0217665284872055 2
    endloop
  endfacet
  facet normal 0.4285565668620456 0.9035149522832574 0
    outer loop
      vertex 2.184459187090397 6.250266119837761 0
      vertex 2.184459187090397 6.250266119837761 2
      vertex 2.4030967354774475 6.1465616300702095 2
    endloop
  endfacet
  facet normal 0 0 1
    outer loop
      vertex 0.4824697971343994 4.011717550456524 2
      vertex 1.9526999965310097 6.33287999778986 2
      vertex 1.6983563229441643 6.399800814688206 2
    endloop
  endfacet
  facet normal 0 0 1
    outer loop
      vertex 0.4824697971343994 4.011717550456524 2
      vertex 2.184459187090397 6.250266119837761 2
      vertex 1.9526999965310097 6.33287999778986 2
    endloop
  endfacet
  facet normal 0 0 1
    outer loop
      vertex 0.5164199993014336 3.9445199966430664 2
      vertex 2.4030967354774475 6.1465616300702095 2
      vertex 2.184459187090397 6.250266119837761 2
    endloop
  endfacet
  facet normal 0 0 1
    outer loop
      vertex 0.5164199993014336 3.9445199966430664 2
      vertex 2.6086126565933228 6.0217665284872055 2
      vertex 2.4030967354774475 6.1465616300702095 2
    endloop
  endfacet
  facet normal 0 0 1
    outer loop
      vertex 0.5164199993014336 3.9445199966430664 2
      vertex 2.8010069355368614 5.875880815088749 2
      vertex 2.6086126565933228 6.0217665284872055 2
    endloop
  endfacet
  facet normal 0 0 1
    outer loop
      vertex 0.5164199993014336 3.9445199966430664 2
      vertex 2.9802795946598053 5.70890448987484 2
      vertex 2.8010069355368614 5.875880815088749 2
    endloop
  endfacet
  facet normal 0 0 1
    outer loop
      vertex 0.5466330647468567 3.8660595938563347 2
      vertex 3.1464306116104126 5.520837552845478 2
      vertex 2.9802795946598053 5.70890448987484 2
    endloop
  endfacet
  facet normal 0.31874203564012826 0.9478415029507767 0
    outer loop
      vertex 2.638296738266945 0.3403591811656952 2
      vertex 2.638296738266945 0.3403591811656952 0
      vertex 2.345670610666275 0.4387640804052353 0
    endloop
  endfacet
  facet normal 0.3963646747347706 0.9180931568323553 0
    outer loop
      vertex 2.899698369204998 0.22750530391931534 2
      vertex 2.899698369204998 0.22750530391931534 0
      vertex 2.638296738266945 0.3403591811656952 0
    endloop
  endfacet
  facet normal 0.3653338462751041 -0.9308765658054985 0
    outer loop
      vertex 2.573535919189453 0.679523266851902 2
      vertex 2.573535919189453 0.679523266851902 0
      vertex 2.8062893897295 0.7708702012896538 0
    endloop
  endfacet
  facet normal 0.48397643939263385 0.875081028312709 0
    outer loop
      vertex 3.129875510931015 0.10020244866609573 2
      vertex 3.129875510931015 0.10020244866609573 0
      vertex 2.899698369204998 0.22750530391931534 0
    endloop
  endfacet
  facet normal 0.440046284318138 -0.8979750930052574 0
    outer loop
      vertex 2.8062893897295 0.7708702012896538 2
      vertex 2.8062893897295 0.7708702012896538 0
      vertex 3.010306529700756 0.8708473443984985 0
    endloop
  endfacet
  facet normal 0.5267058034599335 -0.8500476437245303 0
    outer loop
      vertex 3.010306529700756 0.8708473443984985 2
      vertex 3.010306529700756 0.8708473443984985 0
      vertex 3.1855873465538025 0.9794546961784363 0
    endloop
  endfacet
  facet normal 0.5802695443799879 0.8144244936549005 0
    outer loop
      vertex 3.328828163444996 -0.04154938459396362 2
      vertex 3.328828163444996 -0.04154938459396362 0
      vertex 3.129875510931015 0.10020244866609573 0
    endloop
  endfacet
  facet normal 0.6247013850876993 -0.7808637393742329 0
    outer loop
      vertex 3.1855873465538025 0.9794546961784363 2
      vertex 3.1855873465538025 0.9794546961784363 0
      vertex 3.332131840288639 1.0966922417283058 0
    endloop
  endfacet
  facet normal 0.7300951497477256 -0.6833454999594613 0
    outer loop
      vertex 3.332131840288639 1.0966922417283058 2
      vertex 3.332131840288639 1.0966922417283058 0
      vertex 3.449940003454685 1.222560003399849 0
    endloop
  endfacet
  facet normal 0.832709768156147 -0.5537097091593536 0
    outer loop
      vertex 3.449940003454685 1.222560003399849 2
      vertex 3.449940003454685 1.222560003399849 0
      vertex 3.546023264527321 1.3670571446418762 0
    endloop
  endfacet
  facet normal 0.9050954212270588 -0.42520851176077473 0
    outer loop
      vertex 3.546023264527321 1.3670571446418762 2
      vertex 3.546023264527321 1.3670571446418762 0
      vertex 3.627324491739273 1.5401142835617065 0
    endloop
  endfacet
  facet normal 0.9496489425445481 -0.3133159522335588 0
    outer loop
      vertex 3.627324491739273 1.5401142835617065 2
      vertex 3.627324491739273 1.5401142835617065 0
      vertex 3.6938436701893806 1.7417314276099205 0
    endloop
  endfacet
  facet normal 0.9756575829224198 -0.21929952322333396 0
    outer loop
      vertex 3.6938436701893806 1.7417314276099205 2
      vertex 3.6938436701893806 1.7417314276099205 0
      vertex 3.745580814778805 1.9719085693359375 0
    endloop
  endfacet
  facet normal 0.9899534283351156 -0.14139381078233695 0
    outer loop
      vertex 3.745580814778805 1.9719085693359375 2
      vertex 3.745580814778805 1.9719085693359375 0
      vertex 3.782535918056965 2.230645716190338 0
    endloop
  endfacet
  facet normal 0.9970350057332168 -0.07694931671278456 0
    outer loop
      vertex 3.782535918056965 2.230645716190338 2
      vertex 3.782535918056965 2.230645716190338 0
      vertex 3.804708980023861 2.517942860722542 0
    endloop
  endfacet
  facet normal 0.9997263350817318 -0.023393480802329267 0
    outer loop
      vertex 3.804708980023861 2.517942860722542 2
      vertex 3.804708980023861 2.517942860722542 0
      vertex 3.812100000679493 2.8338000029325485 0
    endloop
  endfacet
  facet normal 0.9997513738536207 0.02229776844883795 0
    outer loop
      vertex 3.812100000679493 2.8338000029325485 2
      vertex 3.812100000679493 2.8338000029325485 0
      vertex 3.801637962460518 3.302879996597767 0
    endloop
  endfacet
  facet normal 0.3963646747347706 0.9180931568323553 0
    outer loop
      vertex 2.638296738266945 0.3403591811656952 2
      vertex 2.899698369204998 0.22750530391931534 2
      vertex 2.638296738266945 0.3403591811656952 0
    endloop
  endfacet
  facet normal 0.3653338462751041 -0.9308765658054985 0
    outer loop
      vertex 2.573535919189453 0.679523266851902 2
      vertex 2.8062893897295 0.7708702012896538 0
      vertex 2.8062893897295 0.7708702012896538 2
    endloop
  endfacet
  facet normal 0.48397643939263385 0.875081028312709 0
    outer loop
      vertex 2.899698369204998 0.22750530391931534 2
      vertex 3.129875510931015 0.10020244866609573 2
      vertex 2.899698369204998 0.22750530391931534 0
    endloop
  endfacet
  facet normal 0.440046284318138 -0.8979750930052574 0
    outer loop
      vertex 2.8062893897295 0.7708702012896538 2
      vertex 3.010306529700756 0.8708473443984985 0
      vertex 3.010306529700756 0.8708473443984985 2
    endloop
  endfacet
  facet normal 0.5267058034599335 -0.8500476437245303 0
    outer loop
      vertex 3.010306529700756 0.8708473443984985 2
      vertex 3.1855873465538025 0.9794546961784363 0
      vertex 3.1855873465538025 0.9794546961784363 2
    endloop
  endfacet
  facet normal 0.5802695443799879 0.8144244936549005 0
    outer loop
      vertex 3.328828163444996 -0.04154938459396362 2
      vertex 3.129875510931015 0.10020244866609573 0
      vertex 3.129875510931015 0.10020244866609573 2
    endloop
  endfacet
  facet normal 0.6247013850876993 -0.7808637393742329 0
    outer loop
      vertex 3.1855873465538025 0.9794546961784363 2
      vertex 3.332131840288639 1.0966922417283058 0
      vertex 3.332131840288639 1.0966922417283058 2
    endloop
  endfacet
  facet normal 0.7300951497477256 -0.6833454999594613 0
    outer loop
      vertex 3.332131840288639 1.0966922417283058 2
      vertex 3.449940003454685 1.222560003399849 0
      vertex 3.449940003454685 1.222560003399849 2
    endloop
  endfacet
  facet normal 0.832709768156147 -0.5537097091593536 0
    outer loop
      vertex 3.449940003454685 1.222560003399849 2
      vertex 3.546023264527321 1.3670571446418762 0
      vertex 3.546023264527321 1.3670571446418762 2
    endloop
  endfacet
  facet normal 0.9050954212270588 -0.42520851176077473 0
    outer loop
      vertex 3.546023264527321 1.3670571446418762 2
      vertex 3.627324491739273 1.5401142835617065 0
      vertex 3.627324491739273 1.5401142835617065 2
    endloop
  endfacet
  facet normal 0.9496489425445481 -0.3133159522335588 0
    outer loop
      vertex 3.627324491739273 1.5401142835617065 2
      vertex 3.6938436701893806 1.7417314276099205 0
      vertex 3.6938436701893806 1.7417314276099205 2
    endloop
  endfacet
  facet normal 0.9756575829224198 -0.21929952322333396 0
    outer loop
      vertex 3.6938436701893806 1.7417314276099205 2
      vertex 3.745580814778805 1.9719085693359375 0
      vertex 3.745580814778805 1.9719085693359375 2
    endloop
  endfacet
  facet normal 0.9899534283351156 -0.14139381078233695 0
    outer loop
      vertex 3.745580814778805 1.9719085693359375 2
      vertex 3.782535918056965 2.230645716190338 0
      vertex 3.782535918056965 2.230645716190338 2
    endloop
  endfacet
  facet normal 0.9970350057332168 -0.07694931671278456 0
    outer loop
      vertex 3.782535918056965 2.230645716190338 2
      vertex 3.804708980023861 2.517942860722542 0
      vertex 3.804708980023861 2.517942860722542 2
    endloop
  endfacet
  facet normal 0.9997513738536207 0.02229776844883795 0
    outer loop
      vertex 3.812100000679493 2.8338000029325485 2
      vertex 3.801637962460518 3.302879996597767 0
      vertex 3.801637962460518 3.302879996597767 2
    endloop
  endfacet
  facet normal 0 0 1
    outer loop
      vertex 0.6190053075551987 2.4836791828274727 2
      vertex 3.449940003454685 1.222560003399849 2
      vertex 3.546023264527321 1.3670571446418762 2
    endloop
  endfacet
  facet normal 0 0 1
    outer loop
      vertex 0.6190053075551987 2.4836791828274727 2
      vertex 3.546023264527321 1.3670571446418762 2
      vertex 3.627324491739273 1.5401142835617065 2
    endloop
  endfacet
  facet normal 0 0 1
    outer loop
      vertex 0.6190053075551987 2.4836791828274727 2
      vertex 3.627324491739273 1.5401142835617065 2
      vertex 3.6938436701893806 1.7417314276099205 2
    endloop
  endfacet
  facet normal 0 0 1
    outer loop
      vertex 0.6190053075551987 2.4836791828274727 2
      vertex 3.6938436701893806 1.7417314276099205 2
      vertex 3.745580814778805 1.9719085693359375 2
    endloop
  endfacet
  facet normal 0 0 1
    outer loop
      vertex 0.6190053075551987 2.4836791828274727 2
      vertex 3.745580814778805 1.9719085693359375 2
      vertex 3.782535918056965 2.230645716190338 2
    endloop
  endfacet
  facet normal 0 0 1
    outer loop
      vertex 0.6190053075551987 2.4836791828274727 2
      vertex 3.782535918056965 2.230645716190338 2
      vertex 3.804708980023861 2.517942860722542 2
    endloop
  endfacet
  facet normal 0 0 1
    outer loop
      vertex 0.6274763271212578 2.7619297951459885 2
      vertex 3.804708980023861 2.517942860722542 2
      vertex 3.812100000679493 2.8338000029325485 2
    endloop
  endfacet
  facet normal 0 0 1
    outer loop
      vertex 0.6303000003099442 3.0778800025582314 2
      vertex 3.812100000679493 2.8338000029325485 2
      vertex 3.801637962460518 3.302879996597767 2
    endloop
  endfacet
  facet normal 0.9997263350817318 -0.023393480802329267 0
    outer loop
      vertex 3.804708980023861 2.517942860722542 2
      vertex 3.812100000679493 2.8338000029325485 0
      vertex 3.812100000679493 2.8338000029325485 2
    endloop
  endfacet
  facet normal 0 0 -1
    outer loop
      vertex 3.2994600012898445 5.311679996550083 0
      vertex 2.7193209845184083 4.284964221922727 0
      vertex 2.160829904692744 4.591997291265049 0
    endloop
  endfacet
  facet normal 0 0 -1
    outer loop
      vertex 3.550548978149891 4.795542858541012 0
      vertex 3.2349267479746007 3.91035470708713 0
      vertex 2.7193209845184083 4.284964221922727 0
    endloop
  endfacet
  facet normal 0 0 -1
    outer loop
      vertex 3.2994600012898445 5.311679996550083 0
      vertex 3.4354665279388428 5.072794288396835 0
      vertex 2.7193209845184083 4.284964221922727 0
    endloop
  endfacet
  facet normal 0 0 -1
    outer loop
      vertex 3.770251840353012 3.7335942834615707 0
      vertex 3.7978221595411066 3.3552445680353467 0
      vertex 3.6995157841636637 3.4740765625880954 0
    endloop
  endfacet
  facet normal 0 0 -1
    outer loop
      vertex 3.7179416343569756 4.1259428560733795 0
      vertex 3.6995157841636637 3.4740765625880954 0
      vertex 3.2349267479746007 3.91035470708713 0
    endloop
  endfacet
  facet normal 0 0 -1
    outer loop
      vertex 3.770251840353012 3.7335942834615707 0
      vertex 3.6995157841636637 3.4740765625880954 0
      vertex 3.7179416343569756 4.1259428560733795 0
    endloop
  endfacet
  facet normal 0 0 -1
    outer loop
      vertex 3.550548978149891 4.795542858541012 0
      vertex 3.6447073444724083 4.479925714433193 0
      vertex 3.2349267479746007 3.91035470708713 0
    endloop
  endfacet
  facet normal 0 0 -1
    outer loop
      vertex 3.550548978149891 4.795542858541012 0
      vertex 2.7193209845184083 4.284964221922727 0
      vertex 3.4354665279388428 5.072794288396835 0
    endloop
  endfacet
  facet normal 0 0 -1
    outer loop
      vertex 3.6447073444724083 4.479925714433193 0
      vertex 3.7179416343569756 4.1259428560733795 0
      vertex 3.2349267479746007 3.91035470708713 0
    endloop
  endfacet
  facet normal 0.9973555133576211 0.07267723147696338 0
    outer loop
      vertex 3.801637962460518 3.302879996597767 2
      vertex 3.801637962460518 3.302879996597767 0
      vertex 3.7978221595411066 3.3552445680353467 0
    endloop
  endfacet
  facet normal 0.997355513357621 0.07267723147696481 3.88692143675121e-17
    outer loop
      vertex 3.770251840353012 3.7335942834615707 0
      vertex 3.801637962460518 3.302879996597767 2
      vertex 3.7978221595411066 3.3552445680353467 0
    endloop
  endfacet
  facet normal 0.9912288727187422 0.13215642961555626 0
    outer loop
      vertex 3.770251840353012 3.7335942834615707 0
      vertex 3.7179416343569756 4.1259428560733795 0
      vertex 3.770251840353012 3.7335942834615707 2
    endloop
  endfacet
  facet normal 0.9792623640288233 0.20259620528697067 0
    outer loop
      vertex 3.6447073444724083 4.479925714433193 0
      vertex 3.7179416343569756 4.1259428560733795 2
      vertex 3.7179416343569756 4.1259428560733795 0
    endloop
  endfacet
  facet normal 0.9582653579097137 0.2858802263714098 0
    outer loop
      vertex 3.550548978149891 4.795542858541012 0
      vertex 3.6447073444724083 4.479925714433193 2
      vertex 3.6447073444724083 4.479925714433193 0
    endloop
  endfacet
  facet normal 0.9235952598635835 0.38336900755997433 0
    outer loop
      vertex 3.550548978149891 4.795542858541012 0
      vertex 3.4354665279388428 5.072794288396835 0
      vertex 3.550548978149891 4.795542858541012 2
    endloop
  endfacet
  facet normal 0 0 -1
    outer loop
      vertex 2.9802795946598053 5.70890448987484 0
      vertex 3.1464306116104126 5.520837552845478 0
      vertex 2.160829904692744 4.591997291265049 0
    endloop
  endfacet
  facet normal 0 0 -1
    outer loop
      vertex 2.9802795946598053 5.70890448987484 0
      vertex 2.160829904692744 4.591997291265049 0
      vertex 2.8010069355368614 5.875880815088749 0
    endloop
  endfacet
  facet normal 0 0 -1
    outer loop
      vertex 3.2994600012898445 5.311679996550083 0
      vertex 2.160829904692744 4.591997291265049 0
      vertex 3.1464306116104126 5.520837552845478 0
    endloop
  endfacet
  facet normal 0.7494233394649187 0.6620911253485046 0
    outer loop
      vertex 2.9802795946598053 5.70890448987484 0
      vertex 3.1464306116104126 5.520837552845478 2
      vertex 3.1464306116104126 5.520837552845478 0
    endloop
  endfacet
  facet normal 0.5190315506861538 0.8547550815247176 0
    outer loop
      vertex 2.4030967354774475 6.1465616300702095 0
      vertex 2.6086126565933228 6.0217665284872055 2
      vertex 2.6086126565933228 6.0217665284872055 0
    endloop
  endfacet
  facet normal 0.604206218580443 0.796827989862757 0
    outer loop
      vertex 2.6086126565933228 6.0217665284872055 0
      vertex 2.8010069355368614 5.875880815088749 2
      vertex 2.8010069355368614 5.875880815088749 0
    endloop
  endfacet
  facet normal 0.6815656605737679 0.7317569612423537 0
    outer loop
      vertex 2.9802795946598053 5.70890448987484 0
      vertex 2.8010069355368614 5.875880815088749 0
      vertex 2.9802795946598053 5.70890448987484 2
    endloop
  endfacet
  facet normal 0.8690249543019183 0.4947682576727704 0
    outer loop
      vertex 3.2994600012898445 5.311679996550083 0
      vertex 3.4354665279388428 5.072794288396835 2
      vertex 3.4354665279388428 5.072794288396835 0
    endloop
  endfacet
  facet normal 0.8070537237915624 0.5904780156061463 0
    outer loop
      vertex 3.2994600012898445 5.311679996550083 0
      vertex 3.1464306116104126 5.520837552845478 0
      vertex 3.2994600012898445 5.311679996550083 2
    endloop
  endfacet
  facet normal 0.997355513357621 0.07267723147696463 0
    outer loop
      vertex 3.770251840353012 3.7335942834615707 0
      vertex 3.770251840353012 3.7335942834615707 2
      vertex 3.801637962460518 3.302879996597767 2
    endloop
  endfacet
  facet normal 0.9912288727187422 0.13215642961555626 0
    outer loop
      vertex 3.7179416343569756 4.1259428560733795 0
      vertex 3.7179416343569756 4.1259428560733795 2
      vertex 3.770251840353012 3.7335942834615707 2
    endloop
  endfacet
  facet normal 0.9792623640288233 0.20259620528697067 0
    outer loop
      vertex 3.6447073444724083 4.479925714433193 0
      vertex 3.6447073444724083 4.479925714433193 2
      vertex 3.7179416343569756 4.1259428560733795 2
    endloop
  endfacet
  facet normal 0.9582653579097137 0.2858802263714098 0
    outer loop
      vertex 3.550548978149891 4.795542858541012 0
      vertex 3.550548978149891 4.795542858541012 2
      vertex 3.6447073444724083 4.479925714433193 2
    endloop
  endfacet
  facet normal 0 0 1
    outer loop
      vertex 0.6279759183526039 3.247031018137932 2
      vertex 3.801637962460518 3.302879996597767 2
      vertex 3.770251840353012 3.7335942834615707 2
    endloop
  endfacet
  facet normal 0 0 1
    outer loop
      vertex 0.5931146964430809 3.6637934669852257 2
      vertex 3.7179416343569756 4.1259428560733795 2
      vertex 3.6447073444724083 4.479925714433193 2
    endloop
  endfacet
  facet normal 0 0 1
    outer loop
      vertex 0.609383262693882 3.5399877578020096 2
      vertex 3.770251840353012 3.7335942834615707 2
      vertex 3.7179416343569756 4.1259428560733795 2
    endloop
  endfacet
  facet normal 0 0 1
    outer loop
      vertex 0.5721979588270187 3.772484079003334 2
      vertex 3.6447073444724083 4.479925714433193 2
      vertex 3.550548978149891 4.795542858541012 2
    endloop
  endfacet
  facet normal 0.7494233394649187 0.6620911253485046 0
    outer loop
      vertex 2.9802795946598053 5.70890448987484 0
      vertex 2.9802795946598053 5.70890448987484 2
      vertex 3.1464306116104126 5.520837552845478 2
    endloop
  endfacet
  facet normal 0.604206218580443 0.796827989862757 0
    outer loop
      vertex 2.6086126565933228 6.0217665284872055 0
      vertex 2.6086126565933228 6.0217665284872055 2
      vertex 2.8010069355368614 5.875880815088749 2
    endloop
  endfacet
  facet normal 0.6815656605737679 0.7317569612423537 0
    outer loop
      vertex 2.8010069355368614 5.875880815088749 0
      vertex 2.8010069355368614 5.875880815088749 2
      vertex 2.9802795946598053 5.70890448987484 2
    endloop
  endfacet
  facet normal 0.9235952598635835 0.38336900755997433 0
    outer loop
      vertex 3.4354665279388428 5.072794288396835 0
      vertex 3.4354665279388428 5.072794288396835 2
      vertex 3.550548978149891 4.795542858541012 2
    endloop
  endfacet
  facet normal 0.8690249543019183 0.4947682576727704 0
    outer loop
      vertex 3.2994600012898445 5.311679996550083 0
      vertex 3.2994600012898445 5.311679996550083 2
      vertex 3.4354665279388428 5.072794288396835 2
    endloop
  endfacet
  facet normal 0.8070537237915624 0.5904780156061463 0
    outer loop
      vertex 3.1464306116104126 5.520837552845478 0
      vertex 3.1464306116104126 5.520837552845478 2
      vertex 3.2994600012898445 5.311679996550083 2
    endloop
  endfacet
endsolid OpenSCAD_Model
