solid OpenSCAD_Model
  facet normal 0.7695556865203668 0.6366318303218893 -0.049839321475800655
    outer loop
      vertex -10.87985676426457 -10.216865555985676 -2
      vertex -10.98920205837778 -10.319547621874978 -5
      vertex -12.195931190202332 -8.860862678309033 -5
    endloop
  endfacet
  facet normal 0.6836963841928091 0.7280627007864849 -0.04983932147580071
    outer loop
      vertex -10.87985676426457 -10.216865555985676 -2
      vertex -9.609166645461496 -11.615487134845024 -5
      vertex -10.98920205837778 -10.319547621874978 -5
    endloop
  endfacet
  facet normal 0.5870547814661053 0.808011587536104 -0.04983932147580052
    outer loop
      vertex -9.513553046999194 -11.499910148428658 -2
      vertex -8.077588934308375 -12.728243476942875 -5
      vertex -9.609166645461496 -11.615487134845024 -5
    endloop
  endfacet
  facet normal 0.7695556865203668 0.6366318303218891 -0.049839321475800794
    outer loop
      vertex -12.074578641046092 -8.772694890465162 -2
      vertex -10.87985676426457 -10.216865555985676 -2
      vertex -12.195931190202332 -8.860862678309033 -5
    endloop
  endfacet
  facet normal 0.6836963841928092 0.7280627007864847 -0.04983932147580052
    outer loop
      vertex -9.513553046999194 -11.499910148428658 -2
      vertex -9.609166645461496 -11.615487134845024 -5
      vertex -10.87985676426457 -10.216865555985676 -2
    endloop
  endfacet
  facet normal 0.5870547814661052 0.8080115875361041 -0.04983932147580058
    outer loop
      vertex -9.513553046999194 -11.499910148428658 -2
      vertex -7.9972149150615275 -12.601594288117575 -2
      vertex -8.077588934308375 -12.728243476942875 -5
    endloop
  endfacet
  facet normal 0.9037025775627164 0.4252501538404592 -0.049839321475800884
    outer loop
      vertex -13.078877199654663 -7.190173585968102 -2
      vertex -13.210323201661241 -7.262436637083359 -5
      vertex -14.01638052476539 -5.549477631721518 -5
    endloop
  endfacet
  facet normal 0.949874589670301 0.3086329631350305 -0.04983932147580104
    outer loop
      vertex -13.876914051882153 -5.494258948818818 -2
      vertex -14.01638052476539 -5.549477631721518 -5
      vertex -14.601391154014113 -3.7490000490101867 -5
    endloop
  endfacet
  facet normal 0.996786429516027 0.06271248653595439 -0.04983932147580098
    outer loop
      vertex -14.807311917118582 -1.8705985109472383 -2
      vertex -14.956129122315753 -1.8893984959818837 -5
      vertex -15.075 0 -5
    endloop
  endfacet
  facet normal 0.9810665120712089 0.18714844623256774 -0.04983932147580103
    outer loop
      vertex -14.45610367984482 -3.711696565935459 -2
      vertex -14.601391154014113 -3.7490000490101867 -5
      vertex -14.956129122315753 -1.8893984959818837 -5
    endloop
  endfacet
  facet normal 0.8432786359612163 0.5351608955876936 -0.04983932147580079
    outer loop
      vertex -12.074578641046092 -8.772694890465162 -2
      vertex -12.195931190202332 -8.860862678309033 -5
      vertex -13.210323201661241 -7.262436637083359 -5
    endloop
  endfacet
  facet normal 0.8432786359612163 0.5351608955876934 -0.0498393214758009
    outer loop
      vertex -12.074578641046092 -8.772694890465162 -2
      vertex -13.210323201661241 -7.262436637083359 -5
      vertex -13.078877199654663 -7.190173585968102 -2
    endloop
  endfacet
  facet normal 0.949874589670301 0.3086329631350306 -0.04983932147580103
    outer loop
      vertex -13.876914051882153 -5.494258948818818 -2
      vertex -14.601391154014113 -3.7490000490101867 -5
      vertex -14.45610367984482 -3.711696565935459 -2
    endloop
  endfacet
  facet normal 0.9037025775627165 0.42525015384045906 -0.049839321475801016
    outer loop
      vertex -13.876914051882153 -5.494258948818818 -2
      vertex -13.078877199654663 -7.190173585968102 -2
      vertex -14.01638052476539 -5.549477631721518 -5
    endloop
  endfacet
  facet normal 0.9967864295160269 0.06271248653595456 -0.04983932147580087
    outer loop
      vertex -14.807311917118582 -1.8705985109472383 -2
      vertex -15.075 0 -5
      vertex -14.925 0 -2
    endloop
  endfacet
  facet normal 0.9810665120712089 0.18714844623256785 -0.04983932147580097
    outer loop
      vertex -14.45610367984482 -3.711696565935459 -2
      vertex -14.956129122315753 -1.8893984959818837 -5
      vertex -14.807311917118582 -1.8705985109472383 -2
    endloop
  endfacet
  facet normal 0.481154974146155 0.8752176488675515 -0.0498393214758006
    outer loop
      vertex -7.9972149150615275 -12.601594288117575 -2
      vertex -6.418622820343467 -13.640267815925245 -5
      vertex -8.077588934308375 -12.728243476942875 -5
    endloop
  endfacet
  facet normal 0.3676670654558689 0.9286210050466776 -0.049839321475801175
    outer loop
      vertex -6.354755926608706 -13.504543758055343 -2
      vertex -4.658431190202331 -14.337176983149439 -5
      vertex -6.418622820343467 -13.640267815925245 -5
    endloop
  endfacet
  facet normal 0.2483808275096872 0.9673794532449171 -0.04983932147580082
    outer loop
      vertex -4.61207864104609 -14.194518505705167 -2
      vertex -2.8247733173798015 -14.807980304734981 -5
      vertex -4.658431190202331 -14.337176983149439 -5
    endloop
  endfacet
  facet normal 0.12517747553816186 0.9908817495810106 -0.04983932147580101
    outer loop
      vertex -2.796666120191943 -14.660637217125679 -2
      vertex -0.946567081904405 -15.045252931056194 -5
      vertex -2.8247733173798015 -14.807980304734981 -5
    endloop
  endfacet
  facet normal 0.4811549741461542 0.875217648867552 -0.049839321475801196
    outer loop
      vertex -7.9972149150615275 -12.601594288117575 -2
      vertex -6.354755926608706 -13.504543758055343 -2
      vertex -6.418622820343467 -13.640267815925245 -5
    endloop
  endfacet
  facet normal 0.36766706545586947 0.9286210050466772 -0.04983932147580078
    outer loop
      vertex -6.354755926608706 -13.504543758055343 -2
      vertex -4.61207864104609 -14.194518505705167 -2
      vertex -4.658431190202331 -14.337176983149439 -5
    endloop
  endfacet
  facet normal 0.24838082750968696 0.9673794532449171 -0.04983932147580099
    outer loop
      vertex -4.61207864104609 -14.194518505705167 -2
      vertex -2.796666120191943 -14.660637217125679 -2
      vertex -2.8247733173798015 -14.807980304734981 -5
    endloop
  endfacet
  facet normal 0.1251774755381622 0.9908817495810106 -0.04983932147580077
    outer loop
      vertex -2.796666120191943 -14.660637217125679 -2
      vertex -0.9371485039750079 -14.895548921791955 -2
      vertex -0.946567081904405 -15.045252931056194 -5
    endloop
  endfacet
  facet normal 0 0.998757248802146 -0.04983932147580078
    outer loop
      vertex -0.9371485039750079 -14.895548921791955 -2
      vertex 0.9371485039750079 -14.895548921791955 -2
      vertex -0.946567081904405 -15.045252931056194 -5
    endloop
  endfacet
  facet normal 0 0 -1
    outer loop
      vertex -13.876914051882153 -5.494258948818818 -2
      vertex -13.876914051882153 5.494258948818818 -2
      vertex -13.078877199654663 -7.190173585968102 -2
    endloop
  endfacet
  facet normal 0 0 -1
    outer loop
      vertex -14.45610367984482 -3.711696565935459 -2
      vertex -14.807311917118582 -1.8705985109472383 -2
      vertex -14.807311917118582 1.8705985109472383 -2
    endloop
  endfacet
  facet normal 0 0 -1
    outer loop
      vertex -13.876914051882153 -5.494258948818818 -2
      vertex -14.45610367984482 -3.711696565935459 -2
      vertex -14.45610367984482 3.711696565935459 -2
    endloop
  endfacet
  facet normal 0 0 -1
    outer loop
      vertex -12.074578641046092 -8.772694890465162 -2
      vertex -13.078877199654663 -7.190173585968102 -2
      vertex -13.078877199654663 7.190173585968102 -2
    endloop
  endfacet
  facet normal 0 0 -1
    outer loop
      vertex -12.074578641046092 -8.772694890465162 -2
      vertex -12.074578641046092 8.772694890465162 -2
      vertex -10.87985676426457 -10.216865555985676 -2
    endloop
  endfacet
  facet normal 0 0 -1
    outer loop
      vertex -9.513553046999194 -11.499910148428658 -2
      vertex -10.87985676426457 -10.216865555985676 -2
      vertex -10.87985676426457 10.216865555985676 -2
    endloop
  endfacet
  facet normal 0 0 -1
    outer loop
      vertex -9.513553046999194 -11.499910148428658 -2
      vertex -9.513553046999194 11.499910148428658 -2
      vertex -7.9972149150615275 -12.601594288117575 -2
    endloop
  endfacet
  facet normal 0 0 -1
    outer loop
      vertex -7.9972149150615275 -12.601594288117575 -2
      vertex -7.9972149150615275 12.601594288117575 -2
      vertex -6.354755926608706 -13.504543758055343 -2
    endloop
  endfacet
  facet normal 0 0 -1
    outer loop
      vertex -6.354755926608706 -13.504543758055343 -2
      vertex -6.354755926608711 13.504543758055341 -2
      vertex -4.61207864104609 -14.194518505705167 -2
    endloop
  endfacet
  facet normal 0 0 -1
    outer loop
      vertex -4.61207864104609 -14.194518505705167 -2
      vertex -4.61207864104609 14.194518505705167 -2
      vertex -2.796666120191943 -14.660637217125679 -2
    endloop
  endfacet
  facet normal 0 0 -1
    outer loop
      vertex -2.796666120191943 -14.660637217125679 -2
      vertex -2.7966661201919396 14.66063721712568 -2
      vertex -0.9371485039750079 -14.895548921791955 -2
    endloop
  endfacet
  facet normal 0 0 -1
    outer loop
      vertex -0.9371485039750079 -14.895548921791955 -2
      vertex -0.9371485039750007 14.895548921791955 -2
      vertex 0.9371485039750079 -14.895548921791955 -2
    endloop
  endfacet
  facet normal 0.996786429516027 -0.06271248653595439 -0.04983932147580098
    outer loop
      vertex -14.807311917118582 1.8705985109472383 -2
      vertex -15.075 0 -5
      vertex -14.956129122315753 1.8893984959818837 -5
    endloop
  endfacet
  facet normal 0.9810665120712089 -0.18714844623256774 -0.04983932147580103
    outer loop
      vertex -14.45610367984482 3.711696565935459 -2
      vertex -14.956129122315753 1.8893984959818837 -5
      vertex -14.601391154014113 3.7490000490101867 -5
    endloop
  endfacet
  facet normal 0.949874589670301 -0.3086329631350305 -0.04983932147580104
    outer loop
      vertex -13.876914051882153 5.494258948818818 -2
      vertex -14.601391154014113 3.7490000490101867 -5
      vertex -14.01638052476539 5.549477631721518 -5
    endloop
  endfacet
  facet normal 0.9037025775627164 -0.4252501538404592 -0.049839321475800884
    outer loop
      vertex -13.078877199654663 7.190173585968102 -2
      vertex -14.01638052476539 5.549477631721518 -5
      vertex -13.210323201661241 7.262436637083359 -5
    endloop
  endfacet
  facet normal 0.8432786359612163 -0.5351608955876936 -0.04983932147580079
    outer loop
      vertex -12.074578641046092 8.772694890465162 -2
      vertex -13.210323201661241 7.262436637083359 -5
      vertex -12.195931190202332 8.860862678309033 -5
    endloop
  endfacet
  facet normal 0.9967864295160269 -0.06271248653595456 -0.04983932147580087
    outer loop
      vertex -14.925 0 -2
      vertex -15.075 0 -5
      vertex -14.807311917118582 1.8705985109472383 -2
    endloop
  endfacet
  facet normal 0.9810665120712089 -0.18714844623256785 -0.049839321475800974
    outer loop
      vertex -14.807311917118582 1.8705985109472383 -2
      vertex -14.956129122315753 1.8893984959818837 -5
      vertex -14.45610367984482 3.711696565935459 -2
    endloop
  endfacet
  facet normal 0.949874589670301 -0.3086329631350306 -0.04983932147580104
    outer loop
      vertex -14.45610367984482 3.711696565935459 -2
      vertex -14.601391154014113 3.7490000490101867 -5
      vertex -13.876914051882153 5.494258948818818 -2
    endloop
  endfacet
  facet normal 0.9037025775627165 -0.42525015384045906 -0.049839321475801016
    outer loop
      vertex -13.876914051882153 5.494258948818818 -2
      vertex -14.01638052476539 5.549477631721518 -5
      vertex -13.078877199654663 7.190173585968102 -2
    endloop
  endfacet
  facet normal 0.8432786359612163 -0.5351608955876934 -0.049839321475800884
    outer loop
      vertex -13.078877199654663 7.190173585968102 -2
      vertex -13.210323201661241 7.262436637083359 -5
      vertex -12.074578641046092 8.772694890465162 -2
    endloop
  endfacet
  facet normal 0.7695556865203668 -0.6366318303218893 -0.049839321475800655
    outer loop
      vertex -10.87985676426457 10.216865555985676 -2
      vertex -12.195931190202332 8.860862678309033 -5
      vertex -10.98920205837778 10.319547621874978 -5
    endloop
  endfacet
  facet normal 0.6836963841928091 -0.7280627007864849 -0.04983932147580071
    outer loop
      vertex -10.87985676426457 10.216865555985676 -2
      vertex -10.98920205837778 10.319547621874978 -5
      vertex -9.609166645461496 11.615487134845024 -5
    endloop
  endfacet
  facet normal 0.5870547814661053 -0.808011587536104 -0.04983932147580052
    outer loop
      vertex -9.513553046999194 11.499910148428658 -2
      vertex -9.609166645461496 11.615487134845024 -5
      vertex -8.077588934308375 12.728243476942875 -5
    endloop
  endfacet
  facet normal 0.7695556865203668 -0.6366318303218891 -0.049839321475800794
    outer loop
      vertex -12.074578641046092 8.772694890465162 -2
      vertex -12.195931190202332 8.860862678309033 -5
      vertex -10.87985676426457 10.216865555985676 -2
    endloop
  endfacet
  facet normal 0.6836963841928092 -0.7280627007864847 -0.04983932147580051
    outer loop
      vertex -10.87985676426457 10.216865555985676 -2
      vertex -9.609166645461496 11.615487134845024 -5
      vertex -9.513553046999194 11.499910148428658 -2
    endloop
  endfacet
  facet normal 0.5870547814661052 -0.8080115875361041 -0.04983932147580058
    outer loop
      vertex -9.513553046999194 11.499910148428658 -2
      vertex -8.077588934308375 12.728243476942875 -5
      vertex -7.9972149150615275 12.601594288117575 -2
    endloop
  endfacet
  facet normal 0.48115497414615505 -0.8752176488675514 -0.049839321475800606
    outer loop
      vertex -7.9972149150615275 12.601594288117575 -2
      vertex -8.077588934308375 12.728243476942875 -5
      vertex -6.4186228203434705 13.640267815925244 -5
    endloop
  endfacet
  facet normal 0.36766706545586914 -0.9286210050466776 -0.04983932147580107
    outer loop
      vertex -6.354755926608711 13.504543758055341 -2
      vertex -6.4186228203434705 13.640267815925244 -5
      vertex -4.658431190202331 14.337176983149439 -5
    endloop
  endfacet
  facet normal 0.24838082750968674 -0.9673794532449173 -0.049839321475800814
    outer loop
      vertex -4.61207864104609 14.194518505705167 -2
      vertex -4.658431190202331 14.337176983149439 -5
      vertex -2.824773317379798 14.807980304734981 -5
    endloop
  endfacet
  facet normal 0.1251774755381616 -0.9908817495810108 -0.04983932147580041
    outer loop
      vertex -2.7966661201919396 14.66063721712568 -2
      vertex -2.824773317379798 14.807980304734981 -5
      vertex -0.9465670819043976 15.045252931056194 -5
    endloop
  endfacet
  facet normal 0 -0.998757248802146 -0.04983932147580077
    outer loop
      vertex -0.9371485039750007 14.895548921791955 -2
      vertex -0.9465670819043976 15.045252931056194 -5
      vertex 0.9465670819043971 15.045252931056194 -5
    endloop
  endfacet
  facet normal 0.4811549741461545 -0.8752176488675518 -0.04983932147580104
    outer loop
      vertex -7.9972149150615275 12.601594288117575 -2
      vertex -6.4186228203434705 13.640267815925244 -5
      vertex -6.354755926608711 13.504543758055341 -2
    endloop
  endfacet
  facet normal 0.3676670654558695 -0.9286210050466773 -0.04983932147580077
    outer loop
      vertex -6.354755926608711 13.504543758055341 -2
      vertex -4.658431190202331 14.337176983149439 -5
      vertex -4.61207864104609 14.194518505705167 -2
    endloop
  endfacet
  facet normal 0.2483808275096874 -0.9673794532449171 -0.04983932147580041
    outer loop
      vertex -4.61207864104609 14.194518505705167 -2
      vertex -2.824773317379798 14.807980304734981 -5
      vertex -2.7966661201919396 14.66063721712568 -2
    endloop
  endfacet
  facet normal 0.12517747553816103 -0.9908817495810107 -0.049839321475800766
    outer loop
      vertex -2.7966661201919396 14.66063721712568 -2
      vertex -0.9465670819043976 15.045252931056194 -5
      vertex -0.9371485039750007 14.895548921791955 -2
    endloop
  endfacet
  facet normal 0 0 -1
    outer loop
      vertex -14.807311917118582 -1.8705985109472383 -2
      vertex -14.925 0 -2
      vertex -14.807311917118582 1.8705985109472383 -2
    endloop
  endfacet
  facet normal 0 0 -1
    outer loop
      vertex -14.45610367984482 -3.711696565935459 -2
      vertex -14.807311917118582 1.8705985109472383 -2
      vertex -14.45610367984482 3.711696565935459 -2
    endloop
  endfacet
  facet normal 0 0 -1
    outer loop
      vertex -13.876914051882153 -5.494258948818818 -2
      vertex -14.45610367984482 3.711696565935459 -2
      vertex -13.876914051882153 5.494258948818818 -2
    endloop
  endfacet
  facet normal 0 0 -1
    outer loop
      vertex -13.078877199654663 -7.190173585968102 -2
      vertex -13.876914051882153 5.494258948818818 -2
      vertex -13.078877199654663 7.190173585968102 -2
    endloop
  endfacet
  facet normal 0 0 -1
    outer loop
      vertex -12.074578641046092 -8.772694890465162 -2
      vertex -13.078877199654663 7.190173585968102 -2
      vertex -12.074578641046092 8.772694890465162 -2
    endloop
  endfacet
  facet normal 0 0 -1
    outer loop
      vertex -10.87985676426457 -10.216865555985676 -2
      vertex -12.074578641046092 8.772694890465162 -2
      vertex -10.87985676426457 10.216865555985676 -2
    endloop
  endfacet
  facet normal 0 0 -1
    outer loop
      vertex -9.513553046999194 -11.499910148428658 -2
      vertex -10.87985676426457 10.216865555985676 -2
      vertex -9.513553046999194 11.499910148428658 -2
    endloop
  endfacet
  facet normal 0 0 -1
    outer loop
      vertex -7.9972149150615275 -12.601594288117575 -2
      vertex -9.513553046999194 11.499910148428658 -2
      vertex -7.9972149150615275 12.601594288117575 -2
    endloop
  endfacet
  facet normal 0 0 -1
    outer loop
      vertex -6.354755926608706 -13.504543758055343 -2
      vertex -7.9972149150615275 12.601594288117575 -2
      vertex -6.354755926608711 13.504543758055341 -2
    endloop
  endfacet
  facet normal 0 0 -1
    outer loop
      vertex -4.61207864104609 -14.194518505705167 -2
      vertex -6.354755926608711 13.504543758055341 -2
      vertex -4.61207864104609 14.194518505705167 -2
    endloop
  endfacet
  facet normal 0 0 -1
    outer loop
      vertex -2.796666120191943 -14.660637217125679 -2
      vertex -4.61207864104609 14.194518505705167 -2
      vertex -2.7966661201919396 14.66063721712568 -2
    endloop
  endfacet
  facet normal 0 0 -1
    outer loop
      vertex -0.9371485039750079 -14.895548921791955 -2
      vertex -2.7966661201919396 14.66063721712568 -2
      vertex -0.9371485039750007 14.895548921791955 -2
    endloop
  endfacet
  facet normal 0 0.998757248802146 -0.04983932147580077
    outer loop
      vertex 0.9371485039750079 -14.895548921791955 -2
      vertex 0.946567081904405 -15.045252931056194 -5
      vertex -0.946567081904405 -15.045252931056194 -5
    endloop
  endfacet
  facet normal -0.12517747553816186 0.9908817495810106 -0.04983932147580101
    outer loop
      vertex 2.796666120191943 -14.660637217125679 -2
      vertex 2.8247733173798015 -14.807980304734981 -5
      vertex 0.946567081904405 -15.045252931056194 -5
    endloop
  endfacet
  facet normal -0.2483808275096872 0.9673794532449171 -0.04983932147580082
    outer loop
      vertex 4.61207864104609 -14.194518505705167 -2
      vertex 4.658431190202331 -14.337176983149439 -5
      vertex 2.8247733173798015 -14.807980304734981 -5
    endloop
  endfacet
  facet normal -0.3676670654558689 0.9286210050466776 -0.049839321475801175
    outer loop
      vertex 6.354755926608706 -13.504543758055343 -2
      vertex 6.418622820343467 -13.640267815925245 -5
      vertex 4.658431190202331 -14.337176983149439 -5
    endloop
  endfacet
  facet normal -0.48115497414615443 0.8752176488675518 -0.04983932147580141
    outer loop
      vertex 7.997214915061519 -12.601594288117578 -2
      vertex 8.077588934308368 -12.72824347694288 -5
      vertex 6.418622820343467 -13.640267815925245 -5
    endloop
  endfacet
  facet normal -0.1251774755381622 0.9908817495810106 -0.04983932147580077
    outer loop
      vertex 0.9371485039750079 -14.895548921791955 -2
      vertex 2.796666120191943 -14.660637217125679 -2
      vertex 0.946567081904405 -15.045252931056194 -5
    endloop
  endfacet
  facet normal -0.24838082750968696 0.9673794532449171 -0.04983932147580099
    outer loop
      vertex 2.796666120191943 -14.660637217125679 -2
      vertex 4.61207864104609 -14.194518505705167 -2
      vertex 2.8247733173798015 -14.807980304734981 -5
    endloop
  endfacet
  facet normal -0.36766706545586947 0.9286210050466772 -0.04983932147580079
    outer loop
      vertex 4.61207864104609 -14.194518505705167 -2
      vertex 6.354755926608706 -13.504543758055343 -2
      vertex 4.658431190202331 -14.337176983149439 -5
    endloop
  endfacet
  facet normal -0.48115497414615477 0.8752176488675517 -0.04983932147580119
    outer loop
      vertex 6.354755926608706 -13.504543758055343 -2
      vertex 7.997214915061519 -12.601594288117578 -2
      vertex 6.418622820343467 -13.640267815925245 -5
    endloop
  endfacet
  facet normal -0.5870547814661058 0.8080115875361036 -0.049839321475800856
    outer loop
      vertex 9.513553046999197 -11.499910148428652 -2
      vertex 9.609166645461501 -11.615487134845019 -5
      vertex 8.077588934308368 -12.72824347694288 -5
    endloop
  endfacet
  facet normal -0.683696384192809 0.728062700786485 -0.049839321475800696
    outer loop
      vertex 10.87985676426457 -10.216865555985676 -2
      vertex 10.98920205837778 -10.319547621874978 -5
      vertex 9.609166645461501 -11.615487134845019 -5
    endloop
  endfacet
  facet normal -0.7695556865203668 0.6366318303218893 -0.049839321475800655
    outer loop
      vertex 10.87985676426457 -10.216865555985676 -2
      vertex 12.195931190202332 -8.860862678309033 -5
      vertex 10.98920205837778 -10.319547621874978 -5
    endloop
  endfacet
  facet normal -0.587054781466105 0.808011587536104 -0.0498393214758014
    outer loop
      vertex 7.997214915061519 -12.601594288117578 -2
      vertex 9.513553046999197 -11.499910148428652 -2
      vertex 8.077588934308368 -12.72824347694288 -5
    endloop
  endfacet
  facet normal -0.6836963841928088 0.7280627007864853 -0.04983932147580094
    outer loop
      vertex 9.513553046999197 -11.499910148428652 -2
      vertex 10.87985676426457 -10.216865555985676 -2
      vertex 9.609166645461501 -11.615487134845019 -5
    endloop
  endfacet
  facet normal -0.7695556865203668 0.6366318303218891 -0.049839321475800794
    outer loop
      vertex 10.87985676426457 -10.216865555985676 -2
      vertex 12.074578641046092 -8.772694890465162 -2
      vertex 12.195931190202332 -8.860862678309033 -5
    endloop
  endfacet
  facet normal -0.8432786359612163 0.5351608955876936 -0.04983932147580079
    outer loop
      vertex 12.074578641046092 -8.772694890465162 -2
      vertex 13.210323201661241 -7.262436637083359 -5
      vertex 12.195931190202332 -8.860862678309033 -5
    endloop
  endfacet
  facet normal -0.9037025775627163 0.4252501538404593 -0.049839321475800884
    outer loop
      vertex 13.078877199654663 -7.190173585968102 -2
      vertex 14.016380524765387 -5.549477631721526 -5
      vertex 13.210323201661241 -7.262436637083359 -5
    endloop
  endfacet
  facet normal -0.9498745896703009 0.3086329631350309 -0.04983932147580058
    outer loop
      vertex 13.876914051882151 -5.494258948818825 -2
      vertex 14.601391154014115 -3.7490000490101805 -5
      vertex 14.016380524765387 -5.549477631721526 -5
    endloop
  endfacet
  facet normal -0.981066512071209 0.1871484462325675 -0.04983932147580104
    outer loop
      vertex 14.456103679844821 -3.7116965659354526 -2
      vertex 14.956129122315753 -1.8893984959818837 -5
      vertex 14.601391154014115 -3.7490000490101805 -5
    endloop
  endfacet
  facet normal -0.996786429516027 0.06271248653595439 -0.04983932147580098
    outer loop
      vertex 14.807311917118582 -1.8705985109472383 -2
      vertex 15.075 0 -5
      vertex 14.956129122315753 -1.8893984959818837 -5
    endloop
  endfacet
  facet normal -0.8432786359612163 0.5351608955876934 -0.0498393214758009
    outer loop
      vertex 12.074578641046092 -8.772694890465162 -2
      vertex 13.078877199654663 -7.190173585968102 -2
      vertex 13.210323201661241 -7.262436637083359 -5
    endloop
  endfacet
  facet normal -0.9037025775627162 0.4252501538404597 -0.0498393214758006
    outer loop
      vertex 13.078877199654663 -7.190173585968102 -2
      vertex 13.876914051882151 -5.494258948818825 -2
      vertex 14.016380524765387 -5.549477631721526 -5
    endloop
  endfacet
  facet normal -0.949874589670301 0.30863296313503014 -0.04983932147580101
    outer loop
      vertex 13.876914051882151 -5.494258948818825 -2
      vertex 14.456103679844821 -3.7116965659354526 -2
      vertex 14.601391154014115 -3.7490000490101805 -5
    endloop
  endfacet
  facet normal -0.981066512071209 0.18714844623256757 -0.04983932147580098
    outer loop
      vertex 14.456103679844821 -3.7116965659354526 -2
      vertex 14.807311917118582 -1.8705985109472383 -2
      vertex 14.956129122315753 -1.8893984959818837 -5
    endloop
  endfacet
  facet normal -0.9967864295160269 0.06271248653595456 -0.04983932147580087
    outer loop
      vertex 14.807311917118582 -1.8705985109472383 -2
      vertex 14.925 0 -2
      vertex 15.075 0 -5
    endloop
  endfacet
  facet normal 0 0 -1
    outer loop
      vertex 0.9371485039750079 -14.895548921791955 -2
      vertex 0.9371485039750007 14.895548921791955 -2
      vertex 2.796666120191943 -14.660637217125679 -2
    endloop
  endfacet
  facet normal 0 0 -1
    outer loop
      vertex 2.796666120191943 -14.660637217125679 -2
      vertex 2.7966661201919396 14.66063721712568 -2
      vertex 4.61207864104609 -14.194518505705167 -2
    endloop
  endfacet
  facet normal 0 0 -1
    outer loop
      vertex 4.61207864104609 -14.194518505705167 -2
      vertex 4.61207864104609 14.194518505705167 -2
      vertex 6.354755926608706 -13.504543758055343 -2
    endloop
  endfacet
  facet normal 0 0 -1
    outer loop
      vertex 6.354755926608706 -13.504543758055343 -2
      vertex 6.354755926608711 13.504543758055341 -2
      vertex 7.997214915061519 -12.601594288117578 -2
    endloop
  endfacet
  facet normal 0 0 -1
    outer loop
      vertex 7.997214915061519 -12.601594288117578 -2
      vertex 7.997214915061526 12.601594288117576 -2
      vertex 9.513553046999197 -11.499910148428652 -2
    endloop
  endfacet
  facet normal 0 0 -1
    outer loop
      vertex 9.513553046999197 -11.499910148428652 -2
      vertex 9.513553046999196 11.499910148428654 -2
      vertex 10.87985676426457 -10.216865555985676 -2
    endloop
  endfacet
  facet normal 0 0 -1
    outer loop
      vertex 10.87985676426457 -10.216865555985676 -2
      vertex 10.879856764264568 10.21686555598568 -2
      vertex 12.074578641046092 -8.772694890465162 -2
    endloop
  endfacet
  facet normal 0 0 -1
    outer loop
      vertex 12.074578641046092 -8.772694890465162 -2
      vertex 12.074578641046092 8.772694890465162 -2
      vertex 13.078877199654663 -7.190173585968102 -2
    endloop
  endfacet
  facet normal 0 0 -1
    outer loop
      vertex 13.078877199654663 -7.190173585968102 -2
      vertex 13.078877199654665 7.190173585968101 -2
      vertex 13.876914051882151 -5.494258948818825 -2
    endloop
  endfacet
  facet normal 0 0 -1
    outer loop
      vertex 13.876914051882151 -5.494258948818825 -2
      vertex 13.876914051882151 5.494258948818819 -2
      vertex 14.456103679844821 -3.7116965659354526 -2
    endloop
  endfacet
  facet normal 0 0 -1
    outer loop
      vertex 14.456103679844821 -3.7116965659354526 -2
      vertex 14.45610367984482 3.711696565935458 -2
      vertex 14.807311917118582 -1.8705985109472383 -2
    endloop
  endfacet
  facet normal -0.12517747553816153 -0.9908817495810106 -0.049839321475800405
    outer loop
      vertex 2.7966661201919396 14.66063721712568 -2
      vertex 0.9465670819043971 15.045252931056194 -5
      vertex 2.824773317379798 14.807980304734981 -5
    endloop
  endfacet
  facet normal -0.24838082750968674 -0.9673794532449173 -0.049839321475800814
    outer loop
      vertex 4.61207864104609 14.194518505705167 -2
      vertex 2.824773317379798 14.807980304734981 -5
      vertex 4.658431190202331 14.337176983149439 -5
    endloop
  endfacet
  facet normal -0.36766706545586914 -0.9286210050466776 -0.04983932147580107
    outer loop
      vertex 6.354755926608711 13.504543758055341 -2
      vertex 4.658431190202331 14.337176983149439 -5
      vertex 6.4186228203434705 13.640267815925244 -5
    endloop
  endfacet
  facet normal -0.4811549741461543 -0.8752176488675518 -0.049839321475800884
    outer loop
      vertex 7.997214915061526 12.601594288117576 -2
      vertex 6.4186228203434705 13.640267815925244 -5
      vertex 8.077588934308375 12.728243476942877 -5
    endloop
  endfacet
  facet normal 0 -0.998757248802146 -0.04983932147580078
    outer loop
      vertex -0.9371485039750007 14.895548921791955 -2
      vertex 0.9465670819043971 15.045252931056194 -5
      vertex 0.9371485039750007 14.895548921791955 -2
    endloop
  endfacet
  facet normal -0.12517747553816103 -0.9908817495810107 -0.049839321475800745
    outer loop
      vertex 0.9371485039750007 14.895548921791955 -2
      vertex 0.9465670819043971 15.045252931056194 -5
      vertex 2.7966661201919396 14.66063721712568 -2
    endloop
  endfacet
  facet normal -0.2483808275096874 -0.9673794532449171 -0.04983932147580042
    outer loop
      vertex 2.7966661201919396 14.66063721712568 -2
      vertex 2.824773317379798 14.807980304734981 -5
      vertex 4.61207864104609 14.194518505705167 -2
    endloop
  endfacet
  facet normal -0.3676670654558695 -0.9286210050466773 -0.04983932147580079
    outer loop
      vertex 4.61207864104609 14.194518505705167 -2
      vertex 4.658431190202331 14.337176983149439 -5
      vertex 6.354755926608711 13.504543758055341 -2
    endloop
  endfacet
  facet normal -0.48115497414615416 -0.875217648867552 -0.04983932147580105
    outer loop
      vertex 6.354755926608711 13.504543758055341 -2
      vertex 6.4186228203434705 13.640267815925244 -5
      vertex 7.997214915061526 12.601594288117576 -2
    endloop
  endfacet
  facet normal -0.843278635961216 -0.5351608955876941 -0.04983932147580077
    outer loop
      vertex 12.074578641046092 8.772694890465162 -2
      vertex 12.195931190202332 8.860862678309033 -5
      vertex 13.210323201661243 7.262436637083358 -5
    endloop
  endfacet
  facet normal -0.9810665120712089 -0.18714844623256816 -0.04983932147580105
    outer loop
      vertex 14.45610367984482 3.711696565935458 -2
      vertex 14.601391154014113 3.749000049010186 -5
      vertex 14.956129122315753 1.8893984959818866 -5
    endloop
  endfacet
  facet normal -0.996786429516027 -0.06271248653595429 -0.049839321475800884
    outer loop
      vertex 14.925 0 -2
      vertex 14.956129122315753 1.8893984959818866 -5
      vertex 15.075 0 -5
    endloop
  endfacet
  facet normal -0.9498745896703008 -0.30863296313503097 -0.049839321475801036
    outer loop
      vertex 13.876914051882151 5.494258948818819 -2
      vertex 14.016380524765388 5.54947763172152 -5
      vertex 14.601391154014113 3.749000049010186 -5
    endloop
  endfacet
  facet normal -0.9037025775627169 -0.42525015384045817 -0.04983932147580089
    outer loop
      vertex 13.078877199654665 7.190173585968101 -2
      vertex 13.210323201661243 7.262436637083358 -5
      vertex 14.016380524765388 5.54947763172152 -5
    endloop
  endfacet
  facet normal -0.9810665120712089 -0.18714844623256824 -0.049839321475800974
    outer loop
      vertex 14.807311917118582 1.8705985109472412 -2
      vertex 14.45610367984482 3.711696565935458 -2
      vertex 14.956129122315753 1.8893984959818866 -5
    endloop
  endfacet
  facet normal -0.996786429516027 -0.06271248653595446 -0.04983932147580098
    outer loop
      vertex 14.925 0 -2
      vertex 14.807311917118582 1.8705985109472412 -2
      vertex 14.956129122315753 1.8893984959818866 -5
    endloop
  endfacet
  facet normal -0.903702577562717 -0.425250153840458 -0.04983932147580102
    outer loop
      vertex 13.078877199654665 7.190173585968101 -2
      vertex 14.016380524765388 5.54947763172152 -5
      vertex 13.876914051882151 5.494258948818819 -2
    endloop
  endfacet
  facet normal -0.9498745896703008 -0.30863296313503097 -0.04983932147580102
    outer loop
      vertex 14.45610367984482 3.711696565935458 -2
      vertex 13.876914051882151 5.494258948818819 -2
      vertex 14.601391154014113 3.749000049010186 -5
    endloop
  endfacet
  facet normal -0.843278635961216 -0.5351608955876939 -0.04983932147580088
    outer loop
      vertex 13.078877199654665 7.190173585968101 -2
      vertex 12.074578641046092 8.772694890465162 -2
      vertex 13.210323201661243 7.262436637083358 -5
    endloop
  endfacet
  facet normal -0.5870547814661067 -0.808011587536103 -0.049839321475800516
    outer loop
      vertex 9.513553046999196 11.499910148428654 -2
      vertex 8.077588934308375 12.728243476942877 -5
      vertex 9.609166645461498 11.61548713484502 -5
    endloop
  endfacet
  facet normal -0.6836963841928079 -0.7280627007864858 -0.04983932147580069
    outer loop
      vertex 10.879856764264568 10.21686555598568 -2
      vertex 9.609166645461498 11.61548713484502 -5
      vertex 10.989202058377778 10.319547621874982 -5
    endloop
  endfacet
  facet normal -0.7695556865203669 -0.6366318303218889 -0.04983932147580065
    outer loop
      vertex 10.879856764264568 10.21686555598568 -2
      vertex 10.989202058377778 10.319547621874982 -5
      vertex 12.195931190202332 8.860862678309033 -5
    endloop
  endfacet
  facet normal -0.5870547814661061 -0.8080115875361034 -0.04983932147580092
    outer loop
      vertex 7.997214915061526 12.601594288117576 -2
      vertex 8.077588934308375 12.728243476942877 -5
      vertex 9.513553046999196 11.499910148428654 -2
    endloop
  endfacet
  facet normal -0.6836963841928082 -0.7280627007864857 -0.049839321475800516
    outer loop
      vertex 10.879856764264568 10.21686555598568 -2
      vertex 9.513553046999196 11.499910148428654 -2
      vertex 9.609166645461498 11.61548713484502 -5
    endloop
  endfacet
  facet normal -0.7695556865203672 -0.6366318303218887 -0.049839321475800814
    outer loop
      vertex 10.879856764264568 10.21686555598568 -2
      vertex 12.195931190202332 8.860862678309033 -5
      vertex 12.074578641046092 8.772694890465162 -2
    endloop
  endfacet
  facet normal 0 0 -1
    outer loop
      vertex -0.9371485039750007 14.895548921791955 -2
      vertex 0.9371485039750007 14.895548921791955 -2
      vertex 0.9371485039750079 -14.895548921791955 -2
    endloop
  endfacet
  facet normal 0 0 -1
    outer loop
      vertex 2.796666120191943 -14.660637217125679 -2
      vertex 0.9371485039750007 14.895548921791955 -2
      vertex 2.7966661201919396 14.66063721712568 -2
    endloop
  endfacet
  facet normal 0 0 -1
    outer loop
      vertex 4.61207864104609 -14.194518505705167 -2
      vertex 2.7966661201919396 14.66063721712568 -2
      vertex 4.61207864104609 14.194518505705167 -2
    endloop
  endfacet
  facet normal 0 0 -1
    outer loop
      vertex 6.354755926608706 -13.504543758055343 -2
      vertex 4.61207864104609 14.194518505705167 -2
      vertex 6.354755926608711 13.504543758055341 -2
    endloop
  endfacet
  facet normal 0 0 -1
    outer loop
      vertex 7.997214915061519 -12.601594288117578 -2
      vertex 6.354755926608711 13.504543758055341 -2
      vertex 7.997214915061526 12.601594288117576 -2
    endloop
  endfacet
  facet normal 0 0 -1
    outer loop
      vertex 9.513553046999197 -11.499910148428652 -2
      vertex 7.997214915061526 12.601594288117576 -2
      vertex 9.513553046999196 11.499910148428654 -2
    endloop
  endfacet
  facet normal 0 0 -1
    outer loop
      vertex 10.87985676426457 -10.216865555985676 -2
      vertex 9.513553046999196 11.499910148428654 -2
      vertex 10.879856764264568 10.21686555598568 -2
    endloop
  endfacet
  facet normal 0 0 -1
    outer loop
      vertex 12.074578641046092 -8.772694890465162 -2
      vertex 10.879856764264568 10.21686555598568 -2
      vertex 12.074578641046092 8.772694890465162 -2
    endloop
  endfacet
  facet normal 0 0 -1
    outer loop
      vertex 13.078877199654663 -7.190173585968102 -2
      vertex 12.074578641046092 8.772694890465162 -2
      vertex 13.078877199654665 7.190173585968101 -2
    endloop
  endfacet
  facet normal 0 0 -1
    outer loop
      vertex 14.807311917118582 -1.8705985109472383 -2
      vertex 14.807311917118582 1.8705985109472412 -2
      vertex 14.925 0 -2
    endloop
  endfacet
  facet normal 0 0 -1
    outer loop
      vertex 14.456103679844821 -3.7116965659354526 -2
      vertex 13.876914051882151 5.494258948818819 -2
      vertex 14.45610367984482 3.711696565935458 -2
    endloop
  endfacet
  facet normal 0 0 -1
    outer loop
      vertex 14.807311917118582 -1.8705985109472383 -2
      vertex 14.45610367984482 3.711696565935458 -2
      vertex 14.807311917118582 1.8705985109472412 -2
    endloop
  endfacet
  facet normal 0 0 -1
    outer loop
      vertex 13.876914051882151 -5.494258948818825 -2
      vertex 13.078877199654665 7.190173585968101 -2
      vertex 13.876914051882151 5.494258948818819 -2
    endloop
  endfacet
  facet normal 0.765832833642923 0.6430397117709379 0
    outer loop
      vertex -2.7079908177256584 -4.513197958469391 -1
      vertex -2.7079908177256584 -4.513197958469391 0
      vertex -2.563370406627655 -4.685434691607952 -1
    endloop
  endfacet
  facet normal 0.8303459294373573 0.5572482727356016 0
    outer loop
      vertex -2.833517350256443 -4.326153062283993 -1
      vertex -2.833517350256443 -4.326153062283993 0
      vertex -2.7079908177256584 -4.513197958469391 -1
    endloop
  endfacet
  facet normal 0.6151123566888413 0.7884394641624045 0
    outer loop
      vertex -2.3996561244130135 -4.8428632616996765 -1
      vertex -2.3996561244130135 -4.8428632616996765 0
      vertex -2.2168479561805725 -4.985483676195145 -1
    endloop
  endfacet
  facet normal 0.534875705497102 0.8449307543633251 0
    outer loop
      vertex -2.2168479561805725 -4.985483676195145 -1
      vertex -2.2168479561805725 -4.985483676195145 0
      vertex -2.0149459168314934 -5.113295920193195 -1
    endloop
  endfacet
  facet normal 0.6931338602557476 0.7208088871309549 0
    outer loop
      vertex -2.3996561244130135 -4.8428632616996765 -1
      vertex -2.563370406627655 -4.685434691607952 -1
      vertex -2.563370406627655 -4.685434691607952 0
    endloop
  endfacet
  facet normal 0 0 1
    outer loop
      vertex -2.3996561244130135 -4.8428632616996765 -1
      vertex -0.4647499993443489 -3.459799997508526 -1
      vertex -2.563370406627655 -4.685434691607952 -1
    endloop
  endfacet
  facet normal 0 0 1
    outer loop
      vertex -2.3996561244130135 -4.8428632616996765 -1
      vertex -2.2168479561805725 -4.985483676195145 -1
      vertex -0.4647499993443489 -3.459799997508526 -1
    endloop
  endfacet
  facet normal 0 0 1
    outer loop
      vertex -1.5582581609487534 -5.324330613017082 -1
      vertex -1.31232550740242 -5.407279588282108 -1
      vertex -0.39222755283117294 -3.678983673453331 -1
    endloop
  endfacet
  facet normal 0 0 1
    outer loop
      vertex -2.2168479561805725 -4.985483676195145 -1
      vertex -2.0149459168314934 -5.113295920193195 -1
      vertex -0.4359622448682785 -3.5785244926810265 -1
    endloop
  endfacet
  facet normal 0 0 1
    outer loop
      vertex -2.0149459168314934 -5.113295920193195 -1
      vertex -1.7939499989151955 -5.226300001144409 -1
      vertex -0.4359622448682785 -3.5785244926810265 -1
    endloop
  endfacet
  facet normal 0 0 1
    outer loop
      vertex -1.7939499989151955 -5.226300001144409 -1
      vertex -1.5582581609487534 -5.324330613017082 -1
      vertex -0.39222755283117294 -3.678983673453331 -1
    endloop
  endfacet
  facet normal 0 0 1
    outer loop
      vertex -1.31232550740242 -5.407279588282108 -1
      vertex -1.0561520382761955 -5.475146941840649 -1
      vertex -0.33354591578245163 -3.7611775547266006 -1
    endloop
  endfacet
  facet normal 0 0 1
    outer loop
      vertex -1.0561520382761955 -5.475146941840649 -1
      vertex -0.7897377535700798 -5.5279326513409615 -1
      vertex -0.25991734862327576 -3.8251061215996742 -1
    endloop
  endfacet
  facet normal 0 0 1
    outer loop
      vertex -1.31232550740242 -5.407279588282108 -1
      vertex -0.33354591578245163 -3.7611775547266006 -1
      vertex -0.39222755283117294 -3.678983673453331 -1
    endloop
  endfacet
  facet normal 0 0 1
    outer loop
      vertex -1.0561520382761955 -5.475146941840649 -1
      vertex -0.25991734862327576 -3.8251061215996742 -1
      vertex -0.33354591578245163 -3.7611775547266006 -1
    endloop
  endfacet
  facet normal 0 0 1
    outer loop
      vertex -0.7897377535700798 -5.5279326513409615 -1
      vertex -0.5130826532840729 -5.565636731684208 -1
      vertex -0.17134183645248413 -3.870769388973713 -1
    endloop
  endfacet
  facet normal 0 0 1
    outer loop
      vertex -0.5130826532840729 -5.565636731684208 -1
      vertex -0.22618673741817474 -5.588259182870388 -1
      vertex -0.06781938672065735 -3.898167349398136 -1
    endloop
  endfacet
  facet normal 0 0 1
    outer loop
      vertex -0.22618673741817474 -5.588259182870388 -1
      vertex 0.07095000147819519 -5.595799997448921 -1
      vertex 0.05065000057220459 -3.907300002872944 -1
    endloop
  endfacet
  facet normal 0 0 1
    outer loop
      vertex -0.7897377535700798 -5.5279326513409615 -1
      vertex -0.17134183645248413 -3.870769388973713 -1
      vertex -0.25991734862327576 -3.8251061215996742 -1
    endloop
  endfacet
  facet normal 0 0 1
    outer loop
      vertex -0.5130826532840729 -5.565636731684208 -1
      vertex -0.06781938672065735 -3.898167349398136 -1
      vertex -0.17134183645248413 -3.870769388973713 -1
    endloop
  endfacet
  facet normal 0 0 1
    outer loop
      vertex -0.22618673741817474 -5.588259182870388 -1
      vertex 0.05065000057220459 -3.907300002872944 -1
      vertex -0.06781938672065735 -3.898167349398136 -1
    endloop
  endfacet
  facet normal 0.3195942943979537 0.9475544770556857 0
    outer loop
      vertex -1.5582581609487534 -5.324330613017082 -1
      vertex -1.5582581609487534 -5.324330613017082 0
      vertex -1.31232550740242 -5.407279588282108 -1
    endloop
  endfacet
  facet normal 0.2560926019441614 0.966652253516987 0
    outer loop
      vertex -1.31232550740242 -5.407279588282108 -1
      vertex -1.31232550740242 -5.407279588282108 0
      vertex -1.0561520382761955 -5.475146941840649 -1
    endloop
  endfacet
  facet normal 0.4552727237513333 0.8903520354376926 0
    outer loop
      vertex -2.0149459168314934 -5.113295920193195 -1
      vertex -2.0149459168314934 -5.113295920193195 0
      vertex -1.7939499989151955 -5.226300001144409 -1
    endloop
  endfacet
  facet normal 0.3840334303151321 0.9233191887968064 0
    outer loop
      vertex -1.7939499989151955 -5.226300001144409 -1
      vertex -1.7939499989151955 -5.226300001144409 0
      vertex -1.5582581609487534 -5.324330613017082 -1
    endloop
  endfacet
  facet normal 0.19435573733778408 0.9809311124456632 0
    outer loop
      vertex -1.0561520382761955 -5.475146941840649 -1
      vertex -1.0561520382761955 -5.475146941840649 0
      vertex -0.7897377535700798 -5.5279326513409615 -1
    endloop
  endfacet
  facet normal 0.13503720290238613 0.9908405289612955 0
    outer loop
      vertex -0.7897377535700798 -5.5279326513409615 -1
      vertex -0.7897377535700798 -5.5279326513409615 0
      vertex -0.5130826532840729 -5.565636731684208 -1
    endloop
  endfacet
  facet normal 0.07860846486997632 0.996905566867186 0
    outer loop
      vertex -0.5130826532840729 -5.565636731684208 -1
      vertex -0.5130826532840729 -5.565636731684208 0
      vertex -0.22618673741817474 -5.588259182870388 -1
    endloop
  endfacet
  facet normal 0.02537009534536381 0.9996781273300758 0
    outer loop
      vertex -0.22618673741817474 -5.588259182870388 -1
      vertex -0.22618673741817474 -5.588259182870388 0
      vertex 0.07095000147819519 -5.595799997448921 -1
    endloop
  endfacet
  facet normal 0.8845672319941633 0.46641270574694266 0
    outer loop
      vertex -2.833517350256443 -4.326153062283993 -1
      vertex -2.9399499967694283 -4.124300003051758 0
      vertex -2.833517350256443 -4.326153062283993 0
    endloop
  endfacet
  facet normal 0.8303459294373573 0.5572482727356016 0
    outer loop
      vertex -2.7079908177256584 -4.513197958469391 -1
      vertex -2.833517350256443 -4.326153062283993 0
      vertex -2.7079908177256584 -4.513197958469391 0
    endloop
  endfacet
  facet normal 0.6931338602557476 0.7208088871309549 0
    outer loop
      vertex -2.3996561244130135 -4.8428632616996765 -1
      vertex -2.563370406627655 -4.685434691607952 0
      vertex -2.3996561244130135 -4.8428632616996765 0
    endloop
  endfacet
  facet normal 0.6151123566888413 0.7884394641624045 0
    outer loop
      vertex -2.2168479561805725 -4.985483676195145 -1
      vertex -2.3996561244130135 -4.8428632616996765 0
      vertex -2.2168479561805725 -4.985483676195145 0
    endloop
  endfacet
  facet normal 0.765832833642923 0.6430397117709379 0
    outer loop
      vertex -2.563370406627655 -4.685434691607952 -1
      vertex -2.7079908177256584 -4.513197958469391 0
      vertex -2.563370406627655 -4.685434691607952 0
    endloop
  endfacet
  facet normal 0.3195942943979537 0.9475544770556857 0
    outer loop
      vertex -1.31232550740242 -5.407279588282108 -1
      vertex -1.5582581609487534 -5.324330613017082 0
      vertex -1.31232550740242 -5.407279588282108 0
    endloop
  endfacet
  facet normal 0.2560926019441614 0.966652253516987 0
    outer loop
      vertex -1.0561520382761955 -5.475146941840649 -1
      vertex -1.31232550740242 -5.407279588282108 0
      vertex -1.0561520382761955 -5.475146941840649 0
    endloop
  endfacet
  facet normal 0.534875705497102 0.8449307543633251 0
    outer loop
      vertex -2.0149459168314934 -5.113295920193195 -1
      vertex -2.2168479561805725 -4.985483676195145 0
      vertex -2.0149459168314934 -5.113295920193195 0
    endloop
  endfacet
  facet normal 0.4552727237513333 0.8903520354376926 0
    outer loop
      vertex -1.7939499989151955 -5.226300001144409 -1
      vertex -2.0149459168314934 -5.113295920193195 0
      vertex -1.7939499989151955 -5.226300001144409 0
    endloop
  endfacet
  facet normal 0.3840334303151321 0.9233191887968064 0
    outer loop
      vertex -1.5582581609487534 -5.324330613017082 -1
      vertex -1.7939499989151955 -5.226300001144409 0
      vertex -1.5582581609487534 -5.324330613017082 0
    endloop
  endfacet
  facet normal 0.19435573733778408 0.9809311124456632 0
    outer loop
      vertex -0.7897377535700798 -5.5279326513409615 -1
      vertex -1.0561520382761955 -5.475146941840649 0
      vertex -0.7897377535700798 -5.5279326513409615 0
    endloop
  endfacet
  facet normal 0.13503720290238613 0.9908405289612955 0
    outer loop
      vertex -0.5130826532840729 -5.565636731684208 -1
      vertex -0.7897377535700798 -5.5279326513409615 0
      vertex -0.5130826532840729 -5.565636731684208 0
    endloop
  endfacet
  facet normal 0.07860846486997632 0.996905566867186 0
    outer loop
      vertex -0.22618673741817474 -5.588259182870388 -1
      vertex -0.5130826532840729 -5.565636731684208 0
      vertex -0.22618673741817474 -5.588259182870388 0
    endloop
  endfacet
  facet normal 0.02537009534536381 0.9996781273300758 0
    outer loop
      vertex 0.07095000147819519 -5.595799997448921 -1
      vertex -0.22618673741817474 -5.588259182870388 0
      vertex 0.07095000147819519 -5.595799997448921 0
    endloop
  endfacet
  facet normal 0 0 1
    outer loop
      vertex -2.9399499967694283 -4.124300003051758 -1
      vertex -0.4845418334007263 -3.319320410490036 -1
      vertex -3.029888778924942 -3.898712247610092 -1
    endloop
  endfacet
  facet normal 0 0 1
    outer loop
      vertex -3.029888778924942 -3.898712247610092 -1
      vertex -0.4845418334007263 -3.319320410490036 -1
      vertex -3.105990819633007 -3.640463262796402 -1
    endloop
  endfacet
  facet normal 0 0 1
    outer loop
      vertex -3.105990819633007 -3.640463262796402 -1
      vertex -0.5012887790799141 -3.153653062880039 -1
      vertex -3.1682561188936234 -3.3495530635118484 -1
    endloop
  endfacet
  facet normal 0 0 1
    outer loop
      vertex -3.1682561188936234 -3.3495530635118484 -1
      vertex -0.5149908140301704 -2.962797962129116 -1
      vertex -3.216684691607952 -3.0259816348552704 -1
    endloop
  endfacet
  facet normal 0 0 1
    outer loop
      vertex -3.216684691607952 -3.0259816348552704 -1
      vertex -0.5256479606032372 -2.746755100786686 -1
      vertex -3.2512765303254128 -2.669748976826668 -1
    endloop
  endfacet
  facet normal 0 0 1
    outer loop
      vertex -3.2512765303254128 -2.669748976826668 -1
      vertex -0.533260203897953 -2.5055244863033295 -1
      vertex -3.2720316350460052 -2.280855104327202 -1
    endloop
  endfacet
  facet normal 0.988984341258189 0.148020176820952 0
    outer loop
      vertex -3.1682561188936234 -3.3495530635118484 -1
      vertex -3.216684691607952 -3.0259816348552704 -1
      vertex -3.216684691607952 -3.0259816348552704 0
    endloop
  endfacet
  facet normal 0.9953184279846417 0.0966500228359095 0
    outer loop
      vertex -3.216684691607952 -3.0259816348552704 -1
      vertex -3.2512765303254128 -2.669748976826668 -1
      vertex -3.2512765303254128 -2.669748976826668 0
    endloop
  endfacet
  facet normal 0.9985788788082932 0.053293740701626596 0
    outer loop
      vertex -3.2512765303254128 -2.669748976826668 -1
      vertex -3.2720316350460052 -2.280855104327202 -1
      vertex -3.2720316350460052 -2.280855104327202 0
    endloop
  endfacet
  facet normal 0.9592181132354588 0.2826669617076011 0
    outer loop
      vertex -3.029888778924942 -3.898712247610092 -1
      vertex -3.105990819633007 -3.640463262796402 -1
      vertex -3.105990819633007 -3.640463262796402 0
    endloop
  endfacet
  facet normal 0.92889683619348 0.37033858522943996 0
    outer loop
      vertex -2.9399499967694283 -4.124300003051758 -1
      vertex -3.029888778924942 -3.898712247610092 -1
      vertex -3.029888778924942 -3.898712247610092 0
    endloop
  endfacet
  facet normal 0.8845672319941633 0.46641270574694266 0
    outer loop
      vertex -2.833517350256443 -4.326153062283993 -1
      vertex -2.9399499967694283 -4.124300003051758 -1
      vertex -2.9399499967694283 -4.124300003051758 0
    endloop
  endfacet
  facet normal 0.9778523839260364 0.20929576022979474 0
    outer loop
      vertex -3.105990819633007 -3.640463262796402 -1
      vertex -3.1682561188936234 -3.3495530635118484 -1
      vertex -3.1682561188936234 -3.3495530635118484 0
    endloop
  endfacet
  facet normal 0 0 1
    outer loop
      vertex -3.2720316350460052 -2.280855104327202 -1
      vertex -0.5393500030040741 -1.9474999979138374 -1
      vertex -3.278949998319149 -1.8593000024557114 -1
    endloop
  endfacet
  facet normal 0 0 1
    outer loop
      vertex -3.278949998319149 -1.8593000024557114 -1
      vertex -0.5393500030040741 -1.2625999972224236 -1
      vertex -3.278949998319149 -1.2625999972224236 -1
    endloop
  endfacet
  facet normal 0.9998653580752069 0.016409318119236065 0
    outer loop
      vertex -3.2720316350460052 -2.280855104327202 -1
      vertex -3.278949998319149 -1.8593000024557114 -1
      vertex -3.278949998319149 -1.8593000024557114 0
    endloop
  endfacet
  facet normal 1 0 0
    outer loop
      vertex -3.278949998319149 -1.8593000024557114 -1
      vertex -3.278949998319149 -1.2625999972224236 -1
      vertex -3.278949998319149 -1.2625999972224236 0
    endloop
  endfacet
  facet normal 0 0 1
    outer loop
      vertex -2.833517350256443 -4.326153062283993 -1
      vertex -2.7079908177256584 -4.513197958469391 -1
      vertex -0.4647499993443489 -3.459799997508526 -1
    endloop
  endfacet
  facet normal 0 0 1
    outer loop
      vertex -2.7079908177256584 -4.513197958469391 -1
      vertex -2.563370406627655 -4.685434691607952 -1
      vertex -0.4647499993443489 -3.459799997508526 -1
    endloop
  endfacet
  facet normal 0 0 1
    outer loop
      vertex -2.833517350256443 -4.326153062283993 -1
      vertex -0.4845418334007263 -3.319320410490036 -1
      vertex -2.9399499967694283 -4.124300003051758 -1
    endloop
  endfacet
  facet normal 0 0 1
    outer loop
      vertex -3.105990819633007 -3.640463262796402 -1
      vertex -0.4845418334007263 -3.319320410490036 -1
      vertex -0.5012887790799141 -3.153653062880039 -1
    endloop
  endfacet
  facet normal 0 0 1
    outer loop
      vertex -2.833517350256443 -4.326153062283993 -1
      vertex -0.4647499993443489 -3.459799997508526 -1
      vertex -0.4845418334007263 -3.319320410490036 -1
    endloop
  endfacet
  facet normal 0 0 1
    outer loop
      vertex -3.1682561188936234 -3.3495530635118484 -1
      vertex -0.5012887790799141 -3.153653062880039 -1
      vertex -0.5149908140301704 -2.962797962129116 -1
    endloop
  endfacet
  facet normal 0 0 1
    outer loop
      vertex -3.216684691607952 -3.0259816348552704 -1
      vertex -0.5149908140301704 -2.962797962129116 -1
      vertex -0.5256479606032372 -2.746755100786686 -1
    endloop
  endfacet
  facet normal 0 0 1
    outer loop
      vertex -3.2512765303254128 -2.669748976826668 -1
      vertex -0.5256479606032372 -2.746755100786686 -1
      vertex -0.533260203897953 -2.5055244863033295 -1
    endloop
  endfacet
  facet normal 0 0 1
    outer loop
      vertex -3.2720316350460052 -2.280855104327202 -1
      vertex -0.533260203897953 -2.5055244863033295 -1
      vertex -0.5378275513648987 -2.2391061261296272 -1
    endloop
  endfacet
  facet normal 0 0 1
    outer loop
      vertex -3.2720316350460052 -2.280855104327202 -1
      vertex -0.5378275513648987 -2.2391061261296272 -1
      vertex -0.5393500030040741 -1.9474999979138374 -1
    endloop
  endfacet
  facet normal 0 0 1
    outer loop
      vertex -2.2168479561805725 -4.985483676195145 -1
      vertex -0.4359622448682785 -3.5785244926810265 -1
      vertex -0.4647499993443489 -3.459799997508526 -1
    endloop
  endfacet
  facet normal 0 0 1
    outer loop
      vertex -1.7939499989151955 -5.226300001144409 -1
      vertex -0.39222755283117294 -3.678983673453331 -1
      vertex -0.4359622448682785 -3.5785244926810265 -1
    endloop
  endfacet
  facet normal -0.8138658844267274 -0.5810527705521253 0
    outer loop
      vertex -0.39222755283117294 -3.678983673453331 -1
      vertex -0.33354591578245163 -3.7611775547266006 -1
      vertex -0.33354591578245163 -3.7611775547266006 0
    endloop
  endfacet
  facet normal -0.6556163152940813 -0.7550941975145962 0
    outer loop
      vertex -0.25991734862327576 -3.8251061215996742 -1
      vertex -0.25991734862327576 -3.8251061215996742 0
      vertex -0.33354591578245163 -3.7611775547266006 -1
    endloop
  endfacet
  facet normal -0.4582219005592764 -0.8888378310174723 0
    outer loop
      vertex -0.25991734862327576 -3.8251061215996742 -1
      vertex -0.17134183645248413 -3.870769388973713 -1
      vertex -0.17134183645248413 -3.870769388973713 0
    endloop
  endfacet
  facet normal -0.2558485686849814 -0.9667168716340097 0
    outer loop
      vertex -0.17134183645248413 -3.870769388973713 -1
      vertex -0.06781938672065735 -3.898167349398136 -1
      vertex -0.06781938672065735 -3.898167349398136 0
    endloop
  endfacet
  facet normal -0.9168804340377947 -0.39916195920786973 0
    outer loop
      vertex -0.39222755283117294 -3.678983673453331 -1
      vertex -0.39222755283117294 -3.678983673453331 0
      vertex -0.4359622448682785 -3.5785244926810265 -1
    endloop
  endfacet
  facet normal -0.9718387490594916 -0.23564686678689864 0
    outer loop
      vertex -0.4359622448682785 -3.5785244926810265 -1
      vertex -0.4359622448682785 -3.5785244926810265 0
      vertex -0.4647499993443489 -3.459799997508526 -1
    endloop
  endfacet
  facet normal -0.9902206859839374 -0.1395098313722034 0
    outer loop
      vertex -0.4845418334007263 -3.319320410490036 -1
      vertex -0.4647499993443489 -3.459799997508526 -1
      vertex -0.4647499993443489 -3.459799997508526 0
    endloop
  endfacet
  facet normal -0.994929457574469 -0.10057521787484669 0
    outer loop
      vertex -0.4845418334007263 -3.319320410490036 -1
      vertex -0.4845418334007263 -3.319320410490036 0
      vertex -0.5012887790799141 -3.153653062880039 -1
    endloop
  endfacet
  facet normal -0.9998530823101344 -0.017140997489172898 0
    outer loop
      vertex -0.533260203897953 -2.5055244863033295 -1
      vertex -0.533260203897953 -2.5055244863033295 0
      vertex -0.5378275513648987 -2.2391061261296272 -1
    endloop
  endfacet
  facet normal -0.9999863712870337 -0.005220846692880248 0
    outer loop
      vertex -0.5378275513648987 -2.2391061261296272 -1
      vertex -0.5378275513648987 -2.2391061261296272 0
      vertex -0.5393500030040741 -1.9474999979138374 -1
    endloop
  endfacet
  facet normal -0.9974328117219792 -0.07160856164165637 0
    outer loop
      vertex -0.5012887790799141 -3.153653062880039 -1
      vertex -0.5012887790799141 -3.153653062880039 0
      vertex -0.5149908140301704 -2.962797962129116 -1
    endloop
  endfacet
  facet normal -0.9987855480534417 -0.04926894559036192 0
    outer loop
      vertex -0.5149908140301704 -2.962797962129116 -1
      vertex -0.5149908140301704 -2.962797962129116 0
      vertex -0.5256479606032372 -2.746755100786686 -1
    endloop
  endfacet
  facet normal -0.999502484881604 -0.031540176212239396 0
    outer loop
      vertex -0.5256479606032372 -2.746755100786686 -1
      vertex -0.5256479606032372 -2.746755100786686 0
      vertex -0.533260203897953 -2.5055244863033295 -1
    endloop
  endfacet
  facet normal 0 0 1
    outer loop
      vertex -3.278949998319149 -1.8593000024557114 -1
      vertex -0.5393500030040741 -1.9474999979138374 -1
      vertex -0.5393500030040741 -1.2625999972224236 -1
    endloop
  endfacet
  facet normal 0 -1 0
    outer loop
      vertex -3.278949998319149 -1.2625999972224236 -1
      vertex -0.5393500030040741 -1.2625999972224236 -1
      vertex -0.5393500030040741 -1.2625999972224236 0
    endloop
  endfacet
  facet normal -1 0 0
    outer loop
      vertex -0.5393500030040741 -1.9474999979138374 -1
      vertex -0.5393500030040741 -1.9474999979138374 0
      vertex -0.5393500030040741 -1.2625999972224236 -1
    endloop
  endfacet
  facet normal 0.9953184279846417 0.0966500228359095 0
    outer loop
      vertex -3.216684691607952 -3.0259816348552704 -1
      vertex -3.2512765303254128 -2.669748976826668 0
      vertex -3.216684691607952 -3.0259816348552704 0
    endloop
  endfacet
  facet normal 0.9985788788082932 0.053293740701626596 0
    outer loop
      vertex -3.2512765303254128 -2.669748976826668 -1
      vertex -3.2720316350460052 -2.280855104327202 0
      vertex -3.2512765303254128 -2.669748976826668 0
    endloop
  endfacet
  facet normal 0.9998653580752069 0.016409318119236065 0
    outer loop
      vertex -3.2720316350460052 -2.280855104327202 -1
      vertex -3.278949998319149 -1.8593000024557114 0
      vertex -3.2720316350460052 -2.280855104327202 0
    endloop
  endfacet
  facet normal 0.92889683619348 0.37033858522943996 0
    outer loop
      vertex -2.9399499967694283 -4.124300003051758 -1
      vertex -3.029888778924942 -3.898712247610092 0
      vertex -2.9399499967694283 -4.124300003051758 0
    endloop
  endfacet
  facet normal 0.9592181132354588 0.2826669617076011 0
    outer loop
      vertex -3.029888778924942 -3.898712247610092 -1
      vertex -3.105990819633007 -3.640463262796402 0
      vertex -3.029888778924942 -3.898712247610092 0
    endloop
  endfacet
  facet normal 0.9778523839260364 0.20929576022979474 0
    outer loop
      vertex -3.105990819633007 -3.640463262796402 -1
      vertex -3.1682561188936234 -3.3495530635118484 0
      vertex -3.105990819633007 -3.640463262796402 0
    endloop
  endfacet
  facet normal 0.988984341258189 0.148020176820952 0
    outer loop
      vertex -3.1682561188936234 -3.3495530635118484 -1
      vertex -3.216684691607952 -3.0259816348552704 0
      vertex -3.1682561188936234 -3.3495530635118484 0
    endloop
  endfacet
  facet normal 1 0 0
    outer loop
      vertex -3.278949998319149 -1.8593000024557114 -1
      vertex -3.278949998319149 -1.2625999972224236 0
      vertex -3.278949998319149 -1.8593000024557114 0
    endloop
  endfacet
  facet normal 0 -1 0
    outer loop
      vertex -3.278949998319149 -1.2625999972224236 -1
      vertex -0.5393500030040741 -1.2625999972224236 0
      vertex -3.278949998319149 -1.2625999972224236 0
    endloop
  endfacet
  facet normal -0.6556163152940813 -0.7550941975145962 0
    outer loop
      vertex -0.33354591578245163 -3.7611775547266006 -1
      vertex -0.25991734862327576 -3.8251061215996742 0
      vertex -0.33354591578245163 -3.7611775547266006 0
    endloop
  endfacet
  facet normal -0.2558485686849814 -0.9667168716340097 0
    outer loop
      vertex -0.17134183645248413 -3.870769388973713 -1
      vertex -0.06781938672065735 -3.898167349398136 0
      vertex -0.17134183645248413 -3.870769388973713 0
    endloop
  endfacet
  facet normal -0.4582219005592764 -0.8888378310174723 0
    outer loop
      vertex -0.25991734862327576 -3.8251061215996742 -1
      vertex -0.17134183645248413 -3.870769388973713 0
      vertex -0.25991734862327576 -3.8251061215996742 0
    endloop
  endfacet
  facet normal -0.07686067984661982 -0.9970418425991536 0
    outer loop
      vertex -0.06781938672065735 -3.898167349398136 -1
      vertex 0.05065000057220459 -3.907300002872944 0
      vertex -0.06781938672065735 -3.898167349398136 0
    endloop
  endfacet
  facet normal -0.9168804340377947 -0.39916195920786973 0
    outer loop
      vertex -0.4359622448682785 -3.5785244926810265 -1
      vertex -0.39222755283117294 -3.678983673453331 0
      vertex -0.4359622448682785 -3.5785244926810265 0
    endloop
  endfacet
  facet normal -0.9718387490594916 -0.23564686678689864 0
    outer loop
      vertex -0.4647499993443489 -3.459799997508526 -1
      vertex -0.4359622448682785 -3.5785244926810265 0
      vertex -0.4647499993443489 -3.459799997508526 0
    endloop
  endfacet
  facet normal -0.8138658844267274 -0.5810527705521253 0
    outer loop
      vertex -0.39222755283117294 -3.678983673453331 -1
      vertex -0.33354591578245163 -3.7611775547266006 0
      vertex -0.39222755283117294 -3.678983673453331 0
    endloop
  endfacet
  facet normal -0.9902206859839374 -0.1395098313722034 0
    outer loop
      vertex -0.4845418334007263 -3.319320410490036 -1
      vertex -0.4647499993443489 -3.459799997508526 0
      vertex -0.4845418334007263 -3.319320410490036 0
    endloop
  endfacet
  facet normal -0.994929457574469 -0.10057521787484669 0
    outer loop
      vertex -0.5012887790799141 -3.153653062880039 -1
      vertex -0.4845418334007263 -3.319320410490036 0
      vertex -0.5012887790799141 -3.153653062880039 0
    endloop
  endfacet
  facet normal -0.9998530823101344 -0.017140997489172898 0
    outer loop
      vertex -0.5378275513648987 -2.2391061261296272 -1
      vertex -0.533260203897953 -2.5055244863033295 0
      vertex -0.5378275513648987 -2.2391061261296272 0
    endloop
  endfacet
  facet normal -0.9974328117219792 -0.07160856164165637 0
    outer loop
      vertex -0.5149908140301704 -2.962797962129116 -1
      vertex -0.5012887790799141 -3.153653062880039 0
      vertex -0.5149908140301704 -2.962797962129116 0
    endloop
  endfacet
  facet normal -0.9987855480534417 -0.04926894559036192 0
    outer loop
      vertex -0.5256479606032372 -2.746755100786686 -1
      vertex -0.5149908140301704 -2.962797962129116 0
      vertex -0.5256479606032372 -2.746755100786686 0
    endloop
  endfacet
  facet normal -0.999502484881604 -0.031540176212239396 0
    outer loop
      vertex -0.533260203897953 -2.5055244863033295 -1
      vertex -0.5256479606032372 -2.746755100786686 0
      vertex -0.533260203897953 -2.5055244863033295 0
    endloop
  endfacet
  facet normal -0.9999863712870337 -0.005220846692880248 0
    outer loop
      vertex -0.5393500030040741 -1.9474999979138374 -1
      vertex -0.5378275513648987 -2.2391061261296272 0
      vertex -0.5393500030040741 -1.9474999979138374 0
    endloop
  endfacet
  facet normal -1 0 0
    outer loop
      vertex -0.5393500030040741 -1.2625999972224236 -1
      vertex -0.5393500030040741 -1.9474999979138374 0
      vertex -0.5393500030040741 -1.2625999972224236 0
    endloop
  endfacet
  facet normal 0 1 0
    outer loop
      vertex -3.251850001513958 0.059699997305870056 -1
      vertex -3.251850001513958 0.059699997305870056 0
      vertex -0.5393500030040741 0.059699997305870056 -1
    endloop
  endfacet
  facet normal 0 0 1
    outer loop
      vertex -3.251850001513958 0.059699997305870056 -1
      vertex -0.6546500027179718 1.9720999971032143 -1
      vertex -3.1365500018000603 5.593199998140335 -1
    endloop
  endfacet
  facet normal 0.9997829861767052 -0.02083219987399479 0
    outer loop
      vertex -3.251850001513958 0.059699997305870056 -1
      vertex -3.1365500018000603 5.593199998140335 -1
      vertex -3.1365500018000603 5.593199998140335 0
    endloop
  endfacet
  facet normal 0 0 1
    outer loop
      vertex -3.251850001513958 0.059699997305870056 -1
      vertex -0.5393500030040741 0.059699997305870056 -1
      vertex -0.5385887771844864 0.19014285504817963 -1
    endloop
  endfacet
  facet normal 0 0 1
    outer loop
      vertex -3.251850001513958 0.059699997305870056 -1
      vertex -0.5385887771844864 0.19014285504817963 -1
      vertex -0.5363050997257233 0.30632857233285904 -1
    endloop
  endfacet
  facet normal 0 0 1
    outer loop
      vertex -3.251850001513958 0.059699997305870056 -1
      vertex -0.5363050997257233 0.30632857233285904 -1
      vertex -0.5324989780783653 0.4082571417093277 -1
    endloop
  endfacet
  facet normal 0 0 1
    outer loop
      vertex -3.251850001513958 0.059699997305870056 -1
      vertex -0.5324989780783653 0.4082571417093277 -1
      vertex -0.527170404791832 0.4959285706281662 -1
    endloop
  endfacet
  facet normal 0 0 1
    outer loop
      vertex -3.251850001513958 0.059699997305870056 -1
      vertex -0.527170404791832 0.4959285706281662 -1
      vertex -0.5203193873167038 0.5693428590893745 -1
    endloop
  endfacet
  facet normal 0 0 1
    outer loop
      vertex -3.251850001513958 0.059699997305870056 -1
      vertex -0.5203193873167038 0.5693428590893745 -1
      vertex -0.5119459182024002 0.6284999996423721 -1
    endloop
  endfacet
  facet normal 0 0 1
    outer loop
      vertex -3.251850001513958 0.059699997305870056 -1
      vertex -0.5119459182024002 0.6284999996423721 -1
      vertex -0.5020499974489212 0.6733999997377396 -1
    endloop
  endfacet
  facet normal 0 0 1
    outer loop
      vertex -3.251850001513958 0.059699997305870056 -1
      vertex -0.5020499974489212 0.6733999997377396 -1
      vertex -0.4895255118608475 0.7108510211110115 -1
    endloop
  endfacet
  facet normal 0 0 1
    outer loop
      vertex -3.251850001513958 0.059699997305870056 -1
      vertex -0.4895255118608475 0.7108510211110115 -1
      vertex -0.4732663258910179 0.7476040795445442 -1
    endloop
  endfacet
  facet normal 0 0 1
    outer loop
      vertex -3.251850001513958 0.059699997305870056 -1
      vertex -0.4732663258910179 0.7476040795445442 -1
      vertex -0.4532724469900131 0.7836591824889183 -1
    endloop
  endfacet
  facet normal 0 0 1
    outer loop
      vertex -3.251850001513958 0.059699997305870056 -1
      vertex -0.4532724469900131 0.7836591824889183 -1
      vertex -0.4295438751578331 0.8190163299441338 -1
    endloop
  endfacet
  facet normal 0 0 1
    outer loop
      vertex -3.251850001513958 0.059699997305870056 -1
      vertex -0.4295438751578331 0.8190163299441338 -1
      vertex -0.40208061039447784 0.8536755070090294 -1
    endloop
  endfacet
  facet normal 0 0 1
    outer loop
      vertex -3.251850001513958 0.059699997305870056 -1
      vertex -0.40208061039447784 0.8536755070090294 -1
      vertex -0.6546500027179718 1.9720999971032143 -1
    endloop
  endfacet
  facet normal 0 0 1
    outer loop
      vertex -0.40208061039447784 0.8536755070090294 -1
      vertex -0.37088265269994736 0.887636736035347 -1
      vertex -0.6546500027179718 1.9720999971032143 -1
    endloop
  endfacet
  facet normal 0 0 1
    outer loop
      vertex -0.37088265269994736 0.887636736035347 -1
      vertex -0.33595000207424164 0.9209000021219254 -1
      vertex -0.6546500027179718 1.9720999971032143 -1
    endloop
  endfacet
  facet normal 0 0 1
    outer loop
      vertex -0.33595000207424164 0.9209000021219254 -1
      vertex -0.29787857085466385 0.9514897987246513 -1
      vertex -0.6546500027179718 1.9720999971032143 -1
    endloop
  endfacet
  facet normal 0 0 1
    outer loop
      vertex -0.29787857085466385 0.9514897987246513 -1
      vertex -0.25732143223285675 0.9773734658956528 -1
      vertex -0.6546500027179718 1.9720999971032143 -1
    endloop
  endfacet
  facet normal 0 0 1
    outer loop
      vertex -0.25732143223285675 0.9773734658956528 -1
      vertex -0.21427857130765915 0.9985510185360909 -1
      vertex -0.6546500027179718 1.9720999971032143 -1
    endloop
  endfacet
  facet normal 0 0 1
    outer loop
      vertex -0.21427857130765915 0.9985510185360909 -1
      vertex -0.16875000298023224 1.015022449195385 -1
      vertex -0.6546500027179718 1.9720999971032143 -1
    endloop
  endfacet
  facet normal 0 0 1
    outer loop
      vertex -0.16875000298023224 1.015022449195385 -1
      vertex -0.12073571234941483 1.0267877578735352 -1
      vertex -0.6546500027179718 1.9720999971032143 -1
    endloop
  endfacet
  facet normal 0 0 1
    outer loop
      vertex -0.12073571234941483 1.0267877578735352 -1
      vertex -0.0702357143163681 1.0338469371199608 -1
      vertex -0.6546500027179718 1.9720999971032143 -1
    endloop
  endfacet
  facet normal 0 0 1
    outer loop
      vertex -0.0702357143163681 1.0338469371199608 -1
      vertex -0.017250001430511475 1.036200001835823 -1
      vertex -0.6546500027179718 1.9720999971032143 -1
    endloop
  endfacet
  facet normal 0 0 1
    outer loop
      vertex -0.017250001430511475 1.036200001835823 -1
      vertex 0.06454592198133469 1.0316326543688774 -1
      vertex -0.46506020426750183 2.1717959195375443 -1
    endloop
  endfacet
  facet normal 0 0 1
    outer loop
      vertex -0.2605193853378296 2.34076938778162 -1
      vertex 0.06454592198133469 1.0316326543688774 -1
      vertex 0.13941938430070877 1.0179306119680405 -1
    endloop
  endfacet
  facet normal 0 0 1
    outer loop
      vertex -0.017250001430511475 1.036200001835823 -1
      vertex -0.46506020426750183 2.1717959195375443 -1
      vertex -0.6546500027179718 1.9720999971032143 -1
    endloop
  endfacet
  facet normal 0 0 1
    outer loop
      vertex -0.46506020426750183 2.1717959195375443 -1
      vertex 0.06454592198133469 1.0316326543688774 -1
      vertex -0.2605193853378296 2.34076938778162 -1
    endloop
  endfacet
  facet normal 0 0 1
    outer loop
      vertex -0.2605193853378296 2.34076938778162 -1
      vertex 0.13941938430070877 1.0179306119680405 -1
      vertex -0.041027553379535675 2.479020409286022 -1
    endloop
  endfacet
  facet normal -0.9999829727182117 0.005835603966028957 0
    outer loop
      vertex -0.5393500030040741 0.059699997305870056 -1
      vertex -0.5393500030040741 0.059699997305870056 0
      vertex -0.5385887771844864 0.19014285504817963 -1
    endloop
  endfacet
  facet normal -0.9998068884576052 0.01965161043583627 0
    outer loop
      vertex -0.5385887771844864 0.19014285504817963 -1
      vertex -0.5385887771844864 0.19014285504817963 0
      vertex -0.5363050997257233 0.30632857233285904 -1
    endloop
  endfacet
  facet normal -0.9993035505566418 0.03731506190386459 0
    outer loop
      vertex -0.5363050997257233 0.30632857233285904 -1
      vertex -0.5363050997257233 0.30632857233285904 0
      vertex -0.5324989780783653 0.4082571417093277 -1
    endloop
  endfacet
  facet normal -0.9981580640855438 0.060666952296943834 0
    outer loop
      vertex -0.5324989780783653 0.4082571417093277 -1
      vertex -0.5324989780783653 0.4082571417093277 0
      vertex -0.527170404791832 0.4959285706281662 -1
    endloop
  endfacet
  facet normal -0.995673928928508 0.09291623782777805 0
    outer loop
      vertex -0.527170404791832 0.4959285706281662 -1
      vertex -0.527170404791832 0.4959285706281662 0
      vertex -0.5203193873167038 0.5693428590893745 -1
    endloop
  endfacet
  facet normal -0.9901303954634205 0.14014920613207427 0
    outer loop
      vertex -0.5203193873167038 0.5693428590893745 -1
      vertex -0.5203193873167038 0.5693428590893745 0
      vertex -0.5119459182024002 0.6284999996423721 -1
    endloop
  endfacet
  facet normal -0.9765626050081644 0.21523354408564682 0
    outer loop
      vertex -0.5119459182024002 0.6284999996423721 -1
      vertex -0.5119459182024002 0.6284999996423721 0
      vertex -0.5020499974489212 0.6733999997377396 -1
    endloop
  endfacet
  facet normal -0.9483727987490451 0.31715774402165103 0
    outer loop
      vertex -0.5020499974489212 0.6733999997377396 -1
      vertex -0.5020499974489212 0.6733999997377396 0
      vertex -0.4895255118608475 0.7108510211110115 -1
    endloop
  endfacet
  facet normal -0.9145074860728941 0.40456897794645047 0
    outer loop
      vertex -0.4895255118608475 0.7108510211110115 -1
      vertex -0.4895255118608475 0.7108510211110115 0
      vertex -0.4732663258910179 0.7476040795445442 -1
    endloop
  endfacet
  facet normal -0.8745352650627289 0.48496192650729025 0
    outer loop
      vertex -0.4732663258910179 0.7476040795445442 -1
      vertex -0.4732663258910179 0.7476040795445442 0
      vertex -0.4532724469900131 0.7836591824889183 -1
    endloop
  endfacet
  facet normal -0.8303431330160168 0.5572524396116588 0
    outer loop
      vertex -0.4532724469900131 0.7836591824889183 -1
      vertex -0.4532724469900131 0.7836591824889183 0
      vertex -0.4295438751578331 0.8190163299441338 -1
    endloop
  endfacet
  facet normal -0.7837733750881959 0.621046935829216 0
    outer loop
      vertex -0.4295438751578331 0.8190163299441338 -1
      vertex -0.4295438751578331 0.8190163299441338 0
      vertex -0.40208061039447784 0.8536755070090294 -1
    endloop
  endfacet
  facet normal -0.7364318549615544 0.6765117316040307 0
    outer loop
      vertex -0.40208061039447784 0.8536755070090294 -1
      vertex -0.40208061039447784 0.8536755070090294 0
      vertex -0.37088265269994736 0.887636736035347 -1
    endloop
  endfacet
  facet normal -0.689590759221225 0.7241992714693205 0
    outer loop
      vertex -0.37088265269994736 0.887636736035347 -1
      vertex -0.37088265269994736 0.887636736035347 0
      vertex -0.33595000207424164 0.9209000021219254 -1
    endloop
  endfacet
  facet normal -0.6263498284666635 0.7795421043021225 0
    outer loop
      vertex -0.33595000207424164 0.9209000021219254 -1
      vertex -0.33595000207424164 0.9209000021219254 0
      vertex -0.29787857085466385 0.9514897987246513 -1
    endloop
  endfacet
  facet normal -0.5379783283122535 0.8429586693701852 0
    outer loop
      vertex -0.29787857085466385 0.9514897987246513 -1
      vertex -0.29787857085466385 0.9514897987246513 0
      vertex -0.25732143223285675 0.9773734658956528 -1
    endloop
  endfacet
  facet normal -0.441469590996634 0.8972762117794413 0
    outer loop
      vertex -0.25732143223285675 0.9773734658956528 -1
      vertex -0.25732143223285675 0.9773734658956528 0
      vertex -0.21427857130765915 0.9985510185360909 -1
    endloop
  endfacet
  facet normal -0.34020275796478866 0.9403521061140616 0
    outer loop
      vertex -0.21427857130765915 0.9985510185360909 -1
      vertex -0.21427857130765915 0.9985510185360909 0
      vertex -0.16875000298023224 1.015022449195385 -1
    endloop
  endfacet
  facet normal -0.23799672239288283 0.9712659574649186 0
    outer loop
      vertex -0.16875000298023224 1.015022449195385 -1
      vertex -0.16875000298023224 1.015022449195385 0
      vertex -0.12073571234941483 1.0267877578735352 -1
    endloop
  endfacet
  facet normal -0.13843971701423638 0.9903708622294065 0
    outer loop
      vertex -0.12073571234941483 1.0267877578735352 -1
      vertex -0.12073571234941483 1.0267877578735352 0
      vertex -0.0702357143163681 1.0338469371199608 -1
    endloop
  endfacet
  facet normal -0.04436569145465336 0.9990153579508929 0
    outer loop
      vertex -0.0702357143163681 1.0338469371199608 -1
      vertex -0.0702357143163681 1.0338469371199608 0
      vertex -0.017250001430511475 1.036200001835823 -1
    endloop
  endfacet
  facet normal 0.7252194153614437 -0.6885178280791324 0
    outer loop
      vertex -0.6546500027179718 1.9720999971032143 -1
      vertex -0.46506020426750183 2.1717959195375443 -1
      vertex -0.46506020426750183 2.1717959195375443 0
    endloop
  endfacet
  facet normal 0 0 1
    outer loop
      vertex -0.6546500027179718 1.9720999971032143 -1
      vertex -0.6546500027179718 3.8369000032544136 -1
      vertex -3.1365500018000603 5.593199998140335 -1
    endloop
  endfacet
  facet normal -1 0 0
    outer loop
      vertex -0.6546500027179718 1.9720999971032143 -1
      vertex -0.6546500027179718 1.9720999971032143 0
      vertex -0.6546500027179718 3.8369000032544136 -1
    endloop
  endfacet
  facet normal 0.6368925716588767 -0.7709525615533959 0
    outer loop
      vertex -0.46506020426750183 2.1717959195375443 -1
      vertex -0.2605193853378296 2.34076938778162 -1
      vertex -0.2605193853378296 2.34076938778162 0
    endloop
  endfacet
  facet normal 0.5329580850555398 -0.8461416427371554 0
    outer loop
      vertex -0.2605193853378296 2.34076938778162 -1
      vertex -0.041027553379535675 2.479020409286022 -1
      vertex -0.041027553379535675 2.479020409286022 0
    endloop
  endfacet
  facet normal 0.9997829861767052 -0.02083219987399479 0
    outer loop
      vertex -3.251850001513958 0.059699997305870056 -1
      vertex -3.1365500018000603 5.593199998140335 0
      vertex -3.251850001513958 0.059699997305870056 0
    endloop
  endfacet
  facet normal 0 1 0
    outer loop
      vertex -0.5393500030040741 0.059699997305870056 -1
      vertex -3.251850001513958 0.059699997305870056 0
      vertex -0.5393500030040741 0.059699997305870056 0
    endloop
  endfacet
  facet normal -0.9999829727182117 0.005835603966028957 0
    outer loop
      vertex -0.5385887771844864 0.19014285504817963 -1
      vertex -0.5393500030040741 0.059699997305870056 0
      vertex -0.5385887771844864 0.19014285504817963 0
    endloop
  endfacet
  facet normal -0.9998068884576052 0.01965161043583627 0
    outer loop
      vertex -0.5363050997257233 0.30632857233285904 -1
      vertex -0.5385887771844864 0.19014285504817963 0
      vertex -0.5363050997257233 0.30632857233285904 0
    endloop
  endfacet
  facet normal -0.9993035505566418 0.03731506190386459 0
    outer loop
      vertex -0.5324989780783653 0.4082571417093277 -1
      vertex -0.5363050997257233 0.30632857233285904 0
      vertex -0.5324989780783653 0.4082571417093277 0
    endloop
  endfacet
  facet normal -0.9981580640855438 0.060666952296943834 0
    outer loop
      vertex -0.527170404791832 0.4959285706281662 -1
      vertex -0.5324989780783653 0.4082571417093277 0
      vertex -0.527170404791832 0.4959285706281662 0
    endloop
  endfacet
  facet normal -0.995673928928508 0.09291623782777805 0
    outer loop
      vertex -0.5203193873167038 0.5693428590893745 -1
      vertex -0.527170404791832 0.4959285706281662 0
      vertex -0.5203193873167038 0.5693428590893745 0
    endloop
  endfacet
  facet normal -0.9901303954634205 0.14014920613207427 0
    outer loop
      vertex -0.5119459182024002 0.6284999996423721 -1
      vertex -0.5203193873167038 0.5693428590893745 0
      vertex -0.5119459182024002 0.6284999996423721 0
    endloop
  endfacet
  facet normal -0.9765626050081644 0.21523354408564682 0
    outer loop
      vertex -0.5020499974489212 0.6733999997377396 -1
      vertex -0.5119459182024002 0.6284999996423721 0
      vertex -0.5020499974489212 0.6733999997377396 0
    endloop
  endfacet
  facet normal -0.9483727987490451 0.31715774402165103 0
    outer loop
      vertex -0.4895255118608475 0.7108510211110115 -1
      vertex -0.5020499974489212 0.6733999997377396 0
      vertex -0.4895255118608475 0.7108510211110115 0
    endloop
  endfacet
  facet normal -0.9145074860728941 0.40456897794645047 0
    outer loop
      vertex -0.4732663258910179 0.7476040795445442 -1
      vertex -0.4895255118608475 0.7108510211110115 0
      vertex -0.4732663258910179 0.7476040795445442 0
    endloop
  endfacet
  facet normal -0.8745352650627289 0.48496192650729025 0
    outer loop
      vertex -0.4532724469900131 0.7836591824889183 -1
      vertex -0.4732663258910179 0.7476040795445442 0
      vertex -0.4532724469900131 0.7836591824889183 0
    endloop
  endfacet
  facet normal -0.8303431330160168 0.5572524396116588 0
    outer loop
      vertex -0.4295438751578331 0.8190163299441338 -1
      vertex -0.4532724469900131 0.7836591824889183 0
      vertex -0.4295438751578331 0.8190163299441338 0
    endloop
  endfacet
  facet normal -0.7837733750881959 0.621046935829216 0
    outer loop
      vertex -0.40208061039447784 0.8536755070090294 -1
      vertex -0.4295438751578331 0.8190163299441338 0
      vertex -0.40208061039447784 0.8536755070090294 0
    endloop
  endfacet
  facet normal -0.7364318549615544 0.6765117316040307 0
    outer loop
      vertex -0.37088265269994736 0.887636736035347 -1
      vertex -0.40208061039447784 0.8536755070090294 0
      vertex -0.37088265269994736 0.887636736035347 0
    endloop
  endfacet
  facet normal -0.689590759221225 0.7241992714693205 0
    outer loop
      vertex -0.33595000207424164 0.9209000021219254 -1
      vertex -0.37088265269994736 0.887636736035347 0
      vertex -0.33595000207424164 0.9209000021219254 0
    endloop
  endfacet
  facet normal -0.6263498284666635 0.7795421043021225 0
    outer loop
      vertex -0.29787857085466385 0.9514897987246513 -1
      vertex -0.33595000207424164 0.9209000021219254 0
      vertex -0.29787857085466385 0.9514897987246513 0
    endloop
  endfacet
  facet normal -0.5379783283122535 0.8429586693701852 0
    outer loop
      vertex -0.25732143223285675 0.9773734658956528 -1
      vertex -0.29787857085466385 0.9514897987246513 0
      vertex -0.25732143223285675 0.9773734658956528 0
    endloop
  endfacet
  facet normal -0.441469590996634 0.8972762117794413 0
    outer loop
      vertex -0.21427857130765915 0.9985510185360909 -1
      vertex -0.25732143223285675 0.9773734658956528 0
      vertex -0.21427857130765915 0.9985510185360909 0
    endloop
  endfacet
  facet normal -0.34020275796478866 0.9403521061140616 0
    outer loop
      vertex -0.16875000298023224 1.015022449195385 -1
      vertex -0.21427857130765915 0.9985510185360909 0
      vertex -0.16875000298023224 1.015022449195385 0
    endloop
  endfacet
  facet normal -0.23799672239288283 0.9712659574649186 0
    outer loop
      vertex -0.12073571234941483 1.0267877578735352 -1
      vertex -0.16875000298023224 1.015022449195385 0
      vertex -0.12073571234941483 1.0267877578735352 0
    endloop
  endfacet
  facet normal -0.13843971701423638 0.9903708622294065 0
    outer loop
      vertex -0.0702357143163681 1.0338469371199608 -1
      vertex -0.12073571234941483 1.0267877578735352 0
      vertex -0.0702357143163681 1.0338469371199608 0
    endloop
  endfacet
  facet normal -0.04436569145465336 0.9990153579508929 0
    outer loop
      vertex -0.017250001430511475 1.036200001835823 -1
      vertex -0.0702357143163681 1.0338469371199608 0
      vertex -0.017250001430511475 1.036200001835823 0
    endloop
  endfacet
  facet normal 0.7252194153614437 -0.6885178280791324 0
    outer loop
      vertex -0.6546500027179718 1.9720999971032143 -1
      vertex -0.46506020426750183 2.1717959195375443 0
      vertex -0.6546500027179718 1.9720999971032143 0
    endloop
  endfacet
  facet normal 0.6368925716588767 -0.7709525615533959 0
    outer loop
      vertex -0.46506020426750183 2.1717959195375443 -1
      vertex -0.2605193853378296 2.34076938778162 0
      vertex -0.46506020426750183 2.1717959195375443 0
    endloop
  endfacet
  facet normal 0.5329580850555398 -0.8461416427371554 0
    outer loop
      vertex -0.2605193853378296 2.34076938778162 -1
      vertex -0.041027553379535675 2.479020409286022 0
      vertex -0.2605193853378296 2.34076938778162 0
    endloop
  endfacet
  facet normal -1 0 0
    outer loop
      vertex -0.6546500027179718 3.8369000032544136 -1
      vertex -0.6546500027179718 1.9720999971032143 0
      vertex -0.6546500027179718 3.8369000032544136 0
    endloop
  endfacet
  facet normal 0 0 1
    outer loop
      vertex -3.1365500018000603 5.593199998140335 -1
      vertex -0.6546500027179718 3.8369000032544136 -1
      vertex 2.742749996483326 5.593199998140335 -1
    endloop
  endfacet
  facet normal 0 -1 0
    outer loop
      vertex -3.1365500018000603 5.593199998140335 -1
      vertex 2.742749996483326 5.593199998140335 0
      vertex -3.1365500018000603 5.593199998140335 0
    endloop
  endfacet
  facet normal 0 0 1
    outer loop
      vertex 0.07095000147819519 -5.595799997448921 -1
      vertex 0.33438265323638916 -5.590748980641365 -1
      vertex 0.05065000057220459 -3.907300002872944 -1
    endloop
  endfacet
  facet normal 0 0 1
    outer loop
      vertex 0.33438265323638916 -5.590748980641365 -1
      vertex 0.5860520377755165 -5.575595915317535 -1
      vertex 0.16051122546195984 -3.8967857137322426 -1
    endloop
  endfacet
  facet normal 0 0 1
    outer loop
      vertex 0.33438265323638916 -5.590748980641365 -1
      vertex 0.10717245191335678 -3.9046714305877686 -1
      vertex 0.05065000057220459 -3.907300002872944 -1
    endloop
  endfacet
  facet normal 0 0 1
    outer loop
      vertex 0.33438265323638916 -5.590748980641365 -1
      vertex 0.16051122546195984 -3.8967857137322426 -1
      vertex 0.10717245191335678 -3.9046714305877686 -1
    endloop
  endfacet
  facet normal 0 0 1
    outer loop
      vertex 0.5860520377755165 -5.575595915317535 -1
      vertex 0.21066632866859436 -3.8836428597569466 -1
      vertex 0.16051122546195984 -3.8967857137322426 -1
    endloop
  endfacet
  facet normal 0 0 1
    outer loop
      vertex 0.8259581625461578 -5.5503408163785934 -1
      vertex 0.25763775408267975 -3.8652428537607193 -1
      vertex 0.21066632866859436 -3.8836428597569466 -1
    endloop
  endfacet
  facet normal 0 0 1
    outer loop
      vertex 0.8259581625461578 -5.5503408163785934 -1
      vertex 0.3014255091547966 -3.841585710644722 -1
      vertex 0.25763775408267975 -3.8652428537607193 -1
    endloop
  endfacet
  facet normal 0 0 1
    outer loop
      vertex 0.5860520377755165 -5.575595915317535 -1
      vertex 0.8259581625461578 -5.5503408163785934 -1
      vertex 0.21066632866859436 -3.8836428597569466 -1
    endloop
  endfacet
  facet normal 0 0 1
    outer loop
      vertex 0.8259581625461578 -5.5503408163785934 -1
      vertex 1.0541010200977325 -5.514983676373959 -1
      vertex 0.3014255091547966 -3.841585710644722 -1
    endloop
  endfacet
  facet normal 0 0 1
    outer loop
      vertex 0.3420295938849449 -3.8126714304089546 -1
      vertex 1.0541010200977325 -5.514983676373959 -1
      vertex 1.2704806104302406 -5.46952448785305 -1
    endloop
  endfacet
  facet normal 0 0 1
    outer loop
      vertex 0.3794500008225441 -3.778499998152256 -1
      vertex 1.2704806104302406 -5.46952448785305 -1
      vertex 1.4750969409942627 -5.41396326571703 -1
    endloop
  endfacet
  facet normal 0 0 1
    outer loop
      vertex 0.3014255091547966 -3.841585710644722 -1
      vertex 1.0541010200977325 -5.514983676373959 -1
      vertex 0.3420295938849449 -3.8126714304089546 -1
    endloop
  endfacet
  facet normal 0 0 1
    outer loop
      vertex 0.3420295938849449 -3.8126714304089546 -1
      vertex 1.2704806104302406 -5.46952448785305 -1
      vertex 0.3794500008225441 -3.778499998152256 -1
    endloop
  endfacet
  facet normal 0 0 1
    outer loop
      vertex 0.3794500008225441 -3.778499998152256 -1
      vertex 1.4750969409942627 -5.41396326571703 -1
      vertex 0.4129520431160927 -3.741257146000862 -1
    endloop
  endfacet
  facet normal 0 0 1
    outer loop
      vertex 1.6679499968886375 -5.348300002515316 -1
      vertex 0.4417438805103302 -3.7031857147812843 -1
      vertex 0.4129520431160927 -3.741257146000862 -1
    endloop
  endfacet
  facet normal 0 0 1
    outer loop
      vertex 1.4750969409942627 -5.41396326571703 -1
      vertex 1.6679499968886375 -5.348300002515316 -1
      vertex 0.4129520431160927 -3.741257146000862 -1
    endloop
  endfacet
  facet normal 0 0 1
    outer loop
      vertex 1.6679499968886375 -5.348300002515316 -1
      vertex 1.8490397930145264 -5.273157142102718 -1
      vertex 0.4417438805103302 -3.7031857147812843 -1
    endloop
  endfacet
  facet normal 0 0 1
    outer loop
      vertex 1.8490397930145264 -5.273157142102718 -1
      vertex 2.018366329371929 -5.189157143235207 -1
      vertex 0.4417438805103302 -3.7031857147812843 -1
    endloop
  endfacet
  facet normal 0 0 1
    outer loop
      vertex 2.018366329371929 -5.189157143235207 -1
      vertex 2.1759295910596848 -5.0962999984622 -1
      vertex 0.46582551300525665 -3.6642857119441032 -1
    endloop
  endfacet
  facet normal 0 0 1
    outer loop
      vertex 2.1759295910596848 -5.0962999984622 -1
      vertex 2.3217295929789543 -4.99458571523428 -1
      vertex 0.48519694060087204 -3.6245571449398994 -1
    endloop
  endfacet
  facet normal 0 0 1
    outer loop
      vertex 2.3217295929789543 -4.99458571523428 -1
      vertex 2.4557663276791573 -4.884014286100864 -1
      vertex 0.48519694060087204 -3.6245571449398994 -1
    endloop
  endfacet
  facet normal 0 0 1
    outer loop
      vertex 2.4557663276791573 -4.884014286100864 -1
      vertex 2.5780397951602936 -4.7645857110619545 -1
      vertex 0.49985816329717636 -3.5839999988675117 -1
    endloop
  endfacet
  facet normal 0 0 1
    outer loop
      vertex 2.5780397951602936 -4.7645857110619545 -1
      vertex 2.688550002872944 -4.6362999975681305 -1
      vertex 0.49985816329717636 -3.5839999988675117 -1
    endloop
  endfacet
  facet normal -0.019170321374893183 0.9998162325039454 0
    outer loop
      vertex 0.07095000147819519 -5.595799997448921 -1
      vertex 0.07095000147819519 -5.595799997448921 0
      vertex 0.33438265323638916 -5.590748980641365 -1
    endloop
  endfacet
  facet normal -0.06010136211162301 0.9981922792089345 0
    outer loop
      vertex 0.33438265323638916 -5.590748980641365 -1
      vertex 0.33438265323638916 -5.590748980641365 0
      vertex 0.5860520377755165 -5.575595915317535 -1
    endloop
  endfacet
  facet normal -0.10469225729966151 0.994504666284428 0
    outer loop
      vertex 0.5860520377755165 -5.575595915317535 -1
      vertex 0.5860520377755165 -5.575595915317535 0
      vertex 0.8259581625461578 -5.5503408163785934 -1
    endloop
  endfacet
  facet normal -0.15314979261126818 0.9882029857388236 0
    outer loop
      vertex 0.8259581625461578 -5.5503408163785934 -1
      vertex 0.8259581625461578 -5.5503408163785934 0
      vertex 1.0541010200977325 -5.514983676373959 -1
    endloop
  endfacet
  facet normal -0.20560159227646504 0.9786357776279091 0
    outer loop
      vertex 1.0541010200977325 -5.514983676373959 -1
      vertex 1.0541010200977325 -5.514983676373959 0
      vertex 1.2704806104302406 -5.46952448785305 -1
    endloop
  endfacet
  facet normal -0.26204948468363565 0.9650544376236198 0
    outer loop
      vertex 1.2704806104302406 -5.46952448785305 -1
      vertex 1.2704806104302406 -5.46952448785305 0
      vertex 1.4750969409942627 -5.41396326571703 -1
    endloop
  endfacet
  facet normal -0.3223128838521602 0.9466331944860712 0
    outer loop
      vertex 1.4750969409942627 -5.41396326571703 -1
      vertex 1.4750969409942627 -5.41396326571703 0
      vertex 1.6679499968886375 -5.348300002515316 -1
    endloop
  endfacet
  facet normal -0.3832624208101787 0.9236394950383626 0
    outer loop
      vertex 1.6679499968886375 -5.348300002515316 -1
      vertex 1.6679499968886375 -5.348300002515316 0
      vertex 1.8490397930145264 -5.273157142102718 -1
    endloop
  endfacet
  facet normal -0.4444041581062236 0.8958264029698492 0
    outer loop
      vertex 1.8490397930145264 -5.273157142102718 -1
      vertex 1.8490397930145264 -5.273157142102718 0
      vertex 2.018366329371929 -5.189157143235207 -1
    endloop
  endfacet
  facet normal -0.5077222001583761 0.8615208456365626 0
    outer loop
      vertex 2.018366329371929 -5.189157143235207 -1
      vertex 2.018366329371929 -5.189157143235207 0
      vertex 2.1759295910596848 -5.0962999984622 -1
    endloop
  endfacet
  facet normal -0.5721564416724609 0.8201445032753116 0
    outer loop
      vertex 2.1759295910596848 -5.0962999984622 -1
      vertex 2.1759295910596848 -5.0962999984622 0
      vertex 2.3217295929789543 -4.99458571523428 -1
    endloop
  endfacet
  facet normal -0.6363525559529535 0.7713983565785859 0
    outer loop
      vertex 2.3217295929789543 -4.99458571523428 -1
      vertex 2.3217295929789543 -4.99458571523428 0
      vertex 2.4557663276791573 -4.884014286100864 -1
    endloop
  endfacet
  facet normal -0.698735561313482 0.7153800495931748 0
    outer loop
      vertex 2.4557663276791573 -4.884014286100864 -1
      vertex 2.4557663276791573 -4.884014286100864 0
      vertex 2.5780397951602936 -4.7645857110619545 -1
    endloop
  endfacet
  facet normal -0.7576462713574376 0.652665402406296 0
    outer loop
      vertex 2.5780397951602936 -4.7645857110619545 -1
      vertex 2.5780397951602936 -4.7645857110619545 0
      vertex 2.688550002872944 -4.6362999975681305 -1
    endloop
  endfacet
  facet normal -0.803845170516698 0.5948385846908225 0
    outer loop
      vertex 2.688550002872944 -4.6362999975681305 -1
      vertex 2.688550002872944 -4.6362999975681305 0
      vertex 2.787986733019352 -4.501924492418766 -1
    endloop
  endfacet
  facet normal -0.8396970146993206 0.5430551753782012 0
    outer loop
      vertex 2.787986733019352 -4.501924492418766 -1
      vertex 2.787986733019352 -4.501924492418766 0
      vertex 2.877039797604084 -4.3642265275120735 -1
    endloop
  endfacet
  facet normal -0.8733022493257279 0.4871787981045812 0
    outer loop
      vertex 2.877039797604084 -4.3642265275120735 -1
      vertex 2.877039797604084 -4.3642265275120735 0
      vertex 2.955709181725979 -4.223206125199795 -1
    endloop
  endfacet
  facet normal -0.019170321374893183 0.9998162325039454 0
    outer loop
      vertex 0.33438265323638916 -5.590748980641365 -1
      vertex 0.07095000147819519 -5.595799997448921 0
      vertex 0.33438265323638916 -5.590748980641365 0
    endloop
  endfacet
  facet normal -0.06010136211162301 0.9981922792089345 0
    outer loop
      vertex 0.5860520377755165 -5.575595915317535 -1
      vertex 0.33438265323638916 -5.590748980641365 0
      vertex 0.5860520377755165 -5.575595915317535 0
    endloop
  endfacet
  facet normal -0.10469225729966151 0.994504666284428 0
    outer loop
      vertex 0.8259581625461578 -5.5503408163785934 -1
      vertex 0.5860520377755165 -5.575595915317535 0
      vertex 0.8259581625461578 -5.5503408163785934 0
    endloop
  endfacet
  facet normal -0.15314979261126818 0.9882029857388236 0
    outer loop
      vertex 1.0541010200977325 -5.514983676373959 -1
      vertex 0.8259581625461578 -5.5503408163785934 0
      vertex 1.0541010200977325 -5.514983676373959 0
    endloop
  endfacet
  facet normal -0.20560159227646504 0.9786357776279091 0
    outer loop
      vertex 1.2704806104302406 -5.46952448785305 -1
      vertex 1.0541010200977325 -5.514983676373959 0
      vertex 1.2704806104302406 -5.46952448785305 0
    endloop
  endfacet
  facet normal -0.26204948468363565 0.9650544376236198 0
    outer loop
      vertex 1.4750969409942627 -5.41396326571703 -1
      vertex 1.2704806104302406 -5.46952448785305 0
      vertex 1.4750969409942627 -5.41396326571703 0
    endloop
  endfacet
  facet normal -0.3223128838521602 0.9466331944860712 0
    outer loop
      vertex 1.6679499968886375 -5.348300002515316 -1
      vertex 1.4750969409942627 -5.41396326571703 0
      vertex 1.6679499968886375 -5.348300002515316 0
    endloop
  endfacet
  facet normal -0.3832624208101787 0.9236394950383626 0
    outer loop
      vertex 1.8490397930145264 -5.273157142102718 -1
      vertex 1.6679499968886375 -5.348300002515316 0
      vertex 1.8490397930145264 -5.273157142102718 0
    endloop
  endfacet
  facet normal -0.4444041581062236 0.8958264029698492 0
    outer loop
      vertex 2.018366329371929 -5.189157143235207 -1
      vertex 1.8490397930145264 -5.273157142102718 0
      vertex 2.018366329371929 -5.189157143235207 0
    endloop
  endfacet
  facet normal -0.5077222001583761 0.8615208456365626 0
    outer loop
      vertex 2.1759295910596848 -5.0962999984622 -1
      vertex 2.018366329371929 -5.189157143235207 0
      vertex 2.1759295910596848 -5.0962999984622 0
    endloop
  endfacet
  facet normal -0.5721564416724609 0.8201445032753116 0
    outer loop
      vertex 2.3217295929789543 -4.99458571523428 -1
      vertex 2.1759295910596848 -5.0962999984622 0
      vertex 2.3217295929789543 -4.99458571523428 0
    endloop
  endfacet
  facet normal -0.6363525559529535 0.7713983565785859 0
    outer loop
      vertex 2.4557663276791573 -4.884014286100864 -1
      vertex 2.3217295929789543 -4.99458571523428 0
      vertex 2.4557663276791573 -4.884014286100864 0
    endloop
  endfacet
  facet normal -0.698735561313482 0.7153800495931748 0
    outer loop
      vertex 2.5780397951602936 -4.7645857110619545 -1
      vertex 2.4557663276791573 -4.884014286100864 0
      vertex 2.5780397951602936 -4.7645857110619545 0
    endloop
  endfacet
  facet normal -0.7576462713574376 0.652665402406296 0
    outer loop
      vertex 2.688550002872944 -4.6362999975681305 -1
      vertex 2.5780397951602936 -4.7645857110619545 0
      vertex 2.688550002872944 -4.6362999975681305 0
    endloop
  endfacet
  facet normal -0.803845170516698 0.5948385846908225 0
    outer loop
      vertex 2.787986733019352 -4.501924492418766 -1
      vertex 2.688550002872944 -4.6362999975681305 0
      vertex 2.787986733019352 -4.501924492418766 0
    endloop
  endfacet
  facet normal -0.8396970146993206 0.5430551753782012 0
    outer loop
      vertex 2.877039797604084 -4.3642265275120735 -1
      vertex 2.787986733019352 -4.501924492418766 0
      vertex 2.877039797604084 -4.3642265275120735 0
    endloop
  endfacet
  facet normal -0.8733022493257279 0.4871787981045812 0
    outer loop
      vertex 2.955709181725979 -4.223206125199795 -1
      vertex 2.877039797604084 -4.3642265275120735 0
      vertex 2.955709181725979 -4.223206125199795 0
    endloop
  endfacet
  facet normal 0 0 1
    outer loop
      vertex 2.018366329371929 -5.189157143235207 -1
      vertex 0.46582551300525665 -3.6642857119441032 -1
      vertex 0.4417438805103302 -3.7031857147812843 -1
    endloop
  endfacet
  facet normal 0 0 1
    outer loop
      vertex 2.1759295910596848 -5.0962999984622 -1
      vertex 0.48519694060087204 -3.6245571449398994 -1
      vertex 0.46582551300525665 -3.6642857119441032 -1
    endloop
  endfacet
  facet normal 0 0 1
    outer loop
      vertex 2.4557663276791573 -4.884014286100864 -1
      vertex 0.49985816329717636 -3.5839999988675117 -1
      vertex 0.48519694060087204 -3.6245571449398994 -1
    endloop
  endfacet
  facet normal 0 0 1
    outer loop
      vertex 2.787986733019352 -4.501924492418766 -1
      vertex 0.5098091810941696 -3.5426142886281013 -1
      vertex 0.49985816329717636 -3.5839999988675117 -1
    endloop
  endfacet
  facet normal 0 0 1
    outer loop
      vertex 2.955709181725979 -4.223206125199795 -1
      vertex 0.5150500014424324 -3.500399999320507 -1
      vertex 0.5098091810941696 -3.5426142886281013 -1
    endloop
  endfacet
  facet normal 0 0 1
    outer loop
      vertex 3.0818969383835793 -3.9311979562044144 -1
      vertex 0.5180336758494377 -3.4374285712838173 -1
      vertex 0.5150500014424324 -3.500399999320507 -1
    endloop
  endfacet
  facet normal 0 0 1
    outer loop
      vertex 3.1294153034687042 -3.780210204422474 -1
      vertex 0.5211561247706413 -3.3337714299559593 -1
      vertex 0.5180336758494377 -3.4374285712838173 -1
    endloop
  endfacet
  facet normal 0 0 1
    outer loop
      vertex 0.5211561247706413 -3.3337714299559593 -1
      vertex 3.1962377578020096 -3.4572653025388718 -1
      vertex 0.5244173482060432 -3.1894285678863525 -1
    endloop
  endfacet
  facet normal 0 0 1
    outer loop
      vertex 2.688550002872944 -4.6362999975681305 -1
      vertex 2.787986733019352 -4.501924492418766 -1
      vertex 0.49985816329717636 -3.5839999988675117 -1
    endloop
  endfacet
  facet normal 0 0 1
    outer loop
      vertex 2.787986733019352 -4.501924492418766 -1
      vertex 2.877039797604084 -4.3642265275120735 -1
      vertex 0.5098091810941696 -3.5426142886281013 -1
    endloop
  endfacet
  facet normal 0 0 1
    outer loop
      vertex 2.877039797604084 -4.3642265275120735 -1
      vertex 2.955709181725979 -4.223206125199795 -1
      vertex 0.5098091810941696 -3.5426142886281013 -1
    endloop
  endfacet
  facet normal 0 0 1
    outer loop
      vertex 0.5244173482060432 -3.1894285678863525 -1
      vertex 3.2213581651449203 -3.2633040845394135 -1
      vertex 0.5278173461556435 -3.004399999976158 -1
    endloop
  endfacet
  facet normal 0 0 1
    outer loop
      vertex 0.5278173461556435 -3.004399999976158 -1
      vertex 3.2419112250208855 -3.0440163239836693 -1
      vertex 0.5313561260700226 -2.778685711324215 -1
    endloop
  endfacet
  facet normal 0 0 1
    outer loop
      vertex 0.5313561260700226 -2.778685711324215 -1
      vertex 3.257896937429905 -2.799402043223381 -1
      vertex 0.5350336730480194 -2.512285716831684 -1
    endloop
  endfacet
  facet normal 0 0 1
    outer loop
      vertex 0.5350336730480194 -2.512285716831684 -1
      vertex 3.2693153098225594 -2.5294612273573875 -1
      vertex 0.5388500019907951 -2.2052000015974045 -1
    endloop
  endfacet
  facet normal -0.07686067984661982 -0.9970418425991536 0
    outer loop
      vertex -0.06781938672065735 -3.898167349398136 -1
      vertex 0.05065000057220459 -3.907300002872944 -1
      vertex 0.05065000057220459 -3.907300002872944 0
    endloop
  endfacet
  facet normal 0.04645471680740094 -0.9989203968717147 0
    outer loop
      vertex 0.05065000057220459 -3.907300002872944 -1
      vertex 0.10717245191335678 -3.9046714305877686 -1
      vertex 0.10717245191335678 -3.9046714305877686 0
    endloop
  endfacet
  facet normal 0.14625240959346805 -0.9892473061313357 0
    outer loop
      vertex 0.10717245191335678 -3.9046714305877686 -1
      vertex 0.16051122546195984 -3.8967857137322426 -1
      vertex 0.16051122546195984 -3.8967857137322426 0
    endloop
  endfacet
  facet normal 0.25348561671494724 -0.9673391556835911 0
    outer loop
      vertex 0.16051122546195984 -3.8967857137322426 -1
      vertex 0.21066632866859436 -3.8836428597569466 -1
      vertex 0.21066632866859436 -3.8836428597569466 0
    endloop
  endfacet
  facet normal 0.36474112611147297 -0.9311089683398687 0
    outer loop
      vertex 0.21066632866859436 -3.8836428597569466 -1
      vertex 0.25763775408267975 -3.8652428537607193 -1
      vertex 0.25763775408267975 -3.8652428537607193 0
    endloop
  endfacet
  facet normal 0.47533177473102173 -0.8798066287151155 0
    outer loop
      vertex 0.25763775408267975 -3.8652428537607193 -1
      vertex 0.3014255091547966 -3.841585710644722 -1
      vertex 0.3014255091547966 -3.841585710644722 0
    endloop
  endfacet
  facet normal 0.5800601361386308 -0.8145736544124375 0
    outer loop
      vertex 0.3014255091547966 -3.841585710644722 -1
      vertex 0.3420295938849449 -3.8126714304089546 -1
      vertex 0.3420295938849449 -3.8126714304089546 0
    endloop
  endfacet
  facet normal 0.6743228891972922 -0.7384366195582505 0
    outer loop
      vertex 0.3420295938849449 -3.8126714304089546 -1
      vertex 0.3794500008225441 -3.778499998152256 -1
      vertex 0.3794500008225441 -3.778499998152256 0
    endloop
  endfacet
  facet normal 0.7434581487375519 -0.6687824616986695 0
    outer loop
      vertex 0.3794500008225441 -3.778499998152256 -1
      vertex 0.4129520431160927 -3.741257146000862 -1
      vertex 0.4129520431160927 -3.741257146000862 0
    endloop
  endfacet
  facet normal 0.7975976353276337 -0.6031898640724718 0
    outer loop
      vertex 0.4129520431160927 -3.741257146000862 -1
      vertex 0.4417438805103302 -3.7031857147812843 -1
      vertex 0.4417438805103302 -3.7031857147812843 0
    endloop
  endfacet
  facet normal 0.8502585108265721 -0.5263653339335522 0
    outer loop
      vertex 0.4417438805103302 -3.7031857147812843 -1
      vertex 0.46582551300525665 -3.6642857119441032 -1
      vertex 0.46582551300525665 -3.6642857119441032 0
    endloop
  endfacet
  facet normal 0.8988429728672473 -0.43827081824731223 0
    outer loop
      vertex 0.46582551300525665 -3.6642857119441032 -1
      vertex 0.48519694060087204 -3.6245571449398994 -1
      vertex 0.48519694060087204 -3.6245571449398994 0
    endloop
  endfacet
  facet normal 0.9404383876251863 -0.33996417323144484 0
    outer loop
      vertex 0.48519694060087204 -3.6245571449398994 -1
      vertex 0.49985816329717636 -3.5839999988675117 -1
      vertex 0.49985816329717636 -3.5839999988675117 0
    endloop
  endfacet
  facet normal 0.9722888669752796 -0.23378271782988383 0
    outer loop
      vertex 0.49985816329717636 -3.5839999988675117 -1
      vertex 0.5098091810941696 -3.5426142886281013 -1
      vertex 0.5098091810941696 -3.5426142886281013 0
    endloop
  endfacet
  facet normal 0.9923815879655443 -0.12320220723259996 0
    outer loop
      vertex 0.5098091810941696 -3.5426142886281013 -1
      vertex 0.5150500014424324 -3.500399999320507 -1
      vertex 0.5150500014424324 -3.500399999320507 0
    endloop
  endfacet
  facet normal 0.9988793879525357 -0.04732830362021717 0
    outer loop
      vertex 0.5150500014424324 -3.500399999320507 -1
      vertex 0.5180336758494377 -3.4374285712838173 -1
      vertex 0.5180336758494377 -3.4374285712838173 0
    endloop
  endfacet
  facet normal 0.9995466153601927 -0.030109196634630474 0
    outer loop
      vertex 0.5180336758494377 -3.4374285712838173 -1
      vertex 0.5211561247706413 -3.3337714299559593 -1
      vertex 0.5211561247706413 -3.3337714299559593 0
    endloop
  endfacet
  facet normal 0.999744862522888 -0.02258782546178171 0
    outer loop
      vertex 0.5211561247706413 -3.3337714299559593 -1
      vertex 0.5244173482060432 -3.1894285678863525 -1
      vertex 0.5244173482060432 -3.1894285678863525 0
    endloop
  endfacet
  facet normal 0.9998312126970132 -0.018372428168854947 0
    outer loop
      vertex 0.5244173482060432 -3.1894285678863525 -1
      vertex 0.5278173461556435 -3.004399999976158 -1
      vertex 0.5278173461556435 -3.004399999976158 0
    endloop
  endfacet
  facet normal 0.9998771206368423 -0.01567621213742962 0
    outer loop
      vertex 0.5278173461556435 -3.004399999976158 -1
      vertex 0.5313561260700226 -2.778685711324215 -1
      vertex 0.5313561260700226 -2.778685711324215 0
    endloop
  endfacet
  facet normal 0.9999047300420597 -0.01380329089441482 0
    outer loop
      vertex 0.5313561260700226 -2.778685711324215 -1
      vertex 0.5350336730480194 -2.512285716831684 -1
      vertex 0.5350336730480194 -2.512285716831684 0
    endloop
  endfacet
  facet normal 0.9999227867070103 -0.012426609516953992 0
    outer loop
      vertex 0.5350336730480194 -2.512285716831684 -1
      vertex 0.5388500019907951 -2.2052000015974045 -1
      vertex 0.5388500019907951 -2.2052000015974045 0
    endloop
  endfacet
  facet normal 0 0 1
    outer loop
      vertex 0.5388500019907951 -2.2052000015974045 -1
      vertex 3.27844999730587 -0.34709999710321426 -1
      vertex 0.5388500019907951 -0.0283999964594841 -1
    endloop
  endfacet
  facet normal 1 0 0
    outer loop
      vertex 0.5388500019907951 -2.2052000015974045 -1
      vertex 0.5388500019907951 -0.0283999964594841 -1
      vertex 0.5388500019907951 -0.0283999964594841 0
    endloop
  endfacet
  facet normal 0 0 1
    outer loop
      vertex 2.955709181725979 -4.223206125199795 -1
      vertex 3.0239949002861977 -4.078863263130188 -1
      vertex 0.5150500014424324 -3.500399999320507 -1
    endloop
  endfacet
  facet normal 0 0 1
    outer loop
      vertex 3.0239949002861977 -4.078863263130188 -1
      vertex 3.0818969383835793 -3.9311979562044144 -1
      vertex 0.5150500014424324 -3.500399999320507 -1
    endloop
  endfacet
  facet normal 0 0 1
    outer loop
      vertex 3.0818969383835793 -3.9311979562044144 -1
      vertex 3.1294153034687042 -3.780210204422474 -1
      vertex 0.5180336758494377 -3.4374285712838173 -1
    endloop
  endfacet
  facet normal 0 0 1
    outer loop
      vertex 3.1294153034687042 -3.780210204422474 -1
      vertex 3.166550002992153 -3.625900000333786 -1
      vertex 0.5211561247706413 -3.3337714299559593 -1
    endloop
  endfacet
  facet normal 0 0 1
    outer loop
      vertex 0.5211561247706413 -3.3337714299559593 -1
      vertex 3.166550002992153 -3.625900000333786 -1
      vertex 3.1962377578020096 -3.4572653025388718 -1
    endloop
  endfacet
  facet normal 0 0 1
    outer loop
      vertex 0.5244173482060432 -3.1894285678863525 -1
      vertex 3.1962377578020096 -3.4572653025388718 -1
      vertex 3.2213581651449203 -3.2633040845394135 -1
    endloop
  endfacet
  facet normal 0 0 1
    outer loop
      vertex 0.5278173461556435 -3.004399999976158 -1
      vertex 3.2213581651449203 -3.2633040845394135 -1
      vertex 3.2419112250208855 -3.0440163239836693 -1
    endloop
  endfacet
  facet normal 0 0 1
    outer loop
      vertex 0.5313561260700226 -2.778685711324215 -1
      vertex 3.2419112250208855 -3.0440163239836693 -1
      vertex 3.257896937429905 -2.799402043223381 -1
    endloop
  endfacet
  facet normal 0 0 1
    outer loop
      vertex 0.5350336730480194 -2.512285716831684 -1
      vertex 3.257896937429905 -2.799402043223381 -1
      vertex 3.2693153098225594 -2.5294612273573875 -1
    endloop
  endfacet
  facet normal 0 0 1
    outer loop
      vertex 0.5388500019907951 -2.2052000015974045 -1
      vertex 3.2693153098225594 -2.5294612273573875 -1
      vertex 3.2761663272976875 -2.234193876385689 -1
    endloop
  endfacet
  facet normal -0.9039490383602924 0.427640194611665 0
    outer loop
      vertex 2.955709181725979 -4.223206125199795 -1
      vertex 2.955709181725979 -4.223206125199795 0
      vertex 3.0239949002861977 -4.078863263130188 -1
    endloop
  endfacet
  facet normal -0.9309858953793132 0.365055150086639 0
    outer loop
      vertex 3.0239949002861977 -4.078863263130188 -1
      vertex 3.0239949002861977 -4.078863263130188 0
      vertex 3.0818969383835793 -3.9311979562044144 -1
    endloop
  endfacet
  facet normal -0.9538760569346173 0.30020071286868505 0
    outer loop
      vertex 3.0818969383835793 -3.9311979562044144 -1
      vertex 3.0818969383835793 -3.9311979562044144 0
      vertex 3.1294153034687042 -3.780210204422474 -1
    endloop
  endfacet
  facet normal -0.972243781984116 0.2339701442347353 0
    outer loop
      vertex 3.1294153034687042 -3.780210204422474 -1
      vertex 3.1294153034687042 -3.780210204422474 0
      vertex 3.166550002992153 -3.625900000333786 -1
    endloop
  endfacet
  facet normal -0.9848547492519658 0.1733814375181141 0
    outer loop
      vertex 3.166550002992153 -3.625900000333786 -1
      vertex 3.166550002992153 -3.625900000333786 0
      vertex 3.1962377578020096 -3.4572653025388718 -1
    endloop
  endfacet
  facet normal -0.9917173056275697 0.1284398136046354 0
    outer loop
      vertex 3.1962377578020096 -3.4572653025388718 -1
      vertex 3.1962377578020096 -3.4572653025388718 0
      vertex 3.2213581651449203 -3.2633040845394135 -1
    endloop
  endfacet
  facet normal -0.9956364062699745 0.09331745018918015 0
    outer loop
      vertex 3.2213581651449203 -3.2633040845394135 -1
      vertex 3.2213581651449203 -3.2633040845394135 0
      vertex 3.2419112250208855 -3.0440163239836693 -1
    endloop
  endfacet
  facet normal -0.9978714589270203 0.06521158991207066 0
    outer loop
      vertex 3.2419112250208855 -3.0440163239836693 -1
      vertex 3.2419112250208855 -3.0440163239836693 0
      vertex 3.257896937429905 -2.799402043223381 -1
    endloop
  endfacet
  facet normal -0.9991065731944525 0.04226174865807047 0
    outer loop
      vertex 3.257896937429905 -2.799402043223381 -1
      vertex 3.257896937429905 -2.799402043223381 0
      vertex 3.2693153098225594 -2.5294612273573875 -1
    endloop
  endfacet
  facet normal -0.9997309246059356 0.023196516690251346 0
    outer loop
      vertex 3.2693153098225594 -2.5294612273573875 -1
      vertex 3.2693153098225594 -2.5294612273573875 0
      vertex 3.2761663272976875 -2.234193876385689 -1
    endloop
  endfacet
  facet normal -0.9999746306276633 0.007123068234144159 0
    outer loop
      vertex 3.2761663272976875 -2.234193876385689 -1
      vertex 3.2761663272976875 -2.234193876385689 0
      vertex 3.27844999730587 -1.9135999977588654 -1
    endloop
  endfacet
  facet normal 0 0 1
    outer loop
      vertex 0.5388500019907951 -2.2052000015974045 -1
      vertex 3.2761663272976875 -2.234193876385689 -1
      vertex 3.27844999730587 -1.9135999977588654 -1
    endloop
  endfacet
  facet normal 0 0 1
    outer loop
      vertex 0.5388500019907951 -2.2052000015974045 -1
      vertex 3.27844999730587 -1.9135999977588654 -1
      vertex 3.27844999730587 -0.34709999710321426 -1
    endloop
  endfacet
  facet normal 0 0 1
    outer loop
      vertex 0.5388500019907951 -0.0283999964594841 -1
      vertex 3.27844999730587 -0.34709999710321426 -1
      vertex 3.266617350280285 0.14439795911312103 -1
    endloop
  endfacet
  facet normal -1 0 0
    outer loop
      vertex 3.27844999730587 -1.9135999977588654 -1
      vertex 3.27844999730587 -1.9135999977588654 0
      vertex 3.27844999730587 -0.34709999710321426 -1
    endloop
  endfacet
  facet normal -0.9997103312424593 -0.02406768802964496 0
    outer loop
      vertex 3.27844999730587 -0.34709999710321426 -1
      vertex 3.27844999730587 -0.34709999710321426 0
      vertex 3.266617350280285 0.14439795911312103 -1
    endloop
  endfacet
  facet normal 0.04645471680740094 -0.9989203968717147 0
    outer loop
      vertex 0.05065000057220459 -3.907300002872944 -1
      vertex 0.10717245191335678 -3.9046714305877686 0
      vertex 0.05065000057220459 -3.907300002872944 0
    endloop
  endfacet
  facet normal 0.14625240959346805 -0.9892473061313357 0
    outer loop
      vertex 0.10717245191335678 -3.9046714305877686 -1
      vertex 0.16051122546195984 -3.8967857137322426 0
      vertex 0.10717245191335678 -3.9046714305877686 0
    endloop
  endfacet
  facet normal 0.25348561671494724 -0.9673391556835911 0
    outer loop
      vertex 0.16051122546195984 -3.8967857137322426 -1
      vertex 0.21066632866859436 -3.8836428597569466 0
      vertex 0.16051122546195984 -3.8967857137322426 0
    endloop
  endfacet
  facet normal 0.36474112611147297 -0.9311089683398687 0
    outer loop
      vertex 0.21066632866859436 -3.8836428597569466 -1
      vertex 0.25763775408267975 -3.8652428537607193 0
      vertex 0.21066632866859436 -3.8836428597569466 0
    endloop
  endfacet
  facet normal 0.47533177473102173 -0.8798066287151155 0
    outer loop
      vertex 0.25763775408267975 -3.8652428537607193 -1
      vertex 0.3014255091547966 -3.841585710644722 0
      vertex 0.25763775408267975 -3.8652428537607193 0
    endloop
  endfacet
  facet normal 0.5800601361386308 -0.8145736544124375 0
    outer loop
      vertex 0.3014255091547966 -3.841585710644722 -1
      vertex 0.3420295938849449 -3.8126714304089546 0
      vertex 0.3014255091547966 -3.841585710644722 0
    endloop
  endfacet
  facet normal 0.6743228891972922 -0.7384366195582505 0
    outer loop
      vertex 0.3420295938849449 -3.8126714304089546 -1
      vertex 0.3794500008225441 -3.778499998152256 0
      vertex 0.3420295938849449 -3.8126714304089546 0
    endloop
  endfacet
  facet normal 0.7434581487375519 -0.6687824616986695 0
    outer loop
      vertex 0.3794500008225441 -3.778499998152256 -1
      vertex 0.4129520431160927 -3.741257146000862 0
      vertex 0.3794500008225441 -3.778499998152256 0
    endloop
  endfacet
  facet normal 0.7975976353276337 -0.6031898640724718 0
    outer loop
      vertex 0.4129520431160927 -3.741257146000862 -1
      vertex 0.4417438805103302 -3.7031857147812843 0
      vertex 0.4129520431160927 -3.741257146000862 0
    endloop
  endfacet
  facet normal 0.8502585108265721 -0.5263653339335522 0
    outer loop
      vertex 0.4417438805103302 -3.7031857147812843 -1
      vertex 0.46582551300525665 -3.6642857119441032 0
      vertex 0.4417438805103302 -3.7031857147812843 0
    endloop
  endfacet
  facet normal 0.8988429728672473 -0.43827081824731223 0
    outer loop
      vertex 0.46582551300525665 -3.6642857119441032 -1
      vertex 0.48519694060087204 -3.6245571449398994 0
      vertex 0.46582551300525665 -3.6642857119441032 0
    endloop
  endfacet
  facet normal 0.9404383876251863 -0.33996417323144484 0
    outer loop
      vertex 0.48519694060087204 -3.6245571449398994 -1
      vertex 0.49985816329717636 -3.5839999988675117 0
      vertex 0.48519694060087204 -3.6245571449398994 0
    endloop
  endfacet
  facet normal 0.9722888669752796 -0.23378271782988383 0
    outer loop
      vertex 0.49985816329717636 -3.5839999988675117 -1
      vertex 0.5098091810941696 -3.5426142886281013 0
      vertex 0.49985816329717636 -3.5839999988675117 0
    endloop
  endfacet
  facet normal 0.9923815879655443 -0.12320220723259996 0
    outer loop
      vertex 0.5098091810941696 -3.5426142886281013 -1
      vertex 0.5150500014424324 -3.500399999320507 0
      vertex 0.5098091810941696 -3.5426142886281013 0
    endloop
  endfacet
  facet normal 0.9988793879525357 -0.04732830362021717 0
    outer loop
      vertex 0.5150500014424324 -3.500399999320507 -1
      vertex 0.5180336758494377 -3.4374285712838173 0
      vertex 0.5150500014424324 -3.500399999320507 0
    endloop
  endfacet
  facet normal 0.9995466153601927 -0.030109196634630474 0
    outer loop
      vertex 0.5180336758494377 -3.4374285712838173 -1
      vertex 0.5211561247706413 -3.3337714299559593 0
      vertex 0.5180336758494377 -3.4374285712838173 0
    endloop
  endfacet
  facet normal 0.999744862522888 -0.02258782546178171 0
    outer loop
      vertex 0.5211561247706413 -3.3337714299559593 -1
      vertex 0.5244173482060432 -3.1894285678863525 0
      vertex 0.5211561247706413 -3.3337714299559593 0
    endloop
  endfacet
  facet normal 0.9998312126970132 -0.018372428168854947 0
    outer loop
      vertex 0.5244173482060432 -3.1894285678863525 -1
      vertex 0.5278173461556435 -3.004399999976158 0
      vertex 0.5244173482060432 -3.1894285678863525 0
    endloop
  endfacet
  facet normal 0.9998771206368423 -0.01567621213742962 0
    outer loop
      vertex 0.5278173461556435 -3.004399999976158 -1
      vertex 0.5313561260700226 -2.778685711324215 0
      vertex 0.5278173461556435 -3.004399999976158 0
    endloop
  endfacet
  facet normal 0.9999047300420597 -0.01380329089441482 0
    outer loop
      vertex 0.5313561260700226 -2.778685711324215 -1
      vertex 0.5350336730480194 -2.512285716831684 0
      vertex 0.5313561260700226 -2.778685711324215 0
    endloop
  endfacet
  facet normal 0.9999227867070103 -0.012426609516953992 0
    outer loop
      vertex 0.5350336730480194 -2.512285716831684 -1
      vertex 0.5388500019907951 -2.2052000015974045 0
      vertex 0.5350336730480194 -2.512285716831684 0
    endloop
  endfacet
  facet normal 1 0 0
    outer loop
      vertex 0.5388500019907951 -2.2052000015974045 -1
      vertex 0.5388500019907951 -0.0283999964594841 0
      vertex 0.5388500019907951 -2.2052000015974045 0
    endloop
  endfacet
  facet normal -0.9039490383602924 0.427640194611665 0
    outer loop
      vertex 3.0239949002861977 -4.078863263130188 -1
      vertex 2.955709181725979 -4.223206125199795 0
      vertex 3.0239949002861977 -4.078863263130188 0
    endloop
  endfacet
  facet normal -0.9309858953793132 0.365055150086639 0
    outer loop
      vertex 3.0818969383835793 -3.9311979562044144 -1
      vertex 3.0239949002861977 -4.078863263130188 0
      vertex 3.0818969383835793 -3.9311979562044144 0
    endloop
  endfacet
  facet normal -0.9538760569346173 0.30020071286868505 0
    outer loop
      vertex 3.1294153034687042 -3.780210204422474 -1
      vertex 3.0818969383835793 -3.9311979562044144 0
      vertex 3.1294153034687042 -3.780210204422474 0
    endloop
  endfacet
  facet normal -0.972243781984116 0.2339701442347353 0
    outer loop
      vertex 3.166550002992153 -3.625900000333786 -1
      vertex 3.1294153034687042 -3.780210204422474 0
      vertex 3.166550002992153 -3.625900000333786 0
    endloop
  endfacet
  facet normal -0.9848547492519658 0.1733814375181141 0
    outer loop
      vertex 3.1962377578020096 -3.4572653025388718 -1
      vertex 3.166550002992153 -3.625900000333786 0
      vertex 3.1962377578020096 -3.4572653025388718 0
    endloop
  endfacet
  facet normal -0.9917173056275697 0.1284398136046354 0
    outer loop
      vertex 3.2213581651449203 -3.2633040845394135 -1
      vertex 3.1962377578020096 -3.4572653025388718 0
      vertex 3.2213581651449203 -3.2633040845394135 0
    endloop
  endfacet
  facet normal -0.9956364062699745 0.09331745018918015 0
    outer loop
      vertex 3.2419112250208855 -3.0440163239836693 -1
      vertex 3.2213581651449203 -3.2633040845394135 0
      vertex 3.2419112250208855 -3.0440163239836693 0
    endloop
  endfacet
  facet normal -0.9978714589270203 0.06521158991207066 0
    outer loop
      vertex 3.257896937429905 -2.799402043223381 -1
      vertex 3.2419112250208855 -3.0440163239836693 0
      vertex 3.257896937429905 -2.799402043223381 0
    endloop
  endfacet
  facet normal -0.9991065731944525 0.04226174865807047 0
    outer loop
      vertex 3.2693153098225594 -2.5294612273573875 -1
      vertex 3.257896937429905 -2.799402043223381 0
      vertex 3.2693153098225594 -2.5294612273573875 0
    endloop
  endfacet
  facet normal -0.9997309246059356 0.023196516690251346 0
    outer loop
      vertex 3.2761663272976875 -2.234193876385689 -1
      vertex 3.2693153098225594 -2.5294612273573875 0
      vertex 3.2761663272976875 -2.234193876385689 0
    endloop
  endfacet
  facet normal -0.9999746306276633 0.007123068234144159 0
    outer loop
      vertex 3.27844999730587 -1.9135999977588654 -1
      vertex 3.2761663272976875 -2.234193876385689 0
      vertex 3.27844999730587 -1.9135999977588654 0
    endloop
  endfacet
  facet normal -1 0 0
    outer loop
      vertex 3.27844999730587 -0.34709999710321426 -1
      vertex 3.27844999730587 -1.9135999977588654 0
      vertex 3.27844999730587 -0.34709999710321426 0
    endloop
  endfacet
  facet normal -0.9997103312424593 -0.02406768802964496 0
    outer loop
      vertex 3.266617350280285 0.14439795911312103 -1
      vertex 3.27844999730587 -0.34709999710321426 0
      vertex 3.266617350280285 0.14439795911312103 0
    endloop
  endfacet
  facet normal 0 0 1
    outer loop
      vertex -0.041027553379535675 2.479020409286022 -1
      vertex 0.13941938430070877 1.0179306119680405 -1
      vertex 0.20737040787935257 0.9950938746333122 -1
    endloop
  endfacet
  facet normal 0 0 1
    outer loop
      vertex 0.20737040787935257 0.9950938746333122 -1
      vertex 0.2683989778161049 0.9631224498152733 -1
      vertex 0.1934153065085411 2.58654897660017 -1
    endloop
  endfacet
  facet normal 0 0 1
    outer loop
      vertex 0.3225051015615463 0.922016330063343 -1
      vertex 0.44280918687582016 2.663355104625225 -1
      vertex 0.2683989778161049 0.9631224498152733 -1
    endloop
  endfacet
  facet normal 0 0 1
    outer loop
      vertex 0.3225051015615463 0.922016330063343 -1
      vertex 0.3696887791156769 0.8717755079269409 -1
      vertex 0.7071540802717209 2.709438778460026 -1
    endloop
  endfacet
  facet normal 0 0 1
    outer loop
      vertex -0.041027553379535675 2.479020409286022 -1
      vertex 0.20737040787935257 0.9950938746333122 -1
      vertex 0.1934153065085411 2.58654897660017 -1
    endloop
  endfacet
  facet normal 0 0 1
    outer loop
      vertex 0.2683989778161049 0.9631224498152733 -1
      vertex 0.44280918687582016 2.663355104625225 -1
      vertex 0.1934153065085411 2.58654897660017 -1
    endloop
  endfacet
  facet normal 0 0 1
    outer loop
      vertex 0.3225051015615463 0.922016330063343 -1
      vertex 0.7071540802717209 2.709438778460026 -1
      vertex 0.44280918687582016 2.663355104625225 -1
    endloop
  endfacet
  facet normal 0 0 1
    outer loop
      vertex 0.40995000302791595 0.8123999983072281 -1
      vertex 0.9864500015974045 2.7247999981045723 -1
      vertex 0.3696887791156769 0.8717755079269409 -1
    endloop
  endfacet
  facet normal 0 0 1
    outer loop
      vertex 0.3696887791156769 0.8717755079269409 -1
      vertex 0.9864500015974045 2.7247999981045723 -1
      vertex 0.7071540802717209 2.709438778460026 -1
    endloop
  endfacet
  facet normal 0 0 1
    outer loop
      vertex 0.40995000302791595 0.8123999983072281 -1
      vertex 1.2987153083086014 2.711859181523323 -1
      vertex 0.9864500015974045 2.7247999981045723 -1
    endloop
  endfacet
  facet normal 0 0 1
    outer loop
      vertex 0.5388500019907951 -0.0283999964594841 -1
      vertex 3.266617350280285 0.14439795911312103 -1
      vertex 0.5362193882465363 0.13988571614027023 -1
    endloop
  endfacet
  facet normal 0 0 1
    outer loop
      vertex 0.5362193882465363 0.13988571614027023 -1
      vertex 3.2311193868517876 0.5881489813327789 -1
      vertex 0.5283275544643402 0.2921142876148224 -1
    endloop
  endfacet
  facet normal 0 0 1
    outer loop
      vertex 0.5283275544643402 0.2921142876148224 -1
      vertex 3.2311193868517876 0.5881489813327789 -1
      vertex 0.5151744931936264 0.42828571796417236 -1
    endloop
  endfacet
  facet normal 0 0 1
    outer loop
      vertex 0.4441479593515396 0.7404571399092674 -1
      vertex 0.4730846956372261 0.6524571403861046 -1
      vertex 2.9826336726546288 1.6329204067587852 -1
    endloop
  endfacet
  facet normal 0 0 1
    outer loop
      vertex 0.5151744931936264 0.42828571796417236 -1
      vertex 3.1719561219215393 0.9841530621051788 -1
      vertex 0.49676020443439484 0.5483999997377396 -1
    endloop
  endfacet
  facet normal 0 0 1
    outer loop
      vertex 0.49676020443439484 0.5483999997377396 -1
      vertex 3.0891275480389595 1.3324102014303207 -1
      vertex 0.4730846956372261 0.6524571403861046 -1
    endloop
  endfacet
  facet normal 0 0 1
    outer loop
      vertex 0.40995000302791595 0.8123999983072281 -1
      vertex 0.4441479593515396 0.7404571399092674 -1
      vertex 2.8524744883179665 1.8856836706399918 -1
    endloop
  endfacet
  facet normal 0 0 1
    outer loop
      vertex 0.40995000302791595 0.8123999983072281 -1
      vertex 1.5884255096316338 2.6730367317795753 -1
      vertex 1.2987153083086014 2.711859181523323 -1
    endloop
  endfacet
  facet normal 0 0 1
    outer loop
      vertex 0.40995000302791595 0.8123999983072281 -1
      vertex 1.8555806130170822 2.6083326563239098 -1
      vertex 1.5884255096316338 2.6730367317795753 -1
    endloop
  endfacet
  facet normal 0 0 1
    outer loop
      vertex 0.40995000302791595 0.8123999983072281 -1
      vertex 2.100180611014366 2.517746940255165 -1
      vertex 1.8555806130170822 2.6083326563239098 -1
    endloop
  endfacet
  facet normal 0 0 1
    outer loop
      vertex 0.4441479593515396 0.7404571399092674 -1
      vertex 2.9826336726546288 1.6329204067587852 -1
      vertex 2.8524744883179665 1.8856836706399918 -1
    endloop
  endfacet
  facet normal 0 0 1
    outer loop
      vertex 0.40995000302791595 0.8123999983072281 -1
      vertex 2.5217153057456017 2.2589306086301804 -1
      vertex 2.322225511074066 2.401279591023922 -1
    endloop
  endfacet
  facet normal 0 0 1
    outer loop
      vertex 0.40995000302791595 0.8123999983072281 -1
      vertex 2.322225511074066 2.401279591023922 -1
      vertex 2.100180611014366 2.517746940255165 -1
    endloop
  endfacet
  facet normal 0 0 1
    outer loop
      vertex 0.40995000302791595 0.8123999983072281 -1
      vertex 2.6986500024795532 2.090700000524521 -1
      vertex 2.5217153057456017 2.2589306086301804 -1
    endloop
  endfacet
  facet normal 0 0 1
    outer loop
      vertex 0.40995000302791595 0.8123999983072281 -1
      vertex 2.8524744883179665 1.8856836706399918 -1
      vertex 2.6986500024795532 2.090700000524521 -1
    endloop
  endfacet
  facet normal 0.9986589060881874 0.05177247618903921 0
    outer loop
      vertex 0.5362193882465363 0.13988571614027023 -1
      vertex 0.5283275544643402 0.2921142876148224 -1
      vertex 0.5283275544643402 0.2921142876148224 0
    endloop
  endfacet
  facet normal 0.9953673911245372 0.09614445738539669 0
    outer loop
      vertex 0.5283275544643402 0.2921142876148224 -1
      vertex 0.5151744931936264 0.42828571796417236 -1
      vertex 0.5151744931936264 0.42828571796417236 0
    endloop
  endfacet
  facet normal 0.9884517417480926 0.1515359833015318 0
    outer loop
      vertex 0.5151744931936264 0.42828571796417236 -1
      vertex 0.49676020443439484 0.5483999997377396 -1
      vertex 0.49676020443439484 0.5483999997377396 0
    endloop
  endfacet
  facet normal 0.05575147971898064 0.9984446767393496 0
    outer loop
      vertex -0.017250001430511475 1.036200001835823 -1
      vertex -0.017250001430511475 1.036200001835823 0
      vertex 0.06454592198133469 1.0316326543688774 -1
    endloop
  endfacet
  facet normal 0.18001316066235984 0.9836642018434683 0
    outer loop
      vertex 0.06454592198133469 1.0316326543688774 -1
      vertex 0.06454592198133469 1.0316326543688774 0
      vertex 0.13941938430070877 1.0179306119680405 -1
    endloop
  endfacet
  facet normal 0.3185669669361624 0.9479003574095192 0
    outer loop
      vertex 0.13941938430070877 1.0179306119680405 -1
      vertex 0.13941938430070877 1.0179306119680405 0
      vertex 0.20737040787935257 0.9950938746333122 -1
    endloop
  endfacet
  facet normal 0.46405344832654594 0.885807200860459 0
    outer loop
      vertex 0.20737040787935257 0.9950938746333122 -1
      vertex 0.20737040787935257 0.9950938746333122 0
      vertex 0.2683989778161049 0.9631224498152733 -1
    endloop
  endfacet
  facet normal 0.9750798544525513 0.22185418057992842 0
    outer loop
      vertex 0.49676020443439484 0.5483999997377396 -1
      vertex 0.4730846956372261 0.6524571403861046 -1
      vertex 0.4730846956372261 0.6524571403861046 0
    endloop
  endfacet
  facet normal 0.9499598519718097 0.31237202122100705 0
    outer loop
      vertex 0.4441479593515396 0.7404571399092674 -1
      vertex 0.4441479593515396 0.7404571399092674 0
      vertex 0.4730846956372261 0.6524571403861046 -1
    endloop
  endfacet
  facet normal 0.9031553553051063 0.4293138760670419 0
    outer loop
      vertex 0.40995000302791595 0.8123999983072281 -1
      vertex 0.40995000302791595 0.8123999983072281 0
      vertex 0.4441479593515396 0.7404571399092674 -1
    endloop
  endfacet
  facet normal 0.8276654974452179 0.5612217247565887 0
    outer loop
      vertex 0.40995000302791595 0.8123999983072281 -1
      vertex 0.3696887791156769 0.8717755079269409 -1
      vertex 0.3696887791156769 0.8717755079269409 0
    endloop
  endfacet
  facet normal 0.7289367323129358 0.6845810691838765 0
    outer loop
      vertex 0.3225051015615463 0.922016330063343 -1
      vertex 0.3225051015615463 0.922016330063343 0
      vertex 0.3696887791156769 0.8717755079269409 -1
    endloop
  endfacet
  facet normal 0.6049476747758611 0.7962652264059251 0
    outer loop
      vertex 0.3225051015615463 0.922016330063343 -1
      vertex 0.2683989778161049 0.9631224498152733 -1
      vertex 0.2683989778161049 0.9631224498152733 0
    endloop
  endfacet
  facet normal 0.999877845323037 0.015629921054216553 0
    outer loop
      vertex 0.5388500019907951 -0.0283999964594841 -1
      vertex 0.5362193882465363 0.13988571614027023 -1
      vertex 0.5362193882465363 0.13988571614027023 0
    endloop
  endfacet
  facet normal 0.4168968867453689 -0.9089537864061181 0
    outer loop
      vertex -0.041027553379535675 2.479020409286022 -1
      vertex 0.1934153065085411 2.58654897660017 -1
      vertex 0.1934153065085411 2.58654897660017 0
    endloop
  endfacet
  facet normal 0.29432930978009353 -0.9557040637165743 0
    outer loop
      vertex 0.1934153065085411 2.58654897660017 -1
      vertex 0.44280918687582016 2.663355104625225 -1
      vertex 0.44280918687582016 2.663355104625225 0
    endloop
  endfacet
  facet normal 0.1717414132417603 -0.9851420643631673 0
    outer loop
      vertex 0.44280918687582016 2.663355104625225 -1
      vertex 0.7071540802717209 2.709438778460026 -1
      vertex 0.7071540802717209 2.709438778460026 0
    endloop
  endfacet
  facet normal 0.05491680105820698 -0.9984909338404296 0
    outer loop
      vertex 0.7071540802717209 2.709438778460026 -1
      vertex 0.9864500015974045 2.7247999981045723 -1
      vertex 0.9864500015974045 2.7247999981045723 0
    endloop
  endfacet
  facet normal 0 1 0
    outer loop
      vertex -0.6546500027179718 3.8369000032544136 -1
      vertex -0.6546500027179718 3.8369000032544136 0
      vertex 2.742749996483326 3.8369000032544136 -1
    endloop
  endfacet
  facet normal -0.041406195961408286 -0.9991423957254569 0
    outer loop
      vertex 0.9864500015974045 2.7247999981045723 -1
      vertex 1.2987153083086014 2.711859181523323 -1
      vertex 1.2987153083086014 2.711859181523323 0
    endloop
  endfacet
  facet normal -0.13281722193926704 -0.9911405478318076 0
    outer loop
      vertex 1.2987153083086014 2.711859181523323 -1
      vertex 1.5884255096316338 2.6730367317795753 -1
      vertex 1.5884255096316338 2.6730367317795753 0
    endloop
  endfacet
  facet normal -0.23539111608165977 -0.971900726653618 0
    outer loop
      vertex 1.5884255096316338 2.6730367317795753 -1
      vertex 1.8555806130170822 2.6083326563239098 -1
      vertex 1.8555806130170822 2.6083326563239098 0
    endloop
  endfacet
  facet normal -0.3472911748796534 -0.9377573459326831 0
    outer loop
      vertex 1.8555806130170822 2.6083326563239098 -1
      vertex 2.100180611014366 2.517746940255165 -1
      vertex 2.100180611014366 2.517746940255165 0
    endloop
  endfacet
  facet normal 0 0 1
    outer loop
      vertex 0.5362193882465363 0.13988571614027023 -1
      vertex 3.266617350280285 0.14439795911312103 -1
      vertex 3.2311193868517876 0.5881489813327789 -1
    endloop
  endfacet
  facet normal 0 0 1
    outer loop
      vertex 0.5151744931936264 0.42828571796417236 -1
      vertex 3.2311193868517876 0.5881489813327789 -1
      vertex 3.1719561219215393 0.9841530621051788 -1
    endloop
  endfacet
  facet normal 0 0 1
    outer loop
      vertex 0.49676020443439484 0.5483999997377396 -1
      vertex 3.1719561219215393 0.9841530621051788 -1
      vertex 3.0891275480389595 1.3324102014303207 -1
    endloop
  endfacet
  facet normal 0 0 1
    outer loop
      vertex 0.4730846956372261 0.6524571403861046 -1
      vertex 3.0891275480389595 1.3324102014303207 -1
      vertex 2.9826336726546288 1.6329204067587852 -1
    endloop
  endfacet
  facet normal -0.9728627048661898 -0.2313831400090359 0
    outer loop
      vertex 3.1719561219215393 0.9841530621051788 -1
      vertex 3.1719561219215393 0.9841530621051788 0
      vertex 3.0891275480389595 1.3324102014303207 -1
    endloop
  endfacet
  facet normal -0.9425648491312968 -0.3340232105439616 0
    outer loop
      vertex 3.0891275480389595 1.3324102014303207 -1
      vertex 3.0891275480389595 1.3324102014303207 0
      vertex 2.9826336726546288 1.6329204067587852 -1
    endloop
  endfacet
  facet normal -0.7998834279814647 -0.600155397910092 0
    outer loop
      vertex 2.6986500024795532 2.090700000524521 -1
      vertex 2.8524744883179665 1.8856836706399918 -1
      vertex 2.8524744883179665 1.8856836706399918 0
    endloop
  endfacet
  facet normal -0.8890492834232745 -0.4578115023069671 0
    outer loop
      vertex 2.9826336726546288 1.6329204067587852 -1
      vertex 2.9826336726546288 1.6329204067587852 0
      vertex 2.8524744883179665 1.8856836706399918 -1
    endloop
  endfacet
  facet normal -0.9968156567866115 -0.07974049401073613 0
    outer loop
      vertex 3.266617350280285 0.14439795911312103 -1
      vertex 3.266617350280285 0.14439795911312103 0
      vertex 3.2311193868517876 0.5881489813327789 -1
    endloop
  endfacet
  facet normal -0.9890231428013928 -0.1477606950554025 0
    outer loop
      vertex 3.2311193868517876 0.5881489813327789 -1
      vertex 3.2311193868517876 0.5881489813327789 0
      vertex 3.1719561219215393 0.9841530621051788 -1
    endloop
  endfacet
  facet normal -0.46450175782998715 -0.8855721974931531 0
    outer loop
      vertex 2.100180611014366 2.517746940255165 -1
      vertex 2.322225511074066 2.401279591023922 -1
      vertex 2.322225511074066 2.401279591023922 0
    endloop
  endfacet
  facet normal -0.5808497845412073 -0.814010766389753 0
    outer loop
      vertex 2.322225511074066 2.401279591023922 -1
      vertex 2.5217153057456017 2.2589306086301804 -1
      vertex 2.5217153057456017 2.2589306086301804 0
    endloop
  endfacet
  facet normal -0.6890565040637195 -0.724707619807799 0
    outer loop
      vertex 2.5217153057456017 2.2589306086301804 -1
      vertex 2.6986500024795532 2.090700000524521 -1
      vertex 2.6986500024795532 2.090700000524521 0
    endloop
  endfacet
  facet normal 0.9953673911245372 0.09614445738539669 0
    outer loop
      vertex 0.5283275544643402 0.2921142876148224 -1
      vertex 0.5151744931936264 0.42828571796417236 0
      vertex 0.5283275544643402 0.2921142876148224 0
    endloop
  endfacet
  facet normal 0.9884517417480926 0.1515359833015318 0
    outer loop
      vertex 0.5151744931936264 0.42828571796417236 -1
      vertex 0.49676020443439484 0.5483999997377396 0
      vertex 0.5151744931936264 0.42828571796417236 0
    endloop
  endfacet
  facet normal 0.05575147971898064 0.9984446767393496 0
    outer loop
      vertex 0.06454592198133469 1.0316326543688774 -1
      vertex -0.017250001430511475 1.036200001835823 0
      vertex 0.06454592198133469 1.0316326543688774 0
    endloop
  endfacet
  facet normal 0.18001316066235984 0.9836642018434683 0
    outer loop
      vertex 0.13941938430070877 1.0179306119680405 -1
      vertex 0.06454592198133469 1.0316326543688774 0
      vertex 0.13941938430070877 1.0179306119680405 0
    endloop
  endfacet
  facet normal 0.3185669669361624 0.9479003574095192 0
    outer loop
      vertex 0.20737040787935257 0.9950938746333122 -1
      vertex 0.13941938430070877 1.0179306119680405 0
      vertex 0.20737040787935257 0.9950938746333122 0
    endloop
  endfacet
  facet normal 0.46405344832654594 0.885807200860459 0
    outer loop
      vertex 0.2683989778161049 0.9631224498152733 -1
      vertex 0.20737040787935257 0.9950938746333122 0
      vertex 0.2683989778161049 0.9631224498152733 0
    endloop
  endfacet
  facet normal 0.9750798544525513 0.22185418057992842 0
    outer loop
      vertex 0.49676020443439484 0.5483999997377396 -1
      vertex 0.4730846956372261 0.6524571403861046 0
      vertex 0.49676020443439484 0.5483999997377396 0
    endloop
  endfacet
  facet normal 0.9499598519718097 0.31237202122100705 0
    outer loop
      vertex 0.4730846956372261 0.6524571403861046 -1
      vertex 0.4441479593515396 0.7404571399092674 0
      vertex 0.4730846956372261 0.6524571403861046 0
    endloop
  endfacet
  facet normal 0.9031553553051063 0.4293138760670419 0
    outer loop
      vertex 0.4441479593515396 0.7404571399092674 -1
      vertex 0.40995000302791595 0.8123999983072281 0
      vertex 0.4441479593515396 0.7404571399092674 0
    endloop
  endfacet
  facet normal 0.8276654974452179 0.5612217247565887 0
    outer loop
      vertex 0.40995000302791595 0.8123999983072281 -1
      vertex 0.3696887791156769 0.8717755079269409 0
      vertex 0.40995000302791595 0.8123999983072281 0
    endloop
  endfacet
  facet normal 0.7289367323129358 0.6845810691838765 0
    outer loop
      vertex 0.3696887791156769 0.8717755079269409 -1
      vertex 0.3225051015615463 0.922016330063343 0
      vertex 0.3696887791156769 0.8717755079269409 0
    endloop
  endfacet
  facet normal 0.6049476747758611 0.7962652264059251 0
    outer loop
      vertex 0.3225051015615463 0.922016330063343 -1
      vertex 0.2683989778161049 0.9631224498152733 0
      vertex 0.3225051015615463 0.922016330063343 0
    endloop
  endfacet
  facet normal 0.999877845323037 0.015629921054216553 0
    outer loop
      vertex 0.5388500019907951 -0.0283999964594841 -1
      vertex 0.5362193882465363 0.13988571614027023 0
      vertex 0.5388500019907951 -0.0283999964594841 0
    endloop
  endfacet
  facet normal 0.9986589060881874 0.05177247618903921 0
    outer loop
      vertex 0.5362193882465363 0.13988571614027023 -1
      vertex 0.5283275544643402 0.2921142876148224 0
      vertex 0.5362193882465363 0.13988571614027023 0
    endloop
  endfacet
  facet normal 0.4168968867453689 -0.9089537864061181 0
    outer loop
      vertex -0.041027553379535675 2.479020409286022 -1
      vertex 0.1934153065085411 2.58654897660017 0
      vertex -0.041027553379535675 2.479020409286022 0
    endloop
  endfacet
  facet normal 0.29432930978009353 -0.9557040637165743 0
    outer loop
      vertex 0.1934153065085411 2.58654897660017 -1
      vertex 0.44280918687582016 2.663355104625225 0
      vertex 0.1934153065085411 2.58654897660017 0
    endloop
  endfacet
  facet normal 0.1717414132417603 -0.9851420643631673 0
    outer loop
      vertex 0.44280918687582016 2.663355104625225 -1
      vertex 0.7071540802717209 2.709438778460026 0
      vertex 0.44280918687582016 2.663355104625225 0
    endloop
  endfacet
  facet normal 0.05491680105820698 -0.9984909338404296 0
    outer loop
      vertex 0.7071540802717209 2.709438778460026 -1
      vertex 0.9864500015974045 2.7247999981045723 0
      vertex 0.7071540802717209 2.709438778460026 0
    endloop
  endfacet
  facet normal -0.041406195961408286 -0.9991423957254569 0
    outer loop
      vertex 0.9864500015974045 2.7247999981045723 -1
      vertex 1.2987153083086014 2.711859181523323 0
      vertex 0.9864500015974045 2.7247999981045723 0
    endloop
  endfacet
  facet normal -0.13281722193926704 -0.9911405478318076 0
    outer loop
      vertex 1.2987153083086014 2.711859181523323 -1
      vertex 1.5884255096316338 2.6730367317795753 0
      vertex 1.2987153083086014 2.711859181523323 0
    endloop
  endfacet
  facet normal -0.3472911748796534 -0.9377573459326831 0
    outer loop
      vertex 1.8555806130170822 2.6083326563239098 -1
      vertex 2.100180611014366 2.517746940255165 0
      vertex 1.8555806130170822 2.6083326563239098 0
    endloop
  endfacet
  facet normal -0.23539111608165977 -0.971900726653618 0
    outer loop
      vertex 1.5884255096316338 2.6730367317795753 -1
      vertex 1.8555806130170822 2.6083326563239098 0
      vertex 1.5884255096316338 2.6730367317795753 0
    endloop
  endfacet
  facet normal 0 1 0
    outer loop
      vertex 2.742749996483326 3.8369000032544136 -1
      vertex -0.6546500027179718 3.8369000032544136 0
      vertex 2.742749996483326 3.8369000032544136 0
    endloop
  endfacet
  facet normal -0.9728627048661898 -0.2313831400090359 0
    outer loop
      vertex 3.0891275480389595 1.3324102014303207 -1
      vertex 3.1719561219215393 0.9841530621051788 0
      vertex 3.0891275480389595 1.3324102014303207 0
    endloop
  endfacet
  facet normal -0.9425648491312968 -0.3340232105439616 0
    outer loop
      vertex 2.9826336726546288 1.6329204067587852 -1
      vertex 3.0891275480389595 1.3324102014303207 0
      vertex 2.9826336726546288 1.6329204067587852 0
    endloop
  endfacet
  facet normal -0.8890492834232745 -0.4578115023069671 0
    outer loop
      vertex 2.8524744883179665 1.8856836706399918 -1
      vertex 2.9826336726546288 1.6329204067587852 0
      vertex 2.8524744883179665 1.8856836706399918 0
    endloop
  endfacet
  facet normal -0.7998834279814647 -0.600155397910092 0
    outer loop
      vertex 2.6986500024795532 2.090700000524521 -1
      vertex 2.8524744883179665 1.8856836706399918 0
      vertex 2.6986500024795532 2.090700000524521 0
    endloop
  endfacet
  facet normal -0.9968156567866115 -0.07974049401073613 0
    outer loop
      vertex 3.2311193868517876 0.5881489813327789 -1
      vertex 3.266617350280285 0.14439795911312103 0
      vertex 3.2311193868517876 0.5881489813327789 0
    endloop
  endfacet
  facet normal -0.9890231428013928 -0.1477606950554025 0
    outer loop
      vertex 3.1719561219215393 0.9841530621051788 -1
      vertex 3.2311193868517876 0.5881489813327789 0
      vertex 3.1719561219215393 0.9841530621051788 0
    endloop
  endfacet
  facet normal -0.5808497845412073 -0.814010766389753 0
    outer loop
      vertex 2.322225511074066 2.401279591023922 -1
      vertex 2.5217153057456017 2.2589306086301804 0
      vertex 2.322225511074066 2.401279591023922 0
    endloop
  endfacet
  facet normal -0.46450175782998715 -0.8855721974931531 0
    outer loop
      vertex 2.100180611014366 2.517746940255165 -1
      vertex 2.322225511074066 2.401279591023922 0
      vertex 2.100180611014366 2.517746940255165 0
    endloop
  endfacet
  facet normal -0.6890565040637195 -0.724707619807799 0
    outer loop
      vertex 2.5217153057456017 2.2589306086301804 -1
      vertex 2.6986500024795532 2.090700000524521 0
      vertex 2.5217153057456017 2.2589306086301804 0
    endloop
  endfacet
  facet normal 0 0 1
    outer loop
      vertex -0.6546500027179718 3.8369000032544136 -1
      vertex 2.742749996483326 3.8369000032544136 -1
      vertex 2.742749996483326 5.593199998140335 -1
    endloop
  endfacet
  facet normal 0 -1 0
    outer loop
      vertex -3.1365500018000603 5.593199998140335 -1
      vertex 2.742749996483326 5.593199998140335 -1
      vertex 2.742749996483326 5.593199998140335 0
    endloop
  endfacet
  facet normal -1 0 0
    outer loop
      vertex 2.742749996483326 3.8369000032544136 -1
      vertex 2.742749996483326 3.8369000032544136 0
      vertex 2.742749996483326 5.593199998140335 -1
    endloop
  endfacet
  facet normal -1 0 0
    outer loop
      vertex 2.742749996483326 5.593199998140335 -1
      vertex 2.742749996483326 3.8369000032544136 0
      vertex 2.742749996483326 5.593199998140335 0
    endloop
  endfacet
  facet normal 0 0 -1
    outer loop
      vertex -13.753288904374106 -9.992349288972044 -5
      vertex -12.195931190202332 -8.860862678309033 -5
      vertex -12.392466666163998 -11.637300800787704 -5
    endloop
  endfacet
  facet normal 0 0 -1
    outer loop
      vertex -13.753288904374106 -9.992349288972044 -5
      vertex -13.210323201661241 -7.262436637083359 -5
      vertex -12.195931190202332 -8.860862678309033 -5
    endloop
  endfacet
  facet normal 0 0 -1
    outer loop
      vertex -10.836207825727724 -13.09872512718842 -5
      vertex -8.077588934308375 -12.728243476942875 -5
      vertex -9.109055514642945 -14.353574733534254 -5
    endloop
  endfacet
  facet normal 0 0 -1
    outer loop
      vertex -10.836207825727724 -13.09872512718842 -5
      vertex -12.392466666163998 -11.637300800787704 -5
      vertex -9.609166645461496 -11.615487134845024 -5
    endloop
  endfacet
  facet normal 0 0 -1
    outer loop
      vertex -12.392466666163998 -11.637300800787704 -5
      vertex -10.98920205837778 -10.319547621874978 -5
      vertex -9.609166645461496 -11.615487134845024 -5
    endloop
  endfacet
  facet normal 0 0 -1
    outer loop
      vertex -12.392466666163998 -11.637300800787704 -5
      vertex -12.195931190202332 -8.860862678309033 -5
      vertex -10.98920205837778 -10.319547621874978 -5
    endloop
  endfacet
  facet normal 0 0 -1
    outer loop
      vertex -10.836207825727724 -13.09872512718842 -5
      vertex -9.609166645461496 -11.615487134845024 -5
      vertex -8.077588934308375 -12.728243476942875 -5
    endloop
  endfacet
  facet normal -0.8443279255020151 -0.5358267949789967 0
    outer loop
      vertex -13.753288904374106 -9.992349288972044 -5
      vertex -14.89721356074568 -8.189812459729161 0
      vertex -14.89721356074568 -8.189812459729161 -5
    endloop
  endfacet
  facet normal -0.770513242775789 -0.63742398974869 0
    outer loop
      vertex -13.753288904374106 -9.992349288972044 -5
      vertex -12.392466666163998 -11.637300800787704 -5
      vertex -13.753288904374106 -9.992349288972044 0
    endloop
  endfacet
  facet normal -0.5877852522924721 -0.8090169943749481 0
    outer loop
      vertex -10.836207825727724 -13.09872512718842 -5
      vertex -9.109055514642945 -14.353574733534254 -5
      vertex -9.109055514642945 -14.353574733534254 0
    endloop
  endfacet
  facet normal -0.6845471059286896 -0.7289686274214107 0
    outer loop
      vertex -10.836207825727724 -13.09872512718842 -5
      vertex -10.836207825727724 -13.09872512718842 0
      vertex -12.392466666163998 -11.637300800787704 -5
    endloop
  endfacet
  facet normal 0 0 -1
    outer loop
      vertex -14.89721356074568 -8.189812459729161 -5
      vertex -15.806200260100274 -6.258117395639523 -5
      vertex -14.601391154014113 -3.7490000490101867 -5
    endloop
  endfacet
  facet normal 0 0 -1
    outer loop
      vertex -13.753288904374106 -9.992349288972044 -5
      vertex -14.89721356074568 -8.189812459729161 -5
      vertex -13.210323201661241 -7.262436637083359 -5
    endloop
  endfacet
  facet normal 0 0 -1
    outer loop
      vertex -14.89721356074568 -8.189812459729161 -5
      vertex -14.01638052476539 -5.549477631721518 -5
      vertex -13.210323201661241 -7.262436637083359 -5
    endloop
  endfacet
  facet normal 0 0 -1
    outer loop
      vertex -14.89721356074568 -8.189812459729161 -5
      vertex -14.601391154014113 -3.7490000490101867 -5
      vertex -14.01638052476539 -5.549477631721518 -5
    endloop
  endfacet
  facet normal 0 0 -1
    outer loop
      vertex -15.806200260100274 -6.258117395639523 -5
      vertex -14.956129122315753 -1.8893984959818837 -5
      vertex -14.601391154014113 -3.7490000490101867 -5
    endloop
  endfacet
  facet normal 0 0 -1
    outer loop
      vertex -15.806200260100274 -6.258117395639523 -5
      vertex -15.075 0 -5
      vertex -14.956129122315753 -1.8893984959818837 -5
    endloop
  endfacet
  facet normal 0 0 -1
    outer loop
      vertex -15.806200260100274 -6.258117395639523 -5
      vertex -16.46591373918673 -4.227728081802533 -5
      vertex -15.806200260100274 6.258117395639523 -5
    endloop
  endfacet
  facet normal 0 0 -1
    outer loop
      vertex -16.46591373918673 -4.227728081802533 -5
      vertex -16.865949922346125 -2.1306649705931693 -5
      vertex -16.46591373918673 4.227728081802533 -5
    endloop
  endfacet
  facet normal -0.9048270524660196 -0.42577929156507255 0
    outer loop
      vertex -14.89721356074568 -8.189812459729161 -5
      vertex -15.806200260100274 -6.258117395639523 0
      vertex -15.806200260100274 -6.258117395639523 -5
    endloop
  endfacet
  facet normal -0.9510565162951535 -0.30901699437494734 0
    outer loop
      vertex -15.806200260100274 -6.258117395639523 -5
      vertex -16.46591373918673 -4.227728081802533 0
      vertex -16.46591373918673 -4.227728081802533 -5
    endloop
  endfacet
  facet normal -0.9822872507286885 -0.1873813145857256 0
    outer loop
      vertex -16.46591373918673 -4.227728081802533 -5
      vertex -16.865949922346125 -2.1306649705931693 0
      vertex -16.865949922346125 -2.1306649705931693 -5
    endloop
  endfacet
  facet normal -0.9980267284282716 -0.06279051952931243 0
    outer loop
      vertex -16.865949922346125 -2.1306649705931693 -5
      vertex -17 0 0
      vertex -17 0 -5
    endloop
  endfacet
  facet normal 0 0 -1
    outer loop
      vertex -9.109055514642945 -14.353574733534254 -5
      vertex -6.418622820343467 -13.640267815925245 -5
      vertex -7.238247956606232 -15.382059891922333 -5
    endloop
  endfacet
  facet normal 0 0 -1
    outer loop
      vertex -9.109055514642945 -14.353574733534254 -5
      vertex -8.077588934308375 -12.728243476942875 -5
      vertex -6.418622820343467 -13.640267815925245 -5
    endloop
  endfacet
  facet normal 0 0 -1
    outer loop
      vertex -7.238247956606232 -15.382059891922333 -5
      vertex -4.658431190202331 -14.337176983149439 -5
      vertex -5.253288904374106 -16.16796077701761 -5
    endloop
  endfacet
  facet normal 0 0 -1
    outer loop
      vertex -7.238247956606232 -15.382059891922333 -5
      vertex -6.418622820343467 -13.640267815925245 -5
      vertex -4.658431190202331 -14.337176983149439 -5
    endloop
  endfacet
  facet normal 0 0 -1
    outer loop
      vertex -5.253288904374106 -16.16796077701761 -5
      vertex -2.8247733173798015 -14.807980304734981 -5
      vertex -3.185482347957322 -16.698883262387707 -5
    endloop
  endfacet
  facet normal 0 0 -1
    outer loop
      vertex -5.253288904374106 -16.16796077701761 -5
      vertex -4.658431190202331 -14.337176983149439 -5
      vertex -2.8247733173798015 -14.807980304734981 -5
    endloop
  endfacet
  facet normal 0 0 -1
    outer loop
      vertex -3.185482347957322 -16.698883262387707 -5
      vertex -2.8247733173798015 -14.807980304734981 -5
      vertex -0.946567081904405 -15.045252931056194 -5
    endloop
  endfacet
  facet normal 0 0 -1
    outer loop
      vertex -3.185482347957322 -16.698883262387707 -5
      vertex -0.946567081904405 -15.045252931056194 -5
      vertex -1.067438831998334 -16.966454383280617 -5
    endloop
  endfacet
  facet normal 0 0 -1
    outer loop
      vertex -1.067438831998334 -16.966454383280617 -5
      vertex -0.946567081904405 -15.045252931056194 -5
      vertex 0.946567081904405 -15.045252931056194 -5
    endloop
  endfacet
  facet normal -0.4817536741017155 -0.8763066800438634 0
    outer loop
      vertex -9.109055514642945 -14.353574733534254 -5
      vertex -7.238247956606232 -15.382059891922333 -5
      vertex -7.238247956606232 -15.382059891922333 0
    endloop
  endfacet
  facet normal -0.3681245526846769 -0.9297764858882518 0
    outer loop
      vertex -7.238247956606232 -15.382059891922333 -5
      vertex -5.253288904374106 -16.16796077701761 -5
      vertex -5.253288904374106 -16.16796077701761 0
    endloop
  endfacet
  facet normal -0.2486898871648558 -0.9685831611286309 0
    outer loop
      vertex -5.253288904374106 -16.16796077701761 -5
      vertex -3.185482347957322 -16.698883262387707 -5
      vertex -3.185482347957322 -16.698883262387707 0
    endloop
  endfacet
  facet normal -0.12533323356430498 -0.9921147013144778 0
    outer loop
      vertex -3.185482347957322 -16.698883262387707 -5
      vertex -1.067438831998334 -16.966454383280617 -5
      vertex -1.067438831998334 -16.966454383280617 0
    endloop
  endfacet
  facet normal -0.770513242775789 -0.63742398974869 0
    outer loop
      vertex -12.392466666163998 -11.637300800787704 -5
      vertex -12.392466666163998 -11.637300800787704 0
      vertex -13.753288904374106 -9.992349288972044 0
    endloop
  endfacet
  facet normal -0.8443279255020151 -0.5358267949789967 0
    outer loop
      vertex -13.753288904374106 -9.992349288972044 -5
      vertex -13.753288904374106 -9.992349288972044 0
      vertex -14.89721356074568 -8.189812459729161 0
    endloop
  endfacet
  facet normal -0.5877852522924721 -0.8090169943749481 0
    outer loop
      vertex -10.836207825727724 -13.09872512718842 -5
      vertex -9.109055514642945 -14.353574733534254 0
      vertex -10.836207825727724 -13.09872512718842 0
    endloop
  endfacet
  facet normal -0.6845471059286896 -0.7289686274214107 0
    outer loop
      vertex -12.392466666163998 -11.637300800787704 -5
      vertex -10.836207825727724 -13.09872512718842 0
      vertex -12.392466666163998 -11.637300800787704 0
    endloop
  endfacet
  facet normal -0.9048270524660196 -0.42577929156507255 0
    outer loop
      vertex -14.89721356074568 -8.189812459729161 -5
      vertex -14.89721356074568 -8.189812459729161 0
      vertex -15.806200260100274 -6.258117395639523 0
    endloop
  endfacet
  facet normal -0.9510565162951535 -0.30901699437494734 0
    outer loop
      vertex -15.806200260100274 -6.258117395639523 -5
      vertex -15.806200260100274 -6.258117395639523 0
      vertex -16.46591373918673 -4.227728081802533 0
    endloop
  endfacet
  facet normal -0.9822872507286885 -0.1873813145857256 0
    outer loop
      vertex -16.46591373918673 -4.227728081802533 -5
      vertex -16.46591373918673 -4.227728081802533 0
      vertex -16.865949922346125 -2.1306649705931693 0
    endloop
  endfacet
  facet normal -0.9980267284282716 -0.06279051952931243 0
    outer loop
      vertex -16.865949922346125 -2.1306649705931693 -5
      vertex -16.865949922346125 -2.1306649705931693 0
      vertex -17 0 0
    endloop
  endfacet
  facet normal 0 0 1
    outer loop
      vertex -14.89721356074568 -8.189812459729161 0
      vertex -15.806200260100274 6.258117395639523 0
      vertex -15.806200260100274 -6.258117395639523 0
    endloop
  endfacet
  facet normal 0 0 1
    outer loop
      vertex -16.46591373918673 -4.227728081802533 0
      vertex -16.865949922346125 2.1306649705931693 0
      vertex -16.865949922346125 -2.1306649705931693 0
    endloop
  endfacet
  facet normal 0 0 1
    outer loop
      vertex -15.806200260100274 -6.258117395639523 0
      vertex -16.46591373918673 4.227728081802533 0
      vertex -16.46591373918673 -4.227728081802533 0
    endloop
  endfacet
  facet normal 0 0 1
    outer loop
      vertex -13.753288904374106 -9.992349288972044 0
      vertex -14.89721356074568 8.189812459729161 0
      vertex -14.89721356074568 -8.189812459729161 0
    endloop
  endfacet
  facet normal 0 0 1
    outer loop
      vertex -13.753288904374106 -9.992349288972044 0
      vertex -12.392466666163998 -11.637300800787704 0
      vertex -13.753288904374106 9.992349288972044 0
    endloop
  endfacet
  facet normal 0 0 1
    outer loop
      vertex -10.836207825727724 -13.09872512718842 0
      vertex -12.392466666163998 11.637300800787704 0
      vertex -12.392466666163998 -11.637300800787704 0
    endloop
  endfacet
  facet normal 0 0 1
    outer loop
      vertex -10.836207825727724 -13.09872512718842 0
      vertex -9.109055514642945 -14.353574733534254 0
      vertex -10.836207825727724 13.09872512718842 0
    endloop
  endfacet
  facet normal -0.3681245526846769 -0.9297764858882518 0
    outer loop
      vertex -7.238247956606232 -15.382059891922333 -5
      vertex -5.253288904374106 -16.16796077701761 0
      vertex -7.238247956606232 -15.382059891922333 0
    endloop
  endfacet
  facet normal -0.4817536741017155 -0.8763066800438634 0
    outer loop
      vertex -9.109055514642945 -14.353574733534254 -5
      vertex -7.238247956606232 -15.382059891922333 0
      vertex -9.109055514642945 -14.353574733534254 0
    endloop
  endfacet
  facet normal -0.2486898871648558 -0.9685831611286309 0
    outer loop
      vertex -5.253288904374106 -16.16796077701761 -5
      vertex -3.185482347957322 -16.698883262387707 0
      vertex -5.253288904374106 -16.16796077701761 0
    endloop
  endfacet
  facet normal -0.12533323356430498 -0.9921147013144778 0
    outer loop
      vertex -3.185482347957322 -16.698883262387707 -5
      vertex -1.067438831998334 -16.966454383280617 0
      vertex -3.185482347957322 -16.698883262387707 0
    endloop
  endfacet
  facet normal 0 -1 0
    outer loop
      vertex -1.067438831998334 -16.966454383280617 -5
      vertex 1.067438831998334 -16.966454383280617 0
      vertex -1.067438831998334 -16.966454383280617 0
    endloop
  endfacet
  facet normal 0 0 1
    outer loop
      vertex -3.185482347957322 -16.698883262387707 0
      vertex -1.067438831998334 -16.966454383280617 0
      vertex -2.0149459168314934 -5.113295920193195 0
    endloop
  endfacet
  facet normal 0 0 1
    outer loop
      vertex -3.185482347957322 -16.698883262387707 0
      vertex -2.563370406627655 -4.685434691607952 0
      vertex -2.7079908177256584 -4.513197958469391 0
    endloop
  endfacet
  facet normal 0 0 1
    outer loop
      vertex -3.185482347957322 -16.698883262387707 0
      vertex -2.7079908177256584 -4.513197958469391 0
      vertex -2.833517350256443 -4.326153062283993 0
    endloop
  endfacet
  facet normal 0 0 1
    outer loop
      vertex -3.185482347957322 -16.698883262387707 0
      vertex -2.3996561244130135 -4.8428632616996765 0
      vertex -2.563370406627655 -4.685434691607952 0
    endloop
  endfacet
  facet normal 0 0 1
    outer loop
      vertex -3.185482347957322 -16.698883262387707 0
      vertex -2.2168479561805725 -4.985483676195145 0
      vertex -2.3996561244130135 -4.8428632616996765 0
    endloop
  endfacet
  facet normal 0 0 1
    outer loop
      vertex -3.185482347957322 -16.698883262387707 0
      vertex -2.0149459168314934 -5.113295920193195 0
      vertex -2.2168479561805725 -4.985483676195145 0
    endloop
  endfacet
  facet normal 0 0 1
    outer loop
      vertex -1.067438831998334 -16.966454383280617 0
      vertex -1.7939499989151955 -5.226300001144409 0
      vertex -2.0149459168314934 -5.113295920193195 0
    endloop
  endfacet
  facet normal 0 0 1
    outer loop
      vertex -1.067438831998334 -16.966454383280617 0
      vertex -1.5582581609487534 -5.324330613017082 0
      vertex -1.7939499989151955 -5.226300001144409 0
    endloop
  endfacet
  facet normal 0 0 1
    outer loop
      vertex -1.067438831998334 -16.966454383280617 0
      vertex -1.0561520382761955 -5.475146941840649 0
      vertex -1.31232550740242 -5.407279588282108 0
    endloop
  endfacet
  facet normal 0 0 1
    outer loop
      vertex -1.067438831998334 -16.966454383280617 0
      vertex -1.31232550740242 -5.407279588282108 0
      vertex -1.5582581609487534 -5.324330613017082 0
    endloop
  endfacet
  facet normal 0 0 1
    outer loop
      vertex -1.067438831998334 -16.966454383280617 0
      vertex -0.7897377535700798 -5.5279326513409615 0
      vertex -1.0561520382761955 -5.475146941840649 0
    endloop
  endfacet
  facet normal 0 0 1
    outer loop
      vertex -1.067438831998334 -16.966454383280617 0
      vertex -0.5130826532840729 -5.565636731684208 0
      vertex -0.7897377535700798 -5.5279326513409615 0
    endloop
  endfacet
  facet normal 0 0 1
    outer loop
      vertex -1.067438831998334 -16.966454383280617 0
      vertex -0.22618673741817474 -5.588259182870388 0
      vertex -0.5130826532840729 -5.565636731684208 0
    endloop
  endfacet
  facet normal 0 0 1
    outer loop
      vertex -1.067438831998334 -16.966454383280617 0
      vertex 0.07095000147819519 -5.595799997448921 0
      vertex -0.22618673741817474 -5.588259182870388 0
    endloop
  endfacet
  facet normal 0 0 1
    outer loop
      vertex -1.067438831998334 -16.966454383280617 0
      vertex 0.33438265323638916 -5.590748980641365 0
      vertex 0.07095000147819519 -5.595799997448921 0
    endloop
  endfacet
  facet normal 0 0 1
    outer loop
      vertex -9.109055514642945 -14.353574733534254 0
      vertex -7.238247956606232 -15.382059891922333 0
      vertex -9.109055514642945 14.353574733534254 0
    endloop
  endfacet
  facet normal 0 0 1
    outer loop
      vertex -7.238247956606232 -15.382059891922333 0
      vertex -5.253288904374106 -16.16796077701761 0
      vertex -7.238247956606236 15.382059891922331 0
    endloop
  endfacet
  facet normal 0 0 1
    outer loop
      vertex -5.253288904374106 -16.16796077701761 0
      vertex -3.185482347957322 -16.698883262387707 0
      vertex -5.253288904374106 16.16796077701761 0
    endloop
  endfacet
  facet normal 0 0 1
    outer loop
      vertex -3.185482347957322 -16.698883262387707 0
      vertex -3.1682561188936234 -3.3495530635118484 0
      vertex -3.216684691607952 -3.0259816348552704 0
    endloop
  endfacet
  facet normal 0 0 1
    outer loop
      vertex -3.185482347957322 -16.698883262387707 0
      vertex -2.833517350256443 -4.326153062283993 0
      vertex -2.9399499967694283 -4.124300003051758 0
    endloop
  endfacet
  facet normal 0 0 1
    outer loop
      vertex -3.185482347957322 -16.698883262387707 0
      vertex -2.9399499967694283 -4.124300003051758 0
      vertex -3.029888778924942 -3.898712247610092 0
    endloop
  endfacet
  facet normal 0 0 1
    outer loop
      vertex -3.185482347957322 -16.698883262387707 0
      vertex -3.029888778924942 -3.898712247610092 0
      vertex -3.105990819633007 -3.640463262796402 0
    endloop
  endfacet
  facet normal 0 0 1
    outer loop
      vertex -3.185482347957322 -16.698883262387707 0
      vertex -3.105990819633007 -3.640463262796402 0
      vertex -3.1682561188936234 -3.3495530635118484 0
    endloop
  endfacet
  facet normal 0 0 1
    outer loop
      vertex -3.185482347957322 -16.698883262387707 0
      vertex -3.216684691607952 -3.0259816348552704 0
      vertex -5.253288904374106 16.16796077701761 0
    endloop
  endfacet
  facet normal 0 0 1
    outer loop
      vertex -0.5393500030040741 -1.2625999972224236 0
      vertex -3.251850001513958 0.059699997305870056 0
      vertex -3.278949998319149 -1.2625999972224236 0
    endloop
  endfacet
  facet normal 0 0 1
    outer loop
      vertex -0.33354591578245163 -3.7611775547266006 0
      vertex -0.17134183645248413 -3.870769388973713 0
      vertex -0.39222755283117294 -3.678983673453331 0
    endloop
  endfacet
  facet normal 0 0 1
    outer loop
      vertex -0.06781938672065735 -3.898167349398136 0
      vertex -0.4359622448682785 -3.5785244926810265 0
      vertex -0.39222755283117294 -3.678983673453331 0
    endloop
  endfacet
  facet normal 0 0 1
    outer loop
      vertex -0.33354591578245163 -3.7611775547266006 0
      vertex -0.25991734862327576 -3.8251061215996742 0
      vertex -0.17134183645248413 -3.870769388973713 0
    endloop
  endfacet
  facet normal 0 0 1
    outer loop
      vertex -0.17134183645248413 -3.870769388973713 0
      vertex -0.06781938672065735 -3.898167349398136 0
      vertex -0.39222755283117294 -3.678983673453331 0
    endloop
  endfacet
  facet normal 0 0 1
    outer loop
      vertex -0.06781938672065735 -3.898167349398136 0
      vertex 0.05065000057220459 -3.907300002872944 0
      vertex -0.4359622448682785 -3.5785244926810265 0
    endloop
  endfacet
  facet normal 0 0 1
    outer loop
      vertex -0.4359622448682785 -3.5785244926810265 0
      vertex 0.05065000057220459 -3.907300002872944 0
      vertex -0.4647499993443489 -3.459799997508526 0
    endloop
  endfacet
  facet normal 0 0 1
    outer loop
      vertex -0.4845418334007263 -3.319320410490036 0
      vertex -0.4647499993443489 -3.459799997508526 0
      vertex 0.05065000057220459 -3.907300002872944 0
    endloop
  endfacet
  facet normal 0 0 1
    outer loop
      vertex -0.5012887790799141 -3.153653062880039 0
      vertex 0.21066632866859436 -3.8836428597569466 0
      vertex -0.5149908140301704 -2.962797962129116 0
    endloop
  endfacet
  facet normal 0 0 1
    outer loop
      vertex -0.5149908140301704 -2.962797962129116 0
      vertex 0.21066632866859436 -3.8836428597569466 0
      vertex -0.5256479606032372 -2.746755100786686 0
    endloop
  endfacet
  facet normal 0 0 1
    outer loop
      vertex -0.4845418334007263 -3.319320410490036 0
      vertex 0.21066632866859436 -3.8836428597569466 0
      vertex -0.5012887790799141 -3.153653062880039 0
    endloop
  endfacet
  facet normal 0 0 1
    outer loop
      vertex -0.4845418334007263 -3.319320410490036 0
      vertex 0.05065000057220459 -3.907300002872944 0
      vertex 0.10717245191335678 -3.9046714305877686 0
    endloop
  endfacet
  facet normal 0 0 1
    outer loop
      vertex -0.4845418334007263 -3.319320410490036 0
      vertex 0.10717245191335678 -3.9046714305877686 0
      vertex 0.16051122546195984 -3.8967857137322426 0
    endloop
  endfacet
  facet normal 0 0 1
    outer loop
      vertex -0.4845418334007263 -3.319320410490036 0
      vertex 0.16051122546195984 -3.8967857137322426 0
      vertex 0.21066632866859436 -3.8836428597569466 0
    endloop
  endfacet
  facet normal 0 0 1
    outer loop
      vertex -0.5256479606032372 -2.746755100786686 0
      vertex 0.21066632866859436 -3.8836428597569466 0
      vertex -0.533260203897953 -2.5055244863033295 0
    endloop
  endfacet
  facet normal 0 0 1
    outer loop
      vertex -0.533260203897953 -2.5055244863033295 0
      vertex 0.21066632866859436 -3.8836428597569466 0
      vertex -0.5378275513648987 -2.2391061261296272 0
    endloop
  endfacet
  facet normal 0 0 1
    outer loop
      vertex -0.5378275513648987 -2.2391061261296272 0
      vertex 0.21066632866859436 -3.8836428597569466 0
      vertex -0.5393500030040741 -1.9474999979138374 0
    endloop
  endfacet
  facet normal 0 0 1
    outer loop
      vertex -0.5393500030040741 -1.9474999979138374 0
      vertex 0.21066632866859436 -3.8836428597569466 0
      vertex -0.5393500030040741 -1.2625999972224236 0
    endloop
  endfacet
  facet normal 0 0 1
    outer loop
      vertex -3.251850001513958 0.059699997305870056 0
      vertex -0.5393500030040741 -1.2625999972224236 0
      vertex -0.5393500030040741 0.059699997305870056 0
    endloop
  endfacet
  facet normal 0 0 1
    outer loop
      vertex -0.5393500030040741 -1.2625999972224236 0
      vertex 0.21066632866859436 -3.8836428597569466 0
      vertex -0.5393500030040741 0.059699997305870056 0
    endloop
  endfacet
  facet normal 0 0 1
    outer loop
      vertex -0.5393500030040741 0.059699997305870056 0
      vertex 0.21066632866859436 -3.8836428597569466 0
      vertex -0.5385887771844864 0.19014285504817963 0
    endloop
  endfacet
  facet normal 0 0 1
    outer loop
      vertex -0.5385887771844864 0.19014285504817963 0
      vertex 0.21066632866859436 -3.8836428597569466 0
      vertex -0.5363050997257233 0.30632857233285904 0
    endloop
  endfacet
  facet normal 0 0 1
    outer loop
      vertex -0.5363050997257233 0.30632857233285904 0
      vertex 0.21066632866859436 -3.8836428597569466 0
      vertex -0.5324989780783653 0.4082571417093277 0
    endloop
  endfacet
  facet normal 0 0 1
    outer loop
      vertex -0.5324989780783653 0.4082571417093277 0
      vertex 0.21066632866859436 -3.8836428597569466 0
      vertex -0.527170404791832 0.4959285706281662 0
    endloop
  endfacet
  facet normal 0 0 1
    outer loop
      vertex -0.527170404791832 0.4959285706281662 0
      vertex 0.21066632866859436 -3.8836428597569466 0
      vertex -0.5203193873167038 0.5693428590893745 0
    endloop
  endfacet
  facet normal 0 0 1
    outer loop
      vertex -0.5203193873167038 0.5693428590893745 0
      vertex 0.21066632866859436 -3.8836428597569466 0
      vertex -0.5119459182024002 0.6284999996423721 0
    endloop
  endfacet
  facet normal 0 0 1
    outer loop
      vertex -0.5119459182024002 0.6284999996423721 0
      vertex 0.21066632866859436 -3.8836428597569466 0
      vertex -0.5020499974489212 0.6733999997377396 0
    endloop
  endfacet
  facet normal 0 0 1
    outer loop
      vertex -0.5020499974489212 0.6733999997377396 0
      vertex 0.21066632866859436 -3.8836428597569466 0
      vertex -0.4895255118608475 0.7108510211110115 0
    endloop
  endfacet
  facet normal 0 0 1
    outer loop
      vertex -0.4895255118608475 0.7108510211110115 0
      vertex 0.21066632866859436 -3.8836428597569466 0
      vertex -0.4732663258910179 0.7476040795445442 0
    endloop
  endfacet
  facet normal 0 0 1
    outer loop
      vertex -0.4732663258910179 0.7476040795445442 0
      vertex 0.21066632866859436 -3.8836428597569466 0
      vertex -0.4532724469900131 0.7836591824889183 0
    endloop
  endfacet
  facet normal 0 0 1
    outer loop
      vertex -0.4295438751578331 0.8190163299441338 0
      vertex 0.21066632866859436 -3.8836428597569466 0
      vertex -0.40208061039447784 0.8536755070090294 0
    endloop
  endfacet
  facet normal 0 0 1
    outer loop
      vertex -0.4532724469900131 0.7836591824889183 0
      vertex 0.21066632866859436 -3.8836428597569466 0
      vertex -0.4295438751578331 0.8190163299441338 0
    endloop
  endfacet
  facet normal 0 0 1
    outer loop
      vertex -0.40208061039447784 0.8536755070090294 0
      vertex 0.21066632866859436 -3.8836428597569466 0
      vertex -0.37088265269994736 0.887636736035347 0
    endloop
  endfacet
  facet normal 0 0 1
    outer loop
      vertex -0.33595000207424164 0.9209000021219254 0
      vertex 0.21066632866859436 -3.8836428597569466 0
      vertex -0.29787857085466385 0.9514897987246513 0
    endloop
  endfacet
  facet normal 0 0 1
    outer loop
      vertex -0.37088265269994736 0.887636736035347 0
      vertex 0.21066632866859436 -3.8836428597569466 0
      vertex -0.33595000207424164 0.9209000021219254 0
    endloop
  endfacet
  facet normal 0 0 1
    outer loop
      vertex -0.29787857085466385 0.9514897987246513 0
      vertex 0.21066632866859436 -3.8836428597569466 0
      vertex -0.25732143223285675 0.9773734658956528 0
    endloop
  endfacet
  facet normal 0 0 1
    outer loop
      vertex -0.25732143223285675 0.9773734658956528 0
      vertex 0.21066632866859436 -3.8836428597569466 0
      vertex -0.21427857130765915 0.9985510185360909 0
    endloop
  endfacet
  facet normal 0 0 1
    outer loop
      vertex -0.21427857130765915 0.9985510185360909 0
      vertex 0.21066632866859436 -3.8836428597569466 0
      vertex -0.16875000298023224 1.015022449195385 0
    endloop
  endfacet
  facet normal 0 0 1
    outer loop
      vertex -0.16875000298023224 1.015022449195385 0
      vertex 0.21066632866859436 -3.8836428597569466 0
      vertex -0.12073571234941483 1.0267877578735352 0
    endloop
  endfacet
  facet normal 0 0 -1
    outer loop
      vertex -16.865949922346125 -2.1306649705931693 -5
      vertex -17 0 -5
      vertex -16.865949922346125 2.1306649705931693 -5
    endloop
  endfacet
  facet normal 0 0 -1
    outer loop
      vertex -16.865949922346125 -2.1306649705931693 -5
      vertex -16.865949922346125 2.1306649705931693 -5
      vertex -16.46591373918673 4.227728081802533 -5
    endloop
  endfacet
  facet normal 0 0 -1
    outer loop
      vertex -16.46591373918673 -4.227728081802533 -5
      vertex -16.46591373918673 4.227728081802533 -5
      vertex -15.806200260100274 6.258117395639523 -5
    endloop
  endfacet
  facet normal 0 0 -1
    outer loop
      vertex -15.806200260100274 -6.258117395639523 -5
      vertex -14.89721356074568 8.189812459729161 -5
      vertex -15.075 0 -5
    endloop
  endfacet
  facet normal 0 0 -1
    outer loop
      vertex -15.806200260100274 -6.258117395639523 -5
      vertex -15.806200260100274 6.258117395639523 -5
      vertex -14.89721356074568 8.189812459729161 -5
    endloop
  endfacet
  facet normal 0 0 -1
    outer loop
      vertex -14.89721356074568 8.189812459729161 -5
      vertex -14.956129122315753 1.8893984959818837 -5
      vertex -15.075 0 -5
    endloop
  endfacet
  facet normal 0 0 -1
    outer loop
      vertex -14.89721356074568 8.189812459729161 -5
      vertex -14.601391154014113 3.7490000490101867 -5
      vertex -14.956129122315753 1.8893984959818837 -5
    endloop
  endfacet
  facet normal 0 0 -1
    outer loop
      vertex -14.89721356074568 8.189812459729161 -5
      vertex -13.753288904374106 9.992349288972044 -5
      vertex -14.601391154014113 3.7490000490101867 -5
    endloop
  endfacet
  facet normal 0 0 -1
    outer loop
      vertex -13.753288904374106 9.992349288972044 -5
      vertex -14.01638052476539 5.549477631721518 -5
      vertex -14.601391154014113 3.7490000490101867 -5
    endloop
  endfacet
  facet normal 0 0 -1
    outer loop
      vertex -13.753288904374106 9.992349288972044 -5
      vertex -13.210323201661241 7.262436637083359 -5
      vertex -14.01638052476539 5.549477631721518 -5
    endloop
  endfacet
  facet normal -0.9980267284282716 0.06279051952931243 0
    outer loop
      vertex -17 0 -5
      vertex -16.865949922346125 2.1306649705931693 0
      vertex -16.865949922346125 2.1306649705931693 -5
    endloop
  endfacet
  facet normal -0.9822872507286885 0.1873813145857256 0
    outer loop
      vertex -16.865949922346125 2.1306649705931693 -5
      vertex -16.46591373918673 4.227728081802533 0
      vertex -16.46591373918673 4.227728081802533 -5
    endloop
  endfacet
  facet normal -0.9510565162951535 0.30901699437494734 0
    outer loop
      vertex -16.46591373918673 4.227728081802533 -5
      vertex -15.806200260100274 6.258117395639523 0
      vertex -15.806200260100274 6.258117395639523 -5
    endloop
  endfacet
  facet normal -0.9048270524660196 0.42577929156507255 0
    outer loop
      vertex -15.806200260100274 6.258117395639523 -5
      vertex -14.89721356074568 8.189812459729161 0
      vertex -14.89721356074568 8.189812459729161 -5
    endloop
  endfacet
  facet normal 0 0 -1
    outer loop
      vertex -13.753288904374106 9.992349288972044 -5
      vertex -12.392466666163998 11.637300800787704 -5
      vertex -13.210323201661241 7.262436637083359 -5
    endloop
  endfacet
  facet normal 0 0 -1
    outer loop
      vertex -12.392466666163998 11.637300800787704 -5
      vertex -12.195931190202332 8.860862678309033 -5
      vertex -13.210323201661241 7.262436637083359 -5
    endloop
  endfacet
  facet normal 0 0 -1
    outer loop
      vertex -12.392466666163998 11.637300800787704 -5
      vertex -10.836207825727724 13.09872512718842 -5
      vertex -12.195931190202332 8.860862678309033 -5
    endloop
  endfacet
  facet normal 0 0 -1
    outer loop
      vertex -10.836207825727724 13.09872512718842 -5
      vertex -10.98920205837778 10.319547621874978 -5
      vertex -12.195931190202332 8.860862678309033 -5
    endloop
  endfacet
  facet normal 0 0 -1
    outer loop
      vertex -10.836207825727724 13.09872512718842 -5
      vertex -9.609166645461496 11.615487134845024 -5
      vertex -10.98920205837778 10.319547621874978 -5
    endloop
  endfacet
  facet normal 0 0 -1
    outer loop
      vertex -10.836207825727724 13.09872512718842 -5
      vertex -9.109055514642945 14.353574733534254 -5
      vertex -9.609166645461496 11.615487134845024 -5
    endloop
  endfacet
  facet normal 0 0 -1
    outer loop
      vertex -9.109055514642945 14.353574733534254 -5
      vertex -8.077588934308375 12.728243476942875 -5
      vertex -9.609166645461496 11.615487134845024 -5
    endloop
  endfacet
  facet normal -0.8443279255020151 0.5358267949789967 0
    outer loop
      vertex -14.89721356074568 8.189812459729161 -5
      vertex -13.753288904374106 9.992349288972044 0
      vertex -13.753288904374106 9.992349288972044 -5
    endloop
  endfacet
  facet normal -0.770513242775789 0.63742398974869 0
    outer loop
      vertex -13.753288904374106 9.992349288972044 -5
      vertex -12.392466666163998 11.637300800787704 0
      vertex -12.392466666163998 11.637300800787704 -5
    endloop
  endfacet
  facet normal -0.6845471059286896 0.7289686274214107 0
    outer loop
      vertex -12.392466666163998 11.637300800787704 -5
      vertex -12.392466666163998 11.637300800787704 0
      vertex -10.836207825727724 13.09872512718842 -5
    endloop
  endfacet
  facet normal -0.5877852522924721 0.8090169943749481 0
    outer loop
      vertex -10.836207825727724 13.09872512718842 -5
      vertex -10.836207825727724 13.09872512718842 0
      vertex -9.109055514642945 14.353574733534254 -5
    endloop
  endfacet
  facet normal 0 0 -1
    outer loop
      vertex -9.109055514642945 14.353574733534254 -5
      vertex -7.238247956606236 15.382059891922331 -5
      vertex -8.077588934308375 12.728243476942875 -5
    endloop
  endfacet
  facet normal 0 0 -1
    outer loop
      vertex -7.238247956606236 15.382059891922331 -5
      vertex -6.4186228203434705 13.640267815925244 -5
      vertex -8.077588934308375 12.728243476942875 -5
    endloop
  endfacet
  facet normal 0 0 -1
    outer loop
      vertex -5.253288904374106 16.16796077701761 -5
      vertex -4.658431190202331 14.337176983149439 -5
      vertex -6.4186228203434705 13.640267815925244 -5
    endloop
  endfacet
  facet normal 0 0 -1
    outer loop
      vertex -7.238247956606236 15.382059891922331 -5
      vertex -5.253288904374106 16.16796077701761 -5
      vertex -6.4186228203434705 13.640267815925244 -5
    endloop
  endfacet
  facet normal 0 0 -1
    outer loop
      vertex -5.253288904374106 16.16796077701761 -5
      vertex -3.1854823479573176 16.698883262387707 -5
      vertex -4.658431190202331 14.337176983149439 -5
    endloop
  endfacet
  facet normal 0 0 -1
    outer loop
      vertex -3.1854823479573176 16.698883262387707 -5
      vertex -2.824773317379798 14.807980304734981 -5
      vertex -4.658431190202331 14.337176983149439 -5
    endloop
  endfacet
  facet normal 0 0 -1
    outer loop
      vertex -3.1854823479573176 16.698883262387707 -5
      vertex -1.0674388319983257 16.966454383280617 -5
      vertex -2.824773317379798 14.807980304734981 -5
    endloop
  endfacet
  facet normal 0 0 -1
    outer loop
      vertex -1.0674388319983257 16.966454383280617 -5
      vertex -0.9465670819043976 15.045252931056194 -5
      vertex -2.824773317379798 14.807980304734981 -5
    endloop
  endfacet
  facet normal 0 0 -1
    outer loop
      vertex -1.0674388319983257 16.966454383280617 -5
      vertex 0.9465670819043971 15.045252931056194 -5
      vertex -0.9465670819043976 15.045252931056194 -5
    endloop
  endfacet
  facet normal -0.4817536741017157 0.8763066800438633 0
    outer loop
      vertex -9.109055514642945 14.353574733534254 -5
      vertex -9.109055514642945 14.353574733534254 0
      vertex -7.238247956606236 15.382059891922331 -5
    endloop
  endfacet
  facet normal -0.3681245526846769 0.9297764858882518 0
    outer loop
      vertex -7.238247956606236 15.382059891922331 -5
      vertex -7.238247956606236 15.382059891922331 0
      vertex -5.253288904374106 16.16796077701761 -5
    endloop
  endfacet
  facet normal -0.24868988716485535 0.9685831611286311 0
    outer loop
      vertex -5.253288904374106 16.16796077701761 -5
      vertex -5.253288904374106 16.16796077701761 0
      vertex -3.1854823479573176 16.698883262387707 -5
    endloop
  endfacet
  facet normal -0.12533323356430473 0.9921147013144778 0
    outer loop
      vertex -3.1854823479573176 16.698883262387707 -5
      vertex -3.1854823479573176 16.698883262387707 0
      vertex -1.0674388319983257 16.966454383280617 -5
    endloop
  endfacet
  facet normal 0 1 0
    outer loop
      vertex -1.0674388319983257 16.966454383280617 -5
      vertex -1.0674388319983257 16.966454383280617 0
      vertex 1.0674388319983257 16.966454383280617 -5
    endloop
  endfacet
  facet normal -0.9980267284282716 0.06279051952931243 0
    outer loop
      vertex -17 0 -5
      vertex -17 0 0
      vertex -16.865949922346125 2.1306649705931693 0
    endloop
  endfacet
  facet normal -0.9822872507286885 0.1873813145857256 0
    outer loop
      vertex -16.865949922346125 2.1306649705931693 -5
      vertex -16.865949922346125 2.1306649705931693 0
      vertex -16.46591373918673 4.227728081802533 0
    endloop
  endfacet
  facet normal -0.9510565162951535 0.30901699437494734 0
    outer loop
      vertex -16.46591373918673 4.227728081802533 -5
      vertex -16.46591373918673 4.227728081802533 0
      vertex -15.806200260100274 6.258117395639523 0
    endloop
  endfacet
  facet normal -0.9048270524660196 0.42577929156507255 0
    outer loop
      vertex -15.806200260100274 6.258117395639523 -5
      vertex -15.806200260100274 6.258117395639523 0
      vertex -14.89721356074568 8.189812459729161 0
    endloop
  endfacet
  facet normal 0 0 1
    outer loop
      vertex -16.865949922346125 -2.1306649705931693 0
      vertex -16.865949922346125 2.1306649705931693 0
      vertex -17 0 0
    endloop
  endfacet
  facet normal 0 0 1
    outer loop
      vertex -16.46591373918673 -4.227728081802533 0
      vertex -16.46591373918673 4.227728081802533 0
      vertex -16.865949922346125 2.1306649705931693 0
    endloop
  endfacet
  facet normal 0 0 1
    outer loop
      vertex -15.806200260100274 -6.258117395639523 0
      vertex -15.806200260100274 6.258117395639523 0
      vertex -16.46591373918673 4.227728081802533 0
    endloop
  endfacet
  facet normal 0 0 1
    outer loop
      vertex -14.89721356074568 -8.189812459729161 0
      vertex -14.89721356074568 8.189812459729161 0
      vertex -15.806200260100274 6.258117395639523 0
    endloop
  endfacet
  facet normal 0 0 1
    outer loop
      vertex -13.753288904374106 -9.992349288972044 0
      vertex -13.753288904374106 9.992349288972044 0
      vertex -14.89721356074568 8.189812459729161 0
    endloop
  endfacet
  facet normal 0 0 1
    outer loop
      vertex -12.392466666163998 -11.637300800787704 0
      vertex -12.392466666163998 11.637300800787704 0
      vertex -13.753288904374106 9.992349288972044 0
    endloop
  endfacet
  facet normal 0 0 1
    outer loop
      vertex -10.836207825727724 -13.09872512718842 0
      vertex -10.836207825727724 13.09872512718842 0
      vertex -12.392466666163998 11.637300800787704 0
    endloop
  endfacet
  facet normal 0 0 1
    outer loop
      vertex -9.109055514642945 -14.353574733534254 0
      vertex -9.109055514642945 14.353574733534254 0
      vertex -10.836207825727724 13.09872512718842 0
    endloop
  endfacet
  facet normal -0.8443279255020151 0.5358267949789967 0
    outer loop
      vertex -14.89721356074568 8.189812459729161 -5
      vertex -14.89721356074568 8.189812459729161 0
      vertex -13.753288904374106 9.992349288972044 0
    endloop
  endfacet
  facet normal -0.770513242775789 0.63742398974869 0
    outer loop
      vertex -13.753288904374106 9.992349288972044 -5
      vertex -13.753288904374106 9.992349288972044 0
      vertex -12.392466666163998 11.637300800787704 0
    endloop
  endfacet
  facet normal -0.6845471059286896 0.7289686274214107 0
    outer loop
      vertex -10.836207825727724 13.09872512718842 -5
      vertex -12.392466666163998 11.637300800787704 0
      vertex -10.836207825727724 13.09872512718842 0
    endloop
  endfacet
  facet normal -0.5877852522924721 0.8090169943749481 0
    outer loop
      vertex -9.109055514642945 14.353574733534254 -5
      vertex -10.836207825727724 13.09872512718842 0
      vertex -9.109055514642945 14.353574733534254 0
    endloop
  endfacet
  facet normal 0 0 1
    outer loop
      vertex -7.238247956606232 -15.382059891922333 0
      vertex -7.238247956606236 15.382059891922331 0
      vertex -9.109055514642945 14.353574733534254 0
    endloop
  endfacet
  facet normal 0 0 1
    outer loop
      vertex -5.253288904374106 -16.16796077701761 0
      vertex -5.253288904374106 16.16796077701761 0
      vertex -7.238247956606236 15.382059891922331 0
    endloop
  endfacet
  facet normal 0 0 1
    outer loop
      vertex -5.253288904374106 16.16796077701761 0
      vertex -3.216684691607952 -3.0259816348552704 0
      vertex -3.2512765303254128 -2.669748976826668 0
    endloop
  endfacet
  facet normal 0 0 1
    outer loop
      vertex -5.253288904374106 16.16796077701761 0
      vertex -3.2512765303254128 -2.669748976826668 0
      vertex -3.2720316350460052 -2.280855104327202 0
    endloop
  endfacet
  facet normal 0 0 1
    outer loop
      vertex -5.253288904374106 16.16796077701761 0
      vertex -3.2720316350460052 -2.280855104327202 0
      vertex -3.278949998319149 -1.8593000024557114 0
    endloop
  endfacet
  facet normal 0 0 1
    outer loop
      vertex -0.6546500027179718 1.9720999971032143 0
      vertex -0.46506020426750183 2.1717959195375443 0
      vertex -0.6546500027179718 3.8369000032544136 0
    endloop
  endfacet
  facet normal 0 0 1
    outer loop
      vertex -0.46506020426750183 2.1717959195375443 0
      vertex -0.2605193853378296 2.34076938778162 0
      vertex -0.6546500027179718 3.8369000032544136 0
    endloop
  endfacet
  facet normal 0 0 1
    outer loop
      vertex -0.041027553379535675 2.479020409286022 0
      vertex -0.6546500027179718 3.8369000032544136 0
      vertex -0.2605193853378296 2.34076938778162 0
    endloop
  endfacet
  facet normal 0 0 1
    outer loop
      vertex -0.6546500027179718 3.8369000032544136 0
      vertex -0.041027553379535675 2.479020409286022 0
      vertex 0.1934153065085411 2.58654897660017 0
    endloop
  endfacet
  facet normal 0 0 1
    outer loop
      vertex -0.6546500027179718 3.8369000032544136 0
      vertex 0.1934153065085411 2.58654897660017 0
      vertex 0.44280918687582016 2.663355104625225 0
    endloop
  endfacet
  facet normal 0 0 1
    outer loop
      vertex -5.253288904374106 16.16796077701761 0
      vertex -3.278949998319149 -1.8593000024557114 0
      vertex -3.278949998319149 -1.2625999972224236 0
    endloop
  endfacet
  facet normal 0 0 1
    outer loop
      vertex -5.253288904374106 16.16796077701761 0
      vertex -3.278949998319149 -1.2625999972224236 0
      vertex -3.251850001513958 0.059699997305870056 0
    endloop
  endfacet
  facet normal 0 0 1
    outer loop
      vertex -5.253288904374106 16.16796077701761 0
      vertex -3.251850001513958 0.059699997305870056 0
      vertex -3.1365500018000603 5.593199998140335 0
    endloop
  endfacet
  facet normal -0.4817536741017157 0.8763066800438633 0
    outer loop
      vertex -7.238247956606236 15.382059891922331 -5
      vertex -9.109055514642945 14.353574733534254 0
      vertex -7.238247956606236 15.382059891922331 0
    endloop
  endfacet
  facet normal -0.3681245526846769 0.9297764858882518 0
    outer loop
      vertex -5.253288904374106 16.16796077701761 -5
      vertex -7.238247956606236 15.382059891922331 0
      vertex -5.253288904374106 16.16796077701761 0
    endloop
  endfacet
  facet normal -0.24868988716485535 0.9685831611286311 0
    outer loop
      vertex -3.1854823479573176 16.698883262387707 -5
      vertex -5.253288904374106 16.16796077701761 0
      vertex -3.1854823479573176 16.698883262387707 0
    endloop
  endfacet
  facet normal -0.12533323356430473 0.9921147013144778 0
    outer loop
      vertex -1.0674388319983257 16.966454383280617 -5
      vertex -3.1854823479573176 16.698883262387707 0
      vertex -1.0674388319983257 16.966454383280617 0
    endloop
  endfacet
  facet normal 0 0 1
    outer loop
      vertex -3.1854823479573176 16.698883262387707 0
      vertex -3.1365500018000603 5.593199998140335 0
      vertex 2.742749996483326 5.593199998140335 0
    endloop
  endfacet
  facet normal 0 0 1
    outer loop
      vertex -5.253288904374106 16.16796077701761 0
      vertex -3.1365500018000603 5.593199998140335 0
      vertex -3.1854823479573176 16.698883262387707 0
    endloop
  endfacet
  facet normal 0 0 1
    outer loop
      vertex -3.1854823479573176 16.698883262387707 0
      vertex 2.742749996483326 5.593199998140335 0
      vertex -1.0674388319983257 16.966454383280617 0
    endloop
  endfacet
  facet normal 0 0 -1
    outer loop
      vertex -1.067438831998334 -16.966454383280617 -5
      vertex 0.946567081904405 -15.045252931056194 -5
      vertex 1.067438831998334 -16.966454383280617 -5
    endloop
  endfacet
  facet normal 0 0 -1
    outer loop
      vertex 1.067438831998334 -16.966454383280617 -5
      vertex 0.946567081904405 -15.045252931056194 -5
      vertex 2.8247733173798015 -14.807980304734981 -5
    endloop
  endfacet
  facet normal 0 0 -1
    outer loop
      vertex 1.067438831998334 -16.966454383280617 -5
      vertex 2.8247733173798015 -14.807980304734981 -5
      vertex 3.185482347957322 -16.698883262387707 -5
    endloop
  endfacet
  facet normal 0 0 -1
    outer loop
      vertex 3.185482347957322 -16.698883262387707 -5
      vertex 2.8247733173798015 -14.807980304734981 -5
      vertex 4.658431190202331 -14.337176983149439 -5
    endloop
  endfacet
  facet normal 0 0 -1
    outer loop
      vertex 3.185482347957322 -16.698883262387707 -5
      vertex 4.658431190202331 -14.337176983149439 -5
      vertex 5.253288904374106 -16.16796077701761 -5
    endloop
  endfacet
  facet normal 0 0 -1
    outer loop
      vertex 5.253288904374106 -16.16796077701761 -5
      vertex 6.418622820343467 -13.640267815925245 -5
      vertex 7.238247956606232 -15.382059891922333 -5
    endloop
  endfacet
  facet normal 0 0 -1
    outer loop
      vertex 5.253288904374106 -16.16796077701761 -5
      vertex 4.658431190202331 -14.337176983149439 -5
      vertex 6.418622820343467 -13.640267815925245 -5
    endloop
  endfacet
  facet normal 0 0 -1
    outer loop
      vertex 7.238247956606232 -15.382059891922333 -5
      vertex 6.418622820343467 -13.640267815925245 -5
      vertex 8.077588934308368 -12.72824347694288 -5
    endloop
  endfacet
  facet normal 0 0 -1
    outer loop
      vertex 7.238247956606232 -15.382059891922333 -5
      vertex 8.077588934308368 -12.72824347694288 -5
      vertex 9.109055514642936 -14.35357473353426 -5
    endloop
  endfacet
  facet normal 0 -1 0
    outer loop
      vertex -1.067438831998334 -16.966454383280617 -5
      vertex 1.067438831998334 -16.966454383280617 -5
      vertex 1.067438831998334 -16.966454383280617 0
    endloop
  endfacet
  facet normal 0.12533323356430498 -0.9921147013144778 0
    outer loop
      vertex 1.067438831998334 -16.966454383280617 -5
      vertex 3.185482347957322 -16.698883262387707 -5
      vertex 3.185482347957322 -16.698883262387707 0
    endloop
  endfacet
  facet normal 0.2486898871648558 -0.9685831611286309 0
    outer loop
      vertex 3.185482347957322 -16.698883262387707 -5
      vertex 5.253288904374106 -16.16796077701761 -5
      vertex 5.253288904374106 -16.16796077701761 0
    endloop
  endfacet
  facet normal 0.3681245526846769 -0.9297764858882518 0
    outer loop
      vertex 5.253288904374106 -16.16796077701761 -5
      vertex 7.238247956606232 -15.382059891922333 -5
      vertex 7.238247956606232 -15.382059891922333 0
    endloop
  endfacet
  facet normal 0.48175367410171543 -0.8763066800438636 0
    outer loop
      vertex 7.238247956606232 -15.382059891922333 -5
      vertex 9.109055514642936 -14.35357473353426 -5
      vertex 9.109055514642936 -14.35357473353426 0
    endloop
  endfacet
  facet normal 0 0 -1
    outer loop
      vertex 9.109055514642936 -14.35357473353426 -5
      vertex 8.077588934308368 -12.72824347694288 -5
      vertex 9.609166645461501 -11.615487134845019 -5
    endloop
  endfacet
  facet normal 0 0 -1
    outer loop
      vertex 9.109055514642936 -14.35357473353426 -5
      vertex 9.609166645461501 -11.615487134845019 -5
      vertex 10.83620782572773 -13.098725127188413 -5
    endloop
  endfacet
  facet normal 0 0 -1
    outer loop
      vertex 10.83620782572773 -13.098725127188413 -5
      vertex 9.609166645461501 -11.615487134845019 -5
      vertex 10.98920205837778 -10.319547621874978 -5
    endloop
  endfacet
  facet normal 0 0 -1
    outer loop
      vertex 10.83620782572773 -13.098725127188413 -5
      vertex 10.98920205837778 -10.319547621874978 -5
      vertex 12.195931190202332 -8.860862678309033 -5
    endloop
  endfacet
  facet normal 0 0 -1
    outer loop
      vertex 10.83620782572773 -13.098725127188413 -5
      vertex 12.195931190202332 -8.860862678309033 -5
      vertex 12.392466666163998 -11.637300800787704 -5
    endloop
  endfacet
  facet normal 0 0 -1
    outer loop
      vertex 12.392466666163998 -11.637300800787704 -5
      vertex 12.195931190202332 -8.860862678309033 -5
      vertex 13.210323201661241 -7.262436637083359 -5
    endloop
  endfacet
  facet normal 0 0 -1
    outer loop
      vertex 12.392466666163998 -11.637300800787704 -5
      vertex 13.210323201661241 -7.262436637083359 -5
      vertex 13.753288904374106 -9.992349288972044 -5
    endloop
  endfacet
  facet normal 0.5877852522924728 -0.8090169943749477 0
    outer loop
      vertex 9.109055514642936 -14.35357473353426 -5
      vertex 10.83620782572773 -13.098725127188413 -5
      vertex 10.83620782572773 -13.098725127188413 0
    endloop
  endfacet
  facet normal 0.6845471059286892 -0.7289686274214112 0
    outer loop
      vertex 10.83620782572773 -13.098725127188413 -5
      vertex 12.392466666163998 -11.637300800787704 -5
      vertex 12.392466666163998 -11.637300800787704 0
    endloop
  endfacet
  facet normal 0.770513242775789 -0.63742398974869 0
    outer loop
      vertex 12.392466666163998 -11.637300800787704 -5
      vertex 13.753288904374106 -9.992349288972044 -5
      vertex 12.392466666163998 -11.637300800787704 0
    endloop
  endfacet
  facet normal 0.8443279255020151 -0.5358267949789967 0
    outer loop
      vertex 13.753288904374106 -9.992349288972044 -5
      vertex 14.89721356074568 -8.189812459729161 -5
      vertex 13.753288904374106 -9.992349288972044 0
    endloop
  endfacet
  facet normal 0 0 -1
    outer loop
      vertex 13.753288904374106 -9.992349288972044 -5
      vertex 13.210323201661241 -7.262436637083359 -5
      vertex 14.016380524765387 -5.549477631721526 -5
    endloop
  endfacet
  facet normal 0 0 -1
    outer loop
      vertex 13.753288904374106 -9.992349288972044 -5
      vertex 14.016380524765387 -5.549477631721526 -5
      vertex 14.601391154014115 -3.7490000490101805 -5
    endloop
  endfacet
  facet normal 0 0 -1
    outer loop
      vertex 13.753288904374106 -9.992349288972044 -5
      vertex 14.601391154014115 -3.7490000490101805 -5
      vertex 14.89721356074568 -8.189812459729161 -5
    endloop
  endfacet
  facet normal 0 0 -1
    outer loop
      vertex 14.89721356074568 -8.189812459729161 -5
      vertex 14.601391154014115 -3.7490000490101805 -5
      vertex 14.956129122315753 -1.8893984959818837 -5
    endloop
  endfacet
  facet normal 0 0 -1
    outer loop
      vertex 14.89721356074568 -8.189812459729161 -5
      vertex 14.956129122315753 -1.8893984959818837 -5
      vertex 15.075 0 -5
    endloop
  endfacet
  facet normal 0 0 -1
    outer loop
      vertex 14.89721356074568 -8.189812459729161 -5
      vertex 15.806200260100272 6.258117395639526 -5
      vertex 15.80620026010027 -6.258117395639532 -5
    endloop
  endfacet
  facet normal 0 0 -1
    outer loop
      vertex 14.89721356074568 -8.189812459729161 -5
      vertex 15.075 0 -5
      vertex 15.806200260100272 6.258117395639526 -5
    endloop
  endfacet
  facet normal 0 0 -1
    outer loop
      vertex 15.80620026010027 -6.258117395639532 -5
      vertex 16.46591373918673 4.227728081802532 -5
      vertex 16.465913739186732 -4.227728081802526 -5
    endloop
  endfacet
  facet normal 0 0 -1
    outer loop
      vertex 16.465913739186732 -4.227728081802526 -5
      vertex 16.865949922346125 2.1306649705931724 -5
      vertex 16.865949922346125 -2.1306649705931693 -5
    endloop
  endfacet
  facet normal 0.9048270524660195 -0.42577929156507277 0
    outer loop
      vertex 14.89721356074568 -8.189812459729161 -5
      vertex 15.80620026010027 -6.258117395639532 -5
      vertex 14.89721356074568 -8.189812459729161 0
    endloop
  endfacet
  facet normal 0.9510565162951532 -0.30901699437494823 0
    outer loop
      vertex 15.80620026010027 -6.258117395639532 -5
      vertex 16.465913739186732 -4.227728081802526 -5
      vertex 15.80620026010027 -6.258117395639532 0
    endloop
  endfacet
  facet normal 0.9822872507286886 -0.1873813145857246 0
    outer loop
      vertex 16.465913739186732 -4.227728081802526 -5
      vertex 16.865949922346125 -2.1306649705931693 -5
      vertex 16.465913739186732 -4.227728081802526 0
    endloop
  endfacet
  facet normal 0.9980267284282716 -0.06279051952931243 0
    outer loop
      vertex 16.865949922346125 -2.1306649705931693 -5
      vertex 17 0 -5
      vertex 16.865949922346125 -2.1306649705931693 0
    endloop
  endfacet
  facet normal 0.12533323356430498 -0.9921147013144778 0
    outer loop
      vertex 1.067438831998334 -16.966454383280617 -5
      vertex 3.185482347957322 -16.698883262387707 0
      vertex 1.067438831998334 -16.966454383280617 0
    endloop
  endfacet
  facet normal 0.2486898871648558 -0.9685831611286309 0
    outer loop
      vertex 3.185482347957322 -16.698883262387707 -5
      vertex 5.253288904374106 -16.16796077701761 0
      vertex 3.185482347957322 -16.698883262387707 0
    endloop
  endfacet
  facet normal 0.3681245526846769 -0.9297764858882518 0
    outer loop
      vertex 5.253288904374106 -16.16796077701761 -5
      vertex 7.238247956606232 -15.382059891922333 0
      vertex 5.253288904374106 -16.16796077701761 0
    endloop
  endfacet
  facet normal 0.48175367410171543 -0.8763066800438636 0
    outer loop
      vertex 7.238247956606232 -15.382059891922333 -5
      vertex 9.109055514642936 -14.35357473353426 0
      vertex 7.238247956606232 -15.382059891922333 0
    endloop
  endfacet
  facet normal 0 0 1
    outer loop
      vertex -1.067438831998334 -16.966454383280617 0
      vertex 1.067438831998334 -16.966454383280617 0
      vertex 0.33438265323638916 -5.590748980641365 0
    endloop
  endfacet
  facet normal 0 0 1
    outer loop
      vertex 1.067438831998334 -16.966454383280617 0
      vertex 3.185482347957322 -16.698883262387707 0
      vertex 1.0541010200977325 -5.514983676373959 0
    endloop
  endfacet
  facet normal 0 0 1
    outer loop
      vertex 1.067438831998334 -16.966454383280617 0
      vertex 0.5860520377755165 -5.575595915317535 0
      vertex 0.33438265323638916 -5.590748980641365 0
    endloop
  endfacet
  facet normal 0 0 1
    outer loop
      vertex 1.067438831998334 -16.966454383280617 0
      vertex 0.8259581625461578 -5.5503408163785934 0
      vertex 0.5860520377755165 -5.575595915317535 0
    endloop
  endfacet
  facet normal 0 0 1
    outer loop
      vertex 1.067438831998334 -16.966454383280617 0
      vertex 1.0541010200977325 -5.514983676373959 0
      vertex 0.8259581625461578 -5.5503408163785934 0
    endloop
  endfacet
  facet normal 0 0 1
    outer loop
      vertex 3.185482347957322 -16.698883262387707 0
      vertex 1.2704806104302406 -5.46952448785305 0
      vertex 1.0541010200977325 -5.514983676373959 0
    endloop
  endfacet
  facet normal 0 0 1
    outer loop
      vertex 3.185482347957322 -16.698883262387707 0
      vertex 1.4750969409942627 -5.41396326571703 0
      vertex 1.2704806104302406 -5.46952448785305 0
    endloop
  endfacet
  facet normal 0 0 1
    outer loop
      vertex 3.185482347957322 -16.698883262387707 0
      vertex 1.6679499968886375 -5.348300002515316 0
      vertex 1.4750969409942627 -5.41396326571703 0
    endloop
  endfacet
  facet normal 0 0 1
    outer loop
      vertex 3.185482347957322 -16.698883262387707 0
      vertex 5.253288904374106 -16.16796077701761 0
      vertex 3.166550002992153 -3.625900000333786 0
    endloop
  endfacet
  facet normal 0 0 1
    outer loop
      vertex 3.185482347957322 -16.698883262387707 0
      vertex 1.8490397930145264 -5.273157142102718 0
      vertex 1.6679499968886375 -5.348300002515316 0
    endloop
  endfacet
  facet normal 0 0 1
    outer loop
      vertex 3.185482347957322 -16.698883262387707 0
      vertex 2.018366329371929 -5.189157143235207 0
      vertex 1.8490397930145264 -5.273157142102718 0
    endloop
  endfacet
  facet normal 0 0 1
    outer loop
      vertex 3.185482347957322 -16.698883262387707 0
      vertex 2.1759295910596848 -5.0962999984622 0
      vertex 2.018366329371929 -5.189157143235207 0
    endloop
  endfacet
  facet normal 0 0 1
    outer loop
      vertex 3.185482347957322 -16.698883262387707 0
      vertex 2.3217295929789543 -4.99458571523428 0
      vertex 2.1759295910596848 -5.0962999984622 0
    endloop
  endfacet
  facet normal 0 0 1
    outer loop
      vertex 3.185482347957322 -16.698883262387707 0
      vertex 2.4557663276791573 -4.884014286100864 0
      vertex 2.3217295929789543 -4.99458571523428 0
    endloop
  endfacet
  facet normal 0 0 1
    outer loop
      vertex 3.185482347957322 -16.698883262387707 0
      vertex 2.5780397951602936 -4.7645857110619545 0
      vertex 2.4557663276791573 -4.884014286100864 0
    endloop
  endfacet
  facet normal 0 0 1
    outer loop
      vertex 3.185482347957322 -16.698883262387707 0
      vertex 2.688550002872944 -4.6362999975681305 0
      vertex 2.5780397951602936 -4.7645857110619545 0
    endloop
  endfacet
  facet normal 0 0 1
    outer loop
      vertex 3.185482347957322 -16.698883262387707 0
      vertex 2.787986733019352 -4.501924492418766 0
      vertex 2.688550002872944 -4.6362999975681305 0
    endloop
  endfacet
  facet normal 0 0 1
    outer loop
      vertex 3.185482347957322 -16.698883262387707 0
      vertex 2.877039797604084 -4.3642265275120735 0
      vertex 2.787986733019352 -4.501924492418766 0
    endloop
  endfacet
  facet normal 0 0 1
    outer loop
      vertex 3.185482347957322 -16.698883262387707 0
      vertex 2.955709181725979 -4.223206125199795 0
      vertex 2.877039797604084 -4.3642265275120735 0
    endloop
  endfacet
  facet normal 0 0 1
    outer loop
      vertex 3.185482347957322 -16.698883262387707 0
      vertex 3.0239949002861977 -4.078863263130188 0
      vertex 2.955709181725979 -4.223206125199795 0
    endloop
  endfacet
  facet normal 0 0 1
    outer loop
      vertex 3.185482347957322 -16.698883262387707 0
      vertex 3.0818969383835793 -3.9311979562044144 0
      vertex 3.0239949002861977 -4.078863263130188 0
    endloop
  endfacet
  facet normal 0 0 1
    outer loop
      vertex 3.185482347957322 -16.698883262387707 0
      vertex 3.1294153034687042 -3.780210204422474 0
      vertex 3.0818969383835793 -3.9311979562044144 0
    endloop
  endfacet
  facet normal 0 0 1
    outer loop
      vertex 3.185482347957322 -16.698883262387707 0
      vertex 3.166550002992153 -3.625900000333786 0
      vertex 3.1294153034687042 -3.780210204422474 0
    endloop
  endfacet
  facet normal 0 0 1
    outer loop
      vertex 5.253288904374106 -16.16796077701761 0
      vertex 3.1962377578020096 -3.4572653025388718 0
      vertex 3.166550002992153 -3.625900000333786 0
    endloop
  endfacet
  facet normal 0 0 1
    outer loop
      vertex 5.253288904374106 -16.16796077701761 0
      vertex 3.2213581651449203 -3.2633040845394135 0
      vertex 3.1962377578020096 -3.4572653025388718 0
    endloop
  endfacet
  facet normal 0 0 1
    outer loop
      vertex 5.253288904374106 -16.16796077701761 0
      vertex 3.2419112250208855 -3.0440163239836693 0
      vertex 3.2213581651449203 -3.2633040845394135 0
    endloop
  endfacet
  facet normal 0 0 1
    outer loop
      vertex 5.253288904374106 -16.16796077701761 0
      vertex 3.257896937429905 -2.799402043223381 0
      vertex 3.2419112250208855 -3.0440163239836693 0
    endloop
  endfacet
  facet normal 0 0 1
    outer loop
      vertex 5.253288904374106 -16.16796077701761 0
      vertex 3.2693153098225594 -2.5294612273573875 0
      vertex 3.257896937429905 -2.799402043223381 0
    endloop
  endfacet
  facet normal 0 0 1
    outer loop
      vertex 5.253288904374106 -16.16796077701761 0
      vertex 3.2761663272976875 -2.234193876385689 0
      vertex 3.2693153098225594 -2.5294612273573875 0
    endloop
  endfacet
  facet normal 0 0 1
    outer loop
      vertex 5.253288904374106 -16.16796077701761 0
      vertex 3.27844999730587 -1.9135999977588654 0
      vertex 3.2761663272976875 -2.234193876385689 0
    endloop
  endfacet
  facet normal 0 0 1
    outer loop
      vertex 5.253288904374106 -16.16796077701761 0
      vertex 3.27844999730587 -0.34709999710321426 0
      vertex 3.27844999730587 -1.9135999977588654 0
    endloop
  endfacet
  facet normal 0 0 1
    outer loop
      vertex 5.253288904374106 -16.16796077701761 0
      vertex 3.266617350280285 0.14439795911312103 0
      vertex 3.27844999730587 -0.34709999710321426 0
    endloop
  endfacet
  facet normal 0 0 1
    outer loop
      vertex 5.253288904374106 -16.16796077701761 0
      vertex 3.2311193868517876 0.5881489813327789 0
      vertex 3.266617350280285 0.14439795911312103 0
    endloop
  endfacet
  facet normal 0 0 1
    outer loop
      vertex 0.25763775408267975 -3.8652428537607193 0
      vertex -0.0702357143163681 1.0338469371199608 0
      vertex 0.21066632866859436 -3.8836428597569466 0
    endloop
  endfacet
  facet normal 0 0 1
    outer loop
      vertex -0.0702357143163681 1.0338469371199608 0
      vertex 0.25763775408267975 -3.8652428537607193 0
      vertex 0.3014255091547966 -3.841585710644722 0
    endloop
  endfacet
  facet normal 0 0 1
    outer loop
      vertex -0.0702357143163681 1.0338469371199608 0
      vertex 0.3014255091547966 -3.841585710644722 0
      vertex 0.3420295938849449 -3.8126714304089546 0
    endloop
  endfacet
  facet normal 0 0 1
    outer loop
      vertex -0.0702357143163681 1.0338469371199608 0
      vertex 0.3420295938849449 -3.8126714304089546 0
      vertex 0.3794500008225441 -3.778499998152256 0
    endloop
  endfacet
  facet normal 0 0 1
    outer loop
      vertex -0.0702357143163681 1.0338469371199608 0
      vertex 0.3794500008225441 -3.778499998152256 0
      vertex 0.4129520431160927 -3.741257146000862 0
    endloop
  endfacet
  facet normal 0 0 1
    outer loop
      vertex -0.0702357143163681 1.0338469371199608 0
      vertex 0.4129520431160927 -3.741257146000862 0
      vertex 0.4417438805103302 -3.7031857147812843 0
    endloop
  endfacet
  facet normal 0 0 1
    outer loop
      vertex -0.0702357143163681 1.0338469371199608 0
      vertex 0.4417438805103302 -3.7031857147812843 0
      vertex 0.46582551300525665 -3.6642857119441032 0
    endloop
  endfacet
  facet normal 0 0 1
    outer loop
      vertex -0.0702357143163681 1.0338469371199608 0
      vertex 0.46582551300525665 -3.6642857119441032 0
      vertex 0.48519694060087204 -3.6245571449398994 0
    endloop
  endfacet
  facet normal 0 0 1
    outer loop
      vertex -0.0702357143163681 1.0338469371199608 0
      vertex 0.48519694060087204 -3.6245571449398994 0
      vertex 0.49985816329717636 -3.5839999988675117 0
    endloop
  endfacet
  facet normal 0 0 1
    outer loop
      vertex -0.0702357143163681 1.0338469371199608 0
      vertex 0.49985816329717636 -3.5839999988675117 0
      vertex 0.5098091810941696 -3.5426142886281013 0
    endloop
  endfacet
  facet normal 0 0 1
    outer loop
      vertex -0.0702357143163681 1.0338469371199608 0
      vertex 0.5098091810941696 -3.5426142886281013 0
      vertex 0.5150500014424324 -3.500399999320507 0
    endloop
  endfacet
  facet normal 0 0 1
    outer loop
      vertex -0.0702357143163681 1.0338469371199608 0
      vertex 0.5150500014424324 -3.500399999320507 0
      vertex 0.5180336758494377 -3.4374285712838173 0
    endloop
  endfacet
  facet normal 0 0 1
    outer loop
      vertex -0.0702357143163681 1.0338469371199608 0
      vertex 0.5180336758494377 -3.4374285712838173 0
      vertex 0.5211561247706413 -3.3337714299559593 0
    endloop
  endfacet
  facet normal 0 0 1
    outer loop
      vertex -0.0702357143163681 1.0338469371199608 0
      vertex 0.5211561247706413 -3.3337714299559593 0
      vertex 0.5244173482060432 -3.1894285678863525 0
    endloop
  endfacet
  facet normal 0 0 1
    outer loop
      vertex 0.5244173482060432 -3.1894285678863525 0
      vertex 0.5278173461556435 -3.004399999976158 0
      vertex 0.3225051015615463 0.922016330063343 0
    endloop
  endfacet
  facet normal 0 0 1
    outer loop
      vertex 0.5278173461556435 -3.004399999976158 0
      vertex 0.5313561260700226 -2.778685711324215 0
      vertex 0.4441479593515396 0.7404571399092674 0
    endloop
  endfacet
  facet normal 0 0 1
    outer loop
      vertex 0.5313561260700226 -2.778685711324215 0
      vertex 0.5350336730480194 -2.512285716831684 0
      vertex 0.5151744931936264 0.42828571796417236 0
    endloop
  endfacet
  facet normal 0 0 1
    outer loop
      vertex 0.5350336730480194 -2.512285716831684 0
      vertex 0.5388500019907951 -2.2052000015974045 0
      vertex 0.5362193882465363 0.13988571614027023 0
    endloop
  endfacet
  facet normal 0 0 1
    outer loop
      vertex -0.12073571234941483 1.0267877578735352 0
      vertex 0.21066632866859436 -3.8836428597569466 0
      vertex -0.0702357143163681 1.0338469371199608 0
    endloop
  endfacet
  facet normal 0 0 1
    outer loop
      vertex 0.5313561260700226 -2.778685711324215 0
      vertex 0.5151744931936264 0.42828571796417236 0
      vertex 0.49676020443439484 0.5483999997377396 0
    endloop
  endfacet
  facet normal 0 0 1
    outer loop
      vertex 0.5350336730480194 -2.512285716831684 0
      vertex 0.5283275544643402 0.2921142876148224 0
      vertex 0.5151744931936264 0.42828571796417236 0
    endloop
  endfacet
  facet normal 0 0 1
    outer loop
      vertex -0.0702357143163681 1.0338469371199608 0
      vertex 0.5244173482060432 -3.1894285678863525 0
      vertex -0.017250001430511475 1.036200001835823 0
    endloop
  endfacet
  facet normal 0 0 1
    outer loop
      vertex -0.017250001430511475 1.036200001835823 0
      vertex 0.5244173482060432 -3.1894285678863525 0
      vertex 0.06454592198133469 1.0316326543688774 0
    endloop
  endfacet
  facet normal 0 0 1
    outer loop
      vertex 0.5244173482060432 -3.1894285678863525 0
      vertex 0.13941938430070877 1.0179306119680405 0
      vertex 0.06454592198133469 1.0316326543688774 0
    endloop
  endfacet
  facet normal 0 0 1
    outer loop
      vertex 0.5244173482060432 -3.1894285678863525 0
      vertex 0.2683989778161049 0.9631224498152733 0
      vertex 0.20737040787935257 0.9950938746333122 0
    endloop
  endfacet
  facet normal 0 0 1
    outer loop
      vertex 0.5244173482060432 -3.1894285678863525 0
      vertex 0.3225051015615463 0.922016330063343 0
      vertex 0.2683989778161049 0.9631224498152733 0
    endloop
  endfacet
  facet normal 0 0 1
    outer loop
      vertex 0.5244173482060432 -3.1894285678863525 0
      vertex 0.20737040787935257 0.9950938746333122 0
      vertex 0.13941938430070877 1.0179306119680405 0
    endloop
  endfacet
  facet normal 0 0 1
    outer loop
      vertex 0.5278173461556435 -3.004399999976158 0
      vertex 0.4441479593515396 0.7404571399092674 0
      vertex 0.40995000302791595 0.8123999983072281 0
    endloop
  endfacet
  facet normal 0 0 1
    outer loop
      vertex 0.5278173461556435 -3.004399999976158 0
      vertex 0.3696887791156769 0.8717755079269409 0
      vertex 0.3225051015615463 0.922016330063343 0
    endloop
  endfacet
  facet normal 0 0 1
    outer loop
      vertex 0.5278173461556435 -3.004399999976158 0
      vertex 0.40995000302791595 0.8123999983072281 0
      vertex 0.3696887791156769 0.8717755079269409 0
    endloop
  endfacet
  facet normal 0 0 1
    outer loop
      vertex 0.5313561260700226 -2.778685711324215 0
      vertex 0.49676020443439484 0.5483999997377396 0
      vertex 0.4730846956372261 0.6524571403861046 0
    endloop
  endfacet
  facet normal 0 0 1
    outer loop
      vertex 0.5313561260700226 -2.778685711324215 0
      vertex 0.4730846956372261 0.6524571403861046 0
      vertex 0.4441479593515396 0.7404571399092674 0
    endloop
  endfacet
  facet normal 0 0 1
    outer loop
      vertex 0.5388500019907951 -2.2052000015974045 0
      vertex 0.5388500019907951 -0.0283999964594841 0
      vertex 0.5362193882465363 0.13988571614027023 0
    endloop
  endfacet
  facet normal 0 0 1
    outer loop
      vertex 0.5350336730480194 -2.512285716831684 0
      vertex 0.5362193882465363 0.13988571614027023 0
      vertex 0.5283275544643402 0.2921142876148224 0
    endloop
  endfacet
  facet normal 0 0 1
    outer loop
      vertex 5.253288904374106 -16.16796077701761 0
      vertex 7.238247956606232 -15.382059891922333 0
      vertex 5.253288904374106 16.16796077701761 0
    endloop
  endfacet
  facet normal 0 0 1
    outer loop
      vertex 7.238247956606232 -15.382059891922333 0
      vertex 9.109055514642936 -14.35357473353426 0
      vertex 7.238247956606236 15.382059891922331 0
    endloop
  endfacet
  facet normal 0.5877852522924728 -0.8090169943749477 0
    outer loop
      vertex 9.109055514642936 -14.35357473353426 -5
      vertex 10.83620782572773 -13.098725127188413 0
      vertex 9.109055514642936 -14.35357473353426 0
    endloop
  endfacet
  facet normal 0.6845471059286892 -0.7289686274214112 0
    outer loop
      vertex 10.83620782572773 -13.098725127188413 -5
      vertex 12.392466666163998 -11.637300800787704 0
      vertex 10.83620782572773 -13.098725127188413 0
    endloop
  endfacet
  facet normal 0.770513242775789 -0.63742398974869 0
    outer loop
      vertex 13.753288904374106 -9.992349288972044 -5
      vertex 13.753288904374106 -9.992349288972044 0
      vertex 12.392466666163998 -11.637300800787704 0
    endloop
  endfacet
  facet normal 0.8443279255020151 -0.5358267949789967 0
    outer loop
      vertex 14.89721356074568 -8.189812459729161 -5
      vertex 14.89721356074568 -8.189812459729161 0
      vertex 13.753288904374106 -9.992349288972044 0
    endloop
  endfacet
  facet normal 0.9048270524660195 -0.42577929156507277 0
    outer loop
      vertex 15.80620026010027 -6.258117395639532 -5
      vertex 15.80620026010027 -6.258117395639532 0
      vertex 14.89721356074568 -8.189812459729161 0
    endloop
  endfacet
  facet normal 0.9510565162951532 -0.30901699437494823 0
    outer loop
      vertex 16.465913739186732 -4.227728081802526 -5
      vertex 16.465913739186732 -4.227728081802526 0
      vertex 15.80620026010027 -6.258117395639532 0
    endloop
  endfacet
  facet normal 0.9822872507286886 -0.1873813145857246 0
    outer loop
      vertex 16.865949922346125 -2.1306649705931693 -5
      vertex 16.865949922346125 -2.1306649705931693 0
      vertex 16.465913739186732 -4.227728081802526 0
    endloop
  endfacet
  facet normal 0.9980267284282716 -0.06279051952931243 0
    outer loop
      vertex 16.865949922346125 -2.1306649705931693 0
      vertex 17 0 -5
      vertex 17 0 0
    endloop
  endfacet
  facet normal 0 0 1
    outer loop
      vertex 9.109055514642936 -14.35357473353426 0
      vertex 10.83620782572773 -13.098725127188413 0
      vertex 9.109055514642943 14.353574733534256 0
    endloop
  endfacet
  facet normal 0 0 1
    outer loop
      vertex 10.83620782572773 -13.098725127188413 0
      vertex 12.392466666163998 -11.637300800787704 0
      vertex 10.836207825727726 13.098725127188416 0
    endloop
  endfacet
  facet normal 0 0 1
    outer loop
      vertex 12.392466666163998 -11.637300800787704 0
      vertex 13.753288904374106 -9.992349288972044 0
      vertex 12.392466666163996 11.637300800787708 0
    endloop
  endfacet
  facet normal 0 0 1
    outer loop
      vertex 13.753288904374106 -9.992349288972044 0
      vertex 14.89721356074568 -8.189812459729161 0
      vertex 13.753288904374106 9.992349288972044 0
    endloop
  endfacet
  facet normal 0 0 1
    outer loop
      vertex 14.89721356074568 -8.189812459729161 0
      vertex 15.80620026010027 -6.258117395639532 0
      vertex 14.897213560745682 8.189812459729161 0
    endloop
  endfacet
  facet normal 0 0 1
    outer loop
      vertex 15.80620026010027 -6.258117395639532 0
      vertex 16.465913739186732 -4.227728081802526 0
      vertex 15.806200260100272 6.258117395639526 0
    endloop
  endfacet
  facet normal 0 0 1
    outer loop
      vertex 16.465913739186732 -4.227728081802526 0
      vertex 16.865949922346125 -2.1306649705931693 0
      vertex 16.46591373918673 4.227728081802532 0
    endloop
  endfacet
  facet normal 0 0 -1
    outer loop
      vertex -1.0674388319983257 16.966454383280617 -5
      vertex 1.0674388319983257 16.966454383280617 -5
      vertex 0.9465670819043971 15.045252931056194 -5
    endloop
  endfacet
  facet normal 0 0 -1
    outer loop
      vertex 1.0674388319983257 16.966454383280617 -5
      vertex 3.1854823479573176 16.698883262387707 -5
      vertex 0.9465670819043971 15.045252931056194 -5
    endloop
  endfacet
  facet normal 0 0 -1
    outer loop
      vertex 3.1854823479573176 16.698883262387707 -5
      vertex 2.824773317379798 14.807980304734981 -5
      vertex 0.9465670819043971 15.045252931056194 -5
    endloop
  endfacet
  facet normal 0 0 -1
    outer loop
      vertex 5.253288904374106 16.16796077701761 -5
      vertex 4.658431190202331 14.337176983149439 -5
      vertex 2.824773317379798 14.807980304734981 -5
    endloop
  endfacet
  facet normal 0 0 -1
    outer loop
      vertex 3.1854823479573176 16.698883262387707 -5
      vertex 5.253288904374106 16.16796077701761 -5
      vertex 2.824773317379798 14.807980304734981 -5
    endloop
  endfacet
  facet normal 0 0 -1
    outer loop
      vertex 7.238247956606236 15.382059891922331 -5
      vertex 6.4186228203434705 13.640267815925244 -5
      vertex 4.658431190202331 14.337176983149439 -5
    endloop
  endfacet
  facet normal 0 0 -1
    outer loop
      vertex 5.253288904374106 16.16796077701761 -5
      vertex 7.238247956606236 15.382059891922331 -5
      vertex 4.658431190202331 14.337176983149439 -5
    endloop
  endfacet
  facet normal 0 0 -1
    outer loop
      vertex 9.109055514642943 14.353574733534256 -5
      vertex 8.077588934308375 12.728243476942877 -5
      vertex 6.4186228203434705 13.640267815925244 -5
    endloop
  endfacet
  facet normal 0 0 -1
    outer loop
      vertex 7.238247956606236 15.382059891922331 -5
      vertex 9.109055514642943 14.353574733534256 -5
      vertex 6.4186228203434705 13.640267815925244 -5
    endloop
  endfacet
  facet normal 0.12533323356430473 0.9921147013144778 0
    outer loop
      vertex 1.0674388319983257 16.966454383280617 -5
      vertex 1.0674388319983257 16.966454383280617 0
      vertex 3.1854823479573176 16.698883262387707 -5
    endloop
  endfacet
  facet normal 0.24868988716485535 0.9685831611286311 0
    outer loop
      vertex 3.1854823479573176 16.698883262387707 -5
      vertex 3.1854823479573176 16.698883262387707 0
      vertex 5.253288904374106 16.16796077701761 -5
    endloop
  endfacet
  facet normal 0.3681245526846769 0.9297764858882518 0
    outer loop
      vertex 5.253288904374106 16.16796077701761 -5
      vertex 5.253288904374106 16.16796077701761 0
      vertex 7.238247956606236 15.382059891922331 -5
    endloop
  endfacet
  facet normal 0.48175367410171555 0.8763066800438635 0
    outer loop
      vertex 7.238247956606236 15.382059891922331 -5
      vertex 7.238247956606236 15.382059891922331 0
      vertex 9.109055514642943 14.353574733534256 -5
    endloop
  endfacet
  facet normal 0 0 -1
    outer loop
      vertex 16.865949922346125 -2.1306649705931693 -5
      vertex 16.865949922346125 2.1306649705931724 -5
      vertex 17 0 -5
    endloop
  endfacet
  facet normal 0 0 -1
    outer loop
      vertex 16.465913739186732 -4.227728081802526 -5
      vertex 16.46591373918673 4.227728081802532 -5
      vertex 16.865949922346125 2.1306649705931724 -5
    endloop
  endfacet
  facet normal 0 0 -1
    outer loop
      vertex 15.80620026010027 -6.258117395639532 -5
      vertex 15.806200260100272 6.258117395639526 -5
      vertex 16.46591373918673 4.227728081802532 -5
    endloop
  endfacet
  facet normal 0 0 -1
    outer loop
      vertex 15.806200260100272 6.258117395639526 -5
      vertex 15.075 0 -5
      vertex 14.956129122315753 1.8893984959818866 -5
    endloop
  endfacet
  facet normal 0 0 -1
    outer loop
      vertex 15.806200260100272 6.258117395639526 -5
      vertex 14.956129122315753 1.8893984959818866 -5
      vertex 14.601391154014113 3.749000049010186 -5
    endloop
  endfacet
  facet normal 0 0 -1
    outer loop
      vertex 14.897213560745682 8.189812459729161 -5
      vertex 14.601391154014113 3.749000049010186 -5
      vertex 14.016380524765388 5.54947763172152 -5
    endloop
  endfacet
  facet normal 0 0 -1
    outer loop
      vertex 14.897213560745682 8.189812459729161 -5
      vertex 14.016380524765388 5.54947763172152 -5
      vertex 13.210323201661243 7.262436637083358 -5
    endloop
  endfacet
  facet normal 0 0 -1
    outer loop
      vertex 14.897213560745682 8.189812459729161 -5
      vertex 13.210323201661243 7.262436637083358 -5
      vertex 13.753288904374106 9.992349288972044 -5
    endloop
  endfacet
  facet normal 0 0 -1
    outer loop
      vertex 15.806200260100272 6.258117395639526 -5
      vertex 14.601391154014113 3.749000049010186 -5
      vertex 14.897213560745682 8.189812459729161 -5
    endloop
  endfacet
  facet normal 0.9980267284282716 0.06279051952931233 0
    outer loop
      vertex 17 0 -5
      vertex 16.865949922346125 2.1306649705931724 -5
      vertex 17 0 0
    endloop
  endfacet
  facet normal 0.9822872507286885 0.187381314585726 0
    outer loop
      vertex 16.865949922346125 2.1306649705931724 -5
      vertex 16.46591373918673 4.227728081802532 -5
      vertex 16.865949922346125 2.1306649705931724 0
    endloop
  endfacet
  facet normal 0.9510565162951534 0.3090169943749476 0
    outer loop
      vertex 16.46591373918673 4.227728081802532 -5
      vertex 15.806200260100272 6.258117395639526 -5
      vertex 16.46591373918673 4.227728081802532 0
    endloop
  endfacet
  facet normal 0.9048270524660199 0.42577929156507166 0
    outer loop
      vertex 15.806200260100272 6.258117395639526 -5
      vertex 14.897213560745682 8.189812459729161 -5
      vertex 15.806200260100272 6.258117395639526 0
    endloop
  endfacet
  facet normal 0 0 -1
    outer loop
      vertex 10.836207825727726 13.098725127188416 -5
      vertex 9.609166645461498 11.61548713484502 -5
      vertex 8.077588934308375 12.728243476942877 -5
    endloop
  endfacet
  facet normal 0 0 -1
    outer loop
      vertex 12.392466666163996 11.637300800787708 -5
      vertex 12.195931190202332 8.860862678309033 -5
      vertex 10.989202058377778 10.319547621874982 -5
    endloop
  endfacet
  facet normal 0 0 -1
    outer loop
      vertex 12.392466666163996 11.637300800787708 -5
      vertex 10.989202058377778 10.319547621874982 -5
      vertex 9.609166645461498 11.61548713484502 -5
    endloop
  endfacet
  facet normal 0 0 -1
    outer loop
      vertex 12.392466666163996 11.637300800787708 -5
      vertex 9.609166645461498 11.61548713484502 -5
      vertex 10.836207825727726 13.098725127188416 -5
    endloop
  endfacet
  facet normal 0 0 -1
    outer loop
      vertex 9.109055514642943 14.353574733534256 -5
      vertex 10.836207825727726 13.098725127188416 -5
      vertex 8.077588934308375 12.728243476942877 -5
    endloop
  endfacet
  facet normal 0 0 -1
    outer loop
      vertex 13.753288904374106 9.992349288972044 -5
      vertex 13.210323201661243 7.262436637083358 -5
      vertex 12.195931190202332 8.860862678309033 -5
    endloop
  endfacet
  facet normal 0 0 -1
    outer loop
      vertex 12.392466666163996 11.637300800787708 -5
      vertex 13.753288904374106 9.992349288972044 -5
      vertex 12.195931190202332 8.860862678309033 -5
    endloop
  endfacet
  facet normal 0.6845471059286887 0.7289686274214116 0
    outer loop
      vertex 12.392466666163996 11.637300800787708 -5
      vertex 10.836207825727726 13.098725127188416 -5
      vertex 10.836207825727726 13.098725127188416 0
    endloop
  endfacet
  facet normal 0.587785252292473 0.8090169943749476 0
    outer loop
      vertex 9.109055514642943 14.353574733534256 -5
      vertex 9.109055514642943 14.353574733534256 0
      vertex 10.836207825727726 13.098725127188416 -5
    endloop
  endfacet
  facet normal 0.7705132427757893 0.6374239897486896 0
    outer loop
      vertex 12.392466666163996 11.637300800787708 -5
      vertex 13.753288904374106 9.992349288972044 0
      vertex 13.753288904374106 9.992349288972044 -5
    endloop
  endfacet
  facet normal 0.8443279255020146 0.5358267949789972 0
    outer loop
      vertex 14.897213560745682 8.189812459729161 -5
      vertex 13.753288904374106 9.992349288972044 -5
      vertex 14.897213560745682 8.189812459729161 0
    endloop
  endfacet
  facet normal 0 0 1
    outer loop
      vertex -0.6546500027179718 3.8369000032544136 0
      vertex 0.44280918687582016 2.663355104625225 0
      vertex 0.7071540802717209 2.709438778460026 0
    endloop
  endfacet
  facet normal 0 0 1
    outer loop
      vertex -0.6546500027179718 3.8369000032544136 0
      vertex 0.7071540802717209 2.709438778460026 0
      vertex 0.9864500015974045 2.7247999981045723 0
    endloop
  endfacet
  facet normal 0 0 1
    outer loop
      vertex 1.2987153083086014 2.711859181523323 0
      vertex -0.6546500027179718 3.8369000032544136 0
      vertex 0.9864500015974045 2.7247999981045723 0
    endloop
  endfacet
  facet normal 0 0 1
    outer loop
      vertex -0.6546500027179718 3.8369000032544136 0
      vertex 1.2987153083086014 2.711859181523323 0
      vertex 1.5884255096316338 2.6730367317795753 0
    endloop
  endfacet
  facet normal 0 0 1
    outer loop
      vertex -0.6546500027179718 3.8369000032544136 0
      vertex 1.5884255096316338 2.6730367317795753 0
      vertex 1.8555806130170822 2.6083326563239098 0
    endloop
  endfacet
  facet normal 0 0 1
    outer loop
      vertex 2.100180611014366 2.517746940255165 0
      vertex -0.6546500027179718 3.8369000032544136 0
      vertex 1.8555806130170822 2.6083326563239098 0
    endloop
  endfacet
  facet normal 0 0 1
    outer loop
      vertex 2.100180611014366 2.517746940255165 0
      vertex 2.742749996483326 3.8369000032544136 0
      vertex -0.6546500027179718 3.8369000032544136 0
    endloop
  endfacet
  facet normal 0 0 1
    outer loop
      vertex 5.253288904374106 -16.16796077701761 0
      vertex 3.1854823479573176 16.698883262387707 0
      vertex 3.2311193868517876 0.5881489813327789 0
    endloop
  endfacet
  facet normal 0 0 1
    outer loop
      vertex 2.100180611014366 2.517746940255165 0
      vertex 2.322225511074066 2.401279591023922 0
      vertex 2.742749996483326 3.8369000032544136 0
    endloop
  endfacet
  facet normal 0 0 1
    outer loop
      vertex 2.5217153057456017 2.2589306086301804 0
      vertex 2.6986500024795532 2.090700000524521 0
      vertex 2.742749996483326 3.8369000032544136 0
    endloop
  endfacet
  facet normal 0 0 1
    outer loop
      vertex 2.5217153057456017 2.2589306086301804 0
      vertex 2.742749996483326 3.8369000032544136 0
      vertex 2.322225511074066 2.401279591023922 0
    endloop
  endfacet
  facet normal 0 0 1
    outer loop
      vertex 2.8524744883179665 1.8856836706399918 0
      vertex 2.742749996483326 3.8369000032544136 0
      vertex 2.6986500024795532 2.090700000524521 0
    endloop
  endfacet
  facet normal 0 0 1
    outer loop
      vertex 3.1854823479573176 16.698883262387707 0
      vertex 3.0891275480389595 1.3324102014303207 0
      vertex 3.1719561219215393 0.9841530621051788 0
    endloop
  endfacet
  facet normal 0 0 1
    outer loop
      vertex 3.1854823479573176 16.698883262387707 0
      vertex 3.1719561219215393 0.9841530621051788 0
      vertex 3.2311193868517876 0.5881489813327789 0
    endloop
  endfacet
  facet normal 0 0 1
    outer loop
      vertex 3.1854823479573176 16.698883262387707 0
      vertex 2.9826336726546288 1.6329204067587852 0
      vertex 3.0891275480389595 1.3324102014303207 0
    endloop
  endfacet
  facet normal 0 0 1
    outer loop
      vertex 3.1854823479573176 16.698883262387707 0
      vertex 2.8524744883179665 1.8856836706399918 0
      vertex 2.9826336726546288 1.6329204067587852 0
    endloop
  endfacet
  facet normal 0 0 1
    outer loop
      vertex 3.1854823479573176 16.698883262387707 0
      vertex 2.742749996483326 3.8369000032544136 0
      vertex 2.8524744883179665 1.8856836706399918 0
    endloop
  endfacet
  facet normal 0 0 1
    outer loop
      vertex 5.253288904374106 -16.16796077701761 0
      vertex 5.253288904374106 16.16796077701761 0
      vertex 3.1854823479573176 16.698883262387707 0
    endloop
  endfacet
  facet normal 0 0 1
    outer loop
      vertex 7.238247956606232 -15.382059891922333 0
      vertex 7.238247956606236 15.382059891922331 0
      vertex 5.253288904374106 16.16796077701761 0
    endloop
  endfacet
  facet normal 0 0 1
    outer loop
      vertex 9.109055514642936 -14.35357473353426 0
      vertex 9.109055514642943 14.353574733534256 0
      vertex 7.238247956606236 15.382059891922331 0
    endloop
  endfacet
  facet normal 0 1 0
    outer loop
      vertex -1.0674388319983257 16.966454383280617 0
      vertex 1.0674388319983257 16.966454383280617 0
      vertex 1.0674388319983257 16.966454383280617 -5
    endloop
  endfacet
  facet normal 0.12533323356430473 0.9921147013144778 0
    outer loop
      vertex 3.1854823479573176 16.698883262387707 -5
      vertex 1.0674388319983257 16.966454383280617 0
      vertex 3.1854823479573176 16.698883262387707 0
    endloop
  endfacet
  facet normal 0.24868988716485535 0.9685831611286311 0
    outer loop
      vertex 5.253288904374106 16.16796077701761 -5
      vertex 3.1854823479573176 16.698883262387707 0
      vertex 5.253288904374106 16.16796077701761 0
    endloop
  endfacet
  facet normal 0.48175367410171555 0.8763066800438635 0
    outer loop
      vertex 9.109055514642943 14.353574733534256 -5
      vertex 7.238247956606236 15.382059891922331 0
      vertex 9.109055514642943 14.353574733534256 0
    endloop
  endfacet
  facet normal 0.3681245526846769 0.9297764858882518 0
    outer loop
      vertex 7.238247956606236 15.382059891922331 -5
      vertex 5.253288904374106 16.16796077701761 0
      vertex 7.238247956606236 15.382059891922331 0
    endloop
  endfacet
  facet normal 0 0 1
    outer loop
      vertex 3.1854823479573176 16.698883262387707 0
      vertex 2.742749996483326 5.593199998140335 0
      vertex 2.742749996483326 3.8369000032544136 0
    endloop
  endfacet
  facet normal 0 0 1
    outer loop
      vertex -1.0674388319983257 16.966454383280617 0
      vertex 2.742749996483326 5.593199998140335 0
      vertex 1.0674388319983257 16.966454383280617 0
    endloop
  endfacet
  facet normal 0 0 1
    outer loop
      vertex 1.0674388319983257 16.966454383280617 0
      vertex 2.742749996483326 5.593199998140335 0
      vertex 3.1854823479573176 16.698883262387707 0
    endloop
  endfacet
  facet normal 0.9980267284282716 0.06279051952931233 0
    outer loop
      vertex 16.865949922346125 2.1306649705931724 -5
      vertex 16.865949922346125 2.1306649705931724 0
      vertex 17 0 0
    endloop
  endfacet
  facet normal 0.9822872507286885 0.187381314585726 0
    outer loop
      vertex 16.46591373918673 4.227728081802532 -5
      vertex 16.46591373918673 4.227728081802532 0
      vertex 16.865949922346125 2.1306649705931724 0
    endloop
  endfacet
  facet normal 0.9510565162951534 0.3090169943749476 0
    outer loop
      vertex 15.806200260100272 6.258117395639526 -5
      vertex 15.806200260100272 6.258117395639526 0
      vertex 16.46591373918673 4.227728081802532 0
    endloop
  endfacet
  facet normal 0.9048270524660199 0.42577929156507166 0
    outer loop
      vertex 14.897213560745682 8.189812459729161 -5
      vertex 14.897213560745682 8.189812459729161 0
      vertex 15.806200260100272 6.258117395639526 0
    endloop
  endfacet
  facet normal 0 0 1
    outer loop
      vertex 10.83620782572773 -13.098725127188413 0
      vertex 10.836207825727726 13.098725127188416 0
      vertex 9.109055514642943 14.353574733534256 0
    endloop
  endfacet
  facet normal 0 0 1
    outer loop
      vertex 12.392466666163998 -11.637300800787704 0
      vertex 12.392466666163996 11.637300800787708 0
      vertex 10.836207825727726 13.098725127188416 0
    endloop
  endfacet
  facet normal 0 0 1
    outer loop
      vertex 13.753288904374106 -9.992349288972044 0
      vertex 13.753288904374106 9.992349288972044 0
      vertex 12.392466666163996 11.637300800787708 0
    endloop
  endfacet
  facet normal 0 0 1
    outer loop
      vertex 14.89721356074568 -8.189812459729161 0
      vertex 14.897213560745682 8.189812459729161 0
      vertex 13.753288904374106 9.992349288972044 0
    endloop
  endfacet
  facet normal 0 0 1
    outer loop
      vertex 16.865949922346125 -2.1306649705931693 0
      vertex 17 0 0
      vertex 16.865949922346125 2.1306649705931724 0
    endloop
  endfacet
  facet normal 0 0 1
    outer loop
      vertex 16.465913739186732 -4.227728081802526 0
      vertex 16.46591373918673 4.227728081802532 0
      vertex 15.806200260100272 6.258117395639526 0
    endloop
  endfacet
  facet normal 0 0 1
    outer loop
      vertex 16.865949922346125 -2.1306649705931693 0
      vertex 16.865949922346125 2.1306649705931724 0
      vertex 16.46591373918673 4.227728081802532 0
    endloop
  endfacet
  facet normal 0 0 1
    outer loop
      vertex 15.80620026010027 -6.258117395639532 0
      vertex 15.806200260100272 6.258117395639526 0
      vertex 14.897213560745682 8.189812459729161 0
    endloop
  endfacet
  facet normal 0.6845471059286887 0.7289686274214116 0
    outer loop
      vertex 12.392466666163996 11.637300800787708 -5
      vertex 10.836207825727726 13.098725127188416 0
      vertex 12.392466666163996 11.637300800787708 0
    endloop
  endfacet
  facet normal 0.587785252292473 0.8090169943749476 0
    outer loop
      vertex 10.836207825727726 13.098725127188416 -5
      vertex 9.109055514642943 14.353574733534256 0
      vertex 10.836207825727726 13.098725127188416 0
    endloop
  endfacet
  facet normal 0.8443279255020146 0.5358267949789972 0
    outer loop
      vertex 13.753288904374106 9.992349288972044 -5
      vertex 13.753288904374106 9.992349288972044 0
      vertex 14.897213560745682 8.189812459729161 0
    endloop
  endfacet
  facet normal 0.7705132427757893 0.6374239897486896 0
    outer loop
      vertex 12.392466666163996 11.637300800787708 -5
      vertex 12.392466666163996 11.637300800787708 0
      vertex 13.753288904374106 9.992349288972044 0
    endloop
  endfacet
endsolid OpenSCAD_Model
