solid OpenSCAD_Model
  facet normal 0 0 1
    outer loop
      vertex -1.7309999987483025 -2.9981799498200417 -2.5
      vertex -1.743449690031536 -0.4476417968967387 -2.5
      vertex -3.461999997496605 0 -2.5
    endloop
  endfacet
  facet normal 0 0 1
    outer loop
      vertex -1.78580646236606 -0.22559982041574733 -2.5
      vertex -1.8 0 -2.5
      vertex -3.461999997496605 0 -2.5
    endloop
  endfacet
  facet normal 0 0 1
    outer loop
      vertex -1.743449690031536 -0.4476417968967387 -2.5
      vertex -1.78580646236606 -0.22559982041574733 -2.5
      vertex -3.461999997496605 0 -2.5
    endloop
  endfacet
  facet normal 0.8660254040795223 0.49999999948890006 0
    outer loop
      vertex -1.7309999987483025 -2.9981799498200417 -2.5
      vertex -3.461999997496605 0 -2.5
      vertex -3.461999997496605 0 0
    endloop
  endfacet
  facet normal 0 0 1
    outer loop
      vertex -1.7309999987483025 -2.9981799498200417 -2.5
      vertex -1.1473631815476413 -1.386923836996421 -2.5
      vertex -1.312143529358541 -1.2321847906716394 -2.5
    endloop
  endfacet
  facet normal 0 0 1
    outer loop
      vertex -1.7309999987483025 -2.9981799498200417 -2.5
      vertex -0.9644882309621942 -1.5197902659036269 -2.5
      vertex -1.1473631815476413 -1.386923836996421 -2.5
    endloop
  endfacet
  facet normal 0 0 1
    outer loop
      vertex -1.7309999987483025 -2.9981799498200417 -2.5
      vertex -0.5562305898749054 -1.7119017293312764 -2.5
      vertex -0.7664027248171305 -1.6286886944388352 -2.5
    endloop
  endfacet
  facet normal 0 0 1
    outer loop
      vertex -1.7309999987483025 -2.9981799498200417 -2.5
      vertex -0.7664027248171305 -1.6286886944388352 -2.5
      vertex -0.9644882309621942 -1.5197902659036269 -2.5
    endloop
  endfacet
  facet normal 0 0 1
    outer loop
      vertex -1.7309999987483025 -2.9981799498200417 -2.5
      vertex -0.3372863662543047 -1.7681170513116395 -2.5
      vertex -0.5562305898749054 -1.7119017293312764 -2.5
    endloop
  endfacet
  facet normal 0 0 1
    outer loop
      vertex -1.7309999987483025 -2.9981799498200417 -2.5
      vertex -0.11302293515276478 -1.7964481111708888 -2.5
      vertex -0.3372863662543047 -1.7681170513116395 -2.5
    endloop
  endfacet
  facet normal 0 0 1
    outer loop
      vertex -1.7309999987483025 -2.9981799498200417 -2.5
      vertex 0.11302293515276478 -1.7964481111708888 -2.5
      vertex -0.11302293515276478 -1.7964481111708888 -2.5
    endloop
  endfacet
  facet normal 0 0 1
    outer loop
      vertex -1.7309999987483025 -2.9981799498200417 -2.5
      vertex 0.3372863662543047 -1.7681170513116395 -2.5
      vertex 0.11302293515276478 -1.7964481111708888 -2.5
    endloop
  endfacet
  facet normal 0 1 0
    outer loop
      vertex -1.7309999987483025 -2.9981799498200417 -2.5
      vertex -1.7309999987483025 -2.9981799498200417 0
      vertex 1.7309999987483025 -2.9981799498200417 -2.5
    endloop
  endfacet
  facet normal 0 0 1
    outer loop
      vertex -1.7309999987483025 -2.9981799498200417 -2.5
      vertex -1.5773520240789543 -0.8671566133830877 -2.5
      vertex -1.6735976745988526 -0.6626241948324202 -2.5
    endloop
  endfacet
  facet normal 0 0 1
    outer loop
      vertex -1.7309999987483025 -2.9981799498200417 -2.5
      vertex -1.4562305898749055 -1.0580134541264516 -2.5
      vertex -1.5773520240789543 -0.8671566133830877 -2.5
    endloop
  endfacet
  facet normal 0 0 1
    outer loop
      vertex -1.7309999987483025 -2.9981799498200417 -2.5
      vertex -1.312143529358541 -1.2321847906716394 -2.5
      vertex -1.4562305898749055 -1.0580134541264516 -2.5
    endloop
  endfacet
  facet normal 0 0 1
    outer loop
      vertex -1.7309999987483025 -2.9981799498200417 -2.5
      vertex -1.6735976745988526 -0.6626241948324202 -2.5
      vertex -1.743449690031536 -0.4476417968967387 -2.5
    endloop
  endfacet
  facet normal 0.8660254040795223 0.49999999948890006 0
    outer loop
      vertex -1.7309999987483025 -2.9981799498200417 -2.5
      vertex -3.461999997496605 0 0
      vertex -1.7309999987483025 -2.9981799498200417 0
    endloop
  endfacet
  facet normal 0 0 1
    outer loop
      vertex -3.461999997496605 0 -2.5
      vertex -1.8 0 -2.5
      vertex -1.78580646236606 0.22559982041574733 -2.5
    endloop
  endfacet
  facet normal 0 0 1
    outer loop
      vertex -3.461999997496605 0 -2.5
      vertex -1.78580646236606 0.22559982041574733 -2.5
      vertex -1.743449690031536 0.4476417968967387 -2.5
    endloop
  endfacet
  facet normal 0 0 1
    outer loop
      vertex -3.461999997496605 0 -2.5
      vertex -1.743449690031536 0.4476417968967387 -2.5
      vertex -1.6735976745988526 0.6626241948324202 -2.5
    endloop
  endfacet
  facet normal 0 0 1
    outer loop
      vertex -3.461999997496605 0 -2.5
      vertex -1.6735976745988526 0.6626241948324202 -2.5
      vertex -1.7309999987483025 2.9981799498200417 -2.5
    endloop
  endfacet
  facet normal 0.8660254040795223 -0.49999999948890006 0
    outer loop
      vertex -3.461999997496605 0 -2.5
      vertex -1.7309999987483025 2.9981799498200417 -2.5
      vertex -1.7309999987483025 2.9981799498200417 0
    endloop
  endfacet
  facet normal 0 0 1
    outer loop
      vertex -1.6735976745988526 0.6626241948324202 -2.5
      vertex -1.5773520240789543 0.8671566133830877 -2.5
      vertex -1.7309999987483025 2.9981799498200417 -2.5
    endloop
  endfacet
  facet normal 0 0 1
    outer loop
      vertex -1.5773520240789543 0.8671566133830877 -2.5
      vertex -1.4562305898749055 1.0580134541264516 -2.5
      vertex -1.7309999987483025 2.9981799498200417 -2.5
    endloop
  endfacet
  facet normal 0 0 1
    outer loop
      vertex -1.4562305898749055 1.0580134541264516 -2.5
      vertex -1.312143529358541 1.2321847906716394 -2.5
      vertex -1.7309999987483025 2.9981799498200417 -2.5
    endloop
  endfacet
  facet normal 0 0 1
    outer loop
      vertex -1.312143529358541 1.2321847906716394 -2.5
      vertex -1.1473631815476413 1.386923836996421 -2.5
      vertex -1.7309999987483025 2.9981799498200417 -2.5
    endloop
  endfacet
  facet normal 0 0 1
    outer loop
      vertex -1.1473631815476413 1.386923836996421 -2.5
      vertex -0.9644882309621942 1.5197902659036269 -2.5
      vertex -1.7309999987483025 2.9981799498200417 -2.5
    endloop
  endfacet
  facet normal 0 0 1
    outer loop
      vertex -0.9644882309621942 1.5197902659036269 -2.5
      vertex -0.7664027248171309 1.628688694438835 -2.5
      vertex -1.7309999987483025 2.9981799498200417 -2.5
    endloop
  endfacet
  facet normal 0 0 1
    outer loop
      vertex -0.7664027248171309 1.628688694438835 -2.5
      vertex -0.5562305898749054 1.7119017293312764 -2.5
      vertex -1.7309999987483025 2.9981799498200417 -2.5
    endloop
  endfacet
  facet normal 0 0 1
    outer loop
      vertex -0.5562305898749054 1.7119017293312764 -2.5
      vertex -0.33728636625430425 1.7681170513116398 -2.5
      vertex -1.7309999987483025 2.9981799498200417 -2.5
    endloop
  endfacet
  facet normal 0 0 1
    outer loop
      vertex -0.33728636625430425 1.7681170513116398 -2.5
      vertex 1.7309999987483025 2.9981799498200417 -2.5
      vertex -1.7309999987483025 2.9981799498200417 -2.5
    endloop
  endfacet
  facet normal 0.8660254040795223 -0.49999999948890006 0
    outer loop
      vertex -3.461999997496605 0 -2.5
      vertex -1.7309999987483025 2.9981799498200417 0
      vertex -3.461999997496605 0 0
    endloop
  endfacet
  facet normal 0 -1 0
    outer loop
      vertex -1.7309999987483025 2.9981799498200417 -2.5
      vertex 1.7309999987483025 2.9981799498200417 0
      vertex -1.7309999987483025 2.9981799498200417 0
    endloop
  endfacet
  facet normal 0 0 1
    outer loop
      vertex -1.7309999987483025 -2.9981799498200417 -2.5
      vertex 1.7309999987483025 -2.9981799498200417 -2.5
      vertex 0.3372863662543047 -1.7681170513116395 -2.5
    endloop
  endfacet
  facet normal 0 0 1
    outer loop
      vertex 1.7309999987483025 -2.9981799498200417 -2.5
      vertex 0.5562305898749054 -1.7119017293312764 -2.5
      vertex 0.3372863662543047 -1.7681170513116395 -2.5
    endloop
  endfacet
  facet normal 0 0 1
    outer loop
      vertex 1.7309999987483025 -2.9981799498200417 -2.5
      vertex 0.7664027248171305 -1.6286886944388352 -2.5
      vertex 0.5562305898749054 -1.7119017293312764 -2.5
    endloop
  endfacet
  facet normal 0 0 1
    outer loop
      vertex 1.7309999987483025 -2.9981799498200417 -2.5
      vertex 0.9644882309621932 -1.5197902659036275 -2.5
      vertex 0.7664027248171305 -1.6286886944388352 -2.5
    endloop
  endfacet
  facet normal 0 0 1
    outer loop
      vertex 1.7309999987483025 -2.9981799498200417 -2.5
      vertex 1.147363181547642 -1.3869238369964203 -2.5
      vertex 0.9644882309621932 -1.5197902659036275 -2.5
    endloop
  endfacet
  facet normal 0 0 1
    outer loop
      vertex 1.7309999987483025 -2.9981799498200417 -2.5
      vertex 1.312143529358541 -1.2321847906716394 -2.5
      vertex 1.147363181547642 -1.3869238369964203 -2.5
    endloop
  endfacet
  facet normal 0 0 1
    outer loop
      vertex 1.7309999987483025 -2.9981799498200417 -2.5
      vertex 1.4562305898749055 -1.0580134541264516 -2.5
      vertex 1.312143529358541 -1.2321847906716394 -2.5
    endloop
  endfacet
  facet normal 0 0 1
    outer loop
      vertex 1.7309999987483025 -2.9981799498200417 -2.5
      vertex 1.5773520240789543 -0.8671566133830877 -2.5
      vertex 1.4562305898749055 -1.0580134541264516 -2.5
    endloop
  endfacet
  facet normal 0 0 1
    outer loop
      vertex 1.7309999987483025 -2.9981799498200417 -2.5
      vertex 1.6735976745988523 -0.6626241948324211 -2.5
      vertex 1.5773520240789543 -0.8671566133830877 -2.5
    endloop
  endfacet
  facet normal -0.8660254040795223 0.49999999948890006 0
    outer loop
      vertex 1.7309999987483025 -2.9981799498200417 -2.5
      vertex 1.7309999987483025 -2.9981799498200417 0
      vertex 3.461999997496605 0 -2.5
    endloop
  endfacet
  facet normal 0 0 1
    outer loop
      vertex 1.7309999987483025 -2.9981799498200417 -2.5
      vertex 3.461999997496605 0 -2.5
      vertex 1.6735976745988523 -0.6626241948324211 -2.5
    endloop
  endfacet
  facet normal 0 0 1
    outer loop
      vertex 1.6735976745988523 -0.6626241948324211 -2.5
      vertex 3.461999997496605 0 -2.5
      vertex 1.7434496900315362 -0.447641796896738 -2.5
    endloop
  endfacet
  facet normal 0 0 1
    outer loop
      vertex 1.7434496900315362 -0.447641796896738 -2.5
      vertex 3.461999997496605 0 -2.5
      vertex 1.78580646236606 -0.22559982041574733 -2.5
    endloop
  endfacet
  facet normal 0 0 1
    outer loop
      vertex 1.78580646236606 -0.22559982041574733 -2.5
      vertex 3.461999997496605 0 -2.5
      vertex 1.8 0 -2.5
    endloop
  endfacet
  facet normal 0 1 0
    outer loop
      vertex -1.7309999987483025 -2.9981799498200417 0
      vertex 1.7309999987483025 -2.9981799498200417 0
      vertex 1.7309999987483025 -2.9981799498200417 -2.5
    endloop
  endfacet
  facet normal -0.8660254040795223 0.49999999948890006 0
    outer loop
      vertex 1.7309999987483025 -2.9981799498200417 0
      vertex 3.461999997496605 0 0
      vertex 3.461999997496605 0 -2.5
    endloop
  endfacet
  facet normal 0 0 1
    outer loop
      vertex 1.743449690031536 0.44764179689673866 -2.5
      vertex 1.7309999987483025 2.9981799498200417 -2.5
      vertex 1.6735976745988526 0.6626241948324204 -2.5
    endloop
  endfacet
  facet normal 0 0 1
    outer loop
      vertex 1.3121435293585408 1.2321847906716397 -2.5
      vertex 1.4562305898749055 1.0580134541264516 -2.5
      vertex 1.7309999987483025 2.9981799498200417 -2.5
    endloop
  endfacet
  facet normal 0 0 1
    outer loop
      vertex 1.4562305898749055 1.0580134541264516 -2.5
      vertex 1.5773520240789545 0.8671566133830876 -2.5
      vertex 1.7309999987483025 2.9981799498200417 -2.5
    endloop
  endfacet
  facet normal 0 0 1
    outer loop
      vertex 1.6735976745988526 0.6626241948324204 -2.5
      vertex 1.7309999987483025 2.9981799498200417 -2.5
      vertex 1.5773520240789545 0.8671566133830876 -2.5
    endloop
  endfacet
  facet normal 0 0 1
    outer loop
      vertex -0.33728636625430425 1.7681170513116398 -2.5
      vertex -0.1130229351527639 1.7964481111708888 -2.5
      vertex 1.7309999987483025 2.9981799498200417 -2.5
    endloop
  endfacet
  facet normal 0 0 1
    outer loop
      vertex -0.1130229351527639 1.7964481111708888 -2.5
      vertex 0.11302293515276311 1.7964481111708888 -2.5
      vertex 1.7309999987483025 2.9981799498200417 -2.5
    endloop
  endfacet
  facet normal 0 0 1
    outer loop
      vertex 0.11302293515276311 1.7964481111708888 -2.5
      vertex 0.33728636625430425 1.7681170513116398 -2.5
      vertex 1.7309999987483025 2.9981799498200417 -2.5
    endloop
  endfacet
  facet normal 0 0 1
    outer loop
      vertex 0.33728636625430425 1.7681170513116398 -2.5
      vertex 0.5562305898749054 1.7119017293312764 -2.5
      vertex 1.7309999987483025 2.9981799498200417 -2.5
    endloop
  endfacet
  facet normal 0 0 1
    outer loop
      vertex 0.7664027248171309 1.628688694438835 -2.5
      vertex 0.964488230962194 1.519790265903627 -2.5
      vertex 1.7309999987483025 2.9981799498200417 -2.5
    endloop
  endfacet
  facet normal 0 0 1
    outer loop
      vertex 0.5562305898749054 1.7119017293312764 -2.5
      vertex 0.7664027248171309 1.628688694438835 -2.5
      vertex 1.7309999987483025 2.9981799498200417 -2.5
    endloop
  endfacet
  facet normal 0 0 1
    outer loop
      vertex 0.964488230962194 1.519790265903627 -2.5
      vertex 1.1473631815476415 1.3869238369964205 -2.5
      vertex 1.7309999987483025 2.9981799498200417 -2.5
    endloop
  endfacet
  facet normal 0 0 1
    outer loop
      vertex 1.1473631815476415 1.3869238369964205 -2.5
      vertex 1.3121435293585408 1.2321847906716397 -2.5
      vertex 1.7309999987483025 2.9981799498200417 -2.5
    endloop
  endfacet
  facet normal 0 -1 0
    outer loop
      vertex -1.7309999987483025 2.9981799498200417 -2.5
      vertex 1.7309999987483025 2.9981799498200417 -2.5
      vertex 1.7309999987483025 2.9981799498200417 0
    endloop
  endfacet
  facet normal 0 0 1
    outer loop
      vertex 1.78580646236606 0.22559982041574766 -2.5
      vertex 3.461999997496605 0 -2.5
      vertex 1.743449690031536 0.44764179689673866 -2.5
    endloop
  endfacet
  facet normal 0 0 1
    outer loop
      vertex 1.8 0 -2.5
      vertex 3.461999997496605 0 -2.5
      vertex 1.78580646236606 0.22559982041574766 -2.5
    endloop
  endfacet
  facet normal 0 0 1
    outer loop
      vertex 1.743449690031536 0.44764179689673866 -2.5
      vertex 3.461999997496605 0 -2.5
      vertex 1.7309999987483025 2.9981799498200417 -2.5
    endloop
  endfacet
  facet normal -0.8660254040795223 -0.49999999948890006 0
    outer loop
      vertex 1.7309999987483025 2.9981799498200417 -2.5
      vertex 3.461999997496605 0 -2.5
      vertex 3.461999997496605 0 0
    endloop
  endfacet
  facet normal -0.8660254040795223 -0.49999999948890006 0
    outer loop
      vertex 1.7309999987483025 2.9981799498200417 -2.5
      vertex 3.461999997496605 0 0
      vertex 1.7309999987483025 2.9981799498200417 0
    endloop
  endfacet
  facet normal 0 0 1
    outer loop
      vertex -4.648882429441257 -1.8406227634233894 0
      vertex -4.648882429441257 1.8406227634233894 0
      vertex -4.842915805643155 -1.2434494358242743 0
    endloop
  endfacet
  facet normal 0 0 1
    outer loop
      vertex -4.842915805643155 -1.2434494358242743 0
      vertex -4.842915805643155 1.2434494358242743 0
      vertex -4.9605735065723895 -0.6266661678215203 0
    endloop
  endfacet
  facet normal 0 0 1
    outer loop
      vertex -4.045084971874737 -2.938926261462366 0
      vertex -3.6448431371070584 -3.4227355296434423 0
      vertex -3.6448431371070584 3.4227355296434423 0
    endloop
  endfacet
  facet normal 0 0 1
    outer loop
      vertex -4.381533400219317 -2.408768370508577 0
      vertex -4.381533400219317 2.408768370508577 0
      vertex -4.648882429441257 -1.8406227634233894 0
    endloop
  endfacet
  facet normal 0 0 1
    outer loop
      vertex -4.045084971874737 -2.938926261462366 0
      vertex -4.045084971874737 2.938926261462366 0
      vertex -4.381533400219317 -2.408768370508577 0
    endloop
  endfacet
  facet normal 0.7705132427757889 0.6374239897486902 0
    outer loop
      vertex -4.045084971874737 -2.938926261462366 0
      vertex -4.045084971874737 -2.938926261462366 3
      vertex -3.6448431371070584 -3.4227355296434423 0
    endloop
  endfacet
  facet normal 0.8443279255020154 0.535826794978996 0
    outer loop
      vertex -4.045084971874737 -2.938926261462366 0
      vertex -4.381533400219317 -2.408768370508577 0
      vertex -4.381533400219317 -2.408768370508577 3
    endloop
  endfacet
  facet normal 0.9048270524660195 0.42577929156507305 0
    outer loop
      vertex -4.381533400219317 -2.408768370508577 0
      vertex -4.648882429441257 -1.8406227634233894 0
      vertex -4.648882429441257 -1.8406227634233894 3
    endloop
  endfacet
  facet normal 0.7705132427757889 0.6374239897486902 0
    outer loop
      vertex -3.6448431371070584 -3.4227355296434423 0
      vertex -4.045084971874737 -2.938926261462366 3
      vertex -3.6448431371070584 -3.4227355296434423 3
    endloop
  endfacet
  facet normal 0.9048270524660195 0.42577929156507305 0
    outer loop
      vertex -4.381533400219317 -2.408768370508577 0
      vertex -4.648882429441257 -1.8406227634233894 3
      vertex -4.381533400219317 -2.408768370508577 3
    endloop
  endfacet
  facet normal 0.8443279255020154 0.535826794978996 0
    outer loop
      vertex -4.045084971874737 -2.938926261462366 0
      vertex -4.381533400219317 -2.408768370508577 3
      vertex -4.045084971874737 -2.938926261462366 3
    endloop
  endfacet
  facet normal 0.9510565162951536 0.30901699437494723 0
    outer loop
      vertex -4.648882429441257 -1.8406227634233894 0
      vertex -4.842915805643155 -1.2434494358242743 0
      vertex -4.842915805643155 -1.2434494358242743 3
    endloop
  endfacet
  facet normal 0.9822872507286885 0.18738131458572513 0
    outer loop
      vertex -4.842915805643155 -1.2434494358242743 0
      vertex -4.9605735065723895 -0.6266661678215203 0
      vertex -4.9605735065723895 -0.6266661678215203 3
    endloop
  endfacet
  facet normal 0.9980267284282717 0.06279051952931294 0
    outer loop
      vertex -4.9605735065723895 -0.6266661678215203 0
      vertex -5 0 0
      vertex -5 0 3
    endloop
  endfacet
  facet normal 0.9510565162951536 0.30901699437494723 0
    outer loop
      vertex -4.648882429441257 -1.8406227634233894 0
      vertex -4.842915805643155 -1.2434494358242743 3
      vertex -4.648882429441257 -1.8406227634233894 3
    endloop
  endfacet
  facet normal 0.9822872507286885 0.18738131458572513 0
    outer loop
      vertex -4.842915805643155 -1.2434494358242743 0
      vertex -4.9605735065723895 -0.6266661678215203 3
      vertex -4.842915805643155 -1.2434494358242743 3
    endloop
  endfacet
  facet normal 0.9980267284282717 0.06279051952931294 0
    outer loop
      vertex -4.9605735065723895 -0.6266661678215203 0
      vertex -5 0 3
      vertex -4.9605735065723895 -0.6266661678215203 3
    endloop
  endfacet
  facet normal 0 0 1
    outer loop
      vertex -2.6791339748949836 -4.221639627510075 0
      vertex -2.128896457825362 -4.524135262330098 0
      vertex -1.7309999987483025 -2.9981799498200417 0
    endloop
  endfacet
  facet normal 0 0 1
    outer loop
      vertex -2.128896457825362 -4.524135262330098 0
      vertex -1.545084971874737 -4.755282581475767 0
      vertex -1.7309999987483025 -2.9981799498200417 0
    endloop
  endfacet
  facet normal 0 0 1
    outer loop
      vertex -1.545084971874737 -4.755282581475767 0
      vertex -0.9369065729286241 -4.911436253643443 0
      vertex 1.7309999987483025 -2.9981799498200417 0
    endloop
  endfacet
  facet normal 0.5877852522924722 0.8090169943749481 0
    outer loop
      vertex -3.1871199487434483 -3.852566213878947 0
      vertex -2.6791339748949836 -4.221639627510075 3
      vertex -2.6791339748949836 -4.221639627510075 0
    endloop
  endfacet
  facet normal 0.4817536741017159 0.8763066800438633 0
    outer loop
      vertex -2.6791339748949836 -4.221639627510075 0
      vertex -2.128896457825362 -4.524135262330098 3
      vertex -2.128896457825362 -4.524135262330098 0
    endloop
  endfacet
  facet normal 0.5877852522924722 0.8090169943749481 0
    outer loop
      vertex -3.1871199487434483 -3.852566213878947 0
      vertex -3.1871199487434483 -3.852566213878947 3
      vertex -2.6791339748949836 -4.221639627510075 3
    endloop
  endfacet
  facet normal 0.4817536741017159 0.8763066800438633 0
    outer loop
      vertex -2.6791339748949836 -4.221639627510075 0
      vertex -2.6791339748949836 -4.221639627510075 3
      vertex -2.128896457825362 -4.524135262330098 3
    endloop
  endfacet
  facet normal 0.3681245526846768 0.9297764858882519 0
    outer loop
      vertex -2.128896457825362 -4.524135262330098 0
      vertex -2.128896457825362 -4.524135262330098 3
      vertex -1.545084971874737 -4.755282581475767 3
    endloop
  endfacet
  facet normal 0.24868988716485582 0.968583161128631 0
    outer loop
      vertex -1.545084971874737 -4.755282581475767 0
      vertex -0.9369065729286241 -4.911436253643443 3
      vertex -0.9369065729286241 -4.911436253643443 0
    endloop
  endfacet
  facet normal 0.3681245526846768 0.9297764858882519 0
    outer loop
      vertex -2.128896457825362 -4.524135262330098 0
      vertex -1.545084971874737 -4.755282581475767 3
      vertex -1.545084971874737 -4.755282581475767 0
    endloop
  endfacet
  facet normal 0.12533323356430498 0.9921147013144778 0
    outer loop
      vertex -0.9369065729286241 -4.911436253643443 0
      vertex -0.3139525976465688 -4.990133642141358 3
      vertex -0.3139525976465688 -4.990133642141358 0
    endloop
  endfacet
  facet normal 0.24868988716485582 0.968583161128631 0
    outer loop
      vertex -1.545084971874737 -4.755282581475767 0
      vertex -1.545084971874737 -4.755282581475767 3
      vertex -0.9369065729286241 -4.911436253643443 3
    endloop
  endfacet
  facet normal 0.12533323356430498 0.9921147013144778 0
    outer loop
      vertex -0.9369065729286241 -4.911436253643443 0
      vertex -0.9369065729286241 -4.911436253643443 3
      vertex -0.3139525976465688 -4.990133642141358 3
    endloop
  endfacet
  facet normal 0 1 0
    outer loop
      vertex -0.3139525976465688 -4.990133642141358 0
      vertex -0.3139525976465688 -4.990133642141358 3
      vertex 0.3139525976465688 -4.990133642141358 3
    endloop
  endfacet
  facet normal 0 0 1
    outer loop
      vertex -3.1871199487434483 -3.852566213878947 0
      vertex -1.7309999987483025 -2.9981799498200417 0
      vertex -3.6448431371070584 -3.4227355296434423 0
    endloop
  endfacet
  facet normal 0 0 1
    outer loop
      vertex -3.6448431371070584 -3.4227355296434423 0
      vertex -1.7309999987483025 -2.9981799498200417 0
      vertex -3.461999997496605 0 0
    endloop
  endfacet
  facet normal 0 0 1
    outer loop
      vertex -3.1871199487434483 -3.852566213878947 0
      vertex -2.6791339748949836 -4.221639627510075 0
      vertex -1.7309999987483025 -2.9981799498200417 0
    endloop
  endfacet
  facet normal 0 0 1
    outer loop
      vertex -1.545084971874737 -4.755282581475767 0
      vertex 1.7309999987483025 -2.9981799498200417 0
      vertex -1.7309999987483025 -2.9981799498200417 0
    endloop
  endfacet
  facet normal 0.6845471059286894 0.7289686274214109 0
    outer loop
      vertex -3.1871199487434483 -3.852566213878947 0
      vertex -3.6448431371070584 -3.4227355296434423 0
      vertex -3.1871199487434483 -3.852566213878947 3
    endloop
  endfacet
  facet normal 0.6845471059286894 0.7289686274214109 0
    outer loop
      vertex -3.6448431371070584 -3.4227355296434423 0
      vertex -3.6448431371070584 -3.4227355296434423 3
      vertex -3.1871199487434483 -3.852566213878947 3
    endloop
  endfacet
  facet normal 0 0 1
    outer loop
      vertex -4.9605735065723895 -0.6266661678215203 0
      vertex -4.9605735065723895 0.6266661678215203 0
      vertex -5 0 0
    endloop
  endfacet
  facet normal 0 0 1
    outer loop
      vertex -4.9605735065723895 -0.6266661678215203 0
      vertex -4.842915805643155 1.2434494358242743 0
      vertex -4.9605735065723895 0.6266661678215203 0
    endloop
  endfacet
  facet normal 0 0 1
    outer loop
      vertex -4.842915805643155 -1.2434494358242743 0
      vertex -4.648882429441257 1.8406227634233894 0
      vertex -4.842915805643155 1.2434494358242743 0
    endloop
  endfacet
  facet normal 0 0 1
    outer loop
      vertex -4.648882429441257 -1.8406227634233894 0
      vertex -4.381533400219317 2.408768370508577 0
      vertex -4.648882429441257 1.8406227634233894 0
    endloop
  endfacet
  facet normal 0 0 1
    outer loop
      vertex -4.381533400219317 -2.408768370508577 0
      vertex -4.045084971874737 2.938926261462366 0
      vertex -4.381533400219317 2.408768370508577 0
    endloop
  endfacet
  facet normal 0 0 1
    outer loop
      vertex -4.045084971874737 -2.938926261462366 0
      vertex -3.6448431371070584 3.4227355296434423 0
      vertex -4.045084971874737 2.938926261462366 0
    endloop
  endfacet
  facet normal 0.9980267284282717 -0.06279051952931294 0
    outer loop
      vertex -5 0 0
      vertex -4.9605735065723895 0.6266661678215203 0
      vertex -4.9605735065723895 0.6266661678215203 3
    endloop
  endfacet
  facet normal 0.9822872507286885 -0.18738131458572513 0
    outer loop
      vertex -4.9605735065723895 0.6266661678215203 0
      vertex -4.842915805643155 1.2434494358242743 0
      vertex -4.842915805643155 1.2434494358242743 3
    endloop
  endfacet
  facet normal 0.9510565162951536 -0.30901699437494723 0
    outer loop
      vertex -4.842915805643155 1.2434494358242743 0
      vertex -4.648882429441257 1.8406227634233894 0
      vertex -4.648882429441257 1.8406227634233894 3
    endloop
  endfacet
  facet normal 0.9980267284282717 -0.06279051952931294 0
    outer loop
      vertex -5 0 0
      vertex -4.9605735065723895 0.6266661678215203 3
      vertex -5 0 3
    endloop
  endfacet
  facet normal 0.9822872507286885 -0.18738131458572513 0
    outer loop
      vertex -4.9605735065723895 0.6266661678215203 0
      vertex -4.842915805643155 1.2434494358242743 3
      vertex -4.9605735065723895 0.6266661678215203 3
    endloop
  endfacet
  facet normal 0.9510565162951536 -0.30901699437494723 0
    outer loop
      vertex -4.842915805643155 1.2434494358242743 0
      vertex -4.648882429441257 1.8406227634233894 3
      vertex -4.842915805643155 1.2434494358242743 3
    endloop
  endfacet
  facet normal 0.9048270524660195 -0.42577929156507305 0
    outer loop
      vertex -4.648882429441257 1.8406227634233894 0
      vertex -4.381533400219317 2.408768370508577 0
      vertex -4.381533400219317 2.408768370508577 3
    endloop
  endfacet
  facet normal 0.8443279255020154 -0.535826794978996 0
    outer loop
      vertex -4.381533400219317 2.408768370508577 0
      vertex -4.045084971874737 2.938926261462366 0
      vertex -4.045084971874737 2.938926261462366 3
    endloop
  endfacet
  facet normal 0.7705132427757889 -0.6374239897486902 0
    outer loop
      vertex -4.045084971874737 2.938926261462366 0
      vertex -3.6448431371070584 3.4227355296434423 0
      vertex -3.6448431371070584 3.4227355296434423 3
    endloop
  endfacet
  facet normal 0.9048270524660195 -0.42577929156507305 0
    outer loop
      vertex -4.648882429441257 1.8406227634233894 0
      vertex -4.381533400219317 2.408768370508577 3
      vertex -4.648882429441257 1.8406227634233894 3
    endloop
  endfacet
  facet normal 0.8443279255020154 -0.535826794978996 0
    outer loop
      vertex -4.381533400219317 2.408768370508577 0
      vertex -4.045084971874737 2.938926261462366 3
      vertex -4.381533400219317 2.408768370508577 3
    endloop
  endfacet
  facet normal 0.7705132427757889 -0.6374239897486902 0
    outer loop
      vertex -4.045084971874737 2.938926261462366 0
      vertex -3.6448431371070584 3.4227355296434423 3
      vertex -4.045084971874737 2.938926261462366 3
    endloop
  endfacet
  facet normal 0 0 1
    outer loop
      vertex -3.6448431371070584 -3.4227355296434423 0
      vertex -3.461999997496605 0 0
      vertex -3.6448431371070584 3.4227355296434423 0
    endloop
  endfacet
  facet normal 0 0 1
    outer loop
      vertex -3.461999997496605 0 0
      vertex -3.1871199487434483 3.852566213878947 0
      vertex -3.6448431371070584 3.4227355296434423 0
    endloop
  endfacet
  facet normal 0 0 1
    outer loop
      vertex -3.461999997496605 0 0
      vertex -2.6791339748949836 4.221639627510075 0
      vertex -3.1871199487434483 3.852566213878947 0
    endloop
  endfacet
  facet normal 0 0 1
    outer loop
      vertex -3.461999997496605 0 0
      vertex -1.7309999987483025 2.9981799498200417 0
      vertex -2.1288964578253635 4.524135262330097 0
    endloop
  endfacet
  facet normal 0 0 1
    outer loop
      vertex -3.461999997496605 0 0
      vertex -2.1288964578253635 4.524135262330097 0
      vertex -2.6791339748949836 4.221639627510075 0
    endloop
  endfacet
  facet normal 0.6845471059286894 -0.7289686274214109 0
    outer loop
      vertex -3.6448431371070584 3.4227355296434423 0
      vertex -3.1871199487434483 3.852566213878947 0
      vertex -3.6448431371070584 3.4227355296434423 3
    endloop
  endfacet
  facet normal 0.6845471059286894 -0.7289686274214109 0
    outer loop
      vertex -3.1871199487434483 3.852566213878947 0
      vertex -3.1871199487434483 3.852566213878947 3
      vertex -3.6448431371070584 3.4227355296434423 3
    endloop
  endfacet
  facet normal 0 0 1
    outer loop
      vertex -1.7309999987483025 2.9981799498200417 0
      vertex -1.545084971874737 4.755282581475767 0
      vertex -2.1288964578253635 4.524135262330097 0
    endloop
  endfacet
  facet normal 0 0 1
    outer loop
      vertex -1.7309999987483025 2.9981799498200417 0
      vertex -0.9369065729286229 4.911436253643443 0
      vertex -1.545084971874737 4.755282581475767 0
    endloop
  endfacet
  facet normal 0 0 1
    outer loop
      vertex -1.7309999987483025 2.9981799498200417 0
      vertex -0.31395259764656636 4.990133642141358 0
      vertex -0.9369065729286229 4.911436253643443 0
    endloop
  endfacet
  facet normal 0 0 1
    outer loop
      vertex -1.7309999987483025 2.9981799498200417 0
      vertex 0.31395259764656636 4.990133642141358 0
      vertex -0.31395259764656636 4.990133642141358 0
    endloop
  endfacet
  facet normal 0 0 1
    outer loop
      vertex -1.7309999987483025 2.9981799498200417 0
      vertex 0.9369065729286229 4.911436253643443 0
      vertex 0.31395259764656636 4.990133642141358 0
    endloop
  endfacet
  facet normal 0.5877852522924722 -0.8090169943749481 0
    outer loop
      vertex -3.1871199487434483 3.852566213878947 0
      vertex -2.6791339748949836 4.221639627510075 0
      vertex -3.1871199487434483 3.852566213878947 3
    endloop
  endfacet
  facet normal 0.48175367410171566 -0.8763066800438633 0
    outer loop
      vertex -2.6791339748949836 4.221639627510075 0
      vertex -2.1288964578253635 4.524135262330097 0
      vertex -2.6791339748949836 4.221639627510075 3
    endloop
  endfacet
  facet normal 0.3681245526846773 -0.9297764858882517 0
    outer loop
      vertex -2.1288964578253635 4.524135262330097 0
      vertex -1.545084971874737 4.755282581475767 0
      vertex -2.1288964578253635 4.524135262330097 3
    endloop
  endfacet
  facet normal 0.5877852522924722 -0.8090169943749481 0
    outer loop
      vertex -2.6791339748949836 4.221639627510075 0
      vertex -2.6791339748949836 4.221639627510075 3
      vertex -3.1871199487434483 3.852566213878947 3
    endloop
  endfacet
  facet normal 0.48175367410171566 -0.8763066800438633 0
    outer loop
      vertex -2.1288964578253635 4.524135262330097 0
      vertex -2.1288964578253635 4.524135262330097 3
      vertex -2.6791339748949836 4.221639627510075 3
    endloop
  endfacet
  facet normal 0.24868988716485532 -0.968583161128631 0
    outer loop
      vertex -1.545084971874737 4.755282581475767 0
      vertex -0.9369065729286229 4.911436253643443 0
      vertex -1.545084971874737 4.755282581475767 3
    endloop
  endfacet
  facet normal 0.12533323356430473 -0.9921147013144778 0
    outer loop
      vertex -0.9369065729286229 4.911436253643443 0
      vertex -0.31395259764656636 4.990133642141358 0
      vertex -0.9369065729286229 4.911436253643443 3
    endloop
  endfacet
  facet normal 0 -1 0
    outer loop
      vertex -0.31395259764656636 4.990133642141358 0
      vertex 0.31395259764656636 4.990133642141358 0
      vertex -0.31395259764656047 4.990133642141358 3
    endloop
  endfacet
  facet normal 0.3681245526846773 -0.9297764858882517 0
    outer loop
      vertex -1.545084971874737 4.755282581475767 0
      vertex -1.545084971874737 4.755282581475767 3
      vertex -2.1288964578253635 4.524135262330097 3
    endloop
  endfacet
  facet normal 0.24868988716485532 -0.968583161128631 0
    outer loop
      vertex -0.9369065729286229 4.911436253643443 0
      vertex -0.9369065729286229 4.911436253643443 3
      vertex -1.545084971874737 4.755282581475767 3
    endloop
  endfacet
  facet normal 0.12533323356430356 -0.9921147013144779 -2.4582785358840173e-16
    outer loop
      vertex -0.31395259764656636 4.990133642141358 0
      vertex -0.31395259764656047 4.990133642141358 3
      vertex -0.9369065729286229 4.911436253643443 3
    endloop
  endfacet
  facet normal 0 0 1
    outer loop
      vertex -0.9369065729286241 -4.911436253643443 0
      vertex -0.3139525976465688 -4.990133642141358 0
      vertex 1.7309999987483025 -2.9981799498200417 0
    endloop
  endfacet
  facet normal 0 0 1
    outer loop
      vertex -0.3139525976465688 -4.990133642141358 0
      vertex 0.3139525976465688 -4.990133642141358 0
      vertex 1.7309999987483025 -2.9981799498200417 0
    endloop
  endfacet
  facet normal 0 0 1
    outer loop
      vertex 0.3139525976465688 -4.990133642141358 0
      vertex 0.9369065729286241 -4.911436253643443 0
      vertex 1.7309999987483025 -2.9981799498200417 0
    endloop
  endfacet
  facet normal 0 0 1
    outer loop
      vertex 0.9369065729286241 -4.911436253643443 0
      vertex 1.545084971874737 -4.755282581475767 0
      vertex 1.7309999987483025 -2.9981799498200417 0
    endloop
  endfacet
  facet normal 0 0 1
    outer loop
      vertex 1.545084971874737 -4.755282581475767 0
      vertex 2.128896457825362 -4.524135262330098 0
      vertex 1.7309999987483025 -2.9981799498200417 0
    endloop
  endfacet
  facet normal 0 1 0
    outer loop
      vertex -0.3139525976465688 -4.990133642141358 0
      vertex 0.3139525976465688 -4.990133642141358 3
      vertex 0.3139525976465688 -4.990133642141358 0
    endloop
  endfacet
  facet normal -0.12533323356430498 0.9921147013144778 0
    outer loop
      vertex 0.3139525976465688 -4.990133642141358 0
      vertex 0.9369065729286241 -4.911436253643443 3
      vertex 0.9369065729286241 -4.911436253643443 0
    endloop
  endfacet
  facet normal -0.24868988716485582 0.968583161128631 0
    outer loop
      vertex 0.9369065729286241 -4.911436253643443 0
      vertex 1.545084971874737 -4.755282581475767 3
      vertex 1.545084971874737 -4.755282581475767 0
    endloop
  endfacet
  facet normal -0.12533323356430498 0.9921147013144778 0
    outer loop
      vertex 0.3139525976465688 -4.990133642141358 0
      vertex 0.3139525976465688 -4.990133642141358 3
      vertex 0.9369065729286241 -4.911436253643443 3
    endloop
  endfacet
  facet normal -0.24868988716485582 0.968583161128631 0
    outer loop
      vertex 0.9369065729286241 -4.911436253643443 0
      vertex 0.9369065729286241 -4.911436253643443 3
      vertex 1.545084971874737 -4.755282581475767 3
    endloop
  endfacet
  facet normal -0.3681245526846768 0.9297764858882519 0
    outer loop
      vertex 1.545084971874737 -4.755282581475767 0
      vertex 1.545084971874737 -4.755282581475767 3
      vertex 2.128896457825362 -4.524135262330098 3
    endloop
  endfacet
  facet normal -0.3681245526846768 0.9297764858882519 0
    outer loop
      vertex 1.545084971874737 -4.755282581475767 0
      vertex 2.128896457825362 -4.524135262330098 3
      vertex 2.128896457825362 -4.524135262330098 0
    endloop
  endfacet
  facet normal -0.4817536741017155 0.8763066800438635 0
    outer loop
      vertex 2.128896457825362 -4.524135262330098 0
      vertex 2.679133974894981 -4.2216396275100765 3
      vertex 2.679133974894981 -4.2216396275100765 0
    endloop
  endfacet
  facet normal -0.5877852522924726 0.8090169943749479 0
    outer loop
      vertex 2.679133974894981 -4.2216396275100765 0
      vertex 3.18711994874345 -3.852566213878945 3
      vertex 3.18711994874345 -3.852566213878945 0
    endloop
  endfacet
  facet normal -0.4817536741017155 0.8763066800438635 0
    outer loop
      vertex 2.128896457825362 -4.524135262330098 0
      vertex 2.128896457825362 -4.524135262330098 3
      vertex 2.679133974894981 -4.2216396275100765 3
    endloop
  endfacet
  facet normal -0.5877852522924726 0.8090169943749479 0
    outer loop
      vertex 2.679133974894981 -4.2216396275100765 0
      vertex 2.679133974894981 -4.2216396275100765 3
      vertex 3.18711994874345 -3.852566213878945 3
    endloop
  endfacet
  facet normal 0 0 1
    outer loop
      vertex 2.128896457825362 -4.524135262330098 0
      vertex 2.679133974894981 -4.2216396275100765 0
      vertex 3.461999997496605 0 0
    endloop
  endfacet
  facet normal 0 0 1
    outer loop
      vertex 2.128896457825362 -4.524135262330098 0
      vertex 3.461999997496605 0 0
      vertex 1.7309999987483025 -2.9981799498200417 0
    endloop
  endfacet
  facet normal 0 0 1
    outer loop
      vertex 2.679133974894981 -4.2216396275100765 0
      vertex 3.18711994874345 -3.852566213878945 0
      vertex 3.461999997496605 0 0
    endloop
  endfacet
  facet normal 0 0 1
    outer loop
      vertex 3.18711994874345 -3.852566213878945 0
      vertex 3.6448431371070584 -3.4227355296434423 0
      vertex 3.461999997496605 0 0
    endloop
  endfacet
  facet normal -0.6845471059286893 0.728968627421411 0
    outer loop
      vertex 3.18711994874345 -3.852566213878945 0
      vertex 3.6448431371070584 -3.4227355296434423 3
      vertex 3.6448431371070584 -3.4227355296434423 0
    endloop
  endfacet
  facet normal -0.6845471059286893 0.728968627421411 0
    outer loop
      vertex 3.18711994874345 -3.852566213878945 0
      vertex 3.18711994874345 -3.852566213878945 3
      vertex 3.6448431371070584 -3.4227355296434423 3
    endloop
  endfacet
  facet normal 0 0 1
    outer loop
      vertex 3.6448431371070584 -3.4227355296434423 0
      vertex 4.045084971874737 -2.938926261462366 0
      vertex 4.045084971874737 2.938926261462366 0
    endloop
  endfacet
  facet normal 0 0 1
    outer loop
      vertex 4.045084971874737 -2.938926261462366 0
      vertex 4.381533400219317 -2.408768370508577 0
      vertex 4.381533400219318 2.4087683705085765 0
    endloop
  endfacet
  facet normal 0 0 1
    outer loop
      vertex 4.381533400219317 -2.408768370508577 0
      vertex 4.648882429441256 -1.8406227634233918 0
      vertex 4.648882429441256 1.8406227634233898 0
    endloop
  endfacet
  facet normal 0 0 1
    outer loop
      vertex 4.648882429441256 -1.8406227634233918 0
      vertex 4.842915805643156 -1.2434494358242723 0
      vertex 4.842915805643155 1.243449435824274 0
    endloop
  endfacet
  facet normal 0 0 1
    outer loop
      vertex 4.842915805643156 -1.2434494358242723 0
      vertex 4.9605735065723895 -0.6266661678215203 0
      vertex 4.9605735065723895 0.6266661678215213 0
    endloop
  endfacet
  facet normal -0.7705132427757889 0.6374239897486902 0
    outer loop
      vertex 3.6448431371070584 -3.4227355296434423 0
      vertex 3.6448431371070584 -3.4227355296434423 3
      vertex 4.045084971874737 -2.938926261462366 0
    endloop
  endfacet
  facet normal -0.8443279255020154 0.535826794978996 0
    outer loop
      vertex 4.045084971874737 -2.938926261462366 0
      vertex 4.045084971874737 -2.938926261462366 3
      vertex 4.381533400219317 -2.408768370508577 0
    endloop
  endfacet
  facet normal -0.9048270524660191 0.4257792915650733 0
    outer loop
      vertex 4.381533400219317 -2.408768370508577 0
      vertex 4.381533400219317 -2.408768370508577 3
      vertex 4.648882429441256 -1.8406227634233918 0
    endloop
  endfacet
  facet normal -0.7705132427757889 0.6374239897486902 0
    outer loop
      vertex 4.045084971874737 -2.938926261462366 0
      vertex 3.6448431371070584 -3.4227355296434423 3
      vertex 4.045084971874737 -2.938926261462366 3
    endloop
  endfacet
  facet normal -0.8443279255020154 0.535826794978996 0
    outer loop
      vertex 4.381533400219317 -2.408768370508577 0
      vertex 4.045084971874737 -2.938926261462366 3
      vertex 4.381533400219317 -2.408768370508577 3
    endloop
  endfacet
  facet normal -0.9048270524660191 0.4257792915650733 0
    outer loop
      vertex 4.648882429441256 -1.8406227634233918 0
      vertex 4.381533400219317 -2.408768370508577 3
      vertex 4.648882429441256 -1.8406227634233918 3
    endloop
  endfacet
  facet normal -0.9510565162951534 0.3090169943749477 0
    outer loop
      vertex 4.648882429441256 -1.8406227634233918 0
      vertex 4.648882429441256 -1.8406227634233918 3
      vertex 4.842915805643156 -1.2434494358242723 0
    endloop
  endfacet
  facet normal -0.9822872507286887 0.18738131458572432 0
    outer loop
      vertex 4.842915805643156 -1.2434494358242723 0
      vertex 4.842915805643156 -1.2434494358242723 3
      vertex 4.9605735065723895 -0.6266661678215203 0
    endloop
  endfacet
  facet normal -0.9980267284282717 0.06279051952931294 0
    outer loop
      vertex 4.9605735065723895 -0.6266661678215203 0
      vertex 4.9605735065723895 -0.6266661678215203 3
      vertex 5 0 0
    endloop
  endfacet
  facet normal -0.9510565162951534 0.3090169943749477 0
    outer loop
      vertex 4.842915805643156 -1.2434494358242723 0
      vertex 4.648882429441256 -1.8406227634233918 3
      vertex 4.842915805643156 -1.2434494358242723 3
    endloop
  endfacet
  facet normal -0.9822872507286887 0.18738131458572432 0
    outer loop
      vertex 4.9605735065723895 -0.6266661678215203 0
      vertex 4.842915805643156 -1.2434494358242723 3
      vertex 4.9605735065723895 -0.6266661678215203 3
    endloop
  endfacet
  facet normal -0.9980267284282717 0.06279051952931294 0
    outer loop
      vertex 5 0 0
      vertex 4.9605735065723895 -0.6266661678215203 3
      vertex 5 0 3
    endloop
  endfacet
  facet normal 0 0 1
    outer loop
      vertex -1.7309999987483025 2.9981799498200417 0
      vertex 1.7309999987483025 2.9981799498200417 0
      vertex 1.545084971874737 4.755282581475767 0
    endloop
  endfacet
  facet normal 0 0 1
    outer loop
      vertex 3.6448431371070584 -3.4227355296434423 0
      vertex 3.644843137107058 3.4227355296434436 0
      vertex 3.461999997496605 0 0
    endloop
  endfacet
  facet normal 0 0 1
    outer loop
      vertex 1.7309999987483025 2.9981799498200417 0
      vertex 3.1871199487434487 3.8525662138789456 0
      vertex 2.679133974894983 4.221639627510076 0
    endloop
  endfacet
  facet normal 0 0 1
    outer loop
      vertex 1.7309999987483025 2.9981799498200417 0
      vertex 3.461999997496605 0 0
      vertex 3.644843137107058 3.4227355296434436 0
    endloop
  endfacet
  facet normal 0 0 1
    outer loop
      vertex 1.7309999987483025 2.9981799498200417 0
      vertex 3.644843137107058 3.4227355296434436 0
      vertex 3.1871199487434487 3.8525662138789456 0
    endloop
  endfacet
  facet normal -0.6845471059286878 -0.7289686274214123 0
    outer loop
      vertex 3.644843137107058 3.4227355296434436 0
      vertex 3.1871199487434487 3.8525662138789456 3
      vertex 3.1871199487434487 3.8525662138789456 0
    endloop
  endfacet
  facet normal -0.6845471059286878 -0.7289686274214123 0
    outer loop
      vertex 3.644843137107058 3.4227355296434436 0
      vertex 3.644843137107058 3.4227355296434436 3
      vertex 3.1871199487434487 3.8525662138789456 3
    endloop
  endfacet
  facet normal 0 0 1
    outer loop
      vertex -1.7309999987483025 2.9981799498200417 0
      vertex 1.545084971874737 4.755282581475767 0
      vertex 0.9369065729286229 4.911436253643443 0
    endloop
  endfacet
  facet normal 0 0 1
    outer loop
      vertex 1.7309999987483025 2.9981799498200417 0
      vertex 2.1288964578253635 4.524135262330097 0
      vertex 1.545084971874737 4.755282581475767 0
    endloop
  endfacet
  facet normal 0 0 1
    outer loop
      vertex 1.7309999987483025 2.9981799498200417 0
      vertex 2.679133974894983 4.221639627510076 0
      vertex 2.1288964578253635 4.524135262330097 0
    endloop
  endfacet
  facet normal -0.12533323356430473 -0.9921147013144778 0
    outer loop
      vertex 0.31395259764656636 4.990133642141358 0
      vertex 0.9369065729286229 4.911436253643443 0
      vertex 0.31395259764656636 4.990133642141358 3
    endloop
  endfacet
  facet normal -0.3681245526846773 -0.9297764858882517 0
    outer loop
      vertex 1.545084971874737 4.755282581475767 0
      vertex 2.1288964578253635 4.524135262330097 0
      vertex 1.545084971874737 4.755282581475767 3
    endloop
  endfacet
  facet normal -0.24868988716485532 -0.968583161128631 0
    outer loop
      vertex 0.9369065729286229 4.911436253643443 0
      vertex 1.545084971874737 4.755282581475767 0
      vertex 0.9369065729286229 4.911436253643443 3
    endloop
  endfacet
  facet normal 0 -1 0
    outer loop
      vertex 0.31395259764656636 4.990133642141358 0
      vertex 0.31395259764656636 4.990133642141358 3
      vertex -0.31395259764656047 4.990133642141358 3
    endloop
  endfacet
  facet normal -0.12533323356430473 -0.9921147013144778 0
    outer loop
      vertex 0.9369065729286229 4.911436253643443 0
      vertex 0.9369065729286229 4.911436253643443 3
      vertex 0.31395259764656636 4.990133642141358 3
    endloop
  endfacet
  facet normal -0.24868988716485532 -0.968583161128631 0
    outer loop
      vertex 1.545084971874737 4.755282581475767 0
      vertex 1.545084971874737 4.755282581475767 3
      vertex 0.9369065729286229 4.911436253643443 3
    endloop
  endfacet
  facet normal -0.48175367410171493 -0.8763066800438638 0
    outer loop
      vertex 2.1288964578253635 4.524135262330097 0
      vertex 2.679133974894983 4.221639627510076 0
      vertex 2.1288964578253635 4.524135262330097 3
    endloop
  endfacet
  facet normal -0.5877852522924738 -0.8090169943749468 0
    outer loop
      vertex 2.679133974894983 4.221639627510076 0
      vertex 3.1871199487434487 3.8525662138789456 0
      vertex 2.679133974894983 4.221639627510076 3
    endloop
  endfacet
  facet normal -0.3681245526846773 -0.9297764858882517 0
    outer loop
      vertex 2.1288964578253635 4.524135262330097 0
      vertex 2.1288964578253635 4.524135262330097 3
      vertex 1.545084971874737 4.755282581475767 3
    endloop
  endfacet
  facet normal -0.48175367410171493 -0.8763066800438638 0
    outer loop
      vertex 2.679133974894983 4.221639627510076 0
      vertex 2.679133974894983 4.221639627510076 3
      vertex 2.1288964578253635 4.524135262330097 3
    endloop
  endfacet
  facet normal -0.5877852522924738 -0.8090169943749468 0
    outer loop
      vertex 3.1871199487434487 3.8525662138789456 0
      vertex 3.1871199487434487 3.8525662138789456 3
      vertex 2.679133974894983 4.221639627510076 3
    endloop
  endfacet
  facet normal 0 0 1
    outer loop
      vertex 4.045084971874737 -2.938926261462366 0
      vertex 4.381533400219318 2.4087683705085765 0
      vertex 4.045084971874737 2.938926261462366 0
    endloop
  endfacet
  facet normal 0 0 1
    outer loop
      vertex 4.381533400219317 -2.408768370508577 0
      vertex 4.648882429441256 1.8406227634233898 0
      vertex 4.381533400219318 2.4087683705085765 0
    endloop
  endfacet
  facet normal 0 0 1
    outer loop
      vertex 3.6448431371070584 -3.4227355296434423 0
      vertex 4.045084971874737 2.938926261462366 0
      vertex 3.644843137107058 3.4227355296434436 0
    endloop
  endfacet
  facet normal 0 0 1
    outer loop
      vertex 4.842915805643156 -1.2434494358242723 0
      vertex 4.9605735065723895 0.6266661678215213 0
      vertex 4.842915805643155 1.243449435824274 0
    endloop
  endfacet
  facet normal 0 0 1
    outer loop
      vertex 4.648882429441256 -1.8406227634233918 0
      vertex 4.842915805643155 1.243449435824274 0
      vertex 4.648882429441256 1.8406227634233898 0
    endloop
  endfacet
  facet normal 0 0 1
    outer loop
      vertex 4.9605735065723895 -0.6266661678215203 0
      vertex 5 0 0
      vertex 4.9605735065723895 0.6266661678215213 0
    endloop
  endfacet
  facet normal -0.9980267284282716 -0.06279051952931283 0
    outer loop
      vertex 5 0 0
      vertex 5 0 3
      vertex 4.9605735065723895 0.6266661678215213 0
    endloop
  endfacet
  facet normal -0.9822872507286885 -0.18738131458572546 0
    outer loop
      vertex 4.9605735065723895 0.6266661678215213 0
      vertex 4.9605735065723895 0.6266661678215213 3
      vertex 4.842915805643155 1.243449435824274 0
    endloop
  endfacet
  facet normal -0.9510565162951534 -0.30901699437494823 0
    outer loop
      vertex 4.842915805643155 1.243449435824274 0
      vertex 4.842915805643155 1.243449435824274 3
      vertex 4.648882429441256 1.8406227634233898 0
    endloop
  endfacet
  facet normal -0.9980267284282716 -0.06279051952931283 0
    outer loop
      vertex 4.9605735065723895 0.6266661678215213 0
      vertex 5 0 3
      vertex 4.9605735065723895 0.6266661678215213 3
    endloop
  endfacet
  facet normal -0.9822872507286885 -0.18738131458572546 0
    outer loop
      vertex 4.842915805643155 1.243449435824274 0
      vertex 4.9605735065723895 0.6266661678215213 3
      vertex 4.842915805643155 1.243449435824274 3
    endloop
  endfacet
  facet normal -0.9510565162951534 -0.30901699437494823 0
    outer loop
      vertex 4.648882429441256 1.8406227634233898 0
      vertex 4.842915805643155 1.243449435824274 3
      vertex 4.648882429441256 1.8406227634233898 3
    endloop
  endfacet
  facet normal -0.9048270524660202 -0.42577929156507127 0
    outer loop
      vertex 4.648882429441256 1.8406227634233898 0
      vertex 4.648882429441256 1.8406227634233898 3
      vertex 4.381533400219318 2.4087683705085765 0
    endloop
  endfacet
  facet normal -0.844327925502015 -0.5358267949789968 0
    outer loop
      vertex 4.381533400219318 2.4087683705085765 0
      vertex 4.381533400219318 2.4087683705085765 3
      vertex 4.045084971874737 2.938926261462366 0
    endloop
  endfacet
  facet normal -0.7705132427757895 -0.6374239897486895 0
    outer loop
      vertex 3.644843137107058 3.4227355296434436 0
      vertex 4.045084971874737 2.938926261462366 0
      vertex 4.045084971874737 2.938926261462366 3
    endloop
  endfacet
  facet normal -0.844327925502015 -0.5358267949789968 0
    outer loop
      vertex 4.045084971874737 2.938926261462366 0
      vertex 4.381533400219318 2.4087683705085765 3
      vertex 4.045084971874737 2.938926261462366 3
    endloop
  endfacet
  facet normal -0.9048270524660202 -0.42577929156507127 0
    outer loop
      vertex 4.381533400219318 2.4087683705085765 0
      vertex 4.648882429441256 1.8406227634233898 3
      vertex 4.381533400219318 2.4087683705085765 3
    endloop
  endfacet
  facet normal -0.7705132427757895 -0.6374239897486895 0
    outer loop
      vertex 3.644843137107058 3.4227355296434436 0
      vertex 4.045084971874737 2.938926261462366 3
      vertex 3.644843137107058 3.4227355296434436 3
    endloop
  endfacet
  facet normal 0.7705132427757894 0.6374239897486896 0
    outer loop
      vertex -1.4562305898749055 -1.0580134541264516 -2.5
      vertex -1.312143529358541 -1.2321847906716394 -31.5
      vertex -1.4562305898749055 -1.0580134541264516 -31.5
    endloop
  endfacet
  facet normal 0.5877852522924722 0.809016994374948 0
    outer loop
      vertex -1.1473631815476413 -1.386923836996421 -2.5
      vertex -0.9644882309621942 -1.5197902659036269 -31.5
      vertex -1.1473631815476413 -1.386923836996421 -31.5
    endloop
  endfacet
  facet normal 0.6845471059286888 0.7289686274214114 0
    outer loop
      vertex -1.312143529358541 -1.2321847906716394 -2.5
      vertex -1.1473631815476413 -1.386923836996421 -31.5
      vertex -1.312143529358541 -1.2321847906716394 -31.5
    endloop
  endfacet
  facet normal 0.9048270524660196 0.42577929156507294 0
    outer loop
      vertex -1.6735976745988526 -0.6626241948324202 -2.5
      vertex -1.5773520240789543 -0.8671566133830877 -31.5
      vertex -1.6735976745988526 -0.6626241948324202 -31.5
    endloop
  endfacet
  facet normal 0.9510565162951536 0.30901699437494734 0
    outer loop
      vertex -1.743449690031536 -0.4476417968967387 -2.5
      vertex -1.6735976745988526 -0.6626241948324202 -31.5
      vertex -1.743449690031536 -0.4476417968967387 -31.5
    endloop
  endfacet
  facet normal 0.8443279255020155 0.5358267949789959 0
    outer loop
      vertex -1.5773520240789543 -0.8671566133830877 -2.5
      vertex -1.4562305898749055 -1.0580134541264516 -31.5
      vertex -1.5773520240789543 -0.8671566133830877 -31.5
    endloop
  endfacet
  facet normal 0.9822872507286887 0.18738131458572468 0
    outer loop
      vertex -1.78580646236606 -0.22559982041574733 -2.5
      vertex -1.743449690031536 -0.4476417968967387 -31.5
      vertex -1.78580646236606 -0.22559982041574733 -31.5
    endloop
  endfacet
  facet normal 0.9980267284282714 0.0627905195293136 0
    outer loop
      vertex -1.8 0 -2.5
      vertex -1.78580646236606 -0.22559982041574733 -31.5
      vertex -1.8 0 -31.5
    endloop
  endfacet
  facet normal 0.48175367410171543 0.8763066800438635 0
    outer loop
      vertex -0.9644882309621942 -1.5197902659036269 -2.5
      vertex -0.7664027248171305 -1.6286886944388352 -31.5
      vertex -0.9644882309621942 -1.5197902659036269 -31.5
    endloop
  endfacet
  facet normal 0.3681245526846779 0.9297764858882515 0
    outer loop
      vertex -0.7664027248171305 -1.6286886944388352 -2.5
      vertex -0.5562305898749054 -1.7119017293312764 -31.5
      vertex -0.7664027248171305 -1.6286886944388352 -31.5
    endloop
  endfacet
  facet normal 0.24868988716485507 0.9685831611286312 0
    outer loop
      vertex -0.5562305898749054 -1.7119017293312764 -2.5
      vertex -0.3372863662543047 -1.7681170513116395 -31.5
      vertex -0.5562305898749054 -1.7119017293312764 -31.5
    endloop
  endfacet
  facet normal 0.1253332335643046 0.9921147013144779 0
    outer loop
      vertex -0.3372863662543047 -1.7681170513116395 -2.5
      vertex -0.11302293515276478 -1.7964481111708888 -31.5
      vertex -0.3372863662543047 -1.7681170513116395 -31.5
    endloop
  endfacet
  facet normal 0 1 0
    outer loop
      vertex -0.11302293515276478 -1.7964481111708888 -2.5
      vertex 0.11302293515276478 -1.7964481111708888 -31.5
      vertex -0.11302293515276478 -1.7964481111708888 -31.5
    endloop
  endfacet
  facet normal 0.8443279255020155 0.5358267949789959 0
    outer loop
      vertex -1.5773520240789543 -0.8671566133830877 -2.5
      vertex -1.4562305898749055 -1.0580134541264516 -2.5
      vertex -1.4562305898749055 -1.0580134541264516 -31.5
    endloop
  endfacet
  facet normal 0.5877852522924722 0.809016994374948 0
    outer loop
      vertex -1.1473631815476413 -1.386923836996421 -2.5
      vertex -0.9644882309621942 -1.5197902659036269 -2.5
      vertex -0.9644882309621942 -1.5197902659036269 -31.5
    endloop
  endfacet
  facet normal 0.7705132427757894 0.6374239897486896 0
    outer loop
      vertex -1.4562305898749055 -1.0580134541264516 -2.5
      vertex -1.312143529358541 -1.2321847906716394 -2.5
      vertex -1.312143529358541 -1.2321847906716394 -31.5
    endloop
  endfacet
  facet normal 0.6845471059286888 0.7289686274214114 0
    outer loop
      vertex -1.312143529358541 -1.2321847906716394 -2.5
      vertex -1.1473631815476413 -1.386923836996421 -2.5
      vertex -1.1473631815476413 -1.386923836996421 -31.5
    endloop
  endfacet
  facet normal 0.9510565162951536 0.30901699437494734 0
    outer loop
      vertex -1.6735976745988526 -0.6626241948324202 -2.5
      vertex -1.6735976745988526 -0.6626241948324202 -31.5
      vertex -1.743449690031536 -0.4476417968967387 -2.5
    endloop
  endfacet
  facet normal 0.9048270524660196 0.42577929156507294 0
    outer loop
      vertex -1.5773520240789543 -0.8671566133830877 -2.5
      vertex -1.5773520240789543 -0.8671566133830877 -31.5
      vertex -1.6735976745988526 -0.6626241948324202 -2.5
    endloop
  endfacet
  facet normal 0.9822872507286887 0.18738131458572468 0
    outer loop
      vertex -1.743449690031536 -0.4476417968967387 -2.5
      vertex -1.743449690031536 -0.4476417968967387 -31.5
      vertex -1.78580646236606 -0.22559982041574733 -2.5
    endloop
  endfacet
  facet normal 0.9980267284282714 0.0627905195293136 0
    outer loop
      vertex -1.78580646236606 -0.22559982041574733 -2.5
      vertex -1.78580646236606 -0.22559982041574733 -31.5
      vertex -1.8 0 -2.5
    endloop
  endfacet
  facet normal 0.48175367410171543 0.8763066800438635 0
    outer loop
      vertex -0.9644882309621942 -1.5197902659036269 -2.5
      vertex -0.7664027248171305 -1.6286886944388352 -2.5
      vertex -0.7664027248171305 -1.6286886944388352 -31.5
    endloop
  endfacet
  facet normal 0.3681245526846779 0.9297764858882515 0
    outer loop
      vertex -0.7664027248171305 -1.6286886944388352 -2.5
      vertex -0.5562305898749054 -1.7119017293312764 -2.5
      vertex -0.5562305898749054 -1.7119017293312764 -31.5
    endloop
  endfacet
  facet normal 0.24868988716485507 0.9685831611286312 0
    outer loop
      vertex -0.5562305898749054 -1.7119017293312764 -2.5
      vertex -0.3372863662543047 -1.7681170513116395 -2.5
      vertex -0.3372863662543047 -1.7681170513116395 -31.5
    endloop
  endfacet
  facet normal 0.1253332335643046 0.9921147013144779 0
    outer loop
      vertex -0.3372863662543047 -1.7681170513116395 -2.5
      vertex -0.11302293515276478 -1.7964481111708888 -2.5
      vertex -0.11302293515276478 -1.7964481111708888 -31.5
    endloop
  endfacet
  facet normal 0.9980267284282714 -0.0627905195293136 0
    outer loop
      vertex -1.78580646236606 0.22559982041574733 -2.5
      vertex -1.8 0 -31.5
      vertex -1.78580646236606 0.22559982041574733 -31.5
    endloop
  endfacet
  facet normal 0.9822872507286887 -0.18738131458572468 0
    outer loop
      vertex -1.743449690031536 0.4476417968967387 -2.5
      vertex -1.78580646236606 0.22559982041574733 -31.5
      vertex -1.743449690031536 0.4476417968967387 -31.5
    endloop
  endfacet
  facet normal 0.9510565162951536 -0.30901699437494734 0
    outer loop
      vertex -1.6735976745988526 0.6626241948324202 -2.5
      vertex -1.743449690031536 0.4476417968967387 -31.5
      vertex -1.6735976745988526 0.6626241948324202 -31.5
    endloop
  endfacet
  facet normal 0.9048270524660196 -0.42577929156507294 0
    outer loop
      vertex -1.5773520240789543 0.8671566133830877 -2.5
      vertex -1.6735976745988526 0.6626241948324202 -31.5
      vertex -1.5773520240789543 0.8671566133830877 -31.5
    endloop
  endfacet
  facet normal 0.8443279255020155 -0.5358267949789959 0
    outer loop
      vertex -1.4562305898749055 1.0580134541264516 -2.5
      vertex -1.5773520240789543 0.8671566133830877 -31.5
      vertex -1.4562305898749055 1.0580134541264516 -31.5
    endloop
  endfacet
  facet normal 0.7705132427757894 -0.6374239897486896 0
    outer loop
      vertex -1.312143529358541 1.2321847906716394 -2.5
      vertex -1.4562305898749055 1.0580134541264516 -31.5
      vertex -1.312143529358541 1.2321847906716394 -31.5
    endloop
  endfacet
  facet normal 0.6845471059286888 -0.7289686274214114 0
    outer loop
      vertex -1.1473631815476413 1.386923836996421 -2.5
      vertex -1.312143529358541 1.2321847906716394 -31.5
      vertex -1.1473631815476413 1.386923836996421 -31.5
    endloop
  endfacet
  facet normal 0.5877852522924722 -0.809016994374948 0
    outer loop
      vertex -0.9644882309621942 1.5197902659036269 -2.5
      vertex -1.1473631815476413 1.386923836996421 -31.5
      vertex -0.9644882309621942 1.5197902659036269 -31.5
    endloop
  endfacet
  facet normal 0.48175367410171555 -0.8763066800438635 0
    outer loop
      vertex -0.7664027248171309 1.628688694438835 -2.5
      vertex -0.9644882309621942 1.5197902659036269 -31.5
      vertex -0.7664027248171309 1.628688694438835 -31.5
    endloop
  endfacet
  facet normal 0.36812455268467814 -0.9297764858882515 0
    outer loop
      vertex -0.5562305898749054 1.7119017293312764 -2.5
      vertex -0.7664027248171309 1.628688694438835 -31.5
      vertex -0.5562305898749054 1.7119017293312764 -31.5
    endloop
  endfacet
  facet normal 0.2486898871648555 -0.968583161128631 0
    outer loop
      vertex -0.33728636625430425 1.7681170513116398 -2.5
      vertex -0.5562305898749054 1.7119017293312764 -31.5
      vertex -0.33728636625430425 1.7681170513116398 -31.5
    endloop
  endfacet
  facet normal 0.12533323356430337 -0.992114701314478 0
    outer loop
      vertex -0.1130229351527639 1.7964481111708888 -2.5
      vertex -0.33728636625430425 1.7681170513116398 -31.5
      vertex -0.1130229351527639 1.7964481111708888 -31.5
    endloop
  endfacet
  facet normal 0.9980267284282714 -0.0627905195293136 0
    outer loop
      vertex -1.8 0 -2.5
      vertex -1.8 0 -31.5
      vertex -1.78580646236606 0.22559982041574733 -2.5
    endloop
  endfacet
  facet normal 0.9822872507286887 -0.18738131458572468 0
    outer loop
      vertex -1.78580646236606 0.22559982041574733 -2.5
      vertex -1.78580646236606 0.22559982041574733 -31.5
      vertex -1.743449690031536 0.4476417968967387 -2.5
    endloop
  endfacet
  facet normal 0.9510565162951536 -0.30901699437494734 0
    outer loop
      vertex -1.743449690031536 0.4476417968967387 -2.5
      vertex -1.743449690031536 0.4476417968967387 -31.5
      vertex -1.6735976745988526 0.6626241948324202 -2.5
    endloop
  endfacet
  facet normal 0.9048270524660196 -0.42577929156507294 0
    outer loop
      vertex -1.6735976745988526 0.6626241948324202 -2.5
      vertex -1.6735976745988526 0.6626241948324202 -31.5
      vertex -1.5773520240789543 0.8671566133830877 -2.5
    endloop
  endfacet
  facet normal 0.8443279255020155 -0.5358267949789959 0
    outer loop
      vertex -1.5773520240789543 0.8671566133830877 -2.5
      vertex -1.5773520240789543 0.8671566133830877 -31.5
      vertex -1.4562305898749055 1.0580134541264516 -2.5
    endloop
  endfacet
  facet normal 0.7705132427757894 -0.6374239897486896 0
    outer loop
      vertex -1.4562305898749055 1.0580134541264516 -2.5
      vertex -1.4562305898749055 1.0580134541264516 -31.5
      vertex -1.312143529358541 1.2321847906716394 -2.5
    endloop
  endfacet
  facet normal 0.6845471059286888 -0.7289686274214114 0
    outer loop
      vertex -1.312143529358541 1.2321847906716394 -2.5
      vertex -1.312143529358541 1.2321847906716394 -31.5
      vertex -1.1473631815476413 1.386923836996421 -2.5
    endloop
  endfacet
  facet normal 0.5877852522924722 -0.809016994374948 0
    outer loop
      vertex -1.1473631815476413 1.386923836996421 -2.5
      vertex -1.1473631815476413 1.386923836996421 -31.5
      vertex -0.9644882309621942 1.5197902659036269 -2.5
    endloop
  endfacet
  facet normal 0.48175367410171555 -0.8763066800438635 0
    outer loop
      vertex -0.9644882309621942 1.5197902659036269 -2.5
      vertex -0.9644882309621942 1.5197902659036269 -31.5
      vertex -0.7664027248171309 1.628688694438835 -2.5
    endloop
  endfacet
  facet normal 0.36812455268467814 -0.9297764858882515 0
    outer loop
      vertex -0.7664027248171309 1.628688694438835 -2.5
      vertex -0.7664027248171309 1.628688694438835 -31.5
      vertex -0.5562305898749054 1.7119017293312764 -2.5
    endloop
  endfacet
  facet normal 0.2486898871648555 -0.968583161128631 0
    outer loop
      vertex -0.5562305898749054 1.7119017293312764 -2.5
      vertex -0.5562305898749054 1.7119017293312764 -31.5
      vertex -0.33728636625430425 1.7681170513116398 -2.5
    endloop
  endfacet
  facet normal 0.12533323356430337 -0.992114701314478 0
    outer loop
      vertex -0.33728636625430425 1.7681170513116398 -2.5
      vertex -0.33728636625430425 1.7681170513116398 -31.5
      vertex -0.1130229351527639 1.7964481111708888 -2.5
    endloop
  endfacet
  facet normal 0 -1 0
    outer loop
      vertex -0.1130229351527639 1.7964481111708888 -2.5
      vertex -0.1130229351527639 1.7964481111708888 -31.5
      vertex 0.11302293515276311 1.7964481111708888 -2.5
    endloop
  endfacet
  facet normal -0.1253332335643046 0.9921147013144779 0
    outer loop
      vertex 0.11302293515276478 -1.7964481111708888 -2.5
      vertex 0.3372863662543047 -1.7681170513116395 -31.5
      vertex 0.11302293515276478 -1.7964481111708888 -31.5
    endloop
  endfacet
  facet normal -0.24868988716485507 0.9685831611286312 0
    outer loop
      vertex 0.3372863662543047 -1.7681170513116395 -2.5
      vertex 0.5562305898749054 -1.7119017293312764 -31.5
      vertex 0.3372863662543047 -1.7681170513116395 -31.5
    endloop
  endfacet
  facet normal -0.3681245526846779 0.9297764858882515 0
    outer loop
      vertex 0.5562305898749054 -1.7119017293312764 -2.5
      vertex 0.7664027248171305 -1.6286886944388352 -31.5
      vertex 0.5562305898749054 -1.7119017293312764 -31.5
    endloop
  endfacet
  facet normal -0.481753674101715 0.8763066800438637 0
    outer loop
      vertex 0.7664027248171305 -1.6286886944388352 -2.5
      vertex 0.9644882309621932 -1.5197902659036275 -31.5
      vertex 0.7664027248171305 -1.6286886944388352 -31.5
    endloop
  endfacet
  facet normal -0.5877852522924727 0.8090169943749478 0
    outer loop
      vertex 0.9644882309621932 -1.5197902659036275 -2.5
      vertex 1.147363181547642 -1.3869238369964203 -31.5
      vertex 0.9644882309621932 -1.5197902659036275 -31.5
    endloop
  endfacet
  facet normal -0.6845471059286887 0.7289686274214116 0
    outer loop
      vertex 1.147363181547642 -1.3869238369964203 -2.5
      vertex 1.312143529358541 -1.2321847906716394 -31.5
      vertex 1.147363181547642 -1.3869238369964203 -31.5
    endloop
  endfacet
  facet normal -0.7705132427757894 0.6374239897486896 0
    outer loop
      vertex 1.312143529358541 -1.2321847906716394 -2.5
      vertex 1.4562305898749055 -1.0580134541264516 -31.5
      vertex 1.312143529358541 -1.2321847906716394 -31.5
    endloop
  endfacet
  facet normal -0.8443279255020155 0.5358267949789959 0
    outer loop
      vertex 1.4562305898749055 -1.0580134541264516 -2.5
      vertex 1.5773520240789543 -0.8671566133830877 -31.5
      vertex 1.4562305898749055 -1.0580134541264516 -31.5
    endloop
  endfacet
  facet normal -0.9048270524660191 0.42577929156507366 0
    outer loop
      vertex 1.5773520240789543 -0.8671566133830877 -2.5
      vertex 1.6735976745988523 -0.6626241948324211 -31.5
      vertex 1.5773520240789543 -0.8671566133830877 -31.5
    endloop
  endfacet
  facet normal -0.9510565162951538 0.3090169943749469 0
    outer loop
      vertex 1.6735976745988523 -0.6626241948324211 -2.5
      vertex 1.7434496900315362 -0.447641796896738 -31.5
      vertex 1.6735976745988523 -0.6626241948324211 -31.5
    endloop
  endfacet
  facet normal -0.9822872507286887 0.18738131458572432 0
    outer loop
      vertex 1.7434496900315362 -0.447641796896738 -2.5
      vertex 1.78580646236606 -0.22559982041574733 -31.5
      vertex 1.7434496900315362 -0.447641796896738 -31.5
    endloop
  endfacet
  facet normal -0.9980267284282714 0.0627905195293136 0
    outer loop
      vertex 1.78580646236606 -0.22559982041574733 -2.5
      vertex 1.8 0 -31.5
      vertex 1.78580646236606 -0.22559982041574733 -31.5
    endloop
  endfacet
  facet normal 0 1 0
    outer loop
      vertex -0.11302293515276478 -1.7964481111708888 -2.5
      vertex 0.11302293515276478 -1.7964481111708888 -2.5
      vertex 0.11302293515276478 -1.7964481111708888 -31.5
    endloop
  endfacet
  facet normal -0.1253332335643046 0.9921147013144779 0
    outer loop
      vertex 0.11302293515276478 -1.7964481111708888 -2.5
      vertex 0.3372863662543047 -1.7681170513116395 -2.5
      vertex 0.3372863662543047 -1.7681170513116395 -31.5
    endloop
  endfacet
  facet normal -0.24868988716485507 0.9685831611286312 0
    outer loop
      vertex 0.3372863662543047 -1.7681170513116395 -2.5
      vertex 0.5562305898749054 -1.7119017293312764 -2.5
      vertex 0.5562305898749054 -1.7119017293312764 -31.5
    endloop
  endfacet
  facet normal -0.3681245526846779 0.9297764858882515 0
    outer loop
      vertex 0.5562305898749054 -1.7119017293312764 -2.5
      vertex 0.7664027248171305 -1.6286886944388352 -2.5
      vertex 0.7664027248171305 -1.6286886944388352 -31.5
    endloop
  endfacet
  facet normal -0.481753674101715 0.8763066800438637 0
    outer loop
      vertex 0.7664027248171305 -1.6286886944388352 -2.5
      vertex 0.9644882309621932 -1.5197902659036275 -2.5
      vertex 0.9644882309621932 -1.5197902659036275 -31.5
    endloop
  endfacet
  facet normal -0.5877852522924727 0.8090169943749478 0
    outer loop
      vertex 0.9644882309621932 -1.5197902659036275 -2.5
      vertex 1.147363181547642 -1.3869238369964203 -2.5
      vertex 1.147363181547642 -1.3869238369964203 -31.5
    endloop
  endfacet
  facet normal -0.6845471059286887 0.7289686274214116 0
    outer loop
      vertex 1.147363181547642 -1.3869238369964203 -2.5
      vertex 1.312143529358541 -1.2321847906716394 -2.5
      vertex 1.312143529358541 -1.2321847906716394 -31.5
    endloop
  endfacet
  facet normal -0.7705132427757894 0.6374239897486896 0
    outer loop
      vertex 1.312143529358541 -1.2321847906716394 -2.5
      vertex 1.4562305898749055 -1.0580134541264516 -2.5
      vertex 1.4562305898749055 -1.0580134541264516 -31.5
    endloop
  endfacet
  facet normal -0.8443279255020155 0.5358267949789959 0
    outer loop
      vertex 1.4562305898749055 -1.0580134541264516 -2.5
      vertex 1.5773520240789543 -0.8671566133830877 -2.5
      vertex 1.5773520240789543 -0.8671566133830877 -31.5
    endloop
  endfacet
  facet normal -0.9048270524660191 0.42577929156507366 0
    outer loop
      vertex 1.5773520240789543 -0.8671566133830877 -2.5
      vertex 1.6735976745988523 -0.6626241948324211 -2.5
      vertex 1.6735976745988523 -0.6626241948324211 -31.5
    endloop
  endfacet
  facet normal -0.9510565162951538 0.3090169943749469 0
    outer loop
      vertex 1.6735976745988523 -0.6626241948324211 -2.5
      vertex 1.7434496900315362 -0.447641796896738 -2.5
      vertex 1.7434496900315362 -0.447641796896738 -31.5
    endloop
  endfacet
  facet normal -0.9822872507286887 0.18738131458572432 0
    outer loop
      vertex 1.7434496900315362 -0.447641796896738 -2.5
      vertex 1.78580646236606 -0.22559982041574733 -2.5
      vertex 1.78580646236606 -0.22559982041574733 -31.5
    endloop
  endfacet
  facet normal -0.9980267284282714 0.0627905195293136 0
    outer loop
      vertex 1.78580646236606 -0.22559982041574733 -2.5
      vertex 1.8 0 -2.5
      vertex 1.8 0 -31.5
    endloop
  endfacet
  facet normal 0 -1 0
    outer loop
      vertex 0.11302293515276311 1.7964481111708888 -2.5
      vertex -0.1130229351527639 1.7964481111708888 -31.5
      vertex 0.11302293515275715 1.7964481111708888 -31.5
    endloop
  endfacet
  facet normal -0.12533323356429965 -0.9921147013144784 0
    outer loop
      vertex 0.33728636625430425 1.7681170513116398 -2.5
      vertex 0.11302293515275715 1.7964481111708888 -31.5
      vertex 0.33728636625430425 1.7681170513116398 -31.5
    endloop
  endfacet
  facet normal -0.2486898871648555 -0.968583161128631 0
    outer loop
      vertex 0.5562305898749054 1.7119017293312764 -2.5
      vertex 0.33728636625430425 1.7681170513116398 -31.5
      vertex 0.5562305898749054 1.7119017293312764 -31.5
    endloop
  endfacet
  facet normal -0.36812455268467814 -0.9297764858882515 0
    outer loop
      vertex 0.7664027248171309 1.628688694438835 -2.5
      vertex 0.5562305898749054 1.7119017293312764 -31.5
      vertex 0.7664027248171309 1.628688694438835 -31.5
    endloop
  endfacet
  facet normal -0.48175367410171505 -0.8763066800438638 0
    outer loop
      vertex 0.964488230962194 1.519790265903627 -2.5
      vertex 0.7664027248171309 1.628688694438835 -31.5
      vertex 0.964488230962194 1.519790265903627 -31.5
    endloop
  endfacet
  facet normal -0.9980267284282714 -0.0627905195293135 0
    outer loop
      vertex 1.8 0 -2.5
      vertex 1.78580646236606 0.22559982041574766 -31.5
      vertex 1.8 0 -31.5
    endloop
  endfacet
  facet normal -0.9822872507286886 -0.18738131458572502 0
    outer loop
      vertex 1.78580646236606 0.22559982041574766 -2.5
      vertex 1.743449690031536 0.44764179689673866 -31.5
      vertex 1.78580646236606 0.22559982041574766 -31.5
    endloop
  endfacet
  facet normal -0.8443279255020152 -0.5358267949789963 0
    outer loop
      vertex 1.5773520240789545 0.8671566133830876 -2.5
      vertex 1.4562305898749055 1.0580134541264516 -31.5
      vertex 1.5773520240789545 0.8671566133830876 -31.5
    endloop
  endfacet
  facet normal -0.9510565162951536 -0.30901699437494695 0
    outer loop
      vertex 1.743449690031536 0.44764179689673866 -2.5
      vertex 1.6735976745988526 0.6626241948324204 -31.5
      vertex 1.743449690031536 0.44764179689673866 -31.5
    endloop
  endfacet
  facet normal -0.9048270524660195 -0.42577929156507266 0
    outer loop
      vertex 1.6735976745988526 0.6626241948324204 -2.5
      vertex 1.5773520240789545 0.8671566133830876 -31.5
      vertex 1.6735976745988526 0.6626241948324204 -31.5
    endloop
  endfacet
  facet normal -0.6845471059286882 -0.728968627421412 0
    outer loop
      vertex 1.3121435293585408 1.2321847906716397 -2.5
      vertex 1.1473631815476415 1.3869238369964205 -31.5
      vertex 1.3121435293585408 1.2321847906716397 -31.5
    endloop
  endfacet
  facet normal -0.5877852522924735 -0.8090169943749472 0
    outer loop
      vertex 1.1473631815476415 1.3869238369964205 -2.5
      vertex 0.964488230962194 1.519790265903627 -31.5
      vertex 1.1473631815476415 1.3869238369964205 -31.5
    endloop
  endfacet
  facet normal -0.7705132427757893 -0.6374239897486897 0
    outer loop
      vertex 1.4562305898749055 1.0580134541264516 -2.5
      vertex 1.3121435293585408 1.2321847906716397 -31.5
      vertex 1.4562305898749055 1.0580134541264516 -31.5
    endloop
  endfacet
  facet normal -0.12533323356430295 -0.992114701314478 2.5790332720318532e-17
    outer loop
      vertex 0.11302293515276311 1.7964481111708888 -2.5
      vertex 0.11302293515275715 1.7964481111708888 -31.5
      vertex 0.33728636625430425 1.7681170513116398 -2.5
    endloop
  endfacet
  facet normal -0.2486898871648555 -0.968583161128631 0
    outer loop
      vertex 0.33728636625430425 1.7681170513116398 -2.5
      vertex 0.33728636625430425 1.7681170513116398 -31.5
      vertex 0.5562305898749054 1.7119017293312764 -2.5
    endloop
  endfacet
  facet normal -0.36812455268467814 -0.9297764858882515 0
    outer loop
      vertex 0.5562305898749054 1.7119017293312764 -2.5
      vertex 0.5562305898749054 1.7119017293312764 -31.5
      vertex 0.7664027248171309 1.628688694438835 -2.5
    endloop
  endfacet
  facet normal -0.48175367410171505 -0.8763066800438638 0
    outer loop
      vertex 0.7664027248171309 1.628688694438835 -2.5
      vertex 0.7664027248171309 1.628688694438835 -31.5
      vertex 0.964488230962194 1.519790265903627 -2.5
    endloop
  endfacet
  facet normal -0.9980267284282714 -0.0627905195293135 0
    outer loop
      vertex 1.8 0 -2.5
      vertex 1.78580646236606 0.22559982041574766 -2.5
      vertex 1.78580646236606 0.22559982041574766 -31.5
    endloop
  endfacet
  facet normal -0.9822872507286886 -0.18738131458572502 0
    outer loop
      vertex 1.78580646236606 0.22559982041574766 -2.5
      vertex 1.743449690031536 0.44764179689673866 -2.5
      vertex 1.743449690031536 0.44764179689673866 -31.5
    endloop
  endfacet
  facet normal -0.9048270524660195 -0.42577929156507266 0
    outer loop
      vertex 1.6735976745988526 0.6626241948324204 -2.5
      vertex 1.5773520240789545 0.8671566133830876 -2.5
      vertex 1.5773520240789545 0.8671566133830876 -31.5
    endloop
  endfacet
  facet normal -0.9510565162951536 -0.30901699437494695 0
    outer loop
      vertex 1.743449690031536 0.44764179689673866 -2.5
      vertex 1.6735976745988526 0.6626241948324204 -2.5
      vertex 1.6735976745988526 0.6626241948324204 -31.5
    endloop
  endfacet
  facet normal -0.6845471059286882 -0.728968627421412 0
    outer loop
      vertex 1.1473631815476415 1.3869238369964205 -2.5
      vertex 1.1473631815476415 1.3869238369964205 -31.5
      vertex 1.3121435293585408 1.2321847906716397 -2.5
    endloop
  endfacet
  facet normal -0.7705132427757893 -0.6374239897486897 0
    outer loop
      vertex 1.3121435293585408 1.2321847906716397 -2.5
      vertex 1.3121435293585408 1.2321847906716397 -31.5
      vertex 1.4562305898749055 1.0580134541264516 -2.5
    endloop
  endfacet
  facet normal -0.5877852522924735 -0.8090169943749472 0
    outer loop
      vertex 0.964488230962194 1.519790265903627 -2.5
      vertex 0.964488230962194 1.519790265903627 -31.5
      vertex 1.1473631815476415 1.3869238369964205 -2.5
    endloop
  endfacet
  facet normal -0.8443279255020152 -0.5358267949789963 0
    outer loop
      vertex 1.4562305898749055 1.0580134541264516 -2.5
      vertex 1.4562305898749055 1.0580134541264516 -31.5
      vertex 1.5773520240789545 0.8671566133830876 -2.5
    endloop
  endfacet
  facet normal -0.8443279255020157 -0.5358267949789955 0
    outer loop
      vertex -24.270509831248425 -17.633557568774194 -31.5
      vertex -26.289200401315902 -14.452610223051462 3
      vertex -26.289200401315902 -14.452610223051462 -31.5
    endloop
  endfacet
  facet normal -0.7705132427757893 -0.6374239897486899 0
    outer loop
      vertex -24.270509831248425 -17.633557568774194 -31.5
      vertex -21.86905882264235 -20.536413177860656 -31.5
      vertex -24.270509831248425 -17.633557568774194 3
    endloop
  endfacet
  facet normal -0.5877852522924732 -0.8090169943749472 0
    outer loop
      vertex -19.122719692460688 -23.11539728327368 -31.5
      vertex -16.074803849369903 -25.32983776506045 -31.5
      vertex -16.074803849369903 -25.32983776506045 3
    endloop
  endfacet
  facet normal -0.6845471059286885 -0.7289686274214117 0
    outer loop
      vertex -19.122719692460688 -23.11539728327368 -31.5
      vertex -19.122719692460688 -23.11539728327368 3
      vertex -21.86905882264235 -20.536413177860656 -31.5
    endloop
  endfacet
  facet normal 0 0 -1
    outer loop
      vertex -27.893294576647545 -11.043736580540337 -31.5
      vertex -29.057494833858932 -7.460696614945645 -31.5
      vertex -27.893294576647545 11.043736580540337 -31.5
    endloop
  endfacet
  facet normal 0 0 -1
    outer loop
      vertex -29.057494833858932 -7.460696614945645 -31.5
      vertex -29.763441039434337 -3.759997006929122 -31.5
      vertex -29.057494833858932 7.460696614945645 -31.5
    endloop
  endfacet
  facet normal 0 0 -1
    outer loop
      vertex -26.289200401315902 -14.452610223051462 -31.5
      vertex -27.893294576647545 -11.043736580540337 -31.5
      vertex -26.289200401315902 14.452610223051462 -31.5
    endloop
  endfacet
  facet normal 0 0 -1
    outer loop
      vertex -24.270509831248425 -17.633557568774194 -31.5
      vertex -26.289200401315902 -14.452610223051462 -31.5
      vertex -24.270509831248425 17.633557568774194 -31.5
    endloop
  endfacet
  facet normal 0 0 -1
    outer loop
      vertex -24.270509831248425 -17.633557568774194 -31.5
      vertex -21.86905882264235 20.536413177860656 -31.5
      vertex -21.86905882264235 -20.536413177860656 -31.5
    endloop
  endfacet
  facet normal 0 0 -1
    outer loop
      vertex -19.122719692460688 -23.11539728327368 -31.5
      vertex -16.074803849369903 25.32983776506045 -31.5
      vertex -16.074803849369903 -25.32983776506045 -31.5
    endloop
  endfacet
  facet normal 0 0 -1
    outer loop
      vertex -19.122719692460688 -23.11539728327368 -31.5
      vertex -21.86905882264235 -20.536413177860656 -31.5
      vertex -19.122719692460688 23.11539728327368 -31.5
    endloop
  endfacet
  facet normal -0.904827052466019 -0.42577929156507377 0
    outer loop
      vertex -26.289200401315902 -14.452610223051462 -31.5
      vertex -27.893294576647545 -11.043736580540337 3
      vertex -27.893294576647545 -11.043736580540337 -31.5
    endloop
  endfacet
  facet normal -0.9510565162951539 -0.30901699437494673 0
    outer loop
      vertex -27.893294576647545 -11.043736580540337 -31.5
      vertex -29.057494833858932 -7.460696614945645 3
      vertex -29.057494833858932 -7.460696614945645 -31.5
    endloop
  endfacet
  facet normal -0.9822872507286885 -0.18738131458572513 0
    outer loop
      vertex -29.057494833858932 -7.460696614945645 -31.5
      vertex -29.763441039434337 -3.759997006929122 3
      vertex -29.763441039434337 -3.759997006929122 -31.5
    endloop
  endfacet
  facet normal -0.9980267284282717 -0.06279051952931293 0
    outer loop
      vertex -29.763441039434337 -3.759997006929122 -31.5
      vertex -30 0 3
      vertex -30 0 -31.5
    endloop
  endfacet
  facet normal 0 0 -1
    outer loop
      vertex -1.8837155858794128 -29.940801852848146 -31.5
      vertex -0.11302293515276478 -1.7964481111708888 -31.5
      vertex 1.8837155858794128 -29.940801852848146 -31.5
    endloop
  endfacet
  facet normal -0.48175367410171455 -0.8763066800438641 0
    outer loop
      vertex -16.074803849369903 -25.32983776506045 -31.5
      vertex -12.773378746952172 -27.144811573980586 -31.5
      vertex -12.773378746952172 -27.144811573980586 3
    endloop
  endfacet
  facet normal -0.36812455268467803 -0.9297764858882512 0
    outer loop
      vertex -12.773378746952172 -27.144811573980586 -31.5
      vertex -9.270509831248422 -28.531695488854606 -31.5
      vertex -9.270509831248422 -28.531695488854606 3
    endloop
  endfacet
  facet normal -0.248689887164855 -0.9685831611286312 0
    outer loop
      vertex -9.270509831248422 -28.531695488854606 -31.5
      vertex -5.621439437571745 -29.468617521860658 -31.5
      vertex -5.621439437571745 -29.468617521860658 3
    endloop
  endfacet
  facet normal -0.125333233564305 -0.9921147013144779 0
    outer loop
      vertex -5.621439437571745 -29.468617521860658 -31.5
      vertex -1.8837155858794128 -29.940801852848146 -31.5
      vertex -1.8837155858794128 -29.940801852848146 3
    endloop
  endfacet
  facet normal 0 0 -1
    outer loop
      vertex -16.074803849369903 -25.32983776506045 -31.5
      vertex -12.773378746952181 27.144811573980583 -31.5
      vertex -12.773378746952172 -27.144811573980586 -31.5
    endloop
  endfacet
  facet normal 0 0 -1
    outer loop
      vertex -12.773378746952172 -27.144811573980586 -31.5
      vertex -9.270509831248422 28.531695488854606 -31.5
      vertex -9.270509831248422 -28.531695488854606 -31.5
    endloop
  endfacet
  facet normal 0 0 -1
    outer loop
      vertex -9.270509831248422 -28.531695488854606 -31.5
      vertex -5.621439437571738 29.46861752186066 -31.5
      vertex -5.621439437571745 -29.468617521860658 -31.5
    endloop
  endfacet
  facet normal 0 0 -1
    outer loop
      vertex -5.621439437571745 -29.468617521860658 -31.5
      vertex -1.8837155858793984 29.940801852848146 -31.5
      vertex -1.8837155858794128 -29.940801852848146 -31.5
    endloop
  endfacet
  facet normal 0 0 -1
    outer loop
      vertex -1.8837155858794128 -29.940801852848146 -31.5
      vertex -1.312143529358541 -1.2321847906716394 -31.5
      vertex -1.1473631815476413 -1.386923836996421 -31.5
    endloop
  endfacet
  facet normal 0 0 -1
    outer loop
      vertex -1.8837155858794128 -29.940801852848146 -31.5
      vertex -1.743449690031536 -0.4476417968967387 -31.5
      vertex -1.6735976745988526 -0.6626241948324202 -31.5
    endloop
  endfacet
  facet normal 0 0 -1
    outer loop
      vertex -1.8837155858794128 -29.940801852848146 -31.5
      vertex -1.6735976745988526 -0.6626241948324202 -31.5
      vertex -1.5773520240789543 -0.8671566133830877 -31.5
    endloop
  endfacet
  facet normal 0 0 -1
    outer loop
      vertex -1.8837155858794128 -29.940801852848146 -31.5
      vertex -1.4562305898749055 -1.0580134541264516 -31.5
      vertex -1.312143529358541 -1.2321847906716394 -31.5
    endloop
  endfacet
  facet normal 0 0 -1
    outer loop
      vertex -1.8837155858794128 -29.940801852848146 -31.5
      vertex -1.5773520240789543 -0.8671566133830877 -31.5
      vertex -1.4562305898749055 -1.0580134541264516 -31.5
    endloop
  endfacet
  facet normal 0 0 -1
    outer loop
      vertex -1.8837155858794128 -29.940801852848146 -31.5
      vertex -0.9644882309621942 -1.5197902659036269 -31.5
      vertex -0.7664027248171305 -1.6286886944388352 -31.5
    endloop
  endfacet
  facet normal 0 0 -1
    outer loop
      vertex -1.8837155858794128 -29.940801852848146 -31.5
      vertex -1.1473631815476413 -1.386923836996421 -31.5
      vertex -0.9644882309621942 -1.5197902659036269 -31.5
    endloop
  endfacet
  facet normal 0 0 -1
    outer loop
      vertex -1.8837155858794128 -29.940801852848146 -31.5
      vertex -0.7664027248171305 -1.6286886944388352 -31.5
      vertex -0.5562305898749054 -1.7119017293312764 -31.5
    endloop
  endfacet
  facet normal 0 0 -1
    outer loop
      vertex -1.8837155858794128 -29.940801852848146 -31.5
      vertex -1.78580646236606 -0.22559982041574733 -31.5
      vertex -1.743449690031536 -0.4476417968967387 -31.5
    endloop
  endfacet
  facet normal 0 0 -1
    outer loop
      vertex -1.8837155858794128 -29.940801852848146 -31.5
      vertex -1.8 0 -31.5
      vertex -1.78580646236606 -0.22559982041574733 -31.5
    endloop
  endfacet
  facet normal 0 0 -1
    outer loop
      vertex -1.8837155858794128 -29.940801852848146 -31.5
      vertex -0.5562305898749054 -1.7119017293312764 -31.5
      vertex -0.3372863662543047 -1.7681170513116395 -31.5
    endloop
  endfacet
  facet normal 0 0 -1
    outer loop
      vertex -1.8837155858794128 -29.940801852848146 -31.5
      vertex -0.3372863662543047 -1.7681170513116395 -31.5
      vertex -0.11302293515276478 -1.7964481111708888 -31.5
    endloop
  endfacet
  facet normal -0.7705132427757893 -0.6374239897486899 0
    outer loop
      vertex -21.86905882264235 -20.536413177860656 -31.5
      vertex -21.86905882264235 -20.536413177860656 3
      vertex -24.270509831248425 -17.633557568774194 3
    endloop
  endfacet
  facet normal -0.8443279255020157 -0.5358267949789955 0
    outer loop
      vertex -24.270509831248425 -17.633557568774194 -31.5
      vertex -24.270509831248425 -17.633557568774194 3
      vertex -26.289200401315902 -14.452610223051462 3
    endloop
  endfacet
  facet normal -0.5877852522924732 -0.8090169943749472 0
    outer loop
      vertex -19.122719692460688 -23.11539728327368 -31.5
      vertex -16.074803849369903 -25.32983776506045 3
      vertex -19.122719692460688 -23.11539728327368 3
    endloop
  endfacet
  facet normal -0.6845471059286885 -0.7289686274214117 0
    outer loop
      vertex -21.86905882264235 -20.536413177860656 -31.5
      vertex -19.122719692460688 -23.11539728327368 3
      vertex -21.86905882264235 -20.536413177860656 3
    endloop
  endfacet
  facet normal -0.904827052466019 -0.42577929156507377 0
    outer loop
      vertex -26.289200401315902 -14.452610223051462 -31.5
      vertex -26.289200401315902 -14.452610223051462 3
      vertex -27.893294576647545 -11.043736580540337 3
    endloop
  endfacet
  facet normal -0.9510565162951539 -0.30901699437494673 0
    outer loop
      vertex -27.893294576647545 -11.043736580540337 -31.5
      vertex -27.893294576647545 -11.043736580540337 3
      vertex -29.057494833858932 -7.460696614945645 3
    endloop
  endfacet
  facet normal -0.9822872507286885 -0.18738131458572513 0
    outer loop
      vertex -29.057494833858932 -7.460696614945645 -31.5
      vertex -29.057494833858932 -7.460696614945645 3
      vertex -29.763441039434337 -3.759997006929122 3
    endloop
  endfacet
  facet normal -0.9980267284282717 -0.06279051952931293 0
    outer loop
      vertex -29.763441039434337 -3.759997006929122 -31.5
      vertex -29.763441039434337 -3.759997006929122 3
      vertex -30 0 3
    endloop
  endfacet
  facet normal 0 0 1
    outer loop
      vertex -26.289200401315902 -14.452610223051462 3
      vertex -27.893294576647545 11.043736580540337 3
      vertex -27.893294576647545 -11.043736580540337 3
    endloop
  endfacet
  facet normal 0 0 1
    outer loop
      vertex -29.057494833858932 -7.460696614945645 3
      vertex -29.763441039434337 3.759997006929122 3
      vertex -29.763441039434337 -3.759997006929122 3
    endloop
  endfacet
  facet normal 0 0 1
    outer loop
      vertex -27.893294576647545 -11.043736580540337 3
      vertex -29.057494833858932 7.460696614945645 3
      vertex -29.057494833858932 -7.460696614945645 3
    endloop
  endfacet
  facet normal 0 0 1
    outer loop
      vertex -24.270509831248425 -17.633557568774194 3
      vertex -26.289200401315902 14.452610223051462 3
      vertex -26.289200401315902 -14.452610223051462 3
    endloop
  endfacet
  facet normal 0 0 1
    outer loop
      vertex -24.270509831248425 -17.633557568774194 3
      vertex -21.86905882264235 -20.536413177860656 3
      vertex -24.270509831248425 17.633557568774194 3
    endloop
  endfacet
  facet normal 0 0 1
    outer loop
      vertex -19.122719692460688 -23.11539728327368 3
      vertex -21.86905882264235 20.536413177860656 3
      vertex -21.86905882264235 -20.536413177860656 3
    endloop
  endfacet
  facet normal 0 0 1
    outer loop
      vertex -19.122719692460688 -23.11539728327368 3
      vertex -16.074803849369903 -25.32983776506045 3
      vertex -19.122719692460688 23.11539728327368 3
    endloop
  endfacet
  facet normal -0.36812455268467803 -0.9297764858882512 0
    outer loop
      vertex -12.773378746952172 -27.144811573980586 -31.5
      vertex -9.270509831248422 -28.531695488854606 3
      vertex -12.773378746952172 -27.144811573980586 3
    endloop
  endfacet
  facet normal -0.48175367410171455 -0.8763066800438641 0
    outer loop
      vertex -16.074803849369903 -25.32983776506045 -31.5
      vertex -12.773378746952172 -27.144811573980586 3
      vertex -16.074803849369903 -25.32983776506045 3
    endloop
  endfacet
  facet normal -0.248689887164855 -0.9685831611286312 0
    outer loop
      vertex -9.270509831248422 -28.531695488854606 -31.5
      vertex -5.621439437571745 -29.468617521860658 3
      vertex -9.270509831248422 -28.531695488854606 3
    endloop
  endfacet
  facet normal -0.125333233564305 -0.9921147013144779 0
    outer loop
      vertex -5.621439437571745 -29.468617521860658 -31.5
      vertex -1.8837155858794128 -29.940801852848146 3
      vertex -5.621439437571745 -29.468617521860658 3
    endloop
  endfacet
  facet normal 0 -1 0
    outer loop
      vertex -1.8837155858794128 -29.940801852848146 -31.5
      vertex 1.8837155858794128 -29.940801852848146 3
      vertex -1.8837155858794128 -29.940801852848146 3
    endloop
  endfacet
  facet normal 0 0 1
    outer loop
      vertex -5.621439437571745 -29.468617521860658 3
      vertex -1.8837155858794128 -29.940801852848146 3
      vertex -3.6448431371070584 -3.4227355296434423 3
    endloop
  endfacet
  facet normal 0 0 1
    outer loop
      vertex -16.074803849369903 -25.32983776506045 3
      vertex -12.773378746952172 -27.144811573980586 3
      vertex -16.074803849369903 25.32983776506045 3
    endloop
  endfacet
  facet normal 0 0 1
    outer loop
      vertex -12.773378746952172 -27.144811573980586 3
      vertex -9.270509831248422 -28.531695488854606 3
      vertex -12.773378746952181 27.144811573980583 3
    endloop
  endfacet
  facet normal 0 0 1
    outer loop
      vertex -9.270509831248422 -28.531695488854606 3
      vertex -5.621439437571745 -29.468617521860658 3
      vertex -9.270509831248422 28.531695488854606 3
    endloop
  endfacet
  facet normal 0 0 1
    outer loop
      vertex -5.621439437571745 -29.468617521860658 3
      vertex -4.381533400219317 -2.408768370508577 3
      vertex -4.648882429441257 -1.8406227634233894 3
    endloop
  endfacet
  facet normal 0 0 1
    outer loop
      vertex -5.621439437571745 -29.468617521860658 3
      vertex -3.6448431371070584 -3.4227355296434423 3
      vertex -4.045084971874737 -2.938926261462366 3
    endloop
  endfacet
  facet normal 0 0 1
    outer loop
      vertex -5.621439437571745 -29.468617521860658 3
      vertex -4.045084971874737 -2.938926261462366 3
      vertex -4.381533400219317 -2.408768370508577 3
    endloop
  endfacet
  facet normal 0 0 1
    outer loop
      vertex -5.621439437571745 -29.468617521860658 3
      vertex -4.648882429441257 -1.8406227634233894 3
      vertex -4.842915805643155 -1.2434494358242743 3
    endloop
  endfacet
  facet normal 0 0 1
    outer loop
      vertex -5.621439437571745 -29.468617521860658 3
      vertex -4.842915805643155 -1.2434494358242743 3
      vertex -4.9605735065723895 -0.6266661678215203 3
    endloop
  endfacet
  facet normal 0 0 1
    outer loop
      vertex -5.621439437571745 -29.468617521860658 3
      vertex -4.9605735065723895 -0.6266661678215203 3
      vertex -5 0 3
    endloop
  endfacet
  facet normal 0 0 1
    outer loop
      vertex -1.8837155858794128 -29.940801852848146 3
      vertex -3.1871199487434483 -3.852566213878947 3
      vertex -3.6448431371070584 -3.4227355296434423 3
    endloop
  endfacet
  facet normal 0 0 1
    outer loop
      vertex -1.8837155858794128 -29.940801852848146 3
      vertex -2.6791339748949836 -4.221639627510075 3
      vertex -3.1871199487434483 -3.852566213878947 3
    endloop
  endfacet
  facet normal 0 0 1
    outer loop
      vertex -1.8837155858794128 -29.940801852848146 3
      vertex -2.128896457825362 -4.524135262330098 3
      vertex -2.6791339748949836 -4.221639627510075 3
    endloop
  endfacet
  facet normal 0 0 1
    outer loop
      vertex -1.8837155858794128 -29.940801852848146 3
      vertex -0.9369065729286241 -4.911436253643443 3
      vertex -1.545084971874737 -4.755282581475767 3
    endloop
  endfacet
  facet normal 0 0 1
    outer loop
      vertex -1.8837155858794128 -29.940801852848146 3
      vertex -0.3139525976465688 -4.990133642141358 3
      vertex -0.9369065729286241 -4.911436253643443 3
    endloop
  endfacet
  facet normal 0 0 1
    outer loop
      vertex -1.8837155858794128 -29.940801852848146 3
      vertex 0.3139525976465688 -4.990133642141358 3
      vertex -0.3139525976465688 -4.990133642141358 3
    endloop
  endfacet
  facet normal 0 0 1
    outer loop
      vertex -1.8837155858794128 -29.940801852848146 3
      vertex -1.545084971874737 -4.755282581475767 3
      vertex -2.128896457825362 -4.524135262330098 3
    endloop
  endfacet
  facet normal 0 0 -1
    outer loop
      vertex -29.763441039434337 -3.759997006929122 -31.5
      vertex -30 0 -31.5
      vertex -29.763441039434337 3.759997006929122 -31.5
    endloop
  endfacet
  facet normal 0 0 -1
    outer loop
      vertex -29.763441039434337 -3.759997006929122 -31.5
      vertex -29.763441039434337 3.759997006929122 -31.5
      vertex -29.057494833858932 7.460696614945645 -31.5
    endloop
  endfacet
  facet normal 0 0 -1
    outer loop
      vertex -29.057494833858932 -7.460696614945645 -31.5
      vertex -29.057494833858932 7.460696614945645 -31.5
      vertex -27.893294576647545 11.043736580540337 -31.5
    endloop
  endfacet
  facet normal 0 0 -1
    outer loop
      vertex -27.893294576647545 -11.043736580540337 -31.5
      vertex -27.893294576647545 11.043736580540337 -31.5
      vertex -26.289200401315902 14.452610223051462 -31.5
    endloop
  endfacet
  facet normal 0 0 -1
    outer loop
      vertex -26.289200401315902 -14.452610223051462 -31.5
      vertex -26.289200401315902 14.452610223051462 -31.5
      vertex -24.270509831248425 17.633557568774194 -31.5
    endloop
  endfacet
  facet normal 0 0 -1
    outer loop
      vertex -24.270509831248425 -17.633557568774194 -31.5
      vertex -24.270509831248425 17.633557568774194 -31.5
      vertex -21.86905882264235 20.536413177860656 -31.5
    endloop
  endfacet
  facet normal 0 0 -1
    outer loop
      vertex -21.86905882264235 -20.536413177860656 -31.5
      vertex -21.86905882264235 20.536413177860656 -31.5
      vertex -19.122719692460688 23.11539728327368 -31.5
    endloop
  endfacet
  facet normal 0 0 -1
    outer loop
      vertex -19.122719692460688 -23.11539728327368 -31.5
      vertex -19.122719692460688 23.11539728327368 -31.5
      vertex -16.074803849369903 25.32983776506045 -31.5
    endloop
  endfacet
  facet normal -0.9980267284282717 0.06279051952931293 0
    outer loop
      vertex -30 0 -31.5
      vertex -29.763441039434337 3.759997006929122 3
      vertex -29.763441039434337 3.759997006929122 -31.5
    endloop
  endfacet
  facet normal -0.9822872507286885 0.18738131458572513 0
    outer loop
      vertex -29.763441039434337 3.759997006929122 -31.5
      vertex -29.057494833858932 7.460696614945645 3
      vertex -29.057494833858932 7.460696614945645 -31.5
    endloop
  endfacet
  facet normal -0.9510565162951539 0.30901699437494673 0
    outer loop
      vertex -29.057494833858932 7.460696614945645 -31.5
      vertex -27.893294576647545 11.043736580540337 3
      vertex -27.893294576647545 11.043736580540337 -31.5
    endloop
  endfacet
  facet normal -0.904827052466019 0.42577929156507377 0
    outer loop
      vertex -27.893294576647545 11.043736580540337 -31.5
      vertex -26.289200401315902 14.452610223051462 3
      vertex -26.289200401315902 14.452610223051462 -31.5
    endloop
  endfacet
  facet normal -0.8443279255020157 0.5358267949789955 0
    outer loop
      vertex -26.289200401315902 14.452610223051462 -31.5
      vertex -24.270509831248425 17.633557568774194 3
      vertex -24.270509831248425 17.633557568774194 -31.5
    endloop
  endfacet
  facet normal -0.7705132427757893 0.6374239897486899 0
    outer loop
      vertex -24.270509831248425 17.633557568774194 -31.5
      vertex -21.86905882264235 20.536413177860656 3
      vertex -21.86905882264235 20.536413177860656 -31.5
    endloop
  endfacet
  facet normal -0.6845471059286885 0.7289686274214117 0
    outer loop
      vertex -21.86905882264235 20.536413177860656 -31.5
      vertex -21.86905882264235 20.536413177860656 3
      vertex -19.122719692460688 23.11539728327368 -31.5
    endloop
  endfacet
  facet normal -0.5877852522924732 0.8090169943749472 0
    outer loop
      vertex -19.122719692460688 23.11539728327368 -31.5
      vertex -19.122719692460688 23.11539728327368 3
      vertex -16.074803849369903 25.32983776506045 -31.5
    endloop
  endfacet
  facet normal 0 0 -1
    outer loop
      vertex -16.074803849369903 -25.32983776506045 -31.5
      vertex -16.074803849369903 25.32983776506045 -31.5
      vertex -12.773378746952181 27.144811573980583 -31.5
    endloop
  endfacet
  facet normal 0 0 -1
    outer loop
      vertex -12.773378746952172 -27.144811573980586 -31.5
      vertex -12.773378746952181 27.144811573980583 -31.5
      vertex -9.270509831248422 28.531695488854606 -31.5
    endloop
  endfacet
  facet normal 0 0 -1
    outer loop
      vertex -9.270509831248422 -28.531695488854606 -31.5
      vertex -9.270509831248422 28.531695488854606 -31.5
      vertex -5.621439437571738 29.46861752186066 -31.5
    endloop
  endfacet
  facet normal 0 0 -1
    outer loop
      vertex -1.8837155858794128 -29.940801852848146 -31.5
      vertex -1.8837155858793984 29.940801852848146 -31.5
      vertex -1.8 0 -31.5
    endloop
  endfacet
  facet normal 0 0 -1
    outer loop
      vertex -5.621439437571745 -29.468617521860658 -31.5
      vertex -5.621439437571738 29.46861752186066 -31.5
      vertex -1.8837155858793984 29.940801852848146 -31.5
    endloop
  endfacet
  facet normal 0 0 -1
    outer loop
      vertex -1.8837155858793984 29.940801852848146 -31.5
      vertex -1.78580646236606 0.22559982041574733 -31.5
      vertex -1.8 0 -31.5
    endloop
  endfacet
  facet normal 0 0 -1
    outer loop
      vertex -1.8837155858793984 29.940801852848146 -31.5
      vertex -1.743449690031536 0.4476417968967387 -31.5
      vertex -1.78580646236606 0.22559982041574733 -31.5
    endloop
  endfacet
  facet normal 0 0 -1
    outer loop
      vertex -1.8837155858793984 29.940801852848146 -31.5
      vertex -1.6735976745988526 0.6626241948324202 -31.5
      vertex -1.743449690031536 0.4476417968967387 -31.5
    endloop
  endfacet
  facet normal 0 0 -1
    outer loop
      vertex -1.8837155858793984 29.940801852848146 -31.5
      vertex -1.5773520240789543 0.8671566133830877 -31.5
      vertex -1.6735976745988526 0.6626241948324202 -31.5
    endloop
  endfacet
  facet normal 0 0 -1
    outer loop
      vertex -1.8837155858793984 29.940801852848146 -31.5
      vertex -1.4562305898749055 1.0580134541264516 -31.5
      vertex -1.5773520240789543 0.8671566133830877 -31.5
    endloop
  endfacet
  facet normal 0 0 -1
    outer loop
      vertex -1.8837155858793984 29.940801852848146 -31.5
      vertex -1.312143529358541 1.2321847906716394 -31.5
      vertex -1.4562305898749055 1.0580134541264516 -31.5
    endloop
  endfacet
  facet normal 0 0 -1
    outer loop
      vertex -1.8837155858793984 29.940801852848146 -31.5
      vertex -1.1473631815476413 1.386923836996421 -31.5
      vertex -1.312143529358541 1.2321847906716394 -31.5
    endloop
  endfacet
  facet normal 0 0 -1
    outer loop
      vertex -1.8837155858793984 29.940801852848146 -31.5
      vertex -0.9644882309621942 1.5197902659036269 -31.5
      vertex -1.1473631815476413 1.386923836996421 -31.5
    endloop
  endfacet
  facet normal 0 0 -1
    outer loop
      vertex -1.8837155858793984 29.940801852848146 -31.5
      vertex -0.7664027248171309 1.628688694438835 -31.5
      vertex -0.9644882309621942 1.5197902659036269 -31.5
    endloop
  endfacet
  facet normal 0 0 -1
    outer loop
      vertex -1.8837155858793984 29.940801852848146 -31.5
      vertex -0.5562305898749054 1.7119017293312764 -31.5
      vertex -0.7664027248171309 1.628688694438835 -31.5
    endloop
  endfacet
  facet normal 0 0 -1
    outer loop
      vertex -1.8837155858793984 29.940801852848146 -31.5
      vertex -0.33728636625430425 1.7681170513116398 -31.5
      vertex -0.5562305898749054 1.7119017293312764 -31.5
    endloop
  endfacet
  facet normal 0 0 -1
    outer loop
      vertex -1.8837155858793984 29.940801852848146 -31.5
      vertex -0.1130229351527639 1.7964481111708888 -31.5
      vertex -0.33728636625430425 1.7681170513116398 -31.5
    endloop
  endfacet
  facet normal 0 0 -1
    outer loop
      vertex -1.8837155858793984 29.940801852848146 -31.5
      vertex 0.11302293515275715 1.7964481111708888 -31.5
      vertex -0.1130229351527639 1.7964481111708888 -31.5
    endloop
  endfacet
  facet normal -0.48175367410171477 0.8763066800438638 0
    outer loop
      vertex -16.074803849369903 25.32983776506045 -31.5
      vertex -16.074803849369903 25.32983776506045 3
      vertex -12.773378746952181 27.144811573980583 -31.5
    endloop
  endfacet
  facet normal -0.36812455268467803 0.9297764858882512 0
    outer loop
      vertex -12.773378746952181 27.144811573980583 -31.5
      vertex -12.773378746952181 27.144811573980583 3
      vertex -9.270509831248422 28.531695488854606 -31.5
    endloop
  endfacet
  facet normal -0.24868988716485535 0.968583161128631 0
    outer loop
      vertex -9.270509831248422 28.531695488854606 -31.5
      vertex -9.270509831248422 28.531695488854606 3
      vertex -5.621439437571738 29.46861752186066 -31.5
    endloop
  endfacet
  facet normal -0.12533323356430381 0.9921147013144779 0
    outer loop
      vertex -5.621439437571738 29.46861752186066 -31.5
      vertex -5.621439437571738 29.46861752186066 3
      vertex -1.8837155858793984 29.940801852848146 -31.5
    endloop
  endfacet
  facet normal 0 1 0
    outer loop
      vertex -1.8837155858793984 29.940801852848146 -31.5
      vertex -1.8837155858793984 29.940801852848146 3
      vertex 1.8837155858793984 29.940801852848146 -31.5
    endloop
  endfacet
  facet normal -0.9980267284282717 0.06279051952931293 0
    outer loop
      vertex -30 0 -31.5
      vertex -30 0 3
      vertex -29.763441039434337 3.759997006929122 3
    endloop
  endfacet
  facet normal -0.9822872507286885 0.18738131458572513 0
    outer loop
      vertex -29.763441039434337 3.759997006929122 -31.5
      vertex -29.763441039434337 3.759997006929122 3
      vertex -29.057494833858932 7.460696614945645 3
    endloop
  endfacet
  facet normal -0.9510565162951539 0.30901699437494673 0
    outer loop
      vertex -29.057494833858932 7.460696614945645 -31.5
      vertex -29.057494833858932 7.460696614945645 3
      vertex -27.893294576647545 11.043736580540337 3
    endloop
  endfacet
  facet normal -0.904827052466019 0.42577929156507377 0
    outer loop
      vertex -27.893294576647545 11.043736580540337 -31.5
      vertex -27.893294576647545 11.043736580540337 3
      vertex -26.289200401315902 14.452610223051462 3
    endloop
  endfacet
  facet normal 0 0 1
    outer loop
      vertex -29.763441039434337 -3.759997006929122 3
      vertex -29.763441039434337 3.759997006929122 3
      vertex -30 0 3
    endloop
  endfacet
  facet normal 0 0 1
    outer loop
      vertex -29.057494833858932 -7.460696614945645 3
      vertex -29.057494833858932 7.460696614945645 3
      vertex -29.763441039434337 3.759997006929122 3
    endloop
  endfacet
  facet normal 0 0 1
    outer loop
      vertex -27.893294576647545 -11.043736580540337 3
      vertex -27.893294576647545 11.043736580540337 3
      vertex -29.057494833858932 7.460696614945645 3
    endloop
  endfacet
  facet normal 0 0 1
    outer loop
      vertex -26.289200401315902 -14.452610223051462 3
      vertex -26.289200401315902 14.452610223051462 3
      vertex -27.893294576647545 11.043736580540337 3
    endloop
  endfacet
  facet normal 0 0 1
    outer loop
      vertex -24.270509831248425 -17.633557568774194 3
      vertex -24.270509831248425 17.633557568774194 3
      vertex -26.289200401315902 14.452610223051462 3
    endloop
  endfacet
  facet normal 0 0 1
    outer loop
      vertex -21.86905882264235 -20.536413177860656 3
      vertex -21.86905882264235 20.536413177860656 3
      vertex -24.270509831248425 17.633557568774194 3
    endloop
  endfacet
  facet normal 0 0 1
    outer loop
      vertex -19.122719692460688 -23.11539728327368 3
      vertex -19.122719692460688 23.11539728327368 3
      vertex -21.86905882264235 20.536413177860656 3
    endloop
  endfacet
  facet normal 0 0 1
    outer loop
      vertex -16.074803849369903 -25.32983776506045 3
      vertex -16.074803849369903 25.32983776506045 3
      vertex -19.122719692460688 23.11539728327368 3
    endloop
  endfacet
  facet normal -0.8443279255020157 0.5358267949789955 0
    outer loop
      vertex -26.289200401315902 14.452610223051462 -31.5
      vertex -26.289200401315902 14.452610223051462 3
      vertex -24.270509831248425 17.633557568774194 3
    endloop
  endfacet
  facet normal -0.7705132427757893 0.6374239897486899 0
    outer loop
      vertex -24.270509831248425 17.633557568774194 -31.5
      vertex -24.270509831248425 17.633557568774194 3
      vertex -21.86905882264235 20.536413177860656 3
    endloop
  endfacet
  facet normal -0.6845471059286885 0.7289686274214117 0
    outer loop
      vertex -19.122719692460688 23.11539728327368 -31.5
      vertex -21.86905882264235 20.536413177860656 3
      vertex -19.122719692460688 23.11539728327368 3
    endloop
  endfacet
  facet normal -0.5877852522924732 0.8090169943749472 0
    outer loop
      vertex -16.074803849369903 25.32983776506045 -31.5
      vertex -19.122719692460688 23.11539728327368 3
      vertex -16.074803849369903 25.32983776506045 3
    endloop
  endfacet
  facet normal 0 0 1
    outer loop
      vertex -12.773378746952172 -27.144811573980586 3
      vertex -12.773378746952181 27.144811573980583 3
      vertex -16.074803849369903 25.32983776506045 3
    endloop
  endfacet
  facet normal 0 0 1
    outer loop
      vertex -9.270509831248422 -28.531695488854606 3
      vertex -9.270509831248422 28.531695488854606 3
      vertex -12.773378746952181 27.144811573980583 3
    endloop
  endfacet
  facet normal 0 0 1
    outer loop
      vertex -5.621439437571745 -29.468617521860658 3
      vertex -5 0 3
      vertex -5.621439437571738 29.46861752186066 3
    endloop
  endfacet
  facet normal 0 0 1
    outer loop
      vertex -5.621439437571745 -29.468617521860658 3
      vertex -5.621439437571738 29.46861752186066 3
      vertex -9.270509831248422 28.531695488854606 3
    endloop
  endfacet
  facet normal 0 0 1
    outer loop
      vertex -5.621439437571738 29.46861752186066 3
      vertex -5 0 3
      vertex -4.9605735065723895 0.6266661678215203 3
    endloop
  endfacet
  facet normal 0 0 1
    outer loop
      vertex -5.621439437571738 29.46861752186066 3
      vertex -4.9605735065723895 0.6266661678215203 3
      vertex -4.842915805643155 1.2434494358242743 3
    endloop
  endfacet
  facet normal 0 0 1
    outer loop
      vertex -5.621439437571738 29.46861752186066 3
      vertex -4.842915805643155 1.2434494358242743 3
      vertex -4.648882429441257 1.8406227634233894 3
    endloop
  endfacet
  facet normal 0 0 1
    outer loop
      vertex -5.621439437571738 29.46861752186066 3
      vertex -4.648882429441257 1.8406227634233894 3
      vertex -4.381533400219317 2.408768370508577 3
    endloop
  endfacet
  facet normal 0 0 1
    outer loop
      vertex -5.621439437571738 29.46861752186066 3
      vertex -4.381533400219317 2.408768370508577 3
      vertex -4.045084971874737 2.938926261462366 3
    endloop
  endfacet
  facet normal 0 0 1
    outer loop
      vertex -5.621439437571738 29.46861752186066 3
      vertex -4.045084971874737 2.938926261462366 3
      vertex -3.6448431371070584 3.4227355296434423 3
    endloop
  endfacet
  facet normal 0 0 1
    outer loop
      vertex -5.621439437571738 29.46861752186066 3
      vertex -3.6448431371070584 3.4227355296434423 3
      vertex -3.1871199487434483 3.852566213878947 3
    endloop
  endfacet
  facet normal 0 0 1
    outer loop
      vertex -5.621439437571738 29.46861752186066 3
      vertex -3.1871199487434483 3.852566213878947 3
      vertex -2.6791339748949836 4.221639627510075 3
    endloop
  endfacet
  facet normal 0 0 1
    outer loop
      vertex -5.621439437571738 29.46861752186066 3
      vertex -2.6791339748949836 4.221639627510075 3
      vertex -2.1288964578253635 4.524135262330097 3
    endloop
  endfacet
  facet normal 0 0 1
    outer loop
      vertex -5.621439437571738 29.46861752186066 3
      vertex -2.1288964578253635 4.524135262330097 3
      vertex -1.545084971874737 4.755282581475767 3
    endloop
  endfacet
  facet normal 0 0 1
    outer loop
      vertex -1.8837155858793984 29.940801852848146 3
      vertex -1.545084971874737 4.755282581475767 3
      vertex -0.9369065729286229 4.911436253643443 3
    endloop
  endfacet
  facet normal 0 0 1
    outer loop
      vertex -1.8837155858793984 29.940801852848146 3
      vertex -0.9369065729286229 4.911436253643443 3
      vertex -0.31395259764656047 4.990133642141358 3
    endloop
  endfacet
  facet normal -0.48175367410171477 0.8763066800438638 0
    outer loop
      vertex -12.773378746952181 27.144811573980583 -31.5
      vertex -16.074803849369903 25.32983776506045 3
      vertex -12.773378746952181 27.144811573980583 3
    endloop
  endfacet
  facet normal -0.36812455268467803 0.9297764858882512 0
    outer loop
      vertex -9.270509831248422 28.531695488854606 -31.5
      vertex -12.773378746952181 27.144811573980583 3
      vertex -9.270509831248422 28.531695488854606 3
    endloop
  endfacet
  facet normal -0.24868988716485535 0.968583161128631 0
    outer loop
      vertex -5.621439437571738 29.46861752186066 -31.5
      vertex -9.270509831248422 28.531695488854606 3
      vertex -5.621439437571738 29.46861752186066 3
    endloop
  endfacet
  facet normal -0.12533323356430381 0.9921147013144779 0
    outer loop
      vertex -1.8837155858793984 29.940801852848146 -31.5
      vertex -5.621439437571738 29.46861752186066 3
      vertex -1.8837155858793984 29.940801852848146 3
    endloop
  endfacet
  facet normal 0 0 1
    outer loop
      vertex -5.621439437571738 29.46861752186066 3
      vertex -1.545084971874737 4.755282581475767 3
      vertex -1.8837155858793984 29.940801852848146 3
    endloop
  endfacet
  facet normal 0 0 1
    outer loop
      vertex -1.8837155858793984 29.940801852848146 3
      vertex -0.31395259764656047 4.990133642141358 3
      vertex 1.8837155858793984 29.940801852848146 3
    endloop
  endfacet
  facet normal 0 -1 0
    outer loop
      vertex -1.8837155858794128 -29.940801852848146 -31.5
      vertex 1.8837155858794128 -29.940801852848146 -31.5
      vertex 1.8837155858794128 -29.940801852848146 3
    endloop
  endfacet
  facet normal 0.125333233564305 -0.9921147013144779 0
    outer loop
      vertex 1.8837155858794128 -29.940801852848146 -31.5
      vertex 5.621439437571745 -29.468617521860658 -31.5
      vertex 5.621439437571745 -29.468617521860658 3
    endloop
  endfacet
  facet normal 0.248689887164855 -0.9685831611286312 0
    outer loop
      vertex 5.621439437571745 -29.468617521860658 -31.5
      vertex 9.270509831248422 -28.531695488854606 -31.5
      vertex 9.270509831248422 -28.531695488854606 3
    endloop
  endfacet
  facet normal 0.36812455268467803 -0.9297764858882512 0
    outer loop
      vertex 9.270509831248422 -28.531695488854606 -31.5
      vertex 12.773378746952172 -27.144811573980586 -31.5
      vertex 12.773378746952172 -27.144811573980586 3
    endloop
  endfacet
  facet normal 0.4817536741017144 -0.8763066800438641 0
    outer loop
      vertex 12.773378746952172 -27.144811573980586 -31.5
      vertex 16.074803849369886 -25.32983776506046 -31.5
      vertex 16.074803849369886 -25.32983776506046 3
    endloop
  endfacet
  facet normal 0 0 -1
    outer loop
      vertex 1.8837155858794128 -29.940801852848146 -31.5
      vertex -0.11302293515276478 -1.7964481111708888 -31.5
      vertex 0.11302293515276478 -1.7964481111708888 -31.5
    endloop
  endfacet
  facet normal 0 0 -1
    outer loop
      vertex 1.8837155858794128 -29.940801852848146 -31.5
      vertex 0.11302293515276478 -1.7964481111708888 -31.5
      vertex 0.3372863662543047 -1.7681170513116395 -31.5
    endloop
  endfacet
  facet normal 0 0 -1
    outer loop
      vertex 1.8837155858794128 -29.940801852848146 -31.5
      vertex 0.3372863662543047 -1.7681170513116395 -31.5
      vertex 0.5562305898749054 -1.7119017293312764 -31.5
    endloop
  endfacet
  facet normal 0 0 -1
    outer loop
      vertex 1.8837155858794128 -29.940801852848146 -31.5
      vertex 0.5562305898749054 -1.7119017293312764 -31.5
      vertex 0.7664027248171305 -1.6286886944388352 -31.5
    endloop
  endfacet
  facet normal 0 0 -1
    outer loop
      vertex 1.8837155858794128 -29.940801852848146 -31.5
      vertex 0.7664027248171305 -1.6286886944388352 -31.5
      vertex 0.9644882309621932 -1.5197902659036275 -31.5
    endloop
  endfacet
  facet normal 0 0 -1
    outer loop
      vertex 1.8837155858794128 -29.940801852848146 -31.5
      vertex 0.9644882309621932 -1.5197902659036275 -31.5
      vertex 1.147363181547642 -1.3869238369964203 -31.5
    endloop
  endfacet
  facet normal 0 0 -1
    outer loop
      vertex 1.8837155858794128 -29.940801852848146 -31.5
      vertex 1.147363181547642 -1.3869238369964203 -31.5
      vertex 1.312143529358541 -1.2321847906716394 -31.5
    endloop
  endfacet
  facet normal 0 0 -1
    outer loop
      vertex 1.8837155858794128 -29.940801852848146 -31.5
      vertex 1.312143529358541 -1.2321847906716394 -31.5
      vertex 1.4562305898749055 -1.0580134541264516 -31.5
    endloop
  endfacet
  facet normal 0 0 -1
    outer loop
      vertex 1.8837155858794128 -29.940801852848146 -31.5
      vertex 1.4562305898749055 -1.0580134541264516 -31.5
      vertex 1.5773520240789543 -0.8671566133830877 -31.5
    endloop
  endfacet
  facet normal 0 0 -1
    outer loop
      vertex 1.8837155858794128 -29.940801852848146 -31.5
      vertex 1.5773520240789543 -0.8671566133830877 -31.5
      vertex 1.6735976745988523 -0.6626241948324211 -31.5
    endloop
  endfacet
  facet normal 0 0 -1
    outer loop
      vertex 1.8837155858794128 -29.940801852848146 -31.5
      vertex 1.6735976745988523 -0.6626241948324211 -31.5
      vertex 1.7434496900315362 -0.447641796896738 -31.5
    endloop
  endfacet
  facet normal 0 0 -1
    outer loop
      vertex 1.8837155858794128 -29.940801852848146 -31.5
      vertex 1.7434496900315362 -0.447641796896738 -31.5
      vertex 1.78580646236606 -0.22559982041574733 -31.5
    endloop
  endfacet
  facet normal 0 0 -1
    outer loop
      vertex 1.8837155858794128 -29.940801852848146 -31.5
      vertex 1.78580646236606 -0.22559982041574733 -31.5
      vertex 1.8 0 -31.5
    endloop
  endfacet
  facet normal 0 0 -1
    outer loop
      vertex 1.8837155858794128 -29.940801852848146 -31.5
      vertex 5.621439437571738 29.46861752186066 -31.5
      vertex 5.621439437571745 -29.468617521860658 -31.5
    endloop
  endfacet
  facet normal 0 0 -1
    outer loop
      vertex 5.621439437571745 -29.468617521860658 -31.5
      vertex 9.270509831248422 28.531695488854606 -31.5
      vertex 9.270509831248422 -28.531695488854606 -31.5
    endloop
  endfacet
  facet normal 0 0 -1
    outer loop
      vertex 9.270509831248422 -28.531695488854606 -31.5
      vertex 12.773378746952181 27.144811573980583 -31.5
      vertex 12.773378746952172 -27.144811573980586 -31.5
    endloop
  endfacet
  facet normal 0 0 -1
    outer loop
      vertex 12.773378746952172 -27.144811573980586 -31.5
      vertex 16.0748038493699 25.329837765060454 -31.5
      vertex 16.074803849369886 -25.32983776506046 -31.5
    endloop
  endfacet
  facet normal 0.5877852522924728 -0.8090169943749478 0
    outer loop
      vertex 16.074803849369886 -25.32983776506046 -31.5
      vertex 19.1227196924607 -23.115397283273673 -31.5
      vertex 19.1227196924607 -23.115397283273673 3
    endloop
  endfacet
  facet normal 0.684547105928689 -0.7289686274214112 0
    outer loop
      vertex 19.1227196924607 -23.115397283273673 -31.5
      vertex 21.86905882264235 -20.536413177860656 -31.5
      vertex 21.86905882264235 -20.536413177860656 3
    endloop
  endfacet
  facet normal 0.7705132427757893 -0.6374239897486899 0
    outer loop
      vertex 21.86905882264235 -20.536413177860656 -31.5
      vertex 24.270509831248425 -17.633557568774194 -31.5
      vertex 21.86905882264235 -20.536413177860656 3
    endloop
  endfacet
  facet normal 0.8443279255020157 -0.5358267949789955 0
    outer loop
      vertex 24.270509831248425 -17.633557568774194 -31.5
      vertex 26.289200401315902 -14.452610223051462 -31.5
      vertex 24.270509831248425 -17.633557568774194 3
    endloop
  endfacet
  facet normal 0 0 -1
    outer loop
      vertex 16.074803849369886 -25.32983776506046 -31.5
      vertex 19.12271969246069 23.115397283273673 -31.5
      vertex 19.1227196924607 -23.115397283273673 -31.5
    endloop
  endfacet
  facet normal 0 0 -1
    outer loop
      vertex 19.1227196924607 -23.115397283273673 -31.5
      vertex 21.869058822642348 20.536413177860663 -31.5
      vertex 21.86905882264235 -20.536413177860656 -31.5
    endloop
  endfacet
  facet normal 0 0 -1
    outer loop
      vertex 21.86905882264235 -20.536413177860656 -31.5
      vertex 24.270509831248425 17.633557568774194 -31.5
      vertex 24.270509831248425 -17.633557568774194 -31.5
    endloop
  endfacet
  facet normal 0 0 -1
    outer loop
      vertex 24.270509831248425 -17.633557568774194 -31.5
      vertex 26.289200401315906 14.45261022305146 -31.5
      vertex 26.289200401315902 -14.452610223051462 -31.5
    endloop
  endfacet
  facet normal 0 0 -1
    outer loop
      vertex 26.289200401315902 -14.452610223051462 -31.5
      vertex 27.89329457664754 11.043736580540338 -31.5
      vertex 27.893294576647538 -11.043736580540351 -31.5
    endloop
  endfacet
  facet normal 0 0 -1
    outer loop
      vertex 27.893294576647538 -11.043736580540351 -31.5
      vertex 29.057494833858932 7.460696614945644 -31.5
      vertex 29.057494833858936 -7.460696614945633 -31.5
    endloop
  endfacet
  facet normal 0 0 -1
    outer loop
      vertex 29.057494833858936 -7.460696614945633 -31.5
      vertex 29.763441039434337 3.7599970069291277 -31.5
      vertex 29.763441039434337 -3.759997006929122 -31.5
    endloop
  endfacet
  facet normal 0.9048270524660191 -0.42577929156507377 0
    outer loop
      vertex 26.289200401315902 -14.452610223051462 -31.5
      vertex 27.893294576647538 -11.043736580540351 -31.5
      vertex 26.289200401315902 -14.452610223051462 3
    endloop
  endfacet
  facet normal 0.9510565162951536 -0.30901699437494723 0
    outer loop
      vertex 27.893294576647538 -11.043736580540351 -31.5
      vertex 29.057494833858936 -7.460696614945633 -31.5
      vertex 27.893294576647538 -11.043736580540351 3
    endloop
  endfacet
  facet normal 0.9822872507286886 -0.18738131458572485 0
    outer loop
      vertex 29.057494833858936 -7.460696614945633 -31.5
      vertex 29.763441039434337 -3.759997006929122 -31.5
      vertex 29.057494833858936 -7.460696614945633 3
    endloop
  endfacet
  facet normal 0.9980267284282717 -0.06279051952931293 0
    outer loop
      vertex 29.763441039434337 -3.759997006929122 -31.5
      vertex 30 0 -31.5
      vertex 29.763441039434337 -3.759997006929122 3
    endloop
  endfacet
  facet normal 0.125333233564305 -0.9921147013144779 0
    outer loop
      vertex 1.8837155858794128 -29.940801852848146 -31.5
      vertex 5.621439437571745 -29.468617521860658 3
      vertex 1.8837155858794128 -29.940801852848146 3
    endloop
  endfacet
  facet normal 0.248689887164855 -0.9685831611286312 0
    outer loop
      vertex 5.621439437571745 -29.468617521860658 -31.5
      vertex 9.270509831248422 -28.531695488854606 3
      vertex 5.621439437571745 -29.468617521860658 3
    endloop
  endfacet
  facet normal 0.36812455268467803 -0.9297764858882512 0
    outer loop
      vertex 9.270509831248422 -28.531695488854606 -31.5
      vertex 12.773378746952172 -27.144811573980586 3
      vertex 9.270509831248422 -28.531695488854606 3
    endloop
  endfacet
  facet normal 0.4817536741017144 -0.8763066800438641 0
    outer loop
      vertex 12.773378746952172 -27.144811573980586 -31.5
      vertex 16.074803849369886 -25.32983776506046 3
      vertex 12.773378746952172 -27.144811573980586 3
    endloop
  endfacet
  facet normal 0 0 1
    outer loop
      vertex -1.8837155858794128 -29.940801852848146 3
      vertex 1.8837155858794128 -29.940801852848146 3
      vertex 0.3139525976465688 -4.990133642141358 3
    endloop
  endfacet
  facet normal 0 0 1
    outer loop
      vertex 1.8837155858794128 -29.940801852848146 3
      vertex 5.621439437571745 -29.468617521860658 3
      vertex 1.545084971874737 -4.755282581475767 3
    endloop
  endfacet
  facet normal 0 0 1
    outer loop
      vertex 1.8837155858794128 -29.940801852848146 3
      vertex 0.9369065729286241 -4.911436253643443 3
      vertex 0.3139525976465688 -4.990133642141358 3
    endloop
  endfacet
  facet normal 0 0 1
    outer loop
      vertex 1.8837155858794128 -29.940801852848146 3
      vertex 1.545084971874737 -4.755282581475767 3
      vertex 0.9369065729286241 -4.911436253643443 3
    endloop
  endfacet
  facet normal 0 0 1
    outer loop
      vertex 5.621439437571745 -29.468617521860658 3
      vertex 2.128896457825362 -4.524135262330098 3
      vertex 1.545084971874737 -4.755282581475767 3
    endloop
  endfacet
  facet normal 0 0 1
    outer loop
      vertex 5.621439437571745 -29.468617521860658 3
      vertex 2.679133974894981 -4.2216396275100765 3
      vertex 2.128896457825362 -4.524135262330098 3
    endloop
  endfacet
  facet normal 0 0 1
    outer loop
      vertex 5.621439437571745 -29.468617521860658 3
      vertex 3.18711994874345 -3.852566213878945 3
      vertex 2.679133974894981 -4.2216396275100765 3
    endloop
  endfacet
  facet normal 0 0 1
    outer loop
      vertex 5.621439437571745 -29.468617521860658 3
      vertex 3.6448431371070584 -3.4227355296434423 3
      vertex 3.18711994874345 -3.852566213878945 3
    endloop
  endfacet
  facet normal 0 0 1
    outer loop
      vertex 5.621439437571745 -29.468617521860658 3
      vertex 4.045084971874737 -2.938926261462366 3
      vertex 3.6448431371070584 -3.4227355296434423 3
    endloop
  endfacet
  facet normal 0 0 1
    outer loop
      vertex 5.621439437571745 -29.468617521860658 3
      vertex 4.381533400219317 -2.408768370508577 3
      vertex 4.045084971874737 -2.938926261462366 3
    endloop
  endfacet
  facet normal 0 0 1
    outer loop
      vertex 5.621439437571745 -29.468617521860658 3
      vertex 4.648882429441256 -1.8406227634233918 3
      vertex 4.381533400219317 -2.408768370508577 3
    endloop
  endfacet
  facet normal 0 0 1
    outer loop
      vertex 5.621439437571745 -29.468617521860658 3
      vertex 4.842915805643156 -1.2434494358242723 3
      vertex 4.648882429441256 -1.8406227634233918 3
    endloop
  endfacet
  facet normal 0 0 1
    outer loop
      vertex 5.621439437571745 -29.468617521860658 3
      vertex 4.9605735065723895 -0.6266661678215203 3
      vertex 4.842915805643156 -1.2434494358242723 3
    endloop
  endfacet
  facet normal 0 0 1
    outer loop
      vertex 5.621439437571745 -29.468617521860658 3
      vertex 5 0 3
      vertex 4.9605735065723895 -0.6266661678215203 3
    endloop
  endfacet
  facet normal 0 0 1
    outer loop
      vertex 5.621439437571745 -29.468617521860658 3
      vertex 9.270509831248422 -28.531695488854606 3
      vertex 5.621439437571738 29.46861752186066 3
    endloop
  endfacet
  facet normal 0 0 1
    outer loop
      vertex 9.270509831248422 -28.531695488854606 3
      vertex 12.773378746952172 -27.144811573980586 3
      vertex 9.270509831248422 28.531695488854606 3
    endloop
  endfacet
  facet normal 0 0 1
    outer loop
      vertex 12.773378746952172 -27.144811573980586 3
      vertex 16.074803849369886 -25.32983776506046 3
      vertex 12.773378746952181 27.144811573980583 3
    endloop
  endfacet
  facet normal 0.5877852522924728 -0.8090169943749478 0
    outer loop
      vertex 16.074803849369886 -25.32983776506046 -31.5
      vertex 19.1227196924607 -23.115397283273673 3
      vertex 16.074803849369886 -25.32983776506046 3
    endloop
  endfacet
  facet normal 0.684547105928689 -0.7289686274214112 0
    outer loop
      vertex 19.1227196924607 -23.115397283273673 -31.5
      vertex 21.86905882264235 -20.536413177860656 3
      vertex 19.1227196924607 -23.115397283273673 3
    endloop
  endfacet
  facet normal 0.7705132427757893 -0.6374239897486899 0
    outer loop
      vertex 24.270509831248425 -17.633557568774194 -31.5
      vertex 24.270509831248425 -17.633557568774194 3
      vertex 21.86905882264235 -20.536413177860656 3
    endloop
  endfacet
  facet normal 0.8443279255020157 -0.5358267949789955 0
    outer loop
      vertex 26.289200401315902 -14.452610223051462 -31.5
      vertex 26.289200401315902 -14.452610223051462 3
      vertex 24.270509831248425 -17.633557568774194 3
    endloop
  endfacet
  facet normal 0.9048270524660191 -0.42577929156507377 0
    outer loop
      vertex 27.893294576647538 -11.043736580540351 -31.5
      vertex 27.893294576647538 -11.043736580540351 3
      vertex 26.289200401315902 -14.452610223051462 3
    endloop
  endfacet
  facet normal 0.9510565162951536 -0.30901699437494723 0
    outer loop
      vertex 29.057494833858936 -7.460696614945633 -31.5
      vertex 29.057494833858936 -7.460696614945633 3
      vertex 27.893294576647538 -11.043736580540351 3
    endloop
  endfacet
  facet normal 0.9822872507286886 -0.18738131458572485 0
    outer loop
      vertex 29.763441039434337 -3.759997006929122 -31.5
      vertex 29.763441039434337 -3.759997006929122 3
      vertex 29.057494833858936 -7.460696614945633 3
    endloop
  endfacet
  facet normal 0.9980267284282717 -0.06279051952931293 0
    outer loop
      vertex 29.763441039434337 -3.759997006929122 3
      vertex 30 0 -31.5
      vertex 30 0 3
    endloop
  endfacet
  facet normal 0 0 1
    outer loop
      vertex 16.074803849369886 -25.32983776506046 3
      vertex 19.1227196924607 -23.115397283273673 3
      vertex 16.0748038493699 25.329837765060454 3
    endloop
  endfacet
  facet normal 0 0 1
    outer loop
      vertex 19.1227196924607 -23.115397283273673 3
      vertex 21.86905882264235 -20.536413177860656 3
      vertex 19.12271969246069 23.115397283273673 3
    endloop
  endfacet
  facet normal 0 0 1
    outer loop
      vertex 21.86905882264235 -20.536413177860656 3
      vertex 24.270509831248425 -17.633557568774194 3
      vertex 21.869058822642348 20.536413177860663 3
    endloop
  endfacet
  facet normal 0 0 1
    outer loop
      vertex 24.270509831248425 -17.633557568774194 3
      vertex 26.289200401315902 -14.452610223051462 3
      vertex 24.270509831248425 17.633557568774194 3
    endloop
  endfacet
  facet normal 0 0 1
    outer loop
      vertex 26.289200401315902 -14.452610223051462 3
      vertex 27.893294576647538 -11.043736580540351 3
      vertex 26.289200401315906 14.45261022305146 3
    endloop
  endfacet
  facet normal 0 0 1
    outer loop
      vertex 27.893294576647538 -11.043736580540351 3
      vertex 29.057494833858936 -7.460696614945633 3
      vertex 27.89329457664754 11.043736580540338 3
    endloop
  endfacet
  facet normal 0 0 1
    outer loop
      vertex 29.057494833858936 -7.460696614945633 3
      vertex 29.763441039434337 -3.759997006929122 3
      vertex 29.057494833858932 7.460696614945644 3
    endloop
  endfacet
  facet normal 0 0 -1
    outer loop
      vertex 1.8837155858794128 -29.940801852848146 -31.5
      vertex 1.8 0 -31.5
      vertex 1.8837155858793984 29.940801852848146 -31.5
    endloop
  endfacet
  facet normal 0 0 -1
    outer loop
      vertex 1.8837155858793984 29.940801852848146 -31.5
      vertex 0.33728636625430425 1.7681170513116398 -31.5
      vertex 0.11302293515275715 1.7964481111708888 -31.5
    endloop
  endfacet
  facet normal 0 0 -1
    outer loop
      vertex 1.8837155858793984 29.940801852848146 -31.5
      vertex 0.5562305898749054 1.7119017293312764 -31.5
      vertex 0.33728636625430425 1.7681170513116398 -31.5
    endloop
  endfacet
  facet normal 0 0 -1
    outer loop
      vertex 1.8837155858793984 29.940801852848146 -31.5
      vertex 1.8 0 -31.5
      vertex 1.78580646236606 0.22559982041574766 -31.5
    endloop
  endfacet
  facet normal 0 0 -1
    outer loop
      vertex 1.8837155858793984 29.940801852848146 -31.5
      vertex 1.78580646236606 0.22559982041574766 -31.5
      vertex 1.743449690031536 0.44764179689673866 -31.5
    endloop
  endfacet
  facet normal 0 0 -1
    outer loop
      vertex 1.8837155858793984 29.940801852848146 -31.5
      vertex 0.7664027248171309 1.628688694438835 -31.5
      vertex 0.5562305898749054 1.7119017293312764 -31.5
    endloop
  endfacet
  facet normal 0 0 -1
    outer loop
      vertex 1.8837155858793984 29.940801852848146 -31.5
      vertex 1.1473631815476415 1.3869238369964205 -31.5
      vertex 0.964488230962194 1.519790265903627 -31.5
    endloop
  endfacet
  facet normal 0 0 -1
    outer loop
      vertex 1.8837155858793984 29.940801852848146 -31.5
      vertex 0.964488230962194 1.519790265903627 -31.5
      vertex 0.7664027248171309 1.628688694438835 -31.5
    endloop
  endfacet
  facet normal 0 0 -1
    outer loop
      vertex 1.8837155858793984 29.940801852848146 -31.5
      vertex 1.5773520240789545 0.8671566133830876 -31.5
      vertex 1.4562305898749055 1.0580134541264516 -31.5
    endloop
  endfacet
  facet normal 0 0 -1
    outer loop
      vertex 1.8837155858793984 29.940801852848146 -31.5
      vertex 1.4562305898749055 1.0580134541264516 -31.5
      vertex 1.3121435293585408 1.2321847906716397 -31.5
    endloop
  endfacet
  facet normal 0 0 -1
    outer loop
      vertex 1.8837155858793984 29.940801852848146 -31.5
      vertex 1.6735976745988526 0.6626241948324204 -31.5
      vertex 1.5773520240789545 0.8671566133830876 -31.5
    endloop
  endfacet
  facet normal 0 0 -1
    outer loop
      vertex 1.8837155858793984 29.940801852848146 -31.5
      vertex 1.743449690031536 0.44764179689673866 -31.5
      vertex 1.6735976745988526 0.6626241948324204 -31.5
    endloop
  endfacet
  facet normal 0 0 -1
    outer loop
      vertex 1.8837155858793984 29.940801852848146 -31.5
      vertex 1.3121435293585408 1.2321847906716397 -31.5
      vertex 1.1473631815476415 1.3869238369964205 -31.5
    endloop
  endfacet
  facet normal 0 0 -1
    outer loop
      vertex 1.8837155858794128 -29.940801852848146 -31.5
      vertex 1.8837155858793984 29.940801852848146 -31.5
      vertex 5.621439437571738 29.46861752186066 -31.5
    endloop
  endfacet
  facet normal 0 0 -1
    outer loop
      vertex 5.621439437571745 -29.468617521860658 -31.5
      vertex 5.621439437571738 29.46861752186066 -31.5
      vertex 9.270509831248422 28.531695488854606 -31.5
    endloop
  endfacet
  facet normal 0 0 -1
    outer loop
      vertex 9.270509831248422 -28.531695488854606 -31.5
      vertex 9.270509831248422 28.531695488854606 -31.5
      vertex 12.773378746952181 27.144811573980583 -31.5
    endloop
  endfacet
  facet normal 0 0 -1
    outer loop
      vertex 12.773378746952172 -27.144811573980586 -31.5
      vertex 12.773378746952181 27.144811573980583 -31.5
      vertex 16.0748038493699 25.329837765060454 -31.5
    endloop
  endfacet
  facet normal 0 0 -1
    outer loop
      vertex -1.8837155858793984 29.940801852848146 -31.5
      vertex 1.8837155858793984 29.940801852848146 -31.5
      vertex 0.11302293515275715 1.7964481111708888 -31.5
    endloop
  endfacet
  facet normal 0.12533323356430381 0.9921147013144779 0
    outer loop
      vertex 1.8837155858793984 29.940801852848146 -31.5
      vertex 1.8837155858793984 29.940801852848146 3
      vertex 5.621439437571738 29.46861752186066 -31.5
    endloop
  endfacet
  facet normal 0.24868988716485535 0.968583161128631 0
    outer loop
      vertex 5.621439437571738 29.46861752186066 -31.5
      vertex 5.621439437571738 29.46861752186066 3
      vertex 9.270509831248422 28.531695488854606 -31.5
    endloop
  endfacet
  facet normal 0.36812455268467803 0.9297764858882512 0
    outer loop
      vertex 9.270509831248422 28.531695488854606 -31.5
      vertex 9.270509831248422 28.531695488854606 3
      vertex 12.773378746952181 27.144811573980583 -31.5
    endloop
  endfacet
  facet normal 0.48175367410171444 0.876306680043864 0
    outer loop
      vertex 12.773378746952181 27.144811573980583 -31.5
      vertex 12.773378746952181 27.144811573980583 3
      vertex 16.0748038493699 25.329837765060454 -31.5
    endloop
  endfacet
  facet normal 0 0 -1
    outer loop
      vertex 19.1227196924607 -23.115397283273673 -31.5
      vertex 19.12271969246069 23.115397283273673 -31.5
      vertex 21.869058822642348 20.536413177860663 -31.5
    endloop
  endfacet
  facet normal 0 0 -1
    outer loop
      vertex 16.074803849369886 -25.32983776506046 -31.5
      vertex 16.0748038493699 25.329837765060454 -31.5
      vertex 19.12271969246069 23.115397283273673 -31.5
    endloop
  endfacet
  facet normal 0 0 -1
    outer loop
      vertex 21.86905882264235 -20.536413177860656 -31.5
      vertex 21.869058822642348 20.536413177860663 -31.5
      vertex 24.270509831248425 17.633557568774194 -31.5
    endloop
  endfacet
  facet normal 0 0 -1
    outer loop
      vertex 24.270509831248425 -17.633557568774194 -31.5
      vertex 24.270509831248425 17.633557568774194 -31.5
      vertex 26.289200401315906 14.45261022305146 -31.5
    endloop
  endfacet
  facet normal 0 0 -1
    outer loop
      vertex 26.289200401315902 -14.452610223051462 -31.5
      vertex 26.289200401315906 14.45261022305146 -31.5
      vertex 27.89329457664754 11.043736580540338 -31.5
    endloop
  endfacet
  facet normal 0 0 -1
    outer loop
      vertex 29.763441039434337 -3.759997006929122 -31.5
      vertex 29.763441039434337 3.7599970069291277 -31.5
      vertex 30 0 -31.5
    endloop
  endfacet
  facet normal 0 0 -1
    outer loop
      vertex 29.057494833858936 -7.460696614945633 -31.5
      vertex 29.057494833858932 7.460696614945644 -31.5
      vertex 29.763441039434337 3.7599970069291277 -31.5
    endloop
  endfacet
  facet normal 0 0 -1
    outer loop
      vertex 27.893294576647538 -11.043736580540351 -31.5
      vertex 27.89329457664754 11.043736580540338 -31.5
      vertex 29.057494833858932 7.460696614945644 -31.5
    endloop
  endfacet
  facet normal 0.9980267284282714 0.06279051952931282 0
    outer loop
      vertex 30 0 -31.5
      vertex 29.763441039434337 3.7599970069291277 -31.5
      vertex 30 0 3
    endloop
  endfacet
  facet normal 0.9822872507286884 0.18738131458572543 0
    outer loop
      vertex 29.763441039434337 3.7599970069291277 -31.5
      vertex 29.057494833858932 7.460696614945644 -31.5
      vertex 29.763441039434337 3.7599970069291277 3
    endloop
  endfacet
  facet normal 0.9510565162951535 0.30901699437494734 0
    outer loop
      vertex 29.057494833858932 7.460696614945644 -31.5
      vertex 27.89329457664754 11.043736580540338 -31.5
      vertex 29.057494833858932 7.460696614945644 3
    endloop
  endfacet
  facet normal 0.9048270524660196 0.42577929156507266 0
    outer loop
      vertex 27.89329457664754 11.043736580540338 -31.5
      vertex 26.289200401315906 14.45261022305146 -31.5
      vertex 27.89329457664754 11.043736580540338 3
    endloop
  endfacet
  facet normal 0.6845471059286874 0.7289686274214127 0
    outer loop
      vertex 21.869058822642348 20.536413177860663 -31.5
      vertex 19.12271969246069 23.115397283273673 -31.5
      vertex 19.12271969246069 23.115397283273673 3
    endloop
  endfacet
  facet normal 0.5877852522924742 0.8090169943749467 0
    outer loop
      vertex 16.0748038493699 25.329837765060454 -31.5
      vertex 16.0748038493699 25.329837765060454 3
      vertex 19.12271969246069 23.115397283273673 -31.5
    endloop
  endfacet
  facet normal 0.7705132427757894 0.6374239897486894 0
    outer loop
      vertex 21.869058822642348 20.536413177860663 -31.5
      vertex 24.270509831248425 17.633557568774194 3
      vertex 24.270509831248425 17.633557568774194 -31.5
    endloop
  endfacet
  facet normal 0.8443279255020154 0.535826794978996 0
    outer loop
      vertex 26.289200401315906 14.45261022305146 -31.5
      vertex 24.270509831248425 17.633557568774194 -31.5
      vertex 26.289200401315906 14.45261022305146 3
    endloop
  endfacet
  facet normal 0 0 1
    outer loop
      vertex 5.621439437571745 -29.468617521860658 3
      vertex 5.621439437571738 29.46861752186066 3
      vertex 5 0 3
    endloop
  endfacet
  facet normal 0 0 1
    outer loop
      vertex 1.8837155858793984 29.940801852848146 3
      vertex 1.545084971874737 4.755282581475767 3
      vertex 2.1288964578253635 4.524135262330097 3
    endloop
  endfacet
  facet normal 0 0 1
    outer loop
      vertex 1.8837155858793984 29.940801852848146 3
      vertex -0.31395259764656047 4.990133642141358 3
      vertex 0.31395259764656636 4.990133642141358 3
    endloop
  endfacet
  facet normal 0 0 1
    outer loop
      vertex 1.8837155858793984 29.940801852848146 3
      vertex 0.31395259764656636 4.990133642141358 3
      vertex 0.9369065729286229 4.911436253643443 3
    endloop
  endfacet
  facet normal 0 0 1
    outer loop
      vertex 1.8837155858793984 29.940801852848146 3
      vertex 0.9369065729286229 4.911436253643443 3
      vertex 1.545084971874737 4.755282581475767 3
    endloop
  endfacet
  facet normal 0 0 1
    outer loop
      vertex 1.8837155858793984 29.940801852848146 3
      vertex 2.1288964578253635 4.524135262330097 3
      vertex 2.679133974894983 4.221639627510076 3
    endloop
  endfacet
  facet normal 0 0 1
    outer loop
      vertex 1.8837155858793984 29.940801852848146 3
      vertex 2.679133974894983 4.221639627510076 3
      vertex 3.1871199487434487 3.8525662138789456 3
    endloop
  endfacet
  facet normal 0 0 1
    outer loop
      vertex 1.8837155858793984 29.940801852848146 3
      vertex 3.1871199487434487 3.8525662138789456 3
      vertex 3.644843137107058 3.4227355296434436 3
    endloop
  endfacet
  facet normal 0 0 1
    outer loop
      vertex 5.621439437571738 29.46861752186066 3
      vertex 4.9605735065723895 0.6266661678215213 3
      vertex 5 0 3
    endloop
  endfacet
  facet normal 0 0 1
    outer loop
      vertex 5.621439437571738 29.46861752186066 3
      vertex 4.842915805643155 1.243449435824274 3
      vertex 4.9605735065723895 0.6266661678215213 3
    endloop
  endfacet
  facet normal 0 0 1
    outer loop
      vertex 5.621439437571738 29.46861752186066 3
      vertex 4.648882429441256 1.8406227634233898 3
      vertex 4.842915805643155 1.243449435824274 3
    endloop
  endfacet
  facet normal 0 0 1
    outer loop
      vertex 5.621439437571738 29.46861752186066 3
      vertex 4.045084971874737 2.938926261462366 3
      vertex 4.381533400219318 2.4087683705085765 3
    endloop
  endfacet
  facet normal 0 0 1
    outer loop
      vertex 5.621439437571738 29.46861752186066 3
      vertex 3.644843137107058 3.4227355296434436 3
      vertex 4.045084971874737 2.938926261462366 3
    endloop
  endfacet
  facet normal 0 0 1
    outer loop
      vertex 5.621439437571738 29.46861752186066 3
      vertex 4.381533400219318 2.4087683705085765 3
      vertex 4.648882429441256 1.8406227634233898 3
    endloop
  endfacet
  facet normal 0 0 1
    outer loop
      vertex 9.270509831248422 -28.531695488854606 3
      vertex 9.270509831248422 28.531695488854606 3
      vertex 5.621439437571738 29.46861752186066 3
    endloop
  endfacet
  facet normal 0 0 1
    outer loop
      vertex 12.773378746952172 -27.144811573980586 3
      vertex 12.773378746952181 27.144811573980583 3
      vertex 9.270509831248422 28.531695488854606 3
    endloop
  endfacet
  facet normal 0 0 1
    outer loop
      vertex 16.074803849369886 -25.32983776506046 3
      vertex 16.0748038493699 25.329837765060454 3
      vertex 12.773378746952181 27.144811573980583 3
    endloop
  endfacet
  facet normal 0 1 0
    outer loop
      vertex -1.8837155858793984 29.940801852848146 3
      vertex 1.8837155858793984 29.940801852848146 3
      vertex 1.8837155858793984 29.940801852848146 -31.5
    endloop
  endfacet
  facet normal 0.12533323356430381 0.9921147013144779 0
    outer loop
      vertex 5.621439437571738 29.46861752186066 -31.5
      vertex 1.8837155858793984 29.940801852848146 3
      vertex 5.621439437571738 29.46861752186066 3
    endloop
  endfacet
  facet normal 0.24868988716485535 0.968583161128631 0
    outer loop
      vertex 9.270509831248422 28.531695488854606 -31.5
      vertex 5.621439437571738 29.46861752186066 3
      vertex 9.270509831248422 28.531695488854606 3
    endloop
  endfacet
  facet normal 0.48175367410171444 0.876306680043864 0
    outer loop
      vertex 16.0748038493699 25.329837765060454 -31.5
      vertex 12.773378746952181 27.144811573980583 3
      vertex 16.0748038493699 25.329837765060454 3
    endloop
  endfacet
  facet normal 0.36812455268467803 0.9297764858882512 0
    outer loop
      vertex 12.773378746952181 27.144811573980583 -31.5
      vertex 9.270509831248422 28.531695488854606 3
      vertex 12.773378746952181 27.144811573980583 3
    endloop
  endfacet
  facet normal 0 0 1
    outer loop
      vertex 1.8837155858793984 29.940801852848146 3
      vertex 3.644843137107058 3.4227355296434436 3
      vertex 5.621439437571738 29.46861752186066 3
    endloop
  endfacet
  facet normal 0.9980267284282714 0.06279051952931282 0
    outer loop
      vertex 29.763441039434337 3.7599970069291277 -31.5
      vertex 29.763441039434337 3.7599970069291277 3
      vertex 30 0 3
    endloop
  endfacet
  facet normal 0.9822872507286884 0.18738131458572543 0
    outer loop
      vertex 29.057494833858932 7.460696614945644 -31.5
      vertex 29.057494833858932 7.460696614945644 3
      vertex 29.763441039434337 3.7599970069291277 3
    endloop
  endfacet
  facet normal 0.9510565162951535 0.30901699437494734 0
    outer loop
      vertex 27.89329457664754 11.043736580540338 -31.5
      vertex 27.89329457664754 11.043736580540338 3
      vertex 29.057494833858932 7.460696614945644 3
    endloop
  endfacet
  facet normal 0.9048270524660196 0.42577929156507266 0
    outer loop
      vertex 26.289200401315906 14.45261022305146 -31.5
      vertex 26.289200401315906 14.45261022305146 3
      vertex 27.89329457664754 11.043736580540338 3
    endloop
  endfacet
  facet normal 0 0 1
    outer loop
      vertex 19.1227196924607 -23.115397283273673 3
      vertex 19.12271969246069 23.115397283273673 3
      vertex 16.0748038493699 25.329837765060454 3
    endloop
  endfacet
  facet normal 0 0 1
    outer loop
      vertex 21.86905882264235 -20.536413177860656 3
      vertex 21.869058822642348 20.536413177860663 3
      vertex 19.12271969246069 23.115397283273673 3
    endloop
  endfacet
  facet normal 0 0 1
    outer loop
      vertex 24.270509831248425 -17.633557568774194 3
      vertex 24.270509831248425 17.633557568774194 3
      vertex 21.869058822642348 20.536413177860663 3
    endloop
  endfacet
  facet normal 0 0 1
    outer loop
      vertex 26.289200401315902 -14.452610223051462 3
      vertex 26.289200401315906 14.45261022305146 3
      vertex 24.270509831248425 17.633557568774194 3
    endloop
  endfacet
  facet normal 0 0 1
    outer loop
      vertex 29.763441039434337 -3.759997006929122 3
      vertex 30 0 3
      vertex 29.763441039434337 3.7599970069291277 3
    endloop
  endfacet
  facet normal 0 0 1
    outer loop
      vertex 29.057494833858936 -7.460696614945633 3
      vertex 29.057494833858932 7.460696614945644 3
      vertex 27.89329457664754 11.043736580540338 3
    endloop
  endfacet
  facet normal 0 0 1
    outer loop
      vertex 29.763441039434337 -3.759997006929122 3
      vertex 29.763441039434337 3.7599970069291277 3
      vertex 29.057494833858932 7.460696614945644 3
    endloop
  endfacet
  facet normal 0 0 1
    outer loop
      vertex 27.893294576647538 -11.043736580540351 3
      vertex 27.89329457664754 11.043736580540338 3
      vertex 26.289200401315906 14.45261022305146 3
    endloop
  endfacet
  facet normal 0.6845471059286874 0.7289686274214127 0
    outer loop
      vertex 21.869058822642348 20.536413177860663 -31.5
      vertex 19.12271969246069 23.115397283273673 3
      vertex 21.869058822642348 20.536413177860663 3
    endloop
  endfacet
  facet normal 0.5877852522924742 0.8090169943749467 0
    outer loop
      vertex 19.12271969246069 23.115397283273673 -31.5
      vertex 16.0748038493699 25.329837765060454 3
      vertex 19.12271969246069 23.115397283273673 3
    endloop
  endfacet
  facet normal 0.8443279255020154 0.535826794978996 0
    outer loop
      vertex 24.270509831248425 17.633557568774194 -31.5
      vertex 24.270509831248425 17.633557568774194 3
      vertex 26.289200401315906 14.45261022305146 3
    endloop
  endfacet
  facet normal 0.7705132427757894 0.6374239897486894 0
    outer loop
      vertex 21.869058822642348 20.536413177860663 -31.5
      vertex 21.869058822642348 20.536413177860663 3
      vertex 24.270509831248425 17.633557568774194 3
    endloop
  endfacet
endsolid OpenSCAD_Model
