solid OpenSCAD_Model
  facet normal -0.8443279255020153 -0.5358267949789963 0
    outer loop
      vertex -5.663118960624632 -4.114496766047312 -22.5
      vertex -6.134146760307044 -3.372275718712008 0
      vertex -6.134146760307044 -3.372275718712008 -22.5
    endloop
  endfacet
  facet normal -0.7705132427757893 -0.6374239897486896 0
    outer loop
      vertex -5.663118960624632 -4.114496766047312 -22.5
      vertex -5.1027803919498815 -4.79182974150082 -22.5
      vertex -5.663118960624632 -4.114496766047312 0
    endloop
  endfacet
  facet normal -0.5877852522924721 -0.8090169943749482 0
    outer loop
      vertex -4.461967928240828 -5.393592699430526 -22.5
      vertex -3.7507875648529776 -5.910295478514104 -22.5
      vertex -3.7507875648529776 -5.910295478514104 0
    endloop
  endfacet
  facet normal -0.6845471059286894 -0.7289686274214108 0
    outer loop
      vertex -4.461967928240828 -5.393592699430526 -22.5
      vertex -4.461967928240828 -5.393592699430526 0
      vertex -5.1027803919498815 -4.79182974150082 -22.5
    endloop
  endfacet
  facet normal 0 0 -1
    outer loop
      vertex -6.50843540121776 -2.576871868792745 -22.5
      vertex -6.7800821279004175 -1.740829210153984 -22.5
      vertex -6.50843540121776 2.576871868792745 -22.5
    endloop
  endfacet
  facet normal 0 0 -1
    outer loop
      vertex -6.7800821279004175 -1.740829210153984 -22.5
      vertex -6.9448029092013455 -0.8773326349501285 -22.5
      vertex -6.7800821279004175 1.740829210153984 -22.5
    endloop
  endfacet
  facet normal 0 0 -1
    outer loop
      vertex -6.134146760307044 -3.372275718712008 -22.5
      vertex -6.50843540121776 -2.576871868792745 -22.5
      vertex -6.134146760307044 3.372275718712008 -22.5
    endloop
  endfacet
  facet normal 0 0 -1
    outer loop
      vertex -5.663118960624632 -4.114496766047312 -22.5
      vertex -6.134146760307044 -3.372275718712008 -22.5
      vertex -5.663118960624632 4.114496766047312 -22.5
    endloop
  endfacet
  facet normal 0 0 -1
    outer loop
      vertex -5.663118960624632 -4.114496766047312 -22.5
      vertex -5.1027803919498815 4.79182974150082 -22.5
      vertex -5.1027803919498815 -4.79182974150082 -22.5
    endloop
  endfacet
  facet normal 0 0 -1
    outer loop
      vertex -4.461967928240828 -5.393592699430526 -22.5
      vertex -3.7507875648529776 5.910295478514104 -22.5
      vertex -3.7507875648529776 -5.910295478514104 -22.5
    endloop
  endfacet
  facet normal 0 0 -1
    outer loop
      vertex -4.461967928240828 -5.393592699430526 -22.5
      vertex -5.1027803919498815 -4.79182974150082 -22.5
      vertex -4.461967928240828 5.393592699430526 -22.5
    endloop
  endfacet
  facet normal -0.9048270524660195 -0.4257792915650727 0
    outer loop
      vertex -6.134146760307044 -3.372275718712008 -22.5
      vertex -6.50843540121776 -2.576871868792745 0
      vertex -6.50843540121776 -2.576871868792745 -22.5
    endloop
  endfacet
  facet normal -0.9510565162951536 -0.30901699437494745 0
    outer loop
      vertex -6.50843540121776 -2.576871868792745 -22.5
      vertex -6.7800821279004175 -1.740829210153984 0
      vertex -6.7800821279004175 -1.740829210153984 -22.5
    endloop
  endfacet
  facet normal -0.9822872507286885 -0.18738131458572532 0
    outer loop
      vertex -6.7800821279004175 -1.740829210153984 -22.5
      vertex -6.9448029092013455 -0.8773326349501285 0
      vertex -6.9448029092013455 -0.8773326349501285 -22.5
    endloop
  endfacet
  facet normal -0.9980267284282716 -0.06279051952931274 0
    outer loop
      vertex -6.9448029092013455 -0.8773326349501285 -22.5
      vertex -7 0 0
      vertex -7 0 -22.5
    endloop
  endfacet
  facet normal 0 0 -1
    outer loop
      vertex -2.980455040955507 -6.333789367262137 -22.5
      vertex -2.0957848038365587 -1.9680729295449795 -22.5
      vertex -2.1631189606246317 -6.657395614066075 -22.5
    endloop
  endfacet
  facet normal 0 0 -1
    outer loop
      vertex -2.1631189606246317 -6.657395614066075 -22.5
      vertex -2.0957848038365587 -1.9680729295449795 -22.5
      vertex -1.8325939705274827 -2.2152255729803945 -22.5
    endloop
  endfacet
  facet normal 0 0 -1
    outer loop
      vertex -2.1631189606246317 -6.657395614066075 -22.5
      vertex -1.8325939705274827 -2.2152255729803945 -22.5
      vertex -1.5405020355646157 -2.427442785818293 -22.5
    endloop
  endfacet
  facet normal 0 0 -1
    outer loop
      vertex -2.1631189606246317 -6.657395614066075 -22.5
      vertex -1.2241154632495832 -2.6013777758398064 -22.5
      vertex -1.3116692021000738 -6.87601075510082 -22.5
    endloop
  endfacet
  facet normal 0 0 -1
    outer loop
      vertex -1.3116692021000738 -6.87601075510082 -22.5
      vertex -0.18052274364677706 -2.869326844231281 -22.5
      vertex -0.43953363670519635 -6.986187098997901 -22.5
    endloop
  endfacet
  facet normal 0 0 -1
    outer loop
      vertex -0.43953363670519635 -6.986187098997901 -22.5
      vertex -0.18052274364677706 -2.869326844231281 -22.5
      vertex 0.43953363670519635 -6.986187098997901 -22.5
    endloop
  endfacet
  facet normal 0 0 -1
    outer loop
      vertex -2.1631189606246317 -6.657395614066075 -22.5
      vertex -1.5405020355646157 -2.427442785818293 -22.5
      vertex -1.2241154632495832 -2.6013777758398064 -22.5
    endloop
  endfacet
  facet normal 0 0 -1
    outer loop
      vertex -1.3116692021000738 -6.87601075510082 -22.5
      vertex -1.2241154632495832 -2.6013777758398064 -22.5
      vertex -0.8884238588279738 -2.7342874843485663 -22.5
    endloop
  endfacet
  facet normal 0 0 -1
    outer loop
      vertex -1.3116692021000738 -6.87601075510082 -22.5
      vertex -0.8884238588279738 -2.7342874843485663 -22.5
      vertex -0.5387212794339589 -2.82407584584498 -22.5
    endloop
  endfacet
  facet normal 0 0 -1
    outer loop
      vertex -1.3116692021000738 -6.87601075510082 -22.5
      vertex -0.5387212794339589 -2.82407584584498 -22.5
      vertex -0.18052274364677706 -2.869326844231281 -22.5
    endloop
  endfacet
  facet normal -0.4817536741017149 -0.8763066800438637 0
    outer loop
      vertex -3.7507875648529776 -5.910295478514104 -22.5
      vertex -2.980455040955507 -6.333789367262137 -22.5
      vertex -2.980455040955507 -6.333789367262137 0
    endloop
  endfacet
  facet normal -0.36812455268467814 -0.9297764858882513 0
    outer loop
      vertex -2.980455040955507 -6.333789367262137 -22.5
      vertex -2.1631189606246317 -6.657395614066075 -22.5
      vertex -2.1631189606246317 -6.657395614066075 0
    endloop
  endfacet
  facet normal -0.2486898871648549 -0.9685831611286311 0
    outer loop
      vertex -2.1631189606246317 -6.657395614066075 -22.5
      vertex -1.3116692021000738 -6.87601075510082 -22.5
      vertex -1.3116692021000738 -6.87601075510082 0
    endloop
  endfacet
  facet normal -0.12533323356430495 -0.9921147013144777 0
    outer loop
      vertex -1.3116692021000738 -6.87601075510082 -22.5
      vertex -0.43953363670519635 -6.986187098997901 -22.5
      vertex -0.43953363670519635 -6.986187098997901 0
    endloop
  endfacet
  facet normal 0 0 -1
    outer loop
      vertex -2.980455040955507 -6.333789367262137 -22.5
      vertex -2.673107396928723 -1.058358088968449 -22.5
      vertex -2.5193817051261074 -1.3850418130424318 -22.5
    endloop
  endfacet
  facet normal 0 0 -1
    outer loop
      vertex -2.980455040955507 -6.333789367262137 -22.5
      vertex -2.7846765882448143 -0.7149834255989577 -22.5
      vertex -2.673107396928723 -1.058358088968449 -22.5
    endloop
  endfacet
  facet normal 0 0 -1
    outer loop
      vertex -3.7507875648529776 -5.910295478514104 -22.5
      vertex -2.980455040955509 6.333789367262137 -22.5
      vertex -2.980455040955507 -6.333789367262137 -22.5
    endloop
  endfacet
  facet normal 0 0 -1
    outer loop
      vertex -2.980455040955507 -6.333789367262137 -22.5
      vertex -2.852329766279124 -0.3603330464973742 -22.5
      vertex -2.7846765882448143 -0.7149834255989577 -22.5
    endloop
  endfacet
  facet normal 0 0 -1
    outer loop
      vertex -2.980455040955507 -6.333789367262137 -22.5
      vertex -2.875 0 -22.5
      vertex -2.852329766279124 -0.3603330464973742 -22.5
    endloop
  endfacet
  facet normal 0 0 -1
    outer loop
      vertex -2.980455040955507 -6.333789367262137 -22.5
      vertex -2.325923858827974 -1.6898826003408602 -22.5
      vertex -2.0957848038365587 -1.9680729295449795 -22.5
    endloop
  endfacet
  facet normal 0 0 -1
    outer loop
      vertex -2.980455040955507 -6.333789367262137 -22.5
      vertex -2.5193817051261074 -1.3850418130424318 -22.5
      vertex -2.325923858827974 -1.6898826003408602 -22.5
    endloop
  endfacet
  facet normal -0.7705132427757893 -0.6374239897486896 0
    outer loop
      vertex -5.1027803919498815 -4.79182974150082 -22.5
      vertex -5.1027803919498815 -4.79182974150082 0
      vertex -5.663118960624632 -4.114496766047312 0
    endloop
  endfacet
  facet normal -0.8443279255020153 -0.5358267949789963 0
    outer loop
      vertex -5.663118960624632 -4.114496766047312 -22.5
      vertex -5.663118960624632 -4.114496766047312 0
      vertex -6.134146760307044 -3.372275718712008 0
    endloop
  endfacet
  facet normal -0.5877852522924721 -0.8090169943749482 0
    outer loop
      vertex -4.461967928240828 -5.393592699430526 -22.5
      vertex -3.7507875648529776 -5.910295478514104 0
      vertex -4.461967928240828 -5.393592699430526 0
    endloop
  endfacet
  facet normal -0.6845471059286894 -0.7289686274214108 0
    outer loop
      vertex -5.1027803919498815 -4.79182974150082 -22.5
      vertex -4.461967928240828 -5.393592699430526 0
      vertex -5.1027803919498815 -4.79182974150082 0
    endloop
  endfacet
  facet normal -0.9048270524660195 -0.4257792915650727 0
    outer loop
      vertex -6.134146760307044 -3.372275718712008 -22.5
      vertex -6.134146760307044 -3.372275718712008 0
      vertex -6.50843540121776 -2.576871868792745 0
    endloop
  endfacet
  facet normal -0.9510565162951536 -0.30901699437494745 0
    outer loop
      vertex -6.50843540121776 -2.576871868792745 -22.5
      vertex -6.50843540121776 -2.576871868792745 0
      vertex -6.7800821279004175 -1.740829210153984 0
    endloop
  endfacet
  facet normal -0.9822872507286885 -0.18738131458572532 0
    outer loop
      vertex -6.7800821279004175 -1.740829210153984 -22.5
      vertex -6.7800821279004175 -1.740829210153984 0
      vertex -6.9448029092013455 -0.8773326349501285 0
    endloop
  endfacet
  facet normal -0.9980267284282716 -0.06279051952931274 0
    outer loop
      vertex -6.9448029092013455 -0.8773326349501285 -22.5
      vertex -6.9448029092013455 -0.8773326349501285 0
      vertex -7 0 0
    endloop
  endfacet
  facet normal 0 0 1
    outer loop
      vertex -6.134146760307044 -3.372275718712008 0
      vertex -6.50843540121776 2.576871868792745 0
      vertex -6.50843540121776 -2.576871868792745 0
    endloop
  endfacet
  facet normal 0 0 1
    outer loop
      vertex -6.7800821279004175 -1.740829210153984 0
      vertex -6.9448029092013455 0.8773326349501285 0
      vertex -6.9448029092013455 -0.8773326349501285 0
    endloop
  endfacet
  facet normal 0 0 1
    outer loop
      vertex -6.50843540121776 -2.576871868792745 0
      vertex -6.7800821279004175 1.740829210153984 0
      vertex -6.7800821279004175 -1.740829210153984 0
    endloop
  endfacet
  facet normal 0 0 1
    outer loop
      vertex -5.663118960624632 -4.114496766047312 0
      vertex -6.134146760307044 3.372275718712008 0
      vertex -6.134146760307044 -3.372275718712008 0
    endloop
  endfacet
  facet normal 0 0 1
    outer loop
      vertex -5.663118960624632 -4.114496766047312 0
      vertex -5.1027803919498815 -4.79182974150082 0
      vertex -5.663118960624632 4.114496766047312 0
    endloop
  endfacet
  facet normal 0 0 1
    outer loop
      vertex -4.461967928240828 -5.393592699430526 0
      vertex -5.1027803919498815 4.79182974150082 0
      vertex -5.1027803919498815 -4.79182974150082 0
    endloop
  endfacet
  facet normal 0 0 1
    outer loop
      vertex -4.461967928240828 -5.393592699430526 0
      vertex -3.7507875648529776 -5.910295478514104 0
      vertex -4.461967928240828 5.393592699430526 0
    endloop
  endfacet
  facet normal -0.36812455268467814 -0.9297764858882513 0
    outer loop
      vertex -2.980455040955507 -6.333789367262137 -22.5
      vertex -2.1631189606246317 -6.657395614066075 0
      vertex -2.980455040955507 -6.333789367262137 0
    endloop
  endfacet
  facet normal -0.4817536741017149 -0.8763066800438637 0
    outer loop
      vertex -3.7507875648529776 -5.910295478514104 -22.5
      vertex -2.980455040955507 -6.333789367262137 0
      vertex -3.7507875648529776 -5.910295478514104 0
    endloop
  endfacet
  facet normal -0.2486898871648549 -0.9685831611286311 0
    outer loop
      vertex -2.1631189606246317 -6.657395614066075 -22.5
      vertex -1.3116692021000738 -6.87601075510082 0
      vertex -2.1631189606246317 -6.657395614066075 0
    endloop
  endfacet
  facet normal -0.12533323356430495 -0.9921147013144777 0
    outer loop
      vertex -1.3116692021000738 -6.87601075510082 -22.5
      vertex -0.43953363670519635 -6.986187098997901 0
      vertex -1.3116692021000738 -6.87601075510082 0
    endloop
  endfacet
  facet normal 0 -1 0
    outer loop
      vertex -0.43953363670519635 -6.986187098997901 -22.5
      vertex 0.43953363670519635 -6.986187098997901 0
      vertex -0.43953363670519635 -6.986187098997901 0
    endloop
  endfacet
  facet normal 0 0 1
    outer loop
      vertex -2.980455040955507 -6.333789367262137 0
      vertex -2.1631189606246317 -6.657395614066075 0
      vertex -3.1158000007271767 0 0
    endloop
  endfacet
  facet normal 0 0 1
    outer loop
      vertex -2.1631189606246317 -6.657395614066075 0
      vertex -1.3116692021000738 -6.87601075510082 0
      vertex -3.1158000007271767 0 0
    endloop
  endfacet
  facet normal 0 0 1
    outer loop
      vertex -1.3116692021000738 -6.87601075510082 0
      vertex -0.43953363670519635 -6.986187098997901 0
      vertex -1.557899996638298 -2.6983619555830956 0
    endloop
  endfacet
  facet normal 0 0 1
    outer loop
      vertex -0.43953363670519635 -6.986187098997901 0
      vertex 0.43953363670519635 -6.986187098997901 0
      vertex -1.557899996638298 -2.6983619555830956 0
    endloop
  endfacet
  facet normal 0 0 1
    outer loop
      vertex -3.7507875648529776 -5.910295478514104 0
      vertex -2.980455040955507 -6.333789367262137 0
      vertex -3.7507875648529776 5.910295478514104 0
    endloop
  endfacet
  facet normal 0 0 1
    outer loop
      vertex -1.3116692021000738 -6.87601075510082 0
      vertex -1.557899996638298 -2.6983619555830956 0
      vertex -3.1158000007271767 0 0
    endloop
  endfacet
  facet normal 0 0 1
    outer loop
      vertex -2.980455040955507 -6.333789367262137 0
      vertex -3.1158000007271767 0 0
      vertex -3.7507875648529776 5.910295478514104 0
    endloop
  endfacet
  facet normal 0 0 -1
    outer loop
      vertex -6.9448029092013455 -0.8773326349501285 -22.5
      vertex -7 0 -22.5
      vertex -6.9448029092013455 0.8773326349501285 -22.5
    endloop
  endfacet
  facet normal 0 0 -1
    outer loop
      vertex -6.9448029092013455 -0.8773326349501285 -22.5
      vertex -6.9448029092013455 0.8773326349501285 -22.5
      vertex -6.7800821279004175 1.740829210153984 -22.5
    endloop
  endfacet
  facet normal 0 0 -1
    outer loop
      vertex -6.7800821279004175 -1.740829210153984 -22.5
      vertex -6.7800821279004175 1.740829210153984 -22.5
      vertex -6.50843540121776 2.576871868792745 -22.5
    endloop
  endfacet
  facet normal 0 0 -1
    outer loop
      vertex -6.50843540121776 -2.576871868792745 -22.5
      vertex -6.50843540121776 2.576871868792745 -22.5
      vertex -6.134146760307044 3.372275718712008 -22.5
    endloop
  endfacet
  facet normal 0 0 -1
    outer loop
      vertex -6.134146760307044 -3.372275718712008 -22.5
      vertex -6.134146760307044 3.372275718712008 -22.5
      vertex -5.663118960624632 4.114496766047312 -22.5
    endloop
  endfacet
  facet normal 0 0 -1
    outer loop
      vertex -5.663118960624632 -4.114496766047312 -22.5
      vertex -5.663118960624632 4.114496766047312 -22.5
      vertex -5.1027803919498815 4.79182974150082 -22.5
    endloop
  endfacet
  facet normal 0 0 -1
    outer loop
      vertex -5.1027803919498815 -4.79182974150082 -22.5
      vertex -5.1027803919498815 4.79182974150082 -22.5
      vertex -4.461967928240828 5.393592699430526 -22.5
    endloop
  endfacet
  facet normal 0 0 -1
    outer loop
      vertex -4.461967928240828 -5.393592699430526 -22.5
      vertex -4.461967928240828 5.393592699430526 -22.5
      vertex -3.7507875648529776 5.910295478514104 -22.5
    endloop
  endfacet
  facet normal -0.9980267284282716 0.06279051952931274 0
    outer loop
      vertex -7 0 -22.5
      vertex -6.9448029092013455 0.8773326349501285 0
      vertex -6.9448029092013455 0.8773326349501285 -22.5
    endloop
  endfacet
  facet normal -0.9822872507286885 0.18738131458572532 0
    outer loop
      vertex -6.9448029092013455 0.8773326349501285 -22.5
      vertex -6.7800821279004175 1.740829210153984 0
      vertex -6.7800821279004175 1.740829210153984 -22.5
    endloop
  endfacet
  facet normal -0.9510565162951536 0.30901699437494745 0
    outer loop
      vertex -6.7800821279004175 1.740829210153984 -22.5
      vertex -6.50843540121776 2.576871868792745 0
      vertex -6.50843540121776 2.576871868792745 -22.5
    endloop
  endfacet
  facet normal -0.9048270524660195 0.4257792915650727 0
    outer loop
      vertex -6.50843540121776 2.576871868792745 -22.5
      vertex -6.134146760307044 3.372275718712008 0
      vertex -6.134146760307044 3.372275718712008 -22.5
    endloop
  endfacet
  facet normal -0.8443279255020153 0.5358267949789963 0
    outer loop
      vertex -6.134146760307044 3.372275718712008 -22.5
      vertex -5.663118960624632 4.114496766047312 0
      vertex -5.663118960624632 4.114496766047312 -22.5
    endloop
  endfacet
  facet normal -0.7705132427757893 0.6374239897486896 0
    outer loop
      vertex -5.663118960624632 4.114496766047312 -22.5
      vertex -5.1027803919498815 4.79182974150082 0
      vertex -5.1027803919498815 4.79182974150082 -22.5
    endloop
  endfacet
  facet normal -0.6845471059286894 0.7289686274214108 0
    outer loop
      vertex -5.1027803919498815 4.79182974150082 -22.5
      vertex -5.1027803919498815 4.79182974150082 0
      vertex -4.461967928240828 5.393592699430526 -22.5
    endloop
  endfacet
  facet normal -0.5877852522924721 0.8090169943749482 0
    outer loop
      vertex -4.461967928240828 5.393592699430526 -22.5
      vertex -4.461967928240828 5.393592699430526 0
      vertex -3.7507875648529776 5.910295478514104 -22.5
    endloop
  endfacet
  facet normal 0 0 -1
    outer loop
      vertex -2.980455040955507 -6.333789367262137 -22.5
      vertex -2.980455040955509 6.333789367262137 -22.5
      vertex -2.875 0 -22.5
    endloop
  endfacet
  facet normal 0 0 -1
    outer loop
      vertex -3.7507875648529776 -5.910295478514104 -22.5
      vertex -3.7507875648529776 5.910295478514104 -22.5
      vertex -2.980455040955509 6.333789367262137 -22.5
    endloop
  endfacet
  facet normal 0 0 -1
    outer loop
      vertex -2.875 0 -22.5
      vertex -2.980455040955509 6.333789367262137 -22.5
      vertex -2.852329766279124 0.3603330464973742 -22.5
    endloop
  endfacet
  facet normal 0 0 -1
    outer loop
      vertex -2.852329766279124 0.3603330464973742 -22.5
      vertex -2.980455040955509 6.333789367262137 -22.5
      vertex -2.7846765882448143 0.7149834255989577 -22.5
    endloop
  endfacet
  facet normal 0 0 -1
    outer loop
      vertex -2.7846765882448143 0.7149834255989577 -22.5
      vertex -2.980455040955509 6.333789367262137 -22.5
      vertex -2.673107396928723 1.058358088968449 -22.5
    endloop
  endfacet
  facet normal 0 0 -1
    outer loop
      vertex -2.673107396928723 1.058358088968449 -22.5
      vertex -2.980455040955509 6.333789367262137 -22.5
      vertex -2.5193817051261074 1.3850418130424318 -22.5
    endloop
  endfacet
  facet normal 0 0 -1
    outer loop
      vertex -2.5193817051261074 1.3850418130424318 -22.5
      vertex -2.1631189606246317 6.657395614066075 -22.5
      vertex -2.325923858827974 1.6898826003408602 -22.5
    endloop
  endfacet
  facet normal 0 0 -1
    outer loop
      vertex -2.325923858827974 1.6898826003408602 -22.5
      vertex -2.1631189606246317 6.657395614066075 -22.5
      vertex -2.0957848038365587 1.9680729295449795 -22.5
    endloop
  endfacet
  facet normal 0 0 -1
    outer loop
      vertex -2.0957848038365587 1.9680729295449795 -22.5
      vertex -2.1631189606246317 6.657395614066075 -22.5
      vertex -1.8325939705274827 2.2152255729803945 -22.5
    endloop
  endfacet
  facet normal 0 0 -1
    outer loop
      vertex -2.5193817051261074 1.3850418130424318 -22.5
      vertex -2.980455040955509 6.333789367262137 -22.5
      vertex -2.1631189606246317 6.657395614066075 -22.5
    endloop
  endfacet
  facet normal 0 0 -1
    outer loop
      vertex -1.8325939705274827 2.2152255729803945 -22.5
      vertex -2.1631189606246317 6.657395614066075 -22.5
      vertex -1.311669202100072 6.876010755100821 -22.5
    endloop
  endfacet
  facet normal 0 0 -1
    outer loop
      vertex -1.8325939705274827 2.2152255729803945 -22.5
      vertex -1.311669202100072 6.876010755100821 -22.5
      vertex -1.5405020355646157 2.427442785818293 -22.5
    endloop
  endfacet
  facet normal 0 0 -1
    outer loop
      vertex -1.5405020355646157 2.427442785818293 -22.5
      vertex -1.311669202100072 6.876010755100821 -22.5
      vertex -1.224115463249584 2.601377775839806 -22.5
    endloop
  endfacet
  facet normal 0 0 -1
    outer loop
      vertex -1.224115463249584 2.601377775839806 -22.5
      vertex -1.311669202100072 6.876010755100821 -22.5
      vertex -0.8884238588279738 2.7342874843485663 -22.5
    endloop
  endfacet
  facet normal 0 0 -1
    outer loop
      vertex -0.8884238588279738 2.7342874843485663 -22.5
      vertex -0.43953363670519296 6.986187098997901 -22.5
      vertex -0.5387212794339582 2.82407584584498 -22.5
    endloop
  endfacet
  facet normal 0 0 -1
    outer loop
      vertex -0.5387212794339582 2.82407584584498 -22.5
      vertex -0.43953363670519296 6.986187098997901 -22.5
      vertex -0.18052274364677567 2.869326844231281 -22.5
    endloop
  endfacet
  facet normal 0 0 -1
    outer loop
      vertex -0.18052274364677567 2.869326844231281 -22.5
      vertex -0.43953363670519296 6.986187098997901 -22.5
      vertex 0.1805227436467747 2.869326844231281 -22.5
    endloop
  endfacet
  facet normal 0 0 -1
    outer loop
      vertex -0.8884238588279738 2.7342874843485663 -22.5
      vertex -1.311669202100072 6.876010755100821 -22.5
      vertex -0.43953363670519296 6.986187098997901 -22.5
    endloop
  endfacet
  facet normal -0.4817536741017157 0.8763066800438634 0
    outer loop
      vertex -3.7507875648529776 5.910295478514104 -22.5
      vertex -3.7507875648529776 5.910295478514104 0
      vertex -2.980455040955509 6.333789367262137 -22.5
    endloop
  endfacet
  facet normal -0.3681245526846775 0.9297764858882517 0
    outer loop
      vertex -2.980455040955509 6.333789367262137 -22.5
      vertex -2.980455040955509 6.333789367262137 0
      vertex -2.1631189606246317 6.657395614066075 -22.5
    endloop
  endfacet
  facet normal -0.24868988716485535 0.968583161128631 0
    outer loop
      vertex -2.1631189606246317 6.657395614066075 -22.5
      vertex -2.1631189606246317 6.657395614066075 0
      vertex -1.311669202100072 6.876010755100821 -22.5
    endloop
  endfacet
  facet normal -0.12533323356430376 0.9921147013144779 0
    outer loop
      vertex -1.311669202100072 6.876010755100821 -22.5
      vertex -1.311669202100072 6.876010755100821 0
      vertex -0.43953363670519296 6.986187098997901 -22.5
    endloop
  endfacet
  facet normal 0 1 0
    outer loop
      vertex -0.43953363670519296 6.986187098997901 -22.5
      vertex -0.43953363670519296 6.986187098997901 0
      vertex 0.43953363670519296 6.986187098997901 -22.5
    endloop
  endfacet
  facet normal -0.9980267284282716 0.06279051952931274 0
    outer loop
      vertex -7 0 -22.5
      vertex -7 0 0
      vertex -6.9448029092013455 0.8773326349501285 0
    endloop
  endfacet
  facet normal -0.9822872507286885 0.18738131458572532 0
    outer loop
      vertex -6.9448029092013455 0.8773326349501285 -22.5
      vertex -6.9448029092013455 0.8773326349501285 0
      vertex -6.7800821279004175 1.740829210153984 0
    endloop
  endfacet
  facet normal -0.9510565162951536 0.30901699437494745 0
    outer loop
      vertex -6.7800821279004175 1.740829210153984 -22.5
      vertex -6.7800821279004175 1.740829210153984 0
      vertex -6.50843540121776 2.576871868792745 0
    endloop
  endfacet
  facet normal -0.9048270524660195 0.4257792915650727 0
    outer loop
      vertex -6.50843540121776 2.576871868792745 -22.5
      vertex -6.50843540121776 2.576871868792745 0
      vertex -6.134146760307044 3.372275718712008 0
    endloop
  endfacet
  facet normal 0 0 1
    outer loop
      vertex -6.9448029092013455 -0.8773326349501285 0
      vertex -6.9448029092013455 0.8773326349501285 0
      vertex -7 0 0
    endloop
  endfacet
  facet normal 0 0 1
    outer loop
      vertex -6.7800821279004175 -1.740829210153984 0
      vertex -6.7800821279004175 1.740829210153984 0
      vertex -6.9448029092013455 0.8773326349501285 0
    endloop
  endfacet
  facet normal 0 0 1
    outer loop
      vertex -6.50843540121776 -2.576871868792745 0
      vertex -6.50843540121776 2.576871868792745 0
      vertex -6.7800821279004175 1.740829210153984 0
    endloop
  endfacet
  facet normal 0 0 1
    outer loop
      vertex -6.134146760307044 -3.372275718712008 0
      vertex -6.134146760307044 3.372275718712008 0
      vertex -6.50843540121776 2.576871868792745 0
    endloop
  endfacet
  facet normal 0 0 1
    outer loop
      vertex -5.663118960624632 -4.114496766047312 0
      vertex -5.663118960624632 4.114496766047312 0
      vertex -6.134146760307044 3.372275718712008 0
    endloop
  endfacet
  facet normal 0 0 1
    outer loop
      vertex -5.1027803919498815 -4.79182974150082 0
      vertex -5.1027803919498815 4.79182974150082 0
      vertex -5.663118960624632 4.114496766047312 0
    endloop
  endfacet
  facet normal 0 0 1
    outer loop
      vertex -4.461967928240828 -5.393592699430526 0
      vertex -4.461967928240828 5.393592699430526 0
      vertex -5.1027803919498815 4.79182974150082 0
    endloop
  endfacet
  facet normal 0 0 1
    outer loop
      vertex -3.7507875648529776 -5.910295478514104 0
      vertex -3.7507875648529776 5.910295478514104 0
      vertex -4.461967928240828 5.393592699430526 0
    endloop
  endfacet
  facet normal -0.8443279255020153 0.5358267949789963 0
    outer loop
      vertex -6.134146760307044 3.372275718712008 -22.5
      vertex -6.134146760307044 3.372275718712008 0
      vertex -5.663118960624632 4.114496766047312 0
    endloop
  endfacet
  facet normal -0.7705132427757893 0.6374239897486896 0
    outer loop
      vertex -5.663118960624632 4.114496766047312 -22.5
      vertex -5.663118960624632 4.114496766047312 0
      vertex -5.1027803919498815 4.79182974150082 0
    endloop
  endfacet
  facet normal -0.6845471059286894 0.7289686274214108 0
    outer loop
      vertex -4.461967928240828 5.393592699430526 -22.5
      vertex -5.1027803919498815 4.79182974150082 0
      vertex -4.461967928240828 5.393592699430526 0
    endloop
  endfacet
  facet normal -0.5877852522924721 0.8090169943749482 0
    outer loop
      vertex -3.7507875648529776 5.910295478514104 -22.5
      vertex -4.461967928240828 5.393592699430526 0
      vertex -3.7507875648529776 5.910295478514104 0
    endloop
  endfacet
  facet normal 0 0 1
    outer loop
      vertex -3.7507875648529776 5.910295478514104 0
      vertex -3.1158000007271767 0 0
      vertex -1.557899996638298 2.6983619555830956 0
    endloop
  endfacet
  facet normal -0.4817536741017157 0.8763066800438634 0
    outer loop
      vertex -2.980455040955509 6.333789367262137 -22.5
      vertex -3.7507875648529776 5.910295478514104 0
      vertex -2.980455040955509 6.333789367262137 0
    endloop
  endfacet
  facet normal -0.3681245526846775 0.9297764858882517 0
    outer loop
      vertex -2.1631189606246317 6.657395614066075 -22.5
      vertex -2.980455040955509 6.333789367262137 0
      vertex -2.1631189606246317 6.657395614066075 0
    endloop
  endfacet
  facet normal -0.24868988716485535 0.968583161128631 0
    outer loop
      vertex -1.311669202100072 6.876010755100821 -22.5
      vertex -2.1631189606246317 6.657395614066075 0
      vertex -1.311669202100072 6.876010755100821 0
    endloop
  endfacet
  facet normal -0.12533323356430376 0.9921147013144779 0
    outer loop
      vertex -0.43953363670519296 6.986187098997901 -22.5
      vertex -1.311669202100072 6.876010755100821 0
      vertex -0.43953363670519296 6.986187098997901 0
    endloop
  endfacet
  facet normal 0 0 1
    outer loop
      vertex -3.7507875648529776 5.910295478514104 0
      vertex -1.557899996638298 2.6983619555830956 0
      vertex -2.980455040955509 6.333789367262137 0
    endloop
  endfacet
  facet normal 0 0 1
    outer loop
      vertex -2.980455040955509 6.333789367262137 0
      vertex -1.557899996638298 2.6983619555830956 0
      vertex -2.1631189606246317 6.657395614066075 0
    endloop
  endfacet
  facet normal 0 0 1
    outer loop
      vertex -2.1631189606246317 6.657395614066075 0
      vertex -1.557899996638298 2.6983619555830956 0
      vertex 1.557899996638298 2.6983619555830956 0
    endloop
  endfacet
  facet normal 0 0 1
    outer loop
      vertex -2.1631189606246317 6.657395614066075 0
      vertex 1.557899996638298 2.6983619555830956 0
      vertex -1.311669202100072 6.876010755100821 0
    endloop
  endfacet
  facet normal 0 0 1
    outer loop
      vertex -1.311669202100072 6.876010755100821 0
      vertex 1.557899996638298 2.6983619555830956 0
      vertex -0.43953363670519296 6.986187098997901 0
    endloop
  endfacet
  facet normal 0 0 -1
    outer loop
      vertex 0.43953363670519635 -6.986187098997901 -22.5
      vertex 0.8884238588279738 -2.7342874843485663 -22.5
      vertex 1.3116692021000738 -6.87601075510082 -22.5
    endloop
  endfacet
  facet normal 0 0 -1
    outer loop
      vertex -0.18052274364677706 -2.869326844231281 -22.5
      vertex 0.18052274364677706 -2.869326844231281 -22.5
      vertex 0.43953363670519635 -6.986187098997901 -22.5
    endloop
  endfacet
  facet normal 0 0 -1
    outer loop
      vertex 0.43953363670519635 -6.986187098997901 -22.5
      vertex 0.18052274364677706 -2.869326844231281 -22.5
      vertex 0.5387212794339589 -2.82407584584498 -22.5
    endloop
  endfacet
  facet normal 0 0 -1
    outer loop
      vertex 0.43953363670519635 -6.986187098997901 -22.5
      vertex 0.5387212794339589 -2.82407584584498 -22.5
      vertex 0.8884238588279738 -2.7342874843485663 -22.5
    endloop
  endfacet
  facet normal 0 0 -1
    outer loop
      vertex 1.3116692021000738 -6.87601075510082 -22.5
      vertex 0.8884238588279738 -2.7342874843485663 -22.5
      vertex 1.2241154632495832 -2.6013777758398064 -22.5
    endloop
  endfacet
  facet normal 0 0 -1
    outer loop
      vertex 1.3116692021000738 -6.87601075510082 -22.5
      vertex 1.2241154632495832 -2.6013777758398064 -22.5
      vertex 1.5405020355646142 -2.427442785818294 -22.5
    endloop
  endfacet
  facet normal 0 0 -1
    outer loop
      vertex 1.3116692021000738 -6.87601075510082 -22.5
      vertex 1.5405020355646142 -2.427442785818294 -22.5
      vertex 1.8325939705274836 -2.2152255729803936 -22.5
    endloop
  endfacet
  facet normal 0 0 -1
    outer loop
      vertex 1.3116692021000738 -6.87601075510082 -22.5
      vertex 1.8325939705274836 -2.2152255729803936 -22.5
      vertex 2.1631189606246317 -6.657395614066075 -22.5
    endloop
  endfacet
  facet normal 0 0 -1
    outer loop
      vertex 2.1631189606246317 -6.657395614066075 -22.5
      vertex 2.5193817051261074 -1.3850418130424318 -22.5
      vertex 2.980455040955507 -6.333789367262137 -22.5
    endloop
  endfacet
  facet normal 0 0 -1
    outer loop
      vertex 2.1631189606246317 -6.657395614066075 -22.5
      vertex 1.8325939705274836 -2.2152255729803936 -22.5
      vertex 2.0957848038365587 -1.9680729295449795 -22.5
    endloop
  endfacet
  facet normal 0 -1 0
    outer loop
      vertex -0.43953363670519635 -6.986187098997901 -22.5
      vertex 0.43953363670519635 -6.986187098997901 -22.5
      vertex 0.43953363670519635 -6.986187098997901 0
    endloop
  endfacet
  facet normal 0.12533323356430495 -0.9921147013144777 0
    outer loop
      vertex 0.43953363670519635 -6.986187098997901 -22.5
      vertex 1.3116692021000738 -6.87601075510082 -22.5
      vertex 1.3116692021000738 -6.87601075510082 0
    endloop
  endfacet
  facet normal 0.2486898871648549 -0.9685831611286311 0
    outer loop
      vertex 1.3116692021000738 -6.87601075510082 -22.5
      vertex 2.1631189606246317 -6.657395614066075 -22.5
      vertex 2.1631189606246317 -6.657395614066075 0
    endloop
  endfacet
  facet normal 0.36812455268467814 -0.9297764858882513 0
    outer loop
      vertex 2.1631189606246317 -6.657395614066075 -22.5
      vertex 2.980455040955507 -6.333789367262137 -22.5
      vertex 2.980455040955507 -6.333789367262137 0
    endloop
  endfacet
  facet normal 0.4817536741017144 -0.876306680043864 0
    outer loop
      vertex 2.980455040955507 -6.333789367262137 -22.5
      vertex 3.7507875648529736 -5.910295478514107 -22.5
      vertex 3.7507875648529736 -5.910295478514107 0
    endloop
  endfacet
  facet normal 0 0 -1
    outer loop
      vertex 2.1631189606246317 -6.657395614066075 -22.5
      vertex 2.0957848038365587 -1.9680729295449795 -22.5
      vertex 2.325923858827974 -1.6898826003408602 -22.5
    endloop
  endfacet
  facet normal 0 0 -1
    outer loop
      vertex 2.1631189606246317 -6.657395614066075 -22.5
      vertex 2.325923858827974 -1.6898826003408602 -22.5
      vertex 2.5193817051261074 -1.3850418130424318 -22.5
    endloop
  endfacet
  facet normal 0 0 -1
    outer loop
      vertex 2.980455040955507 -6.333789367262137 -22.5
      vertex 2.5193817051261074 -1.3850418130424318 -22.5
      vertex 2.6731073969287222 -1.0583580889684503 -22.5
    endloop
  endfacet
  facet normal 0 0 -1
    outer loop
      vertex 2.980455040955507 -6.333789367262137 -22.5
      vertex 2.6731073969287222 -1.0583580889684503 -22.5
      vertex 2.784676588244815 -0.7149834255989564 -22.5
    endloop
  endfacet
  facet normal 0 0 -1
    outer loop
      vertex 2.980455040955507 -6.333789367262137 -22.5
      vertex 2.784676588244815 -0.7149834255989564 -22.5
      vertex 2.852329766279124 -0.3603330464973742 -22.5
    endloop
  endfacet
  facet normal 0 0 -1
    outer loop
      vertex 2.980455040955507 -6.333789367262137 -22.5
      vertex 2.852329766279124 -0.3603330464973742 -22.5
      vertex 2.875 0 -22.5
    endloop
  endfacet
  facet normal 0 0 -1
    outer loop
      vertex 2.980455040955507 -6.333789367262137 -22.5
      vertex 3.7507875648529767 5.910295478514105 -22.5
      vertex 3.7507875648529736 -5.910295478514107 -22.5
    endloop
  endfacet
  facet normal 0.587785252292473 -0.8090169943749476 0
    outer loop
      vertex 3.7507875648529736 -5.910295478514107 -22.5
      vertex 4.4619679282408296 -5.393592699430523 -22.5
      vertex 4.4619679282408296 -5.393592699430523 0
    endloop
  endfacet
  facet normal 0.6845471059286888 -0.7289686274214114 0
    outer loop
      vertex 4.4619679282408296 -5.393592699430523 -22.5
      vertex 5.1027803919498815 -4.79182974150082 -22.5
      vertex 5.1027803919498815 -4.79182974150082 0
    endloop
  endfacet
  facet normal 0.7705132427757893 -0.6374239897486896 0
    outer loop
      vertex 5.1027803919498815 -4.79182974150082 -22.5
      vertex 5.663118960624632 -4.114496766047312 -22.5
      vertex 5.1027803919498815 -4.79182974150082 0
    endloop
  endfacet
  facet normal 0.8443279255020153 -0.5358267949789963 0
    outer loop
      vertex 5.663118960624632 -4.114496766047312 -22.5
      vertex 6.134146760307044 -3.372275718712008 -22.5
      vertex 5.663118960624632 -4.114496766047312 0
    endloop
  endfacet
  facet normal 0 0 -1
    outer loop
      vertex 3.7507875648529736 -5.910295478514107 -22.5
      vertex 4.461967928240828 5.393592699430524 -22.5
      vertex 4.4619679282408296 -5.393592699430523 -22.5
    endloop
  endfacet
  facet normal 0 0 -1
    outer loop
      vertex 4.4619679282408296 -5.393592699430523 -22.5
      vertex 5.102780391949881 4.7918297415008215 -22.5
      vertex 5.1027803919498815 -4.79182974150082 -22.5
    endloop
  endfacet
  facet normal 0 0 -1
    outer loop
      vertex 5.1027803919498815 -4.79182974150082 -22.5
      vertex 5.663118960624632 4.114496766047312 -22.5
      vertex 5.663118960624632 -4.114496766047312 -22.5
    endloop
  endfacet
  facet normal 0 0 -1
    outer loop
      vertex 5.663118960624632 -4.114496766047312 -22.5
      vertex 6.134146760307045 3.3722757187120074 -22.5
      vertex 6.134146760307044 -3.372275718712008 -22.5
    endloop
  endfacet
  facet normal 0 0 -1
    outer loop
      vertex 6.134146760307044 -3.372275718712008 -22.5
      vertex 6.50843540121776 2.576871868792746 -22.5
      vertex 6.508435401217759 -2.5768718687927485 -22.5
    endloop
  endfacet
  facet normal 0 0 -1
    outer loop
      vertex 6.508435401217759 -2.5768718687927485 -22.5
      vertex 6.7800821279004175 1.7408292101539835 -22.5
      vertex 6.780082127900418 -1.740829210153981 -22.5
    endloop
  endfacet
  facet normal 0 0 -1
    outer loop
      vertex 6.780082127900418 -1.740829210153981 -22.5
      vertex 6.9448029092013455 0.8773326349501298 -22.5
      vertex 6.9448029092013455 -0.8773326349501285 -22.5
    endloop
  endfacet
  facet normal 0.9048270524660192 -0.4257792915650734 0
    outer loop
      vertex 6.134146760307044 -3.372275718712008 -22.5
      vertex 6.508435401217759 -2.5768718687927485 -22.5
      vertex 6.134146760307044 -3.372275718712008 0
    endloop
  endfacet
  facet normal 0.9510565162951536 -0.3090169943749471 0
    outer loop
      vertex 6.508435401217759 -2.5768718687927485 -22.5
      vertex 6.780082127900418 -1.740829210153981 -22.5
      vertex 6.508435401217759 -2.5768718687927485 0
    endloop
  endfacet
  facet normal 0.9822872507286886 -0.18738131458572493 0
    outer loop
      vertex 6.780082127900418 -1.740829210153981 -22.5
      vertex 6.9448029092013455 -0.8773326349501285 -22.5
      vertex 6.780082127900418 -1.740829210153981 0
    endloop
  endfacet
  facet normal 0.9980267284282716 -0.06279051952931274 0
    outer loop
      vertex 6.9448029092013455 -0.8773326349501285 -22.5
      vertex 7 0 -22.5
      vertex 6.9448029092013455 -0.8773326349501285 0
    endloop
  endfacet
  facet normal 0.12533323356430495 -0.9921147013144777 0
    outer loop
      vertex 0.43953363670519635 -6.986187098997901 -22.5
      vertex 1.3116692021000738 -6.87601075510082 0
      vertex 0.43953363670519635 -6.986187098997901 0
    endloop
  endfacet
  facet normal 0.2486898871648549 -0.9685831611286311 0
    outer loop
      vertex 1.3116692021000738 -6.87601075510082 -22.5
      vertex 2.1631189606246317 -6.657395614066075 0
      vertex 1.3116692021000738 -6.87601075510082 0
    endloop
  endfacet
  facet normal 0.36812455268467814 -0.9297764858882513 0
    outer loop
      vertex 2.1631189606246317 -6.657395614066075 -22.5
      vertex 2.980455040955507 -6.333789367262137 0
      vertex 2.1631189606246317 -6.657395614066075 0
    endloop
  endfacet
  facet normal 0.4817536741017144 -0.876306680043864 0
    outer loop
      vertex 2.980455040955507 -6.333789367262137 -22.5
      vertex 3.7507875648529736 -5.910295478514107 0
      vertex 2.980455040955507 -6.333789367262137 0
    endloop
  endfacet
  facet normal 0 0 1
    outer loop
      vertex 0.43953363670519635 -6.986187098997901 0
      vertex 1.3116692021000738 -6.87601075510082 0
      vertex -1.557899996638298 -2.6983619555830956 0
    endloop
  endfacet
  facet normal 0 0 1
    outer loop
      vertex 1.3116692021000738 -6.87601075510082 0
      vertex 2.1631189606246317 -6.657395614066075 0
      vertex -1.557899996638298 -2.6983619555830956 0
    endloop
  endfacet
  facet normal 0 0 1
    outer loop
      vertex 2.1631189606246317 -6.657395614066075 0
      vertex 1.557899996638298 -2.6983619555830956 0
      vertex -1.557899996638298 -2.6983619555830956 0
    endloop
  endfacet
  facet normal 0 0 1
    outer loop
      vertex 2.1631189606246317 -6.657395614066075 0
      vertex 2.980455040955507 -6.333789367262137 0
      vertex 1.557899996638298 -2.6983619555830956 0
    endloop
  endfacet
  facet normal 0 0 1
    outer loop
      vertex 2.980455040955507 -6.333789367262137 0
      vertex 3.7507875648529736 -5.910295478514107 0
      vertex 1.557899996638298 -2.6983619555830956 0
    endloop
  endfacet
  facet normal 0 0 1
    outer loop
      vertex 3.7507875648529736 -5.910295478514107 0
      vertex 3.1158000007271767 0 0
      vertex 1.557899996638298 -2.6983619555830956 0
    endloop
  endfacet
  facet normal 0.587785252292473 -0.8090169943749476 0
    outer loop
      vertex 3.7507875648529736 -5.910295478514107 -22.5
      vertex 4.4619679282408296 -5.393592699430523 0
      vertex 3.7507875648529736 -5.910295478514107 0
    endloop
  endfacet
  facet normal 0.6845471059286888 -0.7289686274214114 0
    outer loop
      vertex 4.4619679282408296 -5.393592699430523 -22.5
      vertex 5.1027803919498815 -4.79182974150082 0
      vertex 4.4619679282408296 -5.393592699430523 0
    endloop
  endfacet
  facet normal 0.7705132427757893 -0.6374239897486896 0
    outer loop
      vertex 5.663118960624632 -4.114496766047312 -22.5
      vertex 5.663118960624632 -4.114496766047312 0
      vertex 5.1027803919498815 -4.79182974150082 0
    endloop
  endfacet
  facet normal 0.8443279255020153 -0.5358267949789963 0
    outer loop
      vertex 6.134146760307044 -3.372275718712008 -22.5
      vertex 6.134146760307044 -3.372275718712008 0
      vertex 5.663118960624632 -4.114496766047312 0
    endloop
  endfacet
  facet normal 0.9048270524660192 -0.4257792915650734 0
    outer loop
      vertex 6.508435401217759 -2.5768718687927485 -22.5
      vertex 6.508435401217759 -2.5768718687927485 0
      vertex 6.134146760307044 -3.372275718712008 0
    endloop
  endfacet
  facet normal 0.9510565162951536 -0.3090169943749471 0
    outer loop
      vertex 6.780082127900418 -1.740829210153981 -22.5
      vertex 6.780082127900418 -1.740829210153981 0
      vertex 6.508435401217759 -2.5768718687927485 0
    endloop
  endfacet
  facet normal 0.9822872507286886 -0.18738131458572493 0
    outer loop
      vertex 6.9448029092013455 -0.8773326349501285 -22.5
      vertex 6.9448029092013455 -0.8773326349501285 0
      vertex 6.780082127900418 -1.740829210153981 0
    endloop
  endfacet
  facet normal 0.9980267284282716 -0.06279051952931274 0
    outer loop
      vertex 6.9448029092013455 -0.8773326349501285 0
      vertex 7 0 -22.5
      vertex 7 0 0
    endloop
  endfacet
  facet normal 0 0 1
    outer loop
      vertex 3.7507875648529736 -5.910295478514107 0
      vertex 4.4619679282408296 -5.393592699430523 0
      vertex 3.7507875648529767 5.910295478514105 0
    endloop
  endfacet
  facet normal 0 0 1
    outer loop
      vertex 4.4619679282408296 -5.393592699430523 0
      vertex 5.1027803919498815 -4.79182974150082 0
      vertex 4.461967928240828 5.393592699430524 0
    endloop
  endfacet
  facet normal 0 0 1
    outer loop
      vertex 5.1027803919498815 -4.79182974150082 0
      vertex 5.663118960624632 -4.114496766047312 0
      vertex 5.102780391949881 4.7918297415008215 0
    endloop
  endfacet
  facet normal 0 0 1
    outer loop
      vertex 5.663118960624632 -4.114496766047312 0
      vertex 6.134146760307044 -3.372275718712008 0
      vertex 5.663118960624632 4.114496766047312 0
    endloop
  endfacet
  facet normal 0 0 1
    outer loop
      vertex 6.134146760307044 -3.372275718712008 0
      vertex 6.508435401217759 -2.5768718687927485 0
      vertex 6.134146760307045 3.3722757187120074 0
    endloop
  endfacet
  facet normal 0 0 1
    outer loop
      vertex 6.508435401217759 -2.5768718687927485 0
      vertex 6.780082127900418 -1.740829210153981 0
      vertex 6.50843540121776 2.576871868792746 0
    endloop
  endfacet
  facet normal 0 0 1
    outer loop
      vertex 6.780082127900418 -1.740829210153981 0
      vertex 6.9448029092013455 -0.8773326349501285 0
      vertex 6.7800821279004175 1.7408292101539835 0
    endloop
  endfacet
  facet normal 0 0 -1
    outer loop
      vertex 2.980455040955507 -6.333789367262137 -22.5
      vertex 2.875 0 -22.5
      vertex 2.980455040955509 6.333789367262137 -22.5
    endloop
  endfacet
  facet normal 0 0 -1
    outer loop
      vertex 2.325923858827974 1.6898826003408602 -22.5
      vertex 2.980455040955509 6.333789367262137 -22.5
      vertex 2.519381705126108 1.3850418130424316 -22.5
    endloop
  endfacet
  facet normal 0 0 -1
    outer loop
      vertex 2.325923858827974 1.6898826003408602 -22.5
      vertex 2.0957848038365583 1.9680729295449801 -22.5
      vertex 2.980455040955509 6.333789367262137 -22.5
    endloop
  endfacet
  facet normal 0 0 -1
    outer loop
      vertex 2.875 0 -22.5
      vertex 2.852329766279124 0.36033304649737474 -22.5
      vertex 2.980455040955509 6.333789367262137 -22.5
    endloop
  endfacet
  facet normal 0 0 -1
    outer loop
      vertex 2.852329766279124 0.36033304649737474 -22.5
      vertex 2.7846765882448143 0.7149834255989576 -22.5
      vertex 2.980455040955509 6.333789367262137 -22.5
    endloop
  endfacet
  facet normal 0 0 -1
    outer loop
      vertex 2.980455040955507 -6.333789367262137 -22.5
      vertex 2.980455040955509 6.333789367262137 -22.5
      vertex 3.7507875648529767 5.910295478514105 -22.5
    endloop
  endfacet
  facet normal 0 0 -1
    outer loop
      vertex 2.7846765882448143 0.7149834255989576 -22.5
      vertex 2.6731073969287227 1.0583580889684492 -22.5
      vertex 2.980455040955509 6.333789367262137 -22.5
    endloop
  endfacet
  facet normal 0 0 -1
    outer loop
      vertex 2.519381705126108 1.3850418130424316 -22.5
      vertex 2.980455040955509 6.333789367262137 -22.5
      vertex 2.6731073969287227 1.0583580889684492 -22.5
    endloop
  endfacet
  facet normal 0 0 -1
    outer loop
      vertex 0.1805227436467747 2.869326844231281 -22.5
      vertex 1.311669202100072 6.876010755100821 -22.5
      vertex 0.5387212794339582 2.82407584584498 -22.5
    endloop
  endfacet
  facet normal 0 0 -1
    outer loop
      vertex 0.5387212794339582 2.82407584584498 -22.5
      vertex 1.311669202100072 6.876010755100821 -22.5
      vertex 0.8884238588279738 2.7342874843485663 -22.5
    endloop
  endfacet
  facet normal 0 0 -1
    outer loop
      vertex 1.224115463249584 2.601377775839806 -22.5
      vertex 0.8884238588279738 2.7342874843485663 -22.5
      vertex 1.311669202100072 6.876010755100821 -22.5
    endloop
  endfacet
  facet normal 0 0 -1
    outer loop
      vertex 1.224115463249584 2.601377775839806 -22.5
      vertex 2.1631189606246317 6.657395614066075 -22.5
      vertex 1.5405020355646153 2.427442785818293 -22.5
    endloop
  endfacet
  facet normal 0 0 -1
    outer loop
      vertex -0.43953363670519296 6.986187098997901 -22.5
      vertex 0.43953363670519296 6.986187098997901 -22.5
      vertex 0.1805227436467747 2.869326844231281 -22.5
    endloop
  endfacet
  facet normal 0 0 -1
    outer loop
      vertex 0.1805227436467747 2.869326844231281 -22.5
      vertex 0.43953363670519296 6.986187098997901 -22.5
      vertex 1.311669202100072 6.876010755100821 -22.5
    endloop
  endfacet
  facet normal 0 0 -1
    outer loop
      vertex 1.224115463249584 2.601377775839806 -22.5
      vertex 1.311669202100072 6.876010755100821 -22.5
      vertex 2.1631189606246317 6.657395614066075 -22.5
    endloop
  endfacet
  facet normal 0 0 -1
    outer loop
      vertex 1.5405020355646153 2.427442785818293 -22.5
      vertex 2.1631189606246317 6.657395614066075 -22.5
      vertex 1.832593970527483 2.2152255729803936 -22.5
    endloop
  endfacet
  facet normal 0 0 -1
    outer loop
      vertex 2.0957848038365583 1.9680729295449801 -22.5
      vertex 1.832593970527483 2.2152255729803936 -22.5
      vertex 2.1631189606246317 6.657395614066075 -22.5
    endloop
  endfacet
  facet normal 0 0 -1
    outer loop
      vertex 2.0957848038365583 1.9680729295449801 -22.5
      vertex 2.1631189606246317 6.657395614066075 -22.5
      vertex 2.980455040955509 6.333789367262137 -22.5
    endloop
  endfacet
  facet normal 0.12533323356430376 0.9921147013144779 0
    outer loop
      vertex 0.43953363670519296 6.986187098997901 -22.5
      vertex 0.43953363670519296 6.986187098997901 0
      vertex 1.311669202100072 6.876010755100821 -22.5
    endloop
  endfacet
  facet normal 0.24868988716485535 0.968583161128631 0
    outer loop
      vertex 1.311669202100072 6.876010755100821 -22.5
      vertex 1.311669202100072 6.876010755100821 0
      vertex 2.1631189606246317 6.657395614066075 -22.5
    endloop
  endfacet
  facet normal 0.3681245526846775 0.9297764858882517 0
    outer loop
      vertex 2.1631189606246317 6.657395614066075 -22.5
      vertex 2.1631189606246317 6.657395614066075 0
      vertex 2.980455040955509 6.333789367262137 -22.5
    endloop
  endfacet
  facet normal 0.4817536741017153 0.8763066800438635 0
    outer loop
      vertex 2.980455040955509 6.333789367262137 -22.5
      vertex 2.980455040955509 6.333789367262137 0
      vertex 3.7507875648529767 5.910295478514105 -22.5
    endloop
  endfacet
  facet normal 0 0 -1
    outer loop
      vertex 4.4619679282408296 -5.393592699430523 -22.5
      vertex 4.461967928240828 5.393592699430524 -22.5
      vertex 5.102780391949881 4.7918297415008215 -22.5
    endloop
  endfacet
  facet normal 0 0 -1
    outer loop
      vertex 3.7507875648529736 -5.910295478514107 -22.5
      vertex 3.7507875648529767 5.910295478514105 -22.5
      vertex 4.461967928240828 5.393592699430524 -22.5
    endloop
  endfacet
  facet normal 0 0 -1
    outer loop
      vertex 5.1027803919498815 -4.79182974150082 -22.5
      vertex 5.102780391949881 4.7918297415008215 -22.5
      vertex 5.663118960624632 4.114496766047312 -22.5
    endloop
  endfacet
  facet normal 0 0 -1
    outer loop
      vertex 5.663118960624632 -4.114496766047312 -22.5
      vertex 5.663118960624632 4.114496766047312 -22.5
      vertex 6.134146760307045 3.3722757187120074 -22.5
    endloop
  endfacet
  facet normal 0 0 -1
    outer loop
      vertex 6.134146760307044 -3.372275718712008 -22.5
      vertex 6.134146760307045 3.3722757187120074 -22.5
      vertex 6.50843540121776 2.576871868792746 -22.5
    endloop
  endfacet
  facet normal 0 0 -1
    outer loop
      vertex 6.9448029092013455 -0.8773326349501285 -22.5
      vertex 6.9448029092013455 0.8773326349501298 -22.5
      vertex 7 0 -22.5
    endloop
  endfacet
  facet normal 0 0 -1
    outer loop
      vertex 6.780082127900418 -1.740829210153981 -22.5
      vertex 6.7800821279004175 1.7408292101539835 -22.5
      vertex 6.9448029092013455 0.8773326349501298 -22.5
    endloop
  endfacet
  facet normal 0 0 -1
    outer loop
      vertex 6.508435401217759 -2.5768718687927485 -22.5
      vertex 6.50843540121776 2.576871868792746 -22.5
      vertex 6.7800821279004175 1.7408292101539835 -22.5
    endloop
  endfacet
  facet normal 0.9980267284282716 0.06279051952931262 0
    outer loop
      vertex 7 0 -22.5
      vertex 6.9448029092013455 0.8773326349501298 -22.5
      vertex 7 0 0
    endloop
  endfacet
  facet normal 0.9822872507286885 0.18738131458572568 0
    outer loop
      vertex 6.9448029092013455 0.8773326349501298 -22.5
      vertex 6.7800821279004175 1.7408292101539835 -22.5
      vertex 6.9448029092013455 0.8773326349501298 0
    endloop
  endfacet
  facet normal 0.9510565162951536 0.30901699437494695 0
    outer loop
      vertex 6.7800821279004175 1.7408292101539835 -22.5
      vertex 6.50843540121776 2.576871868792746 -22.5
      vertex 6.7800821279004175 1.7408292101539835 0
    endloop
  endfacet
  facet normal 0.9048270524660196 0.42577929156507244 0
    outer loop
      vertex 6.50843540121776 2.576871868792746 -22.5
      vertex 6.134146760307045 3.3722757187120074 -22.5
      vertex 6.50843540121776 2.576871868792746 0
    endloop
  endfacet
  facet normal 0.6845471059286877 0.7289686274214124 0
    outer loop
      vertex 5.102780391949881 4.7918297415008215 -22.5
      vertex 4.461967928240828 5.393592699430524 -22.5
      vertex 4.461967928240828 5.393592699430524 0
    endloop
  endfacet
  facet normal 0.5877852522924736 0.809016994374947 0
    outer loop
      vertex 3.7507875648529767 5.910295478514105 -22.5
      vertex 3.7507875648529767 5.910295478514105 0
      vertex 4.461967928240828 5.393592699430524 -22.5
    endloop
  endfacet
  facet normal 0.7705132427757895 0.6374239897486893 0
    outer loop
      vertex 5.102780391949881 4.7918297415008215 -22.5
      vertex 5.663118960624632 4.114496766047312 0
      vertex 5.663118960624632 4.114496766047312 -22.5
    endloop
  endfacet
  facet normal 0.8443279255020149 0.5358267949789968 0
    outer loop
      vertex 6.134146760307045 3.3722757187120074 -22.5
      vertex 5.663118960624632 4.114496766047312 -22.5
      vertex 6.134146760307045 3.3722757187120074 0
    endloop
  endfacet
  facet normal 0 0 1
    outer loop
      vertex 3.7507875648529736 -5.910295478514107 0
      vertex 2.980455040955509 6.333789367262137 0
      vertex 3.1158000007271767 0 0
    endloop
  endfacet
  facet normal 0 0 1
    outer loop
      vertex 1.311669202100072 6.876010755100821 0
      vertex 1.557899996638298 2.6983619555830956 0
      vertex 3.1158000007271767 0 0
    endloop
  endfacet
  facet normal 0 0 1
    outer loop
      vertex 3.7507875648529736 -5.910295478514107 0
      vertex 3.7507875648529767 5.910295478514105 0
      vertex 2.980455040955509 6.333789367262137 0
    endloop
  endfacet
  facet normal 0 1 0
    outer loop
      vertex -0.43953363670519296 6.986187098997901 0
      vertex 0.43953363670519296 6.986187098997901 0
      vertex 0.43953363670519296 6.986187098997901 -22.5
    endloop
  endfacet
  facet normal 0.12533323356430376 0.9921147013144779 0
    outer loop
      vertex 1.311669202100072 6.876010755100821 -22.5
      vertex 0.43953363670519296 6.986187098997901 0
      vertex 1.311669202100072 6.876010755100821 0
    endloop
  endfacet
  facet normal 0.24868988716485535 0.968583161128631 0
    outer loop
      vertex 2.1631189606246317 6.657395614066075 -22.5
      vertex 1.311669202100072 6.876010755100821 0
      vertex 2.1631189606246317 6.657395614066075 0
    endloop
  endfacet
  facet normal 0.4817536741017153 0.8763066800438635 0
    outer loop
      vertex 3.7507875648529767 5.910295478514105 -22.5
      vertex 2.980455040955509 6.333789367262137 0
      vertex 3.7507875648529767 5.910295478514105 0
    endloop
  endfacet
  facet normal 0.3681245526846775 0.9297764858882517 0
    outer loop
      vertex 2.980455040955509 6.333789367262137 -22.5
      vertex 2.1631189606246317 6.657395614066075 0
      vertex 2.980455040955509 6.333789367262137 0
    endloop
  endfacet
  facet normal 0 0 1
    outer loop
      vertex -0.43953363670519296 6.986187098997901 0
      vertex 1.557899996638298 2.6983619555830956 0
      vertex 0.43953363670519296 6.986187098997901 0
    endloop
  endfacet
  facet normal 0 0 1
    outer loop
      vertex 0.43953363670519296 6.986187098997901 0
      vertex 1.557899996638298 2.6983619555830956 0
      vertex 1.311669202100072 6.876010755100821 0
    endloop
  endfacet
  facet normal 0 0 1
    outer loop
      vertex 1.311669202100072 6.876010755100821 0
      vertex 3.1158000007271767 0 0
      vertex 2.1631189606246317 6.657395614066075 0
    endloop
  endfacet
  facet normal 0 0 1
    outer loop
      vertex 2.1631189606246317 6.657395614066075 0
      vertex 3.1158000007271767 0 0
      vertex 2.980455040955509 6.333789367262137 0
    endloop
  endfacet
  facet normal 0.9980267284282716 0.06279051952931262 0
    outer loop
      vertex 6.9448029092013455 0.8773326349501298 -22.5
      vertex 6.9448029092013455 0.8773326349501298 0
      vertex 7 0 0
    endloop
  endfacet
  facet normal 0.9822872507286885 0.18738131458572568 0
    outer loop
      vertex 6.7800821279004175 1.7408292101539835 -22.5
      vertex 6.7800821279004175 1.7408292101539835 0
      vertex 6.9448029092013455 0.8773326349501298 0
    endloop
  endfacet
  facet normal 0.9510565162951536 0.30901699437494695 0
    outer loop
      vertex 6.50843540121776 2.576871868792746 -22.5
      vertex 6.50843540121776 2.576871868792746 0
      vertex 6.7800821279004175 1.7408292101539835 0
    endloop
  endfacet
  facet normal 0.9048270524660196 0.42577929156507244 0
    outer loop
      vertex 6.134146760307045 3.3722757187120074 -22.5
      vertex 6.134146760307045 3.3722757187120074 0
      vertex 6.50843540121776 2.576871868792746 0
    endloop
  endfacet
  facet normal 0 0 1
    outer loop
      vertex 4.4619679282408296 -5.393592699430523 0
      vertex 4.461967928240828 5.393592699430524 0
      vertex 3.7507875648529767 5.910295478514105 0
    endloop
  endfacet
  facet normal 0 0 1
    outer loop
      vertex 5.1027803919498815 -4.79182974150082 0
      vertex 5.102780391949881 4.7918297415008215 0
      vertex 4.461967928240828 5.393592699430524 0
    endloop
  endfacet
  facet normal 0 0 1
    outer loop
      vertex 5.663118960624632 -4.114496766047312 0
      vertex 5.663118960624632 4.114496766047312 0
      vertex 5.102780391949881 4.7918297415008215 0
    endloop
  endfacet
  facet normal 0 0 1
    outer loop
      vertex 6.134146760307044 -3.372275718712008 0
      vertex 6.134146760307045 3.3722757187120074 0
      vertex 5.663118960624632 4.114496766047312 0
    endloop
  endfacet
  facet normal 0 0 1
    outer loop
      vertex 6.9448029092013455 -0.8773326349501285 0
      vertex 7 0 0
      vertex 6.9448029092013455 0.8773326349501298 0
    endloop
  endfacet
  facet normal 0 0 1
    outer loop
      vertex 6.780082127900418 -1.740829210153981 0
      vertex 6.7800821279004175 1.7408292101539835 0
      vertex 6.50843540121776 2.576871868792746 0
    endloop
  endfacet
  facet normal 0 0 1
    outer loop
      vertex 6.9448029092013455 -0.8773326349501285 0
      vertex 6.9448029092013455 0.8773326349501298 0
      vertex 6.7800821279004175 1.7408292101539835 0
    endloop
  endfacet
  facet normal 0 0 1
    outer loop
      vertex 6.508435401217759 -2.5768718687927485 0
      vertex 6.50843540121776 2.576871868792746 0
      vertex 6.134146760307045 3.3722757187120074 0
    endloop
  endfacet
  facet normal 0.6845471059286877 0.7289686274214124 0
    outer loop
      vertex 5.102780391949881 4.7918297415008215 -22.5
      vertex 4.461967928240828 5.393592699430524 0
      vertex 5.102780391949881 4.7918297415008215 0
    endloop
  endfacet
  facet normal 0.5877852522924736 0.809016994374947 0
    outer loop
      vertex 4.461967928240828 5.393592699430524 -22.5
      vertex 3.7507875648529767 5.910295478514105 0
      vertex 4.461967928240828 5.393592699430524 0
    endloop
  endfacet
  facet normal 0.8443279255020149 0.5358267949789968 0
    outer loop
      vertex 5.663118960624632 4.114496766047312 -22.5
      vertex 5.663118960624632 4.114496766047312 0
      vertex 6.134146760307045 3.3722757187120074 0
    endloop
  endfacet
  facet normal 0.7705132427757895 0.6374239897486893 0
    outer loop
      vertex 5.102780391949881 4.7918297415008215 -22.5
      vertex 5.102780391949881 4.7918297415008215 0
      vertex 5.663118960624632 4.114496766047312 0
    endloop
  endfacet
  facet normal -0.7705132427757894 -0.6374239897486896 0
    outer loop
      vertex -2.0957848038365587 -1.9680729295449795 -22.5
      vertex -2.325923858827974 -1.6898826003408602 -22.5
      vertex -2.325923858827974 -1.6898826003408602 -24
    endloop
  endfacet
  facet normal -0.7705132427757894 -0.6374239897486896 0
    outer loop
      vertex -2.0957848038365587 -1.9680729295449795 -24
      vertex -2.0957848038365587 -1.9680729295449795 -22.5
      vertex -2.325923858827974 -1.6898826003408602 -24
    endloop
  endfacet
  facet normal -0.6845471059286888 -0.7289686274214112 0
    outer loop
      vertex -1.8325939705274827 -2.2152255729803945 -24
      vertex -1.8325939705274827 -2.2152255729803945 -22.5
      vertex -2.0957848038365587 -1.9680729295449795 -24
    endloop
  endfacet
  facet normal -0.6845471059286888 -0.7289686274214112 0
    outer loop
      vertex -2.0957848038365587 -1.9680729295449795 -24
      vertex -1.8325939705274827 -2.2152255729803945 -22.5
      vertex -2.0957848038365587 -1.9680729295449795 -22.5
    endloop
  endfacet
  facet normal -0.9510565162951539 -0.3090169943749465 0
    outer loop
      vertex -2.673107396928723 -1.058358088968449 -24
      vertex -2.673107396928723 -1.058358088968449 -22.5
      vertex -2.7846765882448143 -0.7149834255989577 -24
    endloop
  endfacet
  facet normal -0.9822872507286887 -0.18738131458572477 0
    outer loop
      vertex -2.7846765882448143 -0.7149834255989577 -24
      vertex -2.7846765882448143 -0.7149834255989577 -22.5
      vertex -2.852329766279124 -0.3603330464973742 -24
    endloop
  endfacet
  facet normal -0.9510565162951539 -0.3090169943749465 0
    outer loop
      vertex -2.673107396928723 -1.058358088968449 -22.5
      vertex -2.7846765882448143 -0.7149834255989577 -22.5
      vertex -2.7846765882448143 -0.7149834255989577 -24
    endloop
  endfacet
  facet normal -0.9822872507286887 -0.18738131458572477 0
    outer loop
      vertex -2.852329766279124 -0.3603330464973742 -24
      vertex -2.7846765882448143 -0.7149834255989577 -22.5
      vertex -2.852329766279124 -0.3603330464973742 -22.5
    endloop
  endfacet
  facet normal -0.9980267284282714 -0.06279051952931329 0
    outer loop
      vertex -2.852329766279124 -0.3603330464973742 -24
      vertex -2.852329766279124 -0.3603330464973742 -22.5
      vertex -2.875 0 -24
    endloop
  endfacet
  facet normal 0 0 -1
    outer loop
      vertex -2.673107396928723 -1.058358088968449 -24
      vertex -2.7846765882448143 -0.7149834255989577 -24
      vertex -2.673107396928723 1.058358088968449 -24
    endloop
  endfacet
  facet normal 0 0 -1
    outer loop
      vertex -2.7846765882448143 -0.7149834255989577 -24
      vertex -2.852329766279124 -0.3603330464973742 -24
      vertex -2.7846765882448143 0.7149834255989577 -24
    endloop
  endfacet
  facet normal -0.9980267284282714 -0.06279051952931329 0
    outer loop
      vertex -2.852329766279124 -0.3603330464973742 -22.5
      vertex -2.875 0 -22.5
      vertex -2.875 0 -24
    endloop
  endfacet
  facet normal -0.8443279255020155 -0.5358267949789958 0
    outer loop
      vertex -2.5193817051261074 -1.3850418130424318 -24
      vertex -2.325923858827974 -1.6898826003408602 -24
      vertex -2.325923858827974 -1.6898826003408602 -22.5
    endloop
  endfacet
  facet normal -0.8443279255020155 -0.5358267949789958 0
    outer loop
      vertex -2.5193817051261074 -1.3850418130424318 -24
      vertex -2.325923858827974 -1.6898826003408602 -22.5
      vertex -2.5193817051261074 -1.3850418130424318 -22.5
    endloop
  endfacet
  facet normal -0.9048270524660189 -0.4257792915650738 0
    outer loop
      vertex -2.673107396928723 -1.058358088968449 -24
      vertex -2.5193817051261074 -1.3850418130424318 -24
      vertex -2.5193817051261074 -1.3850418130424318 -22.5
    endloop
  endfacet
  facet normal -0.9048270524660189 -0.4257792915650738 0
    outer loop
      vertex -2.673107396928723 -1.058358088968449 -24
      vertex -2.5193817051261074 -1.3850418130424318 -22.5
      vertex -2.673107396928723 -1.058358088968449 -22.5
    endloop
  endfacet
  facet normal 0 0 -1
    outer loop
      vertex -2.5193817051261074 -1.3850418130424318 -24
      vertex -2.325923858827974 1.6898826003408602 -24
      vertex -2.325923858827974 -1.6898826003408602 -24
    endloop
  endfacet
  facet normal 0 0 -1
    outer loop
      vertex -2.673107396928723 -1.058358088968449 -24
      vertex -2.5193817051261074 1.3850418130424318 -24
      vertex -2.5193817051261074 -1.3850418130424318 -24
    endloop
  endfacet
  facet normal 0 0 -1
    outer loop
      vertex -2.0957848038365587 -1.9680729295449795 -24
      vertex -2.325923858827974 -1.6898826003408602 -24
      vertex -2.0957848038365587 1.9680729295449795 -24
    endloop
  endfacet
  facet normal 0 0 -1
    outer loop
      vertex -1.8325939705274827 -2.2152255729803945 -24
      vertex -2.0957848038365587 -1.9680729295449795 -24
      vertex -1.8325939705274827 2.2152255729803945 -24
    endloop
  endfacet
  facet normal -0.36812455268467725 -0.9297764858882517 0
    outer loop
      vertex -0.8884238588279738 -2.7342874843485663 -24
      vertex -0.8884238588279738 -2.7342874843485663 -22.5
      vertex -1.2241154632495832 -2.6013777758398064 -24
    endloop
  endfacet
  facet normal -0.36812455268467725 -0.9297764858882517 0
    outer loop
      vertex -0.8884238588279738 -2.7342874843485663 -22.5
      vertex -1.2241154632495832 -2.6013777758398064 -22.5
      vertex -1.2241154632495832 -2.6013777758398064 -24
    endloop
  endfacet
  facet normal -0.5877852522924729 -0.8090169943749476 0
    outer loop
      vertex -1.8325939705274827 -2.2152255729803945 -24
      vertex -1.5405020355646157 -2.427442785818293 -24
      vertex -1.5405020355646157 -2.427442785818293 -22.5
    endloop
  endfacet
  facet normal -0.48175367410171493 -0.8763066800438637 0
    outer loop
      vertex -1.5405020355646157 -2.427442785818293 -24
      vertex -1.2241154632495832 -2.6013777758398064 -24
      vertex -1.2241154632495832 -2.6013777758398064 -22.5
    endloop
  endfacet
  facet normal -0.5877852522924729 -0.8090169943749476 0
    outer loop
      vertex -1.8325939705274827 -2.2152255729803945 -24
      vertex -1.5405020355646157 -2.427442785818293 -22.5
      vertex -1.8325939705274827 -2.2152255729803945 -22.5
    endloop
  endfacet
  facet normal -0.48175367410171493 -0.8763066800438637 0
    outer loop
      vertex -1.5405020355646157 -2.427442785818293 -24
      vertex -1.2241154632495832 -2.6013777758398064 -22.5
      vertex -1.5405020355646157 -2.427442785818293 -22.5
    endloop
  endfacet
  facet normal 0 0 -1
    outer loop
      vertex -0.8884238588279738 -2.7342874843485663 -24
      vertex -1.2241154632495832 -2.6013777758398064 -24
      vertex -0.830531532217445 -1.3087082845281233 -24
    endloop
  endfacet
  facet normal 0 0 -1
    outer loop
      vertex -1.5405020355646157 -2.427442785818293 -24
      vertex -1.1299013725031881 -1.0610480141894671 -24
      vertex -1.2241154632495832 -2.6013777758398064 -24
    endloop
  endfacet
  facet normal -0.24868988716485577 -0.9685831611286309 0
    outer loop
      vertex -0.8884238588279738 -2.7342874843485663 -24
      vertex -0.5387212794339589 -2.82407584584498 -24
      vertex -0.5387212794339589 -2.82407584584498 -22.5
    endloop
  endfacet
  facet normal -0.24868988716485577 -0.9685831611286309 0
    outer loop
      vertex -0.8884238588279738 -2.7342874843485663 -24
      vertex -0.5387212794339589 -2.82407584584498 -22.5
      vertex -0.8884238588279738 -2.7342874843485663 -22.5
    endloop
  endfacet
  facet normal -0.12533323356430495 -0.9921147013144777 0
    outer loop
      vertex -0.5387212794339589 -2.82407584584498 -24
      vertex -0.18052274364677706 -2.869326844231281 -24
      vertex -0.18052274364677706 -2.869326844231281 -22.5
    endloop
  endfacet
  facet normal -0.12533323356430495 -0.9921147013144777 0
    outer loop
      vertex -0.5387212794339589 -2.82407584584498 -24
      vertex -0.18052274364677706 -2.869326844231281 -22.5
      vertex -0.5387212794339589 -2.82407584584498 -22.5
    endloop
  endfacet
  facet normal 0 -1 0
    outer loop
      vertex -0.18052274364677706 -2.869326844231281 -24
      vertex 0.18052274364677706 -2.869326844231281 -22.5
      vertex -0.18052274364677706 -2.869326844231281 -22.5
    endloop
  endfacet
  facet normal 0 0 -1
    outer loop
      vertex -0.8884238588279738 -2.7342874843485663 -24
      vertex -0.47897634128116845 -1.474137600257488 -24
      vertex -0.5387212794339589 -2.82407584584498 -24
    endloop
  endfacet
  facet normal 0 0 -1
    outer loop
      vertex -0.8884238588279738 -2.7342874843485663 -24
      vertex -0.830531532217445 -1.3087082845281233 -24
      vertex -0.6599579019258623 -1.4024819313223305 -24
    endloop
  endfacet
  facet normal 0 0 -1
    outer loop
      vertex -0.8884238588279738 -2.7342874843485663 -24
      vertex -0.6599579019258623 -1.4024819313223305 -24
      vertex -0.47897634128116845 -1.474137600257488 -24
    endloop
  endfacet
  facet normal 0 0 -1
    outer loop
      vertex -0.5387212794339589 -2.82407584584498 -24
      vertex -0.09732530527043634 -1.546941429063821 -24
      vertex -0.18052274364677706 -2.869326844231281 -24
    endloop
  endfacet
  facet normal 0 0 -1
    outer loop
      vertex -0.5387212794339589 -2.82407584584498 -24
      vertex -0.47897634128116845 -1.474137600257488 -24
      vertex -0.2904410376078735 -1.5225452386294673 -24
    endloop
  endfacet
  facet normal 0 0 -1
    outer loop
      vertex -0.5387212794339589 -2.82407584584498 -24
      vertex -0.2904410376078735 -1.5225452386294673 -24
      vertex -0.09732530527043634 -1.546941429063821 -24
    endloop
  endfacet
  facet normal 0 0 -1
    outer loop
      vertex -0.18052274364677706 -2.869326844231281 -24
      vertex -0.09732530527043634 -1.546941429063821 -24
      vertex 0.09732530527043634 -1.546941429063821 -24
    endloop
  endfacet
  facet normal 0 0 -1
    outer loop
      vertex -1.8325939705274827 -2.2152255729803945 -24
      vertex -1.5377777870374407 -0.1942665120246713 -24
      vertex -1.5405020355646157 -2.427442785818293 -24
    endloop
  endfacet
  facet normal 0 0 -1
    outer loop
      vertex -1.5405020355646157 -2.427442785818293 -24
      vertex -1.3582753540679884 -0.7467181948576589 -24
      vertex -1.2539763412811686 -0.9110671410533334 -24
    endloop
  endfacet
  facet normal 0 0 -1
    outer loop
      vertex -1.5405020355646157 -2.427442785818293 -24
      vertex -1.4411535531267898 -0.5705930566612507 -24
      vertex -1.3582753540679884 -0.7467181948576589 -24
    endloop
  endfacet
  facet normal 0 0 -1
    outer loop
      vertex -1.5405020355646157 -2.427442785818293 -24
      vertex -1.5013038997493782 -0.385469325105525 -24
      vertex -1.4411535531267898 -0.5705930566612507 -24
    endloop
  endfacet
  facet normal 0 0 -1
    outer loop
      vertex -1.5405020355646157 -2.427442785818293 -24
      vertex -1.5377777870374407 -0.1942665120246713 -24
      vertex -1.5013038997493782 -0.385469325105525 -24
    endloop
  endfacet
  facet normal 0 0 -1
    outer loop
      vertex -1.2241154632495832 -2.6013777758398064 -24
      vertex -1.1299013725031881 -1.0610480141894671 -24
      vertex -0.988007184110469 -1.1942955263024735 -24
    endloop
  endfacet
  facet normal 0 0 -1
    outer loop
      vertex -1.5405020355646157 -2.427442785818293 -24
      vertex -1.2539763412811686 -0.9110671410533334 -24
      vertex -1.1299013725031881 -1.0610480141894671 -24
    endloop
  endfacet
  facet normal 0 0 -1
    outer loop
      vertex -1.2241154632495832 -2.6013777758398064 -24
      vertex -0.988007184110469 -1.1942955263024735 -24
      vertex -0.830531532217445 -1.3087082845281233 -24
    endloop
  endfacet
  facet normal 0 0 -1
    outer loop
      vertex -1.8325939705274827 -2.2152255729803945 -24
      vertex -1.55 0 -24
      vertex -1.5377777870374407 -0.1942665120246713 -24
    endloop
  endfacet
  facet normal 0 0 -1
    outer loop
      vertex -2.852329766279124 -0.3603330464973742 -24
      vertex -2.875 0 -24
      vertex -2.852329766279124 0.3603330464973742 -24
    endloop
  endfacet
  facet normal -0.9980267284282714 0.06279051952931329 0
    outer loop
      vertex -2.875 0 -24
      vertex -2.875 0 -22.5
      vertex -2.852329766279124 0.3603330464973742 -24
    endloop
  endfacet
  facet normal 0 0 -1
    outer loop
      vertex -2.852329766279124 -0.3603330464973742 -24
      vertex -2.852329766279124 0.3603330464973742 -24
      vertex -2.7846765882448143 0.7149834255989577 -24
    endloop
  endfacet
  facet normal 0 0 -1
    outer loop
      vertex -2.7846765882448143 -0.7149834255989577 -24
      vertex -2.7846765882448143 0.7149834255989577 -24
      vertex -2.673107396928723 1.058358088968449 -24
    endloop
  endfacet
  facet normal -0.9980267284282714 0.06279051952931329 0
    outer loop
      vertex -2.852329766279124 0.3603330464973742 -24
      vertex -2.875 0 -22.5
      vertex -2.852329766279124 0.3603330464973742 -22.5
    endloop
  endfacet
  facet normal -0.9822872507286887 0.18738131458572477 0
    outer loop
      vertex -2.852329766279124 0.3603330464973742 -24
      vertex -2.852329766279124 0.3603330464973742 -22.5
      vertex -2.7846765882448143 0.7149834255989577 -24
    endloop
  endfacet
  facet normal -0.9510565162951539 0.3090169943749465 0
    outer loop
      vertex -2.7846765882448143 0.7149834255989577 -24
      vertex -2.7846765882448143 0.7149834255989577 -22.5
      vertex -2.673107396928723 1.058358088968449 -24
    endloop
  endfacet
  facet normal -0.9822872507286887 0.18738131458572477 0
    outer loop
      vertex -2.7846765882448143 0.7149834255989577 -24
      vertex -2.852329766279124 0.3603330464973742 -22.5
      vertex -2.7846765882448143 0.7149834255989577 -22.5
    endloop
  endfacet
  facet normal -0.9510565162951539 0.3090169943749465 0
    outer loop
      vertex -2.7846765882448143 0.7149834255989577 -22.5
      vertex -2.673107396928723 1.058358088968449 -22.5
      vertex -2.673107396928723 1.058358088968449 -24
    endloop
  endfacet
  facet normal 0 0 -1
    outer loop
      vertex -2.673107396928723 -1.058358088968449 -24
      vertex -2.673107396928723 1.058358088968449 -24
      vertex -2.5193817051261074 1.3850418130424318 -24
    endloop
  endfacet
  facet normal 0 0 -1
    outer loop
      vertex -2.5193817051261074 -1.3850418130424318 -24
      vertex -2.5193817051261074 1.3850418130424318 -24
      vertex -2.325923858827974 1.6898826003408602 -24
    endloop
  endfacet
  facet normal 0 0 -1
    outer loop
      vertex -2.325923858827974 -1.6898826003408602 -24
      vertex -2.325923858827974 1.6898826003408602 -24
      vertex -2.0957848038365587 1.9680729295449795 -24
    endloop
  endfacet
  facet normal 0 0 -1
    outer loop
      vertex -2.0957848038365587 -1.9680729295449795 -24
      vertex -2.0957848038365587 1.9680729295449795 -24
      vertex -1.8325939705274827 2.2152255729803945 -24
    endloop
  endfacet
  facet normal -0.9048270524660189 0.4257792915650738 0
    outer loop
      vertex -2.673107396928723 1.058358088968449 -24
      vertex -2.673107396928723 1.058358088968449 -22.5
      vertex -2.5193817051261074 1.3850418130424318 -24
    endloop
  endfacet
  facet normal -0.9048270524660189 0.4257792915650738 0
    outer loop
      vertex -2.673107396928723 1.058358088968449 -22.5
      vertex -2.5193817051261074 1.3850418130424318 -22.5
      vertex -2.5193817051261074 1.3850418130424318 -24
    endloop
  endfacet
  facet normal -0.8443279255020155 0.5358267949789958 0
    outer loop
      vertex -2.5193817051261074 1.3850418130424318 -24
      vertex -2.5193817051261074 1.3850418130424318 -22.5
      vertex -2.325923858827974 1.6898826003408602 -24
    endloop
  endfacet
  facet normal -0.8443279255020155 0.5358267949789958 0
    outer loop
      vertex -2.325923858827974 1.6898826003408602 -24
      vertex -2.5193817051261074 1.3850418130424318 -22.5
      vertex -2.325923858827974 1.6898826003408602 -22.5
    endloop
  endfacet
  facet normal -0.7705132427757894 0.6374239897486896 0
    outer loop
      vertex -2.325923858827974 1.6898826003408602 -24
      vertex -2.325923858827974 1.6898826003408602 -22.5
      vertex -2.0957848038365587 1.9680729295449795 -24
    endloop
  endfacet
  facet normal -0.6845471059286888 0.7289686274214112 0
    outer loop
      vertex -2.0957848038365587 1.9680729295449795 -24
      vertex -2.0957848038365587 1.9680729295449795 -22.5
      vertex -1.8325939705274827 2.2152255729803945 -24
    endloop
  endfacet
  facet normal -0.7705132427757894 0.6374239897486896 0
    outer loop
      vertex -2.325923858827974 1.6898826003408602 -22.5
      vertex -2.0957848038365587 1.9680729295449795 -22.5
      vertex -2.0957848038365587 1.9680729295449795 -24
    endloop
  endfacet
  facet normal -0.6845471059286888 0.7289686274214112 0
    outer loop
      vertex -1.8325939705274827 2.2152255729803945 -24
      vertex -2.0957848038365587 1.9680729295449795 -22.5
      vertex -1.8325939705274827 2.2152255729803945 -22.5
    endloop
  endfacet
  facet normal 0 0 -1
    outer loop
      vertex -1.8325939705274827 -2.2152255729803945 -24
      vertex -1.5405020355646157 2.427442785818293 -24
      vertex -1.55 0 -24
    endloop
  endfacet
  facet normal 0 0 -1
    outer loop
      vertex -1.8325939705274827 -2.2152255729803945 -24
      vertex -1.8325939705274827 2.2152255729803945 -24
      vertex -1.5405020355646157 2.427442785818293 -24
    endloop
  endfacet
  facet normal 0 0 -1
    outer loop
      vertex -1.5405020355646157 2.427442785818293 -24
      vertex -1.5377777870374407 0.1942665120246713 -24
      vertex -1.55 0 -24
    endloop
  endfacet
  facet normal 0 0 -1
    outer loop
      vertex -1.5405020355646157 2.427442785818293 -24
      vertex -1.5013038997493782 0.385469325105525 -24
      vertex -1.5377777870374407 0.1942665120246713 -24
    endloop
  endfacet
  facet normal 0 0 -1
    outer loop
      vertex -1.5405020355646157 2.427442785818293 -24
      vertex -1.4411535531267898 0.5705930566612507 -24
      vertex -1.5013038997493782 0.385469325105525 -24
    endloop
  endfacet
  facet normal 0 0 -1
    outer loop
      vertex -1.5405020355646157 2.427442785818293 -24
      vertex -1.3582753540679884 0.7467181948576589 -24
      vertex -1.4411535531267898 0.5705930566612507 -24
    endloop
  endfacet
  facet normal 0 0 -1
    outer loop
      vertex -1.224115463249584 2.601377775839806 -24
      vertex -1.2539763412811686 0.9110671410533334 -24
      vertex -1.3582753540679884 0.7467181948576589 -24
    endloop
  endfacet
  facet normal 0 0 -1
    outer loop
      vertex -1.224115463249584 2.601377775839806 -24
      vertex -1.1299013725031881 1.0610480141894671 -24
      vertex -1.2539763412811686 0.9110671410533334 -24
    endloop
  endfacet
  facet normal 0 0 -1
    outer loop
      vertex -1.224115463249584 2.601377775839806 -24
      vertex -0.988007184110469 1.1942955263024735 -24
      vertex -1.1299013725031881 1.0610480141894671 -24
    endloop
  endfacet
  facet normal 0 0 -1
    outer loop
      vertex -0.8884238588279738 2.7342874843485663 -24
      vertex -0.830531532217445 1.3087082845281233 -24
      vertex -0.988007184110469 1.1942955263024735 -24
    endloop
  endfacet
  facet normal 0 0 -1
    outer loop
      vertex -1.5405020355646157 2.427442785818293 -24
      vertex -1.224115463249584 2.601377775839806 -24
      vertex -1.3582753540679884 0.7467181948576589 -24
    endloop
  endfacet
  facet normal -0.5877852522924729 0.8090169943749476 0
    outer loop
      vertex -1.8325939705274827 2.2152255729803945 -24
      vertex -1.8325939705274827 2.2152255729803945 -22.5
      vertex -1.5405020355646157 2.427442785818293 -24
    endloop
  endfacet
  facet normal -0.48175367410171505 0.8763066800438638 0
    outer loop
      vertex -1.5405020355646157 2.427442785818293 -24
      vertex -1.5405020355646157 2.427442785818293 -22.5
      vertex -1.224115463249584 2.601377775839806 -24
    endloop
  endfacet
  facet normal -0.5877852522924729 0.8090169943749476 0
    outer loop
      vertex -1.8325939705274827 2.2152255729803945 -22.5
      vertex -1.5405020355646157 2.427442785818293 -22.5
      vertex -1.5405020355646157 2.427442785818293 -24
    endloop
  endfacet
  facet normal -0.48175367410171505 0.8763066800438638 0
    outer loop
      vertex -1.224115463249584 2.601377775839806 -24
      vertex -1.5405020355646157 2.427442785818293 -22.5
      vertex -1.224115463249584 2.601377775839806 -22.5
    endloop
  endfacet
  facet normal 0 0 -1
    outer loop
      vertex -1.224115463249584 2.601377775839806 -24
      vertex -0.8884238588279738 2.7342874843485663 -24
      vertex -0.988007184110469 1.1942955263024735 -24
    endloop
  endfacet
  facet normal -0.3681245526846775 0.9297764858882517 0
    outer loop
      vertex -1.224115463249584 2.601377775839806 -24
      vertex -1.224115463249584 2.601377775839806 -22.5
      vertex -0.8884238588279738 2.7342874843485663 -24
    endloop
  endfacet
  facet normal -0.3681245526846775 0.9297764858882517 0
    outer loop
      vertex -1.224115463249584 2.601377775839806 -22.5
      vertex -0.8884238588279738 2.7342874843485663 -22.5
      vertex -0.8884238588279738 2.7342874843485663 -24
    endloop
  endfacet
  facet normal 0 0 -1
    outer loop
      vertex -0.8884238588279738 2.7342874843485663 -24
      vertex -0.6599579019258627 1.4024819313223302 -24
      vertex -0.830531532217445 1.3087082845281233 -24
    endloop
  endfacet
  facet normal 0 0 -1
    outer loop
      vertex -0.5387212794339582 2.82407584584498 -24
      vertex -0.47897634128116845 1.474137600257488 -24
      vertex -0.6599579019258627 1.4024819313223302 -24
    endloop
  endfacet
  facet normal 0 0 -1
    outer loop
      vertex -0.8884238588279738 2.7342874843485663 -24
      vertex -0.5387212794339582 2.82407584584498 -24
      vertex -0.6599579019258627 1.4024819313223302 -24
    endloop
  endfacet
  facet normal 0 0 -1
    outer loop
      vertex -0.5387212794339582 2.82407584584498 -24
      vertex -0.2904410376078731 1.5225452386294676 -24
      vertex -0.47897634128116845 1.474137600257488 -24
    endloop
  endfacet
  facet normal 0 0 -1
    outer loop
      vertex -0.18052274364677567 2.869326844231281 -24
      vertex -0.09732530527043558 1.546941429063821 -24
      vertex -0.2904410376078731 1.5225452386294676 -24
    endloop
  endfacet
  facet normal 0 0 -1
    outer loop
      vertex -0.5387212794339582 2.82407584584498 -24
      vertex -0.18052274364677567 2.869326844231281 -24
      vertex -0.2904410376078731 1.5225452386294676 -24
    endloop
  endfacet
  facet normal 0 0 -1
    outer loop
      vertex -0.18052274364677567 2.869326844231281 -24
      vertex 0.18052274364677567 2.869326844231281 -24
      vertex -0.09732530527043558 1.546941429063821 -24
    endloop
  endfacet
  facet normal -0.24868988716485532 0.9685831611286309 0
    outer loop
      vertex -0.8884238588279738 2.7342874843485663 -24
      vertex -0.8884238588279738 2.7342874843485663 -22.5
      vertex -0.5387212794339582 2.82407584584498 -24
    endloop
  endfacet
  facet normal -0.24868988716485532 0.9685831611286309 0
    outer loop
      vertex -0.8884238588279738 2.7342874843485663 -22.5
      vertex -0.5387212794339582 2.82407584584498 -22.5
      vertex -0.5387212794339582 2.82407584584498 -24
    endloop
  endfacet
  facet normal -0.1253332335643047 0.9921147013144778 0
    outer loop
      vertex -0.5387212794339582 2.82407584584498 -24
      vertex -0.5387212794339582 2.82407584584498 -22.5
      vertex -0.18052274364677567 2.869326844231281 -24
    endloop
  endfacet
  facet normal 0 1 0
    outer loop
      vertex -0.18052274364677567 2.869326844231281 -24
      vertex -0.18052274364677567 2.869326844231281 -22.5
      vertex 0.18052274364677567 2.869326844231281 -24
    endloop
  endfacet
  facet normal -0.1253332335643047 0.9921147013144778 0
    outer loop
      vertex -0.18052274364677567 2.869326844231281 -24
      vertex -0.5387212794339582 2.82407584584498 -22.5
      vertex -0.18052274364677567 2.869326844231281 -22.5
    endloop
  endfacet
  facet normal 0 -1 0
    outer loop
      vertex -0.18052274364677706 -2.869326844231281 -24
      vertex 0.18052274364677706 -2.869326844231281 -24
      vertex 0.18052274364677706 -2.869326844231281 -22.5
    endloop
  endfacet
  facet normal 0.12533323356430495 -0.9921147013144777 0
    outer loop
      vertex 0.18052274364677706 -2.869326844231281 -24
      vertex 0.5387212794339589 -2.82407584584498 -24
      vertex 0.5387212794339589 -2.82407584584498 -22.5
    endloop
  endfacet
  facet normal 0.12533323356430495 -0.9921147013144777 0
    outer loop
      vertex 0.18052274364677706 -2.869326844231281 -24
      vertex 0.5387212794339589 -2.82407584584498 -22.5
      vertex 0.18052274364677706 -2.869326844231281 -22.5
    endloop
  endfacet
  facet normal 0.24868988716485577 -0.9685831611286309 0
    outer loop
      vertex 0.5387212794339589 -2.82407584584498 -24
      vertex 0.8884238588279738 -2.7342874843485663 -24
      vertex 0.8884238588279738 -2.7342874843485663 -22.5
    endloop
  endfacet
  facet normal 0.24868988716485577 -0.9685831611286309 0
    outer loop
      vertex 0.5387212794339589 -2.82407584584498 -24
      vertex 0.8884238588279738 -2.7342874843485663 -22.5
      vertex 0.5387212794339589 -2.82407584584498 -22.5
    endloop
  endfacet
  facet normal 0 0 -1
    outer loop
      vertex -0.18052274364677706 -2.869326844231281 -24
      vertex 0.09732530527043634 -1.546941429063821 -24
      vertex 0.18052274364677706 -2.869326844231281 -24
    endloop
  endfacet
  facet normal 0 0 -1
    outer loop
      vertex 0.18052274364677706 -2.869326844231281 -24
      vertex 0.2904410376078735 -1.5225452386294673 -24
      vertex 0.5387212794339589 -2.82407584584498 -24
    endloop
  endfacet
  facet normal 0 0 -1
    outer loop
      vertex 0.18052274364677706 -2.869326844231281 -24
      vertex 0.09732530527043634 -1.546941429063821 -24
      vertex 0.2904410376078735 -1.5225452386294673 -24
    endloop
  endfacet
  facet normal 0 0 -1
    outer loop
      vertex 0.5387212794339589 -2.82407584584498 -24
      vertex 0.2904410376078735 -1.5225452386294673 -24
      vertex 0.47897634128116845 -1.474137600257488 -24
    endloop
  endfacet
  facet normal 0 0 -1
    outer loop
      vertex 0.5387212794339589 -2.82407584584498 -24
      vertex 0.6599579019258623 -1.4024819313223305 -24
      vertex 0.8884238588279738 -2.7342874843485663 -24
    endloop
  endfacet
  facet normal 0 0 -1
    outer loop
      vertex 0.5387212794339589 -2.82407584584498 -24
      vertex 0.47897634128116845 -1.474137600257488 -24
      vertex 0.6599579019258623 -1.4024819313223305 -24
    endloop
  endfacet
  facet normal 0 0 -1
    outer loop
      vertex 0.8884238588279738 -2.7342874843485663 -24
      vertex 0.6599579019258623 -1.4024819313223305 -24
      vertex 0.8305315322174441 -1.3087082845281237 -24
    endloop
  endfacet
  facet normal 0.36812455268467725 -0.9297764858882517 0
    outer loop
      vertex 0.8884238588279738 -2.7342874843485663 -24
      vertex 1.2241154632495832 -2.6013777758398064 -24
      vertex 1.2241154632495832 -2.6013777758398064 -22.5
    endloop
  endfacet
  facet normal 0.36812455268467725 -0.9297764858882517 0
    outer loop
      vertex 0.8884238588279738 -2.7342874843485663 -24
      vertex 1.2241154632495832 -2.6013777758398064 -22.5
      vertex 0.8884238588279738 -2.7342874843485663 -22.5
    endloop
  endfacet
  facet normal 0 0 -1
    outer loop
      vertex 0.8884238588279738 -2.7342874843485663 -24
      vertex 0.9880071841104695 -1.194295526302473 -24
      vertex 1.2241154632495832 -2.6013777758398064 -24
    endloop
  endfacet
  facet normal 0.4817536741017148 -0.8763066800438638 0
    outer loop
      vertex 1.2241154632495832 -2.6013777758398064 -24
      vertex 1.5405020355646142 -2.427442785818294 -24
      vertex 1.5405020355646142 -2.427442785818294 -22.5
    endloop
  endfacet
  facet normal 0.5877852522924729 -0.8090169943749476 0
    outer loop
      vertex 1.5405020355646142 -2.427442785818294 -24
      vertex 1.8325939705274836 -2.2152255729803936 -24
      vertex 1.8325939705274836 -2.2152255729803936 -22.5
    endloop
  endfacet
  facet normal 0.4817536741017148 -0.8763066800438638 0
    outer loop
      vertex 1.2241154632495832 -2.6013777758398064 -24
      vertex 1.5405020355646142 -2.427442785818294 -22.5
      vertex 1.2241154632495832 -2.6013777758398064 -22.5
    endloop
  endfacet
  facet normal 0.5877852522924729 -0.8090169943749476 0
    outer loop
      vertex 1.5405020355646142 -2.427442785818294 -24
      vertex 1.8325939705274836 -2.2152255729803936 -22.5
      vertex 1.5405020355646142 -2.427442785818294 -22.5
    endloop
  endfacet
  facet normal 0 0 -1
    outer loop
      vertex 1.2241154632495832 -2.6013777758398064 -24
      vertex 1.3582753540679884 -0.7467181948576589 -24
      vertex 1.5405020355646142 -2.427442785818294 -24
    endloop
  endfacet
  facet normal 0 0 -1
    outer loop
      vertex 0.8884238588279738 -2.7342874843485663 -24
      vertex 0.8305315322174441 -1.3087082845281237 -24
      vertex 0.9880071841104695 -1.194295526302473 -24
    endloop
  endfacet
  facet normal 0 0 -1
    outer loop
      vertex 1.2241154632495832 -2.6013777758398064 -24
      vertex 0.9880071841104695 -1.194295526302473 -24
      vertex 1.1299013725031881 -1.0610480141894671 -24
    endloop
  endfacet
  facet normal 0 0 -1
    outer loop
      vertex 1.2241154632495832 -2.6013777758398064 -24
      vertex 1.1299013725031881 -1.0610480141894671 -24
      vertex 1.2539763412811686 -0.9110671410533334 -24
    endloop
  endfacet
  facet normal 0 0 -1
    outer loop
      vertex 1.2241154632495832 -2.6013777758398064 -24
      vertex 1.2539763412811686 -0.9110671410533334 -24
      vertex 1.3582753540679884 -0.7467181948576589 -24
    endloop
  endfacet
  facet normal 0 0 -1
    outer loop
      vertex 1.5405020355646142 -2.427442785818294 -24
      vertex 1.3582753540679884 -0.7467181948576589 -24
      vertex 1.4411535531267894 -0.5705930566612515 -24
    endloop
  endfacet
  facet normal 0 0 -1
    outer loop
      vertex 1.5405020355646142 -2.427442785818294 -24
      vertex 1.4411535531267894 -0.5705930566612515 -24
      vertex 1.5013038997493784 -0.3854693251055244 -24
    endloop
  endfacet
  facet normal 0 0 -1
    outer loop
      vertex 1.5405020355646142 -2.427442785818294 -24
      vertex 1.5013038997493784 -0.3854693251055244 -24
      vertex 1.5377777870374407 -0.1942665120246713 -24
    endloop
  endfacet
  facet normal 0 0 -1
    outer loop
      vertex 1.5405020355646142 -2.427442785818294 -24
      vertex 1.5377777870374407 -0.1942665120246713 -24
      vertex 1.55 0 -24
    endloop
  endfacet
  facet normal 0 0 -1
    outer loop
      vertex 1.5405020355646142 -2.427442785818294 -24
      vertex 1.832593970527483 2.2152255729803936 -24
      vertex 1.8325939705274836 -2.2152255729803936 -24
    endloop
  endfacet
  facet normal 0 0 -1
    outer loop
      vertex 1.5405020355646142 -2.427442785818294 -24
      vertex 1.55 0 -24
      vertex 1.832593970527483 2.2152255729803936 -24
    endloop
  endfacet
  facet normal 0.684547105928689 -0.7289686274214114 0
    outer loop
      vertex 1.8325939705274836 -2.2152255729803936 -24
      vertex 2.0957848038365587 -1.9680729295449795 -24
      vertex 2.0957848038365587 -1.9680729295449795 -22.5
    endloop
  endfacet
  facet normal 0.684547105928689 -0.7289686274214114 0
    outer loop
      vertex 1.8325939705274836 -2.2152255729803936 -24
      vertex 2.0957848038365587 -1.9680729295449795 -22.5
      vertex 1.8325939705274836 -2.2152255729803936 -22.5
    endloop
  endfacet
  facet normal 0.7705132427757894 -0.6374239897486896 0
    outer loop
      vertex 2.0957848038365587 -1.9680729295449795 -24
      vertex 2.325923858827974 -1.6898826003408602 -22.5
      vertex 2.0957848038365587 -1.9680729295449795 -22.5
    endloop
  endfacet
  facet normal 0.7705132427757894 -0.6374239897486896 0
    outer loop
      vertex 2.0957848038365587 -1.9680729295449795 -24
      vertex 2.325923858827974 -1.6898826003408602 -24
      vertex 2.325923858827974 -1.6898826003408602 -22.5
    endloop
  endfacet
  facet normal 0.8443279255020155 -0.5358267949789958 0
    outer loop
      vertex 2.325923858827974 -1.6898826003408602 -24
      vertex 2.5193817051261074 -1.3850418130424318 -24
      vertex 2.5193817051261074 -1.3850418130424318 -22.5
    endloop
  endfacet
  facet normal 0.8443279255020155 -0.5358267949789958 0
    outer loop
      vertex 2.325923858827974 -1.6898826003408602 -24
      vertex 2.5193817051261074 -1.3850418130424318 -22.5
      vertex 2.325923858827974 -1.6898826003408602 -22.5
    endloop
  endfacet
  facet normal 0.9048270524660191 -0.42577929156507316 0
    outer loop
      vertex 2.5193817051261074 -1.3850418130424318 -24
      vertex 2.6731073969287222 -1.0583580889684503 -24
      vertex 2.6731073969287222 -1.0583580889684503 -22.5
    endloop
  endfacet
  facet normal 0.9048270524660191 -0.42577929156507316 0
    outer loop
      vertex 2.5193817051261074 -1.3850418130424318 -24
      vertex 2.6731073969287222 -1.0583580889684503 -22.5
      vertex 2.5193817051261074 -1.3850418130424318 -22.5
    endloop
  endfacet
  facet normal 0 0 -1
    outer loop
      vertex 1.8325939705274836 -2.2152255729803936 -24
      vertex 2.0957848038365583 1.9680729295449801 -24
      vertex 2.0957848038365587 -1.9680729295449795 -24
    endloop
  endfacet
  facet normal 0 0 -1
    outer loop
      vertex 2.0957848038365587 -1.9680729295449795 -24
      vertex 2.325923858827974 1.6898826003408602 -24
      vertex 2.325923858827974 -1.6898826003408602 -24
    endloop
  endfacet
  facet normal 0 0 -1
    outer loop
      vertex 2.325923858827974 -1.6898826003408602 -24
      vertex 2.519381705126108 1.3850418130424316 -24
      vertex 2.5193817051261074 -1.3850418130424318 -24
    endloop
  endfacet
  facet normal 0 0 -1
    outer loop
      vertex 2.5193817051261074 -1.3850418130424318 -24
      vertex 2.6731073969287227 1.0583580889684492 -24
      vertex 2.6731073969287222 -1.0583580889684503 -24
    endloop
  endfacet
  facet normal 0.9510565162951534 -0.3090169943749478 0
    outer loop
      vertex 2.6731073969287222 -1.0583580889684503 -24
      vertex 2.784676588244815 -0.7149834255989564 -22.5
      vertex 2.6731073969287222 -1.0583580889684503 -22.5
    endloop
  endfacet
  facet normal 0.9510565162951534 -0.3090169943749478 0
    outer loop
      vertex 2.6731073969287222 -1.0583580889684503 -24
      vertex 2.784676588244815 -0.7149834255989564 -24
      vertex 2.784676588244815 -0.7149834255989564 -22.5
    endloop
  endfacet
  facet normal 0.9822872507286887 -0.1873813145857242 0
    outer loop
      vertex 2.784676588244815 -0.7149834255989564 -24
      vertex 2.852329766279124 -0.3603330464973742 -24
      vertex 2.852329766279124 -0.3603330464973742 -22.5
    endloop
  endfacet
  facet normal 0.9822872507286887 -0.1873813145857242 0
    outer loop
      vertex 2.784676588244815 -0.7149834255989564 -24
      vertex 2.852329766279124 -0.3603330464973742 -22.5
      vertex 2.784676588244815 -0.7149834255989564 -22.5
    endloop
  endfacet
  facet normal 0 0 -1
    outer loop
      vertex 2.6731073969287222 -1.0583580889684503 -24
      vertex 2.7846765882448143 0.7149834255989576 -24
      vertex 2.784676588244815 -0.7149834255989564 -24
    endloop
  endfacet
  facet normal 0 0 -1
    outer loop
      vertex 2.784676588244815 -0.7149834255989564 -24
      vertex 2.852329766279124 0.36033304649737474 -24
      vertex 2.852329766279124 -0.3603330464973742 -24
    endloop
  endfacet
  facet normal 0.9980267284282714 -0.06279051952931329 0
    outer loop
      vertex 2.852329766279124 -0.3603330464973742 -24
      vertex 2.875 0 -24
      vertex 2.875 0 -22.5
    endloop
  endfacet
  facet normal 0.9980267284282714 -0.06279051952931329 0
    outer loop
      vertex 2.852329766279124 -0.3603330464973742 -24
      vertex 2.875 0 -22.5
      vertex 2.852329766279124 -0.3603330464973742 -22.5
    endloop
  endfacet
  facet normal 0 0 -1
    outer loop
      vertex 1.832593970527483 2.2152255729803936 -24
      vertex 1.55 0 -24
      vertex 1.5377777870374407 0.1942665120246716 -24
    endloop
  endfacet
  facet normal 0 0 -1
    outer loop
      vertex 1.224115463249584 2.601377775839806 -24
      vertex 0.9880071841104692 1.1942955263024733 -24
      vertex 0.8305315322174448 1.3087082845281235 -24
    endloop
  endfacet
  facet normal 0 0 -1
    outer loop
      vertex 1.5405020355646153 2.427442785818293 -24
      vertex 1.2539763412811686 0.9110671410533334 -24
      vertex 1.129901372503188 1.0610480141894676 -24
    endloop
  endfacet
  facet normal 0 0 -1
    outer loop
      vertex 1.224115463249584 2.601377775839806 -24
      vertex 1.129901372503188 1.0610480141894676 -24
      vertex 0.9880071841104692 1.1942955263024733 -24
    endloop
  endfacet
  facet normal 0 0 -1
    outer loop
      vertex 1.5405020355646153 2.427442785818293 -24
      vertex 1.5377777870374407 0.1942665120246716 -24
      vertex 1.5013038997493782 0.38546932510552495 -24
    endloop
  endfacet
  facet normal 0 0 -1
    outer loop
      vertex 1.5405020355646153 2.427442785818293 -24
      vertex 1.5013038997493782 0.38546932510552495 -24
      vertex 1.4411535531267896 0.5705930566612509 -24
    endloop
  endfacet
  facet normal 0 0 -1
    outer loop
      vertex 1.5405020355646153 2.427442785818293 -24
      vertex 1.4411535531267896 0.5705930566612509 -24
      vertex 1.3582753540679886 0.7467181948576588 -24
    endloop
  endfacet
  facet normal 0 0 -1
    outer loop
      vertex 1.5405020355646153 2.427442785818293 -24
      vertex 1.3582753540679886 0.7467181948576588 -24
      vertex 1.2539763412811686 0.9110671410533334 -24
    endloop
  endfacet
  facet normal 0 0 -1
    outer loop
      vertex 1.5405020355646153 2.427442785818293 -24
      vertex 1.832593970527483 2.2152255729803936 -24
      vertex 1.5377777870374407 0.1942665120246716 -24
    endloop
  endfacet
  facet normal 0 0 -1
    outer loop
      vertex 0.18052274364677567 2.869326844231281 -24
      vertex 0.09732530527043526 1.546941429063821 -24
      vertex -0.09732530527043558 1.546941429063821 -24
    endloop
  endfacet
  facet normal 0 0 -1
    outer loop
      vertex 0.5387212794339582 2.82407584584498 -24
      vertex 0.2904410376078731 1.5225452386294676 -24
      vertex 0.09732530527043526 1.546941429063821 -24
    endloop
  endfacet
  facet normal 0 0 -1
    outer loop
      vertex 0.5387212794339582 2.82407584584498 -24
      vertex 0.47897634128116845 1.474137600257488 -24
      vertex 0.2904410376078731 1.5225452386294676 -24
    endloop
  endfacet
  facet normal 0 0 -1
    outer loop
      vertex 0.18052274364677567 2.869326844231281 -24
      vertex 0.5387212794339582 2.82407584584498 -24
      vertex 0.09732530527043526 1.546941429063821 -24
    endloop
  endfacet
  facet normal 0 0 -1
    outer loop
      vertex 0.8884238588279738 2.7342874843485663 -24
      vertex 0.6599579019258627 1.4024819313223302 -24
      vertex 0.47897634128116845 1.474137600257488 -24
    endloop
  endfacet
  facet normal 0 0 -1
    outer loop
      vertex 0.8884238588279738 2.7342874843485663 -24
      vertex 0.8305315322174448 1.3087082845281235 -24
      vertex 0.6599579019258627 1.4024819313223302 -24
    endloop
  endfacet
  facet normal 0 0 -1
    outer loop
      vertex 0.5387212794339582 2.82407584584498 -24
      vertex 0.8884238588279738 2.7342874843485663 -24
      vertex 0.47897634128116845 1.474137600257488 -24
    endloop
  endfacet
  facet normal 0.1253332335643047 0.9921147013144778 8.116957429805791e-17
    outer loop
      vertex 0.18052274364677567 2.869326844231281 -24
      vertex 0.1805227436467747 2.869326844231281 -22.5
      vertex 0.5387212794339582 2.82407584584498 -24
    endloop
  endfacet
  facet normal 0 1 0
    outer loop
      vertex -0.18052274364677567 2.869326844231281 -22.5
      vertex 0.1805227436467747 2.869326844231281 -22.5
      vertex 0.18052274364677567 2.869326844231281 -24
    endloop
  endfacet
  facet normal 0.12533323356430437 0.9921147013144778 0
    outer loop
      vertex 0.5387212794339582 2.82407584584498 -24
      vertex 0.1805227436467747 2.869326844231281 -22.5
      vertex 0.5387212794339582 2.82407584584498 -22.5
    endloop
  endfacet
  facet normal 0.24868988716485532 0.9685831611286309 0
    outer loop
      vertex 0.5387212794339582 2.82407584584498 -24
      vertex 0.5387212794339582 2.82407584584498 -22.5
      vertex 0.8884238588279738 2.7342874843485663 -24
    endloop
  endfacet
  facet normal 0.24868988716485532 0.9685831611286309 0
    outer loop
      vertex 0.5387212794339582 2.82407584584498 -22.5
      vertex 0.8884238588279738 2.7342874843485663 -22.5
      vertex 0.8884238588279738 2.7342874843485663 -24
    endloop
  endfacet
  facet normal 0 0 -1
    outer loop
      vertex 1.224115463249584 2.601377775839806 -24
      vertex 1.5405020355646153 2.427442785818293 -24
      vertex 1.129901372503188 1.0610480141894676 -24
    endloop
  endfacet
  facet normal 0 0 -1
    outer loop
      vertex 1.224115463249584 2.601377775839806 -24
      vertex 0.8305315322174448 1.3087082845281235 -24
      vertex 0.8884238588279738 2.7342874843485663 -24
    endloop
  endfacet
  facet normal 0.48175367410171555 0.8763066800438635 0
    outer loop
      vertex 1.224115463249584 2.601377775839806 -24
      vertex 1.224115463249584 2.601377775839806 -22.5
      vertex 1.5405020355646153 2.427442785818293 -24
    endloop
  endfacet
  facet normal 0.5877852522924737 0.8090169943749471 0
    outer loop
      vertex 1.5405020355646153 2.427442785818293 -24
      vertex 1.5405020355646153 2.427442785818293 -22.5
      vertex 1.832593970527483 2.2152255729803936 -24
    endloop
  endfacet
  facet normal 0.48175367410171555 0.8763066800438635 0
    outer loop
      vertex 1.5405020355646153 2.427442785818293 -24
      vertex 1.224115463249584 2.601377775839806 -22.5
      vertex 1.5405020355646153 2.427442785818293 -22.5
    endloop
  endfacet
  facet normal 0.5877852522924737 0.8090169943749471 0
    outer loop
      vertex 1.5405020355646153 2.427442785818293 -22.5
      vertex 1.832593970527483 2.2152255729803936 -22.5
      vertex 1.832593970527483 2.2152255729803936 -24
    endloop
  endfacet
  facet normal 0.3681245526846775 0.9297764858882517 0
    outer loop
      vertex 1.224115463249584 2.601377775839806 -24
      vertex 0.8884238588279738 2.7342874843485663 -24
      vertex 0.8884238588279738 2.7342874843485663 -22.5
    endloop
  endfacet
  facet normal 0.3681245526846775 0.9297764858882517 0
    outer loop
      vertex 1.224115463249584 2.601377775839806 -24
      vertex 0.8884238588279738 2.7342874843485663 -22.5
      vertex 1.224115463249584 2.601377775839806 -22.5
    endloop
  endfacet
  facet normal 0 0 -1
    outer loop
      vertex 1.8325939705274836 -2.2152255729803936 -24
      vertex 1.832593970527483 2.2152255729803936 -24
      vertex 2.0957848038365583 1.9680729295449801 -24
    endloop
  endfacet
  facet normal 0 0 -1
    outer loop
      vertex 2.0957848038365587 -1.9680729295449795 -24
      vertex 2.0957848038365583 1.9680729295449801 -24
      vertex 2.325923858827974 1.6898826003408602 -24
    endloop
  endfacet
  facet normal 0 0 -1
    outer loop
      vertex 2.5193817051261074 -1.3850418130424318 -24
      vertex 2.519381705126108 1.3850418130424316 -24
      vertex 2.6731073969287227 1.0583580889684492 -24
    endloop
  endfacet
  facet normal 0 0 -1
    outer loop
      vertex 2.325923858827974 -1.6898826003408602 -24
      vertex 2.325923858827974 1.6898826003408602 -24
      vertex 2.519381705126108 1.3850418130424316 -24
    endloop
  endfacet
  facet normal 0.9048270524660197 0.4257792915650723 0
    outer loop
      vertex 2.519381705126108 1.3850418130424316 -24
      vertex 2.519381705126108 1.3850418130424316 -22.5
      vertex 2.6731073969287227 1.0583580889684492 -24
    endloop
  endfacet
  facet normal 0.9048270524660197 0.4257792915650723 0
    outer loop
      vertex 2.519381705126108 1.3850418130424316 -22.5
      vertex 2.6731073969287227 1.0583580889684492 -22.5
      vertex 2.6731073969287227 1.0583580889684492 -24
    endloop
  endfacet
  facet normal 0.8443279255020153 0.5358267949789965 0
    outer loop
      vertex 2.325923858827974 1.6898826003408602 -24
      vertex 2.325923858827974 1.6898826003408602 -22.5
      vertex 2.519381705126108 1.3850418130424316 -24
    endloop
  endfacet
  facet normal 0.8443279255020153 0.5358267949789965 0
    outer loop
      vertex 2.519381705126108 1.3850418130424316 -24
      vertex 2.325923858827974 1.6898826003408602 -22.5
      vertex 2.519381705126108 1.3850418130424316 -22.5
    endloop
  endfacet
  facet normal 0 0 -1
    outer loop
      vertex 2.784676588244815 -0.7149834255989564 -24
      vertex 2.7846765882448143 0.7149834255989576 -24
      vertex 2.852329766279124 0.36033304649737474 -24
    endloop
  endfacet
  facet normal 0 0 -1
    outer loop
      vertex 2.6731073969287222 -1.0583580889684503 -24
      vertex 2.6731073969287227 1.0583580889684492 -24
      vertex 2.7846765882448143 0.7149834255989576 -24
    endloop
  endfacet
  facet normal 0 0 -1
    outer loop
      vertex 2.852329766279124 -0.3603330464973742 -24
      vertex 2.852329766279124 0.36033304649737474 -24
      vertex 2.875 0 -24
    endloop
  endfacet
  facet normal 0.9980267284282714 0.0627905195293132 0
    outer loop
      vertex 2.875 0 -24
      vertex 2.852329766279124 0.36033304649737474 -24
      vertex 2.852329766279124 0.36033304649737474 -22.5
    endloop
  endfacet
  facet normal 0.9980267284282714 0.0627905195293132 0
    outer loop
      vertex 2.875 0 -24
      vertex 2.852329766279124 0.36033304649737474 -22.5
      vertex 2.875 0 -22.5
    endloop
  endfacet
  facet normal 0.9822872507286885 0.18738131458572513 0
    outer loop
      vertex 2.852329766279124 0.36033304649737474 -24
      vertex 2.7846765882448143 0.7149834255989576 -24
      vertex 2.7846765882448143 0.7149834255989576 -22.5
    endloop
  endfacet
  facet normal 0.9822872507286885 0.18738131458572513 0
    outer loop
      vertex 2.852329766279124 0.36033304649737474 -24
      vertex 2.7846765882448143 0.7149834255989576 -22.5
      vertex 2.852329766279124 0.36033304649737474 -22.5
    endloop
  endfacet
  facet normal 0.9510565162951535 0.30901699437494734 0
    outer loop
      vertex 2.7846765882448143 0.7149834255989576 -24
      vertex 2.6731073969287227 1.0583580889684492 -22.5
      vertex 2.7846765882448143 0.7149834255989576 -22.5
    endloop
  endfacet
  facet normal 0.9510565162951535 0.30901699437494734 0
    outer loop
      vertex 2.7846765882448143 0.7149834255989576 -24
      vertex 2.6731073969287227 1.0583580889684492 -24
      vertex 2.6731073969287227 1.0583580889684492 -22.5
    endloop
  endfacet
  facet normal 0.6845471059286875 0.7289686274214126 0
    outer loop
      vertex 2.0957848038365583 1.9680729295449801 -24
      vertex 1.832593970527483 2.2152255729803936 -24
      vertex 1.832593970527483 2.2152255729803936 -22.5
    endloop
  endfacet
  facet normal 0.7705132427757895 0.6374239897486894 0
    outer loop
      vertex 2.325923858827974 1.6898826003408602 -24
      vertex 2.0957848038365583 1.9680729295449801 -24
      vertex 2.0957848038365583 1.9680729295449801 -22.5
    endloop
  endfacet
  facet normal 0.6845471059286875 0.7289686274214126 0
    outer loop
      vertex 2.0957848038365583 1.9680729295449801 -24
      vertex 1.832593970527483 2.2152255729803936 -22.5
      vertex 2.0957848038365583 1.9680729295449801 -22.5
    endloop
  endfacet
  facet normal 0.7705132427757895 0.6374239897486894 0
    outer loop
      vertex 2.325923858827974 1.6898826003408602 -24
      vertex 2.0957848038365583 1.9680729295449801 -22.5
      vertex 2.325923858827974 1.6898826003408602 -22.5
    endloop
  endfacet
  facet normal 0.8660254034145013 0.5000000006407503 0
    outer loop
      vertex -1.557899996638298 -2.6983619555830956 -1.9
      vertex -3.1158000007271767 0 0
      vertex -1.557899996638298 -2.6983619555830956 0
    endloop
  endfacet
  facet normal 0.8660254034145013 0.5000000006407503 0
    outer loop
      vertex -1.557899996638298 -2.6983619555830956 -1.9
      vertex -3.1158000007271767 0 -1.9
      vertex -3.1158000007271767 0 0
    endloop
  endfacet
  facet normal 0 0 1
    outer loop
      vertex -1.557899996638298 -2.6983619555830956 -1.9
      vertex -0.6599579019258623 -1.4024819313223305 -1.9
      vertex -0.830531532217445 -1.3087082845281233 -1.9
    endloop
  endfacet
  facet normal 0 0 1
    outer loop
      vertex -1.557899996638298 -2.6983619555830956 -1.9
      vertex -0.47897634128116845 -1.474137600257488 -1.9
      vertex -0.6599579019258623 -1.4024819313223305 -1.9
    endloop
  endfacet
  facet normal 0 1 0
    outer loop
      vertex -1.557899996638298 -2.6983619555830956 -1.9
      vertex -1.557899996638298 -2.6983619555830956 0
      vertex 1.557899996638298 -2.6983619555830956 -1.9
    endloop
  endfacet
  facet normal 0 0 1
    outer loop
      vertex -1.557899996638298 -2.6983619555830956 -1.9
      vertex -0.2904410376078735 -1.5225452386294673 -1.9
      vertex -0.47897634128116845 -1.474137600257488 -1.9
    endloop
  endfacet
  facet normal 0 0 1
    outer loop
      vertex -1.557899996638298 -2.6983619555830956 -1.9
      vertex -0.09732530527043634 -1.546941429063821 -1.9
      vertex -0.2904410376078735 -1.5225452386294673 -1.9
    endloop
  endfacet
  facet normal 0 0 1
    outer loop
      vertex -1.557899996638298 -2.6983619555830956 -1.9
      vertex 1.557899996638298 -2.6983619555830956 -1.9
      vertex -0.09732530527043634 -1.546941429063821 -1.9
    endloop
  endfacet
  facet normal 0 0 1
    outer loop
      vertex -1.557899996638298 -2.6983619555830956 -1.9
      vertex -1.1299013725031881 -1.0610480141894671 -1.9
      vertex -1.2539763412811686 -0.9110671410533334 -1.9
    endloop
  endfacet
  facet normal 0 0 1
    outer loop
      vertex -1.557899996638298 -2.6983619555830956 -1.9
      vertex -1.3582753540679884 -0.7467181948576589 -1.9
      vertex -1.4411535531267898 -0.5705930566612507 -1.9
    endloop
  endfacet
  facet normal 0 0 1
    outer loop
      vertex -1.557899996638298 -2.6983619555830956 -1.9
      vertex -1.2539763412811686 -0.9110671410533334 -1.9
      vertex -1.3582753540679884 -0.7467181948576589 -1.9
    endloop
  endfacet
  facet normal 0 0 1
    outer loop
      vertex -1.557899996638298 -2.6983619555830956 -1.9
      vertex -1.5013038997493782 -0.385469325105525 -1.9
      vertex -1.5377777870374407 -0.1942665120246713 -1.9
    endloop
  endfacet
  facet normal 0 0 1
    outer loop
      vertex -1.557899996638298 -2.6983619555830956 -1.9
      vertex -1.5377777870374407 -0.1942665120246713 -1.9
      vertex -1.55 0 -1.9
    endloop
  endfacet
  facet normal 0 0 1
    outer loop
      vertex -1.557899996638298 -2.6983619555830956 -1.9
      vertex -1.4411535531267898 -0.5705930566612507 -1.9
      vertex -1.5013038997493782 -0.385469325105525 -1.9
    endloop
  endfacet
  facet normal 0 0 1
    outer loop
      vertex -1.557899996638298 -2.6983619555830956 -1.9
      vertex -0.988007184110469 -1.1942955263024735 -1.9
      vertex -1.1299013725031881 -1.0610480141894671 -1.9
    endloop
  endfacet
  facet normal 0 0 1
    outer loop
      vertex -1.557899996638298 -2.6983619555830956 -1.9
      vertex -0.830531532217445 -1.3087082845281233 -1.9
      vertex -0.988007184110469 -1.1942955263024735 -1.9
    endloop
  endfacet
  facet normal 0 0 1
    outer loop
      vertex -1.557899996638298 -2.6983619555830956 -1.9
      vertex -1.557899996638298 2.6983619555830956 -1.9
      vertex -3.1158000007271767 0 -1.9
    endloop
  endfacet
  facet normal 0.8660254034145013 -0.5000000006407503 0
    outer loop
      vertex -3.1158000007271767 0 -1.9
      vertex -1.557899996638298 2.6983619555830956 0
      vertex -3.1158000007271767 0 0
    endloop
  endfacet
  facet normal 0.8660254034145013 -0.5000000006407503 0
    outer loop
      vertex -3.1158000007271767 0 -1.9
      vertex -1.557899996638298 2.6983619555830956 -1.9
      vertex -1.557899996638298 2.6983619555830956 0
    endloop
  endfacet
  facet normal 0 0 1
    outer loop
      vertex -1.557899996638298 -2.6983619555830956 -1.9
      vertex -1.55 0 -1.9
      vertex -1.557899996638298 2.6983619555830956 -1.9
    endloop
  endfacet
  facet normal 0 0 1
    outer loop
      vertex -1.55 0 -1.9
      vertex -1.5377777870374407 0.1942665120246713 -1.9
      vertex -1.557899996638298 2.6983619555830956 -1.9
    endloop
  endfacet
  facet normal 0 0 1
    outer loop
      vertex -1.5377777870374407 0.1942665120246713 -1.9
      vertex -1.5013038997493782 0.385469325105525 -1.9
      vertex -1.557899996638298 2.6983619555830956 -1.9
    endloop
  endfacet
  facet normal 0 0 1
    outer loop
      vertex -1.5013038997493782 0.385469325105525 -1.9
      vertex -1.4411535531267898 0.5705930566612507 -1.9
      vertex -1.557899996638298 2.6983619555830956 -1.9
    endloop
  endfacet
  facet normal 0 0 1
    outer loop
      vertex -1.4411535531267898 0.5705930566612507 -1.9
      vertex -1.3582753540679884 0.7467181948576589 -1.9
      vertex -1.557899996638298 2.6983619555830956 -1.9
    endloop
  endfacet
  facet normal 0 0 1
    outer loop
      vertex -1.3582753540679884 0.7467181948576589 -1.9
      vertex -1.2539763412811686 0.9110671410533334 -1.9
      vertex -1.557899996638298 2.6983619555830956 -1.9
    endloop
  endfacet
  facet normal 0 0 1
    outer loop
      vertex -1.2539763412811686 0.9110671410533334 -1.9
      vertex -1.1299013725031881 1.0610480141894671 -1.9
      vertex -1.557899996638298 2.6983619555830956 -1.9
    endloop
  endfacet
  facet normal 0 0 1
    outer loop
      vertex -1.1299013725031881 1.0610480141894671 -1.9
      vertex -0.988007184110469 1.1942955263024735 -1.9
      vertex -1.557899996638298 2.6983619555830956 -1.9
    endloop
  endfacet
  facet normal 0 0 1
    outer loop
      vertex -0.988007184110469 1.1942955263024735 -1.9
      vertex -0.830531532217445 1.3087082845281233 -1.9
      vertex -1.557899996638298 2.6983619555830956 -1.9
    endloop
  endfacet
  facet normal 0 0 1
    outer loop
      vertex -0.830531532217445 1.3087082845281233 -1.9
      vertex -0.6599579019258627 1.4024819313223302 -1.9
      vertex -1.557899996638298 2.6983619555830956 -1.9
    endloop
  endfacet
  facet normal 0 0 1
    outer loop
      vertex -1.557899996638298 2.6983619555830956 -1.9
      vertex -0.6599579019258627 1.4024819313223302 -1.9
      vertex -0.47897634128116845 1.474137600257488 -1.9
    endloop
  endfacet
  facet normal 0 0 1
    outer loop
      vertex -1.557899996638298 2.6983619555830956 -1.9
      vertex -0.47897634128116845 1.474137600257488 -1.9
      vertex -0.2904410376078731 1.5225452386294676 -1.9
    endloop
  endfacet
  facet normal 0 0 1
    outer loop
      vertex -1.557899996638298 2.6983619555830956 -1.9
      vertex -0.2904410376078731 1.5225452386294676 -1.9
      vertex -0.09732530527043558 1.546941429063821 -1.9
    endloop
  endfacet
  facet normal 0 0 1
    outer loop
      vertex -1.557899996638298 2.6983619555830956 -1.9
      vertex -0.09732530527043558 1.546941429063821 -1.9
      vertex 0.09732530527043558 1.546941429063821 -1.9
    endloop
  endfacet
  facet normal 0 -1 0
    outer loop
      vertex -1.557899996638298 2.6983619555830956 -1.9
      vertex 1.557899996638298 2.6983619555830956 0
      vertex -1.557899996638298 2.6983619555830956 0
    endloop
  endfacet
  facet normal 0 1 0
    outer loop
      vertex 1.557899996638298 -2.6983619555830956 -1.9
      vertex -1.557899996638298 -2.6983619555830956 0
      vertex 1.557899996638298 -2.6983619555830956 0
    endloop
  endfacet
  facet normal 0 0 1
    outer loop
      vertex -0.09732530527043634 -1.546941429063821 -1.9
      vertex 1.557899996638298 -2.6983619555830956 -1.9
      vertex 0.09732530527043634 -1.546941429063821 -1.9
    endloop
  endfacet
  facet normal 0 0 1
    outer loop
      vertex 0.09732530527043634 -1.546941429063821 -1.9
      vertex 1.557899996638298 -2.6983619555830956 -1.9
      vertex 0.2904410376078735 -1.5225452386294673 -1.9
    endloop
  endfacet
  facet normal 0 0 1
    outer loop
      vertex 0.2904410376078735 -1.5225452386294673 -1.9
      vertex 1.557899996638298 -2.6983619555830956 -1.9
      vertex 0.47897634128116845 -1.474137600257488 -1.9
    endloop
  endfacet
  facet normal 0 0 1
    outer loop
      vertex 0.47897634128116845 -1.474137600257488 -1.9
      vertex 1.557899996638298 -2.6983619555830956 -1.9
      vertex 0.6599579019258623 -1.4024819313223305 -1.9
    endloop
  endfacet
  facet normal 0 0 1
    outer loop
      vertex 0.6599579019258623 -1.4024819313223305 -1.9
      vertex 1.557899996638298 -2.6983619555830956 -1.9
      vertex 0.8305315322174441 -1.3087082845281237 -1.9
    endloop
  endfacet
  facet normal 0 0 1
    outer loop
      vertex 1.557899996638298 -2.6983619555830956 -1.9
      vertex 0.9880071841104695 -1.194295526302473 -1.9
      vertex 0.8305315322174441 -1.3087082845281237 -1.9
    endloop
  endfacet
  facet normal 0 0 1
    outer loop
      vertex 1.557899996638298 -2.6983619555830956 -1.9
      vertex 1.1299013725031881 -1.0610480141894671 -1.9
      vertex 0.9880071841104695 -1.194295526302473 -1.9
    endloop
  endfacet
  facet normal 0 0 1
    outer loop
      vertex 1.557899996638298 -2.6983619555830956 -1.9
      vertex 1.2539763412811686 -0.9110671410533334 -1.9
      vertex 1.1299013725031881 -1.0610480141894671 -1.9
    endloop
  endfacet
  facet normal 0 0 1
    outer loop
      vertex 1.557899996638298 -2.6983619555830956 -1.9
      vertex 1.3582753540679884 -0.7467181948576589 -1.9
      vertex 1.2539763412811686 -0.9110671410533334 -1.9
    endloop
  endfacet
  facet normal 0 0 1
    outer loop
      vertex 1.557899996638298 -2.6983619555830956 -1.9
      vertex 1.4411535531267894 -0.5705930566612515 -1.9
      vertex 1.3582753540679884 -0.7467181948576589 -1.9
    endloop
  endfacet
  facet normal 0 0 1
    outer loop
      vertex 1.557899996638298 -2.6983619555830956 -1.9
      vertex 1.5013038997493784 -0.3854693251055244 -1.9
      vertex 1.4411535531267894 -0.5705930566612515 -1.9
    endloop
  endfacet
  facet normal 0 0 1
    outer loop
      vertex 1.557899996638298 -2.6983619555830956 -1.9
      vertex 1.5377777870374407 -0.1942665120246713 -1.9
      vertex 1.5013038997493784 -0.3854693251055244 -1.9
    endloop
  endfacet
  facet normal 0 0 1
    outer loop
      vertex 1.557899996638298 -2.6983619555830956 -1.9
      vertex 1.55 0 -1.9
      vertex 1.5377777870374407 -0.1942665120246713 -1.9
    endloop
  endfacet
  facet normal -0.8660254034145013 0.5000000006407503 0
    outer loop
      vertex 1.557899996638298 -2.6983619555830956 -1.9
      vertex 1.557899996638298 -2.6983619555830956 0
      vertex 3.1158000007271767 0 -1.9
    endloop
  endfacet
  facet normal -0.8660254034145013 0.5000000006407503 0
    outer loop
      vertex 3.1158000007271767 0 -1.9
      vertex 1.557899996638298 -2.6983619555830956 0
      vertex 3.1158000007271767 0 0
    endloop
  endfacet
  facet normal 0 0 1
    outer loop
      vertex 1.557899996638298 -2.6983619555830956 -1.9
      vertex 1.557899996638298 2.6983619555830956 -1.9
      vertex 1.55 0 -1.9
    endloop
  endfacet
  facet normal 0 0 1
    outer loop
      vertex 0.8305315322174448 1.3087082845281235 -1.9
      vertex 0.9880071841104692 1.1942955263024733 -1.9
      vertex 1.557899996638298 2.6983619555830956 -1.9
    endloop
  endfacet
  facet normal 0 0 1
    outer loop
      vertex 1.129901372503188 1.0610480141894676 -1.9
      vertex 1.557899996638298 2.6983619555830956 -1.9
      vertex 0.9880071841104692 1.1942955263024733 -1.9
    endloop
  endfacet
  facet normal 0 0 1
    outer loop
      vertex 1.5013038997493782 0.38546932510552495 -1.9
      vertex 1.557899996638298 2.6983619555830956 -1.9
      vertex 1.4411535531267896 0.5705930566612509 -1.9
    endloop
  endfacet
  facet normal 0 0 1
    outer loop
      vertex 1.55 0 -1.9
      vertex 1.557899996638298 2.6983619555830956 -1.9
      vertex 1.5377777870374407 0.1942665120246716 -1.9
    endloop
  endfacet
  facet normal 0 0 1
    outer loop
      vertex 1.5377777870374407 0.1942665120246716 -1.9
      vertex 1.557899996638298 2.6983619555830956 -1.9
      vertex 1.5013038997493782 0.38546932510552495 -1.9
    endloop
  endfacet
  facet normal 0 0 1
    outer loop
      vertex 1.3582753540679886 0.7467181948576588 -1.9
      vertex 1.557899996638298 2.6983619555830956 -1.9
      vertex 1.2539763412811686 0.9110671410533334 -1.9
    endloop
  endfacet
  facet normal 0 0 1
    outer loop
      vertex 1.4411535531267896 0.5705930566612509 -1.9
      vertex 1.557899996638298 2.6983619555830956 -1.9
      vertex 1.3582753540679886 0.7467181948576588 -1.9
    endloop
  endfacet
  facet normal 0 0 1
    outer loop
      vertex 1.129901372503188 1.0610480141894676 -1.9
      vertex 1.2539763412811686 0.9110671410533334 -1.9
      vertex 1.557899996638298 2.6983619555830956 -1.9
    endloop
  endfacet
  facet normal 0 0 1
    outer loop
      vertex -1.557899996638298 2.6983619555830956 -1.9
      vertex 0.09732530527043558 1.546941429063821 -1.9
      vertex 1.557899996638298 2.6983619555830956 -1.9
    endloop
  endfacet
  facet normal 0 0 1
    outer loop
      vertex 0.09732530527043558 1.546941429063821 -1.9
      vertex 0.2904410376078731 1.5225452386294676 -1.9
      vertex 1.557899996638298 2.6983619555830956 -1.9
    endloop
  endfacet
  facet normal 0 0 1
    outer loop
      vertex 0.2904410376078731 1.5225452386294676 -1.9
      vertex 0.47897634128116845 1.474137600257488 -1.9
      vertex 1.557899996638298 2.6983619555830956 -1.9
    endloop
  endfacet
  facet normal 0 -1 0
    outer loop
      vertex -1.557899996638298 2.6983619555830956 -1.9
      vertex 1.557899996638298 2.6983619555830956 -1.9
      vertex 1.557899996638298 2.6983619555830956 0
    endloop
  endfacet
  facet normal 0 0 1
    outer loop
      vertex 0.47897634128116845 1.474137600257488 -1.9
      vertex 0.6599579019258627 1.4024819313223302 -1.9
      vertex 1.557899996638298 2.6983619555830956 -1.9
    endloop
  endfacet
  facet normal 0 0 1
    outer loop
      vertex 0.8305315322174448 1.3087082845281235 -1.9
      vertex 1.557899996638298 2.6983619555830956 -1.9
      vertex 0.6599579019258627 1.4024819313223302 -1.9
    endloop
  endfacet
  facet normal 0 0 1
    outer loop
      vertex 1.557899996638298 -2.6983619555830956 -1.9
      vertex 3.1158000007271767 0 -1.9
      vertex 1.557899996638298 2.6983619555830956 -1.9
    endloop
  endfacet
  facet normal -0.8660254034145013 -0.5000000006407503 0
    outer loop
      vertex 1.557899996638298 2.6983619555830956 -1.9
      vertex 3.1158000007271767 0 -1.9
      vertex 3.1158000007271767 0 0
    endloop
  endfacet
  facet normal -0.8660254034145013 -0.5000000006407503 0
    outer loop
      vertex 1.557899996638298 2.6983619555830956 -1.9
      vertex 3.1158000007271767 0 0
      vertex 1.557899996638298 2.6983619555830956 0
    endloop
  endfacet
  facet normal 0.7705132427757887 0.6374239897486902 0
    outer loop
      vertex -1.2539763412811686 -0.9110671410533334 -1.9
      vertex -1.1299013725031881 -1.0610480141894671 -24
      vertex -1.2539763412811686 -0.9110671410533334 -24
    endloop
  endfacet
  facet normal 0.6845471059286891 0.7289686274214112 0
    outer loop
      vertex -1.1299013725031881 -1.0610480141894671 -1.9
      vertex -0.988007184110469 -1.1942955263024735 -24
      vertex -1.1299013725031881 -1.0610480141894671 -24
    endloop
  endfacet
  facet normal 0.5877852522924731 0.8090169943749475 0
    outer loop
      vertex -0.988007184110469 -1.1942955263024735 -1.9
      vertex -0.830531532217445 -1.3087082845281233 -24
      vertex -0.988007184110469 -1.1942955263024735 -24
    endloop
  endfacet
  facet normal 0.8443279255020156 0.5358267949789959 0
    outer loop
      vertex -1.3582753540679884 -0.7467181948576589 -1.9
      vertex -1.2539763412811686 -0.9110671410533334 -24
      vertex -1.3582753540679884 -0.7467181948576589 -24
    endloop
  endfacet
  facet normal 0.9510565162951539 0.3090169943749468 0
    outer loop
      vertex -1.5013038997493782 -0.385469325105525 -1.9
      vertex -1.4411535531267898 -0.5705930566612507 -24
      vertex -1.5013038997493782 -0.385469325105525 -24
    endloop
  endfacet
  facet normal 0.9048270524660191 0.4257792915650733 0
    outer loop
      vertex -1.4411535531267898 -0.5705930566612507 -1.9
      vertex -1.3582753540679884 -0.7467181948576589 -24
      vertex -1.4411535531267898 -0.5705930566612507 -24
    endloop
  endfacet
  facet normal 0.9980267284282717 0.06279051952931325 0
    outer loop
      vertex -1.55 0 -1.9
      vertex -1.5377777870374407 -0.1942665120246713 -24
      vertex -1.55 0 -24
    endloop
  endfacet
  facet normal 0.9822872507286885 0.18738131458572502 0
    outer loop
      vertex -1.5377777870374407 -0.1942665120246713 -1.9
      vertex -1.5013038997493782 -0.385469325105525 -24
      vertex -1.5377777870374407 -0.1942665120246713 -24
    endloop
  endfacet
  facet normal 0.48175367410171527 0.8763066800438635 0
    outer loop
      vertex -0.830531532217445 -1.3087082845281233 -1.9
      vertex -0.6599579019258623 -1.4024819313223305 -24
      vertex -0.830531532217445 -1.3087082845281233 -24
    endloop
  endfacet
  facet normal 0.3681245526846772 0.9297764858882518 0
    outer loop
      vertex -0.6599579019258623 -1.4024819313223305 -1.9
      vertex -0.47897634128116845 -1.474137600257488 -24
      vertex -0.6599579019258623 -1.4024819313223305 -24
    endloop
  endfacet
  facet normal 0.12533323356430562 0.9921147013144777 0
    outer loop
      vertex -0.2904410376078735 -1.5225452386294673 -1.9
      vertex -0.09732530527043634 -1.546941429063821 -24
      vertex -0.2904410376078735 -1.5225452386294673 -24
    endloop
  endfacet
  facet normal 0.248689887164855 0.968583161128631 0
    outer loop
      vertex -0.47897634128116845 -1.474137600257488 -1.9
      vertex -0.2904410376078735 -1.5225452386294673 -24
      vertex -0.47897634128116845 -1.474137600257488 -24
    endloop
  endfacet
  facet normal 0 1 0
    outer loop
      vertex -0.09732530527043634 -1.546941429063821 -1.9
      vertex 0.09732530527043634 -1.546941429063821 -24
      vertex -0.09732530527043634 -1.546941429063821 -24
    endloop
  endfacet
  facet normal 0.7705132427757887 0.6374239897486902 0
    outer loop
      vertex -1.2539763412811686 -0.9110671410533334 -1.9
      vertex -1.1299013725031881 -1.0610480141894671 -1.9
      vertex -1.1299013725031881 -1.0610480141894671 -24
    endloop
  endfacet
  facet normal 0.6845471059286891 0.7289686274214112 0
    outer loop
      vertex -0.988007184110469 -1.1942955263024735 -1.9
      vertex -0.988007184110469 -1.1942955263024735 -24
      vertex -1.1299013725031881 -1.0610480141894671 -1.9
    endloop
  endfacet
  facet normal 0.5877852522924731 0.8090169943749475 0
    outer loop
      vertex -0.988007184110469 -1.1942955263024735 -1.9
      vertex -0.830531532217445 -1.3087082845281233 -1.9
      vertex -0.830531532217445 -1.3087082845281233 -24
    endloop
  endfacet
  facet normal 0.9048270524660191 0.4257792915650733 0
    outer loop
      vertex -1.3582753540679884 -0.7467181948576589 -1.9
      vertex -1.3582753540679884 -0.7467181948576589 -24
      vertex -1.4411535531267898 -0.5705930566612507 -1.9
    endloop
  endfacet
  facet normal 0.9510565162951539 0.3090169943749468 0
    outer loop
      vertex -1.4411535531267898 -0.5705930566612507 -1.9
      vertex -1.4411535531267898 -0.5705930566612507 -24
      vertex -1.5013038997493782 -0.385469325105525 -1.9
    endloop
  endfacet
  facet normal 0.9980267284282717 0.06279051952931325 0
    outer loop
      vertex -1.5377777870374407 -0.1942665120246713 -1.9
      vertex -1.5377777870374407 -0.1942665120246713 -24
      vertex -1.55 0 -1.9
    endloop
  endfacet
  facet normal 0.9822872507286885 0.18738131458572502 0
    outer loop
      vertex -1.5013038997493782 -0.385469325105525 -1.9
      vertex -1.5013038997493782 -0.385469325105525 -24
      vertex -1.5377777870374407 -0.1942665120246713 -1.9
    endloop
  endfacet
  facet normal 0.8443279255020156 0.5358267949789959 0
    outer loop
      vertex -1.2539763412811686 -0.9110671410533334 -1.9
      vertex -1.2539763412811686 -0.9110671410533334 -24
      vertex -1.3582753540679884 -0.7467181948576589 -1.9
    endloop
  endfacet
  facet normal 0.48175367410171527 0.8763066800438635 0
    outer loop
      vertex -0.6599579019258623 -1.4024819313223305 -1.9
      vertex -0.6599579019258623 -1.4024819313223305 -24
      vertex -0.830531532217445 -1.3087082845281233 -1.9
    endloop
  endfacet
  facet normal 0.3681245526846772 0.9297764858882518 0
    outer loop
      vertex -0.6599579019258623 -1.4024819313223305 -1.9
      vertex -0.47897634128116845 -1.474137600257488 -1.9
      vertex -0.47897634128116845 -1.474137600257488 -24
    endloop
  endfacet
  facet normal 0.248689887164855 0.968583161128631 0
    outer loop
      vertex -0.47897634128116845 -1.474137600257488 -1.9
      vertex -0.2904410376078735 -1.5225452386294673 -1.9
      vertex -0.2904410376078735 -1.5225452386294673 -24
    endloop
  endfacet
  facet normal 0.12533323356430562 0.9921147013144777 0
    outer loop
      vertex -0.2904410376078735 -1.5225452386294673 -1.9
      vertex -0.09732530527043634 -1.546941429063821 -1.9
      vertex -0.09732530527043634 -1.546941429063821 -24
    endloop
  endfacet
  facet normal 0.9980267284282717 -0.06279051952931325 0
    outer loop
      vertex -1.5377777870374407 0.1942665120246713 -1.9
      vertex -1.55 0 -24
      vertex -1.5377777870374407 0.1942665120246713 -24
    endloop
  endfacet
  facet normal 0.9822872507286885 -0.18738131458572502 0
    outer loop
      vertex -1.5013038997493782 0.385469325105525 -1.9
      vertex -1.5377777870374407 0.1942665120246713 -24
      vertex -1.5013038997493782 0.385469325105525 -24
    endloop
  endfacet
  facet normal 0.9510565162951539 -0.3090169943749468 0
    outer loop
      vertex -1.4411535531267898 0.5705930566612507 -1.9
      vertex -1.5013038997493782 0.385469325105525 -24
      vertex -1.4411535531267898 0.5705930566612507 -24
    endloop
  endfacet
  facet normal 0.9048270524660191 -0.4257792915650733 0
    outer loop
      vertex -1.3582753540679884 0.7467181948576589 -1.9
      vertex -1.4411535531267898 0.5705930566612507 -24
      vertex -1.3582753540679884 0.7467181948576589 -24
    endloop
  endfacet
  facet normal 0.8443279255020156 -0.5358267949789959 0
    outer loop
      vertex -1.2539763412811686 0.9110671410533334 -1.9
      vertex -1.3582753540679884 0.7467181948576589 -24
      vertex -1.2539763412811686 0.9110671410533334 -24
    endloop
  endfacet
  facet normal 0.7705132427757887 -0.6374239897486902 0
    outer loop
      vertex -1.1299013725031881 1.0610480141894671 -1.9
      vertex -1.2539763412811686 0.9110671410533334 -24
      vertex -1.1299013725031881 1.0610480141894671 -24
    endloop
  endfacet
  facet normal 0.6845471059286891 -0.7289686274214112 0
    outer loop
      vertex -0.988007184110469 1.1942955263024735 -1.9
      vertex -1.1299013725031881 1.0610480141894671 -24
      vertex -0.988007184110469 1.1942955263024735 -24
    endloop
  endfacet
  facet normal 0.5877852522924731 -0.8090169943749475 0
    outer loop
      vertex -0.830531532217445 1.3087082845281233 -1.9
      vertex -0.988007184110469 1.1942955263024735 -24
      vertex -0.830531532217445 1.3087082845281233 -24
    endloop
  endfacet
  facet normal 0.48175367410171516 -0.8763066800438638 0
    outer loop
      vertex -0.6599579019258627 1.4024819313223302 -1.9
      vertex -0.830531532217445 1.3087082845281233 -24
      vertex -0.6599579019258627 1.4024819313223302 -24
    endloop
  endfacet
  facet normal 0.3681245526846776 -0.9297764858882517 0
    outer loop
      vertex -0.47897634128116845 1.474137600257488 -1.9
      vertex -0.6599579019258627 1.4024819313223302 -24
      vertex -0.47897634128116845 1.474137600257488 -24
    endloop
  endfacet
  facet normal 0.24868988716485554 -0.9685831611286309 0
    outer loop
      vertex -0.2904410376078731 1.5225452386294676 -1.9
      vertex -0.47897634128116845 1.474137600257488 -24
      vertex -0.2904410376078731 1.5225452386294676 -24
    endloop
  endfacet
  facet normal 0.12533323356430429 -0.9921147013144779 0
    outer loop
      vertex -0.09732530527043558 1.546941429063821 -1.9
      vertex -0.2904410376078731 1.5225452386294676 -24
      vertex -0.09732530527043558 1.546941429063821 -24
    endloop
  endfacet
  facet normal 0.9980267284282717 -0.06279051952931325 0
    outer loop
      vertex -1.55 0 -1.9
      vertex -1.55 0 -24
      vertex -1.5377777870374407 0.1942665120246713 -1.9
    endloop
  endfacet
  facet normal 0.9822872507286885 -0.18738131458572502 0
    outer loop
      vertex -1.5377777870374407 0.1942665120246713 -1.9
      vertex -1.5377777870374407 0.1942665120246713 -24
      vertex -1.5013038997493782 0.385469325105525 -1.9
    endloop
  endfacet
  facet normal 0.9510565162951539 -0.3090169943749468 0
    outer loop
      vertex -1.5013038997493782 0.385469325105525 -1.9
      vertex -1.5013038997493782 0.385469325105525 -24
      vertex -1.4411535531267898 0.5705930566612507 -1.9
    endloop
  endfacet
  facet normal 0.9048270524660191 -0.4257792915650733 0
    outer loop
      vertex -1.4411535531267898 0.5705930566612507 -1.9
      vertex -1.4411535531267898 0.5705930566612507 -24
      vertex -1.3582753540679884 0.7467181948576589 -1.9
    endloop
  endfacet
  facet normal 0.8443279255020156 -0.5358267949789959 0
    outer loop
      vertex -1.3582753540679884 0.7467181948576589 -1.9
      vertex -1.3582753540679884 0.7467181948576589 -24
      vertex -1.2539763412811686 0.9110671410533334 -1.9
    endloop
  endfacet
  facet normal 0.7705132427757887 -0.6374239897486902 0
    outer loop
      vertex -1.2539763412811686 0.9110671410533334 -1.9
      vertex -1.2539763412811686 0.9110671410533334 -24
      vertex -1.1299013725031881 1.0610480141894671 -1.9
    endloop
  endfacet
  facet normal 0.6845471059286891 -0.7289686274214112 0
    outer loop
      vertex -1.1299013725031881 1.0610480141894671 -1.9
      vertex -1.1299013725031881 1.0610480141894671 -24
      vertex -0.988007184110469 1.1942955263024735 -1.9
    endloop
  endfacet
  facet normal 0.5877852522924731 -0.8090169943749475 0
    outer loop
      vertex -0.988007184110469 1.1942955263024735 -1.9
      vertex -0.988007184110469 1.1942955263024735 -24
      vertex -0.830531532217445 1.3087082845281233 -1.9
    endloop
  endfacet
  facet normal 0.48175367410171516 -0.8763066800438638 0
    outer loop
      vertex -0.830531532217445 1.3087082845281233 -1.9
      vertex -0.830531532217445 1.3087082845281233 -24
      vertex -0.6599579019258627 1.4024819313223302 -1.9
    endloop
  endfacet
  facet normal 0.3681245526846776 -0.9297764858882517 0
    outer loop
      vertex -0.6599579019258627 1.4024819313223302 -1.9
      vertex -0.6599579019258627 1.4024819313223302 -24
      vertex -0.47897634128116845 1.474137600257488 -1.9
    endloop
  endfacet
  facet normal 0.24868988716485554 -0.9685831611286309 0
    outer loop
      vertex -0.47897634128116845 1.474137600257488 -1.9
      vertex -0.47897634128116845 1.474137600257488 -24
      vertex -0.2904410376078731 1.5225452386294676 -1.9
    endloop
  endfacet
  facet normal 0.12533323356430429 -0.9921147013144779 0
    outer loop
      vertex -0.2904410376078731 1.5225452386294676 -1.9
      vertex -0.2904410376078731 1.5225452386294676 -24
      vertex -0.09732530527043558 1.546941429063821 -1.9
    endloop
  endfacet
  facet normal 0 -1 0
    outer loop
      vertex -0.09732530527043558 1.546941429063821 -1.9
      vertex -0.09732530527043558 1.546941429063821 -24
      vertex 0.09732530527043558 1.546941429063821 -1.9
    endloop
  endfacet
  facet normal -0.12533323356430562 0.9921147013144777 0
    outer loop
      vertex 0.09732530527043634 -1.546941429063821 -1.9
      vertex 0.2904410376078735 -1.5225452386294673 -24
      vertex 0.09732530527043634 -1.546941429063821 -24
    endloop
  endfacet
  facet normal -0.248689887164855 0.968583161128631 0
    outer loop
      vertex 0.2904410376078735 -1.5225452386294673 -1.9
      vertex 0.47897634128116845 -1.474137600257488 -24
      vertex 0.2904410376078735 -1.5225452386294673 -24
    endloop
  endfacet
  facet normal -0.3681245526846772 0.9297764858882518 0
    outer loop
      vertex 0.47897634128116845 -1.474137600257488 -1.9
      vertex 0.6599579019258623 -1.4024819313223305 -24
      vertex 0.47897634128116845 -1.474137600257488 -24
    endloop
  endfacet
  facet normal -0.4817536741017154 0.8763066800438635 0
    outer loop
      vertex 0.6599579019258623 -1.4024819313223305 -1.9
      vertex 0.8305315322174441 -1.3087082845281237 -24
      vertex 0.6599579019258623 -1.4024819313223305 -24
    endloop
  endfacet
  facet normal -0.5877852522924726 0.8090169943749479 0
    outer loop
      vertex 0.8305315322174441 -1.3087082845281237 -1.9
      vertex 0.9880071841104695 -1.194295526302473 -24
      vertex 0.8305315322174441 -1.3087082845281237 -24
    endloop
  endfacet
  facet normal -0.6845471059286893 0.728968627421411 0
    outer loop
      vertex 0.9880071841104695 -1.194295526302473 -1.9
      vertex 1.1299013725031881 -1.0610480141894671 -24
      vertex 0.9880071841104695 -1.194295526302473 -24
    endloop
  endfacet
  facet normal -0.7705132427757887 0.6374239897486902 0
    outer loop
      vertex 1.1299013725031881 -1.0610480141894671 -1.9
      vertex 1.2539763412811686 -0.9110671410533334 -24
      vertex 1.1299013725031881 -1.0610480141894671 -24
    endloop
  endfacet
  facet normal -0.8443279255020156 0.5358267949789959 0
    outer loop
      vertex 1.2539763412811686 -0.9110671410533334 -1.9
      vertex 1.3582753540679884 -0.7467181948576589 -24
      vertex 1.2539763412811686 -0.9110671410533334 -24
    endloop
  endfacet
  facet normal -0.9048270524660192 0.425779291565073 0
    outer loop
      vertex 1.3582753540679884 -0.7467181948576589 -1.9
      vertex 1.4411535531267894 -0.5705930566612515 -24
      vertex 1.3582753540679884 -0.7467181948576589 -24
    endloop
  endfacet
  facet normal -0.9510565162951534 0.3090169943749477 0
    outer loop
      vertex 1.4411535531267894 -0.5705930566612515 -1.9
      vertex 1.5013038997493784 -0.3854693251055244 -24
      vertex 1.4411535531267894 -0.5705930566612515 -24
    endloop
  endfacet
  facet normal -0.9822872507286886 0.1873813145857245 0
    outer loop
      vertex 1.5013038997493784 -0.3854693251055244 -1.9
      vertex 1.5377777870374407 -0.1942665120246713 -24
      vertex 1.5013038997493784 -0.3854693251055244 -24
    endloop
  endfacet
  facet normal -0.9980267284282717 0.06279051952931325 0
    outer loop
      vertex 1.5377777870374407 -0.1942665120246713 -1.9
      vertex 1.55 0 -24
      vertex 1.5377777870374407 -0.1942665120246713 -24
    endloop
  endfacet
  facet normal 0 1 0
    outer loop
      vertex -0.09732530527043634 -1.546941429063821 -1.9
      vertex 0.09732530527043634 -1.546941429063821 -1.9
      vertex 0.09732530527043634 -1.546941429063821 -24
    endloop
  endfacet
  facet normal -0.12533323356430562 0.9921147013144777 0
    outer loop
      vertex 0.09732530527043634 -1.546941429063821 -1.9
      vertex 0.2904410376078735 -1.5225452386294673 -1.9
      vertex 0.2904410376078735 -1.5225452386294673 -24
    endloop
  endfacet
  facet normal -0.248689887164855 0.968583161128631 0
    outer loop
      vertex 0.2904410376078735 -1.5225452386294673 -1.9
      vertex 0.47897634128116845 -1.474137600257488 -1.9
      vertex 0.47897634128116845 -1.474137600257488 -24
    endloop
  endfacet
  facet normal -0.3681245526846772 0.9297764858882518 0
    outer loop
      vertex 0.47897634128116845 -1.474137600257488 -1.9
      vertex 0.6599579019258623 -1.4024819313223305 -1.9
      vertex 0.6599579019258623 -1.4024819313223305 -24
    endloop
  endfacet
  facet normal -0.4817536741017154 0.8763066800438635 0
    outer loop
      vertex 0.6599579019258623 -1.4024819313223305 -1.9
      vertex 0.8305315322174441 -1.3087082845281237 -1.9
      vertex 0.8305315322174441 -1.3087082845281237 -24
    endloop
  endfacet
  facet normal -0.5877852522924726 0.8090169943749479 0
    outer loop
      vertex 0.8305315322174441 -1.3087082845281237 -1.9
      vertex 0.9880071841104695 -1.194295526302473 -1.9
      vertex 0.9880071841104695 -1.194295526302473 -24
    endloop
  endfacet
  facet normal -0.6845471059286893 0.728968627421411 0
    outer loop
      vertex 0.9880071841104695 -1.194295526302473 -1.9
      vertex 1.1299013725031881 -1.0610480141894671 -1.9
      vertex 1.1299013725031881 -1.0610480141894671 -24
    endloop
  endfacet
  facet normal -0.7705132427757887 0.6374239897486902 0
    outer loop
      vertex 1.1299013725031881 -1.0610480141894671 -1.9
      vertex 1.2539763412811686 -0.9110671410533334 -1.9
      vertex 1.2539763412811686 -0.9110671410533334 -24
    endloop
  endfacet
  facet normal -0.8443279255020156 0.5358267949789959 0
    outer loop
      vertex 1.2539763412811686 -0.9110671410533334 -1.9
      vertex 1.3582753540679884 -0.7467181948576589 -1.9
      vertex 1.3582753540679884 -0.7467181948576589 -24
    endloop
  endfacet
  facet normal -0.9048270524660192 0.425779291565073 0
    outer loop
      vertex 1.3582753540679884 -0.7467181948576589 -1.9
      vertex 1.4411535531267894 -0.5705930566612515 -1.9
      vertex 1.4411535531267894 -0.5705930566612515 -24
    endloop
  endfacet
  facet normal -0.9510565162951534 0.3090169943749477 0
    outer loop
      vertex 1.4411535531267894 -0.5705930566612515 -1.9
      vertex 1.5013038997493784 -0.3854693251055244 -1.9
      vertex 1.5013038997493784 -0.3854693251055244 -24
    endloop
  endfacet
  facet normal -0.9822872507286886 0.1873813145857245 0
    outer loop
      vertex 1.5013038997493784 -0.3854693251055244 -1.9
      vertex 1.5377777870374407 -0.1942665120246713 -1.9
      vertex 1.5377777870374407 -0.1942665120246713 -24
    endloop
  endfacet
  facet normal -0.9980267284282717 0.06279051952931325 0
    outer loop
      vertex 1.5377777870374407 -0.1942665120246713 -1.9
      vertex 1.55 0 -1.9
      vertex 1.55 0 -24
    endloop
  endfacet
  facet normal 0 -1 0
    outer loop
      vertex 0.09732530527043558 1.546941429063821 -1.9
      vertex -0.09732530527043558 1.546941429063821 -24
      vertex 0.09732530527043526 1.546941429063821 -24
    endloop
  endfacet
  facet normal -0.24868988716485554 -0.9685831611286309 0
    outer loop
      vertex 0.47897634128116845 1.474137600257488 -1.9
      vertex 0.2904410376078731 1.5225452386294676 -24
      vertex 0.47897634128116845 1.474137600257488 -24
    endloop
  endfacet
  facet normal -0.1253332335643041 -0.9921147013144779 0
    outer loop
      vertex 0.2904410376078731 1.5225452386294676 -1.9
      vertex 0.09732530527043526 1.546941429063821 -24
      vertex 0.2904410376078731 1.5225452386294676 -24
    endloop
  endfacet
  facet normal -0.3681245526846776 -0.9297764858882517 0
    outer loop
      vertex 0.6599579019258627 1.4024819313223302 -1.9
      vertex 0.47897634128116845 1.474137600257488 -24
      vertex 0.6599579019258627 1.4024819313223302 -24
    endloop
  endfacet
  facet normal -0.4817536741017147 -0.8763066800438639 0
    outer loop
      vertex 0.8305315322174448 1.3087082845281235 -1.9
      vertex 0.6599579019258627 1.4024819313223302 -24
      vertex 0.8305315322174448 1.3087082845281235 -24
    endloop
  endfacet
  facet normal -0.9822872507286884 -0.18738131458572538 0
    outer loop
      vertex 1.5377777870374407 0.1942665120246716 -1.9
      vertex 1.5013038997493782 0.38546932510552495 -24
      vertex 1.5377777870374407 0.1942665120246716 -24
    endloop
  endfacet
  facet normal -0.9980267284282717 -0.06279051952931315 0
    outer loop
      vertex 1.55 0 -1.9
      vertex 1.5377777870374407 0.1942665120246716 -24
      vertex 1.55 0 -24
    endloop
  endfacet
  facet normal -0.9048270524660199 -0.4257792915650722 0
    outer loop
      vertex 1.4411535531267896 0.5705930566612509 -1.9
      vertex 1.3582753540679886 0.7467181948576588 -24
      vertex 1.4411535531267896 0.5705930566612509 -24
    endloop
  endfacet
  facet normal -0.9510565162951535 -0.30901699437494734 0
    outer loop
      vertex 1.5013038997493782 0.38546932510552495 -1.9
      vertex 1.4411535531267896 0.5705930566612509 -24
      vertex 1.5013038997493782 0.38546932510552495 -24
    endloop
  endfacet
  facet normal -0.8443279255020152 -0.5358267949789963 0
    outer loop
      vertex 1.3582753540679886 0.7467181948576588 -1.9
      vertex 1.2539763412811686 0.9110671410533334 -24
      vertex 1.3582753540679886 0.7467181948576588 -24
    endloop
  endfacet
  facet normal -0.5877852522924735 -0.8090169943749471 0
    outer loop
      vertex 0.9880071841104692 1.1942955263024733 -1.9
      vertex 0.8305315322174448 1.3087082845281235 -24
      vertex 0.9880071841104692 1.1942955263024733 -24
    endloop
  endfacet
  facet normal -0.6845471059286884 -0.7289686274214119 0
    outer loop
      vertex 1.129901372503188 1.0610480141894676 -1.9
      vertex 0.9880071841104692 1.1942955263024733 -24
      vertex 1.129901372503188 1.0610480141894676 -24
    endloop
  endfacet
  facet normal -0.7705132427757891 -0.6374239897486897 0
    outer loop
      vertex 1.2539763412811686 0.9110671410533334 -1.9
      vertex 1.129901372503188 1.0610480141894676 -24
      vertex 1.2539763412811686 0.9110671410533334 -24
    endloop
  endfacet
  facet normal -0.12533323356430429 -0.9921147013144779 1.810181197985125e-18
    outer loop
      vertex 0.09732530527043558 1.546941429063821 -1.9
      vertex 0.09732530527043526 1.546941429063821 -24
      vertex 0.2904410376078731 1.5225452386294676 -1.9
    endloop
  endfacet
  facet normal -0.24868988716485554 -0.9685831611286309 0
    outer loop
      vertex 0.2904410376078731 1.5225452386294676 -1.9
      vertex 0.2904410376078731 1.5225452386294676 -24
      vertex 0.47897634128116845 1.474137600257488 -1.9
    endloop
  endfacet
  facet normal -0.3681245526846776 -0.9297764858882517 0
    outer loop
      vertex 0.47897634128116845 1.474137600257488 -1.9
      vertex 0.47897634128116845 1.474137600257488 -24
      vertex 0.6599579019258627 1.4024819313223302 -1.9
    endloop
  endfacet
  facet normal -0.4817536741017147 -0.8763066800438639 0
    outer loop
      vertex 0.8305315322174448 1.3087082845281235 -1.9
      vertex 0.6599579019258627 1.4024819313223302 -1.9
      vertex 0.6599579019258627 1.4024819313223302 -24
    endloop
  endfacet
  facet normal -0.8443279255020152 -0.5358267949789963 0
    outer loop
      vertex 1.3582753540679886 0.7467181948576588 -1.9
      vertex 1.2539763412811686 0.9110671410533334 -1.9
      vertex 1.2539763412811686 0.9110671410533334 -24
    endloop
  endfacet
  facet normal -0.9822872507286884 -0.18738131458572538 0
    outer loop
      vertex 1.5377777870374407 0.1942665120246716 -1.9
      vertex 1.5013038997493782 0.38546932510552495 -1.9
      vertex 1.5013038997493782 0.38546932510552495 -24
    endloop
  endfacet
  facet normal -0.9980267284282717 -0.06279051952931315 0
    outer loop
      vertex 1.55 0 -1.9
      vertex 1.5377777870374407 0.1942665120246716 -1.9
      vertex 1.5377777870374407 0.1942665120246716 -24
    endloop
  endfacet
  facet normal -0.9510565162951535 -0.30901699437494734 0
    outer loop
      vertex 1.5013038997493782 0.38546932510552495 -1.9
      vertex 1.4411535531267896 0.5705930566612509 -1.9
      vertex 1.4411535531267896 0.5705930566612509 -24
    endloop
  endfacet
  facet normal -0.9048270524660199 -0.4257792915650722 0
    outer loop
      vertex 1.4411535531267896 0.5705930566612509 -1.9
      vertex 1.3582753540679886 0.7467181948576588 -1.9
      vertex 1.3582753540679886 0.7467181948576588 -24
    endloop
  endfacet
  facet normal -0.5877852522924735 -0.8090169943749471 0
    outer loop
      vertex 0.8305315322174448 1.3087082845281235 -1.9
      vertex 0.8305315322174448 1.3087082845281235 -24
      vertex 0.9880071841104692 1.1942955263024733 -1.9
    endloop
  endfacet
  facet normal -0.6845471059286884 -0.7289686274214119 0
    outer loop
      vertex 1.129901372503188 1.0610480141894676 -1.9
      vertex 0.9880071841104692 1.1942955263024733 -1.9
      vertex 0.9880071841104692 1.1942955263024733 -24
    endloop
  endfacet
  facet normal -0.7705132427757891 -0.6374239897486897 0
    outer loop
      vertex 1.129901372503188 1.0610480141894676 -1.9
      vertex 1.129901372503188 1.0610480141894676 -24
      vertex 1.2539763412811686 0.9110671410533334 -1.9
    endloop
  endfacet
endsolid OpenSCAD_Model
