solid OpenSCAD_Model
  facet normal -0.8443279255020153 -0.5358267949789964 0
    outer loop
      vertex -18.202882373436317 -13.225168176580645 -13.5
      vertex -19.71690030098693 -10.839457667288595 0
      vertex -19.71690030098693 -10.839457667288595 -13.5
    endloop
  endfacet
  facet normal -0.770513242775789 -0.63742398974869 0
    outer loop
      vertex -18.202882373436317 -13.225168176580645 -13.5
      vertex -16.401794116981762 -15.40230988339549 -13.5
      vertex -18.202882373436317 -13.225168176580645 0
    endloop
  endfacet
  facet normal -0.5877852522924732 -0.8090169943749473 0
    outer loop
      vertex -14.342039769345517 -17.33654796245526 -13.5
      vertex -12.056102887027427 -18.99737832379534 -13.5
      vertex -12.056102887027427 -18.99737832379534 0
    endloop
  endfacet
  facet normal -0.6845471059286891 -0.728968627421411 0
    outer loop
      vertex -14.342039769345517 -17.33654796245526 -13.5
      vertex -14.342039769345517 -17.33654796245526 0
      vertex -16.401794116981762 -15.40230988339549 -13.5
    endloop
  endfacet
  facet normal 0 0 -1
    outer loop
      vertex -20.919970932485658 -8.282802435405252 -13.5
      vertex -21.7931211253942 -5.595522461209234 -13.5
      vertex -20.919970932485658 8.282802435405252 -13.5
    endloop
  endfacet
  facet normal 0 0 -1
    outer loop
      vertex -21.7931211253942 -5.595522461209234 -13.5
      vertex -22.322580779575752 -2.8199977551968414 -13.5
      vertex -21.7931211253942 5.595522461209234 -13.5
    endloop
  endfacet
  facet normal 0 0 -1
    outer loop
      vertex -19.71690030098693 -10.839457667288595 -13.5
      vertex -20.919970932485658 -8.282802435405252 -13.5
      vertex -19.71690030098693 10.839457667288595 -13.5
    endloop
  endfacet
  facet normal 0 0 -1
    outer loop
      vertex -18.202882373436317 -13.225168176580645 -13.5
      vertex -19.71690030098693 -10.839457667288595 -13.5
      vertex -18.202882373436317 13.225168176580645 -13.5
    endloop
  endfacet
  facet normal 0 0 -1
    outer loop
      vertex -18.202882373436317 -13.225168176580645 -13.5
      vertex -16.401794116981762 15.40230988339549 -13.5
      vertex -16.401794116981762 -15.40230988339549 -13.5
    endloop
  endfacet
  facet normal 0 0 -1
    outer loop
      vertex -14.342039769345517 -17.33654796245526 -13.5
      vertex -12.056102887027427 18.99737832379534 -13.5
      vertex -12.056102887027427 -18.99737832379534 -13.5
    endloop
  endfacet
  facet normal 0 0 -1
    outer loop
      vertex -14.342039769345517 -17.33654796245526 -13.5
      vertex -16.401794116981762 -15.40230988339549 -13.5
      vertex -14.342039769345517 17.33654796245526 -13.5
    endloop
  endfacet
  facet normal -0.9048270524660194 -0.425779291565073 0
    outer loop
      vertex -19.71690030098693 -10.839457667288595 -13.5
      vertex -20.919970932485658 -8.282802435405252 0
      vertex -20.919970932485658 -8.282802435405252 -13.5
    endloop
  endfacet
  facet normal -0.9510565162951534 -0.3090169943749477 0
    outer loop
      vertex -20.919970932485658 -8.282802435405252 -13.5
      vertex -21.7931211253942 -5.595522461209234 0
      vertex -21.7931211253942 -5.595522461209234 -13.5
    endloop
  endfacet
  facet normal -0.9822872507286888 -0.1873813145857242 0
    outer loop
      vertex -21.7931211253942 -5.595522461209234 -13.5
      vertex -22.322580779575752 -2.8199977551968414 0
      vertex -22.322580779575752 -2.8199977551968414 -13.5
    endloop
  endfacet
  facet normal -0.9980267284282714 -0.06279051952931324 0
    outer loop
      vertex -22.322580779575752 -2.8199977551968414 -13.5
      vertex -22.5 0 0
      vertex -22.5 0 -13.5
    endloop
  endfacet
  facet normal 0 0 -1
    outer loop
      vertex -4.2160795781788085 -22.101463141395495 -13.5
      vertex -1.004305231718579 -3.090933677959249 -13.5
      vertex -1.4127866894095598 -22.45560138963611 -13.5
    endloop
  endfacet
  facet normal -0.4817536741017143 -0.8763066800438641 0
    outer loop
      vertex -12.056102887027427 -18.99737832379534 -13.5
      vertex -9.58003406021413 -20.35860868048544 -13.5
      vertex -9.58003406021413 -20.35860868048544 0
    endloop
  endfacet
  facet normal -0.3681245526846779 -0.9297764858882513 0
    outer loop
      vertex -9.58003406021413 -20.35860868048544 -13.5
      vertex -6.952882373436316 -21.398771616640953 -13.5
      vertex -6.952882373436316 -21.398771616640953 0
    endloop
  endfacet
  facet normal -0.24868988716485585 -0.9685831611286309 0
    outer loop
      vertex -6.952882373436316 -21.398771616640953 -13.5
      vertex -4.2160795781788085 -22.101463141395495 -13.5
      vertex -4.2160795781788085 -22.101463141395495 0
    endloop
  endfacet
  facet normal -0.12533323356430498 -0.9921147013144777 0
    outer loop
      vertex -4.2160795781788085 -22.101463141395495 -13.5
      vertex -1.4127866894095598 -22.45560138963611 -13.5
      vertex -1.4127866894095598 -22.45560138963611 0
    endloop
  endfacet
  facet normal 0 0 -1
    outer loop
      vertex -12.056102887027427 -18.99737832379534 -13.5
      vertex -9.580034060214135 20.35860868048544 -13.5
      vertex -9.58003406021413 -20.35860868048544 -13.5
    endloop
  endfacet
  facet normal 0 0 -1
    outer loop
      vertex -9.58003406021413 -20.35860868048544 -13.5
      vertex -6.952882373436316 21.398771616640953 -13.5
      vertex -6.952882373436316 -21.398771616640953 -13.5
    endloop
  endfacet
  facet normal 0 0 -1
    outer loop
      vertex -4.2160795781788085 -22.101463141395495 -13.5
      vertex -2.8479967101425565 -1.5656994408305749 -13.5
      vertex -2.629305231718579 -1.9103020699505378 -13.5
    endloop
  endfacet
  facet normal 0 0 -1
    outer loop
      vertex -4.2160795781788085 -22.101463141395495 -13.5
      vertex -2.369148039119588 -2.224778094268238 -13.5
      vertex -2.0716279666832413 -2.5041680390213155 -13.5
    endloop
  endfacet
  facet normal 0 0 -1
    outer loop
      vertex -4.2160795781788085 -22.101463141395495 -13.5
      vertex -2.629305231718579 -1.9103020699505378 -13.5
      vertex -2.369148039119588 -2.224778094268238 -13.5
    endloop
  endfacet
  facet normal 0 0 -1
    outer loop
      vertex -6.952882373436316 -21.398771616640953 -13.5
      vertex -4.216079578178803 22.101463141395495 -13.5
      vertex -4.2160795781788085 -22.101463141395495 -13.5
    endloop
  endfacet
  facet normal 0 0 -1
    outer loop
      vertex -4.2160795781788085 -22.101463141395495 -13.5
      vertex -3.224372779272053 -0.40733300908398823 -13.5
      vertex -3.147895273668051 -0.8082421332857783 -13.5
    endloop
  endfacet
  facet normal 0 0 -1
    outer loop
      vertex -4.2160795781788085 -22.101463141395495 -13.5
      vertex -3.25 0 -13.5
      vertex -3.224372779272053 -0.40733300908398823 -13.5
    endloop
  endfacet
  facet normal 0 0 -1
    outer loop
      vertex -4.2160795781788085 -22.101463141395495 -13.5
      vertex -3.021773579136817 -1.1964047962252031 -13.5
      vertex -2.8479967101425565 -1.5656994408305749 -13.5
    endloop
  endfacet
  facet normal 0 0 -1
    outer loop
      vertex -4.2160795781788085 -22.101463141395495 -13.5
      vertex -3.147895273668051 -0.8082421332857783 -13.5
      vertex -3.021773579136817 -1.1964047962252031 -13.5
    endloop
  endfacet
  facet normal 0 0 -1
    outer loop
      vertex -4.2160795781788085 -22.101463141395495 -13.5
      vertex -1.7414370836817394 -2.7440657578815486 -13.5
      vertex -1.3837826975864855 -2.9406879205145637 -13.5
    endloop
  endfacet
  facet normal 0 0 -1
    outer loop
      vertex -4.2160795781788085 -22.101463141395495 -13.5
      vertex -1.3837826975864855 -2.9406879205145637 -13.5
      vertex -1.004305231718579 -3.090933677959249 -13.5
    endloop
  endfacet
  facet normal 0 0 -1
    outer loop
      vertex -4.2160795781788085 -22.101463141395495 -13.5
      vertex -2.0716279666832413 -2.5041680390213155 -13.5
      vertex -1.7414370836817394 -2.7440657578815486 -13.5
    endloop
  endfacet
  facet normal 0 0 -1
    outer loop
      vertex -1.4127866894095598 -22.45560138963611 -13.5
      vertex -1.004305231718579 -3.090933677959249 -13.5
      vertex -0.6089892724036057 -3.192433564868238 -13.5
    endloop
  endfacet
  facet normal 0 0 -1
    outer loop
      vertex -1.4127866894095598 -22.45560138963611 -13.5
      vertex -0.6089892724036057 -3.192433564868238 -13.5
      vertex -0.2040691884702697 -3.2435868673918824 -13.5
    endloop
  endfacet
  facet normal 0 0 -1
    outer loop
      vertex -1.4127866894095598 -22.45560138963611 -13.5
      vertex -0.2040691884702697 -3.2435868673918824 -13.5
      vertex 0.20406918847026972 -3.2435868673918824 -13.5
    endloop
  endfacet
  facet normal -0.770513242775789 -0.63742398974869 0
    outer loop
      vertex -16.401794116981762 -15.40230988339549 -13.5
      vertex -16.401794116981762 -15.40230988339549 0
      vertex -18.202882373436317 -13.225168176580645 0
    endloop
  endfacet
  facet normal -0.8443279255020153 -0.5358267949789964 0
    outer loop
      vertex -18.202882373436317 -13.225168176580645 -13.5
      vertex -18.202882373436317 -13.225168176580645 0
      vertex -19.71690030098693 -10.839457667288595 0
    endloop
  endfacet
  facet normal -0.5877852522924732 -0.8090169943749473 0
    outer loop
      vertex -14.342039769345517 -17.33654796245526 -13.5
      vertex -12.056102887027427 -18.99737832379534 0
      vertex -14.342039769345517 -17.33654796245526 0
    endloop
  endfacet
  facet normal -0.6845471059286891 -0.728968627421411 0
    outer loop
      vertex -16.401794116981762 -15.40230988339549 -13.5
      vertex -14.342039769345517 -17.33654796245526 0
      vertex -16.401794116981762 -15.40230988339549 0
    endloop
  endfacet
  facet normal -0.9048270524660194 -0.425779291565073 0
    outer loop
      vertex -19.71690030098693 -10.839457667288595 -13.5
      vertex -19.71690030098693 -10.839457667288595 0
      vertex -20.919970932485658 -8.282802435405252 0
    endloop
  endfacet
  facet normal -0.9510565162951534 -0.3090169943749477 0
    outer loop
      vertex -20.919970932485658 -8.282802435405252 -13.5
      vertex -20.919970932485658 -8.282802435405252 0
      vertex -21.7931211253942 -5.595522461209234 0
    endloop
  endfacet
  facet normal -0.9822872507286888 -0.1873813145857242 0
    outer loop
      vertex -21.7931211253942 -5.595522461209234 -13.5
      vertex -21.7931211253942 -5.595522461209234 0
      vertex -22.322580779575752 -2.8199977551968414 0
    endloop
  endfacet
  facet normal -0.9980267284282714 -0.06279051952931324 0
    outer loop
      vertex -22.322580779575752 -2.8199977551968414 -13.5
      vertex -22.322580779575752 -2.8199977551968414 0
      vertex -22.5 0 0
    endloop
  endfacet
  facet normal 0 0 1
    outer loop
      vertex -19.71690030098693 -10.839457667288595 0
      vertex -20.919970932485658 8.282802435405252 0
      vertex -20.919970932485658 -8.282802435405252 0
    endloop
  endfacet
  facet normal 0 0 1
    outer loop
      vertex -21.7931211253942 -5.595522461209234 0
      vertex -22.322580779575752 2.8199977551968414 0
      vertex -22.322580779575752 -2.8199977551968414 0
    endloop
  endfacet
  facet normal 0 0 1
    outer loop
      vertex -20.919970932485658 -8.282802435405252 0
      vertex -21.7931211253942 5.595522461209234 0
      vertex -21.7931211253942 -5.595522461209234 0
    endloop
  endfacet
  facet normal 0 0 1
    outer loop
      vertex -18.202882373436317 -13.225168176580645 0
      vertex -19.71690030098693 10.839457667288595 0
      vertex -19.71690030098693 -10.839457667288595 0
    endloop
  endfacet
  facet normal 0 0 1
    outer loop
      vertex -18.202882373436317 -13.225168176580645 0
      vertex -16.401794116981762 -15.40230988339549 0
      vertex -18.202882373436317 13.225168176580645 0
    endloop
  endfacet
  facet normal 0 0 1
    outer loop
      vertex -14.342039769345517 -17.33654796245526 0
      vertex -16.401794116981762 15.40230988339549 0
      vertex -16.401794116981762 -15.40230988339549 0
    endloop
  endfacet
  facet normal 0 0 1
    outer loop
      vertex -14.342039769345517 -17.33654796245526 0
      vertex -12.056102887027427 -18.99737832379534 0
      vertex -14.342039769345517 17.33654796245526 0
    endloop
  endfacet
  facet normal -0.3681245526846779 -0.9297764858882513 0
    outer loop
      vertex -9.58003406021413 -20.35860868048544 -13.5
      vertex -6.952882373436316 -21.398771616640953 0
      vertex -9.58003406021413 -20.35860868048544 0
    endloop
  endfacet
  facet normal -0.4817536741017143 -0.8763066800438641 0
    outer loop
      vertex -12.056102887027427 -18.99737832379534 -13.5
      vertex -9.58003406021413 -20.35860868048544 0
      vertex -12.056102887027427 -18.99737832379534 0
    endloop
  endfacet
  facet normal -0.24868988716485585 -0.9685831611286309 0
    outer loop
      vertex -6.952882373436316 -21.398771616640953 -13.5
      vertex -4.2160795781788085 -22.101463141395495 0
      vertex -6.952882373436316 -21.398771616640953 0
    endloop
  endfacet
  facet normal -0.12533323356430498 -0.9921147013144777 0
    outer loop
      vertex -4.2160795781788085 -22.101463141395495 -13.5
      vertex -1.4127866894095598 -22.45560138963611 0
      vertex -4.2160795781788085 -22.101463141395495 0
    endloop
  endfacet
  facet normal 0 -1 0
    outer loop
      vertex -1.4127866894095598 -22.45560138963611 -13.5
      vertex 1.4127866894095598 -22.45560138963611 0
      vertex -1.4127866894095598 -22.45560138963611 0
    endloop
  endfacet
  facet normal 0 0 1
    outer loop
      vertex -6.952882373436316 -21.398771616640953 0
      vertex -4.2160795781788085 -22.101463141395495 0
      vertex -5.914250001311302 0 0
    endloop
  endfacet
  facet normal 0 0 1
    outer loop
      vertex -4.2160795781788085 -22.101463141395495 0
      vertex -1.4127866894095598 -22.45560138963611 0
      vertex -2.957125000655651 -5.1218907460570335 0
    endloop
  endfacet
  facet normal 0 0 1
    outer loop
      vertex -1.4127866894095598 -22.45560138963611 0
      vertex 1.4127866894095598 -22.45560138963611 0
      vertex -2.957125000655651 -5.1218907460570335 0
    endloop
  endfacet
  facet normal 0 0 1
    outer loop
      vertex -12.056102887027427 -18.99737832379534 0
      vertex -9.58003406021413 -20.35860868048544 0
      vertex -12.056102887027427 18.99737832379534 0
    endloop
  endfacet
  facet normal 0 0 1
    outer loop
      vertex -9.58003406021413 -20.35860868048544 0
      vertex -6.952882373436316 -21.398771616640953 0
      vertex -9.580034060214135 20.35860868048544 0
    endloop
  endfacet
  facet normal 0 0 1
    outer loop
      vertex -4.2160795781788085 -22.101463141395495 0
      vertex -2.957125000655651 -5.1218907460570335 0
      vertex -5.914250001311302 0 0
    endloop
  endfacet
  facet normal 0 0 -1
    outer loop
      vertex -22.322580779575752 -2.8199977551968414 -13.5
      vertex -22.5 0 -13.5
      vertex -22.322580779575752 2.8199977551968414 -13.5
    endloop
  endfacet
  facet normal 0 0 -1
    outer loop
      vertex -22.322580779575752 -2.8199977551968414 -13.5
      vertex -22.322580779575752 2.8199977551968414 -13.5
      vertex -21.7931211253942 5.595522461209234 -13.5
    endloop
  endfacet
  facet normal 0 0 -1
    outer loop
      vertex -21.7931211253942 -5.595522461209234 -13.5
      vertex -21.7931211253942 5.595522461209234 -13.5
      vertex -20.919970932485658 8.282802435405252 -13.5
    endloop
  endfacet
  facet normal 0 0 -1
    outer loop
      vertex -20.919970932485658 -8.282802435405252 -13.5
      vertex -20.919970932485658 8.282802435405252 -13.5
      vertex -19.71690030098693 10.839457667288595 -13.5
    endloop
  endfacet
  facet normal 0 0 -1
    outer loop
      vertex -19.71690030098693 -10.839457667288595 -13.5
      vertex -19.71690030098693 10.839457667288595 -13.5
      vertex -18.202882373436317 13.225168176580645 -13.5
    endloop
  endfacet
  facet normal 0 0 -1
    outer loop
      vertex -18.202882373436317 -13.225168176580645 -13.5
      vertex -18.202882373436317 13.225168176580645 -13.5
      vertex -16.401794116981762 15.40230988339549 -13.5
    endloop
  endfacet
  facet normal 0 0 -1
    outer loop
      vertex -16.401794116981762 -15.40230988339549 -13.5
      vertex -16.401794116981762 15.40230988339549 -13.5
      vertex -14.342039769345517 17.33654796245526 -13.5
    endloop
  endfacet
  facet normal 0 0 -1
    outer loop
      vertex -14.342039769345517 -17.33654796245526 -13.5
      vertex -14.342039769345517 17.33654796245526 -13.5
      vertex -12.056102887027427 18.99737832379534 -13.5
    endloop
  endfacet
  facet normal -0.9980267284282714 0.06279051952931324 0
    outer loop
      vertex -22.5 0 -13.5
      vertex -22.322580779575752 2.8199977551968414 0
      vertex -22.322580779575752 2.8199977551968414 -13.5
    endloop
  endfacet
  facet normal -0.9822872507286888 0.1873813145857242 0
    outer loop
      vertex -22.322580779575752 2.8199977551968414 -13.5
      vertex -21.7931211253942 5.595522461209234 0
      vertex -21.7931211253942 5.595522461209234 -13.5
    endloop
  endfacet
  facet normal -0.9510565162951534 0.3090169943749477 0
    outer loop
      vertex -21.7931211253942 5.595522461209234 -13.5
      vertex -20.919970932485658 8.282802435405252 0
      vertex -20.919970932485658 8.282802435405252 -13.5
    endloop
  endfacet
  facet normal -0.9048270524660194 0.425779291565073 0
    outer loop
      vertex -20.919970932485658 8.282802435405252 -13.5
      vertex -19.71690030098693 10.839457667288595 0
      vertex -19.71690030098693 10.839457667288595 -13.5
    endloop
  endfacet
  facet normal -0.8443279255020153 0.5358267949789964 0
    outer loop
      vertex -19.71690030098693 10.839457667288595 -13.5
      vertex -18.202882373436317 13.225168176580645 0
      vertex -18.202882373436317 13.225168176580645 -13.5
    endloop
  endfacet
  facet normal -0.770513242775789 0.63742398974869 0
    outer loop
      vertex -18.202882373436317 13.225168176580645 -13.5
      vertex -16.401794116981762 15.40230988339549 0
      vertex -16.401794116981762 15.40230988339549 -13.5
    endloop
  endfacet
  facet normal -0.6845471059286891 0.728968627421411 0
    outer loop
      vertex -16.401794116981762 15.40230988339549 -13.5
      vertex -16.401794116981762 15.40230988339549 0
      vertex -14.342039769345517 17.33654796245526 -13.5
    endloop
  endfacet
  facet normal -0.5877852522924732 0.8090169943749473 0
    outer loop
      vertex -14.342039769345517 17.33654796245526 -13.5
      vertex -14.342039769345517 17.33654796245526 0
      vertex -12.056102887027427 18.99737832379534 -13.5
    endloop
  endfacet
  facet normal 0 0 -1
    outer loop
      vertex -12.056102887027427 -18.99737832379534 -13.5
      vertex -12.056102887027427 18.99737832379534 -13.5
      vertex -9.580034060214135 20.35860868048544 -13.5
    endloop
  endfacet
  facet normal 0 0 -1
    outer loop
      vertex -9.58003406021413 -20.35860868048544 -13.5
      vertex -9.580034060214135 20.35860868048544 -13.5
      vertex -6.952882373436316 21.398771616640953 -13.5
    endloop
  endfacet
  facet normal 0 0 -1
    outer loop
      vertex -6.952882373436316 -21.398771616640953 -13.5
      vertex -6.952882373436316 21.398771616640953 -13.5
      vertex -4.216079578178803 22.101463141395495 -13.5
    endloop
  endfacet
  facet normal 0 0 -1
    outer loop
      vertex -4.2160795781788085 -22.101463141395495 -13.5
      vertex -4.216079578178803 22.101463141395495 -13.5
      vertex -3.25 0 -13.5
    endloop
  endfacet
  facet normal 0 0 -1
    outer loop
      vertex -4.216079578178803 22.101463141395495 -13.5
      vertex -3.224372779272053 0.40733300908398823 -13.5
      vertex -3.25 0 -13.5
    endloop
  endfacet
  facet normal 0 0 -1
    outer loop
      vertex -4.216079578178803 22.101463141395495 -13.5
      vertex -3.147895273668051 0.8082421332857783 -13.5
      vertex -3.224372779272053 0.40733300908398823 -13.5
    endloop
  endfacet
  facet normal 0 0 -1
    outer loop
      vertex -4.216079578178803 22.101463141395495 -13.5
      vertex -3.021773579136817 1.1964047962252031 -13.5
      vertex -3.147895273668051 0.8082421332857783 -13.5
    endloop
  endfacet
  facet normal 0 0 -1
    outer loop
      vertex -4.216079578178803 22.101463141395495 -13.5
      vertex -2.8479967101425565 1.5656994408305749 -13.5
      vertex -3.021773579136817 1.1964047962252031 -13.5
    endloop
  endfacet
  facet normal 0 0 -1
    outer loop
      vertex -1.4127866894095487 22.45560138963611 -13.5
      vertex -2.629305231718579 1.9103020699505378 -13.5
      vertex -2.8479967101425565 1.5656994408305749 -13.5
    endloop
  endfacet
  facet normal 0 0 -1
    outer loop
      vertex -1.4127866894095487 22.45560138963611 -13.5
      vertex -2.369148039119588 2.224778094268238 -13.5
      vertex -2.629305231718579 1.9103020699505378 -13.5
    endloop
  endfacet
  facet normal 0 0 -1
    outer loop
      vertex -1.4127866894095487 22.45560138963611 -13.5
      vertex -2.0716279666832413 2.5041680390213155 -13.5
      vertex -2.369148039119588 2.224778094268238 -13.5
    endloop
  endfacet
  facet normal 0 0 -1
    outer loop
      vertex -1.4127866894095487 22.45560138963611 -13.5
      vertex -1.7414370836817394 2.7440657578815486 -13.5
      vertex -2.0716279666832413 2.5041680390213155 -13.5
    endloop
  endfacet
  facet normal 0 0 -1
    outer loop
      vertex -1.4127866894095487 22.45560138963611 -13.5
      vertex -1.3837826975864864 2.9406879205145633 -13.5
      vertex -1.7414370836817394 2.7440657578815486 -13.5
    endloop
  endfacet
  facet normal 0 0 -1
    outer loop
      vertex -1.4127866894095487 22.45560138963611 -13.5
      vertex -1.004305231718579 3.090933677959249 -13.5
      vertex -1.3837826975864864 2.9406879205145633 -13.5
    endloop
  endfacet
  facet normal 0 0 -1
    outer loop
      vertex -1.4127866894095487 22.45560138963611 -13.5
      vertex -0.6089892724036049 3.1924335648682383 -13.5
      vertex -1.004305231718579 3.090933677959249 -13.5
    endloop
  endfacet
  facet normal 0 0 -1
    outer loop
      vertex -1.4127866894095487 22.45560138963611 -13.5
      vertex -0.20406918847026814 3.2435868673918824 -13.5
      vertex -0.6089892724036049 3.1924335648682383 -13.5
    endloop
  endfacet
  facet normal 0 0 -1
    outer loop
      vertex -4.216079578178803 22.101463141395495 -13.5
      vertex -1.4127866894095487 22.45560138963611 -13.5
      vertex -2.8479967101425565 1.5656994408305749 -13.5
    endloop
  endfacet
  facet normal 0 0 -1
    outer loop
      vertex -1.4127866894095487 22.45560138963611 -13.5
      vertex 1.4127866894095487 22.45560138963611 -13.5
      vertex -0.20406918847026814 3.2435868673918824 -13.5
    endloop
  endfacet
  facet normal -0.48175367410171516 0.8763066800438637 0
    outer loop
      vertex -12.056102887027427 18.99737832379534 -13.5
      vertex -12.056102887027427 18.99737832379534 0
      vertex -9.580034060214135 20.35860868048544 -13.5
    endloop
  endfacet
  facet normal -0.3681245526846773 0.9297764858882516 0
    outer loop
      vertex -9.580034060214135 20.35860868048544 -13.5
      vertex -9.580034060214135 20.35860868048544 0
      vertex -6.952882373436316 21.398771616640953 -13.5
    endloop
  endfacet
  facet normal -0.24868988716485535 0.968583161128631 0
    outer loop
      vertex -6.952882373436316 21.398771616640953 -13.5
      vertex -6.952882373436316 21.398771616640953 0
      vertex -4.216079578178803 22.101463141395495 -13.5
    endloop
  endfacet
  facet normal -0.12533323356430473 0.9921147013144778 0
    outer loop
      vertex -4.216079578178803 22.101463141395495 -13.5
      vertex -4.216079578178803 22.101463141395495 0
      vertex -1.4127866894095487 22.45560138963611 -13.5
    endloop
  endfacet
  facet normal 0 1 0
    outer loop
      vertex -1.4127866894095487 22.45560138963611 -13.5
      vertex -1.4127866894095487 22.45560138963611 0
      vertex 1.4127866894095487 22.45560138963611 -13.5
    endloop
  endfacet
  facet normal -0.9980267284282714 0.06279051952931324 0
    outer loop
      vertex -22.5 0 -13.5
      vertex -22.5 0 0
      vertex -22.322580779575752 2.8199977551968414 0
    endloop
  endfacet
  facet normal -0.9822872507286888 0.1873813145857242 0
    outer loop
      vertex -22.322580779575752 2.8199977551968414 -13.5
      vertex -22.322580779575752 2.8199977551968414 0
      vertex -21.7931211253942 5.595522461209234 0
    endloop
  endfacet
  facet normal -0.9510565162951534 0.3090169943749477 0
    outer loop
      vertex -21.7931211253942 5.595522461209234 -13.5
      vertex -21.7931211253942 5.595522461209234 0
      vertex -20.919970932485658 8.282802435405252 0
    endloop
  endfacet
  facet normal -0.9048270524660194 0.425779291565073 0
    outer loop
      vertex -20.919970932485658 8.282802435405252 -13.5
      vertex -20.919970932485658 8.282802435405252 0
      vertex -19.71690030098693 10.839457667288595 0
    endloop
  endfacet
  facet normal 0 0 1
    outer loop
      vertex -22.322580779575752 -2.8199977551968414 0
      vertex -22.322580779575752 2.8199977551968414 0
      vertex -22.5 0 0
    endloop
  endfacet
  facet normal 0 0 1
    outer loop
      vertex -21.7931211253942 -5.595522461209234 0
      vertex -21.7931211253942 5.595522461209234 0
      vertex -22.322580779575752 2.8199977551968414 0
    endloop
  endfacet
  facet normal 0 0 1
    outer loop
      vertex -20.919970932485658 -8.282802435405252 0
      vertex -20.919970932485658 8.282802435405252 0
      vertex -21.7931211253942 5.595522461209234 0
    endloop
  endfacet
  facet normal 0 0 1
    outer loop
      vertex -19.71690030098693 -10.839457667288595 0
      vertex -19.71690030098693 10.839457667288595 0
      vertex -20.919970932485658 8.282802435405252 0
    endloop
  endfacet
  facet normal 0 0 1
    outer loop
      vertex -18.202882373436317 -13.225168176580645 0
      vertex -18.202882373436317 13.225168176580645 0
      vertex -19.71690030098693 10.839457667288595 0
    endloop
  endfacet
  facet normal 0 0 1
    outer loop
      vertex -16.401794116981762 -15.40230988339549 0
      vertex -16.401794116981762 15.40230988339549 0
      vertex -18.202882373436317 13.225168176580645 0
    endloop
  endfacet
  facet normal 0 0 1
    outer loop
      vertex -14.342039769345517 -17.33654796245526 0
      vertex -14.342039769345517 17.33654796245526 0
      vertex -16.401794116981762 15.40230988339549 0
    endloop
  endfacet
  facet normal 0 0 1
    outer loop
      vertex -12.056102887027427 -18.99737832379534 0
      vertex -12.056102887027427 18.99737832379534 0
      vertex -14.342039769345517 17.33654796245526 0
    endloop
  endfacet
  facet normal -0.8443279255020153 0.5358267949789964 0
    outer loop
      vertex -19.71690030098693 10.839457667288595 -13.5
      vertex -19.71690030098693 10.839457667288595 0
      vertex -18.202882373436317 13.225168176580645 0
    endloop
  endfacet
  facet normal -0.770513242775789 0.63742398974869 0
    outer loop
      vertex -18.202882373436317 13.225168176580645 -13.5
      vertex -18.202882373436317 13.225168176580645 0
      vertex -16.401794116981762 15.40230988339549 0
    endloop
  endfacet
  facet normal -0.6845471059286891 0.728968627421411 0
    outer loop
      vertex -14.342039769345517 17.33654796245526 -13.5
      vertex -16.401794116981762 15.40230988339549 0
      vertex -14.342039769345517 17.33654796245526 0
    endloop
  endfacet
  facet normal -0.5877852522924732 0.8090169943749473 0
    outer loop
      vertex -12.056102887027427 18.99737832379534 -13.5
      vertex -14.342039769345517 17.33654796245526 0
      vertex -12.056102887027427 18.99737832379534 0
    endloop
  endfacet
  facet normal 0 0 1
    outer loop
      vertex -6.952882373436316 -21.398771616640953 0
      vertex -5.914250001311302 0 0
      vertex -6.952882373436316 21.398771616640953 0
    endloop
  endfacet
  facet normal 0 0 1
    outer loop
      vertex -9.58003406021413 -20.35860868048544 0
      vertex -9.580034060214135 20.35860868048544 0
      vertex -12.056102887027427 18.99737832379534 0
    endloop
  endfacet
  facet normal 0 0 1
    outer loop
      vertex -6.952882373436316 -21.398771616640953 0
      vertex -6.952882373436316 21.398771616640953 0
      vertex -9.580034060214135 20.35860868048544 0
    endloop
  endfacet
  facet normal 0 0 1
    outer loop
      vertex -6.952882373436316 21.398771616640953 0
      vertex -5.914250001311302 0 0
      vertex -2.957125000655651 5.1218907460570335 0
    endloop
  endfacet
  facet normal 0 0 1
    outer loop
      vertex -4.216079578178803 22.101463141395495 0
      vertex -2.957125000655651 5.1218907460570335 0
      vertex 2.957125000655651 5.1218907460570335 0
    endloop
  endfacet
  facet normal -0.48175367410171516 0.8763066800438637 0
    outer loop
      vertex -9.580034060214135 20.35860868048544 -13.5
      vertex -12.056102887027427 18.99737832379534 0
      vertex -9.580034060214135 20.35860868048544 0
    endloop
  endfacet
  facet normal -0.3681245526846773 0.9297764858882516 0
    outer loop
      vertex -6.952882373436316 21.398771616640953 -13.5
      vertex -9.580034060214135 20.35860868048544 0
      vertex -6.952882373436316 21.398771616640953 0
    endloop
  endfacet
  facet normal -0.24868988716485535 0.968583161128631 0
    outer loop
      vertex -4.216079578178803 22.101463141395495 -13.5
      vertex -6.952882373436316 21.398771616640953 0
      vertex -4.216079578178803 22.101463141395495 0
    endloop
  endfacet
  facet normal -0.12533323356430473 0.9921147013144778 0
    outer loop
      vertex -1.4127866894095487 22.45560138963611 -13.5
      vertex -4.216079578178803 22.101463141395495 0
      vertex -1.4127866894095487 22.45560138963611 0
    endloop
  endfacet
  facet normal 0 0 1
    outer loop
      vertex -6.952882373436316 21.398771616640953 0
      vertex -2.957125000655651 5.1218907460570335 0
      vertex -4.216079578178803 22.101463141395495 0
    endloop
  endfacet
  facet normal 0 0 1
    outer loop
      vertex -4.216079578178803 22.101463141395495 0
      vertex 2.957125000655651 5.1218907460570335 0
      vertex -1.4127866894095487 22.45560138963611 0
    endloop
  endfacet
  facet normal 0 0 -1
    outer loop
      vertex -1.4127866894095598 -22.45560138963611 -13.5
      vertex 0.20406918847026972 -3.2435868673918824 -13.5
      vertex 1.4127866894095598 -22.45560138963611 -13.5
    endloop
  endfacet
  facet normal 0 0 -1
    outer loop
      vertex 1.4127866894095598 -22.45560138963611 -13.5
      vertex 2.8479967101425565 -1.5656994408305749 -13.5
      vertex 4.2160795781788085 -22.101463141395495 -13.5
    endloop
  endfacet
  facet normal 0 -1 0
    outer loop
      vertex -1.4127866894095598 -22.45560138963611 -13.5
      vertex 1.4127866894095598 -22.45560138963611 -13.5
      vertex 1.4127866894095598 -22.45560138963611 0
    endloop
  endfacet
  facet normal 0.12533323356430498 -0.9921147013144777 0
    outer loop
      vertex 1.4127866894095598 -22.45560138963611 -13.5
      vertex 4.2160795781788085 -22.101463141395495 -13.5
      vertex 4.2160795781788085 -22.101463141395495 0
    endloop
  endfacet
  facet normal 0.24868988716485585 -0.9685831611286309 0
    outer loop
      vertex 4.2160795781788085 -22.101463141395495 -13.5
      vertex 6.952882373436316 -21.398771616640953 -13.5
      vertex 6.952882373436316 -21.398771616640953 0
    endloop
  endfacet
  facet normal 0.3681245526846779 -0.9297764858882513 0
    outer loop
      vertex 6.952882373436316 -21.398771616640953 -13.5
      vertex 9.58003406021413 -20.35860868048544 -13.5
      vertex 9.58003406021413 -20.35860868048544 0
    endloop
  endfacet
  facet normal 0.48175367410171427 -0.8763066800438643 0
    outer loop
      vertex 9.58003406021413 -20.35860868048544 -13.5
      vertex 12.056102887027414 -18.997378323795346 -13.5
      vertex 12.056102887027414 -18.997378323795346 0
    endloop
  endfacet
  facet normal 0 0 -1
    outer loop
      vertex 1.4127866894095598 -22.45560138963611 -13.5
      vertex 0.20406918847026972 -3.2435868673918824 -13.5
      vertex 0.6089892724036057 -3.192433564868238 -13.5
    endloop
  endfacet
  facet normal 0 0 -1
    outer loop
      vertex 1.4127866894095598 -22.45560138963611 -13.5
      vertex 0.6089892724036057 -3.192433564868238 -13.5
      vertex 1.004305231718579 -3.090933677959249 -13.5
    endloop
  endfacet
  facet normal 0 0 -1
    outer loop
      vertex 1.4127866894095598 -22.45560138963611 -13.5
      vertex 1.004305231718579 -3.090933677959249 -13.5
      vertex 1.3837826975864855 -2.9406879205145637 -13.5
    endloop
  endfacet
  facet normal 0 0 -1
    outer loop
      vertex 1.4127866894095598 -22.45560138963611 -13.5
      vertex 1.3837826975864855 -2.9406879205145637 -13.5
      vertex 1.7414370836817377 -2.7440657578815495 -13.5
    endloop
  endfacet
  facet normal 0 0 -1
    outer loop
      vertex 1.4127866894095598 -22.45560138963611 -13.5
      vertex 1.7414370836817377 -2.7440657578815495 -13.5
      vertex 2.0716279666832422 -2.504168039021314 -13.5
    endloop
  endfacet
  facet normal 0 0 -1
    outer loop
      vertex 1.4127866894095598 -22.45560138963611 -13.5
      vertex 2.0716279666832422 -2.504168039021314 -13.5
      vertex 2.369148039119588 -2.224778094268238 -13.5
    endloop
  endfacet
  facet normal 0 0 -1
    outer loop
      vertex 1.4127866894095598 -22.45560138963611 -13.5
      vertex 2.369148039119588 -2.224778094268238 -13.5
      vertex 2.629305231718579 -1.9103020699505378 -13.5
    endloop
  endfacet
  facet normal 0 0 -1
    outer loop
      vertex 1.4127866894095598 -22.45560138963611 -13.5
      vertex 2.629305231718579 -1.9103020699505378 -13.5
      vertex 2.8479967101425565 -1.5656994408305749 -13.5
    endloop
  endfacet
  facet normal 0 0 -1
    outer loop
      vertex 4.2160795781788085 -22.101463141395495 -13.5
      vertex 2.8479967101425565 -1.5656994408305749 -13.5
      vertex 3.0217735791368163 -1.1964047962252047 -13.5
    endloop
  endfacet
  facet normal 0 0 -1
    outer loop
      vertex 4.2160795781788085 -22.101463141395495 -13.5
      vertex 3.0217735791368163 -1.1964047962252047 -13.5
      vertex 3.1478952736680514 -0.8082421332857769 -13.5
    endloop
  endfacet
  facet normal 0 0 -1
    outer loop
      vertex 4.2160795781788085 -22.101463141395495 -13.5
      vertex 3.1478952736680514 -0.8082421332857769 -13.5
      vertex 3.224372779272053 -0.40733300908398823 -13.5
    endloop
  endfacet
  facet normal 0 0 -1
    outer loop
      vertex 4.2160795781788085 -22.101463141395495 -13.5
      vertex 3.224372779272053 -0.40733300908398823 -13.5
      vertex 3.25 0 -13.5
    endloop
  endfacet
  facet normal 0 0 -1
    outer loop
      vertex 4.2160795781788085 -22.101463141395495 -13.5
      vertex 6.952882373436316 21.398771616640953 -13.5
      vertex 6.952882373436316 -21.398771616640953 -13.5
    endloop
  endfacet
  facet normal 0 0 -1
    outer loop
      vertex 6.952882373436316 -21.398771616640953 -13.5
      vertex 9.580034060214135 20.35860868048544 -13.5
      vertex 9.58003406021413 -20.35860868048544 -13.5
    endloop
  endfacet
  facet normal 0 0 -1
    outer loop
      vertex 9.58003406021413 -20.35860868048544 -13.5
      vertex 12.056102887027425 18.99737832379534 -13.5
      vertex 12.056102887027414 -18.997378323795346 -13.5
    endloop
  endfacet
  facet normal 0.5877852522924732 -0.8090169943749473 0
    outer loop
      vertex 12.056102887027414 -18.997378323795346 -13.5
      vertex 14.342039769345524 -17.336547962455253 -13.5
      vertex 14.342039769345524 -17.336547962455253 0
    endloop
  endfacet
  facet normal 0.6845471059286891 -0.7289686274214111 0
    outer loop
      vertex 14.342039769345524 -17.336547962455253 -13.5
      vertex 16.401794116981762 -15.40230988339549 -13.5
      vertex 16.401794116981762 -15.40230988339549 0
    endloop
  endfacet
  facet normal 0.770513242775789 -0.63742398974869 0
    outer loop
      vertex 16.401794116981762 -15.40230988339549 -13.5
      vertex 18.202882373436317 -13.225168176580645 -13.5
      vertex 16.401794116981762 -15.40230988339549 0
    endloop
  endfacet
  facet normal 0.8443279255020153 -0.5358267949789964 0
    outer loop
      vertex 18.202882373436317 -13.225168176580645 -13.5
      vertex 19.71690030098693 -10.839457667288595 -13.5
      vertex 18.202882373436317 -13.225168176580645 0
    endloop
  endfacet
  facet normal 0 0 -1
    outer loop
      vertex 12.056102887027414 -18.997378323795346 -13.5
      vertex 14.342039769345519 17.336547962455256 -13.5
      vertex 14.342039769345524 -17.336547962455253 -13.5
    endloop
  endfacet
  facet normal 0 0 -1
    outer loop
      vertex 14.342039769345524 -17.336547962455253 -13.5
      vertex 16.40179411698176 15.402309883395496 -13.5
      vertex 16.401794116981762 -15.40230988339549 -13.5
    endloop
  endfacet
  facet normal 0 0 -1
    outer loop
      vertex 16.401794116981762 -15.40230988339549 -13.5
      vertex 18.202882373436317 13.225168176580645 -13.5
      vertex 18.202882373436317 -13.225168176580645 -13.5
    endloop
  endfacet
  facet normal 0 0 -1
    outer loop
      vertex 18.202882373436317 -13.225168176580645 -13.5
      vertex 19.716900300986932 10.839457667288595 -13.5
      vertex 19.71690030098693 -10.839457667288595 -13.5
    endloop
  endfacet
  facet normal 0 0 -1
    outer loop
      vertex 19.71690030098693 -10.839457667288595 -13.5
      vertex 20.919970932485654 8.282802435405255 -13.5
      vertex 20.919970932485654 -8.282802435405262 -13.5
    endloop
  endfacet
  facet normal 0 0 -1
    outer loop
      vertex 20.919970932485654 -8.282802435405262 -13.5
      vertex 21.7931211253942 5.5955224612092325 -13.5
      vertex 21.7931211253942 -5.5955224612092245 -13.5
    endloop
  endfacet
  facet normal 0 0 -1
    outer loop
      vertex 21.7931211253942 -5.5955224612092245 -13.5
      vertex 22.322580779575752 2.819997755196846 -13.5
      vertex 22.322580779575752 -2.8199977551968414 -13.5
    endloop
  endfacet
  facet normal 0.9048270524660191 -0.42577929156507344 0
    outer loop
      vertex 19.71690030098693 -10.839457667288595 -13.5
      vertex 20.919970932485654 -8.282802435405262 -13.5
      vertex 19.71690030098693 -10.839457667288595 0
    endloop
  endfacet
  facet normal 0.9510565162951539 -0.30901699437494673 0
    outer loop
      vertex 20.919970932485654 -8.282802435405262 -13.5
      vertex 21.7931211253942 -5.5955224612092245 -13.5
      vertex 20.919970932485654 -8.282802435405262 0
    endloop
  endfacet
  facet normal 0.9822872507286886 -0.18738131458572482 0
    outer loop
      vertex 21.7931211253942 -5.5955224612092245 -13.5
      vertex 22.322580779575752 -2.8199977551968414 -13.5
      vertex 21.7931211253942 -5.5955224612092245 0
    endloop
  endfacet
  facet normal 0.9980267284282714 -0.06279051952931324 0
    outer loop
      vertex 22.322580779575752 -2.8199977551968414 -13.5
      vertex 22.5 0 -13.5
      vertex 22.322580779575752 -2.8199977551968414 0
    endloop
  endfacet
  facet normal 0.12533323356430498 -0.9921147013144777 0
    outer loop
      vertex 1.4127866894095598 -22.45560138963611 -13.5
      vertex 4.2160795781788085 -22.101463141395495 0
      vertex 1.4127866894095598 -22.45560138963611 0
    endloop
  endfacet
  facet normal 0.24868988716485585 -0.9685831611286309 0
    outer loop
      vertex 4.2160795781788085 -22.101463141395495 -13.5
      vertex 6.952882373436316 -21.398771616640953 0
      vertex 4.2160795781788085 -22.101463141395495 0
    endloop
  endfacet
  facet normal 0.3681245526846779 -0.9297764858882513 0
    outer loop
      vertex 6.952882373436316 -21.398771616640953 -13.5
      vertex 9.58003406021413 -20.35860868048544 0
      vertex 6.952882373436316 -21.398771616640953 0
    endloop
  endfacet
  facet normal 0.48175367410171427 -0.8763066800438643 0
    outer loop
      vertex 9.58003406021413 -20.35860868048544 -13.5
      vertex 12.056102887027414 -18.997378323795346 0
      vertex 9.58003406021413 -20.35860868048544 0
    endloop
  endfacet
  facet normal 0 0 1
    outer loop
      vertex 1.4127866894095598 -22.45560138963611 0
      vertex 4.2160795781788085 -22.101463141395495 0
      vertex -2.957125000655651 -5.1218907460570335 0
    endloop
  endfacet
  facet normal 0 0 1
    outer loop
      vertex 4.2160795781788085 -22.101463141395495 0
      vertex 6.952882373436316 -21.398771616640953 0
      vertex 2.957125000655651 -5.1218907460570335 0
    endloop
  endfacet
  facet normal 0 0 1
    outer loop
      vertex 4.2160795781788085 -22.101463141395495 0
      vertex 2.957125000655651 -5.1218907460570335 0
      vertex -2.957125000655651 -5.1218907460570335 0
    endloop
  endfacet
  facet normal 0 0 1
    outer loop
      vertex 6.952882373436316 -21.398771616640953 0
      vertex 5.914250001311302 0 0
      vertex 2.957125000655651 -5.1218907460570335 0
    endloop
  endfacet
  facet normal 0 0 1
    outer loop
      vertex 6.952882373436316 -21.398771616640953 0
      vertex 9.58003406021413 -20.35860868048544 0
      vertex 6.952882373436316 21.398771616640953 0
    endloop
  endfacet
  facet normal 0 0 1
    outer loop
      vertex 9.58003406021413 -20.35860868048544 0
      vertex 12.056102887027414 -18.997378323795346 0
      vertex 9.580034060214135 20.35860868048544 0
    endloop
  endfacet
  facet normal 0.5877852522924732 -0.8090169943749473 0
    outer loop
      vertex 12.056102887027414 -18.997378323795346 -13.5
      vertex 14.342039769345524 -17.336547962455253 0
      vertex 12.056102887027414 -18.997378323795346 0
    endloop
  endfacet
  facet normal 0.6845471059286891 -0.7289686274214111 0
    outer loop
      vertex 14.342039769345524 -17.336547962455253 -13.5
      vertex 16.401794116981762 -15.40230988339549 0
      vertex 14.342039769345524 -17.336547962455253 0
    endloop
  endfacet
  facet normal 0.770513242775789 -0.63742398974869 0
    outer loop
      vertex 18.202882373436317 -13.225168176580645 -13.5
      vertex 18.202882373436317 -13.225168176580645 0
      vertex 16.401794116981762 -15.40230988339549 0
    endloop
  endfacet
  facet normal 0.8443279255020153 -0.5358267949789964 0
    outer loop
      vertex 19.71690030098693 -10.839457667288595 -13.5
      vertex 19.71690030098693 -10.839457667288595 0
      vertex 18.202882373436317 -13.225168176580645 0
    endloop
  endfacet
  facet normal 0.9048270524660191 -0.42577929156507344 0
    outer loop
      vertex 20.919970932485654 -8.282802435405262 -13.5
      vertex 20.919970932485654 -8.282802435405262 0
      vertex 19.71690030098693 -10.839457667288595 0
    endloop
  endfacet
  facet normal 0.9510565162951539 -0.30901699437494673 0
    outer loop
      vertex 21.7931211253942 -5.5955224612092245 -13.5
      vertex 21.7931211253942 -5.5955224612092245 0
      vertex 20.919970932485654 -8.282802435405262 0
    endloop
  endfacet
  facet normal 0.9822872507286886 -0.18738131458572482 0
    outer loop
      vertex 22.322580779575752 -2.8199977551968414 -13.5
      vertex 22.322580779575752 -2.8199977551968414 0
      vertex 21.7931211253942 -5.5955224612092245 0
    endloop
  endfacet
  facet normal 0.9980267284282714 -0.06279051952931324 0
    outer loop
      vertex 22.322580779575752 -2.8199977551968414 0
      vertex 22.5 0 -13.5
      vertex 22.5 0 0
    endloop
  endfacet
  facet normal 0 0 1
    outer loop
      vertex 12.056102887027414 -18.997378323795346 0
      vertex 14.342039769345524 -17.336547962455253 0
      vertex 12.056102887027425 18.99737832379534 0
    endloop
  endfacet
  facet normal 0 0 1
    outer loop
      vertex 14.342039769345524 -17.336547962455253 0
      vertex 16.401794116981762 -15.40230988339549 0
      vertex 14.342039769345519 17.336547962455256 0
    endloop
  endfacet
  facet normal 0 0 1
    outer loop
      vertex 16.401794116981762 -15.40230988339549 0
      vertex 18.202882373436317 -13.225168176580645 0
      vertex 16.40179411698176 15.402309883395496 0
    endloop
  endfacet
  facet normal 0 0 1
    outer loop
      vertex 18.202882373436317 -13.225168176580645 0
      vertex 19.71690030098693 -10.839457667288595 0
      vertex 18.202882373436317 13.225168176580645 0
    endloop
  endfacet
  facet normal 0 0 1
    outer loop
      vertex 19.71690030098693 -10.839457667288595 0
      vertex 20.919970932485654 -8.282802435405262 0
      vertex 19.716900300986932 10.839457667288595 0
    endloop
  endfacet
  facet normal 0 0 1
    outer loop
      vertex 20.919970932485654 -8.282802435405262 0
      vertex 21.7931211253942 -5.5955224612092245 0
      vertex 20.919970932485654 8.282802435405255 0
    endloop
  endfacet
  facet normal 0 0 1
    outer loop
      vertex 21.7931211253942 -5.5955224612092245 0
      vertex 22.322580779575752 -2.8199977551968414 0
      vertex 21.7931211253942 5.5955224612092325 0
    endloop
  endfacet
  facet normal 0 0 -1
    outer loop
      vertex 4.2160795781788085 -22.101463141395495 -13.5
      vertex 3.25 0 -13.5
      vertex 4.216079578178803 22.101463141395495 -13.5
    endloop
  endfacet
  facet normal 0 0 -1
    outer loop
      vertex 1.4127866894095487 22.45560138963611 -13.5
      vertex 0.2040691884702635 3.2435868673918824 -13.5
      vertex -0.20406918847026814 3.2435868673918824 -13.5
    endloop
  endfacet
  facet normal 0 0 -1
    outer loop
      vertex 1.4127866894095487 22.45560138963611 -13.5
      vertex 0.6089892724036049 3.1924335648682383 -13.5
      vertex 0.2040691884702635 3.2435868673918824 -13.5
    endloop
  endfacet
  facet normal 0 0 -1
    outer loop
      vertex 1.4127866894095487 22.45560138963611 -13.5
      vertex 1.004305231718579 3.090933677959249 -13.5
      vertex 0.6089892724036049 3.1924335648682383 -13.5
    endloop
  endfacet
  facet normal 0 0 -1
    outer loop
      vertex 4.216079578178803 22.101463141395495 -13.5
      vertex 2.071627966683242 2.5041680390213146 -13.5
      vertex 1.7414370836817392 2.744065757881549 -13.5
    endloop
  endfacet
  facet normal 0 0 -1
    outer loop
      vertex 4.216079578178803 22.101463141395495 -13.5
      vertex 1.3837826975864864 2.9406879205145633 -13.5
      vertex 1.004305231718579 3.090933677959249 -13.5
    endloop
  endfacet
  facet normal 0 0 -1
    outer loop
      vertex 4.216079578178803 22.101463141395495 -13.5
      vertex 1.7414370836817392 2.744065757881549 -13.5
      vertex 1.3837826975864864 2.9406879205145633 -13.5
    endloop
  endfacet
  facet normal 0 0 -1
    outer loop
      vertex 4.216079578178803 22.101463141395495 -13.5
      vertex 3.147895273668051 0.8082421332857781 -13.5
      vertex 3.0217735791368168 1.1964047962252033 -13.5
    endloop
  endfacet
  facet normal 0 0 -1
    outer loop
      vertex 4.216079578178803 22.101463141395495 -13.5
      vertex 3.0217735791368168 1.1964047962252033 -13.5
      vertex 2.8479967101425565 1.5656994408305749 -13.5
    endloop
  endfacet
  facet normal 0 0 -1
    outer loop
      vertex 4.216079578178803 22.101463141395495 -13.5
      vertex 3.25 0 -13.5
      vertex 3.224372779272053 0.40733300908398884 -13.5
    endloop
  endfacet
  facet normal 0 0 -1
    outer loop
      vertex 4.216079578178803 22.101463141395495 -13.5
      vertex 3.224372779272053 0.40733300908398884 -13.5
      vertex 3.147895273668051 0.8082421332857781 -13.5
    endloop
  endfacet
  facet normal 0 0 -1
    outer loop
      vertex 4.2160795781788085 -22.101463141395495 -13.5
      vertex 4.216079578178803 22.101463141395495 -13.5
      vertex 6.952882373436316 21.398771616640953 -13.5
    endloop
  endfacet
  facet normal 0 0 -1
    outer loop
      vertex 4.216079578178803 22.101463141395495 -13.5
      vertex 2.629305231718579 1.9103020699505378 -13.5
      vertex 2.3691480391195876 2.2247780942682382 -13.5
    endloop
  endfacet
  facet normal 0 0 -1
    outer loop
      vertex 4.216079578178803 22.101463141395495 -13.5
      vertex 2.3691480391195876 2.2247780942682382 -13.5
      vertex 2.071627966683242 2.5041680390213146 -13.5
    endloop
  endfacet
  facet normal 0 0 -1
    outer loop
      vertex 4.216079578178803 22.101463141395495 -13.5
      vertex 2.8479967101425565 1.5656994408305749 -13.5
      vertex 2.629305231718579 1.9103020699505378 -13.5
    endloop
  endfacet
  facet normal 0 0 -1
    outer loop
      vertex 6.952882373436316 -21.398771616640953 -13.5
      vertex 6.952882373436316 21.398771616640953 -13.5
      vertex 9.580034060214135 20.35860868048544 -13.5
    endloop
  endfacet
  facet normal 0 0 -1
    outer loop
      vertex 9.58003406021413 -20.35860868048544 -13.5
      vertex 9.580034060214135 20.35860868048544 -13.5
      vertex 12.056102887027425 18.99737832379534 -13.5
    endloop
  endfacet
  facet normal 0 0 -1
    outer loop
      vertex 1.4127866894095487 22.45560138963611 -13.5
      vertex 4.216079578178803 22.101463141395495 -13.5
      vertex 1.004305231718579 3.090933677959249 -13.5
    endloop
  endfacet
  facet normal 0.12533323356430473 0.9921147013144778 0
    outer loop
      vertex 1.4127866894095487 22.45560138963611 -13.5
      vertex 1.4127866894095487 22.45560138963611 0
      vertex 4.216079578178803 22.101463141395495 -13.5
    endloop
  endfacet
  facet normal 0.24868988716485535 0.968583161128631 0
    outer loop
      vertex 4.216079578178803 22.101463141395495 -13.5
      vertex 4.216079578178803 22.101463141395495 0
      vertex 6.952882373436316 21.398771616640953 -13.5
    endloop
  endfacet
  facet normal 0.3681245526846773 0.9297764858882516 0
    outer loop
      vertex 6.952882373436316 21.398771616640953 -13.5
      vertex 6.952882373436316 21.398771616640953 0
      vertex 9.580034060214135 20.35860868048544 -13.5
    endloop
  endfacet
  facet normal 0.4817536741017153 0.8763066800438635 0
    outer loop
      vertex 9.580034060214135 20.35860868048544 -13.5
      vertex 9.580034060214135 20.35860868048544 0
      vertex 12.056102887027425 18.99737832379534 -13.5
    endloop
  endfacet
  facet normal 0 0 -1
    outer loop
      vertex 14.342039769345524 -17.336547962455253 -13.5
      vertex 14.342039769345519 17.336547962455256 -13.5
      vertex 16.40179411698176 15.402309883395496 -13.5
    endloop
  endfacet
  facet normal 0 0 -1
    outer loop
      vertex 12.056102887027414 -18.997378323795346 -13.5
      vertex 12.056102887027425 18.99737832379534 -13.5
      vertex 14.342039769345519 17.336547962455256 -13.5
    endloop
  endfacet
  facet normal 0 0 -1
    outer loop
      vertex 16.401794116981762 -15.40230988339549 -13.5
      vertex 16.40179411698176 15.402309883395496 -13.5
      vertex 18.202882373436317 13.225168176580645 -13.5
    endloop
  endfacet
  facet normal 0 0 -1
    outer loop
      vertex 18.202882373436317 -13.225168176580645 -13.5
      vertex 18.202882373436317 13.225168176580645 -13.5
      vertex 19.716900300986932 10.839457667288595 -13.5
    endloop
  endfacet
  facet normal 0 0 -1
    outer loop
      vertex 19.71690030098693 -10.839457667288595 -13.5
      vertex 19.716900300986932 10.839457667288595 -13.5
      vertex 20.919970932485654 8.282802435405255 -13.5
    endloop
  endfacet
  facet normal 0 0 -1
    outer loop
      vertex 22.322580779575752 -2.8199977551968414 -13.5
      vertex 22.322580779575752 2.819997755196846 -13.5
      vertex 22.5 0 -13.5
    endloop
  endfacet
  facet normal 0 0 -1
    outer loop
      vertex 21.7931211253942 -5.5955224612092245 -13.5
      vertex 21.7931211253942 5.5955224612092325 -13.5
      vertex 22.322580779575752 2.819997755196846 -13.5
    endloop
  endfacet
  facet normal 0 0 -1
    outer loop
      vertex 20.919970932485654 -8.282802435405262 -13.5
      vertex 20.919970932485654 8.282802435405255 -13.5
      vertex 21.7931211253942 5.5955224612092325 -13.5
    endloop
  endfacet
  facet normal 0.9980267284282714 0.06279051952931314 0
    outer loop
      vertex 22.5 0 -13.5
      vertex 22.322580779575752 2.819997755196846 -13.5
      vertex 22.5 0 0
    endloop
  endfacet
  facet normal 0.9822872507286887 0.18738131458572463 0
    outer loop
      vertex 22.322580779575752 2.819997755196846 -13.5
      vertex 21.7931211253942 5.5955224612092325 -13.5
      vertex 22.322580779575752 2.819997755196846 0
    endloop
  endfacet
  facet normal 0.9510565162951532 0.3090169943749483 0
    outer loop
      vertex 21.7931211253942 5.5955224612092325 -13.5
      vertex 20.919970932485654 8.282802435405255 -13.5
      vertex 21.7931211253942 5.5955224612092325 0
    endloop
  endfacet
  facet normal 0.9048270524660201 0.4257792915650715 0
    outer loop
      vertex 20.919970932485654 8.282802435405255 -13.5
      vertex 19.716900300986932 10.839457667288595 -13.5
      vertex 20.919970932485654 8.282802435405255 0
    endloop
  endfacet
  facet normal 0.6845471059286885 0.7289686274214118 0
    outer loop
      vertex 16.40179411698176 15.402309883395496 -13.5
      vertex 14.342039769345519 17.336547962455256 -13.5
      vertex 14.342039769345519 17.336547962455256 0
    endloop
  endfacet
  facet normal 0.5877852522924735 0.8090169943749472 0
    outer loop
      vertex 12.056102887027425 18.99737832379534 -13.5
      vertex 12.056102887027425 18.99737832379534 0
      vertex 14.342039769345519 17.336547962455256 -13.5
    endloop
  endfacet
  facet normal 0.7705132427757891 0.6374239897486897 0
    outer loop
      vertex 16.40179411698176 15.402309883395496 -13.5
      vertex 18.202882373436317 13.225168176580645 0
      vertex 18.202882373436317 13.225168176580645 -13.5
    endloop
  endfacet
  facet normal 0.8443279255020147 0.5358267949789973 0
    outer loop
      vertex 19.716900300986932 10.839457667288595 -13.5
      vertex 18.202882373436317 13.225168176580645 -13.5
      vertex 19.716900300986932 10.839457667288595 0
    endloop
  endfacet
  facet normal 0 0 1
    outer loop
      vertex 4.216079578178803 22.101463141395495 0
      vertex 2.957125000655651 5.1218907460570335 0
      vertex 5.914250001311302 0 0
    endloop
  endfacet
  facet normal 0 0 1
    outer loop
      vertex 6.952882373436316 -21.398771616640953 0
      vertex 6.952882373436316 21.398771616640953 0
      vertex 5.914250001311302 0 0
    endloop
  endfacet
  facet normal 0 0 1
    outer loop
      vertex 9.58003406021413 -20.35860868048544 0
      vertex 9.580034060214135 20.35860868048544 0
      vertex 6.952882373436316 21.398771616640953 0
    endloop
  endfacet
  facet normal 0 0 1
    outer loop
      vertex 12.056102887027414 -18.997378323795346 0
      vertex 12.056102887027425 18.99737832379534 0
      vertex 9.580034060214135 20.35860868048544 0
    endloop
  endfacet
  facet normal 0 1 0
    outer loop
      vertex -1.4127866894095487 22.45560138963611 0
      vertex 1.4127866894095487 22.45560138963611 0
      vertex 1.4127866894095487 22.45560138963611 -13.5
    endloop
  endfacet
  facet normal 0.12533323356430473 0.9921147013144778 0
    outer loop
      vertex 4.216079578178803 22.101463141395495 -13.5
      vertex 1.4127866894095487 22.45560138963611 0
      vertex 4.216079578178803 22.101463141395495 0
    endloop
  endfacet
  facet normal 0.24868988716485535 0.968583161128631 0
    outer loop
      vertex 6.952882373436316 21.398771616640953 -13.5
      vertex 4.216079578178803 22.101463141395495 0
      vertex 6.952882373436316 21.398771616640953 0
    endloop
  endfacet
  facet normal 0.4817536741017153 0.8763066800438635 0
    outer loop
      vertex 12.056102887027425 18.99737832379534 -13.5
      vertex 9.580034060214135 20.35860868048544 0
      vertex 12.056102887027425 18.99737832379534 0
    endloop
  endfacet
  facet normal 0.3681245526846773 0.9297764858882516 0
    outer loop
      vertex 9.580034060214135 20.35860868048544 -13.5
      vertex 6.952882373436316 21.398771616640953 0
      vertex 9.580034060214135 20.35860868048544 0
    endloop
  endfacet
  facet normal 0 0 1
    outer loop
      vertex -1.4127866894095487 22.45560138963611 0
      vertex 2.957125000655651 5.1218907460570335 0
      vertex 1.4127866894095487 22.45560138963611 0
    endloop
  endfacet
  facet normal 0 0 1
    outer loop
      vertex 1.4127866894095487 22.45560138963611 0
      vertex 2.957125000655651 5.1218907460570335 0
      vertex 4.216079578178803 22.101463141395495 0
    endloop
  endfacet
  facet normal 0 0 1
    outer loop
      vertex 4.216079578178803 22.101463141395495 0
      vertex 5.914250001311302 0 0
      vertex 6.952882373436316 21.398771616640953 0
    endloop
  endfacet
  facet normal 0.9980267284282714 0.06279051952931314 0
    outer loop
      vertex 22.322580779575752 2.819997755196846 -13.5
      vertex 22.322580779575752 2.819997755196846 0
      vertex 22.5 0 0
    endloop
  endfacet
  facet normal 0.9822872507286887 0.18738131458572463 0
    outer loop
      vertex 21.7931211253942 5.5955224612092325 -13.5
      vertex 21.7931211253942 5.5955224612092325 0
      vertex 22.322580779575752 2.819997755196846 0
    endloop
  endfacet
  facet normal 0.9510565162951532 0.3090169943749483 0
    outer loop
      vertex 20.919970932485654 8.282802435405255 -13.5
      vertex 20.919970932485654 8.282802435405255 0
      vertex 21.7931211253942 5.5955224612092325 0
    endloop
  endfacet
  facet normal 0.9048270524660201 0.4257792915650715 0
    outer loop
      vertex 19.716900300986932 10.839457667288595 -13.5
      vertex 19.716900300986932 10.839457667288595 0
      vertex 20.919970932485654 8.282802435405255 0
    endloop
  endfacet
  facet normal 0 0 1
    outer loop
      vertex 14.342039769345524 -17.336547962455253 0
      vertex 14.342039769345519 17.336547962455256 0
      vertex 12.056102887027425 18.99737832379534 0
    endloop
  endfacet
  facet normal 0 0 1
    outer loop
      vertex 16.401794116981762 -15.40230988339549 0
      vertex 16.40179411698176 15.402309883395496 0
      vertex 14.342039769345519 17.336547962455256 0
    endloop
  endfacet
  facet normal 0 0 1
    outer loop
      vertex 18.202882373436317 -13.225168176580645 0
      vertex 18.202882373436317 13.225168176580645 0
      vertex 16.40179411698176 15.402309883395496 0
    endloop
  endfacet
  facet normal 0 0 1
    outer loop
      vertex 19.71690030098693 -10.839457667288595 0
      vertex 19.716900300986932 10.839457667288595 0
      vertex 18.202882373436317 13.225168176580645 0
    endloop
  endfacet
  facet normal 0 0 1
    outer loop
      vertex 22.322580779575752 -2.8199977551968414 0
      vertex 22.5 0 0
      vertex 22.322580779575752 2.819997755196846 0
    endloop
  endfacet
  facet normal 0 0 1
    outer loop
      vertex 21.7931211253942 -5.5955224612092245 0
      vertex 21.7931211253942 5.5955224612092325 0
      vertex 20.919970932485654 8.282802435405255 0
    endloop
  endfacet
  facet normal 0 0 1
    outer loop
      vertex 22.322580779575752 -2.8199977551968414 0
      vertex 22.322580779575752 2.819997755196846 0
      vertex 21.7931211253942 5.5955224612092325 0
    endloop
  endfacet
  facet normal 0 0 1
    outer loop
      vertex 20.919970932485654 -8.282802435405262 0
      vertex 20.919970932485654 8.282802435405255 0
      vertex 19.716900300986932 10.839457667288595 0
    endloop
  endfacet
  facet normal 0.6845471059286885 0.7289686274214118 0
    outer loop
      vertex 16.40179411698176 15.402309883395496 -13.5
      vertex 14.342039769345519 17.336547962455256 0
      vertex 16.40179411698176 15.402309883395496 0
    endloop
  endfacet
  facet normal 0.5877852522924735 0.8090169943749472 0
    outer loop
      vertex 14.342039769345519 17.336547962455256 -13.5
      vertex 12.056102887027425 18.99737832379534 0
      vertex 14.342039769345519 17.336547962455256 0
    endloop
  endfacet
  facet normal 0.8443279255020147 0.5358267949789973 0
    outer loop
      vertex 18.202882373436317 13.225168176580645 -13.5
      vertex 18.202882373436317 13.225168176580645 0
      vertex 19.716900300986932 10.839457667288595 0
    endloop
  endfacet
  facet normal 0.7705132427757891 0.6374239897486897 0
    outer loop
      vertex 16.40179411698176 15.402309883395496 -13.5
      vertex 16.40179411698176 15.402309883395496 0
      vertex 18.202882373436317 13.225168176580645 0
    endloop
  endfacet
  facet normal 0 0 1
    outer loop
      vertex -2.957125000655651 -5.1218907460570335 -5
      vertex -2.8479967101425565 -1.5656994408305749 -5
      vertex -5.914250001311302 0 -5
    endloop
  endfacet
  facet normal 0 0 1
    outer loop
      vertex -3.021773579136817 -1.1964047962252031 -5
      vertex -5.914250001311302 0 -5
      vertex -2.8479967101425565 -1.5656994408305749 -5
    endloop
  endfacet
  facet normal 0 0 1
    outer loop
      vertex -3.147895273668051 -0.8082421332857783 -5
      vertex -3.224372779272053 -0.40733300908398823 -5
      vertex -5.914250001311302 0 -5
    endloop
  endfacet
  facet normal 0 0 1
    outer loop
      vertex -3.021773579136817 -1.1964047962252031 -5
      vertex -3.147895273668051 -0.8082421332857783 -5
      vertex -5.914250001311302 0 -5
    endloop
  endfacet
  facet normal 0 0 1
    outer loop
      vertex -3.224372779272053 -0.40733300908398823 -5
      vertex -3.25 0 -5
      vertex -5.914250001311302 0 -5
    endloop
  endfacet
  facet normal 0 0 1
    outer loop
      vertex -2.957125000655651 -5.1218907460570335 -5
      vertex -2.0716279666832413 -2.5041680390213155 -5
      vertex -2.369148039119588 -2.224778094268238 -5
    endloop
  endfacet
  facet normal 0 0 1
    outer loop
      vertex -2.957125000655651 -5.1218907460570335 -5
      vertex -2.369148039119588 -2.224778094268238 -5
      vertex -2.629305231718579 -1.9103020699505378 -5
    endloop
  endfacet
  facet normal 0 0 1
    outer loop
      vertex -2.957125000655651 -5.1218907460570335 -5
      vertex -2.629305231718579 -1.9103020699505378 -5
      vertex -2.8479967101425565 -1.5656994408305749 -5
    endloop
  endfacet
  facet normal 0 0 1
    outer loop
      vertex -2.957125000655651 -5.1218907460570335 -5
      vertex -1.7414370836817394 -2.7440657578815486 -5
      vertex -2.0716279666832413 -2.5041680390213155 -5
    endloop
  endfacet
  facet normal 0 0 1
    outer loop
      vertex -2.957125000655651 -5.1218907460570335 -5
      vertex -1.3837826975864855 -2.9406879205145637 -5
      vertex -1.7414370836817394 -2.7440657578815486 -5
    endloop
  endfacet
  facet normal 0 0 1
    outer loop
      vertex -2.957125000655651 -5.1218907460570335 -5
      vertex -1.004305231718579 -3.090933677959249 -5
      vertex -1.3837826975864855 -2.9406879205145637 -5
    endloop
  endfacet
  facet normal 0 0 1
    outer loop
      vertex -2.957125000655651 -5.1218907460570335 -5
      vertex -0.6089892724036057 -3.192433564868238 -5
      vertex -1.004305231718579 -3.090933677959249 -5
    endloop
  endfacet
  facet normal 0 0 1
    outer loop
      vertex -2.957125000655651 -5.1218907460570335 -5
      vertex 2.957125000655651 -5.1218907460570335 -5
      vertex -0.20406918847026972 -3.2435868673918824 -5
    endloop
  endfacet
  facet normal 0 0 1
    outer loop
      vertex -2.957125000655651 -5.1218907460570335 -5
      vertex -0.20406918847026972 -3.2435868673918824 -5
      vertex -0.6089892724036057 -3.192433564868238 -5
    endloop
  endfacet
  facet normal 0.8660254038093487 0.4999999999568546 0
    outer loop
      vertex -2.957125000655651 -5.1218907460570335 -5
      vertex -5.914250001311302 0 -5
      vertex -5.914250001311302 0 0
    endloop
  endfacet
  facet normal 0 1 0
    outer loop
      vertex -2.957125000655651 -5.1218907460570335 -5
      vertex -2.957125000655651 -5.1218907460570335 0
      vertex 2.957125000655651 -5.1218907460570335 -5
    endloop
  endfacet
  facet normal 0.8660254038093487 0.4999999999568546 0
    outer loop
      vertex -2.957125000655651 -5.1218907460570335 -5
      vertex -5.914250001311302 0 0
      vertex -2.957125000655651 -5.1218907460570335 0
    endloop
  endfacet
  facet normal 0 0 1
    outer loop
      vertex -5.914250001311302 0 -5
      vertex -3.25 0 -5
      vertex -3.224372779272053 0.40733300908398823 -5
    endloop
  endfacet
  facet normal 0 0 1
    outer loop
      vertex -5.914250001311302 0 -5
      vertex -3.224372779272053 0.40733300908398823 -5
      vertex -3.147895273668051 0.8082421332857783 -5
    endloop
  endfacet
  facet normal 0 0 1
    outer loop
      vertex -5.914250001311302 0 -5
      vertex -3.147895273668051 0.8082421332857783 -5
      vertex -3.021773579136817 1.1964047962252031 -5
    endloop
  endfacet
  facet normal 0 0 1
    outer loop
      vertex -5.914250001311302 0 -5
      vertex -3.021773579136817 1.1964047962252031 -5
      vertex -2.957125000655651 5.1218907460570335 -5
    endloop
  endfacet
  facet normal 0 0 1
    outer loop
      vertex -3.021773579136817 1.1964047962252031 -5
      vertex -2.8479967101425565 1.5656994408305749 -5
      vertex -2.957125000655651 5.1218907460570335 -5
    endloop
  endfacet
  facet normal 0 0 1
    outer loop
      vertex -2.8479967101425565 1.5656994408305749 -5
      vertex -2.629305231718579 1.9103020699505378 -5
      vertex -2.957125000655651 5.1218907460570335 -5
    endloop
  endfacet
  facet normal 0 0 1
    outer loop
      vertex -2.629305231718579 1.9103020699505378 -5
      vertex -2.369148039119588 2.224778094268238 -5
      vertex -2.957125000655651 5.1218907460570335 -5
    endloop
  endfacet
  facet normal 0 0 1
    outer loop
      vertex -2.369148039119588 2.224778094268238 -5
      vertex -2.0716279666832413 2.5041680390213155 -5
      vertex -2.957125000655651 5.1218907460570335 -5
    endloop
  endfacet
  facet normal 0 0 1
    outer loop
      vertex -2.0716279666832413 2.5041680390213155 -5
      vertex -1.7414370836817394 2.7440657578815486 -5
      vertex -2.957125000655651 5.1218907460570335 -5
    endloop
  endfacet
  facet normal 0 0 1
    outer loop
      vertex -1.7414370836817394 2.7440657578815486 -5
      vertex -1.3837826975864864 2.9406879205145633 -5
      vertex -2.957125000655651 5.1218907460570335 -5
    endloop
  endfacet
  facet normal 0 0 1
    outer loop
      vertex -2.957125000655651 5.1218907460570335 -5
      vertex -1.3837826975864864 2.9406879205145633 -5
      vertex -1.004305231718579 3.090933677959249 -5
    endloop
  endfacet
  facet normal 0 0 1
    outer loop
      vertex -2.957125000655651 5.1218907460570335 -5
      vertex -1.004305231718579 3.090933677959249 -5
      vertex -0.6089892724036049 3.1924335648682383 -5
    endloop
  endfacet
  facet normal 0 0 1
    outer loop
      vertex -2.957125000655651 5.1218907460570335 -5
      vertex -0.6089892724036049 3.1924335648682383 -5
      vertex 2.957125000655651 5.1218907460570335 -5
    endloop
  endfacet
  facet normal 0.8660254038093487 -0.4999999999568546 0
    outer loop
      vertex -5.914250001311302 0 -5
      vertex -2.957125000655651 5.1218907460570335 -5
      vertex -2.957125000655651 5.1218907460570335 0
    endloop
  endfacet
  facet normal 0.8660254038093487 -0.4999999999568546 0
    outer loop
      vertex -5.914250001311302 0 -5
      vertex -2.957125000655651 5.1218907460570335 0
      vertex -5.914250001311302 0 0
    endloop
  endfacet
  facet normal 0 -1 0
    outer loop
      vertex -2.957125000655651 5.1218907460570335 -5
      vertex 2.957125000655651 5.1218907460570335 0
      vertex -2.957125000655651 5.1218907460570335 0
    endloop
  endfacet
  facet normal 0 0 1
    outer loop
      vertex -0.20406918847026972 -3.2435868673918824 -5
      vertex 2.957125000655651 -5.1218907460570335 -5
      vertex 0.20406918847026972 -3.2435868673918824 -5
    endloop
  endfacet
  facet normal 0 0 1
    outer loop
      vertex 0.20406918847026972 -3.2435868673918824 -5
      vertex 2.957125000655651 -5.1218907460570335 -5
      vertex 0.6089892724036057 -3.192433564868238 -5
    endloop
  endfacet
  facet normal 0 0 1
    outer loop
      vertex 0.6089892724036057 -3.192433564868238 -5
      vertex 2.957125000655651 -5.1218907460570335 -5
      vertex 1.004305231718579 -3.090933677959249 -5
    endloop
  endfacet
  facet normal 0 0 1
    outer loop
      vertex 1.004305231718579 -3.090933677959249 -5
      vertex 2.957125000655651 -5.1218907460570335 -5
      vertex 1.3837826975864855 -2.9406879205145637 -5
    endloop
  endfacet
  facet normal 0 0 1
    outer loop
      vertex 1.3837826975864855 -2.9406879205145637 -5
      vertex 2.957125000655651 -5.1218907460570335 -5
      vertex 1.7414370836817377 -2.7440657578815495 -5
    endloop
  endfacet
  facet normal 0 0 1
    outer loop
      vertex 1.7414370836817377 -2.7440657578815495 -5
      vertex 2.957125000655651 -5.1218907460570335 -5
      vertex 2.0716279666832422 -2.504168039021314 -5
    endloop
  endfacet
  facet normal 0 0 1
    outer loop
      vertex 2.0716279666832422 -2.504168039021314 -5
      vertex 2.957125000655651 -5.1218907460570335 -5
      vertex 2.369148039119588 -2.224778094268238 -5
    endloop
  endfacet
  facet normal 0 0 1
    outer loop
      vertex 2.369148039119588 -2.224778094268238 -5
      vertex 2.957125000655651 -5.1218907460570335 -5
      vertex 2.629305231718579 -1.9103020699505378 -5
    endloop
  endfacet
  facet normal 0 0 1
    outer loop
      vertex 2.629305231718579 -1.9103020699505378 -5
      vertex 2.957125000655651 -5.1218907460570335 -5
      vertex 2.8479967101425565 -1.5656994408305749 -5
    endloop
  endfacet
  facet normal 0 0 1
    outer loop
      vertex 2.8479967101425565 -1.5656994408305749 -5
      vertex 2.957125000655651 -5.1218907460570335 -5
      vertex 3.0217735791368163 -1.1964047962252047 -5
    endloop
  endfacet
  facet normal 0 0 1
    outer loop
      vertex 2.957125000655651 -5.1218907460570335 -5
      vertex 5.914250001311302 0 -5
      vertex 3.0217735791368163 -1.1964047962252047 -5
    endloop
  endfacet
  facet normal 0 0 1
    outer loop
      vertex 3.0217735791368163 -1.1964047962252047 -5
      vertex 5.914250001311302 0 -5
      vertex 3.1478952736680514 -0.8082421332857769 -5
    endloop
  endfacet
  facet normal 0 0 1
    outer loop
      vertex 3.1478952736680514 -0.8082421332857769 -5
      vertex 5.914250001311302 0 -5
      vertex 3.224372779272053 -0.40733300908398823 -5
    endloop
  endfacet
  facet normal 0 0 1
    outer loop
      vertex 3.224372779272053 -0.40733300908398823 -5
      vertex 5.914250001311302 0 -5
      vertex 3.25 0 -5
    endloop
  endfacet
  facet normal -0.8660254038093487 0.4999999999568546 0
    outer loop
      vertex 2.957125000655651 -5.1218907460570335 -5
      vertex 2.957125000655651 -5.1218907460570335 0
      vertex 5.914250001311302 0 -5
    endloop
  endfacet
  facet normal 0 1 0
    outer loop
      vertex 2.957125000655651 -5.1218907460570335 -5
      vertex -2.957125000655651 -5.1218907460570335 0
      vertex 2.957125000655651 -5.1218907460570335 0
    endloop
  endfacet
  facet normal -0.8660254038093487 0.4999999999568546 0
    outer loop
      vertex 5.914250001311302 0 -5
      vertex 2.957125000655651 -5.1218907460570335 0
      vertex 5.914250001311302 0 0
    endloop
  endfacet
  facet normal 0 0 1
    outer loop
      vertex -0.6089892724036049 3.1924335648682383 -5
      vertex -0.20406918847026814 3.2435868673918824 -5
      vertex 2.957125000655651 5.1218907460570335 -5
    endloop
  endfacet
  facet normal 0 0 1
    outer loop
      vertex -0.20406918847026814 3.2435868673918824 -5
      vertex 0.20406918847026814 3.2435868673918824 -5
      vertex 2.957125000655651 5.1218907460570335 -5
    endloop
  endfacet
  facet normal 0 0 1
    outer loop
      vertex 0.6089892724036049 3.1924335648682383 -5
      vertex 2.957125000655651 5.1218907460570335 -5
      vertex 0.20406918847026814 3.2435868673918824 -5
    endloop
  endfacet
  facet normal 0 0 1
    outer loop
      vertex 0.6089892724036049 3.1924335648682383 -5
      vertex 1.004305231718579 3.090933677959249 -5
      vertex 2.957125000655651 5.1218907460570335 -5
    endloop
  endfacet
  facet normal 0 0 1
    outer loop
      vertex 1.004305231718579 3.090933677959249 -5
      vertex 1.3837826975864864 2.9406879205145633 -5
      vertex 2.957125000655651 5.1218907460570335 -5
    endloop
  endfacet
  facet normal 0 0 1
    outer loop
      vertex 1.3837826975864864 2.9406879205145633 -5
      vertex 1.7414370836817392 2.744065757881549 -5
      vertex 2.957125000655651 5.1218907460570335 -5
    endloop
  endfacet
  facet normal 0 0 1
    outer loop
      vertex 2.071627966683242 2.5041680390213146 -5
      vertex 2.957125000655651 5.1218907460570335 -5
      vertex 1.7414370836817392 2.744065757881549 -5
    endloop
  endfacet
  facet normal 0 0 1
    outer loop
      vertex 2.8479967101425565 1.5656994408305749 -5
      vertex 2.957125000655651 5.1218907460570335 -5
      vertex 2.629305231718579 1.9103020699505378 -5
    endloop
  endfacet
  facet normal 0 0 1
    outer loop
      vertex 2.629305231718579 1.9103020699505378 -5
      vertex 2.957125000655651 5.1218907460570335 -5
      vertex 2.3691480391195876 2.2247780942682382 -5
    endloop
  endfacet
  facet normal 0 0 1
    outer loop
      vertex 2.071627966683242 2.5041680390213146 -5
      vertex 2.3691480391195876 2.2247780942682382 -5
      vertex 2.957125000655651 5.1218907460570335 -5
    endloop
  endfacet
  facet normal 0 0 1
    outer loop
      vertex 3.25 0 -5
      vertex 5.914250001311302 0 -5
      vertex 3.224372779272053 0.40733300908398884 -5
    endloop
  endfacet
  facet normal 0 0 1
    outer loop
      vertex 3.147895273668051 0.8082421332857781 -5
      vertex 5.914250001311302 0 -5
      vertex 3.0217735791368168 1.1964047962252033 -5
    endloop
  endfacet
  facet normal 0 0 1
    outer loop
      vertex 3.224372779272053 0.40733300908398884 -5
      vertex 5.914250001311302 0 -5
      vertex 3.147895273668051 0.8082421332857781 -5
    endloop
  endfacet
  facet normal 0 0 1
    outer loop
      vertex 2.8479967101425565 1.5656994408305749 -5
      vertex 3.0217735791368168 1.1964047962252033 -5
      vertex 5.914250001311302 0 -5
    endloop
  endfacet
  facet normal 0 0 1
    outer loop
      vertex 2.8479967101425565 1.5656994408305749 -5
      vertex 5.914250001311302 0 -5
      vertex 2.957125000655651 5.1218907460570335 -5
    endloop
  endfacet
  facet normal 0 -1 0
    outer loop
      vertex -2.957125000655651 5.1218907460570335 -5
      vertex 2.957125000655651 5.1218907460570335 -5
      vertex 2.957125000655651 5.1218907460570335 0
    endloop
  endfacet
  facet normal -0.8660254038093487 -0.4999999999568546 0
    outer loop
      vertex 5.914250001311302 0 -5
      vertex 5.914250001311302 0 0
      vertex 2.957125000655651 5.1218907460570335 -5
    endloop
  endfacet
  facet normal -0.8660254038093487 -0.4999999999568546 0
    outer loop
      vertex 2.957125000655651 5.1218907460570335 -5
      vertex 5.914250001311302 0 0
      vertex 2.957125000655651 5.1218907460570335 0
    endloop
  endfacet
  facet normal 0.9048270524660195 0.42577929156507277 0
    outer loop
      vertex -3.021773579136817 -1.1964047962252031 -5
      vertex -2.8479967101425565 -1.5656994408305749 -13.5
      vertex -3.021773579136817 -1.1964047962252031 -13.5
    endloop
  endfacet
  facet normal 0.9510565162951536 0.3090169943749472 0
    outer loop
      vertex -3.147895273668051 -0.8082421332857783 -5
      vertex -3.021773579136817 -1.1964047962252031 -13.5
      vertex -3.147895273668051 -0.8082421332857783 -13.5
    endloop
  endfacet
  facet normal 0.9822872507286888 0.1873813145857245 0
    outer loop
      vertex -3.224372779272053 -0.40733300908398823 -5
      vertex -3.147895273668051 -0.8082421332857783 -13.5
      vertex -3.224372779272053 -0.40733300908398823 -13.5
    endloop
  endfacet
  facet normal 0.9980267284282716 0.06279051952931358 0
    outer loop
      vertex -3.25 0 -5
      vertex -3.224372779272053 -0.40733300908398823 -13.5
      vertex -3.25 0 -13.5
    endloop
  endfacet
  facet normal 0.4817536741017155 0.8763066800438635 0
    outer loop
      vertex -1.7414370836817394 -2.7440657578815486 -5
      vertex -1.3837826975864855 -2.9406879205145637 -13.5
      vertex -1.7414370836817394 -2.7440657578815486 -13.5
    endloop
  endfacet
  facet normal 0.3681245526846773 0.9297764858882517 0
    outer loop
      vertex -1.3837826975864855 -2.9406879205145637 -5
      vertex -1.004305231718579 -3.090933677959249 -13.5
      vertex -1.3837826975864855 -2.9406879205145637 -13.5
    endloop
  endfacet
  facet normal 0.24868988716485482 0.9685831611286312 0
    outer loop
      vertex -1.004305231718579 -3.090933677959249 -5
      vertex -0.6089892724036057 -3.192433564868238 -13.5
      vertex -1.004305231718579 -3.090933677959249 -13.5
    endloop
  endfacet
  facet normal 0.12533323356430495 0.9921147013144777 0
    outer loop
      vertex -0.6089892724036057 -3.192433564868238 -5
      vertex -0.2040691884702697 -3.2435868673918824 -13.5
      vertex -0.6089892724036057 -3.192433564868238 -13.5
    endloop
  endfacet
  facet normal 0 1 0
    outer loop
      vertex -0.20406918847026972 -3.2435868673918824 -5
      vertex 0.20406918847026972 -3.2435868673918824 -13.5
      vertex -0.2040691884702697 -3.2435868673918824 -13.5
    endloop
  endfacet
  facet normal 0.6845471059286887 0.7289686274214114 0
    outer loop
      vertex -2.369148039119588 -2.224778094268238 -5
      vertex -2.0716279666832413 -2.5041680390213155 -13.5
      vertex -2.369148039119588 -2.224778094268238 -13.5
    endloop
  endfacet
  facet normal 0.7705132427757897 0.6374239897486892 0
    outer loop
      vertex -2.629305231718579 -1.9103020699505378 -5
      vertex -2.369148039119588 -2.224778094268238 -13.5
      vertex -2.629305231718579 -1.9103020699505378 -13.5
    endloop
  endfacet
  facet normal 0.844327925502015 0.5358267949789968 0
    outer loop
      vertex -2.8479967101425565 -1.5656994408305749 -5
      vertex -2.629305231718579 -1.9103020699505378 -13.5
      vertex -2.8479967101425565 -1.5656994408305749 -13.5
    endloop
  endfacet
  facet normal 0.5877852522924724 0.8090169943749479 0
    outer loop
      vertex -2.0716279666832413 -2.5041680390213155 -5
      vertex -1.7414370836817394 -2.7440657578815486 -13.5
      vertex -2.0716279666832413 -2.5041680390213155 -13.5
    endloop
  endfacet
  facet normal 0.9048270524660195 0.42577929156507277 0
    outer loop
      vertex -3.021773579136817 -1.1964047962252031 -5
      vertex -2.8479967101425565 -1.5656994408305749 -5
      vertex -2.8479967101425565 -1.5656994408305749 -13.5
    endloop
  endfacet
  facet normal 0.9510565162951536 0.3090169943749472 0
    outer loop
      vertex -3.021773579136817 -1.1964047962252031 -5
      vertex -3.021773579136817 -1.1964047962252031 -13.5
      vertex -3.147895273668051 -0.8082421332857783 -5
    endloop
  endfacet
  facet normal 0.9822872507286888 0.1873813145857245 0
    outer loop
      vertex -3.147895273668051 -0.8082421332857783 -5
      vertex -3.147895273668051 -0.8082421332857783 -13.5
      vertex -3.224372779272053 -0.40733300908398823 -5
    endloop
  endfacet
  facet normal 0.9980267284282716 0.06279051952931358 0
    outer loop
      vertex -3.224372779272053 -0.40733300908398823 -5
      vertex -3.224372779272053 -0.40733300908398823 -13.5
      vertex -3.25 0 -5
    endloop
  endfacet
  facet normal 0.4817536741017155 0.8763066800438635 0
    outer loop
      vertex -1.7414370836817394 -2.7440657578815486 -5
      vertex -1.3837826975864855 -2.9406879205145637 -5
      vertex -1.3837826975864855 -2.9406879205145637 -13.5
    endloop
  endfacet
  facet normal 0.3681245526846773 0.9297764858882517 0
    outer loop
      vertex -1.3837826975864855 -2.9406879205145637 -5
      vertex -1.004305231718579 -3.090933677959249 -5
      vertex -1.004305231718579 -3.090933677959249 -13.5
    endloop
  endfacet
  facet normal 0.24868988716485482 0.9685831611286312 0
    outer loop
      vertex -1.004305231718579 -3.090933677959249 -5
      vertex -0.6089892724036057 -3.192433564868238 -5
      vertex -0.6089892724036057 -3.192433564868238 -13.5
    endloop
  endfacet
  facet normal 0.12533323356430498 0.9921147013144777 4.0925835780533483e-19
    outer loop
      vertex -0.20406918847026972 -3.2435868673918824 -5
      vertex -0.2040691884702697 -3.2435868673918824 -13.5
      vertex -0.6089892724036057 -3.192433564868238 -5
    endloop
  endfacet
  facet normal 0.7705132427757897 0.6374239897486892 0
    outer loop
      vertex -2.369148039119588 -2.224778094268238 -5
      vertex -2.369148039119588 -2.224778094268238 -13.5
      vertex -2.629305231718579 -1.9103020699505378 -5
    endloop
  endfacet
  facet normal 0.6845471059286887 0.7289686274214114 0
    outer loop
      vertex -2.369148039119588 -2.224778094268238 -5
      vertex -2.0716279666832413 -2.5041680390213155 -5
      vertex -2.0716279666832413 -2.5041680390213155 -13.5
    endloop
  endfacet
  facet normal 0.844327925502015 0.5358267949789968 0
    outer loop
      vertex -2.629305231718579 -1.9103020699505378 -5
      vertex -2.629305231718579 -1.9103020699505378 -13.5
      vertex -2.8479967101425565 -1.5656994408305749 -5
    endloop
  endfacet
  facet normal 0.5877852522924724 0.8090169943749479 0
    outer loop
      vertex -1.7414370836817394 -2.7440657578815486 -5
      vertex -1.7414370836817394 -2.7440657578815486 -13.5
      vertex -2.0716279666832413 -2.5041680390213155 -5
    endloop
  endfacet
  facet normal 0.9980267284282716 -0.06279051952931358 0
    outer loop
      vertex -3.224372779272053 0.40733300908398823 -5
      vertex -3.25 0 -13.5
      vertex -3.224372779272053 0.40733300908398823 -13.5
    endloop
  endfacet
  facet normal 0.9822872507286888 -0.1873813145857245 0
    outer loop
      vertex -3.147895273668051 0.8082421332857783 -5
      vertex -3.224372779272053 0.40733300908398823 -13.5
      vertex -3.147895273668051 0.8082421332857783 -13.5
    endloop
  endfacet
  facet normal 0.9510565162951536 -0.3090169943749472 0
    outer loop
      vertex -3.021773579136817 1.1964047962252031 -5
      vertex -3.147895273668051 0.8082421332857783 -13.5
      vertex -3.021773579136817 1.1964047962252031 -13.5
    endloop
  endfacet
  facet normal 0.9048270524660195 -0.42577929156507277 0
    outer loop
      vertex -2.8479967101425565 1.5656994408305749 -5
      vertex -3.021773579136817 1.1964047962252031 -13.5
      vertex -2.8479967101425565 1.5656994408305749 -13.5
    endloop
  endfacet
  facet normal 0.844327925502015 -0.5358267949789968 0
    outer loop
      vertex -2.629305231718579 1.9103020699505378 -5
      vertex -2.8479967101425565 1.5656994408305749 -13.5
      vertex -2.629305231718579 1.9103020699505378 -13.5
    endloop
  endfacet
  facet normal 0.7705132427757897 -0.6374239897486892 0
    outer loop
      vertex -2.369148039119588 2.224778094268238 -5
      vertex -2.629305231718579 1.9103020699505378 -13.5
      vertex -2.369148039119588 2.224778094268238 -13.5
    endloop
  endfacet
  facet normal 0.6845471059286887 -0.7289686274214114 0
    outer loop
      vertex -2.0716279666832413 2.5041680390213155 -5
      vertex -2.369148039119588 2.224778094268238 -13.5
      vertex -2.0716279666832413 2.5041680390213155 -13.5
    endloop
  endfacet
  facet normal 0.5877852522924724 -0.8090169943749479 0
    outer loop
      vertex -1.7414370836817394 2.7440657578815486 -5
      vertex -2.0716279666832413 2.5041680390213155 -13.5
      vertex -1.7414370836817394 2.7440657578815486 -13.5
    endloop
  endfacet
  facet normal 0.4817536741017156 -0.8763066800438634 0
    outer loop
      vertex -1.3837826975864864 2.9406879205145633 -5
      vertex -1.7414370836817394 2.7440657578815486 -13.5
      vertex -1.3837826975864864 2.9406879205145633 -13.5
    endloop
  endfacet
  facet normal 0.3681245526846775 -0.9297764858882516 0
    outer loop
      vertex -1.004305231718579 3.090933677959249 -5
      vertex -1.3837826975864864 2.9406879205145633 -13.5
      vertex -1.004305231718579 3.090933677959249 -13.5
    endloop
  endfacet
  facet normal 0.24868988716485538 -0.968583161128631 0
    outer loop
      vertex -0.6089892724036049 3.1924335648682383 -5
      vertex -1.004305231718579 3.090933677959249 -13.5
      vertex -0.6089892724036049 3.1924335648682383 -13.5
    endloop
  endfacet
  facet normal 0.12533323356430365 -0.9921147013144779 0
    outer loop
      vertex -0.20406918847026814 3.2435868673918824 -5
      vertex -0.6089892724036049 3.1924335648682383 -13.5
      vertex -0.20406918847026814 3.2435868673918824 -13.5
    endloop
  endfacet
  facet normal 0.9980267284282716 -0.06279051952931358 0
    outer loop
      vertex -3.25 0 -5
      vertex -3.25 0 -13.5
      vertex -3.224372779272053 0.40733300908398823 -5
    endloop
  endfacet
  facet normal 0.9822872507286888 -0.1873813145857245 0
    outer loop
      vertex -3.224372779272053 0.40733300908398823 -5
      vertex -3.224372779272053 0.40733300908398823 -13.5
      vertex -3.147895273668051 0.8082421332857783 -5
    endloop
  endfacet
  facet normal 0.9510565162951536 -0.3090169943749472 0
    outer loop
      vertex -3.147895273668051 0.8082421332857783 -5
      vertex -3.147895273668051 0.8082421332857783 -13.5
      vertex -3.021773579136817 1.1964047962252031 -5
    endloop
  endfacet
  facet normal 0.9048270524660195 -0.42577929156507277 0
    outer loop
      vertex -3.021773579136817 1.1964047962252031 -5
      vertex -3.021773579136817 1.1964047962252031 -13.5
      vertex -2.8479967101425565 1.5656994408305749 -5
    endloop
  endfacet
  facet normal 0.844327925502015 -0.5358267949789968 0
    outer loop
      vertex -2.8479967101425565 1.5656994408305749 -5
      vertex -2.8479967101425565 1.5656994408305749 -13.5
      vertex -2.629305231718579 1.9103020699505378 -5
    endloop
  endfacet
  facet normal 0.7705132427757897 -0.6374239897486892 0
    outer loop
      vertex -2.629305231718579 1.9103020699505378 -5
      vertex -2.629305231718579 1.9103020699505378 -13.5
      vertex -2.369148039119588 2.224778094268238 -5
    endloop
  endfacet
  facet normal 0.6845471059286887 -0.7289686274214114 0
    outer loop
      vertex -2.369148039119588 2.224778094268238 -5
      vertex -2.369148039119588 2.224778094268238 -13.5
      vertex -2.0716279666832413 2.5041680390213155 -5
    endloop
  endfacet
  facet normal 0.5877852522924724 -0.8090169943749479 0
    outer loop
      vertex -2.0716279666832413 2.5041680390213155 -5
      vertex -2.0716279666832413 2.5041680390213155 -13.5
      vertex -1.7414370836817394 2.7440657578815486 -5
    endloop
  endfacet
  facet normal 0.4817536741017156 -0.8763066800438634 0
    outer loop
      vertex -1.7414370836817394 2.7440657578815486 -5
      vertex -1.7414370836817394 2.7440657578815486 -13.5
      vertex -1.3837826975864864 2.9406879205145633 -5
    endloop
  endfacet
  facet normal 0.3681245526846775 -0.9297764858882516 0
    outer loop
      vertex -1.3837826975864864 2.9406879205145633 -5
      vertex -1.3837826975864864 2.9406879205145633 -13.5
      vertex -1.004305231718579 3.090933677959249 -5
    endloop
  endfacet
  facet normal 0.24868988716485538 -0.968583161128631 0
    outer loop
      vertex -1.004305231718579 3.090933677959249 -5
      vertex -1.004305231718579 3.090933677959249 -13.5
      vertex -0.6089892724036049 3.1924335648682383 -5
    endloop
  endfacet
  facet normal 0.12533323356430365 -0.9921147013144779 0
    outer loop
      vertex -0.6089892724036049 3.1924335648682383 -5
      vertex -0.6089892724036049 3.1924335648682383 -13.5
      vertex -0.20406918847026814 3.2435868673918824 -5
    endloop
  endfacet
  facet normal 0 -1 0
    outer loop
      vertex -0.20406918847026814 3.2435868673918824 -5
      vertex -0.20406918847026814 3.2435868673918824 -13.5
      vertex 0.20406918847026814 3.2435868673918824 -5
    endloop
  endfacet
  facet normal -0.12533323356430498 0.9921147013144777 0
    outer loop
      vertex 0.20406918847026972 -3.2435868673918824 -5
      vertex 0.6089892724036057 -3.192433564868238 -13.5
      vertex 0.20406918847026972 -3.2435868673918824 -13.5
    endloop
  endfacet
  facet normal -0.24868988716485482 0.9685831611286312 0
    outer loop
      vertex 0.6089892724036057 -3.192433564868238 -5
      vertex 1.004305231718579 -3.090933677959249 -13.5
      vertex 0.6089892724036057 -3.192433564868238 -13.5
    endloop
  endfacet
  facet normal -0.3681245526846773 0.9297764858882517 0
    outer loop
      vertex 1.004305231718579 -3.090933677959249 -5
      vertex 1.3837826975864855 -2.9406879205145637 -13.5
      vertex 1.004305231718579 -3.090933677959249 -13.5
    endloop
  endfacet
  facet normal -0.48175367410171566 0.8763066800438634 0
    outer loop
      vertex 1.3837826975864855 -2.9406879205145637 -5
      vertex 1.7414370836817377 -2.7440657578815495 -13.5
      vertex 1.3837826975864855 -2.9406879205145637 -13.5
    endloop
  endfacet
  facet normal -0.587785252292473 0.8090169943749477 0
    outer loop
      vertex 1.7414370836817377 -2.7440657578815495 -5
      vertex 2.0716279666832422 -2.504168039021314 -13.5
      vertex 1.7414370836817377 -2.7440657578815495 -13.5
    endloop
  endfacet
  facet normal -0.6845471059286882 0.728968627421412 0
    outer loop
      vertex 2.0716279666832422 -2.504168039021314 -5
      vertex 2.369148039119588 -2.224778094268238 -13.5
      vertex 2.0716279666832422 -2.504168039021314 -13.5
    endloop
  endfacet
  facet normal -0.7705132427757897 0.6374239897486892 0
    outer loop
      vertex 2.369148039119588 -2.224778094268238 -5
      vertex 2.629305231718579 -1.9103020699505378 -13.5
      vertex 2.369148039119588 -2.224778094268238 -13.5
    endloop
  endfacet
  facet normal -0.844327925502015 0.5358267949789968 0
    outer loop
      vertex 2.629305231718579 -1.9103020699505378 -5
      vertex 2.8479967101425565 -1.5656994408305749 -13.5
      vertex 2.629305231718579 -1.9103020699505378 -13.5
    endloop
  endfacet
  facet normal -0.9048270524660196 0.4257792915650725 0
    outer loop
      vertex 2.8479967101425565 -1.5656994408305749 -5
      vertex 3.0217735791368163 -1.1964047962252047 -13.5
      vertex 2.8479967101425565 -1.5656994408305749 -13.5
    endloop
  endfacet
  facet normal -0.9510565162951534 0.30901699437494795 0
    outer loop
      vertex 3.0217735791368163 -1.1964047962252047 -5
      vertex 3.1478952736680514 -0.8082421332857769 -13.5
      vertex 3.0217735791368163 -1.1964047962252047 -13.5
    endloop
  endfacet
  facet normal -0.9822872507286887 0.18738131458572407 0
    outer loop
      vertex 3.1478952736680514 -0.8082421332857769 -5
      vertex 3.224372779272053 -0.40733300908398823 -13.5
      vertex 3.1478952736680514 -0.8082421332857769 -13.5
    endloop
  endfacet
  facet normal -0.9980267284282716 0.06279051952931358 0
    outer loop
      vertex 3.224372779272053 -0.40733300908398823 -5
      vertex 3.25 0 -13.5
      vertex 3.224372779272053 -0.40733300908398823 -13.5
    endloop
  endfacet
  facet normal 0 1 0
    outer loop
      vertex -0.20406918847026972 -3.2435868673918824 -5
      vertex 0.20406918847026972 -3.2435868673918824 -5
      vertex 0.20406918847026972 -3.2435868673918824 -13.5
    endloop
  endfacet
  facet normal -0.12533323356430498 0.9921147013144777 0
    outer loop
      vertex 0.20406918847026972 -3.2435868673918824 -5
      vertex 0.6089892724036057 -3.192433564868238 -5
      vertex 0.6089892724036057 -3.192433564868238 -13.5
    endloop
  endfacet
  facet normal -0.24868988716485482 0.9685831611286312 0
    outer loop
      vertex 0.6089892724036057 -3.192433564868238 -5
      vertex 1.004305231718579 -3.090933677959249 -5
      vertex 1.004305231718579 -3.090933677959249 -13.5
    endloop
  endfacet
  facet normal -0.3681245526846773 0.9297764858882517 0
    outer loop
      vertex 1.004305231718579 -3.090933677959249 -5
      vertex 1.3837826975864855 -2.9406879205145637 -5
      vertex 1.3837826975864855 -2.9406879205145637 -13.5
    endloop
  endfacet
  facet normal -0.48175367410171566 0.8763066800438634 0
    outer loop
      vertex 1.3837826975864855 -2.9406879205145637 -5
      vertex 1.7414370836817377 -2.7440657578815495 -5
      vertex 1.7414370836817377 -2.7440657578815495 -13.5
    endloop
  endfacet
  facet normal -0.587785252292473 0.8090169943749477 0
    outer loop
      vertex 1.7414370836817377 -2.7440657578815495 -5
      vertex 2.0716279666832422 -2.504168039021314 -5
      vertex 2.0716279666832422 -2.504168039021314 -13.5
    endloop
  endfacet
  facet normal -0.6845471059286882 0.728968627421412 0
    outer loop
      vertex 2.0716279666832422 -2.504168039021314 -5
      vertex 2.369148039119588 -2.224778094268238 -5
      vertex 2.369148039119588 -2.224778094268238 -13.5
    endloop
  endfacet
  facet normal -0.7705132427757897 0.6374239897486892 0
    outer loop
      vertex 2.369148039119588 -2.224778094268238 -5
      vertex 2.629305231718579 -1.9103020699505378 -5
      vertex 2.629305231718579 -1.9103020699505378 -13.5
    endloop
  endfacet
  facet normal -0.844327925502015 0.5358267949789968 0
    outer loop
      vertex 2.629305231718579 -1.9103020699505378 -5
      vertex 2.8479967101425565 -1.5656994408305749 -5
      vertex 2.8479967101425565 -1.5656994408305749 -13.5
    endloop
  endfacet
  facet normal -0.9048270524660196 0.4257792915650725 0
    outer loop
      vertex 2.8479967101425565 -1.5656994408305749 -5
      vertex 3.0217735791368163 -1.1964047962252047 -5
      vertex 3.0217735791368163 -1.1964047962252047 -13.5
    endloop
  endfacet
  facet normal -0.9510565162951534 0.30901699437494795 0
    outer loop
      vertex 3.0217735791368163 -1.1964047962252047 -5
      vertex 3.1478952736680514 -0.8082421332857769 -5
      vertex 3.1478952736680514 -0.8082421332857769 -13.5
    endloop
  endfacet
  facet normal -0.9822872507286887 0.18738131458572407 0
    outer loop
      vertex 3.1478952736680514 -0.8082421332857769 -5
      vertex 3.224372779272053 -0.40733300908398823 -5
      vertex 3.224372779272053 -0.40733300908398823 -13.5
    endloop
  endfacet
  facet normal -0.9980267284282716 0.06279051952931358 0
    outer loop
      vertex 3.224372779272053 -0.40733300908398823 -5
      vertex 3.25 0 -5
      vertex 3.25 0 -13.5
    endloop
  endfacet
  facet normal -0.5877852522924738 -0.8090169943749469 0
    outer loop
      vertex 2.071627966683242 2.5041680390213146 -5
      vertex 1.7414370836817392 2.744065757881549 -13.5
      vertex 2.071627966683242 2.5041680390213146 -13.5
    endloop
  endfacet
  facet normal -0.844327925502015 -0.5358267949789968 0
    outer loop
      vertex 2.8479967101425565 1.5656994408305749 -5
      vertex 2.629305231718579 1.9103020699505378 -13.5
      vertex 2.8479967101425565 1.5656994408305749 -13.5
    endloop
  endfacet
  facet normal -0.7705132427757895 -0.6374239897486893 0
    outer loop
      vertex 2.629305231718579 1.9103020699505378 -5
      vertex 2.3691480391195876 2.2247780942682382 -13.5
      vertex 2.629305231718579 1.9103020699505378 -13.5
    endloop
  endfacet
  facet normal -0.6845471059286882 -0.728968627421412 0
    outer loop
      vertex 2.3691480391195876 2.2247780942682382 -5
      vertex 2.071627966683242 2.5041680390213146 -13.5
      vertex 2.3691480391195876 2.2247780942682382 -13.5
    endloop
  endfacet
  facet normal 0 -1 0
    outer loop
      vertex 0.20406918847026814 3.2435868673918824 -5
      vertex -0.20406918847026814 3.2435868673918824 -13.5
      vertex 0.2040691884702635 3.2435868673918824 -13.5
    endloop
  endfacet
  facet normal -0.12533323356430223 -0.992114701314478 0
    outer loop
      vertex 0.6089892724036049 3.1924335648682383 -5
      vertex 0.2040691884702635 3.2435868673918824 -13.5
      vertex 0.6089892724036049 3.1924335648682383 -13.5
    endloop
  endfacet
  facet normal -0.24868988716485538 -0.968583161128631 0
    outer loop
      vertex 1.004305231718579 3.090933677959249 -5
      vertex 0.6089892724036049 3.1924335648682383 -13.5
      vertex 1.004305231718579 3.090933677959249 -13.5
    endloop
  endfacet
  facet normal -0.3681245526846775 -0.9297764858882516 0
    outer loop
      vertex 1.3837826975864864 2.9406879205145633 -5
      vertex 1.004305231718579 3.090933677959249 -13.5
      vertex 1.3837826975864864 2.9406879205145633 -13.5
    endloop
  endfacet
  facet normal -0.481753674101715 -0.8763066800438638 0
    outer loop
      vertex 1.7414370836817392 2.744065757881549 -5
      vertex 1.3837826975864864 2.9406879205145633 -13.5
      vertex 1.7414370836817392 2.744065757881549 -13.5
    endloop
  endfacet
  facet normal -0.9980267284282716 -0.06279051952931348 0
    outer loop
      vertex 3.25 0 -5
      vertex 3.224372779272053 0.40733300908398884 -13.5
      vertex 3.25 0 -13.5
    endloop
  endfacet
  facet normal -0.9822872507286886 -0.18738131458572485 0
    outer loop
      vertex 3.224372779272053 0.40733300908398884 -5
      vertex 3.147895273668051 0.8082421332857781 -13.5
      vertex 3.224372779272053 0.40733300908398884 -13.5
    endloop
  endfacet
  facet normal -0.9510565162951535 -0.3090169943749478 0
    outer loop
      vertex 3.147895273668051 0.8082421332857781 -5
      vertex 3.0217735791368168 1.1964047962252033 -13.5
      vertex 3.147895273668051 0.8082421332857781 -13.5
    endloop
  endfacet
  facet normal -0.9048270524660198 -0.4257792915650721 0
    outer loop
      vertex 3.0217735791368168 1.1964047962252033 -5
      vertex 2.8479967101425565 1.5656994408305749 -13.5
      vertex 3.0217735791368168 1.1964047962252033 -13.5
    endloop
  endfacet
  facet normal -0.5877852522924738 -0.8090169943749469 0
    outer loop
      vertex 2.071627966683242 2.5041680390213146 -5
      vertex 1.7414370836817392 2.744065757881549 -5
      vertex 1.7414370836817392 2.744065757881549 -13.5
    endloop
  endfacet
  facet normal -0.844327925502015 -0.5358267949789968 0
    outer loop
      vertex 2.8479967101425565 1.5656994408305749 -5
      vertex 2.629305231718579 1.9103020699505378 -5
      vertex 2.629305231718579 1.9103020699505378 -13.5
    endloop
  endfacet
  facet normal -0.6845471059286882 -0.728968627421412 0
    outer loop
      vertex 2.071627966683242 2.5041680390213146 -5
      vertex 2.071627966683242 2.5041680390213146 -13.5
      vertex 2.3691480391195876 2.2247780942682382 -5
    endloop
  endfacet
  facet normal -0.7705132427757895 -0.6374239897486893 0
    outer loop
      vertex 2.629305231718579 1.9103020699505378 -5
      vertex 2.3691480391195876 2.2247780942682382 -5
      vertex 2.3691480391195876 2.2247780942682382 -13.5
    endloop
  endfacet
  facet normal -0.12533323356430365 -0.9921147013144779 6.800530698359862e-17
    outer loop
      vertex 0.6089892724036049 3.1924335648682383 -5
      vertex 0.20406918847026814 3.2435868673918824 -5
      vertex 0.2040691884702635 3.2435868673918824 -13.5
    endloop
  endfacet
  facet normal -0.24868988716485538 -0.968583161128631 0
    outer loop
      vertex 0.6089892724036049 3.1924335648682383 -5
      vertex 0.6089892724036049 3.1924335648682383 -13.5
      vertex 1.004305231718579 3.090933677959249 -5
    endloop
  endfacet
  facet normal -0.3681245526846775 -0.9297764858882516 0
    outer loop
      vertex 1.004305231718579 3.090933677959249 -5
      vertex 1.004305231718579 3.090933677959249 -13.5
      vertex 1.3837826975864864 2.9406879205145633 -5
    endloop
  endfacet
  facet normal -0.481753674101715 -0.8763066800438638 0
    outer loop
      vertex 1.3837826975864864 2.9406879205145633 -5
      vertex 1.3837826975864864 2.9406879205145633 -13.5
      vertex 1.7414370836817392 2.744065757881549 -5
    endloop
  endfacet
  facet normal -0.9980267284282716 -0.06279051952931348 0
    outer loop
      vertex 3.25 0 -5
      vertex 3.224372779272053 0.40733300908398884 -5
      vertex 3.224372779272053 0.40733300908398884 -13.5
    endloop
  endfacet
  facet normal -0.9822872507286886 -0.18738131458572485 0
    outer loop
      vertex 3.224372779272053 0.40733300908398884 -5
      vertex 3.147895273668051 0.8082421332857781 -5
      vertex 3.147895273668051 0.8082421332857781 -13.5
    endloop
  endfacet
  facet normal -0.9510565162951535 -0.3090169943749478 0
    outer loop
      vertex 3.147895273668051 0.8082421332857781 -5
      vertex 3.0217735791368168 1.1964047962252033 -5
      vertex 3.0217735791368168 1.1964047962252033 -13.5
    endloop
  endfacet
  facet normal -0.9048270524660198 -0.4257792915650721 0
    outer loop
      vertex 2.8479967101425565 1.5656994408305749 -5
      vertex 2.8479967101425565 1.5656994408305749 -13.5
      vertex 3.0217735791368168 1.1964047962252033 -5
    endloop
  endfacet
endsolid OpenSCAD_Model
