solid OpenSCAD_Model
  facet normal 0.7695556865203667 0.6366318303218893 -0.04983932147580131
    outer loop
      vertex -5.048107744893276 -4.7404887085561676 -2
      vertex -5.157453039006487 -4.843170774445471 -5
      vertex -5.723795235202753 -4.158580659969248 -5
    endloop
  endfacet
  facet normal 0.6836963841928093 0.7280627007864846 -0.04983932147580132
    outer loop
      vertex -5.048107744893276 -4.7404887085561676 -2
      vertex -4.50977472747198 -5.45138119263871 -5
      vertex -5.157453039006487 -4.843170774445471 -5
    endloop
  endfacet
  facet normal 0.6836963841928086 0.7280627007864852 -0.04983932147580158
    outer loop
      vertex -4.414161129009676 -5.335804206222341 -2
      vertex -4.50977472747198 -5.45138119263871 -5
      vertex -5.048107744893276 -4.7404887085561676 -2
    endloop
  endfacet
  facet normal 0.981066512071209 0.18714844623256735 -0.04983932147580164
    outer loop
      vertex -6.70743839081577 -1.7221774686166198 -2
      vertex -6.852725864985065 -1.759480951691348 -5
      vertex -7.019211511799931 -0.8867326274674513 -5
    endloop
  endfacet
  facet normal 0.996786429516027 0.06271248653595463 -0.04983932147580127
    outer loop
      vertex -6.870394306602759 -0.8679326424328057 -2
      vertex -7.019211511799931 -0.8867326274674513 -5
      vertex -7.075 0 -5
    endloop
  endfacet
  facet normal 0.843278635961216 0.5351608955876938 -0.049839321475801425
    outer loop
      vertex -5.602442686046511 -4.0704128721253765 -2
      vertex -5.723795235202753 -4.158580659969248 -5
      vertex -6.199869761310334 -3.4084072442696365 -5
    endloop
  endfacet
  facet normal 0.9037025775627165 0.425250153840459 -0.04983932147580161
    outer loop
      vertex -6.068423759303754 -3.3361441931543787 -2
      vertex -6.199869761310334 -3.4084072442696365 -5
      vertex -6.578168637659379 -2.6044812102440957 -5
    endloop
  endfacet
  facet normal 0.9498745896703008 0.30863296313503064 -0.04983932147580142
    outer loop
      vertex -6.438702164776141 -2.5492625273413942 -2
      vertex -6.578168637659379 -2.6044812102440957 -5
      vertex -6.852725864985065 -1.759480951691348 -5
    endloop
  endfacet
  facet normal 0.9810665120712087 0.1871484462325686 -0.04983932147580128
    outer loop
      vertex -6.70743839081577 -1.7221774686166198 -2
      vertex -7.019211511799931 -0.8867326274674513 -5
      vertex -6.870394306602759 -0.8679326424328057 -2
    endloop
  endfacet
  facet normal 0.996786429516027 0.06271248653595397 -0.04983932147580147
    outer loop
      vertex -6.870394306602759 -0.8679326424328057 -2
      vertex -7.075 0 -5
      vertex -6.925 0 -2
    endloop
  endfacet
  facet normal 0.8432786359612164 0.5351608955876933 -0.04983932147580161
    outer loop
      vertex -5.602442686046511 -4.0704128721253765 -2
      vertex -6.199869761310334 -3.4084072442696365 -5
      vertex -6.068423759303754 -3.3361441931543787 -2
    endloop
  endfacet
  facet normal 0.9037025775627162 0.4252501538404596 -0.0498393214758014
    outer loop
      vertex -6.438702164776141 -2.5492625273413942 -2
      vertex -6.068423759303754 -3.3361441931543787 -2
      vertex -6.578168637659379 -2.6044812102440957 -5
    endloop
  endfacet
  facet normal 0.769555686520367 0.636631830321889 -0.04983932147580144
    outer loop
      vertex -5.602442686046511 -4.0704128721253765 -2
      vertex -5.048107744893276 -4.7404887085561676 -2
      vertex -5.723795235202753 -4.158580659969248 -5
    endloop
  endfacet
  facet normal 0.9498745896703011 0.3086329631350299 -0.04983932147580164
    outer loop
      vertex -6.438702164776141 -2.5492625273413942 -2
      vertex -6.852725864985065 -1.759480951691348 -5
      vertex -6.70743839081577 -1.7221774686166198 -2
    endloop
  endfacet
  facet normal 0.4811549741461549 0.8752176488675517 -0.04983932147580148
    outer loop
      vertex -3.7106005552295525 -5.846970884101453 -2
      vertex -3.0123884878228875 -6.401651396197089 -5
      vertex -3.7909745744764023 -5.973620072926756 -5
    endloop
  endfacet
  facet normal 0.5870547814661049 0.8080115875361045 -0.04983932147580158
    outer loop
      vertex -4.414161129009676 -5.335804206222341 -2
      vertex -3.7909745744764023 -5.973620072926756 -5
      vertex -4.50977472747198 -5.45138119263871 -5
    endloop
  endfacet
  facet normal 0.36766706545586936 0.9286210050466774 -0.049839321475801446
    outer loop
      vertex -2.9485215940881266 -6.265927338327185 -2
      vertex -2.1862952352027527 -6.728724852788211 -5
      vertex -3.0123884878228875 -6.401651396197089 -5
    endloop
  endfacet
  facet normal 0.24838082750968676 0.9673794532449171 -0.049839321475801446
    outer loop
      vertex -2.1399426860465107 -6.586066375343938 -2
      vertex -1.3257228006940032 -6.949682298905472 -5
      vertex -2.1862952352027527 -6.728724852788211 -5
    endloop
  endfacet
  facet normal 0.12517747553816164 0.9908817495810107 -0.04983932147580159
    outer loop
      vertex -1.2976156035061444 -6.802339211296168 -2
      vertex -0.4442429256698949 -7.061039103630021 -5
      vertex -1.3257228006940032 -6.949682298905472 -5
    endloop
  endfacet
  facet normal 0.587054781466105 0.8080115875361041 -0.04983932147580148
    outer loop
      vertex -4.414161129009676 -5.335804206222341 -2
      vertex -3.7106005552295525 -5.846970884101453 -2
      vertex -3.7909745744764023 -5.973620072926756 -5
    endloop
  endfacet
  facet normal 0.481154974146155 0.8752176488675516 -0.04983932147580147
    outer loop
      vertex -3.7106005552295525 -5.846970884101453 -2
      vertex -2.9485215940881266 -6.265927338327185 -2
      vertex -3.0123884878228875 -6.401651396197089 -5
    endloop
  endfacet
  facet normal 0.36766706545586936 0.9286210050466774 -0.04983932147580146
    outer loop
      vertex -2.9485215940881266 -6.265927338327185 -2
      vertex -2.1399426860465107 -6.586066375343938 -2
      vertex -2.1862952352027527 -6.728724852788211 -5
    endloop
  endfacet
  facet normal 0.24838082750968637 0.9673794532449173 -0.04983932147580159
    outer loop
      vertex -2.1399426860465107 -6.586066375343938 -2
      vertex -1.2976156035061444 -6.802339211296168 -2
      vertex -1.3257228006940032 -6.949682298905472 -5
    endloop
  endfacet
  facet normal 0.12517747553816244 0.9908817495810106 -0.049839321475801356
    outer loop
      vertex -1.2976156035061444 -6.802339211296168 -2
      vertex -0.4348243477404978 -6.91133509436578 -2
      vertex -0.4442429256698949 -7.061039103630021 -5
    endloop
  endfacet
  facet normal 0 0.9987572488021461 -0.04983932147580136
    outer loop
      vertex -0.4348243477404978 -6.91133509436578 -2
      vertex 0.4348243477404978 -6.91133509436578 -2
      vertex -0.4442429256698949 -7.061039103630021 -5
    endloop
  endfacet
  facet normal 0 0 -1
    outer loop
      vertex -6.70743839081577 -1.7221774686166198 -2
      vertex -6.870394306602759 -0.8679326424328057 -2
      vertex -6.870394306602759 0.8679326424328057 -2
    endloop
  endfacet
  facet normal 0 0 -1
    outer loop
      vertex -5.602442686046511 -4.0704128721253765 -2
      vertex -6.068423759303754 -3.3361441931543787 -2
      vertex -6.068423759303754 3.3361441931543787 -2
    endloop
  endfacet
  facet normal 0 0 -1
    outer loop
      vertex -6.438702164776141 -2.5492625273413942 -2
      vertex -6.70743839081577 -1.7221774686166198 -2
      vertex -6.70743839081577 1.7221774686166198 -2
    endloop
  endfacet
  facet normal 0 0 -1
    outer loop
      vertex -6.438702164776141 -2.5492625273413942 -2
      vertex -6.438702164776141 2.5492625273413942 -2
      vertex -6.068423759303754 -3.3361441931543787 -2
    endloop
  endfacet
  facet normal 0 0 -1
    outer loop
      vertex -5.602442686046511 -4.0704128721253765 -2
      vertex -5.602442686046511 4.0704128721253765 -2
      vertex -5.048107744893276 -4.7404887085561676 -2
    endloop
  endfacet
  facet normal 0 0 -1
    outer loop
      vertex -4.414161129009676 -5.335804206222341 -2
      vertex -5.048107744893276 -4.7404887085561676 -2
      vertex -5.048107744893276 4.7404887085561676 -2
    endloop
  endfacet
  facet normal 0 0 -1
    outer loop
      vertex -4.414161129009676 -5.335804206222341 -2
      vertex -4.414161129009676 5.335804206222341 -2
      vertex -3.7106005552295525 -5.846970884101453 -2
    endloop
  endfacet
  facet normal 0 0 -1
    outer loop
      vertex -3.7106005552295525 -5.846970884101453 -2
      vertex -3.7106005552295525 5.846970884101453 -2
      vertex -2.9485215940881266 -6.265927338327185 -2
    endloop
  endfacet
  facet normal 0 0 -1
    outer loop
      vertex -2.9485215940881266 -6.265927338327185 -2
      vertex -2.9485215940881284 6.2659273383271845 -2
      vertex -2.1399426860465107 -6.586066375343938 -2
    endloop
  endfacet
  facet normal 0 0 -1
    outer loop
      vertex -2.1399426860465107 -6.586066375343938 -2
      vertex -2.1399426860465107 6.586066375343938 -2
      vertex -1.2976156035061444 -6.802339211296168 -2
    endloop
  endfacet
  facet normal 0 0 -1
    outer loop
      vertex -1.2976156035061444 -6.802339211296168 -2
      vertex -1.2976156035061426 6.802339211296169 -2
      vertex -0.4348243477404978 -6.91133509436578 -2
    endloop
  endfacet
  facet normal 0 0 -1
    outer loop
      vertex -0.4348243477404978 -6.91133509436578 -2
      vertex -0.43482434774049444 6.91133509436578 -2
      vertex 0.4348243477404978 -6.91133509436578 -2
    endloop
  endfacet
  facet normal 0.996786429516027 -0.06271248653595463 -0.04983932147580127
    outer loop
      vertex -6.870394306602759 0.8679326424328057 -2
      vertex -7.075 0 -5
      vertex -7.019211511799931 0.8867326274674513 -5
    endloop
  endfacet
  facet normal 0.981066512071209 -0.18714844623256735 -0.04983932147580164
    outer loop
      vertex -6.70743839081577 1.7221774686166198 -2
      vertex -7.019211511799931 0.8867326274674513 -5
      vertex -6.852725864985065 1.759480951691348 -5
    endloop
  endfacet
  facet normal 0.9498745896703008 -0.30863296313503064 -0.04983932147580142
    outer loop
      vertex -6.438702164776141 2.5492625273413942 -2
      vertex -6.852725864985065 1.759480951691348 -5
      vertex -6.578168637659379 2.6044812102440957 -5
    endloop
  endfacet
  facet normal 0.9037025775627165 -0.425250153840459 -0.04983932147580161
    outer loop
      vertex -6.068423759303754 3.3361441931543787 -2
      vertex -6.578168637659379 2.6044812102440957 -5
      vertex -6.199869761310334 3.4084072442696365 -5
    endloop
  endfacet
  facet normal 0.843278635961216 -0.5351608955876938 -0.049839321475801425
    outer loop
      vertex -5.602442686046511 4.0704128721253765 -2
      vertex -6.199869761310334 3.4084072442696365 -5
      vertex -5.723795235202753 4.158580659969248 -5
    endloop
  endfacet
  facet normal 0.996786429516027 -0.06271248653595397 -0.04983932147580147
    outer loop
      vertex -6.925 0 -2
      vertex -7.075 0 -5
      vertex -6.870394306602759 0.8679326424328057 -2
    endloop
  endfacet
  facet normal 0.9810665120712087 -0.1871484462325686 -0.04983932147580128
    outer loop
      vertex -6.870394306602759 0.8679326424328057 -2
      vertex -7.019211511799931 0.8867326274674513 -5
      vertex -6.70743839081577 1.7221774686166198 -2
    endloop
  endfacet
  facet normal 0.9498745896703011 -0.3086329631350299 -0.04983932147580164
    outer loop
      vertex -6.70743839081577 1.7221774686166198 -2
      vertex -6.852725864985065 1.759480951691348 -5
      vertex -6.438702164776141 2.5492625273413942 -2
    endloop
  endfacet
  facet normal 0.9037025775627162 -0.4252501538404596 -0.0498393214758014
    outer loop
      vertex -6.438702164776141 2.5492625273413942 -2
      vertex -6.578168637659379 2.6044812102440957 -5
      vertex -6.068423759303754 3.3361441931543787 -2
    endloop
  endfacet
  facet normal 0.8432786359612164 -0.5351608955876933 -0.04983932147580162
    outer loop
      vertex -6.068423759303754 3.3361441931543787 -2
      vertex -6.199869761310334 3.4084072442696365 -5
      vertex -5.602442686046511 4.0704128721253765 -2
    endloop
  endfacet
  facet normal 0.769555686520367 -0.636631830321889 -0.04983932147580144
    outer loop
      vertex -5.602442686046511 4.0704128721253765 -2
      vertex -5.723795235202753 4.158580659969248 -5
      vertex -5.048107744893276 4.7404887085561676 -2
    endloop
  endfacet
  facet normal 0.7695556865203667 -0.6366318303218893 -0.04983932147580131
    outer loop
      vertex -5.048107744893276 4.7404887085561676 -2
      vertex -5.723795235202753 4.158580659969248 -5
      vertex -5.157453039006487 4.843170774445471 -5
    endloop
  endfacet
  facet normal 0.6836963841928093 -0.7280627007864846 -0.04983932147580132
    outer loop
      vertex -5.048107744893276 4.7404887085561676 -2
      vertex -5.157453039006487 4.843170774445471 -5
      vertex -4.50977472747198 5.45138119263871 -5
    endloop
  endfacet
  facet normal 0.6836963841928086 -0.7280627007864852 -0.04983932147580158
    outer loop
      vertex -5.048107744893276 4.7404887085561676 -2
      vertex -4.50977472747198 5.45138119263871 -5
      vertex -4.414161129009676 5.335804206222341 -2
    endloop
  endfacet
  facet normal 0.5870547814661049 -0.8080115875361045 -0.04983932147580158
    outer loop
      vertex -4.414161129009676 5.335804206222341 -2
      vertex -4.50977472747198 5.45138119263871 -5
      vertex -3.7909745744764023 5.973620072926756 -5
    endloop
  endfacet
  facet normal 0.48115497414615516 -0.8752176488675515 -0.04983932147580149
    outer loop
      vertex -3.7106005552295525 5.846970884101453 -2
      vertex -3.7909745744764023 5.973620072926756 -5
      vertex -3.0123884878228897 6.401651396197088 -5
    endloop
  endfacet
  facet normal 0.36766706545586936 -0.9286210050466774 -0.0498393214758015
    outer loop
      vertex -2.9485215940881284 6.2659273383271845 -2
      vertex -3.0123884878228897 6.401651396197088 -5
      vertex -2.1862952352027527 6.728724852788211 -5
    endloop
  endfacet
  facet normal 0.2483808275096872 -0.967379453244917 -0.04983932147580145
    outer loop
      vertex -2.1399426860465107 6.586066375343938 -2
      vertex -2.1862952352027527 6.728724852788211 -5
      vertex -1.3257228006940014 6.949682298905473 -5
    endloop
  endfacet
  facet normal 0.1251774755381604 -0.9908817495810107 -0.0498393214758016
    outer loop
      vertex -1.2976156035061426 6.802339211296169 -2
      vertex -1.3257228006940014 6.949682298905473 -5
      vertex -0.44424292566989143 7.061039103630021 -5
    endloop
  endfacet
  facet normal 0 -0.998757248802146 -0.049839321475801356
    outer loop
      vertex -0.43482434774049444 6.91133509436578 -2
      vertex -0.44424292566989143 7.061039103630021 -5
      vertex 0.44424292566989093 7.061039103630021 -5
    endloop
  endfacet
  facet normal 0.587054781466105 -0.8080115875361041 -0.04983932147580148
    outer loop
      vertex -4.414161129009676 5.335804206222341 -2
      vertex -3.7909745744764023 5.973620072926756 -5
      vertex -3.7106005552295525 5.846970884101453 -2
    endloop
  endfacet
  facet normal 0.481154974146155 -0.8752176488675515 -0.04983932147580151
    outer loop
      vertex -3.7106005552295525 5.846970884101453 -2
      vertex -3.0123884878228897 6.401651396197088 -5
      vertex -2.9485215940881284 6.2659273383271845 -2
    endloop
  endfacet
  facet normal 0.3676670654558695 -0.9286210050466772 -0.04983932147580143
    outer loop
      vertex -2.9485215940881284 6.2659273383271845 -2
      vertex -2.1862952352027527 6.728724852788211 -5
      vertex -2.1399426860465107 6.586066375343938 -2
    endloop
  endfacet
  facet normal 0.24838082750968685 -0.9673794532449173 -0.0498393214758016
    outer loop
      vertex -2.1399426860465107 6.586066375343938 -2
      vertex -1.3257228006940014 6.949682298905473 -5
      vertex -1.2976156035061426 6.802339211296169 -2
    endloop
  endfacet
  facet normal 0.1251774755381612 -0.9908817495810106 -0.049839321475801356
    outer loop
      vertex -1.2976156035061426 6.802339211296169 -2
      vertex -0.44424292566989143 7.061039103630021 -5
      vertex -0.43482434774049444 6.91133509436578 -2
    endloop
  endfacet
  facet normal 0 0 -1
    outer loop
      vertex -6.870394306602759 -0.8679326424328057 -2
      vertex -6.925 0 -2
      vertex -6.870394306602759 0.8679326424328057 -2
    endloop
  endfacet
  facet normal 0 0 -1
    outer loop
      vertex -6.70743839081577 -1.7221774686166198 -2
      vertex -6.870394306602759 0.8679326424328057 -2
      vertex -6.70743839081577 1.7221774686166198 -2
    endloop
  endfacet
  facet normal 0 0 -1
    outer loop
      vertex -6.438702164776141 -2.5492625273413942 -2
      vertex -6.70743839081577 1.7221774686166198 -2
      vertex -6.438702164776141 2.5492625273413942 -2
    endloop
  endfacet
  facet normal 0 0 -1
    outer loop
      vertex -6.068423759303754 -3.3361441931543787 -2
      vertex -6.438702164776141 2.5492625273413942 -2
      vertex -6.068423759303754 3.3361441931543787 -2
    endloop
  endfacet
  facet normal 0 0 -1
    outer loop
      vertex -5.602442686046511 -4.0704128721253765 -2
      vertex -6.068423759303754 3.3361441931543787 -2
      vertex -5.602442686046511 4.0704128721253765 -2
    endloop
  endfacet
  facet normal 0 0 -1
    outer loop
      vertex -5.048107744893276 -4.7404887085561676 -2
      vertex -5.602442686046511 4.0704128721253765 -2
      vertex -5.048107744893276 4.7404887085561676 -2
    endloop
  endfacet
  facet normal 0 0 -1
    outer loop
      vertex -4.414161129009676 -5.335804206222341 -2
      vertex -5.048107744893276 4.7404887085561676 -2
      vertex -4.414161129009676 5.335804206222341 -2
    endloop
  endfacet
  facet normal 0 0 -1
    outer loop
      vertex -3.7106005552295525 -5.846970884101453 -2
      vertex -4.414161129009676 5.335804206222341 -2
      vertex -3.7106005552295525 5.846970884101453 -2
    endloop
  endfacet
  facet normal 0 0 -1
    outer loop
      vertex -2.9485215940881266 -6.265927338327185 -2
      vertex -3.7106005552295525 5.846970884101453 -2
      vertex -2.9485215940881284 6.2659273383271845 -2
    endloop
  endfacet
  facet normal 0 0 -1
    outer loop
      vertex -2.1399426860465107 -6.586066375343938 -2
      vertex -2.9485215940881284 6.2659273383271845 -2
      vertex -2.1399426860465107 6.586066375343938 -2
    endloop
  endfacet
  facet normal 0 0 -1
    outer loop
      vertex -1.2976156035061444 -6.802339211296168 -2
      vertex -2.1399426860465107 6.586066375343938 -2
      vertex -1.2976156035061426 6.802339211296169 -2
    endloop
  endfacet
  facet normal 0 0 -1
    outer loop
      vertex -0.4348243477404978 -6.91133509436578 -2
      vertex -1.2976156035061426 6.802339211296169 -2
      vertex -0.43482434774049444 6.91133509436578 -2
    endloop
  endfacet
  facet normal 0 0.998757248802146 -0.049839321475801356
    outer loop
      vertex 0.4348243477404978 -6.91133509436578 -2
      vertex 0.4442429256698949 -7.061039103630021 -5
      vertex -0.4442429256698949 -7.061039103630021 -5
    endloop
  endfacet
  facet normal -0.12517747553816164 0.9908817495810107 -0.04983932147580159
    outer loop
      vertex 1.2976156035061444 -6.802339211296168 -2
      vertex 1.3257228006940032 -6.949682298905472 -5
      vertex 0.4442429256698949 -7.061039103630021 -5
    endloop
  endfacet
  facet normal -0.24838082750968676 0.9673794532449171 -0.049839321475801446
    outer loop
      vertex 2.1399426860465107 -6.586066375343938 -2
      vertex 2.1862952352027527 -6.728724852788211 -5
      vertex 1.3257228006940032 -6.949682298905472 -5
    endloop
  endfacet
  facet normal -0.36766706545586936 0.9286210050466774 -0.049839321475801446
    outer loop
      vertex 2.9485215940881266 -6.265927338327185 -2
      vertex 3.0123884878228875 -6.401651396197089 -5
      vertex 2.1862952352027527 -6.728724852788211 -5
    endloop
  endfacet
  facet normal -0.48115497414615443 0.8752176488675518 -0.04983932147580149
    outer loop
      vertex 3.7106005552295485 -5.846970884101456 -2
      vertex 3.7909745744763983 -5.973620072926758 -5
      vertex 3.0123884878228875 -6.401651396197089 -5
    endloop
  endfacet
  facet normal -0.5870547814661057 0.8080115875361038 -0.04983932147580134
    outer loop
      vertex 4.414161129009678 -5.335804206222339 -2
      vertex 4.5097747274719815 -5.451381192638707 -5
      vertex 3.7909745744763983 -5.973620072926758 -5
    endloop
  endfacet
  facet normal -0.12517747553816244 0.9908817495810106 -0.04983932147580136
    outer loop
      vertex 0.4348243477404978 -6.91133509436578 -2
      vertex 1.2976156035061444 -6.802339211296168 -2
      vertex 0.4442429256698949 -7.061039103630021 -5
    endloop
  endfacet
  facet normal -0.24838082750968637 0.9673794532449173 -0.049839321475801605
    outer loop
      vertex 1.2976156035061444 -6.802339211296168 -2
      vertex 2.1399426860465107 -6.586066375343938 -2
      vertex 1.3257228006940032 -6.949682298905472 -5
    endloop
  endfacet
  facet normal -0.36766706545586936 0.9286210050466774 -0.049839321475801446
    outer loop
      vertex 2.1399426860465107 -6.586066375343938 -2
      vertex 2.9485215940881266 -6.265927338327185 -2
      vertex 2.1862952352027527 -6.728724852788211 -5
    endloop
  endfacet
  facet normal -0.48115497414615455 0.8752176488675517 -0.04983932147580144
    outer loop
      vertex 2.9485215940881266 -6.265927338327185 -2
      vertex 3.7106005552295485 -5.846970884101456 -2
      vertex 3.0123884878228875 -6.401651396197089 -5
    endloop
  endfacet
  facet normal -0.5870547814661052 0.808011587536104 -0.04983932147580149
    outer loop
      vertex 3.7106005552295485 -5.846970884101456 -2
      vertex 4.414161129009678 -5.335804206222339 -2
      vertex 3.7909745744763983 -5.973620072926758 -5
    endloop
  endfacet
  facet normal -0.6836963841928088 0.728062700786485 -0.04983932147580132
    outer loop
      vertex 5.048107744893276 -4.7404887085561676 -2
      vertex 5.157453039006487 -4.843170774445471 -5
      vertex 4.5097747274719815 -5.451381192638707 -5
    endloop
  endfacet
  facet normal -0.7695556865203667 0.6366318303218893 -0.04983932147580131
    outer loop
      vertex 5.048107744893276 -4.7404887085561676 -2
      vertex 5.723795235202753 -4.158580659969248 -5
      vertex 5.157453039006487 -4.843170774445471 -5
    endloop
  endfacet
  facet normal -0.6836963841928086 0.7280627007864852 -0.04983932147580136
    outer loop
      vertex 4.414161129009678 -5.335804206222339 -2
      vertex 5.048107744893276 -4.7404887085561676 -2
      vertex 4.5097747274719815 -5.451381192638707 -5
    endloop
  endfacet
  facet normal -0.843278635961216 0.5351608955876938 -0.049839321475801425
    outer loop
      vertex 5.602442686046511 -4.0704128721253765 -2
      vertex 6.199869761310334 -3.4084072442696365 -5
      vertex 5.723795235202753 -4.158580659969248 -5
    endloop
  endfacet
  facet normal -0.9037025775627167 0.42525015384045894 -0.04983932147580162
    outer loop
      vertex 6.068423759303754 -3.3361441931543787 -2
      vertex 6.5781686376593775 -2.6044812102440993 -5
      vertex 6.199869761310334 -3.4084072442696365 -5
    endloop
  endfacet
  facet normal -0.9498745896703007 0.3086329631350312 -0.049839321475801425
    outer loop
      vertex 6.4387021647761395 -2.549262527341398 -2
      vertex 6.852725864985066 -1.7594809516913452 -5
      vertex 6.5781686376593775 -2.6044812102440993 -5
    endloop
  endfacet
  facet normal -0.9810665120712091 0.18714844623256702 -0.04983932147580165
    outer loop
      vertex 6.707438390815771 -1.722177468616617 -2
      vertex 7.019211511799931 -0.8867326274674513 -5
      vertex 6.852725864985066 -1.7594809516913452 -5
    endloop
  endfacet
  facet normal -0.996786429516027 0.06271248653595463 -0.04983932147580127
    outer loop
      vertex 6.870394306602759 -0.8679326424328057 -2
      vertex 7.075 0 -5
      vertex 7.019211511799931 -0.8867326274674513 -5
    endloop
  endfacet
  facet normal -0.769555686520367 0.636631830321889 -0.04983932147580144
    outer loop
      vertex 5.048107744893276 -4.7404887085561676 -2
      vertex 5.602442686046511 -4.0704128721253765 -2
      vertex 5.723795235202753 -4.158580659969248 -5
    endloop
  endfacet
  facet normal -0.8432786359612164 0.5351608955876933 -0.04983932147580161
    outer loop
      vertex 5.602442686046511 -4.0704128721253765 -2
      vertex 6.068423759303754 -3.3361441931543787 -2
      vertex 6.199869761310334 -3.4084072442696365 -5
    endloop
  endfacet
  facet normal -0.9037025775627162 0.42525015384045955 -0.04983932147580141
    outer loop
      vertex 6.068423759303754 -3.3361441931543787 -2
      vertex 6.4387021647761395 -2.549262527341398 -2
      vertex 6.5781686376593775 -2.6044812102440993 -5
    endloop
  endfacet
  facet normal -0.949874589670301 0.3086329631350305 -0.04983932147580165
    outer loop
      vertex 6.4387021647761395 -2.549262527341398 -2
      vertex 6.707438390815771 -1.722177468616617 -2
      vertex 6.852725864985066 -1.7594809516913452 -5
    endloop
  endfacet
  facet normal -0.9810665120712088 0.1871484462325682 -0.04983932147580128
    outer loop
      vertex 6.707438390815771 -1.722177468616617 -2
      vertex 6.870394306602759 -0.8679326424328057 -2
      vertex 7.019211511799931 -0.8867326274674513 -5
    endloop
  endfacet
  facet normal -0.996786429516027 0.06271248653595397 -0.04983932147580147
    outer loop
      vertex 6.870394306602759 -0.8679326424328057 -2
      vertex 6.925 0 -2
      vertex 7.075 0 -5
    endloop
  endfacet
  facet normal 0 0 -1
    outer loop
      vertex 0.4348243477404978 -6.91133509436578 -2
      vertex 0.43482434774049444 6.91133509436578 -2
      vertex 1.2976156035061444 -6.802339211296168 -2
    endloop
  endfacet
  facet normal 0 0 -1
    outer loop
      vertex 1.2976156035061444 -6.802339211296168 -2
      vertex 1.2976156035061426 6.802339211296169 -2
      vertex 2.1399426860465107 -6.586066375343938 -2
    endloop
  endfacet
  facet normal 0 0 -1
    outer loop
      vertex 2.1399426860465107 -6.586066375343938 -2
      vertex 2.1399426860465107 6.586066375343938 -2
      vertex 2.9485215940881266 -6.265927338327185 -2
    endloop
  endfacet
  facet normal 0 0 -1
    outer loop
      vertex 2.9485215940881266 -6.265927338327185 -2
      vertex 2.9485215940881284 6.2659273383271845 -2
      vertex 3.7106005552295485 -5.846970884101456 -2
    endloop
  endfacet
  facet normal 0 0 -1
    outer loop
      vertex 3.7106005552295485 -5.846970884101456 -2
      vertex 3.7106005552295516 5.846970884101454 -2
      vertex 4.414161129009678 -5.335804206222339 -2
    endloop
  endfacet
  facet normal 0 0 -1
    outer loop
      vertex 4.414161129009678 -5.335804206222339 -2
      vertex 4.414161129009677 5.33580420622234 -2
      vertex 5.048107744893276 -4.7404887085561676 -2
    endloop
  endfacet
  facet normal 0 0 -1
    outer loop
      vertex 5.048107744893276 -4.7404887085561676 -2
      vertex 5.048107744893275 4.740488708556169 -2
      vertex 5.602442686046511 -4.0704128721253765 -2
    endloop
  endfacet
  facet normal 0 0 -1
    outer loop
      vertex 5.602442686046511 -4.0704128721253765 -2
      vertex 5.602442686046511 4.0704128721253765 -2
      vertex 6.068423759303754 -3.3361441931543787 -2
    endloop
  endfacet
  facet normal 0 0 -1
    outer loop
      vertex 6.068423759303754 -3.3361441931543787 -2
      vertex 6.068423759303755 3.3361441931543787 -2
      vertex 6.4387021647761395 -2.549262527341398 -2
    endloop
  endfacet
  facet normal 0 0 -1
    outer loop
      vertex 6.4387021647761395 -2.549262527341398 -2
      vertex 6.43870216477614 2.5492625273413947 -2
      vertex 6.707438390815771 -1.722177468616617 -2
    endloop
  endfacet
  facet normal 0 0 -1
    outer loop
      vertex 6.707438390815771 -1.722177468616617 -2
      vertex 6.70743839081577 1.7221774686166194 -2
      vertex 6.870394306602759 -0.8679326424328057 -2
    endloop
  endfacet
  facet normal -0.12517747553816033 -0.9908817495810108 -0.049839321475801605
    outer loop
      vertex 1.2976156035061426 6.802339211296169 -2
      vertex 0.44424292566989093 7.061039103630021 -5
      vertex 1.3257228006940014 6.949682298905473 -5
    endloop
  endfacet
  facet normal -0.2483808275096872 -0.967379453244917 -0.04983932147580145
    outer loop
      vertex 2.1399426860465107 6.586066375343938 -2
      vertex 1.3257228006940014 6.949682298905473 -5
      vertex 2.1862952352027527 6.728724852788211 -5
    endloop
  endfacet
  facet normal -0.36766706545586936 -0.9286210050466774 -0.0498393214758015
    outer loop
      vertex 2.9485215940881284 6.2659273383271845 -2
      vertex 2.1862952352027527 6.728724852788211 -5
      vertex 3.0123884878228897 6.401651396197088 -5
    endloop
  endfacet
  facet normal -0.5870547814661063 -0.8080115875361032 -0.04983932147580117
    outer loop
      vertex 4.414161129009677 5.33580420622234 -2
      vertex 3.7909745744764014 5.973620072926757 -5
      vertex 4.50977472747198 5.451381192638708 -5
    endloop
  endfacet
  facet normal -0.48115497414615477 -0.8752176488675517 -0.04983932147580148
    outer loop
      vertex 3.7106005552295516 5.846970884101454 -2
      vertex 3.0123884878228897 6.401651396197088 -5
      vertex 3.7909745744764014 5.973620072926757 -5
    endloop
  endfacet
  facet normal 0 -0.9987572488021459 -0.04983932147580136
    outer loop
      vertex -0.43482434774049444 6.91133509436578 -2
      vertex 0.44424292566989093 7.061039103630021 -5
      vertex 0.43482434774049444 6.91133509436578 -2
    endloop
  endfacet
  facet normal -0.1251774755381612 -0.9908817495810106 -0.04983932147580134
    outer loop
      vertex 0.43482434774049444 6.91133509436578 -2
      vertex 0.44424292566989093 7.061039103630021 -5
      vertex 1.2976156035061426 6.802339211296169 -2
    endloop
  endfacet
  facet normal -0.24838082750968685 -0.9673794532449173 -0.0498393214758016
    outer loop
      vertex 1.2976156035061426 6.802339211296169 -2
      vertex 1.3257228006940014 6.949682298905473 -5
      vertex 2.1399426860465107 6.586066375343938 -2
    endloop
  endfacet
  facet normal -0.3676670654558695 -0.9286210050466772 -0.049839321475801446
    outer loop
      vertex 2.1399426860465107 6.586066375343938 -2
      vertex 2.1862952352027527 6.728724852788211 -5
      vertex 2.9485215940881284 6.2659273383271845 -2
    endloop
  endfacet
  facet normal -0.48115497414615466 -0.8752176488675516 -0.049839321475801515
    outer loop
      vertex 2.9485215940881284 6.2659273383271845 -2
      vertex 3.0123884878228897 6.401651396197088 -5
      vertex 3.7106005552295516 5.846970884101454 -2
    endloop
  endfacet
  facet normal -0.5870547814661053 -0.8080115875361038 -0.04983932147580149
    outer loop
      vertex 3.7106005552295516 5.846970884101454 -2
      vertex 3.7909745744764014 5.973620072926757 -5
      vertex 4.414161129009677 5.33580420622234 -2
    endloop
  endfacet
  facet normal -0.9498745896703008 -0.30863296313503114 -0.04983932147580147
    outer loop
      vertex 6.43870216477614 2.5492625273413947 -2
      vertex 6.578168637659378 2.6044812102440966 -5
      vertex 6.852725864985065 1.7594809516913477 -5
    endloop
  endfacet
  facet normal -0.903702577562717 -0.42525015384045795 -0.04983932147580155
    outer loop
      vertex 6.068423759303755 3.3361441931543787 -2
      vertex 6.199869761310335 3.408407244269636 -5
      vertex 6.578168637659378 2.6044812102440966 -5
    endloop
  endfacet
  facet normal -0.8432786359612158 -0.5351608955876943 -0.04983932147580144
    outer loop
      vertex 5.602442686046511 4.0704128721253765 -2
      vertex 5.723795235202753 4.158580659969248 -5
      vertex 6.199869761310335 3.408407244269636 -5
    endloop
  endfacet
  facet normal -0.996786429516027 -0.06271248653595453 -0.04983932147580147
    outer loop
      vertex 6.925 0 -2
      vertex 7.019211511799931 0.8867326274674526 -5
      vertex 7.075 0 -5
    endloop
  endfacet
  facet normal -0.9810665120712089 -0.1871484462325677 -0.04983932147580164
    outer loop
      vertex 6.70743839081577 1.7221774686166194 -2
      vertex 6.852725864985065 1.7594809516913477 -5
      vertex 7.019211511799931 0.8867326274674526 -5
    endloop
  endfacet
  facet normal -0.949874589670301 -0.3086329631350306 -0.04983932147580165
    outer loop
      vertex 6.70743839081577 1.7221774686166194 -2
      vertex 6.43870216477614 2.5492625273413947 -2
      vertex 6.852725864985065 1.7594809516913477 -5
    endloop
  endfacet
  facet normal -0.7695556865203673 -0.6366318303218885 -0.04983932147580144
    outer loop
      vertex 5.048107744893275 4.740488708556169 -2
      vertex 5.723795235202753 4.158580659969248 -5
      vertex 5.602442686046511 4.0704128721253765 -2
    endloop
  endfacet
  facet normal -0.9037025775627169 -0.42525015384045817 -0.04983932147580147
    outer loop
      vertex 6.068423759303755 3.3361441931543787 -2
      vertex 6.578168637659378 2.6044812102440966 -5
      vertex 6.43870216477614 2.5492625273413947 -2
    endloop
  endfacet
  facet normal -0.843278635961216 -0.5351608955876941 -0.04983932147580154
    outer loop
      vertex 6.068423759303755 3.3361441931543787 -2
      vertex 5.602442686046511 4.0704128721253765 -2
      vertex 6.199869761310335 3.408407244269636 -5
    endloop
  endfacet
  facet normal -0.996786429516027 -0.06271248653595388 -0.04983932147580128
    outer loop
      vertex 6.925 0 -2
      vertex 6.870394306602759 0.867932642432807 -2
      vertex 7.019211511799931 0.8867326274674526 -5
    endloop
  endfacet
  facet normal -0.9810665120712087 -0.187148446232569 -0.04983932147580128
    outer loop
      vertex 6.870394306602759 0.867932642432807 -2
      vertex 6.70743839081577 1.7221774686166194 -2
      vertex 7.019211511799931 0.8867326274674526 -5
    endloop
  endfacet
  facet normal -0.6836963841928072 -0.7280627007864865 -0.04983932147580151
    outer loop
      vertex 5.048107744893275 4.740488708556169 -2
      vertex 4.50977472747198 5.451381192638708 -5
      vertex 5.157453039006487 4.843170774445473 -5
    endloop
  endfacet
  facet normal -0.7695556865203675 -0.6366318303218883 -0.049839321475801536
    outer loop
      vertex 5.048107744893275 4.740488708556169 -2
      vertex 5.157453039006487 4.843170774445473 -5
      vertex 5.723795235202753 4.158580659969248 -5
    endloop
  endfacet
  facet normal -0.6836963841928081 -0.7280627007864857 -0.04983932147580116
    outer loop
      vertex 5.048107744893275 4.740488708556169 -2
      vertex 4.414161129009677 5.33580420622234 -2
      vertex 4.50977472747198 5.451381192638708 -5
    endloop
  endfacet
  facet normal 0 0 -1
    outer loop
      vertex -0.43482434774049444 6.91133509436578 -2
      vertex 0.43482434774049444 6.91133509436578 -2
      vertex 0.4348243477404978 -6.91133509436578 -2
    endloop
  endfacet
  facet normal 0 0 -1
    outer loop
      vertex 1.2976156035061444 -6.802339211296168 -2
      vertex 0.43482434774049444 6.91133509436578 -2
      vertex 1.2976156035061426 6.802339211296169 -2
    endloop
  endfacet
  facet normal 0 0 -1
    outer loop
      vertex 2.1399426860465107 -6.586066375343938 -2
      vertex 1.2976156035061426 6.802339211296169 -2
      vertex 2.1399426860465107 6.586066375343938 -2
    endloop
  endfacet
  facet normal 0 0 -1
    outer loop
      vertex 2.9485215940881266 -6.265927338327185 -2
      vertex 2.1399426860465107 6.586066375343938 -2
      vertex 2.9485215940881284 6.2659273383271845 -2
    endloop
  endfacet
  facet normal 0 0 -1
    outer loop
      vertex 3.7106005552295485 -5.846970884101456 -2
      vertex 2.9485215940881284 6.2659273383271845 -2
      vertex 3.7106005552295516 5.846970884101454 -2
    endloop
  endfacet
  facet normal 0 0 -1
    outer loop
      vertex 4.414161129009678 -5.335804206222339 -2
      vertex 3.7106005552295516 5.846970884101454 -2
      vertex 4.414161129009677 5.33580420622234 -2
    endloop
  endfacet
  facet normal 0 0 -1
    outer loop
      vertex 5.048107744893276 -4.7404887085561676 -2
      vertex 4.414161129009677 5.33580420622234 -2
      vertex 5.048107744893275 4.740488708556169 -2
    endloop
  endfacet
  facet normal 0 0 -1
    outer loop
      vertex 5.602442686046511 -4.0704128721253765 -2
      vertex 5.048107744893275 4.740488708556169 -2
      vertex 5.602442686046511 4.0704128721253765 -2
    endloop
  endfacet
  facet normal 0 0 -1
    outer loop
      vertex 6.4387021647761395 -2.549262527341398 -2
      vertex 6.068423759303755 3.3361441931543787 -2
      vertex 6.43870216477614 2.5492625273413947 -2
    endloop
  endfacet
  facet normal 0 0 -1
    outer loop
      vertex 6.707438390815771 -1.722177468616617 -2
      vertex 6.43870216477614 2.5492625273413947 -2
      vertex 6.70743839081577 1.7221774686166194 -2
    endloop
  endfacet
  facet normal 0 0 -1
    outer loop
      vertex 6.068423759303754 -3.3361441931543787 -2
      vertex 5.602442686046511 4.0704128721253765 -2
      vertex 6.068423759303755 3.3361441931543787 -2
    endloop
  endfacet
  facet normal 0 0 -1
    outer loop
      vertex 6.870394306602759 -0.8679326424328057 -2
      vertex 6.870394306602759 0.867932642432807 -2
      vertex 6.925 0 -2
    endloop
  endfacet
  facet normal 0 0 -1
    outer loop
      vertex 6.870394306602759 -0.8679326424328057 -2
      vertex 6.70743839081577 1.7221774686166194 -2
      vertex 6.870394306602759 0.867932642432807 -2
    endloop
  endfacet
  facet normal 0 1 0
    outer loop
      vertex -1.878550000488758 -5.491200000047684 -1
      vertex -1.878550000488758 -5.491200000047684 0
      vertex 0.847450003027916 -5.491200000047684 -1
    endloop
  endfacet
  facet normal 0 1 0
    outer loop
      vertex 0.847450003027916 -5.491200000047684 -1
      vertex -1.878550000488758 -5.491200000047684 0
      vertex 0.847450003027916 -5.491200000047684 0
    endloop
  endfacet
  facet normal 0 0 1
    outer loop
      vertex -1.878550000488758 -5.491200000047684 -1
      vertex 0.847450003027916 -5.491200000047684 -1
      vertex 0.06764999777078629 3.5143000036478043 -1
    endloop
  endfacet
  facet normal 0.9774351259352405 -0.211235826951681 0
    outer loop
      vertex -1.878550000488758 -5.491200000047684 -1
      vertex 0.06764999777078629 3.5143000036478043 0
      vertex -1.878550000488758 -5.491200000047684 0
    endloop
  endfacet
  facet normal 1 0 0
    outer loop
      vertex -2.6380499973893166 3.5143000036478043 -1
      vertex -2.6380499973893166 5.48759999871254 0
      vertex -2.6380499973893166 3.5143000036478043 0
    endloop
  endfacet
  facet normal 0.9774351259352405 -0.211235826951681 0
    outer loop
      vertex -1.878550000488758 -5.491200000047684 -1
      vertex 0.06764999777078629 3.5143000036478043 -1
      vertex 0.06764999777078629 3.5143000036478043 0
    endloop
  endfacet
  facet normal 0 0 1
    outer loop
      vertex -2.6380499973893166 3.5143000036478043 -1
      vertex 0.06764999777078629 3.5143000036478043 -1
      vertex -2.6380499973893166 5.48759999871254 -1
    endloop
  endfacet
  facet normal 0 1 0
    outer loop
      vertex -2.6380499973893166 3.5143000036478043 -1
      vertex -2.6380499973893166 3.5143000036478043 0
      vertex 0.06764999777078629 3.5143000036478043 -1
    endloop
  endfacet
  facet normal 0 1 0
    outer loop
      vertex 0.06764999777078629 3.5143000036478043 -1
      vertex -2.6380499973893166 3.5143000036478043 0
      vertex 0.06764999777078629 3.5143000036478043 0
    endloop
  endfacet
  facet normal 1 0 0
    outer loop
      vertex -2.6380499973893166 3.5143000036478043 -1
      vertex -2.6380499973893166 5.48759999871254 -1
      vertex -2.6380499973893166 5.48759999871254 0
    endloop
  endfacet
  facet normal 0 -1 0
    outer loop
      vertex -2.6380499973893166 5.48759999871254 -1
      vertex 2.597050003707409 5.48759999871254 0
      vertex -2.6380499973893166 5.48759999871254 0
    endloop
  endfacet
  facet normal -0.9798590582985547 0.19969032492905048 0
    outer loop
      vertex 0.847450003027916 -5.491200000047684 -1
      vertex 0.847450003027916 -5.491200000047684 0
      vertex 2.597050003707409 3.093900002539158 -1
    endloop
  endfacet
  facet normal 0 0 1
    outer loop
      vertex 0.847450003027916 -5.491200000047684 -1
      vertex 2.597050003707409 3.093900002539158 -1
      vertex 0.06764999777078629 3.5143000036478043 -1
    endloop
  endfacet
  facet normal -0.9798590582985547 0.19969032492905048 0
    outer loop
      vertex 2.597050003707409 3.093900002539158 -1
      vertex 0.847450003027916 -5.491200000047684 0
      vertex 2.597050003707409 3.093900002539158 0
    endloop
  endfacet
  facet normal 0 0 1
    outer loop
      vertex 0.06764999777078629 3.5143000036478043 -1
      vertex 2.597050003707409 3.093900002539158 -1
      vertex 2.597050003707409 5.48759999871254 -1
    endloop
  endfacet
  facet normal -1 0 0
    outer loop
      vertex 2.597050003707409 3.093900002539158 -1
      vertex 2.597050003707409 3.093900002539158 0
      vertex 2.597050003707409 5.48759999871254 -1
    endloop
  endfacet
  facet normal 0 0 1
    outer loop
      vertex -2.6380499973893166 5.48759999871254 -1
      vertex 0.06764999777078629 3.5143000036478043 -1
      vertex 2.597050003707409 5.48759999871254 -1
    endloop
  endfacet
  facet normal 0 -1 0
    outer loop
      vertex -2.6380499973893166 5.48759999871254 -1
      vertex 2.597050003707409 5.48759999871254 -1
      vertex 2.597050003707409 5.48759999871254 0
    endloop
  endfacet
  facet normal -1 0 0
    outer loop
      vertex 2.597050003707409 5.48759999871254 -1
      vertex 2.597050003707409 3.093900002539158 0
      vertex 2.597050003707409 5.48759999871254 0
    endloop
  endfacet
  facet normal 0 0 -1
    outer loop
      vertex -5.736815907738206 -6.934619184982104 -5
      vertex -6.560717646792705 -6.160923953358196 -5
      vertex -5.723795235202753 -4.158580659969248 -5
    endloop
  endfacet
  facet normal 0 0 -1
    outer loop
      vertex -7.281152949374527 -5.2900672706322585 -5
      vertex -6.199869761310334 -3.4084072442696365 -5
      vertex -6.560717646792705 -6.160923953358196 -5
    endloop
  endfacet
  facet normal 0 0 -1
    outer loop
      vertex -6.560717646792705 -6.160923953358196 -5
      vertex -6.199869761310334 -3.4084072442696365 -5
      vertex -5.723795235202753 -4.158580659969248 -5
    endloop
  endfacet
  facet normal 0 0 -1
    outer loop
      vertex -5.736815907738206 -6.934619184982104 -5
      vertex -5.157453039006487 -4.843170774445471 -5
      vertex -4.50977472747198 -5.45138119263871 -5
    endloop
  endfacet
  facet normal 0 0 -1
    outer loop
      vertex -5.736815907738206 -6.934619184982104 -5
      vertex -4.50977472747198 -5.45138119263871 -5
      vertex -4.822441154810971 -7.598951329518135 -5
    endloop
  endfacet
  facet normal 0 0 -1
    outer loop
      vertex -5.736815907738206 -6.934619184982104 -5
      vertex -5.723795235202753 -4.158580659969248 -5
      vertex -5.157453039006487 -4.843170774445471 -5
    endloop
  endfacet
  facet normal -0.8443279255020154 -0.5358267949789962 0
    outer loop
      vertex -7.281152949374527 -5.2900672706322585 -5
      vertex -7.886760120394771 -4.335783066915439 0
      vertex -7.886760120394771 -4.335783066915439 -5
    endloop
  endfacet
  facet normal -0.770513242775789 -0.6374239897486901 0
    outer loop
      vertex -7.281152949374527 -5.2900672706322585 -5
      vertex -6.560717646792705 -6.160923953358196 -5
      vertex -7.281152949374527 -5.2900672706322585 0
    endloop
  endfacet
  facet normal -0.5877852522924731 -0.8090169943749475 0
    outer loop
      vertex -5.736815907738206 -6.934619184982104 -5
      vertex -4.822441154810971 -7.598951329518135 -5
      vertex -4.822441154810971 -7.598951329518135 0
    endloop
  endfacet
  facet normal -0.6845471059286888 -0.7289686274214114 0
    outer loop
      vertex -5.736815907738206 -6.934619184982104 -5
      vertex -5.736815907738206 -6.934619184982104 0
      vertex -6.560717646792705 -6.160923953358196 -5
    endloop
  endfacet
  facet normal 0 0 -1
    outer loop
      vertex -7.281152949374527 -5.2900672706322585 -5
      vertex -6.852725864985065 -1.759480951691348 -5
      vertex -6.578168637659379 -2.6044812102440957 -5
    endloop
  endfacet
  facet normal 0 0 -1
    outer loop
      vertex -7.281152949374527 -5.2900672706322585 -5
      vertex -7.019211511799931 -0.8867326274674513 -5
      vertex -6.852725864985065 -1.759480951691348 -5
    endloop
  endfacet
  facet normal 0 0 -1
    outer loop
      vertex -8.367988372994263 -3.313120974162101 -5
      vertex -8.71724845015768 -2.238208984483694 -5
      vertex -8.367988372994263 3.313120974162101 -5
    endloop
  endfacet
  facet normal 0 0 -1
    outer loop
      vertex -8.71724845015768 -2.238208984483694 -5
      vertex -8.929032311830301 -1.1279991020787365 -5
      vertex -8.71724845015768 2.238208984483694 -5
    endloop
  endfacet
  facet normal 0 0 -1
    outer loop
      vertex -7.886760120394771 -4.335783066915439 -5
      vertex -8.367988372994263 -3.313120974162101 -5
      vertex -7.886760120394771 4.335783066915439 -5
    endloop
  endfacet
  facet normal 0 0 -1
    outer loop
      vertex -7.281152949374527 -5.2900672706322585 -5
      vertex -7.886760120394771 -4.335783066915439 -5
      vertex -7.281152949374527 5.2900672706322585 -5
    endloop
  endfacet
  facet normal 0 0 -1
    outer loop
      vertex -7.281152949374527 -5.2900672706322585 -5
      vertex -7.075 0 -5
      vertex -7.019211511799931 -0.8867326274674513 -5
    endloop
  endfacet
  facet normal 0 0 -1
    outer loop
      vertex -7.281152949374527 -5.2900672706322585 -5
      vertex -6.578168637659379 -2.6044812102440957 -5
      vertex -6.199869761310334 -3.4084072442696365 -5
    endloop
  endfacet
  facet normal -0.9048270524660192 -0.4257792915650733 0
    outer loop
      vertex -7.886760120394771 -4.335783066915439 -5
      vertex -8.367988372994263 -3.313120974162101 0
      vertex -8.367988372994263 -3.313120974162101 -5
    endloop
  endfacet
  facet normal -0.9510565162951538 -0.30901699437494684 0
    outer loop
      vertex -8.367988372994263 -3.313120974162101 -5
      vertex -8.71724845015768 -2.238208984483694 0
      vertex -8.71724845015768 -2.238208984483694 -5
    endloop
  endfacet
  facet normal -0.9822872507286886 -0.1873813145857254 0
    outer loop
      vertex -8.71724845015768 -2.238208984483694 -5
      vertex -8.929032311830301 -1.1279991020787365 0
      vertex -8.929032311830301 -1.1279991020787365 -5
    endloop
  endfacet
  facet normal -0.9980267284282716 -0.06279051952931262 0
    outer loop
      vertex -8.929032311830301 -1.1279991020787365 -5
      vertex -9 0 0
      vertex -9 0 -5
    endloop
  endfacet
  facet normal 0 0 -1
    outer loop
      vertex -4.822441154810971 -7.598951329518135 -5
      vertex -3.7909745744764023 -5.973620072926756 -5
      vertex -3.832013624085652 -8.143443472194177 -5
    endloop
  endfacet
  facet normal 0 0 -1
    outer loop
      vertex -3.832013624085652 -8.143443472194177 -5
      vertex -3.7909745744764023 -5.973620072926756 -5
      vertex -3.0123884878228875 -6.401651396197089 -5
    endloop
  endfacet
  facet normal 0 0 -1
    outer loop
      vertex -3.832013624085652 -8.143443472194177 -5
      vertex -2.1862952352027527 -6.728724852788211 -5
      vertex -2.7811529493745266 -8.559508646656381 -5
    endloop
  endfacet
  facet normal 0 0 -1
    outer loop
      vertex -3.832013624085652 -8.143443472194177 -5
      vertex -3.0123884878228875 -6.401651396197089 -5
      vertex -2.1862952352027527 -6.728724852788211 -5
    endloop
  endfacet
  facet normal 0 0 -1
    outer loop
      vertex -4.822441154810971 -7.598951329518135 -5
      vertex -4.50977472747198 -5.45138119263871 -5
      vertex -3.7909745744764023 -5.973620072926756 -5
    endloop
  endfacet
  facet normal 0 0 -1
    outer loop
      vertex -2.7811529493745266 -8.559508646656381 -5
      vertex -1.3257228006940032 -6.949682298905472 -5
      vertex -1.6864318312715234 -8.840585256558198 -5
    endloop
  endfacet
  facet normal 0 0 -1
    outer loop
      vertex -2.7811529493745266 -8.559508646656381 -5
      vertex -2.1862952352027527 -6.728724852788211 -5
      vertex -1.3257228006940032 -6.949682298905472 -5
    endloop
  endfacet
  facet normal 0 0 -1
    outer loop
      vertex -1.6864318312715234 -8.840585256558198 -5
      vertex -1.3257228006940032 -6.949682298905472 -5
      vertex -0.4442429256698949 -7.061039103630021 -5
    endloop
  endfacet
  facet normal 0 0 -1
    outer loop
      vertex -1.6864318312715234 -8.840585256558198 -5
      vertex -0.4442429256698949 -7.061039103630021 -5
      vertex -0.5651146757638239 -8.982240555854444 -5
    endloop
  endfacet
  facet normal 0 0 -1
    outer loop
      vertex -0.5651146757638239 -8.982240555854444 -5
      vertex -0.4442429256698949 -7.061039103630021 -5
      vertex 0.4442429256698949 -7.061039103630021 -5
    endloop
  endfacet
  facet normal -0.48175367410171527 -0.8763066800438636 0
    outer loop
      vertex -4.822441154810971 -7.598951329518135 -5
      vertex -3.832013624085652 -8.143443472194177 -5
      vertex -3.832013624085652 -8.143443472194177 0
    endloop
  endfacet
  facet normal -0.3681245526846769 -0.9297764858882519 0
    outer loop
      vertex -3.832013624085652 -8.143443472194177 -5
      vertex -2.7811529493745266 -8.559508646656381 -5
      vertex -2.7811529493745266 -8.559508646656381 0
    endloop
  endfacet
  facet normal -0.2486898871648558 -0.9685831611286307 0
    outer loop
      vertex -2.7811529493745266 -8.559508646656381 -5
      vertex -1.6864318312715234 -8.840585256558198 -5
      vertex -1.6864318312715234 -8.840585256558198 0
    endloop
  endfacet
  facet normal -0.12533323356430498 -0.9921147013144778 0
    outer loop
      vertex -1.6864318312715234 -8.840585256558198 -5
      vertex -0.5651146757638239 -8.982240555854444 -5
      vertex -0.5651146757638239 -8.982240555854444 0
    endloop
  endfacet
  facet normal -0.770513242775789 -0.6374239897486901 0
    outer loop
      vertex -6.560717646792705 -6.160923953358196 -5
      vertex -6.560717646792705 -6.160923953358196 0
      vertex -7.281152949374527 -5.2900672706322585 0
    endloop
  endfacet
  facet normal -0.8443279255020154 -0.5358267949789962 0
    outer loop
      vertex -7.281152949374527 -5.2900672706322585 -5
      vertex -7.281152949374527 -5.2900672706322585 0
      vertex -7.886760120394771 -4.335783066915439 0
    endloop
  endfacet
  facet normal -0.5877852522924731 -0.8090169943749475 0
    outer loop
      vertex -5.736815907738206 -6.934619184982104 -5
      vertex -4.822441154810971 -7.598951329518135 0
      vertex -5.736815907738206 -6.934619184982104 0
    endloop
  endfacet
  facet normal -0.6845471059286888 -0.7289686274214114 0
    outer loop
      vertex -6.560717646792705 -6.160923953358196 -5
      vertex -5.736815907738206 -6.934619184982104 0
      vertex -6.560717646792705 -6.160923953358196 0
    endloop
  endfacet
  facet normal -0.9048270524660192 -0.4257792915650733 0
    outer loop
      vertex -7.886760120394771 -4.335783066915439 -5
      vertex -7.886760120394771 -4.335783066915439 0
      vertex -8.367988372994263 -3.313120974162101 0
    endloop
  endfacet
  facet normal -0.9510565162951538 -0.30901699437494684 0
    outer loop
      vertex -8.367988372994263 -3.313120974162101 -5
      vertex -8.367988372994263 -3.313120974162101 0
      vertex -8.71724845015768 -2.238208984483694 0
    endloop
  endfacet
  facet normal -0.9822872507286886 -0.1873813145857254 0
    outer loop
      vertex -8.71724845015768 -2.238208984483694 -5
      vertex -8.71724845015768 -2.238208984483694 0
      vertex -8.929032311830301 -1.1279991020787365 0
    endloop
  endfacet
  facet normal -0.9980267284282716 -0.06279051952931262 0
    outer loop
      vertex -8.929032311830301 -1.1279991020787365 -5
      vertex -8.929032311830301 -1.1279991020787365 0
      vertex -9 0 0
    endloop
  endfacet
  facet normal 0 0 1
    outer loop
      vertex -7.886760120394771 -4.335783066915439 0
      vertex -8.367988372994263 3.313120974162101 0
      vertex -8.367988372994263 -3.313120974162101 0
    endloop
  endfacet
  facet normal 0 0 1
    outer loop
      vertex -8.71724845015768 -2.238208984483694 0
      vertex -8.929032311830301 1.1279991020787365 0
      vertex -8.929032311830301 -1.1279991020787365 0
    endloop
  endfacet
  facet normal 0 0 1
    outer loop
      vertex -8.367988372994263 -3.313120974162101 0
      vertex -8.71724845015768 2.238208984483694 0
      vertex -8.71724845015768 -2.238208984483694 0
    endloop
  endfacet
  facet normal 0 0 1
    outer loop
      vertex -7.281152949374527 -5.2900672706322585 0
      vertex -7.886760120394771 4.335783066915439 0
      vertex -7.886760120394771 -4.335783066915439 0
    endloop
  endfacet
  facet normal 0 0 1
    outer loop
      vertex -7.281152949374527 -5.2900672706322585 0
      vertex -6.560717646792705 -6.160923953358196 0
      vertex -7.281152949374527 5.2900672706322585 0
    endloop
  endfacet
  facet normal 0 0 1
    outer loop
      vertex -5.736815907738206 -6.934619184982104 0
      vertex -6.560717646792705 6.160923953358196 0
      vertex -6.560717646792705 -6.160923953358196 0
    endloop
  endfacet
  facet normal 0 0 1
    outer loop
      vertex -5.736815907738206 -6.934619184982104 0
      vertex -4.822441154810971 -7.598951329518135 0
      vertex -5.736815907738206 6.934619184982104 0
    endloop
  endfacet
  facet normal -0.3681245526846769 -0.9297764858882519 0
    outer loop
      vertex -3.832013624085652 -8.143443472194177 -5
      vertex -2.7811529493745266 -8.559508646656381 0
      vertex -3.832013624085652 -8.143443472194177 0
    endloop
  endfacet
  facet normal -0.48175367410171527 -0.8763066800438636 0
    outer loop
      vertex -4.822441154810971 -7.598951329518135 -5
      vertex -3.832013624085652 -8.143443472194177 0
      vertex -4.822441154810971 -7.598951329518135 0
    endloop
  endfacet
  facet normal -0.2486898871648558 -0.9685831611286307 0
    outer loop
      vertex -2.7811529493745266 -8.559508646656381 -5
      vertex -1.6864318312715234 -8.840585256558198 0
      vertex -2.7811529493745266 -8.559508646656381 0
    endloop
  endfacet
  facet normal -0.12533323356430498 -0.9921147013144778 0
    outer loop
      vertex -1.6864318312715234 -8.840585256558198 -5
      vertex -0.5651146757638239 -8.982240555854444 0
      vertex -1.6864318312715234 -8.840585256558198 0
    endloop
  endfacet
  facet normal 0 -1 0
    outer loop
      vertex -0.5651146757638239 -8.982240555854444 -5
      vertex 0.5651146757638239 -8.982240555854444 0
      vertex -0.5651146757638239 -8.982240555854444 0
    endloop
  endfacet
  facet normal 0 0 1
    outer loop
      vertex -2.7811529493745266 -8.559508646656381 0
      vertex -1.6864318312715234 -8.840585256558198 0
      vertex -2.6380499973893166 3.5143000036478043 0
    endloop
  endfacet
  facet normal 0 0 1
    outer loop
      vertex -1.6864318312715234 -8.840585256558198 0
      vertex -0.5651146757638239 -8.982240555854444 0
      vertex -1.878550000488758 -5.491200000047684 0
    endloop
  endfacet
  facet normal 0 0 1
    outer loop
      vertex -0.5651146757638239 -8.982240555854444 0
      vertex 0.5651146757638239 -8.982240555854444 0
      vertex -1.878550000488758 -5.491200000047684 0
    endloop
  endfacet
  facet normal 0 0 1
    outer loop
      vertex 0.5651146757638239 -8.982240555854444 0
      vertex 0.847450003027916 -5.491200000047684 0
      vertex -1.878550000488758 -5.491200000047684 0
    endloop
  endfacet
  facet normal 0 0 1
    outer loop
      vertex -4.822441154810971 -7.598951329518135 0
      vertex -3.832013624085652 -8.143443472194177 0
      vertex -4.822441154810971 7.598951329518135 0
    endloop
  endfacet
  facet normal 0 0 1
    outer loop
      vertex -3.832013624085652 -8.143443472194177 0
      vertex -2.7811529493745266 -8.559508646656381 0
      vertex -3.8320136240856546 8.143443472194175 0
    endloop
  endfacet
  facet normal 0 0 1
    outer loop
      vertex -1.6864318312715234 -8.840585256558198 0
      vertex -1.878550000488758 -5.491200000047684 0
      vertex -2.6380499973893166 3.5143000036478043 0
    endloop
  endfacet
  facet normal 0 0 -1
    outer loop
      vertex -8.929032311830301 -1.1279991020787365 -5
      vertex -9 0 -5
      vertex -8.929032311830301 1.1279991020787365 -5
    endloop
  endfacet
  facet normal 0 0 -1
    outer loop
      vertex -8.929032311830301 -1.1279991020787365 -5
      vertex -8.929032311830301 1.1279991020787365 -5
      vertex -8.71724845015768 2.238208984483694 -5
    endloop
  endfacet
  facet normal 0 0 -1
    outer loop
      vertex -8.71724845015768 -2.238208984483694 -5
      vertex -8.71724845015768 2.238208984483694 -5
      vertex -8.367988372994263 3.313120974162101 -5
    endloop
  endfacet
  facet normal 0 0 -1
    outer loop
      vertex -8.367988372994263 -3.313120974162101 -5
      vertex -8.367988372994263 3.313120974162101 -5
      vertex -7.886760120394771 4.335783066915439 -5
    endloop
  endfacet
  facet normal 0 0 -1
    outer loop
      vertex -7.281152949374527 -5.2900672706322585 -5
      vertex -7.281152949374527 5.2900672706322585 -5
      vertex -7.075 0 -5
    endloop
  endfacet
  facet normal 0 0 -1
    outer loop
      vertex -7.886760120394771 -4.335783066915439 -5
      vertex -7.886760120394771 4.335783066915439 -5
      vertex -7.281152949374527 5.2900672706322585 -5
    endloop
  endfacet
  facet normal 0 0 -1
    outer loop
      vertex -7.281152949374527 5.2900672706322585 -5
      vertex -7.019211511799931 0.8867326274674513 -5
      vertex -7.075 0 -5
    endloop
  endfacet
  facet normal 0 0 -1
    outer loop
      vertex -7.281152949374527 5.2900672706322585 -5
      vertex -6.852725864985065 1.759480951691348 -5
      vertex -7.019211511799931 0.8867326274674513 -5
    endloop
  endfacet
  facet normal 0 0 -1
    outer loop
      vertex -7.281152949374527 5.2900672706322585 -5
      vertex -6.560717646792705 6.160923953358196 -5
      vertex -6.852725864985065 1.759480951691348 -5
    endloop
  endfacet
  facet normal 0 0 -1
    outer loop
      vertex -6.560717646792705 6.160923953358196 -5
      vertex -6.578168637659379 2.6044812102440957 -5
      vertex -6.852725864985065 1.759480951691348 -5
    endloop
  endfacet
  facet normal 0 0 -1
    outer loop
      vertex -6.560717646792705 6.160923953358196 -5
      vertex -6.199869761310334 3.4084072442696365 -5
      vertex -6.578168637659379 2.6044812102440957 -5
    endloop
  endfacet
  facet normal -0.9980267284282716 0.06279051952931262 0
    outer loop
      vertex -9 0 -5
      vertex -8.929032311830301 1.1279991020787365 0
      vertex -8.929032311830301 1.1279991020787365 -5
    endloop
  endfacet
  facet normal -0.9822872507286886 0.1873813145857254 0
    outer loop
      vertex -8.929032311830301 1.1279991020787365 -5
      vertex -8.71724845015768 2.238208984483694 0
      vertex -8.71724845015768 2.238208984483694 -5
    endloop
  endfacet
  facet normal -0.9510565162951538 0.30901699437494684 0
    outer loop
      vertex -8.71724845015768 2.238208984483694 -5
      vertex -8.367988372994263 3.313120974162101 0
      vertex -8.367988372994263 3.313120974162101 -5
    endloop
  endfacet
  facet normal -0.9048270524660192 0.4257792915650733 0
    outer loop
      vertex -8.367988372994263 3.313120974162101 -5
      vertex -7.886760120394771 4.335783066915439 0
      vertex -7.886760120394771 4.335783066915439 -5
    endloop
  endfacet
  facet normal 0 0 -1
    outer loop
      vertex -5.736815907738206 6.934619184982104 -5
      vertex -5.723795235202753 4.158580659969248 -5
      vertex -6.199869761310334 3.4084072442696365 -5
    endloop
  endfacet
  facet normal 0 0 -1
    outer loop
      vertex -6.560717646792705 6.160923953358196 -5
      vertex -5.736815907738206 6.934619184982104 -5
      vertex -6.199869761310334 3.4084072442696365 -5
    endloop
  endfacet
  facet normal 0 0 -1
    outer loop
      vertex -5.736815907738206 6.934619184982104 -5
      vertex -5.157453039006487 4.843170774445471 -5
      vertex -5.723795235202753 4.158580659969248 -5
    endloop
  endfacet
  facet normal 0 0 -1
    outer loop
      vertex -5.736815907738206 6.934619184982104 -5
      vertex -4.822441154810971 7.598951329518135 -5
      vertex -5.157453039006487 4.843170774445471 -5
    endloop
  endfacet
  facet normal 0 0 -1
    outer loop
      vertex -4.822441154810971 7.598951329518135 -5
      vertex -4.50977472747198 5.45138119263871 -5
      vertex -5.157453039006487 4.843170774445471 -5
    endloop
  endfacet
  facet normal -0.8443279255020154 0.5358267949789962 0
    outer loop
      vertex -7.886760120394771 4.335783066915439 -5
      vertex -7.281152949374527 5.2900672706322585 0
      vertex -7.281152949374527 5.2900672706322585 -5
    endloop
  endfacet
  facet normal -0.770513242775789 0.6374239897486901 0
    outer loop
      vertex -7.281152949374527 5.2900672706322585 -5
      vertex -6.560717646792705 6.160923953358196 0
      vertex -6.560717646792705 6.160923953358196 -5
    endloop
  endfacet
  facet normal -0.6845471059286888 0.7289686274214114 0
    outer loop
      vertex -6.560717646792705 6.160923953358196 -5
      vertex -6.560717646792705 6.160923953358196 0
      vertex -5.736815907738206 6.934619184982104 -5
    endloop
  endfacet
  facet normal -0.5877852522924731 0.8090169943749475 0
    outer loop
      vertex -5.736815907738206 6.934619184982104 -5
      vertex -5.736815907738206 6.934619184982104 0
      vertex -4.822441154810971 7.598951329518135 -5
    endloop
  endfacet
  facet normal 0 0 -1
    outer loop
      vertex -3.8320136240856546 8.143443472194175 -5
      vertex -3.7909745744764023 5.973620072926756 -5
      vertex -4.50977472747198 5.45138119263871 -5
    endloop
  endfacet
  facet normal 0 0 -1
    outer loop
      vertex -4.822441154810971 7.598951329518135 -5
      vertex -3.8320136240856546 8.143443472194175 -5
      vertex -4.50977472747198 5.45138119263871 -5
    endloop
  endfacet
  facet normal 0 0 -1
    outer loop
      vertex -3.8320136240856546 8.143443472194175 -5
      vertex -3.0123884878228897 6.401651396197088 -5
      vertex -3.7909745744764023 5.973620072926756 -5
    endloop
  endfacet
  facet normal 0 0 -1
    outer loop
      vertex -3.8320136240856546 8.143443472194175 -5
      vertex -2.7811529493745266 8.559508646656381 -5
      vertex -3.0123884878228897 6.401651396197088 -5
    endloop
  endfacet
  facet normal 0 0 -1
    outer loop
      vertex -2.7811529493745266 8.559508646656381 -5
      vertex -2.1862952352027527 6.728724852788211 -5
      vertex -3.0123884878228897 6.401651396197088 -5
    endloop
  endfacet
  facet normal 0 0 -1
    outer loop
      vertex -1.6864318312715212 8.840585256558198 -5
      vertex -1.3257228006940014 6.949682298905473 -5
      vertex -2.1862952352027527 6.728724852788211 -5
    endloop
  endfacet
  facet normal 0 0 -1
    outer loop
      vertex -2.7811529493745266 8.559508646656381 -5
      vertex -1.6864318312715212 8.840585256558198 -5
      vertex -2.1862952352027527 6.728724852788211 -5
    endloop
  endfacet
  facet normal 0 0 -1
    outer loop
      vertex -1.6864318312715212 8.840585256558198 -5
      vertex -0.5651146757638195 8.982240555854444 -5
      vertex -1.3257228006940014 6.949682298905473 -5
    endloop
  endfacet
  facet normal 0 0 -1
    outer loop
      vertex -0.5651146757638195 8.982240555854444 -5
      vertex -0.44424292566989143 7.061039103630021 -5
      vertex -1.3257228006940014 6.949682298905473 -5
    endloop
  endfacet
  facet normal 0 0 -1
    outer loop
      vertex -0.5651146757638195 8.982240555854444 -5
      vertex 0.44424292566989093 7.061039103630021 -5
      vertex -0.44424292566989143 7.061039103630021 -5
    endloop
  endfacet
  facet normal -0.481753674101715 0.8763066800438638 0
    outer loop
      vertex -4.822441154810971 7.598951329518135 -5
      vertex -4.822441154810971 7.598951329518135 0
      vertex -3.8320136240856546 8.143443472194175 -5
    endloop
  endfacet
  facet normal -0.3681245526846775 0.9297764858882516 0
    outer loop
      vertex -3.8320136240856546 8.143443472194175 -5
      vertex -3.8320136240856546 8.143443472194175 0
      vertex -2.7811529493745266 8.559508646656381 -5
    endloop
  endfacet
  facet normal -0.24868988716485532 0.968583161128631 0
    outer loop
      vertex -2.7811529493745266 8.559508646656381 -5
      vertex -2.7811529493745266 8.559508646656381 0
      vertex -1.6864318312715212 8.840585256558198 -5
    endloop
  endfacet
  facet normal -0.12533323356430473 0.9921147013144779 0
    outer loop
      vertex -1.6864318312715212 8.840585256558198 -5
      vertex -1.6864318312715212 8.840585256558198 0
      vertex -0.5651146757638195 8.982240555854444 -5
    endloop
  endfacet
  facet normal 0 1 0
    outer loop
      vertex -0.5651146757638195 8.982240555854444 -5
      vertex -0.5651146757638195 8.982240555854444 0
      vertex 0.5651146757638195 8.982240555854444 -5
    endloop
  endfacet
  facet normal -0.9980267284282716 0.06279051952931262 0
    outer loop
      vertex -9 0 -5
      vertex -9 0 0
      vertex -8.929032311830301 1.1279991020787365 0
    endloop
  endfacet
  facet normal -0.9822872507286886 0.1873813145857254 0
    outer loop
      vertex -8.929032311830301 1.1279991020787365 -5
      vertex -8.929032311830301 1.1279991020787365 0
      vertex -8.71724845015768 2.238208984483694 0
    endloop
  endfacet
  facet normal -0.9510565162951538 0.30901699437494684 0
    outer loop
      vertex -8.71724845015768 2.238208984483694 -5
      vertex -8.71724845015768 2.238208984483694 0
      vertex -8.367988372994263 3.313120974162101 0
    endloop
  endfacet
  facet normal -0.9048270524660192 0.4257792915650733 0
    outer loop
      vertex -8.367988372994263 3.313120974162101 -5
      vertex -8.367988372994263 3.313120974162101 0
      vertex -7.886760120394771 4.335783066915439 0
    endloop
  endfacet
  facet normal 0 0 1
    outer loop
      vertex -8.929032311830301 -1.1279991020787365 0
      vertex -8.929032311830301 1.1279991020787365 0
      vertex -9 0 0
    endloop
  endfacet
  facet normal 0 0 1
    outer loop
      vertex -8.71724845015768 -2.238208984483694 0
      vertex -8.71724845015768 2.238208984483694 0
      vertex -8.929032311830301 1.1279991020787365 0
    endloop
  endfacet
  facet normal 0 0 1
    outer loop
      vertex -8.367988372994263 -3.313120974162101 0
      vertex -8.367988372994263 3.313120974162101 0
      vertex -8.71724845015768 2.238208984483694 0
    endloop
  endfacet
  facet normal 0 0 1
    outer loop
      vertex -7.886760120394771 -4.335783066915439 0
      vertex -7.886760120394771 4.335783066915439 0
      vertex -8.367988372994263 3.313120974162101 0
    endloop
  endfacet
  facet normal 0 0 1
    outer loop
      vertex -7.281152949374527 -5.2900672706322585 0
      vertex -7.281152949374527 5.2900672706322585 0
      vertex -7.886760120394771 4.335783066915439 0
    endloop
  endfacet
  facet normal 0 0 1
    outer loop
      vertex -6.560717646792705 -6.160923953358196 0
      vertex -6.560717646792705 6.160923953358196 0
      vertex -7.281152949374527 5.2900672706322585 0
    endloop
  endfacet
  facet normal 0 0 1
    outer loop
      vertex -5.736815907738206 -6.934619184982104 0
      vertex -5.736815907738206 6.934619184982104 0
      vertex -6.560717646792705 6.160923953358196 0
    endloop
  endfacet
  facet normal 0 0 1
    outer loop
      vertex -4.822441154810971 -7.598951329518135 0
      vertex -4.822441154810971 7.598951329518135 0
      vertex -5.736815907738206 6.934619184982104 0
    endloop
  endfacet
  facet normal -0.8443279255020154 0.5358267949789962 0
    outer loop
      vertex -7.886760120394771 4.335783066915439 -5
      vertex -7.886760120394771 4.335783066915439 0
      vertex -7.281152949374527 5.2900672706322585 0
    endloop
  endfacet
  facet normal -0.770513242775789 0.6374239897486901 0
    outer loop
      vertex -7.281152949374527 5.2900672706322585 -5
      vertex -7.281152949374527 5.2900672706322585 0
      vertex -6.560717646792705 6.160923953358196 0
    endloop
  endfacet
  facet normal -0.6845471059286888 0.7289686274214114 0
    outer loop
      vertex -5.736815907738206 6.934619184982104 -5
      vertex -6.560717646792705 6.160923953358196 0
      vertex -5.736815907738206 6.934619184982104 0
    endloop
  endfacet
  facet normal -0.5877852522924731 0.8090169943749475 0
    outer loop
      vertex -4.822441154810971 7.598951329518135 -5
      vertex -5.736815907738206 6.934619184982104 0
      vertex -4.822441154810971 7.598951329518135 0
    endloop
  endfacet
  facet normal 0 0 1
    outer loop
      vertex -2.7811529493745266 -8.559508646656381 0
      vertex -2.6380499973893166 3.5143000036478043 0
      vertex -2.6380499973893166 5.48759999871254 0
    endloop
  endfacet
  facet normal 0 0 1
    outer loop
      vertex -2.7811529493745266 -8.559508646656381 0
      vertex -2.6380499973893166 5.48759999871254 0
      vertex -2.7811529493745266 8.559508646656381 0
    endloop
  endfacet
  facet normal 0 0 1
    outer loop
      vertex -3.832013624085652 -8.143443472194177 0
      vertex -3.8320136240856546 8.143443472194175 0
      vertex -4.822441154810971 7.598951329518135 0
    endloop
  endfacet
  facet normal 0 0 1
    outer loop
      vertex -2.7811529493745266 -8.559508646656381 0
      vertex -2.7811529493745266 8.559508646656381 0
      vertex -3.8320136240856546 8.143443472194175 0
    endloop
  endfacet
  facet normal 0 0 1
    outer loop
      vertex -2.6380499973893166 3.5143000036478043 0
      vertex -1.878550000488758 -5.491200000047684 0
      vertex 0.06764999777078629 3.5143000036478043 0
    endloop
  endfacet
  facet normal -0.481753674101715 0.8763066800438638 0
    outer loop
      vertex -3.8320136240856546 8.143443472194175 -5
      vertex -4.822441154810971 7.598951329518135 0
      vertex -3.8320136240856546 8.143443472194175 0
    endloop
  endfacet
  facet normal -0.3681245526846775 0.9297764858882516 0
    outer loop
      vertex -2.7811529493745266 8.559508646656381 -5
      vertex -3.8320136240856546 8.143443472194175 0
      vertex -2.7811529493745266 8.559508646656381 0
    endloop
  endfacet
  facet normal -0.24868988716485532 0.968583161128631 0
    outer loop
      vertex -1.6864318312715212 8.840585256558198 -5
      vertex -2.7811529493745266 8.559508646656381 0
      vertex -1.6864318312715212 8.840585256558198 0
    endloop
  endfacet
  facet normal -0.12533323356430473 0.9921147013144779 0
    outer loop
      vertex -0.5651146757638195 8.982240555854444 -5
      vertex -1.6864318312715212 8.840585256558198 0
      vertex -0.5651146757638195 8.982240555854444 0
    endloop
  endfacet
  facet normal 0 0 1
    outer loop
      vertex -2.7811529493745266 8.559508646656381 0
      vertex -2.6380499973893166 5.48759999871254 0
      vertex 2.597050003707409 5.48759999871254 0
    endloop
  endfacet
  facet normal 0 0 1
    outer loop
      vertex -2.7811529493745266 8.559508646656381 0
      vertex 2.597050003707409 5.48759999871254 0
      vertex -1.6864318312715212 8.840585256558198 0
    endloop
  endfacet
  facet normal 0 0 -1
    outer loop
      vertex -0.5651146757638239 -8.982240555854444 -5
      vertex 0.4442429256698949 -7.061039103630021 -5
      vertex 0.5651146757638239 -8.982240555854444 -5
    endloop
  endfacet
  facet normal 0 0 -1
    outer loop
      vertex 0.5651146757638239 -8.982240555854444 -5
      vertex 0.4442429256698949 -7.061039103630021 -5
      vertex 1.3257228006940032 -6.949682298905472 -5
    endloop
  endfacet
  facet normal 0 0 -1
    outer loop
      vertex 0.5651146757638239 -8.982240555854444 -5
      vertex 1.3257228006940032 -6.949682298905472 -5
      vertex 1.6864318312715234 -8.840585256558198 -5
    endloop
  endfacet
  facet normal 0 0 -1
    outer loop
      vertex 1.6864318312715234 -8.840585256558198 -5
      vertex 2.1862952352027527 -6.728724852788211 -5
      vertex 2.7811529493745266 -8.559508646656381 -5
    endloop
  endfacet
  facet normal 0 0 -1
    outer loop
      vertex 1.6864318312715234 -8.840585256558198 -5
      vertex 1.3257228006940032 -6.949682298905472 -5
      vertex 2.1862952352027527 -6.728724852788211 -5
    endloop
  endfacet
  facet normal 0 0 -1
    outer loop
      vertex 2.7811529493745266 -8.559508646656381 -5
      vertex 2.1862952352027527 -6.728724852788211 -5
      vertex 3.0123884878228875 -6.401651396197089 -5
    endloop
  endfacet
  facet normal 0 0 -1
    outer loop
      vertex 2.7811529493745266 -8.559508646656381 -5
      vertex 3.0123884878228875 -6.401651396197089 -5
      vertex 3.832013624085652 -8.143443472194177 -5
    endloop
  endfacet
  facet normal 0 0 -1
    outer loop
      vertex 3.832013624085652 -8.143443472194177 -5
      vertex 3.0123884878228875 -6.401651396197089 -5
      vertex 3.7909745744763983 -5.973620072926758 -5
    endloop
  endfacet
  facet normal 0 0 -1
    outer loop
      vertex 3.832013624085652 -8.143443472194177 -5
      vertex 4.5097747274719815 -5.451381192638707 -5
      vertex 4.822441154810966 -7.598951329518138 -5
    endloop
  endfacet
  facet normal 0 0 -1
    outer loop
      vertex 3.832013624085652 -8.143443472194177 -5
      vertex 3.7909745744763983 -5.973620072926758 -5
      vertex 4.5097747274719815 -5.451381192638707 -5
    endloop
  endfacet
  facet normal 0 -1 0
    outer loop
      vertex -0.5651146757638239 -8.982240555854444 -5
      vertex 0.5651146757638239 -8.982240555854444 -5
      vertex 0.5651146757638239 -8.982240555854444 0
    endloop
  endfacet
  facet normal 0.12533323356430498 -0.9921147013144778 0
    outer loop
      vertex 0.5651146757638239 -8.982240555854444 -5
      vertex 1.6864318312715234 -8.840585256558198 -5
      vertex 1.6864318312715234 -8.840585256558198 0
    endloop
  endfacet
  facet normal 0.2486898871648558 -0.9685831611286307 0
    outer loop
      vertex 1.6864318312715234 -8.840585256558198 -5
      vertex 2.7811529493745266 -8.559508646656381 -5
      vertex 2.7811529493745266 -8.559508646656381 0
    endloop
  endfacet
  facet normal 0.3681245526846769 -0.9297764858882519 0
    outer loop
      vertex 2.7811529493745266 -8.559508646656381 -5
      vertex 3.832013624085652 -8.143443472194177 -5
      vertex 3.832013624085652 -8.143443472194177 0
    endloop
  endfacet
  facet normal 0.48175367410171505 -0.8763066800438637 0
    outer loop
      vertex 3.832013624085652 -8.143443472194177 -5
      vertex 4.822441154810966 -7.598951329518138 -5
      vertex 4.822441154810966 -7.598951329518138 0
    endloop
  endfacet
  facet normal 0 0 -1
    outer loop
      vertex 4.822441154810966 -7.598951329518138 -5
      vertex 4.5097747274719815 -5.451381192638707 -5
      vertex 5.157453039006487 -4.843170774445471 -5
    endloop
  endfacet
  facet normal 0 0 -1
    outer loop
      vertex 4.822441154810966 -7.598951329518138 -5
      vertex 5.157453039006487 -4.843170774445471 -5
      vertex 5.73681590773821 -6.934619184982101 -5
    endloop
  endfacet
  facet normal 0 0 -1
    outer loop
      vertex 5.73681590773821 -6.934619184982101 -5
      vertex 5.157453039006487 -4.843170774445471 -5
      vertex 5.723795235202753 -4.158580659969248 -5
    endloop
  endfacet
  facet normal 0 0 -1
    outer loop
      vertex 5.73681590773821 -6.934619184982101 -5
      vertex 6.199869761310334 -3.4084072442696365 -5
      vertex 6.560717646792705 -6.160923953358196 -5
    endloop
  endfacet
  facet normal 0 0 -1
    outer loop
      vertex 5.73681590773821 -6.934619184982101 -5
      vertex 5.723795235202753 -4.158580659969248 -5
      vertex 6.199869761310334 -3.4084072442696365 -5
    endloop
  endfacet
  facet normal 0.5877852522924728 -0.8090169943749476 0
    outer loop
      vertex 4.822441154810966 -7.598951329518138 -5
      vertex 5.73681590773821 -6.934619184982101 -5
      vertex 5.73681590773821 -6.934619184982101 0
    endloop
  endfacet
  facet normal 0.6845471059286891 -0.728968627421411 0
    outer loop
      vertex 5.73681590773821 -6.934619184982101 -5
      vertex 6.560717646792705 -6.160923953358196 -5
      vertex 6.560717646792705 -6.160923953358196 0
    endloop
  endfacet
  facet normal 0.770513242775789 -0.6374239897486901 0
    outer loop
      vertex 6.560717646792705 -6.160923953358196 -5
      vertex 7.281152949374527 -5.2900672706322585 -5
      vertex 6.560717646792705 -6.160923953358196 0
    endloop
  endfacet
  facet normal 0.8443279255020154 -0.5358267949789962 0
    outer loop
      vertex 7.281152949374527 -5.2900672706322585 -5
      vertex 7.886760120394771 -4.335783066915439 -5
      vertex 7.281152949374527 -5.2900672706322585 0
    endloop
  endfacet
  facet normal 0 0 -1
    outer loop
      vertex 6.560717646792705 -6.160923953358196 -5
      vertex 6.199869761310334 -3.4084072442696365 -5
      vertex 6.5781686376593775 -2.6044812102440993 -5
    endloop
  endfacet
  facet normal 0 0 -1
    outer loop
      vertex 6.560717646792705 -6.160923953358196 -5
      vertex 6.5781686376593775 -2.6044812102440993 -5
      vertex 6.852725864985066 -1.7594809516913452 -5
    endloop
  endfacet
  facet normal 0 0 -1
    outer loop
      vertex 6.560717646792705 -6.160923953358196 -5
      vertex 6.852725864985066 -1.7594809516913452 -5
      vertex 7.281152949374527 -5.2900672706322585 -5
    endloop
  endfacet
  facet normal 0 0 -1
    outer loop
      vertex 7.281152949374527 -5.2900672706322585 -5
      vertex 6.852725864985066 -1.7594809516913452 -5
      vertex 7.019211511799931 -0.8867326274674513 -5
    endloop
  endfacet
  facet normal 0 0 -1
    outer loop
      vertex 7.281152949374527 -5.2900672706322585 -5
      vertex 7.019211511799931 -0.8867326274674513 -5
      vertex 7.075 0 -5
    endloop
  endfacet
  facet normal 0 0 -1
    outer loop
      vertex 7.281152949374527 -5.2900672706322585 -5
      vertex 7.886760120394772 4.335783066915438 -5
      vertex 7.886760120394771 -4.335783066915439 -5
    endloop
  endfacet
  facet normal 0 0 -1
    outer loop
      vertex 7.886760120394771 -4.335783066915439 -5
      vertex 8.367988372994262 3.3131209741621017 -5
      vertex 8.367988372994262 -3.3131209741621053 -5
    endloop
  endfacet
  facet normal 0 0 -1
    outer loop
      vertex 8.367988372994262 -3.3131209741621053 -5
      vertex 8.71724845015768 2.238208984483693 -5
      vertex 8.717248450157681 -2.23820898448369 -5
    endloop
  endfacet
  facet normal 0 0 -1
    outer loop
      vertex 8.717248450157681 -2.23820898448369 -5
      vertex 8.929032311830301 1.1279991020787383 -5
      vertex 8.929032311830301 -1.1279991020787365 -5
    endloop
  endfacet
  facet normal 0.9048270524660191 -0.42577929156507355 0
    outer loop
      vertex 7.886760120394771 -4.335783066915439 -5
      vertex 8.367988372994262 -3.3131209741621053 -5
      vertex 7.886760120394771 -4.335783066915439 0
    endloop
  endfacet
  facet normal 0.9510565162951535 -0.30901699437494745 0
    outer loop
      vertex 8.367988372994262 -3.3131209741621053 -5
      vertex 8.717248450157681 -2.23820898448369 -5
      vertex 8.367988372994262 -3.3131209741621053 0
    endloop
  endfacet
  facet normal 0.9822872507286887 -0.1873813145857245 0
    outer loop
      vertex 8.717248450157681 -2.23820898448369 -5
      vertex 8.929032311830301 -1.1279991020787365 -5
      vertex 8.717248450157681 -2.23820898448369 0
    endloop
  endfacet
  facet normal 0.9980267284282716 -0.06279051952931262 0
    outer loop
      vertex 8.929032311830301 -1.1279991020787365 -5
      vertex 9 0 -5
      vertex 8.929032311830301 -1.1279991020787365 0
    endloop
  endfacet
  facet normal 0.12533323356430498 -0.9921147013144778 0
    outer loop
      vertex 0.5651146757638239 -8.982240555854444 -5
      vertex 1.6864318312715234 -8.840585256558198 0
      vertex 0.5651146757638239 -8.982240555854444 0
    endloop
  endfacet
  facet normal 0.2486898871648558 -0.9685831611286307 0
    outer loop
      vertex 1.6864318312715234 -8.840585256558198 -5
      vertex 2.7811529493745266 -8.559508646656381 0
      vertex 1.6864318312715234 -8.840585256558198 0
    endloop
  endfacet
  facet normal 0.3681245526846769 -0.9297764858882519 0
    outer loop
      vertex 2.7811529493745266 -8.559508646656381 -5
      vertex 3.832013624085652 -8.143443472194177 0
      vertex 2.7811529493745266 -8.559508646656381 0
    endloop
  endfacet
  facet normal 0.48175367410171505 -0.8763066800438637 0
    outer loop
      vertex 3.832013624085652 -8.143443472194177 -5
      vertex 4.822441154810966 -7.598951329518138 0
      vertex 3.832013624085652 -8.143443472194177 0
    endloop
  endfacet
  facet normal 0 0 1
    outer loop
      vertex 0.5651146757638239 -8.982240555854444 0
      vertex 1.6864318312715234 -8.840585256558198 0
      vertex 0.847450003027916 -5.491200000047684 0
    endloop
  endfacet
  facet normal 0 0 1
    outer loop
      vertex 1.6864318312715234 -8.840585256558198 0
      vertex 2.7811529493745266 -8.559508646656381 0
      vertex 0.847450003027916 -5.491200000047684 0
    endloop
  endfacet
  facet normal 0 0 1
    outer loop
      vertex 2.7811529493745266 -8.559508646656381 0
      vertex 2.597050003707409 3.093900002539158 0
      vertex 0.847450003027916 -5.491200000047684 0
    endloop
  endfacet
  facet normal 0 0 1
    outer loop
      vertex 2.7811529493745266 -8.559508646656381 0
      vertex 3.832013624085652 -8.143443472194177 0
      vertex 2.7811529493745266 8.559508646656381 0
    endloop
  endfacet
  facet normal 0 0 1
    outer loop
      vertex 3.832013624085652 -8.143443472194177 0
      vertex 4.822441154810966 -7.598951329518138 0
      vertex 3.8320136240856546 8.143443472194175 0
    endloop
  endfacet
  facet normal 0.5877852522924728 -0.8090169943749476 0
    outer loop
      vertex 4.822441154810966 -7.598951329518138 -5
      vertex 5.73681590773821 -6.934619184982101 0
      vertex 4.822441154810966 -7.598951329518138 0
    endloop
  endfacet
  facet normal 0.6845471059286891 -0.728968627421411 0
    outer loop
      vertex 5.73681590773821 -6.934619184982101 -5
      vertex 6.560717646792705 -6.160923953358196 0
      vertex 5.73681590773821 -6.934619184982101 0
    endloop
  endfacet
  facet normal 0.770513242775789 -0.6374239897486901 0
    outer loop
      vertex 7.281152949374527 -5.2900672706322585 -5
      vertex 7.281152949374527 -5.2900672706322585 0
      vertex 6.560717646792705 -6.160923953358196 0
    endloop
  endfacet
  facet normal 0.8443279255020154 -0.5358267949789962 0
    outer loop
      vertex 7.886760120394771 -4.335783066915439 -5
      vertex 7.886760120394771 -4.335783066915439 0
      vertex 7.281152949374527 -5.2900672706322585 0
    endloop
  endfacet
  facet normal 0.9048270524660191 -0.42577929156507355 0
    outer loop
      vertex 8.367988372994262 -3.3131209741621053 -5
      vertex 8.367988372994262 -3.3131209741621053 0
      vertex 7.886760120394771 -4.335783066915439 0
    endloop
  endfacet
  facet normal 0.9510565162951535 -0.30901699437494745 0
    outer loop
      vertex 8.717248450157681 -2.23820898448369 -5
      vertex 8.717248450157681 -2.23820898448369 0
      vertex 8.367988372994262 -3.3131209741621053 0
    endloop
  endfacet
  facet normal 0.9822872507286887 -0.1873813145857245 0
    outer loop
      vertex 8.929032311830301 -1.1279991020787365 -5
      vertex 8.929032311830301 -1.1279991020787365 0
      vertex 8.717248450157681 -2.23820898448369 0
    endloop
  endfacet
  facet normal 0.9980267284282716 -0.06279051952931262 0
    outer loop
      vertex 8.929032311830301 -1.1279991020787365 0
      vertex 9 0 -5
      vertex 9 0 0
    endloop
  endfacet
  facet normal 0 0 1
    outer loop
      vertex 4.822441154810966 -7.598951329518138 0
      vertex 5.73681590773821 -6.934619184982101 0
      vertex 4.82244115481097 7.598951329518136 0
    endloop
  endfacet
  facet normal 0 0 1
    outer loop
      vertex 5.73681590773821 -6.934619184982101 0
      vertex 6.560717646792705 -6.160923953358196 0
      vertex 5.736815907738208 6.934619184982102 0
    endloop
  endfacet
  facet normal 0 0 1
    outer loop
      vertex 6.560717646792705 -6.160923953358196 0
      vertex 7.281152949374527 -5.2900672706322585 0
      vertex 6.560717646792704 6.160923953358198 0
    endloop
  endfacet
  facet normal 0 0 1
    outer loop
      vertex 7.281152949374527 -5.2900672706322585 0
      vertex 7.886760120394771 -4.335783066915439 0
      vertex 7.281152949374527 5.2900672706322585 0
    endloop
  endfacet
  facet normal 0 0 1
    outer loop
      vertex 7.886760120394771 -4.335783066915439 0
      vertex 8.367988372994262 -3.3131209741621053 0
      vertex 7.886760120394772 4.335783066915438 0
    endloop
  endfacet
  facet normal 0 0 1
    outer loop
      vertex 8.367988372994262 -3.3131209741621053 0
      vertex 8.717248450157681 -2.23820898448369 0
      vertex 8.367988372994262 3.3131209741621017 0
    endloop
  endfacet
  facet normal 0 0 1
    outer loop
      vertex 8.717248450157681 -2.23820898448369 0
      vertex 8.929032311830301 -1.1279991020787365 0
      vertex 8.71724845015768 2.238208984483693 0
    endloop
  endfacet
  facet normal 0 0 -1
    outer loop
      vertex -0.5651146757638195 8.982240555854444 -5
      vertex 0.5651146757638195 8.982240555854444 -5
      vertex 0.44424292566989093 7.061039103630021 -5
    endloop
  endfacet
  facet normal 0 0 -1
    outer loop
      vertex 0.5651146757638195 8.982240555854444 -5
      vertex 1.6864318312715212 8.840585256558198 -5
      vertex 0.44424292566989093 7.061039103630021 -5
    endloop
  endfacet
  facet normal 0 0 -1
    outer loop
      vertex 1.6864318312715212 8.840585256558198 -5
      vertex 1.3257228006940014 6.949682298905473 -5
      vertex 0.44424292566989093 7.061039103630021 -5
    endloop
  endfacet
  facet normal 0 0 -1
    outer loop
      vertex 2.7811529493745266 8.559508646656381 -5
      vertex 2.1862952352027527 6.728724852788211 -5
      vertex 1.3257228006940014 6.949682298905473 -5
    endloop
  endfacet
  facet normal 0 0 -1
    outer loop
      vertex 1.6864318312715212 8.840585256558198 -5
      vertex 2.7811529493745266 8.559508646656381 -5
      vertex 1.3257228006940014 6.949682298905473 -5
    endloop
  endfacet
  facet normal 0 0 -1
    outer loop
      vertex 4.82244115481097 7.598951329518136 -5
      vertex 4.50977472747198 5.451381192638708 -5
      vertex 3.7909745744764014 5.973620072926757 -5
    endloop
  endfacet
  facet normal 0 0 -1
    outer loop
      vertex 3.8320136240856546 8.143443472194175 -5
      vertex 3.0123884878228897 6.401651396197088 -5
      vertex 2.1862952352027527 6.728724852788211 -5
    endloop
  endfacet
  facet normal 0 0 -1
    outer loop
      vertex 2.7811529493745266 8.559508646656381 -5
      vertex 3.8320136240856546 8.143443472194175 -5
      vertex 2.1862952352027527 6.728724852788211 -5
    endloop
  endfacet
  facet normal 0 0 -1
    outer loop
      vertex 3.8320136240856546 8.143443472194175 -5
      vertex 3.7909745744764014 5.973620072926757 -5
      vertex 3.0123884878228897 6.401651396197088 -5
    endloop
  endfacet
  facet normal 0 0 -1
    outer loop
      vertex 3.8320136240856546 8.143443472194175 -5
      vertex 4.82244115481097 7.598951329518136 -5
      vertex 3.7909745744764014 5.973620072926757 -5
    endloop
  endfacet
  facet normal 0.12533323356430473 0.9921147013144779 0
    outer loop
      vertex 0.5651146757638195 8.982240555854444 -5
      vertex 0.5651146757638195 8.982240555854444 0
      vertex 1.6864318312715212 8.840585256558198 -5
    endloop
  endfacet
  facet normal 0.24868988716485532 0.968583161128631 0
    outer loop
      vertex 1.6864318312715212 8.840585256558198 -5
      vertex 1.6864318312715212 8.840585256558198 0
      vertex 2.7811529493745266 8.559508646656381 -5
    endloop
  endfacet
  facet normal 0.3681245526846775 0.9297764858882516 0
    outer loop
      vertex 2.7811529493745266 8.559508646656381 -5
      vertex 2.7811529493745266 8.559508646656381 0
      vertex 3.8320136240856546 8.143443472194175 -5
    endloop
  endfacet
  facet normal 0.4817536741017147 0.8763066800438638 0
    outer loop
      vertex 3.8320136240856546 8.143443472194175 -5
      vertex 3.8320136240856546 8.143443472194175 0
      vertex 4.82244115481097 7.598951329518136 -5
    endloop
  endfacet
  facet normal 0 0 -1
    outer loop
      vertex 7.281152949374527 5.2900672706322585 -5
      vertex 6.578168637659378 2.6044812102440966 -5
      vertex 6.199869761310335 3.408407244269636 -5
    endloop
  endfacet
  facet normal 0 0 -1
    outer loop
      vertex 7.281152949374527 -5.2900672706322585 -5
      vertex 7.075 0 -5
      vertex 7.281152949374527 5.2900672706322585 -5
    endloop
  endfacet
  facet normal 0 0 -1
    outer loop
      vertex 7.281152949374527 5.2900672706322585 -5
      vertex 7.075 0 -5
      vertex 7.019211511799931 0.8867326274674526 -5
    endloop
  endfacet
  facet normal 0 0 -1
    outer loop
      vertex 7.281152949374527 -5.2900672706322585 -5
      vertex 7.281152949374527 5.2900672706322585 -5
      vertex 7.886760120394772 4.335783066915438 -5
    endloop
  endfacet
  facet normal 0 0 -1
    outer loop
      vertex 7.886760120394771 -4.335783066915439 -5
      vertex 7.886760120394772 4.335783066915438 -5
      vertex 8.367988372994262 3.3131209741621017 -5
    endloop
  endfacet
  facet normal 0 0 -1
    outer loop
      vertex 8.929032311830301 -1.1279991020787365 -5
      vertex 8.929032311830301 1.1279991020787383 -5
      vertex 9 0 -5
    endloop
  endfacet
  facet normal 0 0 -1
    outer loop
      vertex 8.717248450157681 -2.23820898448369 -5
      vertex 8.71724845015768 2.238208984483693 -5
      vertex 8.929032311830301 1.1279991020787383 -5
    endloop
  endfacet
  facet normal 0 0 -1
    outer loop
      vertex 8.367988372994262 -3.3131209741621053 -5
      vertex 8.367988372994262 3.3131209741621017 -5
      vertex 8.71724845015768 2.238208984483693 -5
    endloop
  endfacet
  facet normal 0 0 -1
    outer loop
      vertex 7.281152949374527 5.2900672706322585 -5
      vertex 7.019211511799931 0.8867326274674526 -5
      vertex 6.852725864985065 1.7594809516913477 -5
    endloop
  endfacet
  facet normal 0 0 -1
    outer loop
      vertex 7.281152949374527 5.2900672706322585 -5
      vertex 6.852725864985065 1.7594809516913477 -5
      vertex 6.578168637659378 2.6044812102440966 -5
    endloop
  endfacet
  facet normal 0.9980267284282716 0.06279051952931253 0
    outer loop
      vertex 9 0 -5
      vertex 8.929032311830301 1.1279991020787383 -5
      vertex 9 0 0
    endloop
  endfacet
  facet normal 0.9822872507286884 0.1873813145857258 0
    outer loop
      vertex 8.929032311830301 1.1279991020787383 -5
      vertex 8.71724845015768 2.238208984483693 -5
      vertex 8.929032311830301 1.1279991020787383 0
    endloop
  endfacet
  facet normal 0.9510565162951535 0.30901699437494784 0
    outer loop
      vertex 8.71724845015768 2.238208984483693 -5
      vertex 8.367988372994262 3.3131209741621017 -5
      vertex 8.71724845015768 2.238208984483693 0
    endloop
  endfacet
  facet normal 0.9048270524660198 0.42577929156507194 0
    outer loop
      vertex 8.367988372994262 3.3131209741621017 -5
      vertex 7.886760120394772 4.335783066915438 -5
      vertex 8.367988372994262 3.3131209741621017 0
    endloop
  endfacet
  facet normal 0 0 -1
    outer loop
      vertex 5.736815907738208 6.934619184982102 -5
      vertex 5.723795235202753 4.158580659969248 -5
      vertex 5.157453039006487 4.843170774445473 -5
    endloop
  endfacet
  facet normal 0 0 -1
    outer loop
      vertex 4.82244115481097 7.598951329518136 -5
      vertex 5.736815907738208 6.934619184982102 -5
      vertex 4.50977472747198 5.451381192638708 -5
    endloop
  endfacet
  facet normal 0 0 -1
    outer loop
      vertex 5.736815907738208 6.934619184982102 -5
      vertex 5.157453039006487 4.843170774445473 -5
      vertex 4.50977472747198 5.451381192638708 -5
    endloop
  endfacet
  facet normal 0 0 -1
    outer loop
      vertex 6.560717646792704 6.160923953358198 -5
      vertex 6.199869761310335 3.408407244269636 -5
      vertex 5.723795235202753 4.158580659969248 -5
    endloop
  endfacet
  facet normal 0 0 -1
    outer loop
      vertex 6.560717646792704 6.160923953358198 -5
      vertex 7.281152949374527 5.2900672706322585 -5
      vertex 6.199869761310335 3.408407244269636 -5
    endloop
  endfacet
  facet normal 0 0 -1
    outer loop
      vertex 6.560717646792704 6.160923953358198 -5
      vertex 5.723795235202753 4.158580659969248 -5
      vertex 5.736815907738208 6.934619184982102 -5
    endloop
  endfacet
  facet normal 0.6845471059286883 0.7289686274214118 0
    outer loop
      vertex 6.560717646792704 6.160923953358198 -5
      vertex 5.736815907738208 6.934619184982102 -5
      vertex 5.736815907738208 6.934619184982102 0
    endloop
  endfacet
  facet normal 0.5877852522924735 0.809016994374947 0
    outer loop
      vertex 4.82244115481097 7.598951329518136 -5
      vertex 4.82244115481097 7.598951329518136 0
      vertex 5.736815907738208 6.934619184982102 -5
    endloop
  endfacet
  facet normal 0.7705132427757893 0.6374239897486897 0
    outer loop
      vertex 6.560717646792704 6.160923953358198 -5
      vertex 7.281152949374527 5.2900672706322585 0
      vertex 7.281152949374527 5.2900672706322585 -5
    endloop
  endfacet
  facet normal 0.8443279255020152 0.5358267949789964 0
    outer loop
      vertex 7.886760120394772 4.335783066915438 -5
      vertex 7.281152949374527 5.2900672706322585 -5
      vertex 7.886760120394772 4.335783066915438 0
    endloop
  endfacet
  facet normal 0 0 1
    outer loop
      vertex 2.7811529493745266 -8.559508646656381 0
      vertex 2.597050003707409 5.48759999871254 0
      vertex 2.597050003707409 3.093900002539158 0
    endloop
  endfacet
  facet normal 0 0 1
    outer loop
      vertex 2.7811529493745266 -8.559508646656381 0
      vertex 2.7811529493745266 8.559508646656381 0
      vertex 2.597050003707409 5.48759999871254 0
    endloop
  endfacet
  facet normal 0 0 1
    outer loop
      vertex 3.832013624085652 -8.143443472194177 0
      vertex 3.8320136240856546 8.143443472194175 0
      vertex 2.7811529493745266 8.559508646656381 0
    endloop
  endfacet
  facet normal 0 0 1
    outer loop
      vertex 4.822441154810966 -7.598951329518138 0
      vertex 4.82244115481097 7.598951329518136 0
      vertex 3.8320136240856546 8.143443472194175 0
    endloop
  endfacet
  facet normal 0 1 0
    outer loop
      vertex -0.5651146757638195 8.982240555854444 0
      vertex 0.5651146757638195 8.982240555854444 0
      vertex 0.5651146757638195 8.982240555854444 -5
    endloop
  endfacet
  facet normal 0.12533323356430473 0.9921147013144779 0
    outer loop
      vertex 1.6864318312715212 8.840585256558198 -5
      vertex 0.5651146757638195 8.982240555854444 0
      vertex 1.6864318312715212 8.840585256558198 0
    endloop
  endfacet
  facet normal 0.24868988716485532 0.968583161128631 0
    outer loop
      vertex 2.7811529493745266 8.559508646656381 -5
      vertex 1.6864318312715212 8.840585256558198 0
      vertex 2.7811529493745266 8.559508646656381 0
    endloop
  endfacet
  facet normal 0.4817536741017147 0.8763066800438638 0
    outer loop
      vertex 4.82244115481097 7.598951329518136 -5
      vertex 3.8320136240856546 8.143443472194175 0
      vertex 4.82244115481097 7.598951329518136 0
    endloop
  endfacet
  facet normal 0.3681245526846775 0.9297764858882516 0
    outer loop
      vertex 3.8320136240856546 8.143443472194175 -5
      vertex 2.7811529493745266 8.559508646656381 0
      vertex 3.8320136240856546 8.143443472194175 0
    endloop
  endfacet
  facet normal 0 0 1
    outer loop
      vertex -1.6864318312715212 8.840585256558198 0
      vertex 2.597050003707409 5.48759999871254 0
      vertex -0.5651146757638195 8.982240555854444 0
    endloop
  endfacet
  facet normal 0 0 1
    outer loop
      vertex -0.5651146757638195 8.982240555854444 0
      vertex 2.597050003707409 5.48759999871254 0
      vertex 0.5651146757638195 8.982240555854444 0
    endloop
  endfacet
  facet normal 0 0 1
    outer loop
      vertex 0.5651146757638195 8.982240555854444 0
      vertex 2.597050003707409 5.48759999871254 0
      vertex 1.6864318312715212 8.840585256558198 0
    endloop
  endfacet
  facet normal 0 0 1
    outer loop
      vertex 1.6864318312715212 8.840585256558198 0
      vertex 2.597050003707409 5.48759999871254 0
      vertex 2.7811529493745266 8.559508646656381 0
    endloop
  endfacet
  facet normal 0.9980267284282716 0.06279051952931253 0
    outer loop
      vertex 8.929032311830301 1.1279991020787383 -5
      vertex 8.929032311830301 1.1279991020787383 0
      vertex 9 0 0
    endloop
  endfacet
  facet normal 0.9822872507286884 0.1873813145857258 0
    outer loop
      vertex 8.71724845015768 2.238208984483693 -5
      vertex 8.71724845015768 2.238208984483693 0
      vertex 8.929032311830301 1.1279991020787383 0
    endloop
  endfacet
  facet normal 0.9510565162951535 0.30901699437494784 0
    outer loop
      vertex 8.367988372994262 3.3131209741621017 -5
      vertex 8.367988372994262 3.3131209741621017 0
      vertex 8.71724845015768 2.238208984483693 0
    endloop
  endfacet
  facet normal 0.9048270524660198 0.42577929156507194 0
    outer loop
      vertex 7.886760120394772 4.335783066915438 -5
      vertex 7.886760120394772 4.335783066915438 0
      vertex 8.367988372994262 3.3131209741621017 0
    endloop
  endfacet
  facet normal 0 0 1
    outer loop
      vertex 5.73681590773821 -6.934619184982101 0
      vertex 5.736815907738208 6.934619184982102 0
      vertex 4.82244115481097 7.598951329518136 0
    endloop
  endfacet
  facet normal 0 0 1
    outer loop
      vertex 6.560717646792705 -6.160923953358196 0
      vertex 6.560717646792704 6.160923953358198 0
      vertex 5.736815907738208 6.934619184982102 0
    endloop
  endfacet
  facet normal 0 0 1
    outer loop
      vertex 7.281152949374527 -5.2900672706322585 0
      vertex 7.281152949374527 5.2900672706322585 0
      vertex 6.560717646792704 6.160923953358198 0
    endloop
  endfacet
  facet normal 0 0 1
    outer loop
      vertex 7.886760120394771 -4.335783066915439 0
      vertex 7.886760120394772 4.335783066915438 0
      vertex 7.281152949374527 5.2900672706322585 0
    endloop
  endfacet
  facet normal 0 0 1
    outer loop
      vertex 8.929032311830301 -1.1279991020787365 0
      vertex 9 0 0
      vertex 8.929032311830301 1.1279991020787383 0
    endloop
  endfacet
  facet normal 0 0 1
    outer loop
      vertex 8.717248450157681 -2.23820898448369 0
      vertex 8.71724845015768 2.238208984483693 0
      vertex 8.367988372994262 3.3131209741621017 0
    endloop
  endfacet
  facet normal 0 0 1
    outer loop
      vertex 8.929032311830301 -1.1279991020787365 0
      vertex 8.929032311830301 1.1279991020787383 0
      vertex 8.71724845015768 2.238208984483693 0
    endloop
  endfacet
  facet normal 0 0 1
    outer loop
      vertex 8.367988372994262 -3.3131209741621053 0
      vertex 8.367988372994262 3.3131209741621017 0
      vertex 7.886760120394772 4.335783066915438 0
    endloop
  endfacet
  facet normal 0.6845471059286883 0.7289686274214118 0
    outer loop
      vertex 6.560717646792704 6.160923953358198 -5
      vertex 5.736815907738208 6.934619184982102 0
      vertex 6.560717646792704 6.160923953358198 0
    endloop
  endfacet
  facet normal 0.5877852522924735 0.809016994374947 0
    outer loop
      vertex 5.736815907738208 6.934619184982102 -5
      vertex 4.82244115481097 7.598951329518136 0
      vertex 5.736815907738208 6.934619184982102 0
    endloop
  endfacet
  facet normal 0.8443279255020152 0.5358267949789964 0
    outer loop
      vertex 7.281152949374527 5.2900672706322585 -5
      vertex 7.281152949374527 5.2900672706322585 0
      vertex 7.886760120394772 4.335783066915438 0
    endloop
  endfacet
  facet normal 0.7705132427757893 0.6374239897486897 0
    outer loop
      vertex 6.560717646792704 6.160923953358198 -5
      vertex 6.560717646792704 6.160923953358198 0
      vertex 7.281152949374527 5.2900672706322585 0
    endloop
  endfacet
endsolid OpenSCAD_Model
