solid OpenSCAD_Model
  facet normal -0.7695556865203677 -0.6366318303218882 -0.04983932147580145
    outer loop
      vertex -4.9956799402653 -3.6295739329060215 -3
      vertex -4.501381274327217 -4.227078379109652 -3
      vertex -5.117032489421542 -3.717741720749893 0
    endloop
  endfacet
  facet normal -0.5870547814661057 -0.8080115875361037 -0.04983932147580139
    outer loop
      vertex -3.936093136698158 -4.757919274140499 -3
      vertex -3.308730458995305 -5.213724939974942 -3
      vertex -3.3891044782421544 -5.340374128800245 0
    endloop
  endfacet
  facet normal -0.683696384192808 -0.7280627007864858 -0.04983932147580158
    outer loop
      vertex -3.936093136698158 -4.757919274140499 -3
      vertex -4.031706735160462 -4.873496260556868 0
      vertex -4.501381274327217 -4.227078379109652 -3
    endloop
  endfacet
  facet normal -0.8432786359612158 -0.5351608955876943 -0.04983932147580144
    outer loop
      vertex -4.9956799402653 -3.6295739329060215 -3
      vertex -5.117032489421542 -3.717741720749893 0
      vertex -5.542639751277437 -3.04709198869335 0
    endloop
  endfacet
  facet normal -0.5870547814661051 -0.8080115875361041 -0.04983932147580158
    outer loop
      vertex -3.936093136698158 -4.757919274140499 -3
      vertex -3.3891044782421544 -5.340374128800245 0
      vertex -4.031706735160462 -4.873496260556868 0
    endloop
  endfacet
  facet normal -0.6836963841928086 -0.7280627007864852 -0.04983932147580132
    outer loop
      vertex -4.501381274327217 -4.227078379109652 -3
      vertex -4.031706735160462 -4.873496260556868 0
      vertex -4.610726568440429 -4.329760444998955 0
    endloop
  endfacet
  facet normal -0.7695556865203672 -0.6366318303218885 -0.0498393214758013
    outer loop
      vertex -4.501381274327217 -4.227078379109652 -3
      vertex -4.610726568440429 -4.329760444998955 0
      vertex -5.117032489421542 -3.717741720749893 0
    endloop
  endfacet
  facet normal -0.9037025775627167 -0.42525015384045883 -0.049839321475801404
    outer loop
      vertex -5.741369800359952 -2.273169112827886 -3
      vertex -5.411193749270857 -2.9748289375780925 -3
      vertex -5.88083627324319 -2.3283877957305874 0
    endloop
  endfacet
  facet normal -0.9498745896703011 -0.3086329631350304 -0.04983932147580164
    outer loop
      vertex -5.741369800359952 -2.273169112827886 -3
      vertex -6.126288494138592 -1.572963536317707 0
      vertex -5.9810010199692965 -1.5356600532429787 -3
    endloop
  endfacet
  facet normal -0.843278635961216 -0.535160895587694 -0.049839321475801536
    outer loop
      vertex -4.9956799402653 -3.6295739329060215 -3
      vertex -5.542639751277437 -3.04709198869335 0
      vertex -5.411193749270857 -2.9748289375780925 -3
    endloop
  endfacet
  facet normal 0 0 -1
    outer loop
      vertex -5.9810010199692965 -1.5356600532429787 -3
      vertex -6.126308280616901 -0.7739327172595776 -3
      vertex -5.9810010199692965 1.5356600532429787 -3
    endloop
  endfacet
  facet normal 0 0 -1
    outer loop
      vertex -5.741369800359952 -2.273169112827886 -3
      vertex -5.9810010199692965 -1.5356600532429787 -3
      vertex -5.741369800359952 2.273169112827886 -3
    endloop
  endfacet
  facet normal 0 0 -1
    outer loop
      vertex -4.9956799402653 -3.6295739329060215 -3
      vertex -5.411193749270857 -2.9748289375780925 -3
      vertex -4.9956799402653 3.6295739329060215 -3
    endloop
  endfacet
  facet normal 0 0 -1
    outer loop
      vertex -5.741369800359952 -2.273169112827886 -3
      vertex -5.411193749270857 2.9748289375780925 -3
      vertex -5.411193749270857 -2.9748289375780925 -3
    endloop
  endfacet
  facet normal -0.9810665120712087 -0.18714844623256893 -0.04983932147580127
    outer loop
      vertex -5.9810010199692965 -1.5356600532429787 -3
      vertex -6.275125485814073 -0.7927327022942232 0
      vertex -6.126308280616901 -0.7739327172595776 -3
    endloop
  endfacet
  facet normal -0.9967864295160271 -0.06271248653595363 -0.049839321475801474
    outer loop
      vertex -6.126308280616901 -0.7739327172595776 -3
      vertex -6.325 0 0
      vertex -6.175 0 -3
    endloop
  endfacet
  facet normal 0 0 -1
    outer loop
      vertex -4.9956799402653 -3.6295739329060215 -3
      vertex -4.501381274327217 4.227078379109652 -3
      vertex -4.501381274327217 -4.227078379109652 -3
    endloop
  endfacet
  facet normal 0 0 -1
    outer loop
      vertex -3.936093136698158 -4.757919274140499 -3
      vertex -4.501381274327217 -4.227078379109652 -3
      vertex -3.936093136698158 4.757919274140499 -3
    endloop
  endfacet
  facet normal 0 0 -1
    outer loop
      vertex -3.936093136698158 -4.757919274140499 -3
      vertex -3.308730458995305 5.213724939974942 -3
      vertex -3.308730458995305 -5.213724939974942 -3
    endloop
  endfacet
  facet normal -0.9037025775627168 -0.42525015384045833 -0.04983932147580155
    outer loop
      vertex -5.411193749270857 -2.9748289375780925 -3
      vertex -5.542639751277437 -3.04709198869335 0
      vertex -5.88083627324319 -2.3283877957305874 0
    endloop
  endfacet
  facet normal -0.9498745896703006 -0.30863296313503114 -0.049839321475801404
    outer loop
      vertex -5.741369800359952 -2.273169112827886 -3
      vertex -5.88083627324319 -2.3283877957305874 0
      vertex -6.126288494138592 -1.572963536317707 0
    endloop
  endfacet
  facet normal -0.9810665120712089 -0.18714844623256752 -0.04983932147580163
    outer loop
      vertex -5.9810010199692965 -1.5356600532429787 -3
      vertex -6.126288494138592 -1.572963536317707 0
      vertex -6.275125485814073 -0.7927327022942232 0
    endloop
  endfacet
  facet normal -0.9967864295160269 -0.06271248653595435 -0.04983932147580126
    outer loop
      vertex -6.126308280616901 -0.7739327172595776 -3
      vertex -6.275125485814073 -0.7927327022942232 0
      vertex -6.325 0 0
    endloop
  endfacet
  facet normal -0.4811549741461546 -0.8752176488675516 -0.04983932147580144
    outer loop
      vertex -3.308730458995305 -5.213724939974942 -3
      vertex -2.6291871254143224 -5.587307048977671 -3
      vertex -2.6930540191490833 -5.723031106847574 0
    endloop
  endfacet
  facet normal -0.3676670654558691 -0.9286210050466776 -0.04983932147580148
    outer loop
      vertex -2.6291871254143224 -5.587307048977671 -3
      vertex -1.9081799402653001 -5.872773988122573 -3
      vertex -1.9545324894215423 -6.015432465566846 0
    endloop
  endfacet
  facet normal -0.24838082750968726 -0.967379453244917 -0.04983932147580129
    outer loop
      vertex -1.9081799402653001 -5.872773988122573 -3
      vertex -1.1570796175668507 -6.065623773249652 -3
      vertex -1.1851868147547096 -6.212966860858955 0
    endloop
  endfacet
  facet normal -0.12517747553816136 -0.9908817495810106 -0.04983932147580166
    outer loop
      vertex -1.1570796175668507 -6.065623773249652 -3
      vertex -0.38773145809351245 -6.1628150480445765 -3
      vertex -0.39715003602290955 -6.312519057308818 0
    endloop
  endfacet
  facet normal -0.3676670654558695 -0.9286210050466774 -0.049839321475801356
    outer loop
      vertex -2.6291871254143224 -5.587307048977671 -3
      vertex -1.9545324894215423 -6.015432465566846 0
      vertex -2.612279996275902 -5.755011804886334 0
    endloop
  endfacet
  facet normal -0.48115497414615477 -0.8752176488675516 -0.04983932147580141
    outer loop
      vertex -3.308730458995305 -5.213724939974942 -3
      vertex -2.6930540191490833 -5.723031106847574 0
      vertex -3.3891044782421544 -5.340374128800245 0
    endloop
  endfacet
  facet normal -0.3676670654558666 -0.9286210050466785 -0.049839321475801446
    outer loop
      vertex -2.6291871254143224 -5.587307048977671 -3
      vertex -2.612279996275902 -5.755011804886334 0
      vertex -2.6930540191490833 -5.723031106847574 0
    endloop
  endfacet
  facet normal -0.2483808275096867 -0.9673794532449174 -0.04983932147580149
    outer loop
      vertex -1.9081799402653001 -5.872773988122573 -3
      vertex -1.1851868147547096 -6.212966860858955 0
      vertex -1.9545324894215423 -6.015432465566846 0
    endloop
  endfacet
  facet normal -0.12517747553816266 -0.9908817495810106 -0.049839321475801314
    outer loop
      vertex -1.1570796175668507 -6.065623773249652 -3
      vertex -0.39715003602290955 -6.312519057308818 0
      vertex -1.1851868147547096 -6.212966860858955 0
    endloop
  endfacet
  facet normal 0 -0.998757248802146 -0.049839321475801654
    outer loop
      vertex -0.38773145809351245 -6.1628150480445765 -3
      vertex 0.39715003602290955 -6.312519057308818 0
      vertex -0.39715003602290955 -6.312519057308818 0
    endloop
  endfacet
  facet normal 0 0 -1
    outer loop
      vertex -3.308730458995305 -5.213724939974942 -3
      vertex -2.6291871254143238 5.58730704897767 -3
      vertex -2.6291871254143224 -5.587307048977671 -3
    endloop
  endfacet
  facet normal 0 0 -1
    outer loop
      vertex -2.6291871254143224 -5.587307048977671 -3
      vertex -1.9081799402653001 5.872773988122573 -3
      vertex -1.9081799402653001 -5.872773988122573 -3
    endloop
  endfacet
  facet normal 0 0 -1
    outer loop
      vertex -1.9081799402653001 -5.872773988122573 -3
      vertex -1.1570796175668492 6.065623773249652 -3
      vertex -1.1570796175668507 -6.065623773249652 -3
    endloop
  endfacet
  facet normal 0 0 -1
    outer loop
      vertex -1.1570796175668507 -6.065623773249652 -3
      vertex -0.38773145809350945 6.1628150480445765 -3
      vertex -0.38773145809351245 -6.1628150480445765 -3
    endloop
  endfacet
  facet normal 0 0 1
    outer loop
      vertex -5.542639751277437 -3.04709198869335 0
      vertex -5.88083627324319 2.3283877957305874 0
      vertex -5.88083627324319 -2.3283877957305874 0
    endloop
  endfacet
  facet normal 0 0 1
    outer loop
      vertex -6.126288494138592 -1.572963536317707 0
      vertex -6.275125485814073 0.7927327022942232 0
      vertex -6.275125485814073 -0.7927327022942232 0
    endloop
  endfacet
  facet normal 0 0 1
    outer loop
      vertex -5.88083627324319 -2.3283877957305874 0
      vertex -6.126288494138592 1.572963536317707 0
      vertex -6.126288494138592 -1.572963536317707 0
    endloop
  endfacet
  facet normal 0 0 1
    outer loop
      vertex -5.117032489421542 -3.717741720749893 0
      vertex -5.542639751277437 3.04709198869335 0
      vertex -5.542639751277437 -3.04709198869335 0
    endloop
  endfacet
  facet normal 0 0 1
    outer loop
      vertex -5.117032489421542 -3.717741720749893 0
      vertex -4.610726568440429 -4.329760444998955 0
      vertex -5.117032489421542 3.717741720749893 0
    endloop
  endfacet
  facet normal 0 0 1
    outer loop
      vertex -4.031706735160462 -4.873496260556868 0
      vertex -3.3891044782421544 -5.340374128800245 0
      vertex -4.031706735160462 4.873496260556868 0
    endloop
  endfacet
  facet normal 0 0 1
    outer loop
      vertex -4.031706735160462 -4.873496260556868 0
      vertex -4.610726568440429 4.329760444998955 0
      vertex -4.610726568440429 -4.329760444998955 0
    endloop
  endfacet
  facet normal 0 0 1
    outer loop
      vertex -2.6930540191490833 -5.723031106847574 0
      vertex -2.612279996275902 -5.755011804886334 0
      vertex -2.612279996275902 -4.28651999682188 0
    endloop
  endfacet
  facet normal 0 0 1
    outer loop
      vertex -3.3891044782421544 -5.340374128800245 0
      vertex -2.6930540191490833 -5.723031106847574 0
      vertex -3.3891044782421544 5.340374128800245 0
    endloop
  endfacet
  facet normal 0 0 1
    outer loop
      vertex -2.6930540191490833 -5.723031106847574 0
      vertex -2.612279996275902 -4.28651999682188 0
      vertex -2.693054019149085 5.723031106847573 0
    endloop
  endfacet
  facet normal 0 0 1
    outer loop
      vertex -2.693054019149085 5.723031106847573 0
      vertex -2.612279996275902 -4.28651999682188 0
      vertex -2.527415506541729 -4.29298285394907 0
    endloop
  endfacet
  facet normal 0 0 1
    outer loop
      vertex -2.693054019149085 5.723031106847573 0
      vertex -2.527415506541729 -4.29298285394907 0
      vertex -2.4495306089520454 -4.2984514310956 0
    endloop
  endfacet
  facet normal 0 0 1
    outer loop
      vertex -2.693054019149085 5.723031106847573 0
      vertex -2.4495306089520454 -4.2984514310956 0
      vertex -2.378625303506851 -4.30292571336031 0
    endloop
  endfacet
  facet normal 0 0 1
    outer loop
      vertex -2.693054019149085 5.723031106847573 0
      vertex -2.378625303506851 -4.30292571336031 0
      vertex -2.3146995902061462 -4.30640571564436 0
    endloop
  endfacet
  facet normal 0 0 1
    outer loop
      vertex -2.693054019149085 5.723031106847573 0
      vertex -2.3146995902061462 -4.30640571564436 0
      vertex -2.2577534690499306 -4.3088914304971695 0
    endloop
  endfacet
  facet normal 0 0 1
    outer loop
      vertex -2.693054019149085 5.723031106847573 0
      vertex -2.2577534690499306 -4.3088914304971695 0
      vertex -2.207786940038204 -4.310382857918739 0
    endloop
  endfacet
  facet normal 0 0 1
    outer loop
      vertex -2.693054019149085 5.723031106847573 0
      vertex -2.207786940038204 -4.310382857918739 0
      vertex -2.164800003170967 -4.310879997909069 0
    endloop
  endfacet
  facet normal 0 0 1
    outer loop
      vertex -2.693054019149085 5.723031106847573 0
      vertex -2.164800003170967 -4.310879997909069 0
      vertex -2.063316732645035 -4.307228572666645 0
    endloop
  endfacet
  facet normal 0 0 1
    outer loop
      vertex -2.693054019149085 5.723031106847573 0
      vertex -2.063316732645035 -4.307228572666645 0
      vertex -1.9681469351053238 -4.296274282038212 0
    endloop
  endfacet
  facet normal 0 0 1
    outer loop
      vertex -2.693054019149085 5.723031106847573 0
      vertex -1.9681469351053238 -4.296274282038212 0
      vertex -1.879290610551834 -4.278017140924931 0
    endloop
  endfacet
  facet normal 0 0 1
    outer loop
      vertex -1.9545324894215423 6.015432465566846 0
      vertex -1.879290610551834 -4.278017140924931 0
      vertex -1.7967477515339851 -4.252457141876221 0
    endloop
  endfacet
  facet normal 0 0 1
    outer loop
      vertex -1.9545324894215423 6.015432465566846 0
      vertex -1.7967477515339851 -4.252457141876221 0
      vertex -1.7205183655023575 -4.219594284892082 0
    endloop
  endfacet
  facet normal 0 0 1
    outer loop
      vertex -1.9545324894215423 6.015432465566846 0
      vertex -1.7205183655023575 -4.219594284892082 0
      vertex -1.6506024524569511 -4.179428569972515 0
    endloop
  endfacet
  facet normal 0 0 1
    outer loop
      vertex -1.9545324894215423 6.015432465566846 0
      vertex -1.6506024524569511 -4.179428569972515 0
      vertex -1.586999997496605 -4.131959997117519 0
    endloop
  endfacet
  facet normal 0 0 1
    outer loop
      vertex -1.9545324894215423 6.015432465566846 0
      vertex -1.586999997496605 -4.131959997117519 0
      vertex -1.5302081629633904 -4.0791453048586845 0
    endloop
  endfacet
  facet normal 0 0 1
    outer loop
      vertex -1.9545324894215423 6.015432465566846 0
      vertex -1.5302081629633904 -4.0791453048586845 0
      vertex -1.4807240813970566 -4.023009799420834 0
    endloop
  endfacet
  facet normal 0 0 1
    outer loop
      vertex -1.9545324894215423 6.015432465566846 0
      vertex -1.4807240813970566 -4.023009799420834 0
      vertex -1.4385477527976036 -3.9635534659028053 0
    endloop
  endfacet
  facet normal 0 0 1
    outer loop
      vertex -1.9545324894215423 6.015432465566846 0
      vertex -1.4385477527976036 -3.9635534659028053 0
      vertex -1.403679184615612 -3.9007763266563416 0
    endloop
  endfacet
  facet normal 0 0 1
    outer loop
      vertex -1.9545324894215423 6.015432465566846 0
      vertex -1.403679184615612 -3.9007763266563416 0
      vertex -1.3761183694005013 -3.834678366780281 0
    endloop
  endfacet
  facet normal 0 0 1
    outer loop
      vertex -1.9545324894215423 6.015432465566846 0
      vertex -1.3761183694005013 -3.834678366780281 0
      vertex -1.3558653071522713 -3.7652595937252045 0
    endloop
  endfacet
  facet normal 0 0 1
    outer loop
      vertex -1.9545324894215423 6.015432465566846 0
      vertex -1.3558653071522713 -3.7652595937252045 0
      vertex -1.342919997870922 -3.692520000040531 0
    endloop
  endfacet
  facet normal 0 0 1
    outer loop
      vertex -1.9545324894215423 6.015432465566846 0
      vertex -1.342919997870922 -3.692520000040531 0
      vertex -1.3342604115605354 -3.6081551015377045 0
    endloop
  endfacet
  facet normal 0 0 1
    outer loop
      vertex -1.9545324894215423 6.015432465566846 0
      vertex -1.3342604115605354 -3.6081551015377045 0
      vertex -1.3269330635666847 -3.503860406577587 0
    endloop
  endfacet
  facet normal 0 0 1
    outer loop
      vertex -1.9545324894215423 6.015432465566846 0
      vertex -1.3269330635666847 -3.503860406577587 0
      vertex -1.3209379613399506 -3.379635915160179 0
    endloop
  endfacet
  facet normal 0 0 1
    outer loop
      vertex -1.9545324894215423 6.015432465566846 0
      vertex -1.3209379613399506 -3.379635915160179 0
      vertex -1.316275104880333 -3.235481634736061 0
    endloop
  endfacet
  facet normal 0 0 1
    outer loop
      vertex -1.9545324894215423 6.015432465566846 0
      vertex -1.316275104880333 -3.235481634736061 0
      vertex -1.3129444867372513 -3.071397550404072 0
    endloop
  endfacet
  facet normal 0 0 -1
    outer loop
      vertex -6.126308280616901 -0.7739327172595776 -3
      vertex -6.175 0 -3
      vertex -6.126308280616901 0.7739327172595776 -3
    endloop
  endfacet
  facet normal 0 0 -1
    outer loop
      vertex -6.126308280616901 -0.7739327172595776 -3
      vertex -6.126308280616901 0.7739327172595776 -3
      vertex -5.9810010199692965 1.5356600532429787 -3
    endloop
  endfacet
  facet normal 0 0 -1
    outer loop
      vertex -5.9810010199692965 -1.5356600532429787 -3
      vertex -5.9810010199692965 1.5356600532429787 -3
      vertex -5.741369800359952 2.273169112827886 -3
    endloop
  endfacet
  facet normal 0 0 -1
    outer loop
      vertex -5.741369800359952 -2.273169112827886 -3
      vertex -5.741369800359952 2.273169112827886 -3
      vertex -5.411193749270857 2.9748289375780925 -3
    endloop
  endfacet
  facet normal 0 0 -1
    outer loop
      vertex -5.411193749270857 -2.9748289375780925 -3
      vertex -5.411193749270857 2.9748289375780925 -3
      vertex -4.9956799402653 3.6295739329060215 -3
    endloop
  endfacet
  facet normal 0 0 -1
    outer loop
      vertex -4.9956799402653 -3.6295739329060215 -3
      vertex -4.9956799402653 3.6295739329060215 -3
      vertex -4.501381274327217 4.227078379109652 -3
    endloop
  endfacet
  facet normal -0.9967864295160271 0.06271248653595363 -0.04983932147580128
    outer loop
      vertex -6.175 0 -3
      vertex -6.275125485814073 0.7927327022942232 0
      vertex -6.126308280616901 0.7739327172595776 -3
    endloop
  endfacet
  facet normal -0.9810665120712087 0.18714844623256893 -0.04983932147580127
    outer loop
      vertex -6.126308280616901 0.7739327172595776 -3
      vertex -6.275125485814073 0.7927327022942232 0
      vertex -5.9810010199692965 1.5356600532429787 -3
    endloop
  endfacet
  facet normal -0.9498745896703011 0.3086329631350304 -0.04983932147580164
    outer loop
      vertex -5.9810010199692965 1.5356600532429787 -3
      vertex -6.126288494138592 1.572963536317707 0
      vertex -5.741369800359952 2.273169112827886 -3
    endloop
  endfacet
  facet normal -0.9037025775627167 0.42525015384045883 -0.049839321475801404
    outer loop
      vertex -5.741369800359952 2.273169112827886 -3
      vertex -5.88083627324319 2.3283877957305874 0
      vertex -5.411193749270857 2.9748289375780925 -3
    endloop
  endfacet
  facet normal -0.843278635961216 0.535160895587694 -0.049839321475801536
    outer loop
      vertex -5.411193749270857 2.9748289375780925 -3
      vertex -5.542639751277437 3.04709198869335 0
      vertex -4.9956799402653 3.6295739329060215 -3
    endloop
  endfacet
  facet normal 0 0 -1
    outer loop
      vertex -4.501381274327217 -4.227078379109652 -3
      vertex -4.501381274327217 4.227078379109652 -3
      vertex -3.936093136698158 4.757919274140499 -3
    endloop
  endfacet
  facet normal 0 0 -1
    outer loop
      vertex -3.936093136698158 -4.757919274140499 -3
      vertex -3.936093136698158 4.757919274140499 -3
      vertex -3.308730458995305 5.213724939974942 -3
    endloop
  endfacet
  facet normal -0.9967864295160269 0.06271248653595436 -0.04983932147580146
    outer loop
      vertex -6.175 0 -3
      vertex -6.325 0 0
      vertex -6.275125485814073 0.7927327022942232 0
    endloop
  endfacet
  facet normal -0.9810665120712089 0.18714844623256752 -0.04983932147580163
    outer loop
      vertex -5.9810010199692965 1.5356600532429787 -3
      vertex -6.275125485814073 0.7927327022942232 0
      vertex -6.126288494138592 1.572963536317707 0
    endloop
  endfacet
  facet normal -0.9498745896703006 0.30863296313503114 -0.049839321475801404
    outer loop
      vertex -5.741369800359952 2.273169112827886 -3
      vertex -6.126288494138592 1.572963536317707 0
      vertex -5.88083627324319 2.3283877957305874 0
    endloop
  endfacet
  facet normal -0.9037025775627168 0.42525015384045833 -0.04983932147580155
    outer loop
      vertex -5.411193749270857 2.9748289375780925 -3
      vertex -5.88083627324319 2.3283877957305874 0
      vertex -5.542639751277437 3.04709198869335 0
    endloop
  endfacet
  facet normal -0.7695556865203677 0.6366318303218882 -0.04983932147580145
    outer loop
      vertex -4.9956799402653 3.6295739329060215 -3
      vertex -5.117032489421542 3.717741720749893 0
      vertex -4.501381274327217 4.227078379109652 -3
    endloop
  endfacet
  facet normal -0.683696384192808 0.7280627007864858 -0.04983932147580158
    outer loop
      vertex -4.501381274327217 4.227078379109652 -3
      vertex -4.031706735160462 4.873496260556868 0
      vertex -3.936093136698158 4.757919274140499 -3
    endloop
  endfacet
  facet normal -0.5870547814661057 0.8080115875361037 -0.04983932147580139
    outer loop
      vertex -3.936093136698158 4.757919274140499 -3
      vertex -3.3891044782421544 5.340374128800245 0
      vertex -3.308730458995305 5.213724939974942 -3
    endloop
  endfacet
  facet normal -0.8432786359612158 0.5351608955876943 -0.04983932147580144
    outer loop
      vertex -4.9956799402653 3.6295739329060215 -3
      vertex -5.542639751277437 3.04709198869335 0
      vertex -5.117032489421542 3.717741720749893 0
    endloop
  endfacet
  facet normal -0.7695556865203672 0.6366318303218885 -0.0498393214758013
    outer loop
      vertex -4.501381274327217 4.227078379109652 -3
      vertex -5.117032489421542 3.717741720749893 0
      vertex -4.610726568440429 4.329760444998955 0
    endloop
  endfacet
  facet normal -0.6836963841928086 0.7280627007864852 -0.04983932147580132
    outer loop
      vertex -4.501381274327217 4.227078379109652 -3
      vertex -4.610726568440429 4.329760444998955 0
      vertex -4.031706735160462 4.873496260556868 0
    endloop
  endfacet
  facet normal -0.5870547814661051 0.8080115875361041 -0.04983932147580158
    outer loop
      vertex -3.936093136698158 4.757919274140499 -3
      vertex -4.031706735160462 4.873496260556868 0
      vertex -3.3891044782421544 5.340374128800245 0
    endloop
  endfacet
  facet normal 0 0 -1
    outer loop
      vertex -3.308730458995305 -5.213724939974942 -3
      vertex -3.308730458995305 5.213724939974942 -3
      vertex -2.6291871254143238 5.58730704897767 -3
    endloop
  endfacet
  facet normal 0 0 -1
    outer loop
      vertex -2.6291871254143224 -5.587307048977671 -3
      vertex -2.6291871254143238 5.58730704897767 -3
      vertex -1.9081799402653001 5.872773988122573 -3
    endloop
  endfacet
  facet normal 0 0 -1
    outer loop
      vertex -1.9081799402653001 -5.872773988122573 -3
      vertex -1.9081799402653001 5.872773988122573 -3
      vertex -1.1570796175668492 6.065623773249652 -3
    endloop
  endfacet
  facet normal 0 0 -1
    outer loop
      vertex -1.1570796175668507 -6.065623773249652 -3
      vertex -1.1570796175668492 6.065623773249652 -3
      vertex -0.38773145809350945 6.1628150480445765 -3
    endloop
  endfacet
  facet normal 0 0 -1
    outer loop
      vertex -0.38773145809351245 -6.1628150480445765 -3
      vertex -0.38773145809350945 6.1628150480445765 -3
      vertex 0.38773145809350945 6.1628150480445765 -3
    endloop
  endfacet
  facet normal -0.4811549741461545 0.8752176488675517 -0.04983932147580151
    outer loop
      vertex -3.308730458995305 5.213724939974942 -3
      vertex -2.693054019149085 5.723031106847573 0
      vertex -2.6291871254143238 5.58730704897767 -3
    endloop
  endfacet
  facet normal -0.3676670654558694 0.9286210050466773 -0.049839321475801474
    outer loop
      vertex -2.6291871254143238 5.58730704897767 -3
      vertex -1.9545324894215423 6.015432465566846 0
      vertex -1.9081799402653001 5.872773988122573 -3
    endloop
  endfacet
  facet normal -0.2483808275096868 0.967379453244917 -0.04983932147580159
    outer loop
      vertex -1.9081799402653001 5.872773988122573 -3
      vertex -1.185186814754708 6.212966860858956 0
      vertex -1.1570796175668492 6.065623773249652 -3
    endloop
  endfacet
  facet normal -0.12517747553816108 0.9908817495810107 -0.04983932147580167
    outer loop
      vertex -1.1570796175668492 6.065623773249652 -3
      vertex -0.3971500360229065 6.312519057308818 0
      vertex -0.38773145809350945 6.1628150480445765 -3
    endloop
  endfacet
  facet normal 0 0.9987572488021461 -0.049839321475801654
    outer loop
      vertex -0.38773145809350945 6.1628150480445765 -3
      vertex -0.3971500360229065 6.312519057308818 0
      vertex 0.38773145809350945 6.1628150480445765 -3
    endloop
  endfacet
  facet normal -0.4811549741461548 0.8752176488675515 -0.049839321475801404
    outer loop
      vertex -3.308730458995305 5.213724939974942 -3
      vertex -3.3891044782421544 5.340374128800245 0
      vertex -2.693054019149085 5.723031106847573 0
    endloop
  endfacet
  facet normal -0.3676670654558693 0.9286210050466773 -0.049839321475801494
    outer loop
      vertex -2.6291871254143238 5.58730704897767 -3
      vertex -2.693054019149085 5.723031106847573 0
      vertex -1.9545324894215423 6.015432465566846 0
    endloop
  endfacet
  facet normal -0.24838082750968712 0.9673794532449171 -0.049839321475801474
    outer loop
      vertex -1.9081799402653001 5.872773988122573 -3
      vertex -1.9545324894215423 6.015432465566846 0
      vertex -1.3102800026535988 6.180848389227241 0
    endloop
  endfacet
  facet normal -0.2483808275096877 0.9673794532449169 -0.04983932147580132
    outer loop
      vertex -1.9081799402653001 5.872773988122573 -3
      vertex -1.3102800026535988 6.180848389227241 0
      vertex -1.185186814754708 6.212966860858956 0
    endloop
  endfacet
  facet normal -0.12517747553816133 0.9908817495810106 -0.04983932147580159
    outer loop
      vertex -1.1570796175668492 6.065623773249652 -3
      vertex -1.185186814754708 6.212966860858956 0
      vertex -0.3971500360229065 6.312519057308818 0
    endloop
  endfacet
  facet normal 0 0 1
    outer loop
      vertex -6.275125485814073 -0.7927327022942232 0
      vertex -6.275125485814073 0.7927327022942232 0
      vertex -6.325 0 0
    endloop
  endfacet
  facet normal 0 0 1
    outer loop
      vertex -6.126288494138592 -1.572963536317707 0
      vertex -6.126288494138592 1.572963536317707 0
      vertex -6.275125485814073 0.7927327022942232 0
    endloop
  endfacet
  facet normal 0 0 1
    outer loop
      vertex -5.88083627324319 -2.3283877957305874 0
      vertex -5.88083627324319 2.3283877957305874 0
      vertex -6.126288494138592 1.572963536317707 0
    endloop
  endfacet
  facet normal 0 0 1
    outer loop
      vertex -5.542639751277437 -3.04709198869335 0
      vertex -5.542639751277437 3.04709198869335 0
      vertex -5.88083627324319 2.3283877957305874 0
    endloop
  endfacet
  facet normal 0 0 1
    outer loop
      vertex -5.117032489421542 -3.717741720749893 0
      vertex -5.117032489421542 3.717741720749893 0
      vertex -5.542639751277437 3.04709198869335 0
    endloop
  endfacet
  facet normal 0 0 1
    outer loop
      vertex -4.610726568440429 -4.329760444998955 0
      vertex -4.610726568440429 4.329760444998955 0
      vertex -5.117032489421542 3.717741720749893 0
    endloop
  endfacet
  facet normal 0 0 1
    outer loop
      vertex -4.031706735160462 -4.873496260556868 0
      vertex -4.031706735160462 4.873496260556868 0
      vertex -4.610726568440429 4.329760444998955 0
    endloop
  endfacet
  facet normal 0 0 1
    outer loop
      vertex -3.3891044782421544 -5.340374128800245 0
      vertex -3.3891044782421544 5.340374128800245 0
      vertex -4.031706735160462 4.873496260556868 0
    endloop
  endfacet
  facet normal 0 0 1
    outer loop
      vertex -2.6930540191490833 -5.723031106847574 0
      vertex -2.693054019149085 5.723031106847573 0
      vertex -3.3891044782421544 5.340374128800245 0
    endloop
  endfacet
  facet normal 0 0 1
    outer loop
      vertex -2.693054019149085 5.723031106847573 0
      vertex -1.879290610551834 -4.278017140924931 0
      vertex -1.9545324894215423 6.015432465566846 0
    endloop
  endfacet
  facet normal 0 0 1
    outer loop
      vertex -1.9545324894215423 6.015432465566846 0
      vertex -1.3129444867372513 -3.071397550404072 0
      vertex -1.3109461218118668 -2.8873836770653725 0
    endloop
  endfacet
  facet normal 0 0 1
    outer loop
      vertex -1.9545324894215423 6.015432465566846 0
      vertex -1.3109461218118668 -2.8873836770653725 0
      vertex -1.3102800026535988 -2.683439999818802 0
    endloop
  endfacet
  facet normal 0 0 1
    outer loop
      vertex -1.9545324894215423 6.015432465566846 0
      vertex -1.3102800026535988 -2.683439999818802 0
      vertex -1.3102800026535988 6.180848389227241 0
    endloop
  endfacet
  facet normal 0 -0.9987572488021459 -0.049839321475801654
    outer loop
      vertex -0.38773145809351245 -6.1628150480445765 -3
      vertex 0.38773145809351245 -6.1628150480445765 -3
      vertex 0.39715003602290955 -6.312519057308818 0
    endloop
  endfacet
  facet normal 0.12517747553816136 -0.9908817495810106 -0.04983932147580166
    outer loop
      vertex 0.38773145809351245 -6.1628150480445765 -3
      vertex 1.1570796175668507 -6.065623773249652 -3
      vertex 0.39715003602290955 -6.312519057308818 0
    endloop
  endfacet
  facet normal 0.24838082750968726 -0.967379453244917 -0.0498393214758013
    outer loop
      vertex 1.1570796175668507 -6.065623773249652 -3
      vertex 1.9081799402653001 -5.872773988122573 -3
      vertex 1.1851868147547096 -6.212966860858955 0
    endloop
  endfacet
  facet normal 0.3676670654558691 -0.9286210050466776 -0.049839321475801474
    outer loop
      vertex 1.9081799402653001 -5.872773988122573 -3
      vertex 2.6291871254143224 -5.587307048977671 -3
      vertex 1.9545324894215423 -6.015432465566846 0
    endloop
  endfacet
  facet normal 0.4811549741461548 -0.8752176488675516 -0.04983932147580144
    outer loop
      vertex 2.6291871254143224 -5.587307048977671 -3
      vertex 3.3087304589953015 -5.213724939974944 -3
      vertex 2.6930540191490833 -5.723031106847574 0
    endloop
  endfacet
  facet normal 0.12517747553816266 -0.9908817495810106 -0.049839321475801314
    outer loop
      vertex 1.1570796175668507 -6.065623773249652 -3
      vertex 1.1851868147547096 -6.212966860858955 0
      vertex 0.39715003602290955 -6.312519057308818 0
    endloop
  endfacet
  facet normal 0.24838082750968907 -0.9673794532449167 -0.0498393214758009
    outer loop
      vertex 1.9081799402653001 -5.872773988122573 -3
      vertex 1.2886173299291879 -6.186410418231797 0
      vertex 1.1851868147547096 -6.212966860858955 0
    endloop
  endfacet
  facet normal 0.2483808275096863 -0.9673794532449173 -0.04983932147580148
    outer loop
      vertex 1.9081799402653001 -5.872773988122573 -3
      vertex 1.9545324894215423 -6.015432465566846 0
      vertex 1.2886173299291879 -6.186410418231797 0
    endloop
  endfacet
  facet normal 0.3676670654558692 -0.9286210050466774 -0.049839321475801446
    outer loop
      vertex 2.6291871254143224 -5.587307048977671 -3
      vertex 2.6930540191490833 -5.723031106847574 0
      vertex 1.9545324894215423 -6.015432465566846 0
    endloop
  endfacet
  facet normal 0.48115497414615466 -0.8752176488675516 -0.04983932147580148
    outer loop
      vertex 3.3087304589953015 -5.213724939974944 -3
      vertex 3.3891044782421513 -5.340374128800247 0
      vertex 2.6930540191490833 -5.723031106847574 0
    endloop
  endfacet
  facet normal 0 0 -1
    outer loop
      vertex -0.38773145809351245 -6.1628150480445765 -3
      vertex 0.38773145809350945 6.1628150480445765 -3
      vertex 0.38773145809351245 -6.1628150480445765 -3
    endloop
  endfacet
  facet normal 0 0 -1
    outer loop
      vertex 0.38773145809351245 -6.1628150480445765 -3
      vertex 1.1570796175668492 6.065623773249652 -3
      vertex 1.1570796175668507 -6.065623773249652 -3
    endloop
  endfacet
  facet normal 0 0 -1
    outer loop
      vertex 1.1570796175668507 -6.065623773249652 -3
      vertex 1.9081799402653001 5.872773988122573 -3
      vertex 1.9081799402653001 -5.872773988122573 -3
    endloop
  endfacet
  facet normal 0 0 -1
    outer loop
      vertex 1.9081799402653001 -5.872773988122573 -3
      vertex 2.6291871254143238 5.58730704897767 -3
      vertex 2.6291871254143224 -5.587307048977671 -3
    endloop
  endfacet
  facet normal 0 0 -1
    outer loop
      vertex 2.6291871254143224 -5.587307048977671 -3
      vertex 3.308730458995304 5.213724939974943 -3
      vertex 3.3087304589953015 -5.213724939974944 -3
    endloop
  endfacet
  facet normal 0.5870547814661052 -0.8080115875361041 -0.049839321475801494
    outer loop
      vertex 3.3087304589953015 -5.213724939974944 -3
      vertex 3.9360931366981604 -4.757919274140497 -3
      vertex 3.3891044782421513 -5.340374128800247 0
    endloop
  endfacet
  facet normal 0.6836963841928081 -0.7280627007864856 -0.04983932147580148
    outer loop
      vertex 3.9360931366981604 -4.757919274140497 -3
      vertex 4.501381274327217 -4.227078379109652 -3
      vertex 4.031706735160464 -4.873496260556866 0
    endloop
  endfacet
  facet normal 0.7695556865203677 -0.6366318303218882 -0.049839321475801446
    outer loop
      vertex 4.501381274327217 -4.227078379109652 -3
      vertex 4.9956799402653 -3.6295739329060215 -3
      vertex 5.117032489421542 -3.717741720749893 0
    endloop
  endfacet
  facet normal 0.5870547814661051 -0.808011587536104 -0.04983932147580149
    outer loop
      vertex 3.9360931366981604 -4.757919274140497 -3
      vertex 4.031706735160464 -4.873496260556866 0
      vertex 3.3891044782421513 -5.340374128800247 0
    endloop
  endfacet
  facet normal 0.6836963841928086 -0.7280627007864853 -0.04983932147580132
    outer loop
      vertex 4.501381274327217 -4.227078379109652 -3
      vertex 4.610726568440429 -4.329760444998955 0
      vertex 4.031706735160464 -4.873496260556866 0
    endloop
  endfacet
  facet normal 0.7695556865203672 -0.6366318303218885 -0.0498393214758013
    outer loop
      vertex 4.501381274327217 -4.227078379109652 -3
      vertex 5.117032489421542 -3.717741720749893 0
      vertex 4.610726568440429 -4.329760444998955 0
    endloop
  endfacet
  facet normal 0.8432786359612158 -0.5351608955876943 -0.04983932147580144
    outer loop
      vertex 4.9956799402653 -3.6295739329060215 -3
      vertex 5.542639751277437 -3.04709198869335 0
      vertex 5.117032489421542 -3.717741720749893 0
    endloop
  endfacet
  facet normal 0 0 -1
    outer loop
      vertex 3.3087304589953015 -5.213724939974944 -3
      vertex 3.936093136698159 4.757919274140498 -3
      vertex 3.9360931366981604 -4.757919274140497 -3
    endloop
  endfacet
  facet normal 0 0 -1
    outer loop
      vertex 3.9360931366981604 -4.757919274140497 -3
      vertex 4.501381274327216 4.227078379109653 -3
      vertex 4.501381274327217 -4.227078379109652 -3
    endloop
  endfacet
  facet normal 0.843278635961216 -0.535160895587694 -0.049839321475801536
    outer loop
      vertex 4.9956799402653 -3.6295739329060215 -3
      vertex 5.411193749270857 -2.9748289375780925 -3
      vertex 5.542639751277437 -3.04709198869335 0
    endloop
  endfacet
  facet normal 0.9037025775627164 -0.42525015384045944 -0.049839321475801404
    outer loop
      vertex 5.411193749270857 -2.9748289375780925 -3
      vertex 5.741369800359951 -2.273169112827889 -3
      vertex 5.880836273243189 -2.3283877957305905 0
    endloop
  endfacet
  facet normal 0.9498745896703011 -0.30863296313503036 -0.04983932147580138
    outer loop
      vertex 5.741369800359951 -2.273169112827889 -3
      vertex 5.981001019969297 -1.535660053242976 -3
      vertex 6.126288494138592 -1.5729635363177044 0
    endloop
  endfacet
  facet normal 0 0 -1
    outer loop
      vertex 4.501381274327217 -4.227078379109652 -3
      vertex 4.9956799402653 3.6295739329060215 -3
      vertex 4.9956799402653 -3.6295739329060215 -3
    endloop
  endfacet
  facet normal 0 0 -1
    outer loop
      vertex 4.9956799402653 -3.6295739329060215 -3
      vertex 5.411193749270858 2.974828937578092 -3
      vertex 5.411193749270857 -2.9748289375780925 -3
    endloop
  endfacet
  facet normal 0 0 -1
    outer loop
      vertex 5.411193749270857 -2.9748289375780925 -3
      vertex 5.741369800359952 2.2731691128278864 -3
      vertex 5.741369800359951 -2.273169112827889 -3
    endloop
  endfacet
  facet normal 0 0 -1
    outer loop
      vertex 5.741369800359951 -2.273169112827889 -3
      vertex 5.9810010199692965 1.5356600532429783 -3
      vertex 5.981001019969297 -1.535660053242976 -3
    endloop
  endfacet
  facet normal 0 0 -1
    outer loop
      vertex 5.981001019969297 -1.535660053242976 -3
      vertex 6.126308280616901 0.7739327172595788 -3
      vertex 6.126308280616901 -0.7739327172595776 -3
    endloop
  endfacet
  facet normal 0.9810665120712088 -0.18714844623256846 -0.04983932147580127
    outer loop
      vertex 5.981001019969297 -1.535660053242976 -3
      vertex 6.126308280616901 -0.7739327172595776 -3
      vertex 6.275125485814073 -0.7927327022942232 0
    endloop
  endfacet
  facet normal 0.9967864295160271 -0.06271248653595363 -0.049839321475801474
    outer loop
      vertex 6.126308280616901 -0.7739327172595776 -3
      vertex 6.175 0 -3
      vertex 6.325 0 0
    endloop
  endfacet
  facet normal 0.9037025775627164 -0.4252501538404589 -0.04983932147580155
    outer loop
      vertex 5.411193749270857 -2.9748289375780925 -3
      vertex 5.880836273243189 -2.3283877957305905 0
      vertex 5.542639751277437 -3.04709198869335 0
    endloop
  endfacet
  facet normal 0.9498745896703011 -0.30863296313503014 -0.049839321475801425
    outer loop
      vertex 5.741369800359951 -2.273169112827889 -3
      vertex 6.126288494138592 -1.5729635363177044 0
      vertex 5.880836273243189 -2.3283877957305905 0
    endloop
  endfacet
  facet normal 0.9810665120712088 -0.18714844623256816 -0.04983932147580135
    outer loop
      vertex 5.981001019969297 -1.535660053242976 -3
      vertex 6.275125485814073 -0.7927327022942232 0
      vertex 6.126288494138592 -1.5729635363177044 0
    endloop
  endfacet
  facet normal 0.9967864295160269 -0.06271248653595435 -0.04983932147580126
    outer loop
      vertex 6.126308280616901 -0.7739327172595776 -3
      vertex 6.325 0 0
      vertex 6.275125485814073 -0.7927327022942232 0
    endloop
  endfacet
  facet normal 0 0 1
    outer loop
      vertex 1.9545324894215423 -6.015432465566846 0
      vertex 1.3787999972701073 -6.122875101864338 0
      vertex 1.2886173299291879 -6.186410418231797 0
    endloop
  endfacet
  facet normal 0 0 1
    outer loop
      vertex 1.9545324894215423 -6.015432465566846 0
      vertex 1.4970342889428139 -6.021333061158657 0
      vertex 1.3787999972701073 -6.122875101864338 0
    endloop
  endfacet
  facet normal 0 0 1
    outer loop
      vertex 1.9545324894215423 -6.015432465566846 0
      vertex 1.6056342869997025 -5.908334694802761 0
      vertex 1.4970342889428139 -6.021333061158657 0
    endloop
  endfacet
  facet normal 0 0 1
    outer loop
      vertex 1.9545324894215423 -6.015432465566846 0
      vertex 1.7045999988913536 -5.78388000279665 0
      vertex 1.6056342869997025 -5.908334694802761 0
    endloop
  endfacet
  facet normal 0 0 1
    outer loop
      vertex 1.9545324894215423 -6.015432465566846 0
      vertex 1.7928857132792473 -5.6514220386743546 0
      vertex 1.7045999988913536 -5.78388000279665 0
    endloop
  endfacet
  facet normal 0 0 1
    outer loop
      vertex 1.9545324894215423 -6.015432465566846 0
      vertex 1.8693771436810493 -5.514482446014881 0
      vertex 1.7928857132792473 -5.6514220386743546 0
    endloop
  endfacet
  facet normal 0 0 1
    outer loop
      vertex 1.9545324894215423 -6.015432465566846 0
      vertex 1.9340742826461792 -5.37306122481823 0
      vertex 1.8693771436810493 -5.514482446014881 0
    endloop
  endfacet
  facet normal 0 0 1
    outer loop
      vertex 1.9545324894215423 -6.015432465566846 0
      vertex 2.6930540191490833 -5.723031106847574 0
      vertex 1.9340742826461792 -5.37306122481823 0
    endloop
  endfacet
  facet normal 0 0 1
    outer loop
      vertex 2.6930540191490833 -5.723031106847574 0
      vertex 1.986977145075798 -5.22715836763382 0
      vertex 1.9340742826461792 -5.37306122481823 0
    endloop
  endfacet
  facet normal 0 0 1
    outer loop
      vertex 2.6930540191490833 -5.723031106847574 0
      vertex 2.0280857160687447 -5.076773874461651 0
      vertex 1.986977145075798 -5.22715836763382 0
    endloop
  endfacet
  facet normal 0 0 1
    outer loop
      vertex 2.6930540191490833 -5.723031106847574 0
      vertex 2.0574000030755997 -4.921907752752304 0
      vertex 2.0280857160687447 -5.076773874461651 0
    endloop
  endfacet
  facet normal 0 0 1
    outer loop
      vertex 2.6930540191490833 -5.723031106847574 0
      vertex 2.0749199986457825 -4.762560002505779 0
      vertex 2.0574000030755997 -4.921907752752304 0
    endloop
  endfacet
  facet normal 0 0 1
    outer loop
      vertex 2.6930540191490833 -5.723031106847574 0
      vertex 2.085712656378746 -4.572159186005592 0
      vertex 2.0749199986457825 -4.762560002505779 0
    endloop
  endfacet
  facet normal 0 0 1
    outer loop
      vertex 2.6930540191490833 -5.723031106847574 0
      vertex 2.094844900071621 -4.32413388043642 0
      vertex 2.085712656378746 -4.572159186005592 0
    endloop
  endfacet
  facet normal 0 0 1
    outer loop
      vertex 2.6930540191490833 -5.723031106847574 0
      vertex 2.102316737174988 -4.018484078347683 0
      vertex 2.094844900071621 -4.32413388043642 0
    endloop
  endfacet
  facet normal 0 0 1
    outer loop
      vertex 2.6930540191490833 -5.723031106847574 0
      vertex 2.108128160238266 -3.655209794640541 0
      vertex 2.102316737174988 -4.018484078347683 0
    endloop
  endfacet
  facet normal 0 0 1
    outer loop
      vertex 2.6930540191490833 -5.723031106847574 0
      vertex 2.1122791841626167 -3.234311021864414 0
      vertex 2.108128160238266 -3.655209794640541 0
    endloop
  endfacet
  facet normal 0 0 1
    outer loop
      vertex 2.6930540191490833 -5.723031106847574 0
      vertex 2.114769794046879 -2.7557877525687218 0
      vertex 2.1122791841626167 -3.234311021864414 0
    endloop
  endfacet
  facet normal 0 0 1
    outer loop
      vertex 2.6930540191490833 -5.723031106847574 0
      vertex 2.115599997341633 -2.219640001654625 0
      vertex 2.114769794046879 -2.7557877525687218 0
    endloop
  endfacet
  facet normal 0 0 1
    outer loop
      vertex 2.6930540191490833 -5.723031106847574 0
      vertex 3.3891044782421513 -5.340374128800247 0
      vertex 2.693054019149085 5.723031106847573 0
    endloop
  endfacet
  facet normal 0 0 1
    outer loop
      vertex 2.6930540191490833 -5.723031106847574 0
      vertex 2.693054019149085 5.723031106847573 0
      vertex 2.115599997341633 -2.219640001654625 0
    endloop
  endfacet
  facet normal 0 0 1
    outer loop
      vertex 3.3891044782421513 -5.340374128800247 0
      vertex 4.031706735160464 -4.873496260556866 0
      vertex 3.389104478242154 5.340374128800246 0
    endloop
  endfacet
  facet normal 0 0 1
    outer loop
      vertex 4.031706735160464 -4.873496260556866 0
      vertex 4.610726568440429 -4.329760444998955 0
      vertex 4.031706735160463 4.873496260556866 0
    endloop
  endfacet
  facet normal 0 0 1
    outer loop
      vertex 4.610726568440429 -4.329760444998955 0
      vertex 5.117032489421542 -3.717741720749893 0
      vertex 4.610726568440429 4.329760444998956 0
    endloop
  endfacet
  facet normal 0 0 1
    outer loop
      vertex 5.117032489421542 -3.717741720749893 0
      vertex 5.542639751277437 -3.04709198869335 0
      vertex 5.117032489421542 3.717741720749893 0
    endloop
  endfacet
  facet normal 0 0 1
    outer loop
      vertex 5.542639751277437 -3.04709198869335 0
      vertex 5.880836273243189 -2.3283877957305905 0
      vertex 5.542639751277437 3.0470919886933494 0
    endloop
  endfacet
  facet normal 0 0 1
    outer loop
      vertex 5.880836273243189 -2.3283877957305905 0
      vertex 6.126288494138592 -1.5729635363177044 0
      vertex 5.88083627324319 2.3283877957305883 0
    endloop
  endfacet
  facet normal 0 0 1
    outer loop
      vertex 6.126288494138592 -1.5729635363177044 0
      vertex 6.275125485814073 -0.7927327022942232 0
      vertex 6.126288494138592 1.5729635363177066 0
    endloop
  endfacet
  facet normal 0 0 -1
    outer loop
      vertex 0.38773145809351245 -6.1628150480445765 -3
      vertex 0.38773145809350945 6.1628150480445765 -3
      vertex 1.1570796175668492 6.065623773249652 -3
    endloop
  endfacet
  facet normal 0 0 -1
    outer loop
      vertex 1.1570796175668507 -6.065623773249652 -3
      vertex 1.1570796175668492 6.065623773249652 -3
      vertex 1.9081799402653001 5.872773988122573 -3
    endloop
  endfacet
  facet normal 0 0 -1
    outer loop
      vertex 1.9081799402653001 -5.872773988122573 -3
      vertex 1.9081799402653001 5.872773988122573 -3
      vertex 2.6291871254143238 5.58730704897767 -3
    endloop
  endfacet
  facet normal 0 0 -1
    outer loop
      vertex 2.6291871254143224 -5.587307048977671 -3
      vertex 2.6291871254143238 5.58730704897767 -3
      vertex 3.308730458995304 5.213724939974943 -3
    endloop
  endfacet
  facet normal 0.12517747553816108 0.9908817495810107 -0.049839321475801654
    outer loop
      vertex 0.38773145809350945 6.1628150480445765 -3
      vertex 0.3971500360229065 6.312519057308818 0
      vertex 1.1570796175668492 6.065623773249652 -3
    endloop
  endfacet
  facet normal 0.2483808275096868 0.967379453244917 -0.04983932147580159
    outer loop
      vertex 1.1570796175668492 6.065623773249652 -3
      vertex 1.185186814754708 6.212966860858956 0
      vertex 1.9081799402653001 5.872773988122573 -3
    endloop
  endfacet
  facet normal 0.3676670654558694 0.9286210050466773 -0.04983932147580147
    outer loop
      vertex 1.9081799402653001 5.872773988122573 -3
      vertex 1.9545324894215423 6.015432465566846 0
      vertex 2.6291871254143238 5.58730704897767 -3
    endloop
  endfacet
  facet normal 0.48115497414615405 0.8752176488675519 -0.04983932147580151
    outer loop
      vertex 2.6291871254143238 5.58730704897767 -3
      vertex 2.693054019149085 5.723031106847573 0
      vertex 3.308730458995304 5.213724939974943 -3
    endloop
  endfacet
  facet normal 0 0.998757248802146 -0.04983932147580165
    outer loop
      vertex 0.38773145809350945 6.1628150480445765 -3
      vertex -0.3971500360229065 6.312519057308818 0
      vertex 0.3971500360229065 6.312519057308818 0
    endloop
  endfacet
  facet normal 0.12517747553816133 0.9908817495810106 -0.04983932147580159
    outer loop
      vertex 1.1570796175668492 6.065623773249652 -3
      vertex 0.3971500360229065 6.312519057308818 0
      vertex 1.185186814754708 6.212966860858956 0
    endloop
  endfacet
  facet normal 0.24838082750968718 0.967379453244917 -0.04983932147580147
    outer loop
      vertex 1.9081799402653001 5.872773988122573 -3
      vertex 1.185186814754708 6.212966860858956 0
      vertex 1.9545324894215423 6.015432465566846 0
    endloop
  endfacet
  facet normal 0.3676670654558701 0.9286210050466771 -0.04983932147580127
    outer loop
      vertex 2.6291871254143238 5.58730704897767 -3
      vertex 1.9545324894215423 6.015432465566846 0
      vertex 2.115599997341633 5.951661327874033 0
    endloop
  endfacet
  facet normal 0.36766706545586914 0.9286210050466774 -0.04983932147580151
    outer loop
      vertex 2.6291871254143238 5.58730704897767 -3
      vertex 2.115599997341633 5.951661327874033 0
      vertex 2.693054019149085 5.723031106847573 0
    endloop
  endfacet
  facet normal 0.4811549741461542 0.8752176488675519 -0.04983932147580148
    outer loop
      vertex 3.308730458995304 5.213724939974943 -3
      vertex 2.693054019149085 5.723031106847573 0
      vertex 3.389104478242154 5.340374128800246 0
    endloop
  endfacet
  facet normal 0 0 -1
    outer loop
      vertex 3.3087304589953015 -5.213724939974944 -3
      vertex 3.308730458995304 5.213724939974943 -3
      vertex 3.936093136698159 4.757919274140498 -3
    endloop
  endfacet
  facet normal 0 0 -1
    outer loop
      vertex 3.9360931366981604 -4.757919274140497 -3
      vertex 3.936093136698159 4.757919274140498 -3
      vertex 4.501381274327216 4.227078379109653 -3
    endloop
  endfacet
  facet normal 0 0 -1
    outer loop
      vertex 4.501381274327217 -4.227078379109652 -3
      vertex 4.501381274327216 4.227078379109653 -3
      vertex 4.9956799402653 3.6295739329060215 -3
    endloop
  endfacet
  facet normal 0 0 -1
    outer loop
      vertex 5.411193749270857 -2.9748289375780925 -3
      vertex 5.411193749270858 2.974828937578092 -3
      vertex 5.741369800359952 2.2731691128278864 -3
    endloop
  endfacet
  facet normal 0 0 -1
    outer loop
      vertex 4.9956799402653 -3.6295739329060215 -3
      vertex 4.9956799402653 3.6295739329060215 -3
      vertex 5.411193749270858 2.974828937578092 -3
    endloop
  endfacet
  facet normal 0 0 -1
    outer loop
      vertex 5.741369800359951 -2.273169112827889 -3
      vertex 5.741369800359952 2.2731691128278864 -3
      vertex 5.9810010199692965 1.5356600532429783 -3
    endloop
  endfacet
  facet normal 0 0 -1
    outer loop
      vertex 5.981001019969297 -1.535660053242976 -3
      vertex 5.9810010199692965 1.5356600532429783 -3
      vertex 6.126308280616901 0.7739327172595788 -3
    endloop
  endfacet
  facet normal 0 0 -1
    outer loop
      vertex 6.126308280616901 -0.7739327172595776 -3
      vertex 6.126308280616901 0.7739327172595788 -3
      vertex 6.175 0 -3
    endloop
  endfacet
  facet normal 0.9967864295160271 0.06271248653595353 -0.049839321475801474
    outer loop
      vertex 6.175 0 -3
      vertex 6.126308280616901 0.7739327172595788 -3
      vertex 6.325 0 0
    endloop
  endfacet
  facet normal 0.9810665120712085 0.18714844623256932 -0.049839321475801265
    outer loop
      vertex 6.126308280616901 0.7739327172595788 -3
      vertex 5.9810010199692965 1.5356600532429783 -3
      vertex 6.275125485814073 0.7927327022942244 0
    endloop
  endfacet
  facet normal 0.8432786359612156 0.5351608955876945 -0.04983932147580128
    outer loop
      vertex 5.411193749270858 2.974828937578092 -3
      vertex 4.9956799402653 3.6295739329060215 -3
      vertex 5.542639751277437 3.0470919886933494 0
    endloop
  endfacet
  facet normal 0.9498745896703011 0.30863296313503 -0.04983932147580164
    outer loop
      vertex 5.9810010199692965 1.5356600532429783 -3
      vertex 5.741369800359952 2.2731691128278864 -3
      vertex 6.126288494138592 1.5729635363177066 0
    endloop
  endfacet
  facet normal 0.9037025775627169 0.42525015384045833 -0.049839321475801474
    outer loop
      vertex 5.411193749270858 2.974828937578092 -3
      vertex 5.88083627324319 2.3283877957305883 0
      vertex 5.741369800359952 2.2731691128278864 -3
    endloop
  endfacet
  facet normal 0.9967864295160269 0.06271248653595426 -0.049839321475801265
    outer loop
      vertex 6.126308280616901 0.7739327172595788 -3
      vertex 6.275125485814073 0.7927327022942244 0
      vertex 6.325 0 0
    endloop
  endfacet
  facet normal 0.9810665120712089 0.18714844623256796 -0.04983932147580165
    outer loop
      vertex 5.9810010199692965 1.5356600532429783 -3
      vertex 6.126288494138592 1.5729635363177066 0
      vertex 6.275125485814073 0.7927327022942244 0
    endloop
  endfacet
  facet normal 0.9498745896703009 0.3086329631350307 -0.04983932147580146
    outer loop
      vertex 5.741369800359952 2.2731691128278864 -3
      vertex 5.88083627324319 2.3283877957305883 0
      vertex 6.126288494138592 1.5729635363177066 0
    endloop
  endfacet
  facet normal 0.9037025775627165 0.42525015384045894 -0.04983932147580128
    outer loop
      vertex 5.411193749270858 2.974828937578092 -3
      vertex 5.542639751277437 3.0470919886933494 0
      vertex 5.88083627324319 2.3283877957305883 0
    endloop
  endfacet
  facet normal 0.6836963841928079 0.7280627007864859 -0.049839321475801356
    outer loop
      vertex 4.501381274327216 4.227078379109653 -3
      vertex 3.936093136698159 4.757919274140498 -3
      vertex 4.031706735160463 4.873496260556866 0
    endloop
  endfacet
  facet normal 0.5870547814661062 0.8080115875361035 -0.04983932147580149
    outer loop
      vertex 3.308730458995304 5.213724939974943 -3
      vertex 3.389104478242154 5.340374128800246 0
      vertex 3.936093136698159 4.757919274140498 -3
    endloop
  endfacet
  facet normal 0.7695556865203674 0.6366318303218883 -0.04983932147580143
    outer loop
      vertex 4.501381274327216 4.227078379109653 -3
      vertex 5.117032489421542 3.717741720749893 0
      vertex 4.9956799402653 3.6295739329060215 -3
    endloop
  endfacet
  facet normal 0.7695556865203678 0.6366318303218881 -0.04983932147580153
    outer loop
      vertex 4.501381274327216 4.227078379109653 -3
      vertex 4.610726568440429 4.329760444998956 0
      vertex 5.117032489421542 3.717741720749893 0
    endloop
  endfacet
  facet normal 0.6836963841928074 0.7280627007864863 -0.04983932147580151
    outer loop
      vertex 4.501381274327216 4.227078379109653 -3
      vertex 4.031706735160463 4.873496260556866 0
      vertex 4.610726568440429 4.329760444998956 0
    endloop
  endfacet
  facet normal 0.5870547814661066 0.808011587536103 -0.04983932147580134
    outer loop
      vertex 3.936093136698159 4.757919274140498 -3
      vertex 3.389104478242154 5.340374128800246 0
      vertex 4.031706735160463 4.873496260556866 0
    endloop
  endfacet
  facet normal 0.8432786359612159 0.5351608955876941 -0.04983932147580143
    outer loop
      vertex 4.9956799402653 3.6295739329060215 -3
      vertex 5.117032489421542 3.717741720749893 0
      vertex 5.542639751277437 3.0470919886933494 0
    endloop
  endfacet
  facet normal 0 0 1
    outer loop
      vertex 2.693054019149085 5.723031106847573 0
      vertex 2.115599997341633 5.951661327874033 0
      vertex 2.115599997341633 -2.219640001654625 0
    endloop
  endfacet
  facet normal 0 0 1
    outer loop
      vertex 3.3891044782421513 -5.340374128800247 0
      vertex 3.389104478242154 5.340374128800246 0
      vertex 2.693054019149085 5.723031106847573 0
    endloop
  endfacet
  facet normal 0 0 1
    outer loop
      vertex 4.610726568440429 -4.329760444998955 0
      vertex 4.610726568440429 4.329760444998956 0
      vertex 4.031706735160463 4.873496260556866 0
    endloop
  endfacet
  facet normal 0 0 1
    outer loop
      vertex 4.031706735160464 -4.873496260556866 0
      vertex 4.031706735160463 4.873496260556866 0
      vertex 3.389104478242154 5.340374128800246 0
    endloop
  endfacet
  facet normal 0 0 1
    outer loop
      vertex 5.117032489421542 -3.717741720749893 0
      vertex 5.117032489421542 3.717741720749893 0
      vertex 4.610726568440429 4.329760444998956 0
    endloop
  endfacet
  facet normal 0 0 1
    outer loop
      vertex 5.542639751277437 -3.04709198869335 0
      vertex 5.542639751277437 3.0470919886933494 0
      vertex 5.117032489421542 3.717741720749893 0
    endloop
  endfacet
  facet normal 0 0 1
    outer loop
      vertex 6.275125485814073 -0.7927327022942232 0
      vertex 6.325 0 0
      vertex 6.275125485814073 0.7927327022942244 0
    endloop
  endfacet
  facet normal 0 0 1
    outer loop
      vertex 6.126288494138592 -1.5729635363177044 0
      vertex 6.126288494138592 1.5729635363177066 0
      vertex 5.88083627324319 2.3283877957305883 0
    endloop
  endfacet
  facet normal 0 0 1
    outer loop
      vertex 6.275125485814073 -0.7927327022942232 0
      vertex 6.275125485814073 0.7927327022942244 0
      vertex 6.126288494138592 1.5729635363177066 0
    endloop
  endfacet
  facet normal 0 0 1
    outer loop
      vertex 5.880836273243189 -2.3283877957305905 0
      vertex 5.88083627324319 2.3283877957305883 0
      vertex 5.542639751277437 3.0470919886933494 0
    endloop
  endfacet
  facet normal 0 0 -1
    outer loop
      vertex -2.612279996275902 -6.589440003037453 0
      vertex -2.612279996275902 -5.755011804886334 0
      vertex -1.9545324894215423 -6.015432465566846 0
    endloop
  endfacet
  facet normal 0 0 -1
    outer loop
      vertex -2.612279996275902 -6.589440003037453 0
      vertex -1.9545324894215423 -6.015432465566846 0
      vertex -1.1851868147547096 -6.212966860858955 0
    endloop
  endfacet
  facet normal -1 0 0
    outer loop
      vertex -2.612279996275902 -6.589440003037453 0
      vertex -2.612279996275902 -4.28651999682188 2
      vertex -2.612279996275902 -5.755011804886334 0
    endloop
  endfacet
  facet normal 0 -1 0
    outer loop
      vertex -2.612279996275902 -6.589440003037453 0
      vertex -0.8953199982643127 -6.589440003037453 0
      vertex -2.612279996275902 -6.589440003037453 2
    endloop
  endfacet
  facet normal -1 0 0
    outer loop
      vertex -2.612279996275902 -4.28651999682188 2
      vertex -2.612279996275902 -4.28651999682188 0
      vertex -2.612279996275902 -5.755011804886334 0
    endloop
  endfacet
  facet normal 0.07593514460730913 0.9971127588259349 0
    outer loop
      vertex -2.527415506541729 -4.29298285394907 2
      vertex -2.527415506541729 -4.29298285394907 0
      vertex -2.612279996275902 -4.28651999682188 0
    endloop
  endfacet
  facet normal 0.07004113836280344 0.9975441037552387 0
    outer loop
      vertex -2.4495306089520454 -4.2984514310956 2
      vertex -2.4495306089520454 -4.2984514310956 0
      vertex -2.527415506541729 -4.29298285394907 0
    endloop
  endfacet
  facet normal 0.06297696203772395 0.9980149809759867 0
    outer loop
      vertex -2.378625303506851 -4.30292571336031 2
      vertex -2.378625303506851 -4.30292571336031 0
      vertex -2.4495306089520454 -4.2984514310956 0
    endloop
  endfacet
  facet normal 0.0543577382084006 0.9985215252045732 0
    outer loop
      vertex -2.3146995902061462 -4.30640571564436 2
      vertex -2.3146995902061462 -4.30640571564436 0
      vertex -2.378625303506851 -4.30292571336031 0
    endloop
  endfacet
  facet normal 0.043608767464073495 0.9990486852002081 0
    outer loop
      vertex -2.2577534690499306 -4.3088914304971695 2
      vertex -2.2577534690499306 -4.3088914304971695 0
      vertex -2.3146995902061462 -4.30640571564436 0
    endloop
  endfacet
  facet normal 0.02983524195956722 0.9995548300804784 0
    outer loop
      vertex -2.207786940038204 -4.310382857918739 2
      vertex -2.207786940038204 -4.310382857918739 0
      vertex -2.2577534690499306 -4.3088914304971695 0
    endloop
  endfacet
  facet normal 0.01156413516230644 0.9999331331533863 0
    outer loop
      vertex -2.164800003170967 -4.310879997909069 2
      vertex -2.164800003170967 -4.310879997909069 0
      vertex -2.207786940038204 -4.310382857918739 0
    endloop
  endfacet
  facet normal -0.0359572956870388 0.9993533273506797 0
    outer loop
      vertex -2.063316732645035 -4.307228572666645 2
      vertex -2.063316732645035 -4.307228572666645 0
      vertex -2.164800003170967 -4.310879997909069 0
    endloop
  endfacet
  facet normal -0.11434761371158923 0.9934408000673544 0
    outer loop
      vertex -1.9681469351053238 -4.296274282038212 2
      vertex -1.9681469351053238 -4.296274282038212 0
      vertex -2.063316732645035 -4.307228572666645 0
    endloop
  endfacet
  facet normal -0.2012636389372694 0.9795371088640432 0
    outer loop
      vertex -1.879290610551834 -4.278017140924931 2
      vertex -1.879290610551834 -4.278017140924931 0
      vertex -1.9681469351053238 -4.296274282038212 0
    endloop
  endfacet
  facet normal -0.29580009600746476 0.9552498642773913 0
    outer loop
      vertex -1.7967477515339851 -4.252457141876221 2
      vertex -1.7967477515339851 -4.252457141876221 0
      vertex -1.879290610551834 -4.278017140924931 0
    endloop
  endfacet
  facet normal -0.39588383007398537 0.9183006006128668 0
    outer loop
      vertex -1.7205183655023575 -4.219594284892082 2
      vertex -1.7205183655023575 -4.219594284892082 0
      vertex -1.7967477515339851 -4.252457141876221 0
    endloop
  endfacet
  facet normal -0.4981361559215433 0.8670988237586923 0
    outer loop
      vertex -1.6506024524569511 -4.179428569972515 2
      vertex -1.6506024524569511 -4.179428569972515 0
      vertex -1.7205183655023575 -4.219594284892082 0
    endloop
  endfacet
  facet normal -0.5981172236471045 0.8014086265923767 0
    outer loop
      vertex -1.586999997496605 -4.131959997117519 2
      vertex -1.586999997496605 -4.131959997117519 0
      vertex -1.6506024524569511 -4.179428569972515 0
    endloop
  endfacet
  facet normal 0 0 -1
    outer loop
      vertex -2.612279996275902 -6.589440003037453 0
      vertex -1.1851868147547096 -6.212966860858955 0
      vertex -0.8953199982643127 -6.589440003037453 0
    endloop
  endfacet
  facet normal 0 0 -1
    outer loop
      vertex -0.8953199982643127 -6.589440003037453 0
      vertex -1.1851868147547096 -6.212966860858955 0
      vertex -0.5815199986100197 -6.585869386792183 0
    endloop
  endfacet
  facet normal 0 0 -1
    outer loop
      vertex -0.5815199986100197 -6.585869386792183 0
      vertex -1.1851868147547096 -6.212966860858955 0
      vertex -0.2911371439695358 -6.575157552957535 0
    endloop
  endfacet
  facet normal 0 0 -1
    outer loop
      vertex -0.2911371439695358 -6.575157552957535 0
      vertex -1.1851868147547096 -6.212966860858955 0
      vertex -0.39715003602290955 -6.312519057308818 0
    endloop
  endfacet
  facet normal 0 0 -1
    outer loop
      vertex -0.2911371439695358 -6.575157552957535 0
      vertex -0.39715003602290955 -6.312519057308818 0
      vertex -0.02417142689228058 -6.557304486632347 0
    endloop
  endfacet
  facet normal 0 0 -1
    outer loop
      vertex -0.02417142689228058 -6.557304486632347 0
      vertex -0.39715003602290955 -6.312519057308818 0
      vertex 0.21937714517116547 -6.532310202717781 0
    endloop
  endfacet
  facet normal 0.011377900324330812 -0.9999352695970922 0
    outer loop
      vertex -0.8953199982643127 -6.589440003037453 0
      vertex -0.5815199986100197 -6.585869386792183 0
      vertex -0.8953199982643127 -6.589440003037453 2
    endloop
  endfacet
  facet normal 0.03686358511082636 -0.9993203070551387 0
    outer loop
      vertex -0.5815199986100197 -6.585869386792183 0
      vertex -0.2911371439695358 -6.575157552957535 0
      vertex -0.5815199986100197 -6.585869386792183 2
    endloop
  endfacet
  facet normal 0.06672496859570393 -0.9977714059672699 0
    outer loop
      vertex -0.2911371439695358 -6.575157552957535 0
      vertex -0.02417142689228058 -6.557304486632347 0
      vertex -0.2911371439695358 -6.575157552957535 2
    endloop
  endfacet
  facet normal -0.6810007921654009 0.7322826783900439 0
    outer loop
      vertex -1.5302081629633904 -4.0791453048586845 2
      vertex -1.5302081629633904 -4.0791453048586845 0
      vertex -1.586999997496605 -4.131959997117519 0
    endloop
  endfacet
  facet normal -0.7501509990322146 0.6612665715511186 0
    outer loop
      vertex -1.4807240813970566 -4.023009799420834 2
      vertex -1.4807240813970566 -4.023009799420834 0
      vertex -1.5302081629633904 -4.0791453048586845 0
    endloop
  endfacet
  facet normal -0.8156268336241642 0.5785783164552747 0
    outer loop
      vertex -1.4385477527976036 -3.9635534659028053 2
      vertex -1.4385477527976036 -3.9635534659028053 0
      vertex -1.4807240813970566 -4.023009799420834 0
    endloop
  endfacet
  facet normal -0.8742023217058187 0.4855618402677011 0
    outer loop
      vertex -1.403679184615612 -3.9007763266563416 2
      vertex -1.403679184615612 -3.9007763266563416 0
      vertex -1.4385477527976036 -3.9635534659028053 0
    endloop
  endfacet
  facet normal -0.9229777482076079 0.3848533179194556 0
    outer loop
      vertex -1.3761183694005013 -3.834678366780281 2
      vertex -1.3761183694005013 -3.834678366780281 0
      vertex -1.403679184615612 -3.9007763266563416 0
    endloop
  endfacet
  facet normal -0.9599779909303554 0.2800754486371812 0
    outer loop
      vertex -1.3558653071522713 -3.7652595937252045 2
      vertex -1.3558653071522713 -3.7652595937252045 0
      vertex -1.3761183694005013 -3.834678366780281 0
    endloop
  endfacet
  facet normal -0.9845302419794564 0.1752147329075757 0
    outer loop
      vertex -1.342919997870922 -3.692520000040531 2
      vertex -1.342919997870922 -3.692520000040531 0
      vertex -1.3558653071522713 -3.7652595937252045 0
    endloop
  endfacet
  facet normal -0.9947733258623974 0.10210793383799537 0
    outer loop
      vertex -1.3342604115605354 -3.6081551015377045 2
      vertex -1.3342604115605354 -3.6081551015377045 0
      vertex -1.342919997870922 -3.692520000040531 0
    endloop
  endfacet
  facet normal -0.9975411326906509 0.070083440199902 0
    outer loop
      vertex -1.3269330635666847 -3.503860406577587 2
      vertex -1.3269330635666847 -3.503860406577587 0
      vertex -1.3342604115605354 -3.6081551015377045 0
    endloop
  endfacet
  facet normal -0.9988375054538963 0.048204125328003646 0
    outer loop
      vertex -1.3209379613399506 -3.379635915160179 2
      vertex -1.3209379613399506 -3.379635915160179 0
      vertex -1.3269330635666847 -3.503860406577587 0
    endloop
  endfacet
  facet normal -1 0 0
    outer loop
      vertex -2.612279996275902 -6.589440003037453 0
      vertex -2.612279996275902 -6.589440003037453 2
      vertex -2.612279996275902 -4.28651999682188 2
    endloop
  endfacet
  facet normal 0 0 1
    outer loop
      vertex -2.612279996275902 -6.589440003037453 2
      vertex -2.527415506541729 -4.29298285394907 2
      vertex -2.612279996275902 -4.28651999682188 2
    endloop
  endfacet
  facet normal 0 0 1
    outer loop
      vertex -2.612279996275902 -6.589440003037453 2
      vertex -2.4495306089520454 -4.2984514310956 2
      vertex -2.527415506541729 -4.29298285394907 2
    endloop
  endfacet
  facet normal 0 0 1
    outer loop
      vertex -2.612279996275902 -6.589440003037453 2
      vertex -2.378625303506851 -4.30292571336031 2
      vertex -2.4495306089520454 -4.2984514310956 2
    endloop
  endfacet
  facet normal 0 0 1
    outer loop
      vertex -2.612279996275902 -6.589440003037453 2
      vertex -2.3146995902061462 -4.30640571564436 2
      vertex -2.378625303506851 -4.30292571336031 2
    endloop
  endfacet
  facet normal 0 0 1
    outer loop
      vertex -2.612279996275902 -6.589440003037453 2
      vertex -2.2577534690499306 -4.3088914304971695 2
      vertex -2.3146995902061462 -4.30640571564436 2
    endloop
  endfacet
  facet normal 0 0 1
    outer loop
      vertex -2.612279996275902 -6.589440003037453 2
      vertex -0.8953199982643127 -6.589440003037453 2
      vertex -2.207786940038204 -4.310382857918739 2
    endloop
  endfacet
  facet normal 0 0 1
    outer loop
      vertex -2.612279996275902 -6.589440003037453 2
      vertex -2.207786940038204 -4.310382857918739 2
      vertex -2.2577534690499306 -4.3088914304971695 2
    endloop
  endfacet
  facet normal 0 0 1
    outer loop
      vertex -2.207786940038204 -4.310382857918739 2
      vertex -0.8953199982643127 -6.589440003037453 2
      vertex -2.164800003170967 -4.310879997909069 2
    endloop
  endfacet
  facet normal 0 0 1
    outer loop
      vertex -2.164800003170967 -4.310879997909069 2
      vertex -0.8953199982643127 -6.589440003037453 2
      vertex -2.063316732645035 -4.307228572666645 2
    endloop
  endfacet
  facet normal 0 0 1
    outer loop
      vertex -2.063316732645035 -4.307228572666645 2
      vertex -0.8953199982643127 -6.589440003037453 2
      vertex -1.9681469351053238 -4.296274282038212 2
    endloop
  endfacet
  facet normal 0.07593514460730913 0.9971127588259349 0
    outer loop
      vertex -2.612279996275902 -4.28651999682188 2
      vertex -2.527415506541729 -4.29298285394907 2
      vertex -2.612279996275902 -4.28651999682188 0
    endloop
  endfacet
  facet normal 0.07004113836280344 0.9975441037552387 0
    outer loop
      vertex -2.527415506541729 -4.29298285394907 2
      vertex -2.4495306089520454 -4.2984514310956 2
      vertex -2.527415506541729 -4.29298285394907 0
    endloop
  endfacet
  facet normal 0.06297696203772395 0.9980149809759867 0
    outer loop
      vertex -2.4495306089520454 -4.2984514310956 2
      vertex -2.378625303506851 -4.30292571336031 2
      vertex -2.4495306089520454 -4.2984514310956 0
    endloop
  endfacet
  facet normal 0.0543577382084006 0.9985215252045732 0
    outer loop
      vertex -2.378625303506851 -4.30292571336031 2
      vertex -2.3146995902061462 -4.30640571564436 2
      vertex -2.378625303506851 -4.30292571336031 0
    endloop
  endfacet
  facet normal 0.043608767464073495 0.9990486852002081 0
    outer loop
      vertex -2.3146995902061462 -4.30640571564436 2
      vertex -2.2577534690499306 -4.3088914304971695 2
      vertex -2.3146995902061462 -4.30640571564436 0
    endloop
  endfacet
  facet normal 0.02983524195956722 0.9995548300804784 0
    outer loop
      vertex -2.2577534690499306 -4.3088914304971695 2
      vertex -2.207786940038204 -4.310382857918739 2
      vertex -2.2577534690499306 -4.3088914304971695 0
    endloop
  endfacet
  facet normal 0.01156413516230644 0.9999331331533863 0
    outer loop
      vertex -2.207786940038204 -4.310382857918739 2
      vertex -2.164800003170967 -4.310879997909069 2
      vertex -2.207786940038204 -4.310382857918739 0
    endloop
  endfacet
  facet normal -0.0359572956870388 0.9993533273506797 0
    outer loop
      vertex -2.164800003170967 -4.310879997909069 2
      vertex -2.063316732645035 -4.307228572666645 2
      vertex -2.164800003170967 -4.310879997909069 0
    endloop
  endfacet
  facet normal -0.11434761371158923 0.9934408000673544 0
    outer loop
      vertex -2.063316732645035 -4.307228572666645 2
      vertex -1.9681469351053238 -4.296274282038212 2
      vertex -2.063316732645035 -4.307228572666645 0
    endloop
  endfacet
  facet normal -0.2012636389372694 0.9795371088640432 0
    outer loop
      vertex -1.9681469351053238 -4.296274282038212 2
      vertex -1.879290610551834 -4.278017140924931 2
      vertex -1.9681469351053238 -4.296274282038212 0
    endloop
  endfacet
  facet normal -0.29580009600746476 0.9552498642773913 0
    outer loop
      vertex -1.879290610551834 -4.278017140924931 2
      vertex -1.7967477515339851 -4.252457141876221 2
      vertex -1.879290610551834 -4.278017140924931 0
    endloop
  endfacet
  facet normal -0.39588383007398537 0.9183006006128668 0
    outer loop
      vertex -1.7967477515339851 -4.252457141876221 2
      vertex -1.7205183655023575 -4.219594284892082 2
      vertex -1.7967477515339851 -4.252457141876221 0
    endloop
  endfacet
  facet normal -0.4981361559215433 0.8670988237586923 0
    outer loop
      vertex -1.7205183655023575 -4.219594284892082 2
      vertex -1.6506024524569511 -4.179428569972515 2
      vertex -1.7205183655023575 -4.219594284892082 0
    endloop
  endfacet
  facet normal -0.5981172236471045 0.8014086265923767 0
    outer loop
      vertex -1.6506024524569511 -4.179428569972515 2
      vertex -1.586999997496605 -4.131959997117519 2
      vertex -1.6506024524569511 -4.179428569972515 0
    endloop
  endfacet
  facet normal 0 -1 0
    outer loop
      vertex -0.8953199982643127 -6.589440003037453 0
      vertex -0.8953199982643127 -6.589440003037453 2
      vertex -2.612279996275902 -6.589440003037453 2
    endloop
  endfacet
  facet normal 0.011377900324330812 -0.9999352695970922 0
    outer loop
      vertex -0.5815199986100197 -6.585869386792183 0
      vertex -0.5815199986100197 -6.585869386792183 2
      vertex -0.8953199982643127 -6.589440003037453 2
    endloop
  endfacet
  facet normal 0.03686358511082636 -0.9993203070551387 0
    outer loop
      vertex -0.2911371439695358 -6.575157552957535 0
      vertex -0.2911371439695358 -6.575157552957535 2
      vertex -0.5815199986100197 -6.585869386792183 2
    endloop
  endfacet
  facet normal 0.06672496859570393 -0.9977714059672699 0
    outer loop
      vertex -0.2911371439695358 -6.575157552957535 2
      vertex -0.02417142689228058 -6.557304486632347 0
      vertex -0.02417142689228058 -6.557304486632347 2
    endloop
  endfacet
  facet normal 0 0 1
    outer loop
      vertex -1.6506024524569511 -4.179428569972515 2
      vertex -0.8953199982643127 -6.589440003037453 2
      vertex -0.5815199986100197 -6.585869386792183 2
    endloop
  endfacet
  facet normal 0 0 1
    outer loop
      vertex -1.9681469351053238 -4.296274282038212 2
      vertex -0.8953199982643127 -6.589440003037453 2
      vertex -1.879290610551834 -4.278017140924931 2
    endloop
  endfacet
  facet normal 0 0 1
    outer loop
      vertex -1.879290610551834 -4.278017140924931 2
      vertex -0.8953199982643127 -6.589440003037453 2
      vertex -1.7967477515339851 -4.252457141876221 2
    endloop
  endfacet
  facet normal 0 0 1
    outer loop
      vertex -1.7967477515339851 -4.252457141876221 2
      vertex -0.8953199982643127 -6.589440003037453 2
      vertex -1.7205183655023575 -4.219594284892082 2
    endloop
  endfacet
  facet normal 0 0 1
    outer loop
      vertex -1.7205183655023575 -4.219594284892082 2
      vertex -0.8953199982643127 -6.589440003037453 2
      vertex -1.6506024524569511 -4.179428569972515 2
    endloop
  endfacet
  facet normal 0 0 1
    outer loop
      vertex -1.6506024524569511 -4.179428569972515 2
      vertex -0.5815199986100197 -6.585869386792183 2
      vertex -1.586999997496605 -4.131959997117519 2
    endloop
  endfacet
  facet normal 0 0 1
    outer loop
      vertex -1.586999997496605 -4.131959997117519 2
      vertex -0.5815199986100197 -6.585869386792183 2
      vertex -0.2911371439695358 -6.575157552957535 2
    endloop
  endfacet
  facet normal 0 0 1
    outer loop
      vertex -1.586999997496605 -4.131959997117519 2
      vertex -0.2911371439695358 -6.575157552957535 2
      vertex -0.02417142689228058 -6.557304486632347 2
    endloop
  endfacet
  facet normal 0 0 1
    outer loop
      vertex -1.586999997496605 -4.131959997117519 2
      vertex -0.02417142689228058 -6.557304486632347 2
      vertex 0.21937714517116547 -6.532310202717781 2
    endloop
  endfacet
  facet normal 0 0 1
    outer loop
      vertex -1.586999997496605 -4.131959997117519 2
      vertex 0.21937714517116547 -6.532310202717781 2
      vertex 0.4395085722208023 -6.500174693763256 2
    endloop
  endfacet
  facet normal 0 0 1
    outer loop
      vertex -1.586999997496605 -4.131959997117519 2
      vertex 0.4395085722208023 -6.500174693763256 2
      vertex 0.6362228542566299 -6.460897959768772 2
    endloop
  endfacet
  facet normal 0 0 1
    outer loop
      vertex -1.586999997496605 -4.131959997117519 2
      vertex 0.6362228542566299 -6.460897959768772 2
      vertex 0.809519998729229 -6.414480000734329 2
    endloop
  endfacet
  facet normal -0.6810007921654009 0.7322826783900439 0
    outer loop
      vertex -1.586999997496605 -4.131959997117519 2
      vertex -1.5302081629633904 -4.0791453048586845 2
      vertex -1.586999997496605 -4.131959997117519 0
    endloop
  endfacet
  facet normal -0.7501509990322146 0.6612665715511186 0
    outer loop
      vertex -1.5302081629633904 -4.0791453048586845 2
      vertex -1.4807240813970566 -4.023009799420834 2
      vertex -1.5302081629633904 -4.0791453048586845 0
    endloop
  endfacet
  facet normal -0.8156268336241642 0.5785783164552747 0
    outer loop
      vertex -1.4807240813970566 -4.023009799420834 2
      vertex -1.4385477527976036 -3.9635534659028053 2
      vertex -1.4807240813970566 -4.023009799420834 0
    endloop
  endfacet
  facet normal -0.8742023217058187 0.4855618402677011 0
    outer loop
      vertex -1.4385477527976036 -3.9635534659028053 2
      vertex -1.403679184615612 -3.9007763266563416 2
      vertex -1.4385477527976036 -3.9635534659028053 0
    endloop
  endfacet
  facet normal -0.9229777482076079 0.3848533179194556 0
    outer loop
      vertex -1.403679184615612 -3.9007763266563416 2
      vertex -1.3761183694005013 -3.834678366780281 2
      vertex -1.403679184615612 -3.9007763266563416 0
    endloop
  endfacet
  facet normal -0.9599779909303554 0.2800754486371812 0
    outer loop
      vertex -1.3761183694005013 -3.834678366780281 2
      vertex -1.3558653071522713 -3.7652595937252045 2
      vertex -1.3761183694005013 -3.834678366780281 0
    endloop
  endfacet
  facet normal -0.9845302419794564 0.1752147329075757 0
    outer loop
      vertex -1.3558653071522713 -3.7652595937252045 2
      vertex -1.342919997870922 -3.692520000040531 2
      vertex -1.3558653071522713 -3.7652595937252045 0
    endloop
  endfacet
  facet normal -0.9947733258623974 0.10210793383799537 0
    outer loop
      vertex -1.342919997870922 -3.692520000040531 2
      vertex -1.3342604115605354 -3.6081551015377045 2
      vertex -1.342919997870922 -3.692520000040531 0
    endloop
  endfacet
  facet normal -0.9975411326906509 0.070083440199902 0
    outer loop
      vertex -1.3342604115605354 -3.6081551015377045 2
      vertex -1.3269330635666847 -3.503860406577587 2
      vertex -1.3342604115605354 -3.6081551015377045 0
    endloop
  endfacet
  facet normal -0.9988375054538963 0.048204125328003646 0
    outer loop
      vertex -1.3269330635666847 -3.503860406577587 2
      vertex -1.3209379613399506 -3.379635915160179 2
      vertex -1.3269330635666847 -3.503860406577587 0
    endloop
  endfacet
  facet normal -0.9994772688518766 0.03232938366863245 0
    outer loop
      vertex -1.3209379613399506 -3.379635915160179 2
      vertex -1.316275104880333 -3.235481634736061 2
      vertex -1.3209379613399506 -3.379635915160179 0
    endloop
  endfacet
  facet normal 0 0 1
    outer loop
      vertex -1.586999997496605 -4.131959997117519 2
      vertex 1.6056342869997025 -5.908334694802761 2
      vertex -1.5302081629633904 -4.0791453048586845 2
    endloop
  endfacet
  facet normal 0 0 1
    outer loop
      vertex -1.5302081629633904 -4.0791453048586845 2
      vertex 1.7045999988913536 -5.78388000279665 2
      vertex -1.4807240813970566 -4.023009799420834 2
    endloop
  endfacet
  facet normal 0 0 1
    outer loop
      vertex -1.4807240813970566 -4.023009799420834 2
      vertex 1.7928857132792473 -5.6514220386743546 2
      vertex -1.4385477527976036 -3.9635534659028053 2
    endloop
  endfacet
  facet normal 0 0 1
    outer loop
      vertex -1.4385477527976036 -3.9635534659028053 2
      vertex 1.8693771436810493 -5.514482446014881 2
      vertex -1.403679184615612 -3.9007763266563416 2
    endloop
  endfacet
  facet normal 0 0 1
    outer loop
      vertex -1.403679184615612 -3.9007763266563416 2
      vertex 2.0749199986457825 -4.762560002505779 2
      vertex -1.3761183694005013 -3.834678366780281 2
    endloop
  endfacet
  facet normal 0 0 1
    outer loop
      vertex -1.3761183694005013 -3.834678366780281 2
      vertex 2.094844900071621 -4.32413388043642 2
      vertex -1.3558653071522713 -3.7652595937252045 2
    endloop
  endfacet
  facet normal 0 0 1
    outer loop
      vertex -1.3558653071522713 -3.7652595937252045 2
      vertex 2.094844900071621 -4.32413388043642 2
      vertex -1.342919997870922 -3.692520000040531 2
    endloop
  endfacet
  facet normal 0 0 1
    outer loop
      vertex -1.342919997870922 -3.692520000040531 2
      vertex 2.102316737174988 -4.018484078347683 2
      vertex -1.3342604115605354 -3.6081551015377045 2
    endloop
  endfacet
  facet normal 0 0 1
    outer loop
      vertex -1.3342604115605354 -3.6081551015377045 2
      vertex 2.108128160238266 -3.655209794640541 2
      vertex -1.3269330635666847 -3.503860406577587 2
    endloop
  endfacet
  facet normal 0 0 1
    outer loop
      vertex -1.3269330635666847 -3.503860406577587 2
      vertex 2.108128160238266 -3.655209794640541 2
      vertex -1.3209379613399506 -3.379635915160179 2
    endloop
  endfacet
  facet normal 0 0 1
    outer loop
      vertex -1.3209379613399506 -3.379635915160179 2
      vertex 2.108128160238266 -3.655209794640541 2
      vertex -1.316275104880333 -3.235481634736061 2
    endloop
  endfacet
  facet normal -0.9994772688518766 0.03232938366863245 0
    outer loop
      vertex -1.316275104880333 -3.235481634736061 2
      vertex -1.316275104880333 -3.235481634736061 0
      vertex -1.3209379613399506 -3.379635915160179 0
    endloop
  endfacet
  facet normal -0.9997940543619677 0.02029405978257913 0
    outer loop
      vertex -1.3129444867372513 -3.071397550404072 2
      vertex -1.3129444867372513 -3.071397550404072 0
      vertex -1.316275104880333 -3.235481634736061 0
    endloop
  endfacet
  facet normal -0.9999410369344153 0.010859219793631284 0
    outer loop
      vertex -1.3109461218118668 -2.8873836770653725 2
      vertex -1.3109461218118668 -2.8873836770653725 0
      vertex -1.3129444867372513 -3.071397550404072 0
    endloop
  endfacet
  facet normal -0.9999946660383683 0.0032661743389504542 0
    outer loop
      vertex -1.3102800026535988 -2.683439999818802 2
      vertex -1.3102800026535988 -2.683439999818802 0
      vertex -1.3109461218118668 -2.8873836770653725 0
    endloop
  endfacet
  facet normal -0.9997940543619677 0.02029405978257913 0
    outer loop
      vertex -1.316275104880333 -3.235481634736061 2
      vertex -1.3129444867372513 -3.071397550404072 2
      vertex -1.316275104880333 -3.235481634736061 0
    endloop
  endfacet
  facet normal -0.9999410369344153 0.010859219793631284 0
    outer loop
      vertex -1.3129444867372513 -3.071397550404072 2
      vertex -1.3109461218118668 -2.8873836770653725 2
      vertex -1.3129444867372513 -3.071397550404072 0
    endloop
  endfacet
  facet normal -0.9999946660383683 0.0032661743389504542 0
    outer loop
      vertex -1.3109461218118668 -2.8873836770653725 2
      vertex -1.3102800026535988 -2.683439999818802 2
      vertex -1.3109461218118668 -2.8873836770653725 0
    endloop
  endfacet
  facet normal 0 0 1
    outer loop
      vertex -1.316275104880333 -3.235481634736061 2
      vertex 2.1122791841626167 -3.234311021864414 2
      vertex -1.3129444867372513 -3.071397550404072 2
    endloop
  endfacet
  facet normal 0 0 1
    outer loop
      vertex -1.3129444867372513 -3.071397550404072 2
      vertex 2.1122791841626167 -3.234311021864414 2
      vertex -1.3109461218118668 -2.8873836770653725 2
    endloop
  endfacet
  facet normal 0 0 1
    outer loop
      vertex -1.3109461218118668 -2.8873836770653725 2
      vertex 2.114769794046879 -2.7557877525687218 2
      vertex -1.3102800026535988 -2.683439999818802 2
    endloop
  endfacet
  facet normal -1 0 0
    outer loop
      vertex -1.3102800026535988 -2.683439999818802 2
      vertex -1.3102800026535988 6.585119999945164 2
      vertex -1.3102800026535988 -2.683439999818802 0
    endloop
  endfacet
  facet normal 0 0 1
    outer loop
      vertex -1.3102800026535988 -2.683439999818802 2
      vertex 2.115599997341633 -2.219640001654625 2
      vertex -1.3102800026535988 6.585119999945164 2
    endloop
  endfacet
  facet normal -1 0 0
    outer loop
      vertex -1.3102800026535988 6.585119999945164 2
      vertex -1.3102800026535988 6.180848389227241 0
      vertex -1.3102800026535988 -2.683439999818802 0
    endloop
  endfacet
  facet normal 0 0 -1
    outer loop
      vertex -1.3102800026535988 6.585119999945164 0
      vertex -1.185186814754708 6.212966860858956 0
      vertex -1.3102800026535988 6.180848389227241 0
    endloop
  endfacet
  facet normal 0 0 -1
    outer loop
      vertex -1.3102800026535988 6.585119999945164 0
      vertex -0.3971500360229065 6.312519057308818 0
      vertex -1.185186814754708 6.212966860858956 0
    endloop
  endfacet
  facet normal -1 0 0
    outer loop
      vertex -1.3102800026535988 6.585119999945164 0
      vertex -1.3102800026535988 6.180848389227241 0
      vertex -1.3102800026535988 6.585119999945164 2
    endloop
  endfacet
  facet normal 0 1 0
    outer loop
      vertex -1.3102800026535988 6.585119999945164 0
      vertex -1.3102800026535988 6.585119999945164 2
      vertex 2.115599997341633 6.585119999945164 2
    endloop
  endfacet
  facet normal 0 0 -1
    outer loop
      vertex 0.21937714517116547 -6.532310202717781 0
      vertex -0.39715003602290955 -6.312519057308818 0
      vertex 0.4395085722208023 -6.500174693763256 0
    endloop
  endfacet
  facet normal 0 0 -1
    outer loop
      vertex 0.4395085722208023 -6.500174693763256 0
      vertex -0.39715003602290955 -6.312519057308818 0
      vertex 0.39715003602290955 -6.312519057308818 0
    endloop
  endfacet
  facet normal 0 0 -1
    outer loop
      vertex 0.4395085722208023 -6.500174693763256 0
      vertex 0.39715003602290955 -6.312519057308818 0
      vertex 0.6362228542566299 -6.460897959768772 0
    endloop
  endfacet
  facet normal 0 0 -1
    outer loop
      vertex 0.6362228542566299 -6.460897959768772 0
      vertex 0.39715003602290955 -6.312519057308818 0
      vertex 0.809519998729229 -6.414480000734329 0
    endloop
  endfacet
  facet normal 0 0 -1
    outer loop
      vertex 0.809519998729229 -6.414480000734329 0
      vertex 0.39715003602290955 -6.312519057308818 0
      vertex 0.9662914276123047 -6.358763262629509 0
    endloop
  endfacet
  facet normal 0 0 -1
    outer loop
      vertex 0.9662914276123047 -6.358763262629509 0
      vertex 0.39715003602290955 -6.312519057308818 0
      vertex 1.113428570330143 -6.291590206325054 0
    endloop
  endfacet
  facet normal 0 0 -1
    outer loop
      vertex 1.113428570330143 -6.291590206325054 0
      vertex 0.39715003602290955 -6.312519057308818 0
      vertex 1.1851868147547096 -6.212966860858955 0
    endloop
  endfacet
  facet normal 0 0 -1
    outer loop
      vertex 1.113428570330143 -6.291590206325054 0
      vertex 1.1851868147547096 -6.212966860858955 0
      vertex 1.2509314268827438 -6.212960816919804 0
    endloop
  endfacet
  facet normal 0 0 -1
    outer loop
      vertex 1.2509314268827438 -6.212960816919804 0
      vertex 1.1851868147547096 -6.212966860858955 0
      vertex 1.2886173299291879 -6.186410418231797 0
    endloop
  endfacet
  facet normal 0.10208926546486498 -0.994775241889767 0
    outer loop
      vertex -0.02417142689228058 -6.557304486632347 0
      vertex 0.21937714517116547 -6.532310202717781 0
      vertex -0.02417142689228058 -6.557304486632347 2
    endloop
  endfacet
  facet normal 0.144452180992308 -0.9895117823485304 0
    outer loop
      vertex 0.21937714517116547 -6.532310202717781 0
      vertex 0.4395085722208023 -6.500174693763256 0
      vertex 0.21937714517116547 -6.532310202717781 2
    endloop
  endfacet
  facet normal 0.19579917483064385 -0.9806440144800961 0
    outer loop
      vertex 0.4395085722208023 -6.500174693763256 0
      vertex 0.6362228542566299 -6.460897959768772 0
      vertex 0.4395085722208023 -6.500174693763256 2
    endloop
  endfacet
  facet normal 0.2587313059458425 -0.965949331654388 0
    outer loop
      vertex 0.6362228542566299 -6.460897959768772 0
      vertex 0.809519998729229 -6.414480000734329 0
      vertex 0.6362228542566299 -6.460897959768772 2
    endloop
  endfacet
  facet normal 0.3348804600927149 -0.942260620766936 0
    outer loop
      vertex 0.809519998729229 -6.414480000734329 0
      vertex 0.9662914276123047 -6.358763262629509 0
      vertex 0.809519998729229 -6.414480000734329 2
    endloop
  endfacet
  facet normal 0.4153013133713065 -0.9096839116484736 0
    outer loop
      vertex 0.9662914276123047 -6.358763262629509 0
      vertex 1.113428570330143 -6.291590206325054 0
      vertex 0.9662914276123047 -6.358763262629509 2
    endloop
  endfacet
  facet normal 0.49640699447483577 -0.8680899122996767 0
    outer loop
      vertex 1.113428570330143 -6.291590206325054 0
      vertex 1.2509314268827438 -6.212960816919804 0
      vertex 1.113428570330143 -6.291590206325054 2
    endloop
  endfacet
  facet normal 0.57593855743807 -0.8174929834904731 0
    outer loop
      vertex 1.2509314268827438 -6.212960816919804 0
      vertex 1.2886173299291879 -6.186410418231797 0
      vertex 1.2509314268827438 -6.212960816919804 2
    endloop
  endfacet
  facet normal 0.5759385574380617 -0.8174929834904789 -2.3587530371212403e-16
    outer loop
      vertex 1.2509314268827438 -6.212960816919804 2
      vertex 1.2886173299291879 -6.186410418231797 0
      vertex 1.3787999972701073 -6.122875101864338 0
    endloop
  endfacet
  facet normal 0.6515247737212119 -0.758627358607323 0
    outer loop
      vertex 1.3787999972701073 -6.122875101864338 2
      vertex 1.3787999972701073 -6.122875101864338 0
      vertex 1.4970342889428139 -6.021333061158657 0
    endloop
  endfacet
  facet normal 0.720999696631089 -0.692935377548208 0
    outer loop
      vertex 1.4970342889428139 -6.021333061158657 2
      vertex 1.4970342889428139 -6.021333061158657 0
      vertex 1.6056342869997025 -5.908334694802761 0
    endloop
  endfacet
  facet normal 0.7827001277165891 -0.6223989958800022 0
    outer loop
      vertex 1.6056342869997025 -5.908334694802761 2
      vertex 1.6056342869997025 -5.908334694802761 0
      vertex 1.7045999988913536 -5.78388000279665 0
    endloop
  endfacet
  facet normal 0.8321071039147921 -0.5546149724038628 0
    outer loop
      vertex 1.7045999988913536 -5.78388000279665 2
      vertex 1.7045999988913536 -5.78388000279665 0
      vertex 1.7928857132792473 -5.6514220386743546 0
    endloop
  endfacet
  facet normal 0.8730347845260499 -0.48765793852612876 0
    outer loop
      vertex 1.7928857132792473 -5.6514220386743546 2
      vertex 1.7928857132792473 -5.6514220386743546 0
      vertex 1.8693771436810493 -5.514482446014881 0
    endloop
  endfacet
  facet normal 0.90935910090125 -0.41601204983518236 0
    outer loop
      vertex 1.8693771436810493 -5.514482446014881 2
      vertex 1.8693771436810493 -5.514482446014881 0
      vertex 1.9340742826461792 -5.37306122481823 0
    endloop
  endfacet
  facet normal 0.9401090660492736 -0.3408737947275536 0
    outer loop
      vertex 1.9340742826461792 -5.37306122481823 2
      vertex 1.9340742826461792 -5.37306122481823 0
      vertex 1.986977145075798 -5.22715836763382 0
    endloop
  endfacet
  facet normal 0.9646095942979013 -0.26368225307828036 0
    outer loop
      vertex 1.986977145075798 -5.22715836763382 2
      vertex 1.986977145075798 -5.22715836763382 0
      vertex 2.0280857160687447 -5.076773874461651 0
    endloop
  endfacet
  facet normal 0.982552521425688 -0.18598532909889043 0
    outer loop
      vertex 2.0280857160687447 -5.076773874461651 2
      vertex 2.0280857160687447 -5.076773874461651 0
      vertex 2.0574000030755997 -4.921907752752304 0
    endloop
  endfacet
  facet normal 0.9940099526479117 -0.10928958796196642 0
    outer loop
      vertex 2.0574000030755997 -4.921907752752304 2
      vertex 2.0574000030755997 -4.921907752752304 0
      vertex 2.0749199986457825 -4.762560002505779 0
    endloop
  endfacet
  facet normal 0.9983973297436393 -0.056593038094546626 0
    outer loop
      vertex 2.0749199986457825 -4.762560002505779 2
      vertex 2.0749199986457825 -4.762560002505779 0
      vertex 2.085712656378746 -4.572159186005592 0
    endloop
  endfacet
  facet normal 0.9993228393756551 -0.036794873313799825 0
    outer loop
      vertex 2.085712656378746 -4.572159186005592 2
      vertex 2.085712656378746 -4.572159186005592 0
      vertex 2.094844900071621 -4.32413388043642 0
    endloop
  endfacet
  facet normal 0.9997013366301348 -0.024438443893216952 0
    outer loop
      vertex 2.094844900071621 -4.32413388043642 2
      vertex 2.094844900071621 -4.32413388043642 0
      vertex 2.102316737174988 -4.018484078347683 0
    endloop
  endfacet
  facet normal 0.9998720670741938 -0.015995295707766 0
    outer loop
      vertex 2.102316737174988 -4.018484078347683 2
      vertex 2.102316737174988 -4.018484078347683 0
      vertex 2.108128160238266 -3.655209794640541 0
    endloop
  endfacet
  facet normal 0.9999513712083067 -0.009861806053021687 0
    outer loop
      vertex 2.108128160238266 -3.655209794640541 2
      vertex 2.108128160238266 -3.655209794640541 0
      vertex 2.1122791841626167 -3.234311021864414 0
    endloop
  endfacet
  facet normal 0.10208926546486498 -0.994775241889767 0
    outer loop
      vertex 0.21937714517116547 -6.532310202717781 0
      vertex 0.21937714517116547 -6.532310202717781 2
      vertex -0.02417142689228058 -6.557304486632347 2
    endloop
  endfacet
  facet normal 0.144452180992308 -0.9895117823485304 0
    outer loop
      vertex 0.4395085722208023 -6.500174693763256 0
      vertex 0.4395085722208023 -6.500174693763256 2
      vertex 0.21937714517116547 -6.532310202717781 2
    endloop
  endfacet
  facet normal 0.19579917483064385 -0.9806440144800961 0
    outer loop
      vertex 0.6362228542566299 -6.460897959768772 0
      vertex 0.6362228542566299 -6.460897959768772 2
      vertex 0.4395085722208023 -6.500174693763256 2
    endloop
  endfacet
  facet normal 0.2587313059458425 -0.965949331654388 0
    outer loop
      vertex 0.809519998729229 -6.414480000734329 0
      vertex 0.809519998729229 -6.414480000734329 2
      vertex 0.6362228542566299 -6.460897959768772 2
    endloop
  endfacet
  facet normal 0.3348804600927149 -0.942260620766936 0
    outer loop
      vertex 0.9662914276123047 -6.358763262629509 0
      vertex 0.9662914276123047 -6.358763262629509 2
      vertex 0.809519998729229 -6.414480000734329 2
    endloop
  endfacet
  facet normal 0.4153013133713065 -0.9096839116484736 0
    outer loop
      vertex 1.113428570330143 -6.291590206325054 0
      vertex 1.113428570330143 -6.291590206325054 2
      vertex 0.9662914276123047 -6.358763262629509 2
    endloop
  endfacet
  facet normal 0.49640699447483577 -0.8680899122996767 0
    outer loop
      vertex 1.2509314268827438 -6.212960816919804 0
      vertex 1.2509314268827438 -6.212960816919804 2
      vertex 1.113428570330143 -6.291590206325054 2
    endloop
  endfacet
  facet normal 0.5759385574380641 -0.8174929834904773 0
    outer loop
      vertex 1.2509314268827438 -6.212960816919804 2
      vertex 1.3787999972701073 -6.122875101864338 0
      vertex 1.3787999972701073 -6.122875101864338 2
    endloop
  endfacet
  facet normal 0.6515247737212119 -0.758627358607323 0
    outer loop
      vertex 1.3787999972701073 -6.122875101864338 2
      vertex 1.4970342889428139 -6.021333061158657 0
      vertex 1.4970342889428139 -6.021333061158657 2
    endloop
  endfacet
  facet normal 0.720999696631089 -0.692935377548208 0
    outer loop
      vertex 1.4970342889428139 -6.021333061158657 2
      vertex 1.6056342869997025 -5.908334694802761 0
      vertex 1.6056342869997025 -5.908334694802761 2
    endloop
  endfacet
  facet normal 0 0 1
    outer loop
      vertex -1.586999997496605 -4.131959997117519 2
      vertex 0.809519998729229 -6.414480000734329 2
      vertex 0.9662914276123047 -6.358763262629509 2
    endloop
  endfacet
  facet normal 0 0 1
    outer loop
      vertex -1.586999997496605 -4.131959997117519 2
      vertex 0.9662914276123047 -6.358763262629509 2
      vertex 1.113428570330143 -6.291590206325054 2
    endloop
  endfacet
  facet normal 0 0 1
    outer loop
      vertex -1.586999997496605 -4.131959997117519 2
      vertex 1.113428570330143 -6.291590206325054 2
      vertex 1.2509314268827438 -6.212960816919804 2
    endloop
  endfacet
  facet normal 0 0 1
    outer loop
      vertex -1.586999997496605 -4.131959997117519 2
      vertex 1.2509314268827438 -6.212960816919804 2
      vertex 1.3787999972701073 -6.122875101864338 2
    endloop
  endfacet
  facet normal 0 0 1
    outer loop
      vertex -1.586999997496605 -4.131959997117519 2
      vertex 1.3787999972701073 -6.122875101864338 2
      vertex 1.4970342889428139 -6.021333061158657 2
    endloop
  endfacet
  facet normal 0 0 1
    outer loop
      vertex -1.586999997496605 -4.131959997117519 2
      vertex 1.4970342889428139 -6.021333061158657 2
      vertex 1.6056342869997025 -5.908334694802761 2
    endloop
  endfacet
  facet normal 0 0 1
    outer loop
      vertex -1.5302081629633904 -4.0791453048586845 2
      vertex 1.6056342869997025 -5.908334694802761 2
      vertex 1.7045999988913536 -5.78388000279665 2
    endloop
  endfacet
  facet normal 0 0 1
    outer loop
      vertex -1.4807240813970566 -4.023009799420834 2
      vertex 1.7045999988913536 -5.78388000279665 2
      vertex 1.7928857132792473 -5.6514220386743546 2
    endloop
  endfacet
  facet normal 0 0 1
    outer loop
      vertex -1.4385477527976036 -3.9635534659028053 2
      vertex 1.7928857132792473 -5.6514220386743546 2
      vertex 1.8693771436810493 -5.514482446014881 2
    endloop
  endfacet
  facet normal 0 0 1
    outer loop
      vertex -1.403679184615612 -3.9007763266563416 2
      vertex 1.8693771436810493 -5.514482446014881 2
      vertex 1.9340742826461792 -5.37306122481823 2
    endloop
  endfacet
  facet normal 0 0 1
    outer loop
      vertex -1.403679184615612 -3.9007763266563416 2
      vertex 1.9340742826461792 -5.37306122481823 2
      vertex 1.986977145075798 -5.22715836763382 2
    endloop
  endfacet
  facet normal 0 0 1
    outer loop
      vertex -1.403679184615612 -3.9007763266563416 2
      vertex 1.986977145075798 -5.22715836763382 2
      vertex 2.0280857160687447 -5.076773874461651 2
    endloop
  endfacet
  facet normal 0 0 1
    outer loop
      vertex -1.403679184615612 -3.9007763266563416 2
      vertex 2.0280857160687447 -5.076773874461651 2
      vertex 2.0574000030755997 -4.921907752752304 2
    endloop
  endfacet
  facet normal 0 0 1
    outer loop
      vertex -1.403679184615612 -3.9007763266563416 2
      vertex 2.0574000030755997 -4.921907752752304 2
      vertex 2.0749199986457825 -4.762560002505779 2
    endloop
  endfacet
  facet normal 0 0 1
    outer loop
      vertex -1.3761183694005013 -3.834678366780281 2
      vertex 2.0749199986457825 -4.762560002505779 2
      vertex 2.085712656378746 -4.572159186005592 2
    endloop
  endfacet
  facet normal 0 0 1
    outer loop
      vertex -1.3761183694005013 -3.834678366780281 2
      vertex 2.085712656378746 -4.572159186005592 2
      vertex 2.094844900071621 -4.32413388043642 2
    endloop
  endfacet
  facet normal 0 0 1
    outer loop
      vertex -1.342919997870922 -3.692520000040531 2
      vertex 2.094844900071621 -4.32413388043642 2
      vertex 2.102316737174988 -4.018484078347683 2
    endloop
  endfacet
  facet normal 0 0 1
    outer loop
      vertex -1.3342604115605354 -3.6081551015377045 2
      vertex 2.102316737174988 -4.018484078347683 2
      vertex 2.108128160238266 -3.655209794640541 2
    endloop
  endfacet
  facet normal 0 0 1
    outer loop
      vertex -1.316275104880333 -3.235481634736061 2
      vertex 2.108128160238266 -3.655209794640541 2
      vertex 2.1122791841626167 -3.234311021864414 2
    endloop
  endfacet
  facet normal 0.7827001277165891 -0.6223989958800022 0
    outer loop
      vertex 1.6056342869997025 -5.908334694802761 2
      vertex 1.7045999988913536 -5.78388000279665 0
      vertex 1.7045999988913536 -5.78388000279665 2
    endloop
  endfacet
  facet normal 0.8321071039147921 -0.5546149724038628 0
    outer loop
      vertex 1.7045999988913536 -5.78388000279665 2
      vertex 1.7928857132792473 -5.6514220386743546 0
      vertex 1.7928857132792473 -5.6514220386743546 2
    endloop
  endfacet
  facet normal 0.8730347845260499 -0.48765793852612876 0
    outer loop
      vertex 1.7928857132792473 -5.6514220386743546 2
      vertex 1.8693771436810493 -5.514482446014881 0
      vertex 1.8693771436810493 -5.514482446014881 2
    endloop
  endfacet
  facet normal 0.90935910090125 -0.41601204983518236 0
    outer loop
      vertex 1.8693771436810493 -5.514482446014881 2
      vertex 1.9340742826461792 -5.37306122481823 0
      vertex 1.9340742826461792 -5.37306122481823 2
    endloop
  endfacet
  facet normal 0.9401090660492736 -0.3408737947275536 0
    outer loop
      vertex 1.9340742826461792 -5.37306122481823 2
      vertex 1.986977145075798 -5.22715836763382 0
      vertex 1.986977145075798 -5.22715836763382 2
    endloop
  endfacet
  facet normal 0.9646095942979013 -0.26368225307828036 0
    outer loop
      vertex 1.986977145075798 -5.22715836763382 2
      vertex 2.0280857160687447 -5.076773874461651 0
      vertex 2.0280857160687447 -5.076773874461651 2
    endloop
  endfacet
  facet normal 0.982552521425688 -0.18598532909889043 0
    outer loop
      vertex 2.0280857160687447 -5.076773874461651 2
      vertex 2.0574000030755997 -4.921907752752304 0
      vertex 2.0574000030755997 -4.921907752752304 2
    endloop
  endfacet
  facet normal 0.9940099526479117 -0.10928958796196642 0
    outer loop
      vertex 2.0574000030755997 -4.921907752752304 2
      vertex 2.0749199986457825 -4.762560002505779 0
      vertex 2.0749199986457825 -4.762560002505779 2
    endloop
  endfacet
  facet normal 0.9983973297436393 -0.056593038094546626 0
    outer loop
      vertex 2.0749199986457825 -4.762560002505779 2
      vertex 2.085712656378746 -4.572159186005592 0
      vertex 2.085712656378746 -4.572159186005592 2
    endloop
  endfacet
  facet normal 0.9993228393756551 -0.036794873313799825 0
    outer loop
      vertex 2.085712656378746 -4.572159186005592 2
      vertex 2.094844900071621 -4.32413388043642 0
      vertex 2.094844900071621 -4.32413388043642 2
    endloop
  endfacet
  facet normal 0.9997013366301348 -0.024438443893216952 0
    outer loop
      vertex 2.094844900071621 -4.32413388043642 2
      vertex 2.102316737174988 -4.018484078347683 0
      vertex 2.102316737174988 -4.018484078347683 2
    endloop
  endfacet
  facet normal 0.9998720670741938 -0.015995295707766 0
    outer loop
      vertex 2.102316737174988 -4.018484078347683 2
      vertex 2.108128160238266 -3.655209794640541 0
      vertex 2.108128160238266 -3.655209794640541 2
    endloop
  endfacet
  facet normal 0.9999513712083067 -0.009861806053021687 0
    outer loop
      vertex 2.108128160238266 -3.655209794640541 2
      vertex 2.1122791841626167 -3.234311021864414 0
      vertex 2.1122791841626167 -3.234311021864414 2
    endloop
  endfacet
  facet normal 0.9999864553909859 -0.005204712727117146 0
    outer loop
      vertex 2.1122791841626167 -3.234311021864414 2
      vertex 2.1122791841626167 -3.234311021864414 0
      vertex 2.114769794046879 -2.7557877525687218 0
    endloop
  endfacet
  facet normal 0.9999988011381192 -0.001548458047319054 0
    outer loop
      vertex 2.114769794046879 -2.7557877525687218 2
      vertex 2.114769794046879 -2.7557877525687218 0
      vertex 2.115599997341633 -2.219640001654625 0
    endloop
  endfacet
  facet normal 0 0 1
    outer loop
      vertex -1.3109461218118668 -2.8873836770653725 2
      vertex 2.1122791841626167 -3.234311021864414 2
      vertex 2.114769794046879 -2.7557877525687218 2
    endloop
  endfacet
  facet normal 0 0 1
    outer loop
      vertex -1.3102800026535988 -2.683439999818802 2
      vertex 2.114769794046879 -2.7557877525687218 2
      vertex 2.115599997341633 -2.219640001654625 2
    endloop
  endfacet
  facet normal 0.9999864553909859 -0.005204712727117146 0
    outer loop
      vertex 2.1122791841626167 -3.234311021864414 2
      vertex 2.114769794046879 -2.7557877525687218 0
      vertex 2.114769794046879 -2.7557877525687218 2
    endloop
  endfacet
  facet normal 0.9999988011381192 -0.001548458047319054 0
    outer loop
      vertex 2.114769794046879 -2.7557877525687218 2
      vertex 2.115599997341633 -2.219640001654625 0
      vertex 2.115599997341633 -2.219640001654625 2
    endloop
  endfacet
  facet normal 1 0 0
    outer loop
      vertex 2.115599997341633 -2.219640001654625 2
      vertex 2.115599997341633 -2.219640001654625 0
      vertex 2.115599997341633 5.951661327874033 0
    endloop
  endfacet
  facet normal 0 0 -1
    outer loop
      vertex -1.3102800026535988 6.585119999945164 0
      vertex 2.115599997341633 6.585119999945164 0
      vertex -0.3971500360229065 6.312519057308818 0
    endloop
  endfacet
  facet normal 0 0 -1
    outer loop
      vertex 2.115599997341633 6.585119999945164 0
      vertex 0.3971500360229065 6.312519057308818 0
      vertex -0.3971500360229065 6.312519057308818 0
    endloop
  endfacet
  facet normal 0 0 -1
    outer loop
      vertex 2.115599997341633 6.585119999945164 0
      vertex 1.185186814754708 6.212966860858956 0
      vertex 0.3971500360229065 6.312519057308818 0
    endloop
  endfacet
  facet normal 0 1 0
    outer loop
      vertex -1.3102800026535988 6.585119999945164 0
      vertex 2.115599997341633 6.585119999945164 2
      vertex 2.115599997341633 6.585119999945164 0
    endloop
  endfacet
  facet normal 1 0 0
    outer loop
      vertex 2.115599997341633 -2.219640001654625 2
      vertex 2.115599997341633 5.951661327874033 0
      vertex 2.115599997341633 6.585119999945164 0
    endloop
  endfacet
  facet normal 0 0 -1
    outer loop
      vertex 2.115599997341633 6.585119999945164 0
      vertex 1.9545324894215423 6.015432465566846 0
      vertex 1.185186814754708 6.212966860858956 0
    endloop
  endfacet
  facet normal 0 0 -1
    outer loop
      vertex 2.115599997341633 6.585119999945164 0
      vertex 2.115599997341633 5.951661327874033 0
      vertex 1.9545324894215423 6.015432465566846 0
    endloop
  endfacet
  facet normal 0 0 1
    outer loop
      vertex -1.3102800026535988 6.585119999945164 2
      vertex 2.115599997341633 -2.219640001654625 2
      vertex 2.115599997341633 6.585119999945164 2
    endloop
  endfacet
  facet normal 1 0 0
    outer loop
      vertex 2.115599997341633 -2.219640001654625 2
      vertex 2.115599997341633 6.585119999945164 0
      vertex 2.115599997341633 6.585119999945164 2
    endloop
  endfacet
endsolid OpenSCAD_Model
