solid OpenSCAD_Model
  facet normal -0.8443279255020154 -0.535826794978996 0
    outer loop
      vertex -8.090169943749475 -5.877852522924732 -18
      vertex -8.763066800438635 -4.817536741017154 0
      vertex -8.763066800438635 -4.817536741017154 -18
    endloop
  endfacet
  facet normal -0.7705132427757888 -0.6374239897486901 0
    outer loop
      vertex -8.090169943749475 -5.877852522924732 -18
      vertex -7.289686274214117 -6.845471059286885 -18
      vertex -8.090169943749475 -5.877852522924732 0
    endloop
  endfacet
  facet normal -0.5877852522924722 -0.8090169943749481 0
    outer loop
      vertex -6.374239897486897 -7.705132427757894 -18
      vertex -5.358267949789967 -8.44327925502015 -18
      vertex -5.358267949789967 -8.44327925502015 0
    endloop
  endfacet
  facet normal -0.6845471059286893 -0.7289686274214109 0
    outer loop
      vertex -6.374239897486897 -7.705132427757894 -18
      vertex -6.374239897486897 -7.705132427757894 0
      vertex -7.289686274214117 -6.845471059286885 -18
    endloop
  endfacet
  facet normal 0 0 -1
    outer loop
      vertex -9.297764858882514 -3.6812455268467787 -18
      vertex -9.68583161128631 -2.4868988716485485 -18
      vertex -9.297764858882514 3.6812455268467787 -18
    endloop
  endfacet
  facet normal 0 0 -1
    outer loop
      vertex -9.68583161128631 -2.4868988716485485 -18
      vertex -9.921147013144779 -1.2533323356430406 -18
      vertex -9.68583161128631 2.4868988716485485 -18
    endloop
  endfacet
  facet normal 0 0 -1
    outer loop
      vertex -8.763066800438635 -4.817536741017154 -18
      vertex -9.297764858882514 -3.6812455268467787 -18
      vertex -8.763066800438635 4.817536741017154 -18
    endloop
  endfacet
  facet normal 0 0 -1
    outer loop
      vertex -8.090169943749475 -5.877852522924732 -18
      vertex -8.763066800438635 -4.817536741017154 -18
      vertex -8.090169943749475 5.877852522924732 -18
    endloop
  endfacet
  facet normal 0 0 -1
    outer loop
      vertex -8.090169943749475 -5.877852522924732 -18
      vertex -7.289686274214117 6.845471059286885 -18
      vertex -7.289686274214117 -6.845471059286885 -18
    endloop
  endfacet
  facet normal 0 0 -1
    outer loop
      vertex -6.374239897486897 -7.705132427757894 -18
      vertex -5.358267949789967 8.44327925502015 -18
      vertex -5.358267949789967 -8.44327925502015 -18
    endloop
  endfacet
  facet normal 0 0 -1
    outer loop
      vertex -6.374239897486897 -7.705132427757894 -18
      vertex -7.289686274214117 -6.845471059286885 -18
      vertex -6.374239897486897 7.705132427757894 -18
    endloop
  endfacet
  facet normal -0.9048270524660194 -0.425779291565073 0
    outer loop
      vertex -8.763066800438635 -4.817536741017154 -18
      vertex -9.297764858882514 -3.6812455268467787 0
      vertex -9.297764858882514 -3.6812455268467787 -18
    endloop
  endfacet
  facet normal -0.9510565162951538 -0.30901699437494723 0
    outer loop
      vertex -9.297764858882514 -3.6812455268467787 -18
      vertex -9.68583161128631 -2.4868988716485485 0
      vertex -9.68583161128631 -2.4868988716485485 -18
    endloop
  endfacet
  facet normal -0.9822872507286886 -0.1873813145857251 0
    outer loop
      vertex -9.68583161128631 -2.4868988716485485 -18
      vertex -9.921147013144779 -1.2533323356430406 0
      vertex -9.921147013144779 -1.2533323356430406 -18
    endloop
  endfacet
  facet normal -0.9980267284282716 -0.06279051952931293 0
    outer loop
      vertex -9.921147013144779 -1.2533323356430406 -18
      vertex -10 0 0
      vertex -10 0 -18
    endloop
  endfacet
  facet normal 0 0 -1
    outer loop
      vertex -1.8738131458572482 -9.822872507286887 -18
      vertex -0.5387212794339589 -2.82407584584498 -18
      vertex -0.6279051952931376 -9.980267284282716 -18
    endloop
  endfacet
  facet normal 0 0 -1
    outer loop
      vertex -0.6279051952931376 -9.980267284282716 -18
      vertex -0.18052274364677706 -2.869326844231281 -18
      vertex 0.6279051952931376 -9.980267284282716 -18
    endloop
  endfacet
  facet normal 0 0 -1
    outer loop
      vertex -3.090169943749474 -9.510565162951535 -18
      vertex -1.8325939705274827 -2.2152255729803945 -18
      vertex -1.8738131458572482 -9.822872507286887 -18
    endloop
  endfacet
  facet normal 0 0 -1
    outer loop
      vertex -1.8738131458572482 -9.822872507286887 -18
      vertex -1.2241154632495832 -2.6013777758398064 -18
      vertex -0.8884238588279738 -2.7342874843485663 -18
    endloop
  endfacet
  facet normal 0 0 -1
    outer loop
      vertex -1.8738131458572482 -9.822872507286887 -18
      vertex -0.8884238588279738 -2.7342874843485663 -18
      vertex -0.5387212794339589 -2.82407584584498 -18
    endloop
  endfacet
  facet normal 0 0 -1
    outer loop
      vertex -0.6279051952931376 -9.980267284282716 -18
      vertex -0.5387212794339589 -2.82407584584498 -18
      vertex -0.18052274364677706 -2.869326844231281 -18
    endloop
  endfacet
  facet normal -0.4817536741017159 -0.8763066800438634 0
    outer loop
      vertex -5.358267949789967 -8.44327925502015 -18
      vertex -4.257792915650724 -9.048270524660197 -18
      vertex -4.257792915650724 -9.048270524660197 0
    endloop
  endfacet
  facet normal -0.36812455268467675 -0.9297764858882519 0
    outer loop
      vertex -4.257792915650724 -9.048270524660197 -18
      vertex -3.090169943749474 -9.510565162951535 -18
      vertex -3.090169943749474 -9.510565162951535 0
    endloop
  endfacet
  facet normal -0.2486898871648558 -0.968583161128631 0
    outer loop
      vertex -3.090169943749474 -9.510565162951535 -18
      vertex -1.8738131458572482 -9.822872507286887 -18
      vertex -1.8738131458572482 -9.822872507286887 0
    endloop
  endfacet
  facet normal -0.12533323356430498 -0.9921147013144778 0
    outer loop
      vertex -1.8738131458572482 -9.822872507286887 -18
      vertex -0.6279051952931376 -9.980267284282716 -18
      vertex -0.6279051952931376 -9.980267284282716 0
    endloop
  endfacet
  facet normal 0 0 -1
    outer loop
      vertex -5.358267949789967 -8.44327925502015 -18
      vertex -4.257792915650727 9.048270524660195 -18
      vertex -4.257792915650724 -9.048270524660197 -18
    endloop
  endfacet
  facet normal 0 0 -1
    outer loop
      vertex -3.090169943749474 -9.510565162951535 -18
      vertex -2.325923858827974 -1.6898826003408602 -18
      vertex -2.0957848038365587 -1.9680729295449795 -18
    endloop
  endfacet
  facet normal 0 0 -1
    outer loop
      vertex -3.090169943749474 -9.510565162951535 -18
      vertex -2.7846765882448143 -0.7149834255989577 -18
      vertex -2.673107396928723 -1.058358088968449 -18
    endloop
  endfacet
  facet normal 0 0 -1
    outer loop
      vertex -3.090169943749474 -9.510565162951535 -18
      vertex -2.5193817051261074 -1.3850418130424318 -18
      vertex -2.325923858827974 -1.6898826003408602 -18
    endloop
  endfacet
  facet normal 0 0 -1
    outer loop
      vertex -3.090169943749474 -9.510565162951535 -18
      vertex -2.673107396928723 -1.058358088968449 -18
      vertex -2.5193817051261074 -1.3850418130424318 -18
    endloop
  endfacet
  facet normal 0 0 -1
    outer loop
      vertex -4.257792915650724 -9.048270524660197 -18
      vertex -3.090169943749474 9.510565162951535 -18
      vertex -3.090169943749474 -9.510565162951535 -18
    endloop
  endfacet
  facet normal 0 0 -1
    outer loop
      vertex -3.090169943749474 -9.510565162951535 -18
      vertex -2.852329766279124 -0.3603330464973742 -18
      vertex -2.7846765882448143 -0.7149834255989577 -18
    endloop
  endfacet
  facet normal 0 0 -1
    outer loop
      vertex -3.090169943749474 -9.510565162951535 -18
      vertex -2.875 0 -18
      vertex -2.852329766279124 -0.3603330464973742 -18
    endloop
  endfacet
  facet normal 0 0 -1
    outer loop
      vertex -3.090169943749474 -9.510565162951535 -18
      vertex -2.0957848038365587 -1.9680729295449795 -18
      vertex -1.8325939705274827 -2.2152255729803945 -18
    endloop
  endfacet
  facet normal 0 0 -1
    outer loop
      vertex -1.8738131458572482 -9.822872507286887 -18
      vertex -1.8325939705274827 -2.2152255729803945 -18
      vertex -1.5405020355646157 -2.427442785818293 -18
    endloop
  endfacet
  facet normal 0 0 -1
    outer loop
      vertex -1.8738131458572482 -9.822872507286887 -18
      vertex -1.5405020355646157 -2.427442785818293 -18
      vertex -1.2241154632495832 -2.6013777758398064 -18
    endloop
  endfacet
  facet normal -0.7705132427757888 -0.6374239897486901 0
    outer loop
      vertex -7.289686274214117 -6.845471059286885 -18
      vertex -7.289686274214117 -6.845471059286885 0
      vertex -8.090169943749475 -5.877852522924732 0
    endloop
  endfacet
  facet normal -0.8443279255020154 -0.535826794978996 0
    outer loop
      vertex -8.090169943749475 -5.877852522924732 -18
      vertex -8.090169943749475 -5.877852522924732 0
      vertex -8.763066800438635 -4.817536741017154 0
    endloop
  endfacet
  facet normal -0.5877852522924722 -0.8090169943749481 0
    outer loop
      vertex -6.374239897486897 -7.705132427757894 -18
      vertex -5.358267949789967 -8.44327925502015 0
      vertex -6.374239897486897 -7.705132427757894 0
    endloop
  endfacet
  facet normal -0.6845471059286893 -0.7289686274214109 0
    outer loop
      vertex -7.289686274214117 -6.845471059286885 -18
      vertex -6.374239897486897 -7.705132427757894 0
      vertex -7.289686274214117 -6.845471059286885 0
    endloop
  endfacet
  facet normal -0.9048270524660194 -0.425779291565073 0
    outer loop
      vertex -8.763066800438635 -4.817536741017154 -18
      vertex -8.763066800438635 -4.817536741017154 0
      vertex -9.297764858882514 -3.6812455268467787 0
    endloop
  endfacet
  facet normal -0.9510565162951538 -0.30901699437494723 0
    outer loop
      vertex -9.297764858882514 -3.6812455268467787 -18
      vertex -9.297764858882514 -3.6812455268467787 0
      vertex -9.68583161128631 -2.4868988716485485 0
    endloop
  endfacet
  facet normal -0.9822872507286886 -0.1873813145857251 0
    outer loop
      vertex -9.68583161128631 -2.4868988716485485 -18
      vertex -9.68583161128631 -2.4868988716485485 0
      vertex -9.921147013144779 -1.2533323356430406 0
    endloop
  endfacet
  facet normal -0.9980267284282716 -0.06279051952931293 0
    outer loop
      vertex -9.921147013144779 -1.2533323356430406 -18
      vertex -9.921147013144779 -1.2533323356430406 0
      vertex -10 0 0
    endloop
  endfacet
  facet normal 0 0 1
    outer loop
      vertex -8.763066800438635 -4.817536741017154 0
      vertex -9.297764858882514 3.6812455268467787 0
      vertex -9.297764858882514 -3.6812455268467787 0
    endloop
  endfacet
  facet normal 0 0 1
    outer loop
      vertex -9.68583161128631 -2.4868988716485485 0
      vertex -9.921147013144779 1.2533323356430406 0
      vertex -9.921147013144779 -1.2533323356430406 0
    endloop
  endfacet
  facet normal 0 0 1
    outer loop
      vertex -9.297764858882514 -3.6812455268467787 0
      vertex -9.68583161128631 2.4868988716485485 0
      vertex -9.68583161128631 -2.4868988716485485 0
    endloop
  endfacet
  facet normal 0 0 1
    outer loop
      vertex -8.090169943749475 -5.877852522924732 0
      vertex -8.763066800438635 4.817536741017154 0
      vertex -8.763066800438635 -4.817536741017154 0
    endloop
  endfacet
  facet normal 0 0 1
    outer loop
      vertex -8.090169943749475 -5.877852522924732 0
      vertex -7.289686274214117 -6.845471059286885 0
      vertex -8.090169943749475 5.877852522924732 0
    endloop
  endfacet
  facet normal 0 0 1
    outer loop
      vertex -6.374239897486897 -7.705132427757894 0
      vertex -7.289686274214117 6.845471059286885 0
      vertex -7.289686274214117 -6.845471059286885 0
    endloop
  endfacet
  facet normal 0 0 1
    outer loop
      vertex -6.374239897486897 -7.705132427757894 0
      vertex -5.358267949789967 -8.44327925502015 0
      vertex -6.374239897486897 7.705132427757894 0
    endloop
  endfacet
  facet normal -0.36812455268467675 -0.9297764858882519 0
    outer loop
      vertex -4.257792915650724 -9.048270524660197 -18
      vertex -3.090169943749474 -9.510565162951535 0
      vertex -4.257792915650724 -9.048270524660197 0
    endloop
  endfacet
  facet normal -0.4817536741017159 -0.8763066800438634 0
    outer loop
      vertex -5.358267949789967 -8.44327925502015 -18
      vertex -4.257792915650724 -9.048270524660197 0
      vertex -5.358267949789967 -8.44327925502015 0
    endloop
  endfacet
  facet normal -0.2486898871648558 -0.968583161128631 0
    outer loop
      vertex -3.090169943749474 -9.510565162951535 -18
      vertex -1.8738131458572482 -9.822872507286887 0
      vertex -3.090169943749474 -9.510565162951535 0
    endloop
  endfacet
  facet normal -0.12533323356430498 -0.9921147013144778 0
    outer loop
      vertex -1.8738131458572482 -9.822872507286887 -18
      vertex -0.6279051952931376 -9.980267284282716 0
      vertex -1.8738131458572482 -9.822872507286887 0
    endloop
  endfacet
  facet normal 0 -1 0
    outer loop
      vertex -0.6279051952931376 -9.980267284282716 -18
      vertex 0.6279051952931376 -9.980267284282716 0
      vertex -0.6279051952931376 -9.980267284282716 0
    endloop
  endfacet
  facet normal 0 0 1
    outer loop
      vertex -3.090169943749474 -9.510565162951535 0
      vertex -1.8738131458572482 -9.822872507286887 0
      vertex -2.624287058717082 -2.464369581343279 0
    endloop
  endfacet
  facet normal 0 0 1
    outer loop
      vertex -1.8738131458572482 -9.822872507286887 0
      vertex -0.6279051952931376 -9.980267284282716 0
      vertex -1.1124611797498107 -3.4238034586625528 0
    endloop
  endfacet
  facet normal 0 0 1
    outer loop
      vertex -1.8738131458572482 -9.822872507286887 0
      vertex -2.2947263630952826 -2.773847673992842 0
      vertex -2.624287058717082 -2.464369581343279 0
    endloop
  endfacet
  facet normal 0 0 1
    outer loop
      vertex -1.8738131458572482 -9.822872507286887 0
      vertex -1.9289764619243883 -3.0395805318072537 0
      vertex -2.2947263630952826 -2.773847673992842 0
    endloop
  endfacet
  facet normal 0 0 1
    outer loop
      vertex -1.8738131458572482 -9.822872507286887 0
      vertex -1.532805449634261 -3.2573773888776705 0
      vertex -1.9289764619243883 -3.0395805318072537 0
    endloop
  endfacet
  facet normal 0 0 1
    outer loop
      vertex -1.8738131458572482 -9.822872507286887 0
      vertex -1.1124611797498107 -3.4238034586625528 0
      vertex -1.532805449634261 -3.2573773888776705 0
    endloop
  endfacet
  facet normal 0 0 1
    outer loop
      vertex -0.6279051952931376 -9.980267284282716 0
      vertex -0.6745727325086094 -3.536234102623279 0
      vertex -1.1124611797498107 -3.4238034586625528 0
    endloop
  endfacet
  facet normal 0 0 1
    outer loop
      vertex -0.6279051952931376 -9.980267284282716 0
      vertex -0.22604587030552956 -3.5928962223417775 0
      vertex -0.6745727325086094 -3.536234102623279 0
    endloop
  endfacet
  facet normal 0 0 1
    outer loop
      vertex -0.6279051952931376 -9.980267284282716 0
      vertex 0.22604587030552956 -3.5928962223417775 0
      vertex -0.22604587030552956 -3.5928962223417775 0
    endloop
  endfacet
  facet normal 0 0 1
    outer loop
      vertex -5.358267949789967 -8.44327925502015 0
      vertex -4.257792915650724 -9.048270524660197 0
      vertex -5.358267949789967 8.44327925502015 0
    endloop
  endfacet
  facet normal 0 0 1
    outer loop
      vertex -4.257792915650724 -9.048270524660197 0
      vertex -3.090169943749474 -9.510565162951535 0
      vertex -4.257792915650727 9.048270524660195 0
    endloop
  endfacet
  facet normal 0 0 1
    outer loop
      vertex -3.090169943749474 -9.510565162951535 0
      vertex -3.1547040481579085 -1.7343132267661754 0
      vertex -3.347195349197705 -1.3252483896648404 0
    endloop
  endfacet
  facet normal 0 0 1
    outer loop
      vertex -3.090169943749474 -9.510565162951535 0
      vertex -3.347195349197705 -1.3252483896648404 0
      vertex -3.486899380063072 -0.8952835937934774 0
    endloop
  endfacet
  facet normal 0 0 1
    outer loop
      vertex -3.090169943749474 -9.510565162951535 0
      vertex -2.624287058717082 -2.464369581343279 0
      vertex -2.912461179749811 -2.1160269082529033 0
    endloop
  endfacet
  facet normal 0 0 1
    outer loop
      vertex -3.090169943749474 -9.510565162951535 0
      vertex -2.912461179749811 -2.1160269082529033 0
      vertex -3.1547040481579085 -1.7343132267661754 0
    endloop
  endfacet
  facet normal 0 0 1
    outer loop
      vertex -3.090169943749474 -9.510565162951535 0
      vertex -3.486899380063072 -0.8952835937934774 0
      vertex -3.57161292473212 -0.45119964083149466 0
    endloop
  endfacet
  facet normal 0 0 1
    outer loop
      vertex -3.090169943749474 -9.510565162951535 0
      vertex -3.57161292473212 -0.45119964083149466 0
      vertex -3.6 0 0
    endloop
  endfacet
  facet normal 0 0 1
    outer loop
      vertex -3.090169943749474 -9.510565162951535 0
      vertex -3.6 0 0
      vertex -4.257792915650727 9.048270524660195 0
    endloop
  endfacet
  facet normal 0 0 -1
    outer loop
      vertex -9.921147013144779 -1.2533323356430406 -18
      vertex -10 0 -18
      vertex -9.921147013144779 1.2533323356430406 -18
    endloop
  endfacet
  facet normal 0 0 -1
    outer loop
      vertex -9.921147013144779 -1.2533323356430406 -18
      vertex -9.921147013144779 1.2533323356430406 -18
      vertex -9.68583161128631 2.4868988716485485 -18
    endloop
  endfacet
  facet normal 0 0 -1
    outer loop
      vertex -9.68583161128631 -2.4868988716485485 -18
      vertex -9.68583161128631 2.4868988716485485 -18
      vertex -9.297764858882514 3.6812455268467787 -18
    endloop
  endfacet
  facet normal 0 0 -1
    outer loop
      vertex -9.297764858882514 -3.6812455268467787 -18
      vertex -9.297764858882514 3.6812455268467787 -18
      vertex -8.763066800438635 4.817536741017154 -18
    endloop
  endfacet
  facet normal 0 0 -1
    outer loop
      vertex -8.763066800438635 -4.817536741017154 -18
      vertex -8.763066800438635 4.817536741017154 -18
      vertex -8.090169943749475 5.877852522924732 -18
    endloop
  endfacet
  facet normal 0 0 -1
    outer loop
      vertex -8.090169943749475 -5.877852522924732 -18
      vertex -8.090169943749475 5.877852522924732 -18
      vertex -7.289686274214117 6.845471059286885 -18
    endloop
  endfacet
  facet normal 0 0 -1
    outer loop
      vertex -7.289686274214117 -6.845471059286885 -18
      vertex -7.289686274214117 6.845471059286885 -18
      vertex -6.374239897486897 7.705132427757894 -18
    endloop
  endfacet
  facet normal 0 0 -1
    outer loop
      vertex -6.374239897486897 -7.705132427757894 -18
      vertex -6.374239897486897 7.705132427757894 -18
      vertex -5.358267949789967 8.44327925502015 -18
    endloop
  endfacet
  facet normal -0.9980267284282716 0.06279051952931293 0
    outer loop
      vertex -10 0 -18
      vertex -9.921147013144779 1.2533323356430406 0
      vertex -9.921147013144779 1.2533323356430406 -18
    endloop
  endfacet
  facet normal -0.9822872507286886 0.1873813145857251 0
    outer loop
      vertex -9.921147013144779 1.2533323356430406 -18
      vertex -9.68583161128631 2.4868988716485485 0
      vertex -9.68583161128631 2.4868988716485485 -18
    endloop
  endfacet
  facet normal -0.9510565162951538 0.30901699437494723 0
    outer loop
      vertex -9.68583161128631 2.4868988716485485 -18
      vertex -9.297764858882514 3.6812455268467787 0
      vertex -9.297764858882514 3.6812455268467787 -18
    endloop
  endfacet
  facet normal -0.9048270524660194 0.425779291565073 0
    outer loop
      vertex -9.297764858882514 3.6812455268467787 -18
      vertex -8.763066800438635 4.817536741017154 0
      vertex -8.763066800438635 4.817536741017154 -18
    endloop
  endfacet
  facet normal -0.8443279255020154 0.535826794978996 0
    outer loop
      vertex -8.763066800438635 4.817536741017154 -18
      vertex -8.090169943749475 5.877852522924732 0
      vertex -8.090169943749475 5.877852522924732 -18
    endloop
  endfacet
  facet normal -0.7705132427757888 0.6374239897486901 0
    outer loop
      vertex -8.090169943749475 5.877852522924732 -18
      vertex -7.289686274214117 6.845471059286885 0
      vertex -7.289686274214117 6.845471059286885 -18
    endloop
  endfacet
  facet normal -0.6845471059286893 0.7289686274214109 0
    outer loop
      vertex -7.289686274214117 6.845471059286885 -18
      vertex -7.289686274214117 6.845471059286885 0
      vertex -6.374239897486897 7.705132427757894 -18
    endloop
  endfacet
  facet normal -0.5877852522924722 0.8090169943749481 0
    outer loop
      vertex -6.374239897486897 7.705132427757894 -18
      vertex -6.374239897486897 7.705132427757894 0
      vertex -5.358267949789967 8.44327925502015 -18
    endloop
  endfacet
  facet normal 0 0 -1
    outer loop
      vertex -3.090169943749474 -9.510565162951535 -18
      vertex -3.090169943749474 9.510565162951535 -18
      vertex -2.875 0 -18
    endloop
  endfacet
  facet normal 0 0 -1
    outer loop
      vertex -5.358267949789967 -8.44327925502015 -18
      vertex -5.358267949789967 8.44327925502015 -18
      vertex -4.257792915650727 9.048270524660195 -18
    endloop
  endfacet
  facet normal 0 0 -1
    outer loop
      vertex -4.257792915650724 -9.048270524660197 -18
      vertex -4.257792915650727 9.048270524660195 -18
      vertex -3.090169943749474 9.510565162951535 -18
    endloop
  endfacet
  facet normal 0 0 -1
    outer loop
      vertex -2.875 0 -18
      vertex -3.090169943749474 9.510565162951535 -18
      vertex -2.852329766279124 0.3603330464973742 -18
    endloop
  endfacet
  facet normal 0 0 -1
    outer loop
      vertex -2.852329766279124 0.3603330464973742 -18
      vertex -3.090169943749474 9.510565162951535 -18
      vertex -2.7846765882448143 0.7149834255989577 -18
    endloop
  endfacet
  facet normal 0 0 -1
    outer loop
      vertex -2.7846765882448143 0.7149834255989577 -18
      vertex -3.090169943749474 9.510565162951535 -18
      vertex -2.673107396928723 1.058358088968449 -18
    endloop
  endfacet
  facet normal 0 0 -1
    outer loop
      vertex -2.673107396928723 1.058358088968449 -18
      vertex -3.090169943749474 9.510565162951535 -18
      vertex -2.5193817051261074 1.3850418130424318 -18
    endloop
  endfacet
  facet normal 0 0 -1
    outer loop
      vertex -2.5193817051261074 1.3850418130424318 -18
      vertex -1.8738131458572458 9.822872507286887 -18
      vertex -2.325923858827974 1.6898826003408602 -18
    endloop
  endfacet
  facet normal 0 0 -1
    outer loop
      vertex -2.325923858827974 1.6898826003408602 -18
      vertex -1.8738131458572458 9.822872507286887 -18
      vertex -2.0957848038365587 1.9680729295449795 -18
    endloop
  endfacet
  facet normal 0 0 -1
    outer loop
      vertex -2.0957848038365587 1.9680729295449795 -18
      vertex -1.8738131458572458 9.822872507286887 -18
      vertex -1.8325939705274827 2.2152255729803945 -18
    endloop
  endfacet
  facet normal 0 0 -1
    outer loop
      vertex -1.8325939705274827 2.2152255729803945 -18
      vertex -1.8738131458572458 9.822872507286887 -18
      vertex -1.5405020355646157 2.427442785818293 -18
    endloop
  endfacet
  facet normal 0 0 -1
    outer loop
      vertex -1.5405020355646157 2.427442785818293 -18
      vertex -1.8738131458572458 9.822872507286887 -18
      vertex -1.224115463249584 2.601377775839806 -18
    endloop
  endfacet
  facet normal 0 0 -1
    outer loop
      vertex -2.5193817051261074 1.3850418130424318 -18
      vertex -3.090169943749474 9.510565162951535 -18
      vertex -1.8738131458572458 9.822872507286887 -18
    endloop
  endfacet
  facet normal 0 0 -1
    outer loop
      vertex -1.224115463249584 2.601377775839806 -18
      vertex -0.6279051952931327 9.980267284282716 -18
      vertex -0.8884238588279738 2.7342874843485663 -18
    endloop
  endfacet
  facet normal 0 0 -1
    outer loop
      vertex -0.8884238588279738 2.7342874843485663 -18
      vertex -0.6279051952931327 9.980267284282716 -18
      vertex -0.5387212794339582 2.82407584584498 -18
    endloop
  endfacet
  facet normal 0 0 -1
    outer loop
      vertex -0.5387212794339582 2.82407584584498 -18
      vertex -0.6279051952931327 9.980267284282716 -18
      vertex -0.18052274364677567 2.869326844231281 -18
    endloop
  endfacet
  facet normal 0 0 -1
    outer loop
      vertex -0.18052274364677567 2.869326844231281 -18
      vertex -0.6279051952931327 9.980267284282716 -18
      vertex 0.18052274364677398 2.869326844231281 -18
    endloop
  endfacet
  facet normal 0 0 -1
    outer loop
      vertex -1.224115463249584 2.601377775839806 -18
      vertex -1.8738131458572458 9.822872507286887 -18
      vertex -0.6279051952931327 9.980267284282716 -18
    endloop
  endfacet
  facet normal -0.4817536741017157 0.8763066800438634 0
    outer loop
      vertex -5.358267949789967 8.44327925502015 -18
      vertex -5.358267949789967 8.44327925502015 0
      vertex -4.257792915650727 9.048270524660195 -18
    endloop
  endfacet
  facet normal -0.3681245526846773 0.9297764858882517 0
    outer loop
      vertex -4.257792915650727 9.048270524660195 -18
      vertex -4.257792915650727 9.048270524660195 0
      vertex -3.090169943749474 9.510565162951535 -18
    endloop
  endfacet
  facet normal -0.24868988716485532 0.968583161128631 0
    outer loop
      vertex -3.090169943749474 9.510565162951535 -18
      vertex -3.090169943749474 9.510565162951535 0
      vertex -1.8738131458572458 9.822872507286887 -18
    endloop
  endfacet
  facet normal -0.12533323356430473 0.9921147013144779 0
    outer loop
      vertex -1.8738131458572458 9.822872507286887 -18
      vertex -1.8738131458572458 9.822872507286887 0
      vertex -0.6279051952931327 9.980267284282716 -18
    endloop
  endfacet
  facet normal 0 1 0
    outer loop
      vertex -0.6279051952931327 9.980267284282716 -18
      vertex -0.6279051952931327 9.980267284282716 0
      vertex 0.6279051952931327 9.980267284282716 -18
    endloop
  endfacet
  facet normal -0.9980267284282716 0.06279051952931293 0
    outer loop
      vertex -10 0 -18
      vertex -10 0 0
      vertex -9.921147013144779 1.2533323356430406 0
    endloop
  endfacet
  facet normal -0.9822872507286886 0.1873813145857251 0
    outer loop
      vertex -9.921147013144779 1.2533323356430406 -18
      vertex -9.921147013144779 1.2533323356430406 0
      vertex -9.68583161128631 2.4868988716485485 0
    endloop
  endfacet
  facet normal -0.9510565162951538 0.30901699437494723 0
    outer loop
      vertex -9.68583161128631 2.4868988716485485 -18
      vertex -9.68583161128631 2.4868988716485485 0
      vertex -9.297764858882514 3.6812455268467787 0
    endloop
  endfacet
  facet normal -0.9048270524660194 0.425779291565073 0
    outer loop
      vertex -9.297764858882514 3.6812455268467787 -18
      vertex -9.297764858882514 3.6812455268467787 0
      vertex -8.763066800438635 4.817536741017154 0
    endloop
  endfacet
  facet normal 0 0 1
    outer loop
      vertex -9.921147013144779 -1.2533323356430406 0
      vertex -9.921147013144779 1.2533323356430406 0
      vertex -10 0 0
    endloop
  endfacet
  facet normal 0 0 1
    outer loop
      vertex -9.68583161128631 -2.4868988716485485 0
      vertex -9.68583161128631 2.4868988716485485 0
      vertex -9.921147013144779 1.2533323356430406 0
    endloop
  endfacet
  facet normal 0 0 1
    outer loop
      vertex -9.297764858882514 -3.6812455268467787 0
      vertex -9.297764858882514 3.6812455268467787 0
      vertex -9.68583161128631 2.4868988716485485 0
    endloop
  endfacet
  facet normal 0 0 1
    outer loop
      vertex -8.763066800438635 -4.817536741017154 0
      vertex -8.763066800438635 4.817536741017154 0
      vertex -9.297764858882514 3.6812455268467787 0
    endloop
  endfacet
  facet normal 0 0 1
    outer loop
      vertex -8.090169943749475 -5.877852522924732 0
      vertex -8.090169943749475 5.877852522924732 0
      vertex -8.763066800438635 4.817536741017154 0
    endloop
  endfacet
  facet normal 0 0 1
    outer loop
      vertex -7.289686274214117 -6.845471059286885 0
      vertex -7.289686274214117 6.845471059286885 0
      vertex -8.090169943749475 5.877852522924732 0
    endloop
  endfacet
  facet normal 0 0 1
    outer loop
      vertex -6.374239897486897 -7.705132427757894 0
      vertex -6.374239897486897 7.705132427757894 0
      vertex -7.289686274214117 6.845471059286885 0
    endloop
  endfacet
  facet normal 0 0 1
    outer loop
      vertex -5.358267949789967 -8.44327925502015 0
      vertex -5.358267949789967 8.44327925502015 0
      vertex -6.374239897486897 7.705132427757894 0
    endloop
  endfacet
  facet normal -0.8443279255020154 0.535826794978996 0
    outer loop
      vertex -8.763066800438635 4.817536741017154 -18
      vertex -8.763066800438635 4.817536741017154 0
      vertex -8.090169943749475 5.877852522924732 0
    endloop
  endfacet
  facet normal -0.7705132427757888 0.6374239897486901 0
    outer loop
      vertex -8.090169943749475 5.877852522924732 -18
      vertex -8.090169943749475 5.877852522924732 0
      vertex -7.289686274214117 6.845471059286885 0
    endloop
  endfacet
  facet normal -0.6845471059286893 0.7289686274214109 0
    outer loop
      vertex -6.374239897486897 7.705132427757894 -18
      vertex -7.289686274214117 6.845471059286885 0
      vertex -6.374239897486897 7.705132427757894 0
    endloop
  endfacet
  facet normal -0.5877852522924722 0.8090169943749481 0
    outer loop
      vertex -5.358267949789967 8.44327925502015 -18
      vertex -6.374239897486897 7.705132427757894 0
      vertex -5.358267949789967 8.44327925502015 0
    endloop
  endfacet
  facet normal 0 0 1
    outer loop
      vertex -4.257792915650724 -9.048270524660197 0
      vertex -4.257792915650727 9.048270524660195 0
      vertex -5.358267949789967 8.44327925502015 0
    endloop
  endfacet
  facet normal 0 0 1
    outer loop
      vertex -4.257792915650727 9.048270524660195 0
      vertex -3.6 0 0
      vertex -3.57161292473212 0.45119964083149466 0
    endloop
  endfacet
  facet normal 0 0 1
    outer loop
      vertex -4.257792915650727 9.048270524660195 0
      vertex -3.57161292473212 0.45119964083149466 0
      vertex -3.486899380063072 0.8952835937934774 0
    endloop
  endfacet
  facet normal 0 0 1
    outer loop
      vertex -4.257792915650727 9.048270524660195 0
      vertex -3.486899380063072 0.8952835937934774 0
      vertex -3.347195349197705 1.3252483896648404 0
    endloop
  endfacet
  facet normal 0 0 1
    outer loop
      vertex -4.257792915650727 9.048270524660195 0
      vertex -3.347195349197705 1.3252483896648404 0
      vertex -3.1547040481579085 1.7343132267661754 0
    endloop
  endfacet
  facet normal 0 0 1
    outer loop
      vertex -4.257792915650727 9.048270524660195 0
      vertex -3.1547040481579085 1.7343132267661754 0
      vertex -2.912461179749811 2.1160269082529033 0
    endloop
  endfacet
  facet normal 0 0 1
    outer loop
      vertex -3.090169943749474 9.510565162951535 0
      vertex -2.912461179749811 2.1160269082529033 0
      vertex -2.624287058717082 2.464369581343279 0
    endloop
  endfacet
  facet normal 0 0 1
    outer loop
      vertex -3.090169943749474 9.510565162951535 0
      vertex -2.624287058717082 2.464369581343279 0
      vertex -2.2947263630952826 2.773847673992842 0
    endloop
  endfacet
  facet normal -0.4817536741017157 0.8763066800438634 0
    outer loop
      vertex -4.257792915650727 9.048270524660195 -18
      vertex -5.358267949789967 8.44327925502015 0
      vertex -4.257792915650727 9.048270524660195 0
    endloop
  endfacet
  facet normal -0.3681245526846773 0.9297764858882517 0
    outer loop
      vertex -3.090169943749474 9.510565162951535 -18
      vertex -4.257792915650727 9.048270524660195 0
      vertex -3.090169943749474 9.510565162951535 0
    endloop
  endfacet
  facet normal -0.24868988716485532 0.968583161128631 0
    outer loop
      vertex -1.8738131458572458 9.822872507286887 -18
      vertex -3.090169943749474 9.510565162951535 0
      vertex -1.8738131458572458 9.822872507286887 0
    endloop
  endfacet
  facet normal -0.12533323356430473 0.9921147013144779 0
    outer loop
      vertex -0.6279051952931327 9.980267284282716 -18
      vertex -1.8738131458572458 9.822872507286887 0
      vertex -0.6279051952931327 9.980267284282716 0
    endloop
  endfacet
  facet normal 0 0 1
    outer loop
      vertex -4.257792915650727 9.048270524660195 0
      vertex -2.912461179749811 2.1160269082529033 0
      vertex -3.090169943749474 9.510565162951535 0
    endloop
  endfacet
  facet normal 0 0 1
    outer loop
      vertex -3.090169943749474 9.510565162951535 0
      vertex -2.2947263630952826 2.773847673992842 0
      vertex -1.9289764619243883 3.0395805318072537 0
    endloop
  endfacet
  facet normal 0 0 1
    outer loop
      vertex -3.090169943749474 9.510565162951535 0
      vertex -1.9289764619243883 3.0395805318072537 0
      vertex -1.5328054496342618 3.25737738887767 0
    endloop
  endfacet
  facet normal 0 0 1
    outer loop
      vertex -1.8738131458572458 9.822872507286887 0
      vertex -1.5328054496342618 3.25737738887767 0
      vertex -1.1124611797498107 3.4238034586625528 0
    endloop
  endfacet
  facet normal 0 0 1
    outer loop
      vertex -1.8738131458572458 9.822872507286887 0
      vertex -1.1124611797498107 3.4238034586625528 0
      vertex -0.6745727325086085 3.5362341026232795 0
    endloop
  endfacet
  facet normal 0 0 1
    outer loop
      vertex -1.8738131458572458 9.822872507286887 0
      vertex -0.6745727325086085 3.5362341026232795 0
      vertex -0.2260458703055262 3.5928962223417775 0
    endloop
  endfacet
  facet normal 0 0 1
    outer loop
      vertex -3.090169943749474 9.510565162951535 0
      vertex -1.5328054496342618 3.25737738887767 0
      vertex -1.8738131458572458 9.822872507286887 0
    endloop
  endfacet
  facet normal 0 0 1
    outer loop
      vertex -1.8738131458572458 9.822872507286887 0
      vertex -0.2260458703055262 3.5928962223417775 0
      vertex -0.6279051952931327 9.980267284282716 0
    endloop
  endfacet
  facet normal 0 0 1
    outer loop
      vertex -0.6279051952931327 9.980267284282716 0
      vertex -0.2260458703055262 3.5928962223417775 0
      vertex 0.6279051952931327 9.980267284282716 0
    endloop
  endfacet
  facet normal 0 0 -1
    outer loop
      vertex 0.6279051952931376 -9.980267284282716 -18
      vertex 1.2241154632495832 -2.6013777758398064 -18
      vertex 1.8738131458572482 -9.822872507286887 -18
    endloop
  endfacet
  facet normal 0 0 -1
    outer loop
      vertex -0.18052274364677706 -2.869326844231281 -18
      vertex 0.18052274364677706 -2.869326844231281 -18
      vertex 0.6279051952931376 -9.980267284282716 -18
    endloop
  endfacet
  facet normal 0 0 -1
    outer loop
      vertex 0.6279051952931376 -9.980267284282716 -18
      vertex 0.18052274364677706 -2.869326844231281 -18
      vertex 0.5387212794339589 -2.82407584584498 -18
    endloop
  endfacet
  facet normal 0 0 -1
    outer loop
      vertex 0.6279051952931376 -9.980267284282716 -18
      vertex 0.5387212794339589 -2.82407584584498 -18
      vertex 0.8884238588279738 -2.7342874843485663 -18
    endloop
  endfacet
  facet normal 0 0 -1
    outer loop
      vertex 0.6279051952931376 -9.980267284282716 -18
      vertex 0.8884238588279738 -2.7342874843485663 -18
      vertex 1.2241154632495832 -2.6013777758398064 -18
    endloop
  endfacet
  facet normal 0 0 -1
    outer loop
      vertex 1.8738131458572482 -9.822872507286887 -18
      vertex 2.5193817051261074 -1.3850418130424318 -18
      vertex 3.090169943749474 -9.510565162951535 -18
    endloop
  endfacet
  facet normal 0 -1 0
    outer loop
      vertex -0.6279051952931376 -9.980267284282716 -18
      vertex 0.6279051952931376 -9.980267284282716 -18
      vertex 0.6279051952931376 -9.980267284282716 0
    endloop
  endfacet
  facet normal 0.12533323356430498 -0.9921147013144778 0
    outer loop
      vertex 0.6279051952931376 -9.980267284282716 -18
      vertex 1.8738131458572482 -9.822872507286887 -18
      vertex 1.8738131458572482 -9.822872507286887 0
    endloop
  endfacet
  facet normal 0.2486898871648558 -0.968583161128631 0
    outer loop
      vertex 1.8738131458572482 -9.822872507286887 -18
      vertex 3.090169943749474 -9.510565162951535 -18
      vertex 3.090169943749474 -9.510565162951535 0
    endloop
  endfacet
  facet normal 0.36812455268467675 -0.9297764858882519 0
    outer loop
      vertex 3.090169943749474 -9.510565162951535 -18
      vertex 4.257792915650724 -9.048270524660197 -18
      vertex 4.257792915650724 -9.048270524660197 0
    endloop
  endfacet
  facet normal 0.4817536741017155 -0.8763066800438634 0
    outer loop
      vertex 4.257792915650724 -9.048270524660197 -18
      vertex 5.358267949789962 -8.443279255020153 -18
      vertex 5.358267949789962 -8.443279255020153 0
    endloop
  endfacet
  facet normal 0 0 -1
    outer loop
      vertex 1.8738131458572482 -9.822872507286887 -18
      vertex 1.2241154632495832 -2.6013777758398064 -18
      vertex 1.5405020355646142 -2.427442785818294 -18
    endloop
  endfacet
  facet normal 0 0 -1
    outer loop
      vertex 1.8738131458572482 -9.822872507286887 -18
      vertex 1.5405020355646142 -2.427442785818294 -18
      vertex 1.8325939705274836 -2.2152255729803936 -18
    endloop
  endfacet
  facet normal 0 0 -1
    outer loop
      vertex 1.8738131458572482 -9.822872507286887 -18
      vertex 1.8325939705274836 -2.2152255729803936 -18
      vertex 2.0957848038365587 -1.9680729295449795 -18
    endloop
  endfacet
  facet normal 0 0 -1
    outer loop
      vertex 1.8738131458572482 -9.822872507286887 -18
      vertex 2.0957848038365587 -1.9680729295449795 -18
      vertex 2.325923858827974 -1.6898826003408602 -18
    endloop
  endfacet
  facet normal 0 0 -1
    outer loop
      vertex 1.8738131458572482 -9.822872507286887 -18
      vertex 2.325923858827974 -1.6898826003408602 -18
      vertex 2.5193817051261074 -1.3850418130424318 -18
    endloop
  endfacet
  facet normal 0 0 -1
    outer loop
      vertex 3.090169943749474 -9.510565162951535 -18
      vertex 2.5193817051261074 -1.3850418130424318 -18
      vertex 2.6731073969287222 -1.0583580889684503 -18
    endloop
  endfacet
  facet normal 0 0 -1
    outer loop
      vertex 3.090169943749474 -9.510565162951535 -18
      vertex 2.6731073969287222 -1.0583580889684503 -18
      vertex 2.784676588244815 -0.7149834255989564 -18
    endloop
  endfacet
  facet normal 0 0 -1
    outer loop
      vertex 3.090169943749474 -9.510565162951535 -18
      vertex 2.784676588244815 -0.7149834255989564 -18
      vertex 2.852329766279124 -0.3603330464973742 -18
    endloop
  endfacet
  facet normal 0 0 -1
    outer loop
      vertex 3.090169943749474 -9.510565162951535 -18
      vertex 2.852329766279124 -0.3603330464973742 -18
      vertex 2.875 0 -18
    endloop
  endfacet
  facet normal 0 0 -1
    outer loop
      vertex 3.090169943749474 -9.510565162951535 -18
      vertex 4.257792915650727 9.048270524660195 -18
      vertex 4.257792915650724 -9.048270524660197 -18
    endloop
  endfacet
  facet normal 0 0 -1
    outer loop
      vertex 4.257792915650724 -9.048270524660197 -18
      vertex 5.358267949789966 8.443279255020151 -18
      vertex 5.358267949789962 -8.443279255020153 -18
    endloop
  endfacet
  facet normal 0.5877852522924726 -0.8090169943749479 0
    outer loop
      vertex 5.358267949789962 -8.443279255020153 -18
      vertex 6.3742398974869 -7.70513242775789 -18
      vertex 6.3742398974869 -7.70513242775789 0
    endloop
  endfacet
  facet normal 0.6845471059286893 -0.728968627421411 0
    outer loop
      vertex 6.3742398974869 -7.70513242775789 -18
      vertex 7.289686274214117 -6.845471059286885 -18
      vertex 7.289686274214117 -6.845471059286885 0
    endloop
  endfacet
  facet normal 0.7705132427757888 -0.6374239897486901 0
    outer loop
      vertex 7.289686274214117 -6.845471059286885 -18
      vertex 8.090169943749475 -5.877852522924732 -18
      vertex 7.289686274214117 -6.845471059286885 0
    endloop
  endfacet
  facet normal 0.8443279255020154 -0.535826794978996 0
    outer loop
      vertex 8.090169943749475 -5.877852522924732 -18
      vertex 8.763066800438635 -4.817536741017154 -18
      vertex 8.090169943749475 -5.877852522924732 0
    endloop
  endfacet
  facet normal 0 0 -1
    outer loop
      vertex 5.358267949789962 -8.443279255020153 -18
      vertex 6.3742398974868975 7.705132427757891 -18
      vertex 6.3742398974869 -7.70513242775789 -18
    endloop
  endfacet
  facet normal 0 0 -1
    outer loop
      vertex 6.3742398974869 -7.70513242775789 -18
      vertex 7.289686274214116 6.845471059286887 -18
      vertex 7.289686274214117 -6.845471059286885 -18
    endloop
  endfacet
  facet normal 0 0 -1
    outer loop
      vertex 7.289686274214117 -6.845471059286885 -18
      vertex 8.090169943749475 5.877852522924732 -18
      vertex 8.090169943749475 -5.877852522924732 -18
    endloop
  endfacet
  facet normal 0 0 -1
    outer loop
      vertex 8.090169943749475 -5.877852522924732 -18
      vertex 8.763066800438637 4.817536741017153 -18
      vertex 8.763066800438635 -4.817536741017154 -18
    endloop
  endfacet
  facet normal 0 0 -1
    outer loop
      vertex 8.763066800438635 -4.817536741017154 -18
      vertex 9.297764858882513 3.6812455268467796 -18
      vertex 9.297764858882513 -3.6812455268467836 -18
    endloop
  endfacet
  facet normal 0 0 -1
    outer loop
      vertex 9.297764858882513 -3.6812455268467836 -18
      vertex 9.68583161128631 2.486898871648548 -18
      vertex 9.685831611286313 -2.4868988716485445 -18
    endloop
  endfacet
  facet normal 0 0 -1
    outer loop
      vertex 9.685831611286313 -2.4868988716485445 -18
      vertex 9.921147013144779 1.2533323356430426 -18
      vertex 9.921147013144779 -1.2533323356430406 -18
    endloop
  endfacet
  facet normal 0.9048270524660192 -0.4257792915650734 0
    outer loop
      vertex 8.763066800438635 -4.817536741017154 -18
      vertex 9.297764858882513 -3.6812455268467836 -18
      vertex 8.763066800438635 -4.817536741017154 0
    endloop
  endfacet
  facet normal 0.9510565162951535 -0.30901699437494773 0
    outer loop
      vertex 9.297764858882513 -3.6812455268467836 -18
      vertex 9.685831611286313 -2.4868988716485445 -18
      vertex 9.297764858882513 -3.6812455268467836 0
    endloop
  endfacet
  facet normal 0.9822872507286887 -0.18738131458572432 0
    outer loop
      vertex 9.685831611286313 -2.4868988716485445 -18
      vertex 9.921147013144779 -1.2533323356430406 -18
      vertex 9.685831611286313 -2.4868988716485445 0
    endloop
  endfacet
  facet normal 0.9980267284282716 -0.06279051952931293 0
    outer loop
      vertex 9.921147013144779 -1.2533323356430406 -18
      vertex 10 0 -18
      vertex 9.921147013144779 -1.2533323356430406 0
    endloop
  endfacet
  facet normal 0.12533323356430498 -0.9921147013144778 0
    outer loop
      vertex 0.6279051952931376 -9.980267284282716 -18
      vertex 1.8738131458572482 -9.822872507286887 0
      vertex 0.6279051952931376 -9.980267284282716 0
    endloop
  endfacet
  facet normal 0.2486898871648558 -0.968583161128631 0
    outer loop
      vertex 1.8738131458572482 -9.822872507286887 -18
      vertex 3.090169943749474 -9.510565162951535 0
      vertex 1.8738131458572482 -9.822872507286887 0
    endloop
  endfacet
  facet normal 0.36812455268467675 -0.9297764858882519 0
    outer loop
      vertex 3.090169943749474 -9.510565162951535 -18
      vertex 4.257792915650724 -9.048270524660197 0
      vertex 3.090169943749474 -9.510565162951535 0
    endloop
  endfacet
  facet normal 0.4817536741017155 -0.8763066800438634 0
    outer loop
      vertex 4.257792915650724 -9.048270524660197 -18
      vertex 5.358267949789962 -8.443279255020153 0
      vertex 4.257792915650724 -9.048270524660197 0
    endloop
  endfacet
  facet normal 0 0 1
    outer loop
      vertex -0.6279051952931376 -9.980267284282716 0
      vertex 0.6279051952931376 -9.980267284282716 0
      vertex 0.22604587030552956 -3.5928962223417775 0
    endloop
  endfacet
  facet normal 0 0 1
    outer loop
      vertex 0.6279051952931376 -9.980267284282716 0
      vertex 1.8738131458572482 -9.822872507286887 0
      vertex 0.22604587030552956 -3.5928962223417775 0
    endloop
  endfacet
  facet normal 0 0 1
    outer loop
      vertex 1.8738131458572482 -9.822872507286887 0
      vertex 3.090169943749474 -9.510565162951535 0
      vertex 1.532805449634261 -3.2573773888776705 0
    endloop
  endfacet
  facet normal 0 0 1
    outer loop
      vertex 1.8738131458572482 -9.822872507286887 0
      vertex 0.6745727325086094 -3.536234102623279 0
      vertex 0.22604587030552956 -3.5928962223417775 0
    endloop
  endfacet
  facet normal 0 0 1
    outer loop
      vertex 1.8738131458572482 -9.822872507286887 0
      vertex 1.1124611797498107 -3.4238034586625528 0
      vertex 0.6745727325086094 -3.536234102623279 0
    endloop
  endfacet
  facet normal 0 0 1
    outer loop
      vertex 1.8738131458572482 -9.822872507286887 0
      vertex 1.532805449634261 -3.2573773888776705 0
      vertex 1.1124611797498107 -3.4238034586625528 0
    endloop
  endfacet
  facet normal 0 0 1
    outer loop
      vertex 3.090169943749474 -9.510565162951535 0
      vertex 1.9289764619243863 -3.039580531807255 0
      vertex 1.532805449634261 -3.2573773888776705 0
    endloop
  endfacet
  facet normal 0 0 1
    outer loop
      vertex 3.090169943749474 -9.510565162951535 0
      vertex 2.294726363095284 -2.7738476739928406 0
      vertex 1.9289764619243863 -3.039580531807255 0
    endloop
  endfacet
  facet normal 0 0 1
    outer loop
      vertex 3.090169943749474 -9.510565162951535 0
      vertex 4.257792915650724 -9.048270524660197 0
      vertex 2.912461179749811 -2.1160269082529033 0
    endloop
  endfacet
  facet normal 0 0 1
    outer loop
      vertex 3.090169943749474 -9.510565162951535 0
      vertex 2.624287058717082 -2.464369581343279 0
      vertex 2.294726363095284 -2.7738476739928406 0
    endloop
  endfacet
  facet normal 0 0 1
    outer loop
      vertex 3.090169943749474 -9.510565162951535 0
      vertex 2.912461179749811 -2.1160269082529033 0
      vertex 2.624287058717082 -2.464369581343279 0
    endloop
  endfacet
  facet normal 0 0 1
    outer loop
      vertex 4.257792915650724 -9.048270524660197 0
      vertex 3.1547040481579085 -1.7343132267661754 0
      vertex 2.912461179749811 -2.1160269082529033 0
    endloop
  endfacet
  facet normal 0 0 1
    outer loop
      vertex 4.257792915650724 -9.048270524660197 0
      vertex 3.3471953491977047 -1.3252483896648422 0
      vertex 3.1547040481579085 -1.7343132267661754 0
    endloop
  endfacet
  facet normal 0 0 1
    outer loop
      vertex 4.257792915650724 -9.048270524660197 0
      vertex 3.4868993800630723 -0.895283593793476 0
      vertex 3.3471953491977047 -1.3252483896648422 0
    endloop
  endfacet
  facet normal 0 0 1
    outer loop
      vertex 4.257792915650724 -9.048270524660197 0
      vertex 3.57161292473212 -0.45119964083149466 0
      vertex 3.4868993800630723 -0.895283593793476 0
    endloop
  endfacet
  facet normal 0 0 1
    outer loop
      vertex 4.257792915650724 -9.048270524660197 0
      vertex 3.6 0 0
      vertex 3.57161292473212 -0.45119964083149466 0
    endloop
  endfacet
  facet normal 0 0 1
    outer loop
      vertex 4.257792915650724 -9.048270524660197 0
      vertex 5.358267949789962 -8.443279255020153 0
      vertex 4.257792915650727 9.048270524660195 0
    endloop
  endfacet
  facet normal 0.5877852522924726 -0.8090169943749479 0
    outer loop
      vertex 5.358267949789962 -8.443279255020153 -18
      vertex 6.3742398974869 -7.70513242775789 0
      vertex 5.358267949789962 -8.443279255020153 0
    endloop
  endfacet
  facet normal 0.6845471059286893 -0.728968627421411 0
    outer loop
      vertex 6.3742398974869 -7.70513242775789 -18
      vertex 7.289686274214117 -6.845471059286885 0
      vertex 6.3742398974869 -7.70513242775789 0
    endloop
  endfacet
  facet normal 0.7705132427757888 -0.6374239897486901 0
    outer loop
      vertex 8.090169943749475 -5.877852522924732 -18
      vertex 8.090169943749475 -5.877852522924732 0
      vertex 7.289686274214117 -6.845471059286885 0
    endloop
  endfacet
  facet normal 0.8443279255020154 -0.535826794978996 0
    outer loop
      vertex 8.763066800438635 -4.817536741017154 -18
      vertex 8.763066800438635 -4.817536741017154 0
      vertex 8.090169943749475 -5.877852522924732 0
    endloop
  endfacet
  facet normal 0.9048270524660192 -0.4257792915650734 0
    outer loop
      vertex 9.297764858882513 -3.6812455268467836 -18
      vertex 9.297764858882513 -3.6812455268467836 0
      vertex 8.763066800438635 -4.817536741017154 0
    endloop
  endfacet
  facet normal 0.9510565162951535 -0.30901699437494773 0
    outer loop
      vertex 9.685831611286313 -2.4868988716485445 -18
      vertex 9.685831611286313 -2.4868988716485445 0
      vertex 9.297764858882513 -3.6812455268467836 0
    endloop
  endfacet
  facet normal 0.9822872507286887 -0.18738131458572432 0
    outer loop
      vertex 9.921147013144779 -1.2533323356430406 -18
      vertex 9.921147013144779 -1.2533323356430406 0
      vertex 9.685831611286313 -2.4868988716485445 0
    endloop
  endfacet
  facet normal 0.9980267284282716 -0.06279051952931293 0
    outer loop
      vertex 9.921147013144779 -1.2533323356430406 0
      vertex 10 0 -18
      vertex 10 0 0
    endloop
  endfacet
  facet normal 0 0 1
    outer loop
      vertex 5.358267949789962 -8.443279255020153 0
      vertex 6.3742398974869 -7.70513242775789 0
      vertex 5.358267949789966 8.443279255020151 0
    endloop
  endfacet
  facet normal 0 0 1
    outer loop
      vertex 6.3742398974869 -7.70513242775789 0
      vertex 7.289686274214117 -6.845471059286885 0
      vertex 6.3742398974868975 7.705132427757891 0
    endloop
  endfacet
  facet normal 0 0 1
    outer loop
      vertex 7.289686274214117 -6.845471059286885 0
      vertex 8.090169943749475 -5.877852522924732 0
      vertex 7.289686274214116 6.845471059286887 0
    endloop
  endfacet
  facet normal 0 0 1
    outer loop
      vertex 8.090169943749475 -5.877852522924732 0
      vertex 8.763066800438635 -4.817536741017154 0
      vertex 8.090169943749475 5.877852522924732 0
    endloop
  endfacet
  facet normal 0 0 1
    outer loop
      vertex 8.763066800438635 -4.817536741017154 0
      vertex 9.297764858882513 -3.6812455268467836 0
      vertex 8.763066800438637 4.817536741017153 0
    endloop
  endfacet
  facet normal 0 0 1
    outer loop
      vertex 9.297764858882513 -3.6812455268467836 0
      vertex 9.685831611286313 -2.4868988716485445 0
      vertex 9.297764858882513 3.6812455268467796 0
    endloop
  endfacet
  facet normal 0 0 1
    outer loop
      vertex 9.685831611286313 -2.4868988716485445 0
      vertex 9.921147013144779 -1.2533323356430406 0
      vertex 9.68583161128631 2.486898871648548 0
    endloop
  endfacet
  facet normal 0 0 -1
    outer loop
      vertex 1.5405020355646153 2.427442785818293 -18
      vertex 1.224115463249584 2.601377775839806 -18
      vertex 1.8738131458572458 9.822872507286887 -18
    endloop
  endfacet
  facet normal 0 0 -1
    outer loop
      vertex 1.5405020355646153 2.427442785818293 -18
      vertex 1.8738131458572458 9.822872507286887 -18
      vertex 1.832593970527483 2.2152255729803936 -18
    endloop
  endfacet
  facet normal 0 0 -1
    outer loop
      vertex 1.832593970527483 2.2152255729803936 -18
      vertex 3.090169943749474 9.510565162951535 -18
      vertex 2.0957848038365583 1.9680729295449801 -18
    endloop
  endfacet
  facet normal 0 0 -1
    outer loop
      vertex 3.090169943749474 -9.510565162951535 -18
      vertex 2.875 0 -18
      vertex 3.090169943749474 9.510565162951535 -18
    endloop
  endfacet
  facet normal 0 0 -1
    outer loop
      vertex 2.875 0 -18
      vertex 2.852329766279124 0.36033304649737474 -18
      vertex 3.090169943749474 9.510565162951535 -18
    endloop
  endfacet
  facet normal 0 0 -1
    outer loop
      vertex 2.852329766279124 0.36033304649737474 -18
      vertex 2.7846765882448143 0.7149834255989576 -18
      vertex 3.090169943749474 9.510565162951535 -18
    endloop
  endfacet
  facet normal 0 0 -1
    outer loop
      vertex 3.090169943749474 -9.510565162951535 -18
      vertex 3.090169943749474 9.510565162951535 -18
      vertex 4.257792915650727 9.048270524660195 -18
    endloop
  endfacet
  facet normal 0 0 -1
    outer loop
      vertex 2.6731073969287227 1.0583580889684492 -18
      vertex 2.519381705126108 1.3850418130424316 -18
      vertex 3.090169943749474 9.510565162951535 -18
    endloop
  endfacet
  facet normal 0 0 -1
    outer loop
      vertex 2.325923858827974 1.6898826003408602 -18
      vertex 3.090169943749474 9.510565162951535 -18
      vertex 2.519381705126108 1.3850418130424316 -18
    endloop
  endfacet
  facet normal 0 0 -1
    outer loop
      vertex 2.7846765882448143 0.7149834255989576 -18
      vertex 2.6731073969287227 1.0583580889684492 -18
      vertex 3.090169943749474 9.510565162951535 -18
    endloop
  endfacet
  facet normal 0 0 -1
    outer loop
      vertex 2.325923858827974 1.6898826003408602 -18
      vertex 2.0957848038365583 1.9680729295449801 -18
      vertex 3.090169943749474 9.510565162951535 -18
    endloop
  endfacet
  facet normal 0 0 -1
    outer loop
      vertex 4.257792915650724 -9.048270524660197 -18
      vertex 4.257792915650727 9.048270524660195 -18
      vertex 5.358267949789966 8.443279255020151 -18
    endloop
  endfacet
  facet normal 0 0 -1
    outer loop
      vertex 0.18052274364677398 2.869326844231281 -18
      vertex 0.6279051952931327 9.980267284282716 -18
      vertex 0.5387212794339582 2.82407584584498 -18
    endloop
  endfacet
  facet normal 0 0 -1
    outer loop
      vertex 0.5387212794339582 2.82407584584498 -18
      vertex 1.8738131458572458 9.822872507286887 -18
      vertex 0.8884238588279738 2.7342874843485663 -18
    endloop
  endfacet
  facet normal 0 0 -1
    outer loop
      vertex 0.8884238588279738 2.7342874843485663 -18
      vertex 1.8738131458572458 9.822872507286887 -18
      vertex 1.224115463249584 2.601377775839806 -18
    endloop
  endfacet
  facet normal 0 0 -1
    outer loop
      vertex 1.832593970527483 2.2152255729803936 -18
      vertex 1.8738131458572458 9.822872507286887 -18
      vertex 3.090169943749474 9.510565162951535 -18
    endloop
  endfacet
  facet normal 0 0 -1
    outer loop
      vertex -0.6279051952931327 9.980267284282716 -18
      vertex 0.6279051952931327 9.980267284282716 -18
      vertex 0.18052274364677398 2.869326844231281 -18
    endloop
  endfacet
  facet normal 0 0 -1
    outer loop
      vertex 0.5387212794339582 2.82407584584498 -18
      vertex 0.6279051952931327 9.980267284282716 -18
      vertex 1.8738131458572458 9.822872507286887 -18
    endloop
  endfacet
  facet normal 0.12533323356430473 0.9921147013144779 0
    outer loop
      vertex 0.6279051952931327 9.980267284282716 -18
      vertex 0.6279051952931327 9.980267284282716 0
      vertex 1.8738131458572458 9.822872507286887 -18
    endloop
  endfacet
  facet normal 0.24868988716485532 0.968583161128631 0
    outer loop
      vertex 1.8738131458572458 9.822872507286887 -18
      vertex 1.8738131458572458 9.822872507286887 0
      vertex 3.090169943749474 9.510565162951535 -18
    endloop
  endfacet
  facet normal 0.3681245526846773 0.9297764858882517 0
    outer loop
      vertex 3.090169943749474 9.510565162951535 -18
      vertex 3.090169943749474 9.510565162951535 0
      vertex 4.257792915650727 9.048270524660195 -18
    endloop
  endfacet
  facet normal 0.4817536741017149 0.8763066800438638 0
    outer loop
      vertex 4.257792915650727 9.048270524660195 -18
      vertex 4.257792915650727 9.048270524660195 0
      vertex 5.358267949789966 8.443279255020151 -18
    endloop
  endfacet
  facet normal 0 0 -1
    outer loop
      vertex 6.3742398974869 -7.70513242775789 -18
      vertex 6.3742398974868975 7.705132427757891 -18
      vertex 7.289686274214116 6.845471059286887 -18
    endloop
  endfacet
  facet normal 0 0 -1
    outer loop
      vertex 5.358267949789962 -8.443279255020153 -18
      vertex 5.358267949789966 8.443279255020151 -18
      vertex 6.3742398974868975 7.705132427757891 -18
    endloop
  endfacet
  facet normal 0 0 -1
    outer loop
      vertex 7.289686274214117 -6.845471059286885 -18
      vertex 7.289686274214116 6.845471059286887 -18
      vertex 8.090169943749475 5.877852522924732 -18
    endloop
  endfacet
  facet normal 0 0 -1
    outer loop
      vertex 8.090169943749475 -5.877852522924732 -18
      vertex 8.090169943749475 5.877852522924732 -18
      vertex 8.763066800438637 4.817536741017153 -18
    endloop
  endfacet
  facet normal 0 0 -1
    outer loop
      vertex 8.763066800438635 -4.817536741017154 -18
      vertex 8.763066800438637 4.817536741017153 -18
      vertex 9.297764858882513 3.6812455268467796 -18
    endloop
  endfacet
  facet normal 0 0 -1
    outer loop
      vertex 9.921147013144779 -1.2533323356430406 -18
      vertex 9.921147013144779 1.2533323356430426 -18
      vertex 10 0 -18
    endloop
  endfacet
  facet normal 0 0 -1
    outer loop
      vertex 9.685831611286313 -2.4868988716485445 -18
      vertex 9.68583161128631 2.486898871648548 -18
      vertex 9.921147013144779 1.2533323356430426 -18
    endloop
  endfacet
  facet normal 0 0 -1
    outer loop
      vertex 9.297764858882513 -3.6812455268467836 -18
      vertex 9.297764858882513 3.6812455268467796 -18
      vertex 9.68583161128631 2.486898871648548 -18
    endloop
  endfacet
  facet normal 0.9980267284282716 0.06279051952931283 0
    outer loop
      vertex 10 0 -18
      vertex 9.921147013144779 1.2533323356430426 -18
      vertex 10 0 0
    endloop
  endfacet
  facet normal 0.9822872507286885 0.1873813145857255 0
    outer loop
      vertex 9.921147013144779 1.2533323356430426 -18
      vertex 9.68583161128631 2.486898871648548 -18
      vertex 9.921147013144779 1.2533323356430426 0
    endloop
  endfacet
  facet normal 0.9510565162951533 0.30901699437494823 0
    outer loop
      vertex 9.68583161128631 2.486898871648548 -18
      vertex 9.297764858882513 3.6812455268467796 -18
      vertex 9.68583161128631 2.486898871648548 0
    endloop
  endfacet
  facet normal 0.9048270524660202 0.4257792915650712 0
    outer loop
      vertex 9.297764858882513 3.6812455268467796 -18
      vertex 8.763066800438637 4.817536741017153 -18
      vertex 9.297764858882513 3.6812455268467796 0
    endloop
  endfacet
  facet normal 0.6845471059286878 0.7289686274214122 0
    outer loop
      vertex 7.289686274214116 6.845471059286887 -18
      vertex 6.3742398974868975 7.705132427757891 -18
      vertex 6.3742398974868975 7.705132427757891 0
    endloop
  endfacet
  facet normal 0.5877852522924738 0.8090169943749469 0
    outer loop
      vertex 5.358267949789966 8.443279255020151 -18
      vertex 5.358267949789966 8.443279255020151 0
      vertex 6.3742398974868975 7.705132427757891 -18
    endloop
  endfacet
  facet normal 0.7705132427757894 0.6374239897486894 0
    outer loop
      vertex 7.289686274214116 6.845471059286887 -18
      vertex 8.090169943749475 5.877852522924732 0
      vertex 8.090169943749475 5.877852522924732 -18
    endloop
  endfacet
  facet normal 0.844327925502015 0.5358267949789967 0
    outer loop
      vertex 8.763066800438637 4.817536741017153 -18
      vertex 8.090169943749475 5.877852522924732 -18
      vertex 8.763066800438637 4.817536741017153 0
    endloop
  endfacet
  facet normal 0 0 1
    outer loop
      vertex 4.257792915650724 -9.048270524660197 0
      vertex 3.090169943749474 9.510565162951535 0
      vertex 3.6 0 0
    endloop
  endfacet
  facet normal 0 0 1
    outer loop
      vertex 3.090169943749474 9.510565162951535 0
      vertex 3.57161292473212 0.45119964083149533 0
      vertex 3.6 0 0
    endloop
  endfacet
  facet normal 0 0 1
    outer loop
      vertex 3.090169943749474 9.510565162951535 0
      vertex 3.486899380063072 0.8952835937934773 0
      vertex 3.57161292473212 0.45119964083149533 0
    endloop
  endfacet
  facet normal 0 0 1
    outer loop
      vertex 3.090169943749474 9.510565162951535 0
      vertex 2.912461179749811 2.1160269082529033 0
      vertex 3.154704048157909 1.7343132267661752 0
    endloop
  endfacet
  facet normal 0 0 1
    outer loop
      vertex 3.090169943749474 9.510565162951535 0
      vertex 2.6242870587170817 2.4643695813432793 0
      vertex 2.912461179749811 2.1160269082529033 0
    endloop
  endfacet
  facet normal 0 0 1
    outer loop
      vertex 3.090169943749474 9.510565162951535 0
      vertex 3.347195349197705 1.3252483896648408 0
      vertex 3.486899380063072 0.8952835937934773 0
    endloop
  endfacet
  facet normal 0 0 1
    outer loop
      vertex 3.090169943749474 9.510565162951535 0
      vertex 3.154704048157909 1.7343132267661752 0
      vertex 3.347195349197705 1.3252483896648408 0
    endloop
  endfacet
  facet normal 0 0 1
    outer loop
      vertex 4.257792915650724 -9.048270524660197 0
      vertex 4.257792915650727 9.048270524660195 0
      vertex 3.090169943749474 9.510565162951535 0
    endloop
  endfacet
  facet normal 0 0 1
    outer loop
      vertex 5.358267949789962 -8.443279255020153 0
      vertex 5.358267949789966 8.443279255020151 0
      vertex 4.257792915650727 9.048270524660195 0
    endloop
  endfacet
  facet normal 0 1 0
    outer loop
      vertex -0.6279051952931327 9.980267284282716 0
      vertex 0.6279051952931327 9.980267284282716 0
      vertex 0.6279051952931327 9.980267284282716 -18
    endloop
  endfacet
  facet normal 0.12533323356430473 0.9921147013144779 0
    outer loop
      vertex 1.8738131458572458 9.822872507286887 -18
      vertex 0.6279051952931327 9.980267284282716 0
      vertex 1.8738131458572458 9.822872507286887 0
    endloop
  endfacet
  facet normal 0.24868988716485532 0.968583161128631 0
    outer loop
      vertex 3.090169943749474 9.510565162951535 -18
      vertex 1.8738131458572458 9.822872507286887 0
      vertex 3.090169943749474 9.510565162951535 0
    endloop
  endfacet
  facet normal 0.4817536741017149 0.8763066800438638 0
    outer loop
      vertex 5.358267949789966 8.443279255020151 -18
      vertex 4.257792915650727 9.048270524660195 0
      vertex 5.358267949789966 8.443279255020151 0
    endloop
  endfacet
  facet normal 0.3681245526846773 0.9297764858882517 0
    outer loop
      vertex 4.257792915650727 9.048270524660195 -18
      vertex 3.090169943749474 9.510565162951535 0
      vertex 4.257792915650727 9.048270524660195 0
    endloop
  endfacet
  facet normal 0 0 1
    outer loop
      vertex 0.6279051952931327 9.980267284282716 0
      vertex -0.2260458703055262 3.5928962223417775 0
      vertex 0.2260458703055278 3.5928962223417775 0
    endloop
  endfacet
  facet normal 0 0 1
    outer loop
      vertex 0.6279051952931327 9.980267284282716 0
      vertex 0.2260458703055278 3.5928962223417775 0
      vertex 0.6745727325086085 3.5362341026232795 0
    endloop
  endfacet
  facet normal 0 0 1
    outer loop
      vertex 0.6279051952931327 9.980267284282716 0
      vertex 0.6745727325086085 3.5362341026232795 0
      vertex 1.1124611797498107 3.4238034586625528 0
    endloop
  endfacet
  facet normal 0 0 1
    outer loop
      vertex 1.8738131458572458 9.822872507286887 0
      vertex 1.1124611797498107 3.4238034586625528 0
      vertex 1.5328054496342618 3.25737738887767 0
    endloop
  endfacet
  facet normal 0 0 1
    outer loop
      vertex 1.8738131458572458 9.822872507286887 0
      vertex 1.5328054496342618 3.25737738887767 0
      vertex 1.928976461924388 3.039580531807254 0
    endloop
  endfacet
  facet normal 0 0 1
    outer loop
      vertex 1.8738131458572458 9.822872507286887 0
      vertex 1.928976461924388 3.039580531807254 0
      vertex 2.294726363095283 2.773847673992841 0
    endloop
  endfacet
  facet normal 0 0 1
    outer loop
      vertex 1.8738131458572458 9.822872507286887 0
      vertex 2.294726363095283 2.773847673992841 0
      vertex 2.6242870587170817 2.4643695813432793 0
    endloop
  endfacet
  facet normal 0 0 1
    outer loop
      vertex 0.6279051952931327 9.980267284282716 0
      vertex 1.1124611797498107 3.4238034586625528 0
      vertex 1.8738131458572458 9.822872507286887 0
    endloop
  endfacet
  facet normal 0 0 1
    outer loop
      vertex 1.8738131458572458 9.822872507286887 0
      vertex 2.6242870587170817 2.4643695813432793 0
      vertex 3.090169943749474 9.510565162951535 0
    endloop
  endfacet
  facet normal 0.9980267284282716 0.06279051952931283 0
    outer loop
      vertex 9.921147013144779 1.2533323356430426 -18
      vertex 9.921147013144779 1.2533323356430426 0
      vertex 10 0 0
    endloop
  endfacet
  facet normal 0.9822872507286885 0.1873813145857255 0
    outer loop
      vertex 9.68583161128631 2.486898871648548 -18
      vertex 9.68583161128631 2.486898871648548 0
      vertex 9.921147013144779 1.2533323356430426 0
    endloop
  endfacet
  facet normal 0.9510565162951533 0.30901699437494823 0
    outer loop
      vertex 9.297764858882513 3.6812455268467796 -18
      vertex 9.297764858882513 3.6812455268467796 0
      vertex 9.68583161128631 2.486898871648548 0
    endloop
  endfacet
  facet normal 0.9048270524660202 0.4257792915650712 0
    outer loop
      vertex 8.763066800438637 4.817536741017153 -18
      vertex 8.763066800438637 4.817536741017153 0
      vertex 9.297764858882513 3.6812455268467796 0
    endloop
  endfacet
  facet normal 0 0 1
    outer loop
      vertex 6.3742398974869 -7.70513242775789 0
      vertex 6.3742398974868975 7.705132427757891 0
      vertex 5.358267949789966 8.443279255020151 0
    endloop
  endfacet
  facet normal 0 0 1
    outer loop
      vertex 7.289686274214117 -6.845471059286885 0
      vertex 7.289686274214116 6.845471059286887 0
      vertex 6.3742398974868975 7.705132427757891 0
    endloop
  endfacet
  facet normal 0 0 1
    outer loop
      vertex 8.090169943749475 -5.877852522924732 0
      vertex 8.090169943749475 5.877852522924732 0
      vertex 7.289686274214116 6.845471059286887 0
    endloop
  endfacet
  facet normal 0 0 1
    outer loop
      vertex 8.763066800438635 -4.817536741017154 0
      vertex 8.763066800438637 4.817536741017153 0
      vertex 8.090169943749475 5.877852522924732 0
    endloop
  endfacet
  facet normal 0 0 1
    outer loop
      vertex 9.921147013144779 -1.2533323356430406 0
      vertex 10 0 0
      vertex 9.921147013144779 1.2533323356430426 0
    endloop
  endfacet
  facet normal 0 0 1
    outer loop
      vertex 9.685831611286313 -2.4868988716485445 0
      vertex 9.68583161128631 2.486898871648548 0
      vertex 9.297764858882513 3.6812455268467796 0
    endloop
  endfacet
  facet normal 0 0 1
    outer loop
      vertex 9.921147013144779 -1.2533323356430406 0
      vertex 9.921147013144779 1.2533323356430426 0
      vertex 9.68583161128631 2.486898871648548 0
    endloop
  endfacet
  facet normal 0 0 1
    outer loop
      vertex 9.297764858882513 -3.6812455268467836 0
      vertex 9.297764858882513 3.6812455268467796 0
      vertex 8.763066800438637 4.817536741017153 0
    endloop
  endfacet
  facet normal 0.6845471059286878 0.7289686274214122 0
    outer loop
      vertex 7.289686274214116 6.845471059286887 -18
      vertex 6.3742398974868975 7.705132427757891 0
      vertex 7.289686274214116 6.845471059286887 0
    endloop
  endfacet
  facet normal 0.5877852522924738 0.8090169943749469 0
    outer loop
      vertex 6.3742398974868975 7.705132427757891 -18
      vertex 5.358267949789966 8.443279255020151 0
      vertex 6.3742398974868975 7.705132427757891 0
    endloop
  endfacet
  facet normal 0.844327925502015 0.5358267949789967 0
    outer loop
      vertex 8.090169943749475 5.877852522924732 -18
      vertex 8.090169943749475 5.877852522924732 0
      vertex 8.763066800438637 4.817536741017153 0
    endloop
  endfacet
  facet normal 0.7705132427757894 0.6374239897486894 0
    outer loop
      vertex 7.289686274214116 6.845471059286887 -18
      vertex 7.289686274214116 6.845471059286887 0
      vertex 8.090169943749475 5.877852522924732 0
    endloop
  endfacet
  facet normal -0.9048270524660189 -0.4257792915650738 0
    outer loop
      vertex -2.5193817051261074 -1.3850418130424318 -21
      vertex -2.5193817051261074 -1.3850418130424318 -18
      vertex -2.673107396928723 -1.058358088968449 -21
    endloop
  endfacet
  facet normal -0.9510565162951539 -0.3090169943749465 0
    outer loop
      vertex -2.673107396928723 -1.058358088968449 -21
      vertex -2.673107396928723 -1.058358088968449 -18
      vertex -2.7846765882448143 -0.7149834255989577 -21
    endloop
  endfacet
  facet normal 0 0 -1
    outer loop
      vertex -2.5193817051261074 -1.3850418130424318 -21
      vertex -2.673107396928723 -1.058358088968449 -21
      vertex -2.5193817051261074 1.3850418130424318 -21
    endloop
  endfacet
  facet normal 0 0 -1
    outer loop
      vertex -2.673107396928723 -1.058358088968449 -21
      vertex -2.7846765882448143 -0.7149834255989577 -21
      vertex -2.673107396928723 1.058358088968449 -21
    endloop
  endfacet
  facet normal 0 0 -1
    outer loop
      vertex -2.7846765882448143 -0.7149834255989577 -21
      vertex -2.852329766279124 -0.3603330464973742 -21
      vertex -2.7846765882448143 0.7149834255989577 -21
    endloop
  endfacet
  facet normal -0.9980267284282714 -0.06279051952931329 0
    outer loop
      vertex -2.852329766279124 -0.3603330464973742 -21
      vertex -2.852329766279124 -0.3603330464973742 -18
      vertex -2.875 0 -21
    endloop
  endfacet
  facet normal -0.9822872507286887 -0.18738131458572477 0
    outer loop
      vertex -2.7846765882448143 -0.7149834255989577 -21
      vertex -2.7846765882448143 -0.7149834255989577 -18
      vertex -2.852329766279124 -0.3603330464973742 -21
    endloop
  endfacet
  facet normal -0.9048270524660189 -0.4257792915650738 0
    outer loop
      vertex -2.673107396928723 -1.058358088968449 -21
      vertex -2.5193817051261074 -1.3850418130424318 -18
      vertex -2.673107396928723 -1.058358088968449 -18
    endloop
  endfacet
  facet normal -0.9510565162951539 -0.3090169943749465 0
    outer loop
      vertex -2.7846765882448143 -0.7149834255989577 -21
      vertex -2.673107396928723 -1.058358088968449 -18
      vertex -2.7846765882448143 -0.7149834255989577 -18
    endloop
  endfacet
  facet normal -0.9822872507286887 -0.18738131458572477 0
    outer loop
      vertex -2.852329766279124 -0.3603330464973742 -21
      vertex -2.7846765882448143 -0.7149834255989577 -18
      vertex -2.852329766279124 -0.3603330464973742 -18
    endloop
  endfacet
  facet normal -0.9980267284282714 -0.06279051952931329 0
    outer loop
      vertex -2.852329766279124 -0.3603330464973742 -18
      vertex -2.875 0 -18
      vertex -2.875 0 -21
    endloop
  endfacet
  facet normal -0.48175367410171493 -0.8763066800438637 0
    outer loop
      vertex -1.2241154632495832 -2.6013777758398064 -21
      vertex -1.2241154632495832 -2.6013777758398064 -18
      vertex -1.5405020355646157 -2.427442785818293 -21
    endloop
  endfacet
  facet normal -0.36812455268467725 -0.9297764858882517 0
    outer loop
      vertex -1.2241154632495832 -2.6013777758398064 -21
      vertex -0.8884238588279738 -2.7342874843485663 -21
      vertex -0.8884238588279738 -2.7342874843485663 -18
    endloop
  endfacet
  facet normal -0.24868988716485577 -0.9685831611286309 0
    outer loop
      vertex -0.8884238588279738 -2.7342874843485663 -21
      vertex -0.5387212794339589 -2.82407584584498 -21
      vertex -0.5387212794339589 -2.82407584584498 -18
    endloop
  endfacet
  facet normal 0 0 -1
    outer loop
      vertex -0.5387212794339589 -2.82407584584498 -21
      vertex -0.11302293515276478 -1.7964481111708888 -21
      vertex -0.18052274364677706 -2.869326844231281 -21
    endloop
  endfacet
  facet normal 0 0 -1
    outer loop
      vertex -0.18052274364677706 -2.869326844231281 -21
      vertex -0.11302293515276478 -1.7964481111708888 -21
      vertex 0.18052274364677706 -2.869326844231281 -21
    endloop
  endfacet
  facet normal -0.12533323356430495 -0.9921147013144777 0
    outer loop
      vertex -0.5387212794339589 -2.82407584584498 -21
      vertex -0.18052274364677706 -2.869326844231281 -21
      vertex -0.18052274364677706 -2.869326844231281 -18
    endloop
  endfacet
  facet normal -0.36812455268467725 -0.9297764858882517 0
    outer loop
      vertex -1.2241154632495832 -2.6013777758398064 -21
      vertex -0.8884238588279738 -2.7342874843485663 -18
      vertex -1.2241154632495832 -2.6013777758398064 -18
    endloop
  endfacet
  facet normal -0.24868988716485577 -0.9685831611286309 0
    outer loop
      vertex -0.8884238588279738 -2.7342874843485663 -21
      vertex -0.5387212794339589 -2.82407584584498 -18
      vertex -0.8884238588279738 -2.7342874843485663 -18
    endloop
  endfacet
  facet normal -0.12533323356430495 -0.9921147013144777 0
    outer loop
      vertex -0.5387212794339589 -2.82407584584498 -21
      vertex -0.18052274364677706 -2.869326844231281 -18
      vertex -0.5387212794339589 -2.82407584584498 -18
    endloop
  endfacet
  facet normal 0 -1 0
    outer loop
      vertex -0.18052274364677706 -2.869326844231281 -21
      vertex 0.18052274364677706 -2.869326844231281 -18
      vertex -0.18052274364677706 -2.869326844231281 -18
    endloop
  endfacet
  facet normal -0.7705132427757894 -0.6374239897486896 0
    outer loop
      vertex -2.0957848038365587 -1.9680729295449795 -21
      vertex -2.0957848038365587 -1.9680729295449795 -18
      vertex -2.325923858827974 -1.6898826003408602 -21
    endloop
  endfacet
  facet normal -0.6845471059286888 -0.7289686274214112 0
    outer loop
      vertex -2.0957848038365587 -1.9680729295449795 -21
      vertex -1.8325939705274827 -2.2152255729803945 -21
      vertex -1.8325939705274827 -2.2152255729803945 -18
    endloop
  endfacet
  facet normal -0.8443279255020155 -0.5358267949789958 0
    outer loop
      vertex -2.5193817051261074 -1.3850418130424318 -21
      vertex -2.325923858827974 -1.6898826003408602 -21
      vertex -2.325923858827974 -1.6898826003408602 -18
    endloop
  endfacet
  facet normal 0 0 -1
    outer loop
      vertex -1.8325939705274827 -2.2152255729803945 -21
      vertex -1.4562305898749055 -1.0580134541264516 -21
      vertex -1.5405020355646157 -2.427442785818293 -21
    endloop
  endfacet
  facet normal 0 0 -1
    outer loop
      vertex -1.2241154632495832 -2.6013777758398064 -21
      vertex -1.5405020355646157 -2.427442785818293 -21
      vertex -1.1473631815476413 -1.386923836996421 -21
    endloop
  endfacet
  facet normal -0.5877852522924729 -0.8090169943749476 0
    outer loop
      vertex -1.8325939705274827 -2.2152255729803945 -21
      vertex -1.5405020355646157 -2.427442785818293 -21
      vertex -1.5405020355646157 -2.427442785818293 -18
    endloop
  endfacet
  facet normal 0 0 -1
    outer loop
      vertex -1.8325939705274827 -2.2152255729803945 -21
      vertex -1.6735976745988526 -0.6626241948324202 -21
      vertex -1.5773520240789543 -0.8671566133830877 -21
    endloop
  endfacet
  facet normal 0 0 -1
    outer loop
      vertex -1.8325939705274827 -2.2152255729803945 -21
      vertex -1.5773520240789543 -0.8671566133830877 -21
      vertex -1.4562305898749055 -1.0580134541264516 -21
    endloop
  endfacet
  facet normal 0 0 -1
    outer loop
      vertex -1.5405020355646157 -2.427442785818293 -21
      vertex -1.4562305898749055 -1.0580134541264516 -21
      vertex -1.312143529358541 -1.2321847906716394 -21
    endloop
  endfacet
  facet normal 0 0 -1
    outer loop
      vertex -1.5405020355646157 -2.427442785818293 -21
      vertex -1.312143529358541 -1.2321847906716394 -21
      vertex -1.1473631815476413 -1.386923836996421 -21
    endloop
  endfacet
  facet normal -0.6845471059286888 -0.7289686274214112 0
    outer loop
      vertex -2.0957848038365587 -1.9680729295449795 -21
      vertex -1.8325939705274827 -2.2152255729803945 -18
      vertex -2.0957848038365587 -1.9680729295449795 -18
    endloop
  endfacet
  facet normal -0.7705132427757894 -0.6374239897486896 0
    outer loop
      vertex -2.325923858827974 -1.6898826003408602 -21
      vertex -2.0957848038365587 -1.9680729295449795 -18
      vertex -2.325923858827974 -1.6898826003408602 -18
    endloop
  endfacet
  facet normal -0.8443279255020155 -0.5358267949789958 0
    outer loop
      vertex -2.5193817051261074 -1.3850418130424318 -21
      vertex -2.325923858827974 -1.6898826003408602 -18
      vertex -2.5193817051261074 -1.3850418130424318 -18
    endloop
  endfacet
  facet normal -0.5877852522924729 -0.8090169943749476 0
    outer loop
      vertex -1.8325939705274827 -2.2152255729803945 -21
      vertex -1.5405020355646157 -2.427442785818293 -18
      vertex -1.8325939705274827 -2.2152255729803945 -18
    endloop
  endfacet
  facet normal -0.48175367410171493 -0.8763066800438637 0
    outer loop
      vertex -1.2241154632495832 -2.6013777758398064 -18
      vertex -1.5405020355646157 -2.427442785818293 -18
      vertex -1.5405020355646157 -2.427442785818293 -21
    endloop
  endfacet
  facet normal 0 0 -1
    outer loop
      vertex -2.0957848038365587 -1.9680729295449795 -21
      vertex -1.8325939705274827 2.2152255729803945 -21
      vertex -1.8325939705274827 -2.2152255729803945 -21
    endloop
  endfacet
  facet normal 0 0 -1
    outer loop
      vertex -2.5193817051261074 -1.3850418130424318 -21
      vertex -2.325923858827974 1.6898826003408602 -21
      vertex -2.325923858827974 -1.6898826003408602 -21
    endloop
  endfacet
  facet normal 0 0 -1
    outer loop
      vertex -2.0957848038365587 -1.9680729295449795 -21
      vertex -2.325923858827974 -1.6898826003408602 -21
      vertex -2.0957848038365587 1.9680729295449795 -21
    endloop
  endfacet
  facet normal 0 0 -1
    outer loop
      vertex -1.8325939705274827 -2.2152255729803945 -21
      vertex -1.743449690031536 -0.4476417968967387 -21
      vertex -1.6735976745988526 -0.6626241948324202 -21
    endloop
  endfacet
  facet normal 0 0 -1
    outer loop
      vertex -1.8325939705274827 -2.2152255729803945 -21
      vertex -1.78580646236606 -0.22559982041574733 -21
      vertex -1.743449690031536 -0.4476417968967387 -21
    endloop
  endfacet
  facet normal 0 0 -1
    outer loop
      vertex -1.8325939705274827 -2.2152255729803945 -21
      vertex -1.8 0 -21
      vertex -1.78580646236606 -0.22559982041574733 -21
    endloop
  endfacet
  facet normal 0 0 -1
    outer loop
      vertex -1.2241154632495832 -2.6013777758398064 -21
      vertex -0.7664027248171305 -1.6286886944388352 -21
      vertex -0.8884238588279738 -2.7342874843485663 -21
    endloop
  endfacet
  facet normal 0 0 -1
    outer loop
      vertex -1.2241154632495832 -2.6013777758398064 -21
      vertex -0.9644882309621942 -1.5197902659036269 -21
      vertex -0.7664027248171305 -1.6286886944388352 -21
    endloop
  endfacet
  facet normal 0 0 -1
    outer loop
      vertex -0.8884238588279738 -2.7342874843485663 -21
      vertex -0.7664027248171305 -1.6286886944388352 -21
      vertex -0.5562305898749054 -1.7119017293312764 -21
    endloop
  endfacet
  facet normal 0 0 -1
    outer loop
      vertex -1.2241154632495832 -2.6013777758398064 -21
      vertex -1.1473631815476413 -1.386923836996421 -21
      vertex -0.9644882309621942 -1.5197902659036269 -21
    endloop
  endfacet
  facet normal 0 0 -1
    outer loop
      vertex -0.8884238588279738 -2.7342874843485663 -21
      vertex -0.3372863662543047 -1.7681170513116395 -21
      vertex -0.5387212794339589 -2.82407584584498 -21
    endloop
  endfacet
  facet normal 0 0 -1
    outer loop
      vertex -0.8884238588279738 -2.7342874843485663 -21
      vertex -0.5562305898749054 -1.7119017293312764 -21
      vertex -0.3372863662543047 -1.7681170513116395 -21
    endloop
  endfacet
  facet normal 0 0 -1
    outer loop
      vertex -0.5387212794339589 -2.82407584584498 -21
      vertex -0.3372863662543047 -1.7681170513116395 -21
      vertex -0.11302293515276478 -1.7964481111708888 -21
    endloop
  endfacet
  facet normal 0 0 -1
    outer loop
      vertex -2.852329766279124 -0.3603330464973742 -21
      vertex -2.875 0 -21
      vertex -2.852329766279124 0.3603330464973742 -21
    endloop
  endfacet
  facet normal 0 0 -1
    outer loop
      vertex -2.852329766279124 -0.3603330464973742 -21
      vertex -2.852329766279124 0.3603330464973742 -21
      vertex -2.7846765882448143 0.7149834255989577 -21
    endloop
  endfacet
  facet normal 0 0 -1
    outer loop
      vertex -2.7846765882448143 -0.7149834255989577 -21
      vertex -2.7846765882448143 0.7149834255989577 -21
      vertex -2.673107396928723 1.058358088968449 -21
    endloop
  endfacet
  facet normal 0 0 -1
    outer loop
      vertex -2.673107396928723 -1.058358088968449 -21
      vertex -2.673107396928723 1.058358088968449 -21
      vertex -2.5193817051261074 1.3850418130424318 -21
    endloop
  endfacet
  facet normal -0.9980267284282714 0.06279051952931329 0
    outer loop
      vertex -2.875 0 -21
      vertex -2.875 0 -18
      vertex -2.852329766279124 0.3603330464973742 -21
    endloop
  endfacet
  facet normal -0.9822872507286887 0.18738131458572477 0
    outer loop
      vertex -2.852329766279124 0.3603330464973742 -21
      vertex -2.852329766279124 0.3603330464973742 -18
      vertex -2.7846765882448143 0.7149834255989577 -21
    endloop
  endfacet
  facet normal -0.9510565162951539 0.3090169943749465 0
    outer loop
      vertex -2.7846765882448143 0.7149834255989577 -21
      vertex -2.7846765882448143 0.7149834255989577 -18
      vertex -2.673107396928723 1.058358088968449 -21
    endloop
  endfacet
  facet normal -0.9048270524660189 0.4257792915650738 0
    outer loop
      vertex -2.673107396928723 1.058358088968449 -21
      vertex -2.673107396928723 1.058358088968449 -18
      vertex -2.5193817051261074 1.3850418130424318 -21
    endloop
  endfacet
  facet normal -0.9980267284282714 0.06279051952931329 0
    outer loop
      vertex -2.852329766279124 0.3603330464973742 -21
      vertex -2.875 0 -18
      vertex -2.852329766279124 0.3603330464973742 -18
    endloop
  endfacet
  facet normal -0.9822872507286887 0.18738131458572477 0
    outer loop
      vertex -2.7846765882448143 0.7149834255989577 -21
      vertex -2.852329766279124 0.3603330464973742 -18
      vertex -2.7846765882448143 0.7149834255989577 -18
    endloop
  endfacet
  facet normal -0.9510565162951539 0.3090169943749465 0
    outer loop
      vertex -2.673107396928723 1.058358088968449 -21
      vertex -2.7846765882448143 0.7149834255989577 -18
      vertex -2.673107396928723 1.058358088968449 -18
    endloop
  endfacet
  facet normal -0.9048270524660189 0.4257792915650738 0
    outer loop
      vertex -2.5193817051261074 1.3850418130424318 -21
      vertex -2.673107396928723 1.058358088968449 -18
      vertex -2.5193817051261074 1.3850418130424318 -18
    endloop
  endfacet
  facet normal 0 0 -1
    outer loop
      vertex -2.5193817051261074 -1.3850418130424318 -21
      vertex -2.5193817051261074 1.3850418130424318 -21
      vertex -2.325923858827974 1.6898826003408602 -21
    endloop
  endfacet
  facet normal 0 0 -1
    outer loop
      vertex -2.325923858827974 -1.6898826003408602 -21
      vertex -2.325923858827974 1.6898826003408602 -21
      vertex -2.0957848038365587 1.9680729295449795 -21
    endloop
  endfacet
  facet normal 0 0 -1
    outer loop
      vertex -2.0957848038365587 -1.9680729295449795 -21
      vertex -2.0957848038365587 1.9680729295449795 -21
      vertex -1.8325939705274827 2.2152255729803945 -21
    endloop
  endfacet
  facet normal 0 0 -1
    outer loop
      vertex -1.8325939705274827 -2.2152255729803945 -21
      vertex -1.8325939705274827 2.2152255729803945 -21
      vertex -1.8 0 -21
    endloop
  endfacet
  facet normal 0 0 -1
    outer loop
      vertex -1.8325939705274827 2.2152255729803945 -21
      vertex -1.78580646236606 0.22559982041574733 -21
      vertex -1.8 0 -21
    endloop
  endfacet
  facet normal 0 0 -1
    outer loop
      vertex -1.8325939705274827 2.2152255729803945 -21
      vertex -1.743449690031536 0.4476417968967387 -21
      vertex -1.78580646236606 0.22559982041574733 -21
    endloop
  endfacet
  facet normal 0 0 -1
    outer loop
      vertex -1.8325939705274827 2.2152255729803945 -21
      vertex -1.6735976745988526 0.6626241948324202 -21
      vertex -1.743449690031536 0.4476417968967387 -21
    endloop
  endfacet
  facet normal -0.8443279255020155 0.5358267949789958 0
    outer loop
      vertex -2.5193817051261074 1.3850418130424318 -21
      vertex -2.5193817051261074 1.3850418130424318 -18
      vertex -2.325923858827974 1.6898826003408602 -21
    endloop
  endfacet
  facet normal -0.7705132427757894 0.6374239897486896 0
    outer loop
      vertex -2.325923858827974 1.6898826003408602 -21
      vertex -2.325923858827974 1.6898826003408602 -18
      vertex -2.0957848038365587 1.9680729295449795 -21
    endloop
  endfacet
  facet normal -0.6845471059286888 0.7289686274214112 0
    outer loop
      vertex -2.0957848038365587 1.9680729295449795 -21
      vertex -2.0957848038365587 1.9680729295449795 -18
      vertex -1.8325939705274827 2.2152255729803945 -21
    endloop
  endfacet
  facet normal 0 0 -1
    outer loop
      vertex -1.5405020355646157 2.427442785818293 -21
      vertex -1.5773520240789543 0.8671566133830877 -21
      vertex -1.6735976745988526 0.6626241948324202 -21
    endloop
  endfacet
  facet normal 0 0 -1
    outer loop
      vertex -1.8325939705274827 2.2152255729803945 -21
      vertex -1.5405020355646157 2.427442785818293 -21
      vertex -1.6735976745988526 0.6626241948324202 -21
    endloop
  endfacet
  facet normal 0 0 -1
    outer loop
      vertex -1.5405020355646157 2.427442785818293 -21
      vertex -1.4562305898749055 1.0580134541264516 -21
      vertex -1.5773520240789543 0.8671566133830877 -21
    endloop
  endfacet
  facet normal 0 0 -1
    outer loop
      vertex -1.5405020355646157 2.427442785818293 -21
      vertex -1.312143529358541 1.2321847906716394 -21
      vertex -1.4562305898749055 1.0580134541264516 -21
    endloop
  endfacet
  facet normal 0 0 -1
    outer loop
      vertex -1.5405020355646157 2.427442785818293 -21
      vertex -1.224115463249584 2.601377775839806 -21
      vertex -1.312143529358541 1.2321847906716394 -21
    endloop
  endfacet
  facet normal -0.5877852522924729 0.8090169943749476 0
    outer loop
      vertex -1.8325939705274827 2.2152255729803945 -21
      vertex -1.8325939705274827 2.2152255729803945 -18
      vertex -1.5405020355646157 2.427442785818293 -21
    endloop
  endfacet
  facet normal -0.48175367410171505 0.8763066800438638 0
    outer loop
      vertex -1.5405020355646157 2.427442785818293 -21
      vertex -1.5405020355646157 2.427442785818293 -18
      vertex -1.224115463249584 2.601377775839806 -21
    endloop
  endfacet
  facet normal -0.8443279255020155 0.5358267949789958 0
    outer loop
      vertex -2.5193817051261074 1.3850418130424318 -18
      vertex -2.325923858827974 1.6898826003408602 -18
      vertex -2.325923858827974 1.6898826003408602 -21
    endloop
  endfacet
  facet normal -0.7705132427757894 0.6374239897486896 0
    outer loop
      vertex -2.0957848038365587 1.9680729295449795 -21
      vertex -2.325923858827974 1.6898826003408602 -18
      vertex -2.0957848038365587 1.9680729295449795 -18
    endloop
  endfacet
  facet normal -0.6845471059286888 0.7289686274214112 0
    outer loop
      vertex -1.8325939705274827 2.2152255729803945 -21
      vertex -2.0957848038365587 1.9680729295449795 -18
      vertex -1.8325939705274827 2.2152255729803945 -18
    endloop
  endfacet
  facet normal -0.5877852522924729 0.8090169943749476 0
    outer loop
      vertex -1.5405020355646157 2.427442785818293 -21
      vertex -1.8325939705274827 2.2152255729803945 -18
      vertex -1.5405020355646157 2.427442785818293 -18
    endloop
  endfacet
  facet normal 0 0 -1
    outer loop
      vertex -1.224115463249584 2.601377775839806 -21
      vertex -1.1473631815476413 1.386923836996421 -21
      vertex -1.312143529358541 1.2321847906716394 -21
    endloop
  endfacet
  facet normal 0 0 -1
    outer loop
      vertex -0.8884238588279738 2.7342874843485663 -21
      vertex -0.9644882309621942 1.5197902659036269 -21
      vertex -1.1473631815476413 1.386923836996421 -21
    endloop
  endfacet
  facet normal 0 0 -1
    outer loop
      vertex -1.224115463249584 2.601377775839806 -21
      vertex -0.8884238588279738 2.7342874843485663 -21
      vertex -1.1473631815476413 1.386923836996421 -21
    endloop
  endfacet
  facet normal 0 0 -1
    outer loop
      vertex -0.8884238588279738 2.7342874843485663 -21
      vertex -0.7664027248171309 1.628688694438835 -21
      vertex -0.9644882309621942 1.5197902659036269 -21
    endloop
  endfacet
  facet normal 0 0 -1
    outer loop
      vertex -0.8884238588279738 2.7342874843485663 -21
      vertex -0.5387212794339582 2.82407584584498 -21
      vertex -0.7664027248171309 1.628688694438835 -21
    endloop
  endfacet
  facet normal 0 0 -1
    outer loop
      vertex -0.5387212794339582 2.82407584584498 -21
      vertex -0.5562305898749054 1.7119017293312764 -21
      vertex -0.7664027248171309 1.628688694438835 -21
    endloop
  endfacet
  facet normal 0 0 -1
    outer loop
      vertex -0.5387212794339582 2.82407584584498 -21
      vertex -0.33728636625430425 1.7681170513116398 -21
      vertex -0.5562305898749054 1.7119017293312764 -21
    endloop
  endfacet
  facet normal 0 0 -1
    outer loop
      vertex -0.5387212794339582 2.82407584584498 -21
      vertex -0.18052274364677567 2.869326844231281 -21
      vertex -0.33728636625430425 1.7681170513116398 -21
    endloop
  endfacet
  facet normal 0 0 -1
    outer loop
      vertex -0.18052274364677567 2.869326844231281 -21
      vertex -0.1130229351527639 1.7964481111708888 -21
      vertex -0.33728636625430425 1.7681170513116398 -21
    endloop
  endfacet
  facet normal 0 0 -1
    outer loop
      vertex -0.18052274364677567 2.869326844231281 -21
      vertex 0.11302293515276364 1.7964481111708888 -21
      vertex -0.1130229351527639 1.7964481111708888 -21
    endloop
  endfacet
  facet normal -0.48175367410171505 0.8763066800438638 0
    outer loop
      vertex -1.5405020355646157 2.427442785818293 -18
      vertex -1.224115463249584 2.601377775839806 -18
      vertex -1.224115463249584 2.601377775839806 -21
    endloop
  endfacet
  facet normal -0.3681245526846775 0.9297764858882517 0
    outer loop
      vertex -1.224115463249584 2.601377775839806 -21
      vertex -1.224115463249584 2.601377775839806 -18
      vertex -0.8884238588279738 2.7342874843485663 -21
    endloop
  endfacet
  facet normal -0.24868988716485532 0.9685831611286309 0
    outer loop
      vertex -0.8884238588279738 2.7342874843485663 -21
      vertex -0.8884238588279738 2.7342874843485663 -18
      vertex -0.5387212794339582 2.82407584584498 -21
    endloop
  endfacet
  facet normal -0.1253332335643047 0.9921147013144778 0
    outer loop
      vertex -0.5387212794339582 2.82407584584498 -21
      vertex -0.5387212794339582 2.82407584584498 -18
      vertex -0.18052274364677567 2.869326844231281 -21
    endloop
  endfacet
  facet normal 0 1 0
    outer loop
      vertex -0.18052274364677567 2.869326844231281 -21
      vertex -0.18052274364677567 2.869326844231281 -18
      vertex 0.18052274364677567 2.869326844231281 -21
    endloop
  endfacet
  facet normal -0.3681245526846775 0.9297764858882517 0
    outer loop
      vertex -0.8884238588279738 2.7342874843485663 -21
      vertex -1.224115463249584 2.601377775839806 -18
      vertex -0.8884238588279738 2.7342874843485663 -18
    endloop
  endfacet
  facet normal -0.24868988716485532 0.9685831611286309 0
    outer loop
      vertex -0.5387212794339582 2.82407584584498 -21
      vertex -0.8884238588279738 2.7342874843485663 -18
      vertex -0.5387212794339582 2.82407584584498 -18
    endloop
  endfacet
  facet normal -0.1253332335643047 0.9921147013144778 0
    outer loop
      vertex -0.18052274364677567 2.869326844231281 -21
      vertex -0.5387212794339582 2.82407584584498 -18
      vertex -0.18052274364677567 2.869326844231281 -18
    endloop
  endfacet
  facet normal 0 -1 0
    outer loop
      vertex -0.18052274364677706 -2.869326844231281 -21
      vertex 0.18052274364677706 -2.869326844231281 -21
      vertex 0.18052274364677706 -2.869326844231281 -18
    endloop
  endfacet
  facet normal 0.12533323356430495 -0.9921147013144777 0
    outer loop
      vertex 0.18052274364677706 -2.869326844231281 -21
      vertex 0.5387212794339589 -2.82407584584498 -21
      vertex 0.5387212794339589 -2.82407584584498 -18
    endloop
  endfacet
  facet normal 0.24868988716485577 -0.9685831611286309 0
    outer loop
      vertex 0.5387212794339589 -2.82407584584498 -21
      vertex 0.8884238588279738 -2.7342874843485663 -21
      vertex 0.8884238588279738 -2.7342874843485663 -18
    endloop
  endfacet
  facet normal 0.36812455268467725 -0.9297764858882517 0
    outer loop
      vertex 0.8884238588279738 -2.7342874843485663 -21
      vertex 1.2241154632495832 -2.6013777758398064 -21
      vertex 1.2241154632495832 -2.6013777758398064 -18
    endloop
  endfacet
  facet normal 0.12533323356430495 -0.9921147013144777 0
    outer loop
      vertex 0.18052274364677706 -2.869326844231281 -21
      vertex 0.5387212794339589 -2.82407584584498 -18
      vertex 0.18052274364677706 -2.869326844231281 -18
    endloop
  endfacet
  facet normal 0.24868988716485577 -0.9685831611286309 0
    outer loop
      vertex 0.5387212794339589 -2.82407584584498 -21
      vertex 0.8884238588279738 -2.7342874843485663 -18
      vertex 0.5387212794339589 -2.82407584584498 -18
    endloop
  endfacet
  facet normal 0.36812455268467725 -0.9297764858882517 0
    outer loop
      vertex 0.8884238588279738 -2.7342874843485663 -21
      vertex 1.2241154632495832 -2.6013777758398064 -18
      vertex 0.8884238588279738 -2.7342874843485663 -18
    endloop
  endfacet
  facet normal 0.4817536741017148 -0.8763066800438638 0
    outer loop
      vertex 1.2241154632495832 -2.6013777758398064 -21
      vertex 1.5405020355646142 -2.427442785818294 -18
      vertex 1.2241154632495832 -2.6013777758398064 -18
    endloop
  endfacet
  facet normal 0 0 -1
    outer loop
      vertex 0.18052274364677706 -2.869326844231281 -21
      vertex -0.11302293515276478 -1.7964481111708888 -21
      vertex 0.11302293515276478 -1.7964481111708888 -21
    endloop
  endfacet
  facet normal 0 0 -1
    outer loop
      vertex 0.18052274364677706 -2.869326844231281 -21
      vertex 0.11302293515276478 -1.7964481111708888 -21
      vertex 0.3372863662543047 -1.7681170513116395 -21
    endloop
  endfacet
  facet normal 0 0 -1
    outer loop
      vertex 0.18052274364677706 -2.869326844231281 -21
      vertex 0.3372863662543047 -1.7681170513116395 -21
      vertex 0.5387212794339589 -2.82407584584498 -21
    endloop
  endfacet
  facet normal 0 0 -1
    outer loop
      vertex 0.5387212794339589 -2.82407584584498 -21
      vertex 0.3372863662543047 -1.7681170513116395 -21
      vertex 0.5562305898749054 -1.7119017293312764 -21
    endloop
  endfacet
  facet normal 0 0 -1
    outer loop
      vertex 0.5387212794339589 -2.82407584584498 -21
      vertex 0.5562305898749054 -1.7119017293312764 -21
      vertex 0.7664027248171305 -1.6286886944388352 -21
    endloop
  endfacet
  facet normal 0 0 -1
    outer loop
      vertex 0.5387212794339589 -2.82407584584498 -21
      vertex 0.7664027248171305 -1.6286886944388352 -21
      vertex 0.8884238588279738 -2.7342874843485663 -21
    endloop
  endfacet
  facet normal 0 0 -1
    outer loop
      vertex 0.8884238588279738 -2.7342874843485663 -21
      vertex 0.7664027248171305 -1.6286886944388352 -21
      vertex 0.9644882309621932 -1.5197902659036275 -21
    endloop
  endfacet
  facet normal 0 0 -1
    outer loop
      vertex 0.8884238588279738 -2.7342874843485663 -21
      vertex 1.147363181547642 -1.3869238369964203 -21
      vertex 1.2241154632495832 -2.6013777758398064 -21
    endloop
  endfacet
  facet normal 0 0 -1
    outer loop
      vertex 0.8884238588279738 -2.7342874843485663 -21
      vertex 0.9644882309621932 -1.5197902659036275 -21
      vertex 1.147363181547642 -1.3869238369964203 -21
    endloop
  endfacet
  facet normal 0 0 -1
    outer loop
      vertex 1.2241154632495832 -2.6013777758398064 -21
      vertex 1.147363181547642 -1.3869238369964203 -21
      vertex 1.312143529358541 -1.2321847906716394 -21
    endloop
  endfacet
  facet normal 0 0 -1
    outer loop
      vertex 1.2241154632495832 -2.6013777758398064 -21
      vertex 1.312143529358541 -1.2321847906716394 -21
      vertex 1.5405020355646142 -2.427442785818294 -21
    endloop
  endfacet
  facet normal 0.4817536741017148 -0.8763066800438638 0
    outer loop
      vertex 1.2241154632495832 -2.6013777758398064 -21
      vertex 1.5405020355646142 -2.427442785818294 -21
      vertex 1.5405020355646142 -2.427442785818294 -18
    endloop
  endfacet
  facet normal 0.5877852522924729 -0.8090169943749476 0
    outer loop
      vertex 1.5405020355646142 -2.427442785818294 -21
      vertex 1.8325939705274836 -2.2152255729803936 -21
      vertex 1.8325939705274836 -2.2152255729803936 -18
    endloop
  endfacet
  facet normal 0 0 -1
    outer loop
      vertex 1.5405020355646142 -2.427442785818294 -21
      vertex 1.312143529358541 -1.2321847906716394 -21
      vertex 1.4562305898749055 -1.0580134541264516 -21
    endloop
  endfacet
  facet normal 0 0 -1
    outer loop
      vertex 1.5405020355646142 -2.427442785818294 -21
      vertex 1.4562305898749055 -1.0580134541264516 -21
      vertex 1.5773520240789543 -0.8671566133830877 -21
    endloop
  endfacet
  facet normal 0 0 -1
    outer loop
      vertex 1.5405020355646142 -2.427442785818294 -21
      vertex 1.6735976745988523 -0.6626241948324211 -21
      vertex 1.8325939705274836 -2.2152255729803936 -21
    endloop
  endfacet
  facet normal 0 0 -1
    outer loop
      vertex 1.5405020355646142 -2.427442785818294 -21
      vertex 1.5773520240789543 -0.8671566133830877 -21
      vertex 1.6735976745988523 -0.6626241948324211 -21
    endloop
  endfacet
  facet normal 0.684547105928689 -0.7289686274214114 0
    outer loop
      vertex 1.8325939705274836 -2.2152255729803936 -21
      vertex 2.0957848038365587 -1.9680729295449795 -21
      vertex 2.0957848038365587 -1.9680729295449795 -18
    endloop
  endfacet
  facet normal 0.7705132427757894 -0.6374239897486896 0
    outer loop
      vertex 2.0957848038365587 -1.9680729295449795 -21
      vertex 2.325923858827974 -1.6898826003408602 -21
      vertex 2.325923858827974 -1.6898826003408602 -18
    endloop
  endfacet
  facet normal 0.8443279255020155 -0.5358267949789958 0
    outer loop
      vertex 2.325923858827974 -1.6898826003408602 -21
      vertex 2.5193817051261074 -1.3850418130424318 -21
      vertex 2.5193817051261074 -1.3850418130424318 -18
    endloop
  endfacet
  facet normal 0.5877852522924729 -0.8090169943749476 0
    outer loop
      vertex 1.5405020355646142 -2.427442785818294 -21
      vertex 1.8325939705274836 -2.2152255729803936 -18
      vertex 1.5405020355646142 -2.427442785818294 -18
    endloop
  endfacet
  facet normal 0.684547105928689 -0.7289686274214114 0
    outer loop
      vertex 1.8325939705274836 -2.2152255729803936 -21
      vertex 2.0957848038365587 -1.9680729295449795 -18
      vertex 1.8325939705274836 -2.2152255729803936 -18
    endloop
  endfacet
  facet normal 0.7705132427757894 -0.6374239897486896 0
    outer loop
      vertex 2.0957848038365587 -1.9680729295449795 -21
      vertex 2.325923858827974 -1.6898826003408602 -18
      vertex 2.0957848038365587 -1.9680729295449795 -18
    endloop
  endfacet
  facet normal 0.8443279255020155 -0.5358267949789958 0
    outer loop
      vertex 2.325923858827974 -1.6898826003408602 -21
      vertex 2.5193817051261074 -1.3850418130424318 -18
      vertex 2.325923858827974 -1.6898826003408602 -18
    endloop
  endfacet
  facet normal 0 0 -1
    outer loop
      vertex 1.8325939705274836 -2.2152255729803936 -21
      vertex 1.6735976745988523 -0.6626241948324211 -21
      vertex 1.7434496900315362 -0.447641796896738 -21
    endloop
  endfacet
  facet normal 0 0 -1
    outer loop
      vertex 1.8325939705274836 -2.2152255729803936 -21
      vertex 1.7434496900315362 -0.447641796896738 -21
      vertex 1.78580646236606 -0.22559982041574733 -21
    endloop
  endfacet
  facet normal 0 0 -1
    outer loop
      vertex 1.8325939705274836 -2.2152255729803936 -21
      vertex 1.78580646236606 -0.22559982041574733 -21
      vertex 1.8 0 -21
    endloop
  endfacet
  facet normal 0 0 -1
    outer loop
      vertex 1.8325939705274836 -2.2152255729803936 -21
      vertex 2.0957848038365583 1.9680729295449801 -21
      vertex 2.0957848038365587 -1.9680729295449795 -21
    endloop
  endfacet
  facet normal 0 0 -1
    outer loop
      vertex 2.0957848038365587 -1.9680729295449795 -21
      vertex 2.325923858827974 1.6898826003408602 -21
      vertex 2.325923858827974 -1.6898826003408602 -21
    endloop
  endfacet
  facet normal 0 0 -1
    outer loop
      vertex 2.325923858827974 -1.6898826003408602 -21
      vertex 2.519381705126108 1.3850418130424316 -21
      vertex 2.5193817051261074 -1.3850418130424318 -21
    endloop
  endfacet
  facet normal 0.9048270524660191 -0.42577929156507316 0
    outer loop
      vertex 2.5193817051261074 -1.3850418130424318 -21
      vertex 2.6731073969287222 -1.0583580889684503 -18
      vertex 2.5193817051261074 -1.3850418130424318 -18
    endloop
  endfacet
  facet normal 0.9048270524660191 -0.42577929156507316 0
    outer loop
      vertex 2.5193817051261074 -1.3850418130424318 -21
      vertex 2.6731073969287222 -1.0583580889684503 -21
      vertex 2.6731073969287222 -1.0583580889684503 -18
    endloop
  endfacet
  facet normal 0.9510565162951534 -0.3090169943749478 0
    outer loop
      vertex 2.6731073969287222 -1.0583580889684503 -21
      vertex 2.784676588244815 -0.7149834255989564 -21
      vertex 2.784676588244815 -0.7149834255989564 -18
    endloop
  endfacet
  facet normal 0 0 -1
    outer loop
      vertex 2.5193817051261074 -1.3850418130424318 -21
      vertex 2.6731073969287227 1.0583580889684492 -21
      vertex 2.6731073969287222 -1.0583580889684503 -21
    endloop
  endfacet
  facet normal 0 0 -1
    outer loop
      vertex 2.6731073969287222 -1.0583580889684503 -21
      vertex 2.7846765882448143 0.7149834255989576 -21
      vertex 2.784676588244815 -0.7149834255989564 -21
    endloop
  endfacet
  facet normal 0 0 -1
    outer loop
      vertex 2.784676588244815 -0.7149834255989564 -21
      vertex 2.852329766279124 0.36033304649737474 -21
      vertex 2.852329766279124 -0.3603330464973742 -21
    endloop
  endfacet
  facet normal 0.9822872507286887 -0.1873813145857242 0
    outer loop
      vertex 2.784676588244815 -0.7149834255989564 -21
      vertex 2.852329766279124 -0.3603330464973742 -21
      vertex 2.852329766279124 -0.3603330464973742 -18
    endloop
  endfacet
  facet normal 0.9980267284282714 -0.06279051952931329 0
    outer loop
      vertex 2.852329766279124 -0.3603330464973742 -21
      vertex 2.875 0 -21
      vertex 2.875 0 -18
    endloop
  endfacet
  facet normal 0.9510565162951534 -0.3090169943749478 0
    outer loop
      vertex 2.6731073969287222 -1.0583580889684503 -21
      vertex 2.784676588244815 -0.7149834255989564 -18
      vertex 2.6731073969287222 -1.0583580889684503 -18
    endloop
  endfacet
  facet normal 0.9822872507286887 -0.1873813145857242 0
    outer loop
      vertex 2.784676588244815 -0.7149834255989564 -21
      vertex 2.852329766279124 -0.3603330464973742 -18
      vertex 2.784676588244815 -0.7149834255989564 -18
    endloop
  endfacet
  facet normal 0.9980267284282714 -0.06279051952931329 0
    outer loop
      vertex 2.852329766279124 -0.3603330464973742 -21
      vertex 2.875 0 -18
      vertex 2.852329766279124 -0.3603330464973742 -18
    endloop
  endfacet
  facet normal 0 0 -1
    outer loop
      vertex 0.5387212794339582 2.82407584584498 -21
      vertex 0.33728636625430425 1.7681170513116398 -21
      vertex 0.11302293515276364 1.7964481111708888 -21
    endloop
  endfacet
  facet normal 0 0 -1
    outer loop
      vertex 0.8884238588279738 2.7342874843485663 -21
      vertex 0.5562305898749054 1.7119017293312764 -21
      vertex 0.33728636625430425 1.7681170513116398 -21
    endloop
  endfacet
  facet normal 0 0 -1
    outer loop
      vertex 0.5387212794339582 2.82407584584498 -21
      vertex 0.8884238588279738 2.7342874843485663 -21
      vertex 0.33728636625430425 1.7681170513116398 -21
    endloop
  endfacet
  facet normal 0 0 -1
    outer loop
      vertex 1.224115463249584 2.601377775839806 -21
      vertex 1.1473631815476415 1.3869238369964205 -21
      vertex 0.964488230962194 1.519790265903627 -21
    endloop
  endfacet
  facet normal 0 0 -1
    outer loop
      vertex 0.8884238588279738 2.7342874843485663 -21
      vertex 0.7664027248171309 1.628688694438835 -21
      vertex 0.5562305898749054 1.7119017293312764 -21
    endloop
  endfacet
  facet normal 0 0 -1
    outer loop
      vertex 1.224115463249584 2.601377775839806 -21
      vertex 0.964488230962194 1.519790265903627 -21
      vertex 0.7664027248171309 1.628688694438835 -21
    endloop
  endfacet
  facet normal 0 0 -1
    outer loop
      vertex 0.8884238588279738 2.7342874843485663 -21
      vertex 1.224115463249584 2.601377775839806 -21
      vertex 0.7664027248171309 1.628688694438835 -21
    endloop
  endfacet
  facet normal 0 0 -1
    outer loop
      vertex 1.8325939705274836 -2.2152255729803936 -21
      vertex 1.8 0 -21
      vertex 1.832593970527483 2.2152255729803936 -21
    endloop
  endfacet
  facet normal 0 0 -1
    outer loop
      vertex 1.832593970527483 2.2152255729803936 -21
      vertex 1.8 0 -21
      vertex 1.78580646236606 0.22559982041574766 -21
    endloop
  endfacet
  facet normal 0 0 -1
    outer loop
      vertex 1.832593970527483 2.2152255729803936 -21
      vertex 1.78580646236606 0.22559982041574766 -21
      vertex 1.743449690031536 0.44764179689673866 -21
    endloop
  endfacet
  facet normal 0 0 -1
    outer loop
      vertex 1.832593970527483 2.2152255729803936 -21
      vertex 1.743449690031536 0.44764179689673866 -21
      vertex 1.6735976745988526 0.6626241948324204 -21
    endloop
  endfacet
  facet normal 0 0 -1
    outer loop
      vertex 2.0957848038365587 -1.9680729295449795 -21
      vertex 2.0957848038365583 1.9680729295449801 -21
      vertex 2.325923858827974 1.6898826003408602 -21
    endloop
  endfacet
  facet normal 0 0 -1
    outer loop
      vertex 2.325923858827974 -1.6898826003408602 -21
      vertex 2.325923858827974 1.6898826003408602 -21
      vertex 2.519381705126108 1.3850418130424316 -21
    endloop
  endfacet
  facet normal 0 0 -1
    outer loop
      vertex 1.8325939705274836 -2.2152255729803936 -21
      vertex 1.832593970527483 2.2152255729803936 -21
      vertex 2.0957848038365583 1.9680729295449801 -21
    endloop
  endfacet
  facet normal 0 0 -1
    outer loop
      vertex 1.5405020355646153 2.427442785818293 -21
      vertex 1.3121435293585408 1.2321847906716397 -21
      vertex 1.1473631815476415 1.3869238369964205 -21
    endloop
  endfacet
  facet normal 0 0 -1
    outer loop
      vertex 1.5405020355646153 2.427442785818293 -21
      vertex 1.4562305898749055 1.0580134541264516 -21
      vertex 1.3121435293585408 1.2321847906716397 -21
    endloop
  endfacet
  facet normal 0 0 -1
    outer loop
      vertex 1.832593970527483 2.2152255729803936 -21
      vertex 1.5773520240789545 0.8671566133830876 -21
      vertex 1.4562305898749055 1.0580134541264516 -21
    endloop
  endfacet
  facet normal 0 0 -1
    outer loop
      vertex 1.832593970527483 2.2152255729803936 -21
      vertex 1.6735976745988526 0.6626241948324204 -21
      vertex 1.5773520240789545 0.8671566133830876 -21
    endloop
  endfacet
  facet normal 0 0 -1
    outer loop
      vertex 1.5405020355646153 2.427442785818293 -21
      vertex 1.1473631815476415 1.3869238369964205 -21
      vertex 1.224115463249584 2.601377775839806 -21
    endloop
  endfacet
  facet normal 0 0 -1
    outer loop
      vertex 1.5405020355646153 2.427442785818293 -21
      vertex 1.832593970527483 2.2152255729803936 -21
      vertex 1.4562305898749055 1.0580134541264516 -21
    endloop
  endfacet
  facet normal 0.5877852522924737 0.8090169943749471 0
    outer loop
      vertex 1.5405020355646153 2.427442785818293 -21
      vertex 1.5405020355646153 2.427442785818293 -18
      vertex 1.832593970527483 2.2152255729803936 -21
    endloop
  endfacet
  facet normal 0.8443279255020153 0.5358267949789965 0
    outer loop
      vertex 2.325923858827974 1.6898826003408602 -21
      vertex 2.325923858827974 1.6898826003408602 -18
      vertex 2.519381705126108 1.3850418130424316 -21
    endloop
  endfacet
  facet normal 0.6845471059286875 0.7289686274214126 0
    outer loop
      vertex 1.832593970527483 2.2152255729803936 -21
      vertex 1.832593970527483 2.2152255729803936 -18
      vertex 2.0957848038365583 1.9680729295449801 -21
    endloop
  endfacet
  facet normal 0.7705132427757895 0.6374239897486894 0
    outer loop
      vertex 2.325923858827974 1.6898826003408602 -21
      vertex 2.0957848038365583 1.9680729295449801 -21
      vertex 2.0957848038365583 1.9680729295449801 -18
    endloop
  endfacet
  facet normal 0.48175367410171555 0.8763066800438635 0
    outer loop
      vertex 1.5405020355646153 2.427442785818293 -21
      vertex 1.224115463249584 2.601377775839806 -18
      vertex 1.5405020355646153 2.427442785818293 -18
    endloop
  endfacet
  facet normal 0.5877852522924737 0.8090169943749471 0
    outer loop
      vertex 1.832593970527483 2.2152255729803936 -21
      vertex 1.5405020355646153 2.427442785818293 -18
      vertex 1.832593970527483 2.2152255729803936 -18
    endloop
  endfacet
  facet normal 0.8443279255020153 0.5358267949789965 0
    outer loop
      vertex 2.325923858827974 1.6898826003408602 -18
      vertex 2.519381705126108 1.3850418130424316 -18
      vertex 2.519381705126108 1.3850418130424316 -21
    endloop
  endfacet
  facet normal 0.7705132427757895 0.6374239897486894 0
    outer loop
      vertex 2.325923858827974 1.6898826003408602 -21
      vertex 2.0957848038365583 1.9680729295449801 -18
      vertex 2.325923858827974 1.6898826003408602 -18
    endloop
  endfacet
  facet normal 0.6845471059286875 0.7289686274214126 0
    outer loop
      vertex 2.0957848038365583 1.9680729295449801 -21
      vertex 1.832593970527483 2.2152255729803936 -18
      vertex 2.0957848038365583 1.9680729295449801 -18
    endloop
  endfacet
  facet normal 0 0 -1
    outer loop
      vertex -0.18052274364677567 2.869326844231281 -21
      vertex 0.18052274364677567 2.869326844231281 -21
      vertex 0.11302293515276364 1.7964481111708888 -21
    endloop
  endfacet
  facet normal 0 0 -1
    outer loop
      vertex 0.18052274364677567 2.869326844231281 -21
      vertex 0.5387212794339582 2.82407584584498 -21
      vertex 0.11302293515276364 1.7964481111708888 -21
    endloop
  endfacet
  facet normal 0.1253332335643047 0.9921147013144778 7.073348617402189e-17
    outer loop
      vertex 0.18052274364677567 2.869326844231281 -21
      vertex 0.18052274364677398 2.869326844231281 -18
      vertex 0.5387212794339582 2.82407584584498 -21
    endloop
  endfacet
  facet normal 0.24868988716485532 0.9685831611286309 0
    outer loop
      vertex 0.5387212794339582 2.82407584584498 -21
      vertex 0.5387212794339582 2.82407584584498 -18
      vertex 0.8884238588279738 2.7342874843485663 -21
    endloop
  endfacet
  facet normal 0.3681245526846775 0.9297764858882517 0
    outer loop
      vertex 0.8884238588279738 2.7342874843485663 -21
      vertex 0.8884238588279738 2.7342874843485663 -18
      vertex 1.224115463249584 2.601377775839806 -21
    endloop
  endfacet
  facet normal 0 1 0
    outer loop
      vertex -0.18052274364677567 2.869326844231281 -18
      vertex 0.18052274364677398 2.869326844231281 -18
      vertex 0.18052274364677567 2.869326844231281 -21
    endloop
  endfacet
  facet normal 0.12533323356430415 0.9921147013144778 0
    outer loop
      vertex 0.5387212794339582 2.82407584584498 -21
      vertex 0.18052274364677398 2.869326844231281 -18
      vertex 0.5387212794339582 2.82407584584498 -18
    endloop
  endfacet
  facet normal 0.24868988716485532 0.9685831611286309 0
    outer loop
      vertex 0.8884238588279738 2.7342874843485663 -21
      vertex 0.5387212794339582 2.82407584584498 -18
      vertex 0.8884238588279738 2.7342874843485663 -18
    endloop
  endfacet
  facet normal 0.3681245526846775 0.9297764858882517 0
    outer loop
      vertex 1.224115463249584 2.601377775839806 -21
      vertex 0.8884238588279738 2.7342874843485663 -18
      vertex 1.224115463249584 2.601377775839806 -18
    endloop
  endfacet
  facet normal 0.48175367410171555 0.8763066800438635 0
    outer loop
      vertex 1.5405020355646153 2.427442785818293 -21
      vertex 1.224115463249584 2.601377775839806 -21
      vertex 1.224115463249584 2.601377775839806 -18
    endloop
  endfacet
  facet normal 0 0 -1
    outer loop
      vertex 2.784676588244815 -0.7149834255989564 -21
      vertex 2.7846765882448143 0.7149834255989576 -21
      vertex 2.852329766279124 0.36033304649737474 -21
    endloop
  endfacet
  facet normal 0 0 -1
    outer loop
      vertex 2.6731073969287222 -1.0583580889684503 -21
      vertex 2.6731073969287227 1.0583580889684492 -21
      vertex 2.7846765882448143 0.7149834255989576 -21
    endloop
  endfacet
  facet normal 0 0 -1
    outer loop
      vertex 2.5193817051261074 -1.3850418130424318 -21
      vertex 2.519381705126108 1.3850418130424316 -21
      vertex 2.6731073969287227 1.0583580889684492 -21
    endloop
  endfacet
  facet normal 0 0 -1
    outer loop
      vertex 2.852329766279124 -0.3603330464973742 -21
      vertex 2.852329766279124 0.36033304649737474 -21
      vertex 2.875 0 -21
    endloop
  endfacet
  facet normal 0.9822872507286885 0.18738131458572513 0
    outer loop
      vertex 2.852329766279124 0.36033304649737474 -21
      vertex 2.7846765882448143 0.7149834255989576 -21
      vertex 2.7846765882448143 0.7149834255989576 -18
    endloop
  endfacet
  facet normal 0.9980267284282714 0.0627905195293132 0
    outer loop
      vertex 2.875 0 -21
      vertex 2.852329766279124 0.36033304649737474 -21
      vertex 2.852329766279124 0.36033304649737474 -18
    endloop
  endfacet
  facet normal 0.9510565162951535 0.30901699437494734 0
    outer loop
      vertex 2.7846765882448143 0.7149834255989576 -21
      vertex 2.6731073969287227 1.0583580889684492 -21
      vertex 2.6731073969287227 1.0583580889684492 -18
    endloop
  endfacet
  facet normal 0.9980267284282714 0.0627905195293132 0
    outer loop
      vertex 2.875 0 -21
      vertex 2.852329766279124 0.36033304649737474 -18
      vertex 2.875 0 -18
    endloop
  endfacet
  facet normal 0.9822872507286885 0.18738131458572513 0
    outer loop
      vertex 2.852329766279124 0.36033304649737474 -21
      vertex 2.7846765882448143 0.7149834255989576 -18
      vertex 2.852329766279124 0.36033304649737474 -18
    endloop
  endfacet
  facet normal 0.9510565162951535 0.30901699437494734 0
    outer loop
      vertex 2.7846765882448143 0.7149834255989576 -21
      vertex 2.6731073969287227 1.0583580889684492 -18
      vertex 2.7846765882448143 0.7149834255989576 -18
    endloop
  endfacet
  facet normal 0.9048270524660197 0.4257792915650723 0
    outer loop
      vertex 2.6731073969287227 1.0583580889684492 -21
      vertex 2.519381705126108 1.3850418130424316 -18
      vertex 2.6731073969287227 1.0583580889684492 -18
    endloop
  endfacet
  facet normal 0.9048270524660197 0.4257792915650723 0
    outer loop
      vertex 2.6731073969287227 1.0583580889684492 -21
      vertex 2.519381705126108 1.3850418130424316 -21
      vertex 2.519381705126108 1.3850418130424316 -18
    endloop
  endfacet
  facet normal 0.6135144450384413 0.38934810614348286 0.6870284404387175
    outer loop
      vertex -1.5773520240789543 -0.8671566133830877 -1.9
      vertex -3.1547040481579085 -1.7343132267661754 0
      vertex -2.912461179749811 -2.1160269082529033 0
    endloop
  endfacet
  facet normal 0.6910666971580838 0.22454118131728204 0.6870284404387177
    outer loop
      vertex -1.6735976745988526 -0.6626241948324202 -1.9
      vertex -3.486899380063072 -0.8952835937934774 0
      vertex -3.347195349197705 -1.3252483896648404 0
    endloop
  endfacet
  facet normal 0.6574749575165312 0.3093842307988225 0.6870284404387177
    outer loop
      vertex -1.6735976745988526 -0.6626241948324202 -1.9
      vertex -3.347195349197705 -1.3252483896648404 0
      vertex -3.1547040481579085 -1.7343132267661754 0
    endloop
  endfacet
  facet normal 0.7137599021622189 0.13615698327196932 0.6870284404387176
    outer loop
      vertex -1.743449690031536 -0.4476417968967387 -1.9
      vertex -3.57161292473212 -0.45119964083149466 0
      vertex -3.486899380063072 -0.8952835937934774 0
    endloop
  endfacet
  facet normal 0.7251966871297574 0.04562550826421804 0.6870284404387176
    outer loop
      vertex -1.78580646236606 -0.22559982041574733 -1.9
      vertex -3.6 0 0
      vertex -3.57161292473212 -0.45119964083149466 0
    endloop
  endfacet
  facet normal 0.350056925851422 0.6367511842877055 0.6870284404387175
    outer loop
      vertex -0.9644882309621942 -1.5197902659036269 -1.9
      vertex -1.9289764619243883 -3.0395805318072537 0
      vertex -1.532805449634261 -3.2573773888776705 0
    endloop
  endfacet
  facet normal 0.26749053753146934 0.6756039774597757 0.6870284404387175
    outer loop
      vertex -0.7664027248171305 -1.6286886944388352 -1.9
      vertex -1.532805449634261 -3.2573773888776705 0
      vertex -1.1124611797498107 -3.4238034586625528 0
    endloop
  endfacet
  facet normal 0.1807056636435444 0.7038020923210513 0.6870284404387177
    outer loop
      vertex -0.5562305898749054 -1.7119017293312764 -1.9
      vertex -1.1124611797498107 -3.4238034586625528 0
      vertex -0.6745727325086094 -3.536234102623279 0
    endloop
  endfacet
  facet normal 0.09107095349162887 0.7209008277554333 0.6870284404387175
    outer loop
      vertex -0.3372863662543047 -1.7681170513116395 -1.9
      vertex -0.6745727325086094 -3.536234102623279 0
      vertex -0.22604587030552956 -3.5928962223417775 0
    endloop
  endfacet
  facet normal 0 0.7266305264908319 0.6870284404387176
    outer loop
      vertex -0.11302293515276478 -1.7964481111708888 -1.9
      vertex -0.22604587030552956 -3.5928962223417775 0
      vertex 0.22604587030552956 -3.5928962223417775 0
    endloop
  endfacet
  facet normal 0.55987844326633 0.46317172926897693 0.6870284404387175
    outer loop
      vertex -1.4562305898749055 -1.0580134541264516 -1.9
      vertex -2.912461179749811 -2.1160269082529033 0
      vertex -2.624287058717082 -2.464369581343279 0
    endloop
  endfacet
  facet normal 0.49741282398873843 0.5296908575385192 0.6870284404387176
    outer loop
      vertex -1.312143529358541 -1.2321847906716394 -1.9
      vertex -2.624287058717082 -2.464369581343279 0
      vertex -2.2947263630952826 -2.773847673992842 0
    endloop
  endfacet
  facet normal 0.6135144450384414 0.3893481061434828 0.6870284404387176
    outer loop
      vertex -1.4562305898749055 -1.0580134541264516 -1.9
      vertex -1.5773520240789543 -0.8671566133830877 -1.9
      vertex -2.912461179749811 -2.1160269082529033 0
    endloop
  endfacet
  facet normal 0.42710270733682554 0.5878564445626989 0.6870284404387176
    outer loop
      vertex -1.1473631815476413 -1.386923836996421 -1.9
      vertex -1.9289764619243883 -3.0395805318072537 0
      vertex -0.9644882309621942 -1.5197902659036269 -1.9
    endloop
  endfacet
  facet normal 0.42710270733682554 0.5878564445626988 0.6870284404387177
    outer loop
      vertex -1.1473631815476413 -1.386923836996421 -1.9
      vertex -2.2947263630952826 -2.773847673992842 0
      vertex -1.9289764619243883 -3.0395805318072537 0
    endloop
  endfacet
  facet normal 0.55987844326633 0.46317172926897693 0.6870284404387177
    outer loop
      vertex -1.4562305898749055 -1.0580134541264516 -1.9
      vertex -2.624287058717082 -2.464369581343279 0
      vertex -1.312143529358541 -1.2321847906716394 -1.9
    endloop
  endfacet
  facet normal 0.4974128239887383 0.5296908575385192 0.6870284404387176
    outer loop
      vertex -1.1473631815476413 -1.386923836996421 -1.9
      vertex -1.312143529358541 -1.2321847906716394 -1.9
      vertex -2.2947263630952826 -2.773847673992842 0
    endloop
  endfacet
  facet normal 0.6910666971580839 0.22454118131728237 0.6870284404387176
    outer loop
      vertex -1.6735976745988526 -0.6626241948324202 -1.9
      vertex -1.743449690031536 -0.4476417968967387 -1.9
      vertex -3.486899380063072 -0.8952835937934774 0
    endloop
  endfacet
  facet normal 0.6574749575165312 0.3093842307988223 0.6870284404387175
    outer loop
      vertex -1.5773520240789543 -0.8671566133830877 -1.9
      vertex -1.6735976745988526 -0.6626241948324202 -1.9
      vertex -3.1547040481579085 -1.7343132267661754 0
    endloop
  endfacet
  facet normal 0.7137599021622189 0.13615698327196932 0.6870284404387176
    outer loop
      vertex -1.743449690031536 -0.4476417968967387 -1.9
      vertex -1.78580646236606 -0.22559982041574733 -1.9
      vertex -3.57161292473212 -0.45119964083149466 0
    endloop
  endfacet
  facet normal 0.7251966871297574 0.045625508264218 0.6870284404387176
    outer loop
      vertex -1.78580646236606 -0.22559982041574733 -1.9
      vertex -1.8 0 -1.9
      vertex -3.6 0 0
    endloop
  endfacet
  facet normal 0.3500569258514221 0.6367511842877055 0.6870284404387176
    outer loop
      vertex -0.9644882309621942 -1.5197902659036269 -1.9
      vertex -1.532805449634261 -3.2573773888776705 0
      vertex -0.7664027248171305 -1.6286886944388352 -1.9
    endloop
  endfacet
  facet normal 0.26749053753146945 0.6756039774597756 0.6870284404387176
    outer loop
      vertex -0.7664027248171305 -1.6286886944388352 -1.9
      vertex -1.1124611797498107 -3.4238034586625528 0
      vertex -0.5562305898749054 -1.7119017293312764 -1.9
    endloop
  endfacet
  facet normal 0.18070566364354418 0.7038020923210514 0.6870284404387176
    outer loop
      vertex -0.5562305898749054 -1.7119017293312764 -1.9
      vertex -0.6745727325086094 -3.536234102623279 0
      vertex -0.3372863662543047 -1.7681170513116395 -1.9
    endloop
  endfacet
  facet normal 0.09107095349162904 0.7209008277554334 0.6870284404387176
    outer loop
      vertex -0.3372863662543047 -1.7681170513116395 -1.9
      vertex -0.22604587030552956 -3.5928962223417775 0
      vertex -0.11302293515276478 -1.7964481111708888 -1.9
    endloop
  endfacet
  facet normal 0.7251966871297574 -0.04562550826421804 0.6870284404387176
    outer loop
      vertex -1.78580646236606 0.22559982041574733 -1.9
      vertex -3.57161292473212 0.45119964083149466 0
      vertex -3.6 0 0
    endloop
  endfacet
  facet normal 0.7137599021622189 -0.13615698327196932 0.6870284404387176
    outer loop
      vertex -1.743449690031536 0.4476417968967387 -1.9
      vertex -3.486899380063072 0.8952835937934774 0
      vertex -3.57161292473212 0.45119964083149466 0
    endloop
  endfacet
  facet normal 0.6910666971580838 -0.22454118131728204 0.6870284404387177
    outer loop
      vertex -1.6735976745988526 0.6626241948324202 -1.9
      vertex -3.347195349197705 1.3252483896648404 0
      vertex -3.486899380063072 0.8952835937934774 0
    endloop
  endfacet
  facet normal 0.6574749575165312 -0.3093842307988225 0.6870284404387177
    outer loop
      vertex -1.6735976745988526 0.6626241948324202 -1.9
      vertex -3.1547040481579085 1.7343132267661754 0
      vertex -3.347195349197705 1.3252483896648404 0
    endloop
  endfacet
  facet normal 0.6135144450384413 -0.38934810614348286 0.6870284404387175
    outer loop
      vertex -1.5773520240789543 0.8671566133830877 -1.9
      vertex -2.912461179749811 2.1160269082529033 0
      vertex -3.1547040481579085 1.7343132267661754 0
    endloop
  endfacet
  facet normal 0.7251966871297574 -0.045625508264218 0.6870284404387176
    outer loop
      vertex -1.8 0 -1.9
      vertex -1.78580646236606 0.22559982041574733 -1.9
      vertex -3.6 0 0
    endloop
  endfacet
  facet normal 0.7137599021622189 -0.13615698327196932 0.6870284404387176
    outer loop
      vertex -1.78580646236606 0.22559982041574733 -1.9
      vertex -1.743449690031536 0.4476417968967387 -1.9
      vertex -3.57161292473212 0.45119964083149466 0
    endloop
  endfacet
  facet normal 0.6910666971580839 -0.22454118131728237 0.6870284404387176
    outer loop
      vertex -1.743449690031536 0.4476417968967387 -1.9
      vertex -1.6735976745988526 0.6626241948324202 -1.9
      vertex -3.486899380063072 0.8952835937934774 0
    endloop
  endfacet
  facet normal 0.6574749575165312 -0.3093842307988223 0.6870284404387176
    outer loop
      vertex -1.6735976745988526 0.6626241948324202 -1.9
      vertex -1.5773520240789543 0.8671566133830877 -1.9
      vertex -3.1547040481579085 1.7343132267661754 0
    endloop
  endfacet
  facet normal 0.6135144450384414 -0.3893481061434828 0.6870284404387176
    outer loop
      vertex -1.5773520240789543 0.8671566133830877 -1.9
      vertex -1.4562305898749055 1.0580134541264516 -1.9
      vertex -2.912461179749811 2.1160269082529033 0
    endloop
  endfacet
  facet normal 0.55987844326633 -0.46317172926897693 0.6870284404387175
    outer loop
      vertex -1.4562305898749055 1.0580134541264516 -1.9
      vertex -2.624287058717082 2.464369581343279 0
      vertex -2.912461179749811 2.1160269082529033 0
    endloop
  endfacet
  facet normal 0.49741282398873843 -0.5296908575385192 0.6870284404387176
    outer loop
      vertex -1.312143529358541 1.2321847906716394 -1.9
      vertex -2.2947263630952826 2.773847673992842 0
      vertex -2.624287058717082 2.464369581343279 0
    endloop
  endfacet
  facet normal 0.55987844326633 -0.46317172926897693 0.6870284404387177
    outer loop
      vertex -1.4562305898749055 1.0580134541264516 -1.9
      vertex -1.312143529358541 1.2321847906716394 -1.9
      vertex -2.624287058717082 2.464369581343279 0
    endloop
  endfacet
  facet normal 0.4974128239887383 -0.5296908575385192 0.6870284404387176
    outer loop
      vertex -1.312143529358541 1.2321847906716394 -1.9
      vertex -1.1473631815476413 1.386923836996421 -1.9
      vertex -2.2947263630952826 2.773847673992842 0
    endloop
  endfacet
  facet normal 0.42710270733682554 -0.5878564445626989 0.6870284404387176
    outer loop
      vertex -1.1473631815476413 1.386923836996421 -1.9
      vertex -0.9644882309621942 1.5197902659036269 -1.9
      vertex -1.9289764619243883 3.0395805318072537 0
    endloop
  endfacet
  facet normal 0.42710270733682554 -0.5878564445626988 0.6870284404387177
    outer loop
      vertex -1.1473631815476413 1.386923836996421 -1.9
      vertex -1.9289764619243883 3.0395805318072537 0
      vertex -2.2947263630952826 2.773847673992842 0
    endloop
  endfacet
  facet normal 0.3500569258514222 -0.6367511842877054 0.6870284404387176
    outer loop
      vertex -0.9644882309621942 1.5197902659036269 -1.9
      vertex -0.7664027248171309 1.628688694438835 -1.9
      vertex -1.5328054496342618 3.25737738887767 0
    endloop
  endfacet
  facet normal 0.2674905375314696 -0.6756039774597756 0.6870284404387177
    outer loop
      vertex -0.7664027248171309 1.628688694438835 -1.9
      vertex -0.5562305898749054 1.7119017293312764 -1.9
      vertex -1.1124611797498107 3.4238034586625528 0
    endloop
  endfacet
  facet normal 0.1807056636435445 -0.7038020923210514 0.6870284404387177
    outer loop
      vertex -0.5562305898749054 1.7119017293312764 -1.9
      vertex -0.33728636625430425 1.7681170513116398 -1.9
      vertex -0.6745727325086085 3.5362341026232795 0
    endloop
  endfacet
  facet normal 0.09107095349162818 -0.7209008277554335 0.6870284404387176
    outer loop
      vertex -0.33728636625430425 1.7681170513116398 -1.9
      vertex -0.1130229351527639 1.7964481111708888 -1.9
      vertex -0.2260458703055262 3.5928962223417775 0
    endloop
  endfacet
  facet normal 0 -0.7266305264908318 0.6870284404387176
    outer loop
      vertex -0.1130229351527639 1.7964481111708888 -1.9
      vertex 0.1130229351527639 1.7964481111708888 -1.9
      vertex -0.2260458703055262 3.5928962223417775 0
    endloop
  endfacet
  facet normal 0.35005692585142206 -0.6367511842877054 0.6870284404387177
    outer loop
      vertex -0.9644882309621942 1.5197902659036269 -1.9
      vertex -1.5328054496342618 3.25737738887767 0
      vertex -1.9289764619243883 3.0395805318072537 0
    endloop
  endfacet
  facet normal 0.2674905375314695 -0.6756039774597755 0.6870284404387176
    outer loop
      vertex -0.7664027248171309 1.628688694438835 -1.9
      vertex -1.1124611797498107 3.4238034586625528 0
      vertex -1.5328054496342618 3.25737738887767 0
    endloop
  endfacet
  facet normal 0.18070566364354476 -0.7038020923210512 0.6870284404387176
    outer loop
      vertex -0.5562305898749054 1.7119017293312764 -1.9
      vertex -0.6745727325086085 3.5362341026232795 0
      vertex -1.1124611797498107 3.4238034586625528 0
    endloop
  endfacet
  facet normal 0.09107095349162765 -0.7209008277554335 0.6870284404387176
    outer loop
      vertex -0.33728636625430425 1.7681170513116398 -1.9
      vertex -0.2260458703055262 3.5928962223417775 0
      vertex -0.6745727325086085 3.5362341026232795 0
    endloop
  endfacet
  facet normal -0.09107095349162887 0.7209008277554333 0.6870284404387175
    outer loop
      vertex 0.3372863662543047 -1.7681170513116395 -1.9
      vertex 0.22604587030552956 -3.5928962223417775 0
      vertex 0.6745727325086094 -3.536234102623279 0
    endloop
  endfacet
  facet normal -0.1807056636435444 0.7038020923210513 0.6870284404387177
    outer loop
      vertex 0.5562305898749054 -1.7119017293312764 -1.9
      vertex 0.6745727325086094 -3.536234102623279 0
      vertex 1.1124611797498107 -3.4238034586625528 0
    endloop
  endfacet
  facet normal -0.26749053753146934 0.6756039774597757 0.6870284404387175
    outer loop
      vertex 0.7664027248171305 -1.6286886944388352 -1.9
      vertex 1.1124611797498107 -3.4238034586625528 0
      vertex 1.532805449634261 -3.2573773888776705 0
    endloop
  endfacet
  facet normal -0.350056925851422 0.6367511842877055 0.6870284404387176
    outer loop
      vertex 0.9644882309621932 -1.5197902659036275 -1.9
      vertex 1.532805449634261 -3.2573773888776705 0
      vertex 1.9289764619243863 -3.039580531807255 0
    endloop
  endfacet
  facet normal 0 0.7266305264908319 0.6870284404387176
    outer loop
      vertex -0.11302293515276478 -1.7964481111708888 -1.9
      vertex 0.22604587030552956 -3.5928962223417775 0
      vertex 0.11302293515276478 -1.7964481111708888 -1.9
    endloop
  endfacet
  facet normal -0.09107095349162904 0.7209008277554334 0.6870284404387176
    outer loop
      vertex 0.11302293515276478 -1.7964481111708888 -1.9
      vertex 0.22604587030552956 -3.5928962223417775 0
      vertex 0.3372863662543047 -1.7681170513116395 -1.9
    endloop
  endfacet
  facet normal -0.18070566364354418 0.7038020923210514 0.6870284404387176
    outer loop
      vertex 0.3372863662543047 -1.7681170513116395 -1.9
      vertex 0.6745727325086094 -3.536234102623279 0
      vertex 0.5562305898749054 -1.7119017293312764 -1.9
    endloop
  endfacet
  facet normal -0.26749053753146945 0.6756039774597756 0.6870284404387176
    outer loop
      vertex 0.5562305898749054 -1.7119017293312764 -1.9
      vertex 1.1124611797498107 -3.4238034586625528 0
      vertex 0.7664027248171305 -1.6286886944388352 -1.9
    endloop
  endfacet
  facet normal -0.35005692585142184 0.6367511842877056 0.6870284404387177
    outer loop
      vertex 0.7664027248171305 -1.6286886944388352 -1.9
      vertex 1.532805449634261 -3.2573773888776705 0
      vertex 0.9644882309621932 -1.5197902659036275 -1.9
    endloop
  endfacet
  facet normal -0.4271027073368258 0.5878564445626987 0.6870284404387176
    outer loop
      vertex 0.9644882309621932 -1.5197902659036275 -1.9
      vertex 1.9289764619243863 -3.039580531807255 0
      vertex 1.147363181547642 -1.3869238369964203 -1.9
    endloop
  endfacet
  facet normal -0.42710270733682576 0.5878564445626985 0.6870284404387177
    outer loop
      vertex 1.147363181547642 -1.3869238369964203 -1.9
      vertex 1.9289764619243863 -3.039580531807255 0
      vertex 2.294726363095284 -2.7738476739928406 0
    endloop
  endfacet
  facet normal -0.4974128239887382 0.5296908575385192 0.6870284404387176
    outer loop
      vertex 1.147363181547642 -1.3869238369964203 -1.9
      vertex 2.294726363095284 -2.7738476739928406 0
      vertex 1.312143529358541 -1.2321847906716394 -1.9
    endloop
  endfacet
  facet normal -0.55987844326633 0.46317172926897693 0.6870284404387177
    outer loop
      vertex 1.312143529358541 -1.2321847906716394 -1.9
      vertex 2.624287058717082 -2.464369581343279 0
      vertex 1.4562305898749055 -1.0580134541264516 -1.9
    endloop
  endfacet
  facet normal -0.4974128239887384 0.5296908575385193 0.6870284404387177
    outer loop
      vertex 1.312143529358541 -1.2321847906716394 -1.9
      vertex 2.294726363095284 -2.7738476739928406 0
      vertex 2.624287058717082 -2.464369581343279 0
    endloop
  endfacet
  facet normal -0.55987844326633 0.46317172926897693 0.6870284404387175
    outer loop
      vertex 1.4562305898749055 -1.0580134541264516 -1.9
      vertex 2.624287058717082 -2.464369581343279 0
      vertex 2.912461179749811 -2.1160269082529033 0
    endloop
  endfacet
  facet normal -0.6135144450384414 0.3893481061434828 0.6870284404387176
    outer loop
      vertex 1.4562305898749055 -1.0580134541264516 -1.9
      vertex 2.912461179749811 -2.1160269082529033 0
      vertex 1.5773520240789543 -0.8671566133830877 -1.9
    endloop
  endfacet
  facet normal -0.6574749575165308 0.3093842307988228 0.6870284404387176
    outer loop
      vertex 1.5773520240789543 -0.8671566133830877 -1.9
      vertex 3.1547040481579085 -1.7343132267661754 0
      vertex 1.6735976745988523 -0.6626241948324211 -1.9
    endloop
  endfacet
  facet normal -0.691066697158084 0.22454118131728215 0.6870284404387176
    outer loop
      vertex 1.6735976745988523 -0.6626241948324211 -1.9
      vertex 3.4868993800630723 -0.895283593793476 0
      vertex 1.7434496900315362 -0.447641796896738 -1.9
    endloop
  endfacet
  facet normal -0.7137599021622189 0.13615698327196907 0.6870284404387177
    outer loop
      vertex 1.7434496900315362 -0.447641796896738 -1.9
      vertex 3.57161292473212 -0.45119964083149466 0
      vertex 1.78580646236606 -0.22559982041574733 -1.9
    endloop
  endfacet
  facet normal -0.7251966871297574 0.045625508264218 0.6870284404387176
    outer loop
      vertex 1.78580646236606 -0.22559982041574733 -1.9
      vertex 3.6 0 0
      vertex 1.8 0 -1.9
    endloop
  endfacet
  facet normal -0.6135144450384413 0.38934810614348286 0.6870284404387175
    outer loop
      vertex 1.5773520240789543 -0.8671566133830877 -1.9
      vertex 2.912461179749811 -2.1160269082529033 0
      vertex 3.1547040481579085 -1.7343132267661754 0
    endloop
  endfacet
  facet normal -0.6574749575165311 0.3093842307988229 0.6870284404387175
    outer loop
      vertex 1.6735976745988523 -0.6626241948324211 -1.9
      vertex 3.1547040481579085 -1.7343132267661754 0
      vertex 3.3471953491977047 -1.3252483896648422 0
    endloop
  endfacet
  facet normal -0.691066697158084 0.2245411813172819 0.6870284404387176
    outer loop
      vertex 1.6735976745988523 -0.6626241948324211 -1.9
      vertex 3.3471953491977047 -1.3252483896648422 0
      vertex 3.4868993800630723 -0.895283593793476 0
    endloop
  endfacet
  facet normal -0.7137599021622189 0.13615698327196904 0.6870284404387177
    outer loop
      vertex 1.7434496900315362 -0.447641796896738 -1.9
      vertex 3.4868993800630723 -0.895283593793476 0
      vertex 3.57161292473212 -0.45119964083149466 0
    endloop
  endfacet
  facet normal -0.7251966871297574 0.04562550826421804 0.6870284404387176
    outer loop
      vertex 1.78580646236606 -0.22559982041574733 -1.9
      vertex 3.57161292473212 -0.45119964083149466 0
      vertex 3.6 0 0
    endloop
  endfacet
  facet normal -0.09107095349162816 -0.7209008277554334 0.6870284404387176
    outer loop
      vertex 0.1130229351527639 1.7964481111708888 -1.9
      vertex 0.33728636625430425 1.7681170513116398 -1.9
      vertex 0.2260458703055278 3.5928962223417775 0
    endloop
  endfacet
  facet normal -0.1807056636435445 -0.7038020923210514 0.6870284404387177
    outer loop
      vertex 0.33728636625430425 1.7681170513116398 -1.9
      vertex 0.5562305898749054 1.7119017293312764 -1.9
      vertex 0.6745727325086085 3.5362341026232795 0
    endloop
  endfacet
  facet normal -0.2674905375314696 -0.6756039774597756 0.6870284404387177
    outer loop
      vertex 0.5562305898749054 1.7119017293312764 -1.9
      vertex 0.7664027248171309 1.628688694438835 -1.9
      vertex 1.1124611797498107 3.4238034586625528 0
    endloop
  endfacet
  facet normal -0.35005692585142184 -0.6367511842877057 0.6870284404387176
    outer loop
      vertex 0.7664027248171309 1.628688694438835 -1.9
      vertex 0.964488230962194 1.519790265903627 -1.9
      vertex 1.5328054496342618 3.25737738887767 0
    endloop
  endfacet
  facet normal -0.7251966871297574 -0.04562550826421793 0.6870284404387176
    outer loop
      vertex 1.78580646236606 0.22559982041574766 -1.9
      vertex 1.8 0 -1.9
      vertex 3.6 0 0
    endloop
  endfacet
  facet normal -0.7137599021622187 -0.13615698327196957 0.6870284404387176
    outer loop
      vertex 1.78580646236606 0.22559982041574766 -1.9
      vertex 3.57161292473212 0.45119964083149533 0
      vertex 1.743449690031536 0.44764179689673866 -1.9
    endloop
  endfacet
  facet normal -0.6574749575165313 -0.30938423079882216 0.6870284404387177
    outer loop
      vertex 1.6735976745988526 0.6626241948324204 -1.9
      vertex 3.154704048157909 1.7343132267661752 0
      vertex 1.5773520240789545 0.8671566133830876 -1.9
    endloop
  endfacet
  facet normal -0.691066697158084 -0.22454118131728212 0.6870284404387177
    outer loop
      vertex 1.743449690031536 0.44764179689673866 -1.9
      vertex 3.486899380063072 0.8952835937934773 0
      vertex 1.6735976745988526 0.6626241948324204 -1.9
    endloop
  endfacet
  facet normal -0.49741282398873793 -0.5296908575385196 0.6870284404387176
    outer loop
      vertex 1.3121435293585408 1.2321847906716397 -1.9
      vertex 2.294726363095283 2.773847673992841 0
      vertex 1.1473631815476415 1.3869238369964205 -1.9
    endloop
  endfacet
  facet normal -0.5598784432663299 -0.463171729268977 0.6870284404387176
    outer loop
      vertex 1.3121435293585408 1.2321847906716397 -1.9
      vertex 1.4562305898749055 1.0580134541264516 -1.9
      vertex 2.6242870587170817 2.4643695813432793 0
    endloop
  endfacet
  facet normal -0.42710270733682637 -0.5878564445626981 0.6870284404387175
    outer loop
      vertex 0.964488230962194 1.519790265903627 -1.9
      vertex 1.1473631815476415 1.3869238369964205 -1.9
      vertex 1.928976461924388 3.039580531807254 0
    endloop
  endfacet
  facet normal -0.4271027073368262 -0.5878564445626984 0.6870284404387176
    outer loop
      vertex 1.1473631815476415 1.3869238369964205 -1.9
      vertex 2.294726363095283 2.773847673992841 0
      vertex 1.928976461924388 3.039580531807254 0
    endloop
  endfacet
  facet normal -0.6135144450384412 -0.3893481061434832 0.6870284404387177
    outer loop
      vertex 1.5773520240789545 0.8671566133830876 -1.9
      vertex 2.912461179749811 2.1160269082529033 0
      vertex 1.4562305898749055 1.0580134541264516 -1.9
    endloop
  endfacet
  facet normal -0.49741282398873793 -0.5296908575385196 0.6870284404387176
    outer loop
      vertex 1.3121435293585408 1.2321847906716397 -1.9
      vertex 2.6242870587170817 2.4643695813432793 0
      vertex 2.294726363095283 2.773847673992841 0
    endloop
  endfacet
  facet normal -0.5598784432663299 -0.463171729268977 0.6870284404387176
    outer loop
      vertex 1.4562305898749055 1.0580134541264516 -1.9
      vertex 2.912461179749811 2.1160269082529033 0
      vertex 2.6242870587170817 2.4643695813432793 0
    endloop
  endfacet
  facet normal 0 -0.7266305264908318 0.6870284404387176
    outer loop
      vertex 0.1130229351527639 1.7964481111708888 -1.9
      vertex 0.2260458703055278 3.5928962223417775 0
      vertex -0.2260458703055262 3.5928962223417775 0
    endloop
  endfacet
  facet normal -0.09107095349162797 -0.7209008277554334 0.6870284404387176
    outer loop
      vertex 0.33728636625430425 1.7681170513116398 -1.9
      vertex 0.6745727325086085 3.5362341026232795 0
      vertex 0.2260458703055278 3.5928962223417775 0
    endloop
  endfacet
  facet normal -0.18070566364354476 -0.7038020923210512 0.6870284404387176
    outer loop
      vertex 0.5562305898749054 1.7119017293312764 -1.9
      vertex 1.1124611797498107 3.4238034586625528 0
      vertex 0.6745727325086085 3.5362341026232795 0
    endloop
  endfacet
  facet normal -0.2674905375314695 -0.6756039774597755 0.6870284404387176
    outer loop
      vertex 0.7664027248171309 1.628688694438835 -1.9
      vertex 1.5328054496342618 3.25737738887767 0
      vertex 1.1124611797498107 3.4238034586625528 0
    endloop
  endfacet
  facet normal -0.3500569258514216 -0.6367511842877056 0.6870284404387177
    outer loop
      vertex 0.964488230962194 1.519790265903627 -1.9
      vertex 1.928976461924388 3.039580531807254 0
      vertex 1.5328054496342618 3.25737738887767 0
    endloop
  endfacet
  facet normal -0.7251966871297574 -0.04562550826421797 0.6870284404387175
    outer loop
      vertex 1.78580646236606 0.22559982041574766 -1.9
      vertex 3.6 0 0
      vertex 3.57161292473212 0.45119964083149533 0
    endloop
  endfacet
  facet normal -0.7137599021622187 -0.13615698327196957 0.6870284404387176
    outer loop
      vertex 1.743449690031536 0.44764179689673866 -1.9
      vertex 3.57161292473212 0.45119964083149533 0
      vertex 3.486899380063072 0.8952835937934773 0
    endloop
  endfacet
  facet normal -0.6574749575165313 -0.3093842307988223 0.6870284404387176
    outer loop
      vertex 1.6735976745988526 0.6626241948324204 -1.9
      vertex 3.347195349197705 1.3252483896648408 0
      vertex 3.154704048157909 1.7343132267661752 0
    endloop
  endfacet
  facet normal -0.6910666971580839 -0.2245411813172818 0.6870284404387177
    outer loop
      vertex 1.6735976745988526 0.6626241948324204 -1.9
      vertex 3.486899380063072 0.8952835937934773 0
      vertex 3.347195349197705 1.3252483896648408 0
    endloop
  endfacet
  facet normal -0.6135144450384412 -0.38934810614348314 0.6870284404387175
    outer loop
      vertex 1.5773520240789545 0.8671566133830876 -1.9
      vertex 3.154704048157909 1.7343132267661752 0
      vertex 2.912461179749811 2.1160269082529033 0
    endloop
  endfacet
  facet normal 0.9048270524660194 0.42577929156507294 0
    outer loop
      vertex -1.5773520240789543 -0.8671566133830877 -1.9
      vertex -1.5773520240789543 -0.8671566133830877 -21
      vertex -1.6735976745988526 -0.6626241948324202 -21
    endloop
  endfacet
  facet normal 0.8443279255020155 0.5358267949789959 0
    outer loop
      vertex -1.4562305898749055 -1.0580134541264516 -1.9
      vertex -1.4562305898749055 -1.0580134541264516 -21
      vertex -1.5773520240789543 -0.8671566133830877 -21
    endloop
  endfacet
  facet normal 0.7705132427757894 0.6374239897486896 0
    outer loop
      vertex -1.312143529358541 -1.2321847906716394 -1.9
      vertex -1.312143529358541 -1.2321847906716394 -21
      vertex -1.4562305898749055 -1.0580134541264516 -21
    endloop
  endfacet
  facet normal 0.9822872507286886 0.1873813145857247 0
    outer loop
      vertex -1.743449690031536 -0.4476417968967387 -1.9
      vertex -1.743449690031536 -0.4476417968967387 -21
      vertex -1.78580646236606 -0.22559982041574733 -21
    endloop
  endfacet
  facet normal 0.9510565162951536 0.30901699437494734 0
    outer loop
      vertex -1.6735976745988526 -0.6626241948324202 -1.9
      vertex -1.6735976745988526 -0.6626241948324202 -21
      vertex -1.743449690031536 -0.4476417968967387 -21
    endloop
  endfacet
  facet normal 0.9980267284282716 0.06279051952931361 0
    outer loop
      vertex -1.78580646236606 -0.22559982041574733 -1.9
      vertex -1.78580646236606 -0.22559982041574733 -21
      vertex -1.8 0 -21
    endloop
  endfacet
  facet normal 0.6845471059286887 0.7289686274214114 0
    outer loop
      vertex -1.1473631815476413 -1.386923836996421 -1.9
      vertex -1.1473631815476413 -1.386923836996421 -21
      vertex -1.312143529358541 -1.2321847906716394 -21
    endloop
  endfacet
  facet normal 0.5877852522924721 0.809016994374948 0
    outer loop
      vertex -0.9644882309621942 -1.5197902659036269 -1.9
      vertex -0.9644882309621942 -1.5197902659036269 -21
      vertex -1.1473631815476413 -1.386923836996421 -21
    endloop
  endfacet
  facet normal 0.48175367410171555 0.8763066800438635 0
    outer loop
      vertex -0.7664027248171305 -1.6286886944388352 -1.9
      vertex -0.7664027248171305 -1.6286886944388352 -21
      vertex -0.9644882309621942 -1.5197902659036269 -21
    endloop
  endfacet
  facet normal 0.3681245526846779 0.9297764858882516 0
    outer loop
      vertex -0.5562305898749054 -1.7119017293312764 -1.9
      vertex -0.5562305898749054 -1.7119017293312764 -21
      vertex -0.7664027248171305 -1.6286886944388352 -21
    endloop
  endfacet
  facet normal 0.24868988716485502 0.9685831611286311 0
    outer loop
      vertex -0.3372863662543047 -1.7681170513116395 -1.9
      vertex -0.3372863662543047 -1.7681170513116395 -21
      vertex -0.5562305898749054 -1.7119017293312764 -21
    endloop
  endfacet
  facet normal 0.12533323356430462 0.9921147013144778 0
    outer loop
      vertex -0.11302293515276478 -1.7964481111708888 -1.9
      vertex -0.11302293515276478 -1.7964481111708888 -21
      vertex -0.3372863662543047 -1.7681170513116395 -21
    endloop
  endfacet
  facet normal 0.6845471059286887 0.7289686274214114 0
    outer loop
      vertex -1.1473631815476413 -1.386923836996421 -1.9
      vertex -1.312143529358541 -1.2321847906716394 -21
      vertex -1.312143529358541 -1.2321847906716394 -1.9
    endloop
  endfacet
  facet normal 0.9048270524660194 0.42577929156507294 0
    outer loop
      vertex -1.5773520240789543 -0.8671566133830877 -1.9
      vertex -1.6735976745988526 -0.6626241948324202 -21
      vertex -1.6735976745988526 -0.6626241948324202 -1.9
    endloop
  endfacet
  facet normal 0.7705132427757894 0.6374239897486896 0
    outer loop
      vertex -1.4562305898749055 -1.0580134541264516 -1.9
      vertex -1.312143529358541 -1.2321847906716394 -1.9
      vertex -1.4562305898749055 -1.0580134541264516 -21
    endloop
  endfacet
  facet normal 0.8443279255020155 0.5358267949789959 0
    outer loop
      vertex -1.4562305898749055 -1.0580134541264516 -1.9
      vertex -1.5773520240789543 -0.8671566133830877 -21
      vertex -1.5773520240789543 -0.8671566133830877 -1.9
    endloop
  endfacet
  facet normal 0.9510565162951536 0.30901699437494734 0
    outer loop
      vertex -1.6735976745988526 -0.6626241948324202 -1.9
      vertex -1.743449690031536 -0.4476417968967387 -21
      vertex -1.743449690031536 -0.4476417968967387 -1.9
    endloop
  endfacet
  facet normal 0.9822872507286886 0.1873813145857247 0
    outer loop
      vertex -1.743449690031536 -0.4476417968967387 -1.9
      vertex -1.78580646236606 -0.22559982041574733 -21
      vertex -1.78580646236606 -0.22559982041574733 -1.9
    endloop
  endfacet
  facet normal 0.9980267284282716 0.06279051952931361 0
    outer loop
      vertex -1.78580646236606 -0.22559982041574733 -1.9
      vertex -1.8 0 -21
      vertex -1.8 0 -1.9
    endloop
  endfacet
  facet normal 0.5877852522924721 0.809016994374948 0
    outer loop
      vertex -1.1473631815476413 -1.386923836996421 -1.9
      vertex -0.9644882309621942 -1.5197902659036269 -1.9
      vertex -1.1473631815476413 -1.386923836996421 -21
    endloop
  endfacet
  facet normal 0.3681245526846779 0.9297764858882516 0
    outer loop
      vertex -0.7664027248171305 -1.6286886944388352 -1.9
      vertex -0.5562305898749054 -1.7119017293312764 -1.9
      vertex -0.7664027248171305 -1.6286886944388352 -21
    endloop
  endfacet
  facet normal 0.48175367410171555 0.8763066800438635 0
    outer loop
      vertex -0.9644882309621942 -1.5197902659036269 -1.9
      vertex -0.7664027248171305 -1.6286886944388352 -1.9
      vertex -0.9644882309621942 -1.5197902659036269 -21
    endloop
  endfacet
  facet normal 0.24868988716485502 0.9685831611286311 0
    outer loop
      vertex -0.5562305898749054 -1.7119017293312764 -1.9
      vertex -0.3372863662543047 -1.7681170513116395 -1.9
      vertex -0.5562305898749054 -1.7119017293312764 -21
    endloop
  endfacet
  facet normal 0.12533323356430462 0.9921147013144778 0
    outer loop
      vertex -0.3372863662543047 -1.7681170513116395 -1.9
      vertex -0.11302293515276478 -1.7964481111708888 -1.9
      vertex -0.3372863662543047 -1.7681170513116395 -21
    endloop
  endfacet
  facet normal 0 1 0
    outer loop
      vertex -0.11302293515276478 -1.7964481111708888 -1.9
      vertex 0.11302293515276478 -1.7964481111708888 -1.9
      vertex -0.11302293515276478 -1.7964481111708888 -21
    endloop
  endfacet
  facet normal 0.9980267284282716 -0.06279051952931361 0
    outer loop
      vertex -1.8 0 -1.9
      vertex -1.8 0 -21
      vertex -1.78580646236606 0.22559982041574733 -21
    endloop
  endfacet
  facet normal 0.9822872507286886 -0.1873813145857247 0
    outer loop
      vertex -1.78580646236606 0.22559982041574733 -1.9
      vertex -1.78580646236606 0.22559982041574733 -21
      vertex -1.743449690031536 0.4476417968967387 -21
    endloop
  endfacet
  facet normal 0.9510565162951536 -0.30901699437494734 0
    outer loop
      vertex -1.743449690031536 0.4476417968967387 -1.9
      vertex -1.743449690031536 0.4476417968967387 -21
      vertex -1.6735976745988526 0.6626241948324202 -21
    endloop
  endfacet
  facet normal 0.9048270524660194 -0.42577929156507294 0
    outer loop
      vertex -1.6735976745988526 0.6626241948324202 -1.9
      vertex -1.6735976745988526 0.6626241948324202 -21
      vertex -1.5773520240789543 0.8671566133830877 -21
    endloop
  endfacet
  facet normal 0.8443279255020155 -0.5358267949789959 0
    outer loop
      vertex -1.5773520240789543 0.8671566133830877 -1.9
      vertex -1.5773520240789543 0.8671566133830877 -21
      vertex -1.4562305898749055 1.0580134541264516 -21
    endloop
  endfacet
  facet normal 0.7705132427757894 -0.6374239897486896 0
    outer loop
      vertex -1.4562305898749055 1.0580134541264516 -1.9
      vertex -1.4562305898749055 1.0580134541264516 -21
      vertex -1.312143529358541 1.2321847906716394 -21
    endloop
  endfacet
  facet normal 0.6845471059286887 -0.7289686274214114 0
    outer loop
      vertex -1.312143529358541 1.2321847906716394 -1.9
      vertex -1.312143529358541 1.2321847906716394 -21
      vertex -1.1473631815476413 1.386923836996421 -21
    endloop
  endfacet
  facet normal 0.5877852522924721 -0.809016994374948 0
    outer loop
      vertex -1.1473631815476413 1.386923836996421 -1.9
      vertex -1.1473631815476413 1.386923836996421 -21
      vertex -0.9644882309621942 1.5197902659036269 -21
    endloop
  endfacet
  facet normal 0.4817536741017155 -0.8763066800438634 0
    outer loop
      vertex -0.9644882309621942 1.5197902659036269 -1.9
      vertex -0.9644882309621942 1.5197902659036269 -21
      vertex -0.7664027248171309 1.628688694438835 -21
    endloop
  endfacet
  facet normal 0.3681245526846781 -0.9297764858882513 0
    outer loop
      vertex -0.7664027248171309 1.628688694438835 -1.9
      vertex -0.7664027248171309 1.628688694438835 -21
      vertex -0.5562305898749054 1.7119017293312764 -21
    endloop
  endfacet
  facet normal 0.2486898871648555 -0.9685831611286309 0
    outer loop
      vertex -0.5562305898749054 1.7119017293312764 -1.9
      vertex -0.5562305898749054 1.7119017293312764 -21
      vertex -0.33728636625430425 1.7681170513116398 -21
    endloop
  endfacet
  facet normal 0.12533323356430334 -0.9921147013144778 0
    outer loop
      vertex -0.33728636625430425 1.7681170513116398 -1.9
      vertex -0.33728636625430425 1.7681170513116398 -21
      vertex -0.1130229351527639 1.7964481111708888 -21
    endloop
  endfacet
  facet normal 0 -1 0
    outer loop
      vertex -0.1130229351527639 1.7964481111708888 -1.9
      vertex -0.1130229351527639 1.7964481111708888 -21
      vertex 0.11302293515276364 1.7964481111708888 -21
    endloop
  endfacet
  facet normal 0.9980267284282716 -0.06279051952931361 0
    outer loop
      vertex -1.8 0 -1.9
      vertex -1.78580646236606 0.22559982041574733 -21
      vertex -1.78580646236606 0.22559982041574733 -1.9
    endloop
  endfacet
  facet normal 0.9822872507286886 -0.1873813145857247 0
    outer loop
      vertex -1.78580646236606 0.22559982041574733 -1.9
      vertex -1.743449690031536 0.4476417968967387 -21
      vertex -1.743449690031536 0.4476417968967387 -1.9
    endloop
  endfacet
  facet normal 0.9510565162951536 -0.30901699437494734 0
    outer loop
      vertex -1.743449690031536 0.4476417968967387 -1.9
      vertex -1.6735976745988526 0.6626241948324202 -21
      vertex -1.6735976745988526 0.6626241948324202 -1.9
    endloop
  endfacet
  facet normal 0.9048270524660194 -0.42577929156507294 0
    outer loop
      vertex -1.6735976745988526 0.6626241948324202 -1.9
      vertex -1.5773520240789543 0.8671566133830877 -21
      vertex -1.5773520240789543 0.8671566133830877 -1.9
    endloop
  endfacet
  facet normal 0.8443279255020155 -0.5358267949789959 0
    outer loop
      vertex -1.5773520240789543 0.8671566133830877 -1.9
      vertex -1.4562305898749055 1.0580134541264516 -21
      vertex -1.4562305898749055 1.0580134541264516 -1.9
    endloop
  endfacet
  facet normal 0.7705132427757894 -0.6374239897486896 0
    outer loop
      vertex -1.4562305898749055 1.0580134541264516 -1.9
      vertex -1.312143529358541 1.2321847906716394 -21
      vertex -1.312143529358541 1.2321847906716394 -1.9
    endloop
  endfacet
  facet normal 0.6845471059286887 -0.7289686274214114 0
    outer loop
      vertex -1.312143529358541 1.2321847906716394 -1.9
      vertex -1.1473631815476413 1.386923836996421 -21
      vertex -1.1473631815476413 1.386923836996421 -1.9
    endloop
  endfacet
  facet normal 0.5877852522924721 -0.809016994374948 0
    outer loop
      vertex -1.1473631815476413 1.386923836996421 -1.9
      vertex -0.9644882309621942 1.5197902659036269 -21
      vertex -0.9644882309621942 1.5197902659036269 -1.9
    endloop
  endfacet
  facet normal 0.4817536741017155 -0.8763066800438634 0
    outer loop
      vertex -0.9644882309621942 1.5197902659036269 -1.9
      vertex -0.7664027248171309 1.628688694438835 -21
      vertex -0.7664027248171309 1.628688694438835 -1.9
    endloop
  endfacet
  facet normal 0.3681245526846781 -0.9297764858882513 0
    outer loop
      vertex -0.7664027248171309 1.628688694438835 -1.9
      vertex -0.5562305898749054 1.7119017293312764 -21
      vertex -0.5562305898749054 1.7119017293312764 -1.9
    endloop
  endfacet
  facet normal 0.2486898871648555 -0.9685831611286309 0
    outer loop
      vertex -0.5562305898749054 1.7119017293312764 -1.9
      vertex -0.33728636625430425 1.7681170513116398 -21
      vertex -0.33728636625430425 1.7681170513116398 -1.9
    endloop
  endfacet
  facet normal 0.12533323356430334 -0.9921147013144778 0
    outer loop
      vertex -0.33728636625430425 1.7681170513116398 -1.9
      vertex -0.1130229351527639 1.7964481111708888 -21
      vertex -0.1130229351527639 1.7964481111708888 -1.9
    endloop
  endfacet
  facet normal 0 1 0
    outer loop
      vertex 0.11302293515276478 -1.7964481111708888 -1.9
      vertex 0.11302293515276478 -1.7964481111708888 -21
      vertex -0.11302293515276478 -1.7964481111708888 -21
    endloop
  endfacet
  facet normal -0.12533323356430462 0.9921147013144778 0
    outer loop
      vertex 0.3372863662543047 -1.7681170513116395 -1.9
      vertex 0.3372863662543047 -1.7681170513116395 -21
      vertex 0.11302293515276478 -1.7964481111708888 -21
    endloop
  endfacet
  facet normal -0.24868988716485502 0.9685831611286311 0
    outer loop
      vertex 0.5562305898749054 -1.7119017293312764 -1.9
      vertex 0.5562305898749054 -1.7119017293312764 -21
      vertex 0.3372863662543047 -1.7681170513116395 -21
    endloop
  endfacet
  facet normal -0.3681245526846779 0.9297764858882516 0
    outer loop
      vertex 0.7664027248171305 -1.6286886944388352 -1.9
      vertex 0.7664027248171305 -1.6286886944388352 -21
      vertex 0.5562305898749054 -1.7119017293312764 -21
    endloop
  endfacet
  facet normal -0.481753674101715 0.8763066800438636 0
    outer loop
      vertex 0.9644882309621932 -1.5197902659036275 -1.9
      vertex 0.9644882309621932 -1.5197902659036275 -21
      vertex 0.7664027248171305 -1.6286886944388352 -21
    endloop
  endfacet
  facet normal -0.5877852522924726 0.8090169943749478 0
    outer loop
      vertex 1.147363181547642 -1.3869238369964203 -1.9
      vertex 1.147363181547642 -1.3869238369964203 -21
      vertex 0.9644882309621932 -1.5197902659036275 -21
    endloop
  endfacet
  facet normal -0.6845471059286886 0.7289686274214116 0
    outer loop
      vertex 1.312143529358541 -1.2321847906716394 -1.9
      vertex 1.312143529358541 -1.2321847906716394 -21
      vertex 1.147363181547642 -1.3869238369964203 -21
    endloop
  endfacet
  facet normal -0.7705132427757894 0.6374239897486896 0
    outer loop
      vertex 1.4562305898749055 -1.0580134541264516 -1.9
      vertex 1.4562305898749055 -1.0580134541264516 -21
      vertex 1.312143529358541 -1.2321847906716394 -21
    endloop
  endfacet
  facet normal -0.8443279255020155 0.5358267949789959 0
    outer loop
      vertex 1.5773520240789543 -0.8671566133830877 -1.9
      vertex 1.5773520240789543 -0.8671566133830877 -21
      vertex 1.4562305898749055 -1.0580134541264516 -21
    endloop
  endfacet
  facet normal -0.904827052466019 0.4257792915650736 0
    outer loop
      vertex 1.6735976745988523 -0.6626241948324211 -1.9
      vertex 1.6735976745988523 -0.6626241948324211 -21
      vertex 1.5773520240789543 -0.8671566133830877 -21
    endloop
  endfacet
  facet normal -0.9510565162951539 0.309016994374947 0
    outer loop
      vertex 1.7434496900315362 -0.447641796896738 -1.9
      vertex 1.7434496900315362 -0.447641796896738 -21
      vertex 1.6735976745988523 -0.6626241948324211 -21
    endloop
  endfacet
  facet normal -0.9822872507286887 0.18738131458572432 0
    outer loop
      vertex 1.78580646236606 -0.22559982041574733 -1.9
      vertex 1.78580646236606 -0.22559982041574733 -21
      vertex 1.7434496900315362 -0.447641796896738 -21
    endloop
  endfacet
  facet normal -0.9980267284282716 0.06279051952931361 0
    outer loop
      vertex 1.8 0 -1.9
      vertex 1.8 0 -21
      vertex 1.78580646236606 -0.22559982041574733 -21
    endloop
  endfacet
  facet normal -0.12533323356430462 0.9921147013144778 0
    outer loop
      vertex 0.11302293515276478 -1.7964481111708888 -1.9
      vertex 0.3372863662543047 -1.7681170513116395 -1.9
      vertex 0.11302293515276478 -1.7964481111708888 -21
    endloop
  endfacet
  facet normal -0.24868988716485502 0.9685831611286311 0
    outer loop
      vertex 0.3372863662543047 -1.7681170513116395 -1.9
      vertex 0.5562305898749054 -1.7119017293312764 -1.9
      vertex 0.3372863662543047 -1.7681170513116395 -21
    endloop
  endfacet
  facet normal -0.3681245526846779 0.9297764858882516 0
    outer loop
      vertex 0.5562305898749054 -1.7119017293312764 -1.9
      vertex 0.7664027248171305 -1.6286886944388352 -1.9
      vertex 0.5562305898749054 -1.7119017293312764 -21
    endloop
  endfacet
  facet normal -0.481753674101715 0.8763066800438636 0
    outer loop
      vertex 0.7664027248171305 -1.6286886944388352 -1.9
      vertex 0.9644882309621932 -1.5197902659036275 -1.9
      vertex 0.7664027248171305 -1.6286886944388352 -21
    endloop
  endfacet
  facet normal -0.5877852522924726 0.8090169943749478 0
    outer loop
      vertex 0.9644882309621932 -1.5197902659036275 -1.9
      vertex 1.147363181547642 -1.3869238369964203 -1.9
      vertex 0.9644882309621932 -1.5197902659036275 -21
    endloop
  endfacet
  facet normal -0.6845471059286886 0.7289686274214116 0
    outer loop
      vertex 1.147363181547642 -1.3869238369964203 -1.9
      vertex 1.312143529358541 -1.2321847906716394 -1.9
      vertex 1.147363181547642 -1.3869238369964203 -21
    endloop
  endfacet
  facet normal -0.7705132427757894 0.6374239897486896 0
    outer loop
      vertex 1.312143529358541 -1.2321847906716394 -1.9
      vertex 1.4562305898749055 -1.0580134541264516 -1.9
      vertex 1.312143529358541 -1.2321847906716394 -21
    endloop
  endfacet
  facet normal -0.8443279255020155 0.5358267949789959 0
    outer loop
      vertex 1.4562305898749055 -1.0580134541264516 -1.9
      vertex 1.5773520240789543 -0.8671566133830877 -1.9
      vertex 1.4562305898749055 -1.0580134541264516 -21
    endloop
  endfacet
  facet normal -0.904827052466019 0.4257792915650736 0
    outer loop
      vertex 1.5773520240789543 -0.8671566133830877 -1.9
      vertex 1.6735976745988523 -0.6626241948324211 -1.9
      vertex 1.5773520240789543 -0.8671566133830877 -21
    endloop
  endfacet
  facet normal -0.9510565162951539 0.309016994374947 0
    outer loop
      vertex 1.6735976745988523 -0.6626241948324211 -1.9
      vertex 1.7434496900315362 -0.447641796896738 -1.9
      vertex 1.6735976745988523 -0.6626241948324211 -21
    endloop
  endfacet
  facet normal -0.9822872507286887 0.18738131458572432 0
    outer loop
      vertex 1.7434496900315362 -0.447641796896738 -1.9
      vertex 1.78580646236606 -0.22559982041574733 -1.9
      vertex 1.7434496900315362 -0.447641796896738 -21
    endloop
  endfacet
  facet normal -0.9980267284282716 0.06279051952931361 0
    outer loop
      vertex 1.78580646236606 -0.22559982041574733 -1.9
      vertex 1.8 0 -1.9
      vertex 1.78580646236606 -0.22559982041574733 -21
    endloop
  endfacet
  facet normal -0.1253332335643032 -0.9921147013144779 1.7302414865330011e-18
    outer loop
      vertex 0.1130229351527639 1.7964481111708888 -1.9
      vertex 0.11302293515276364 1.7964481111708888 -21
      vertex 0.33728636625430425 1.7681170513116398 -21
    endloop
  endfacet
  facet normal -0.2486898871648555 -0.9685831611286309 0
    outer loop
      vertex 0.33728636625430425 1.7681170513116398 -1.9
      vertex 0.33728636625430425 1.7681170513116398 -21
      vertex 0.5562305898749054 1.7119017293312764 -21
    endloop
  endfacet
  facet normal -0.3681245526846781 -0.9297764858882513 0
    outer loop
      vertex 0.5562305898749054 1.7119017293312764 -1.9
      vertex 0.5562305898749054 1.7119017293312764 -21
      vertex 0.7664027248171309 1.628688694438835 -21
    endloop
  endfacet
  facet normal -0.48175367410171493 -0.8763066800438637 0
    outer loop
      vertex 0.7664027248171309 1.628688694438835 -1.9
      vertex 0.7664027248171309 1.628688694438835 -21
      vertex 0.964488230962194 1.519790265903627 -21
    endloop
  endfacet
  facet normal -0.5877852522924736 -0.8090169943749472 0
    outer loop
      vertex 0.964488230962194 1.519790265903627 -1.9
      vertex 0.964488230962194 1.519790265903627 -21
      vertex 1.1473631815476415 1.3869238369964205 -21
    endloop
  endfacet
  facet normal -0.6845471059286882 -0.728968627421412 0
    outer loop
      vertex 1.1473631815476415 1.3869238369964205 -1.9
      vertex 1.1473631815476415 1.3869238369964205 -21
      vertex 1.3121435293585408 1.2321847906716397 -21
    endloop
  endfacet
  facet normal -0.9980267284282716 -0.0627905195293135 0
    outer loop
      vertex 1.78580646236606 0.22559982041574766 -1.9
      vertex 1.78580646236606 0.22559982041574766 -21
      vertex 1.8 0 -21
    endloop
  endfacet
  facet normal -0.9510565162951538 -0.30901699437494695 0
    outer loop
      vertex 1.6735976745988526 0.6626241948324204 -1.9
      vertex 1.6735976745988526 0.6626241948324204 -21
      vertex 1.743449690031536 0.44764179689673866 -21
    endloop
  endfacet
  facet normal -0.9822872507286886 -0.18738131458572502 0
    outer loop
      vertex 1.743449690031536 0.44764179689673866 -1.9
      vertex 1.743449690031536 0.44764179689673866 -21
      vertex 1.78580646236606 0.22559982041574766 -21
    endloop
  endfacet
  facet normal -0.7705132427757893 -0.6374239897486897 0
    outer loop
      vertex 1.3121435293585408 1.2321847906716397 -1.9
      vertex 1.3121435293585408 1.2321847906716397 -21
      vertex 1.4562305898749055 1.0580134541264516 -21
    endloop
  endfacet
  facet normal -0.8443279255020152 -0.5358267949789963 0
    outer loop
      vertex 1.4562305898749055 1.0580134541264516 -1.9
      vertex 1.4562305898749055 1.0580134541264516 -21
      vertex 1.5773520240789545 0.8671566133830876 -21
    endloop
  endfacet
  facet normal -0.9048270524660196 -0.4257792915650727 0
    outer loop
      vertex 1.5773520240789545 0.8671566133830876 -1.9
      vertex 1.5773520240789545 0.8671566133830876 -21
      vertex 1.6735976745988526 0.6626241948324204 -21
    endloop
  endfacet
  facet normal 0 -1 0
    outer loop
      vertex -0.1130229351527639 1.7964481111708888 -1.9
      vertex 0.11302293515276364 1.7964481111708888 -21
      vertex 0.1130229351527639 1.7964481111708888 -1.9
    endloop
  endfacet
  facet normal -0.12533323356430334 -0.9921147013144778 0
    outer loop
      vertex 0.1130229351527639 1.7964481111708888 -1.9
      vertex 0.33728636625430425 1.7681170513116398 -21
      vertex 0.33728636625430425 1.7681170513116398 -1.9
    endloop
  endfacet
  facet normal -0.2486898871648555 -0.9685831611286309 0
    outer loop
      vertex 0.33728636625430425 1.7681170513116398 -1.9
      vertex 0.5562305898749054 1.7119017293312764 -21
      vertex 0.5562305898749054 1.7119017293312764 -1.9
    endloop
  endfacet
  facet normal -0.48175367410171493 -0.8763066800438637 0
    outer loop
      vertex 0.7664027248171309 1.628688694438835 -1.9
      vertex 0.964488230962194 1.519790265903627 -21
      vertex 0.964488230962194 1.519790265903627 -1.9
    endloop
  endfacet
  facet normal -0.3681245526846781 -0.9297764858882513 0
    outer loop
      vertex 0.5562305898749054 1.7119017293312764 -1.9
      vertex 0.7664027248171309 1.628688694438835 -21
      vertex 0.7664027248171309 1.628688694438835 -1.9
    endloop
  endfacet
  facet normal -0.5877852522924736 -0.8090169943749472 0
    outer loop
      vertex 0.964488230962194 1.519790265903627 -1.9
      vertex 1.1473631815476415 1.3869238369964205 -21
      vertex 1.1473631815476415 1.3869238369964205 -1.9
    endloop
  endfacet
  facet normal -0.9980267284282716 -0.0627905195293135 0
    outer loop
      vertex 1.78580646236606 0.22559982041574766 -1.9
      vertex 1.8 0 -21
      vertex 1.8 0 -1.9
    endloop
  endfacet
  facet normal -0.9822872507286886 -0.18738131458572502 0
    outer loop
      vertex 1.78580646236606 0.22559982041574766 -1.9
      vertex 1.743449690031536 0.44764179689673866 -1.9
      vertex 1.78580646236606 0.22559982041574766 -21
    endloop
  endfacet
  facet normal -0.9510565162951538 -0.30901699437494695 0
    outer loop
      vertex 1.743449690031536 0.44764179689673866 -1.9
      vertex 1.6735976745988526 0.6626241948324204 -1.9
      vertex 1.743449690031536 0.44764179689673866 -21
    endloop
  endfacet
  facet normal -0.8443279255020152 -0.5358267949789963 0
    outer loop
      vertex 1.5773520240789545 0.8671566133830876 -1.9
      vertex 1.4562305898749055 1.0580134541264516 -1.9
      vertex 1.5773520240789545 0.8671566133830876 -21
    endloop
  endfacet
  facet normal -0.7705132427757893 -0.6374239897486897 0
    outer loop
      vertex 1.3121435293585408 1.2321847906716397 -1.9
      vertex 1.4562305898749055 1.0580134541264516 -21
      vertex 1.4562305898749055 1.0580134541264516 -1.9
    endloop
  endfacet
  facet normal -0.9048270524660196 -0.4257792915650727 0
    outer loop
      vertex 1.6735976745988526 0.6626241948324204 -1.9
      vertex 1.5773520240789545 0.8671566133830876 -1.9
      vertex 1.6735976745988526 0.6626241948324204 -21
    endloop
  endfacet
  facet normal -0.6845471059286882 -0.728968627421412 0
    outer loop
      vertex 1.3121435293585408 1.2321847906716397 -1.9
      vertex 1.1473631815476415 1.3869238369964205 -1.9
      vertex 1.3121435293585408 1.2321847906716397 -21
    endloop
  endfacet
endsolid OpenSCAD_Model
