solid OpenSCAD_Model
  facet normal 0.6135144450384407 0.38934810614348386 0.6870284404387176
    outer loop
      vertex -1.5773520240789543 -0.8671566133830877 -1.9000000000000004
      vertex -2.912461179749811 -2.1160269082529033 0
      vertex -1.4562305898749055 -1.0580134541264516 -1.9
    endloop
  endfacet
  facet normal 0.55987844326633 0.46317172926897693 0.6870284404387177
    outer loop
      vertex -1.4562305898749055 -1.0580134541264516 -1.9
      vertex -2.624287058717082 -2.464369581343279 0
      vertex -1.312143529358541 -1.2321847906716394 -1.9
    endloop
  endfacet
  facet normal 0.6574749575165318 0.30938423079882116 0.6870284404387174
    outer loop
      vertex -1.5773520240789543 -0.8671566133830877 -1.9000000000000004
      vertex -1.6735976745988526 -0.6626241948324202 -1.9
      vertex -3.1547040481579085 -1.7343132267661754 0
    endloop
  endfacet
  facet normal 0.6910666971580839 0.22454118131728237 0.6870284404387176
    outer loop
      vertex -1.6735976745988526 -0.6626241948324202 -1.9
      vertex -1.743449690031536 -0.4476417968967387 -1.9
      vertex -3.486899380063072 -0.8952835937934774 0
    endloop
  endfacet
  facet normal 0.7137599021622189 0.13615698327196932 0.6870284404387176
    outer loop
      vertex -1.743449690031536 -0.4476417968967387 -1.9
      vertex -1.78580646236606 -0.22559982041574733 -1.9
      vertex -3.57161292473212 -0.45119964083149466 0
    endloop
  endfacet
  facet normal 0.7251966871297574 0.045625508264218 0.6870284404387176
    outer loop
      vertex -1.78580646236606 -0.22559982041574733 -1.9
      vertex -1.8 0 -1.9
      vertex -3.6 0 0
    endloop
  endfacet
  facet normal 0.49741282398873937 0.5296908575385183 0.6870284404387175
    outer loop
      vertex -1.312143529358541 -1.2321847906716394 -1.9
      vertex -2.2947263630952826 -2.773847673992842 0
      vertex -1.1473631815476413 -1.386923836996421 -1.9000000000000004
    endloop
  endfacet
  facet normal 0.42710270733682554 0.5878564445626988 0.6870284404387175
    outer loop
      vertex -1.1473631815476413 -1.386923836996421 -1.9000000000000004
      vertex -1.9289764619243883 -3.0395805318072537 0
      vertex -0.9644882309621942 -1.5197902659036269 -1.9000000000000004
    endloop
  endfacet
  facet normal 0.3500569258514209 0.636751184287706 0.6870284404387176
    outer loop
      vertex -0.9644882309621942 -1.5197902659036269 -1.9000000000000004
      vertex -1.532805449634261 -3.2573773888776705 0
      vertex -0.7664027248171305 -1.6286886944388352 -1.9
    endloop
  endfacet
  facet normal 0.2674905375314708 0.6756039774597752 0.6870284404387175
    outer loop
      vertex -0.7664027248171305 -1.6286886944388352 -1.9
      vertex -1.1124611797498107 -3.4238034586625528 0
      vertex -0.5562305898749054 -1.7119017293312764 -1.9000000000000004
    endloop
  endfacet
  facet normal 0.18070566364354418 0.7038020923210515 0.6870284404387175
    outer loop
      vertex -0.5562305898749054 -1.7119017293312764 -1.9000000000000004
      vertex -0.6745727325086094 -3.536234102623279 0
      vertex -0.3372863662543047 -1.7681170513116395 -1.9000000000000004
    endloop
  endfacet
  facet normal 0.09107095349162904 0.7209008277554334 0.6870284404387175
    outer loop
      vertex -0.3372863662543047 -1.7681170513116395 -1.9000000000000004
      vertex -0.22604587030552986 -3.5928962223417775 0
      vertex -0.11302293515276478 -1.7964481111708888 -1.9000000000000004
    endloop
  endfacet
  facet normal 0.55987844326633 0.46317172926897693 0.6870284404387175
    outer loop
      vertex -1.4562305898749055 -1.0580134541264516 -1.9
      vertex -2.912461179749811 -2.1160269082529033 0
      vertex -2.624287058717082 -2.464369581343279 0
    endloop
  endfacet
  facet normal 0.4271027073368254 0.5878564445626989 0.6870284404387175
    outer loop
      vertex -1.1473631815476413 -1.386923836996421 -1.9000000000000004
      vertex -2.2947263630952826 -2.773847673992842 0
      vertex -1.9289764619243883 -3.0395805318072537 0
    endloop
  endfacet
  facet normal 0.49741282398873843 0.5296908575385192 0.6870284404387176
    outer loop
      vertex -1.312143529358541 -1.2321847906716394 -1.9
      vertex -2.624287058717082 -2.464369581343279 0
      vertex -2.2947263630952826 -2.773847673992842 0
    endloop
  endfacet
  facet normal 0.6574749575165312 0.3093842307988225 0.6870284404387177
    outer loop
      vertex -1.6735976745988526 -0.6626241948324202 -1.9
      vertex -3.347195349197705 -1.3252483896648404 0
      vertex -3.1547040481579085 -1.7343132267661754 0
    endloop
  endfacet
  facet normal 0.6910666971580838 0.22454118131728204 0.6870284404387177
    outer loop
      vertex -1.6735976745988526 -0.6626241948324202 -1.9
      vertex -3.486899380063072 -0.8952835937934774 0
      vertex -3.347195349197705 -1.3252483896648404 0
    endloop
  endfacet
  facet normal 0.7137599021622189 0.13615698327196932 0.6870284404387176
    outer loop
      vertex -1.743449690031536 -0.4476417968967387 -1.9
      vertex -3.57161292473212 -0.45119964083149466 0
      vertex -3.486899380063072 -0.8952835937934774 0
    endloop
  endfacet
  facet normal 0.7251966871297574 0.04562550826421804 0.6870284404387176
    outer loop
      vertex -1.78580646236606 -0.22559982041574733 -1.9
      vertex -3.6 0 0
      vertex -3.57161292473212 -0.45119964083149466 0
    endloop
  endfacet
  facet normal 0.6135144450384414 0.38934810614348253 0.6870284404387176
    outer loop
      vertex -1.5773520240789543 -0.8671566133830877 -1.9000000000000004
      vertex -3.1547040481579085 -1.7343132267661754 0
      vertex -2.912461179749811 -2.1160269082529033 0
    endloop
  endfacet
  facet normal 0.26749053753146934 0.6756039774597757 0.6870284404387175
    outer loop
      vertex -0.7664027248171305 -1.6286886944388352 -1.9
      vertex -1.532805449634261 -3.2573773888776705 0
      vertex -1.1124611797498107 -3.4238034586625528 0
    endloop
  endfacet
  facet normal 0.3500569258514224 0.6367511842877056 0.6870284404387175
    outer loop
      vertex -0.9644882309621942 -1.5197902659036269 -1.9000000000000004
      vertex -1.9289764619243883 -3.0395805318072537 0
      vertex -1.532805449634261 -3.2573773888776705 0
    endloop
  endfacet
  facet normal 0.18070566364354437 0.7038020923210514 0.6870284404387175
    outer loop
      vertex -0.5562305898749054 -1.7119017293312764 -1.9000000000000004
      vertex -1.1124611797498107 -3.4238034586625528 0
      vertex -0.6745727325086094 -3.536234102623279 0
    endloop
  endfacet
  facet normal 0.09107095349162932 0.7209008277554335 0.6870284404387176
    outer loop
      vertex -0.3372863662543047 -1.7681170513116395 -1.9000000000000004
      vertex -0.6745727325086094 -3.536234102623279 0
      vertex -0.22604587030552986 -3.5928962223417775 0
    endloop
  endfacet
  facet normal 0 0.7266305264908319 0.6870284404387176
    outer loop
      vertex -0.11302293515276478 -1.7964481111708888 -1.9000000000000004
      vertex -0.22604587030552986 -3.5928962223417775 0
      vertex 0.22604587030552956 -3.5928962223417775 0
    endloop
  endfacet
  facet normal 0.7251966871297574 -0.045625508264218 0.6870284404387176
    outer loop
      vertex -1.8 0 -1.9
      vertex -1.78580646236606 0.22559982041574733 -1.9
      vertex -3.6 0 0
    endloop
  endfacet
  facet normal 0.7137599021622189 -0.13615698327196932 0.6870284404387176
    outer loop
      vertex -1.78580646236606 0.22559982041574733 -1.9
      vertex -1.743449690031536 0.4476417968967387 -1.9
      vertex -3.57161292473212 0.45119964083149466 0
    endloop
  endfacet
  facet normal 0.6910666971580839 -0.22454118131728237 0.6870284404387176
    outer loop
      vertex -1.743449690031536 0.4476417968967387 -1.9
      vertex -1.6735976745988526 0.6626241948324202 -1.9
      vertex -3.486899380063072 0.8952835937934774 0
    endloop
  endfacet
  facet normal 0.6574749575165312 -0.3093842307988223 0.6870284404387176
    outer loop
      vertex -1.6735976745988526 0.6626241948324202 -1.9
      vertex -1.5773520240789543 0.8671566133830877 -1.9
      vertex -3.1547040481579085 1.7343132267661754 0
    endloop
  endfacet
  facet normal 0.6135144450384414 -0.3893481061434828 0.6870284404387176
    outer loop
      vertex -1.5773520240789543 0.8671566133830877 -1.9
      vertex -1.4562305898749055 1.0580134541264516 -1.9
      vertex -2.912461179749811 2.1160269082529033 0
    endloop
  endfacet
  facet normal 0.55987844326633 -0.46317172926897693 0.6870284404387177
    outer loop
      vertex -1.4562305898749055 1.0580134541264516 -1.9
      vertex -1.312143529358541 1.2321847906716394 -1.9
      vertex -2.624287058717082 2.464369581343279 0
    endloop
  endfacet
  facet normal 0.4974128239887383 -0.5296908575385192 0.6870284404387176
    outer loop
      vertex -1.312143529358541 1.2321847906716394 -1.9
      vertex -1.1473631815476413 1.386923836996421 -1.9
      vertex -2.2947263630952826 2.773847673992842 0
    endloop
  endfacet
  facet normal 0.42710270733682554 -0.5878564445626989 0.6870284404387176
    outer loop
      vertex -1.1473631815476413 1.386923836996421 -1.9
      vertex -0.9644882309621942 1.5197902659036269 -1.9
      vertex -1.9289764619243883 3.0395805318072537 0
    endloop
  endfacet
  facet normal 0.3500569258514222 -0.6367511842877054 0.6870284404387176
    outer loop
      vertex -0.9644882309621942 1.5197902659036269 -1.9
      vertex -0.7664027248171309 1.628688694438835 -1.9
      vertex -1.5328054496342618 3.25737738887767 0
    endloop
  endfacet
  facet normal 0.2674905375314696 -0.6756039774597756 0.6870284404387177
    outer loop
      vertex -0.7664027248171309 1.628688694438835 -1.9
      vertex -0.5562305898749054 1.7119017293312764 -1.9
      vertex -1.1124611797498107 3.4238034586625528 0
    endloop
  endfacet
  facet normal 0.1807056636435445 -0.7038020923210514 0.6870284404387177
    outer loop
      vertex -0.5562305898749054 1.7119017293312764 -1.9
      vertex -0.33728636625430425 1.7681170513116398 -1.9
      vertex -0.6745727325086085 3.5362341026232795 0
    endloop
  endfacet
  facet normal 0.09107095349162816 -0.7209008277554334 0.6870284404387176
    outer loop
      vertex -0.33728636625430425 1.7681170513116398 -1.9
      vertex -0.1130229351527639 1.7964481111708888 -1.9
      vertex -0.2260458703055278 3.5928962223417775 0
    endloop
  endfacet
  facet normal 0 -0.7266305264908318 0.6870284404387176
    outer loop
      vertex -0.1130229351527639 1.7964481111708888 -1.9
      vertex 0.1130229351527639 1.7964481111708888 -1.9
      vertex -0.2260458703055278 3.5928962223417775 0
    endloop
  endfacet
  facet normal 0.7251966871297574 -0.04562550826421804 0.6870284404387176
    outer loop
      vertex -1.78580646236606 0.22559982041574733 -1.9
      vertex -3.57161292473212 0.45119964083149466 0
      vertex -3.6 0 0
    endloop
  endfacet
  facet normal 0.7137599021622189 -0.13615698327196932 0.6870284404387176
    outer loop
      vertex -1.743449690031536 0.4476417968967387 -1.9
      vertex -3.486899380063072 0.8952835937934774 0
      vertex -3.57161292473212 0.45119964083149466 0
    endloop
  endfacet
  facet normal 0.6910666971580838 -0.22454118131728204 0.6870284404387177
    outer loop
      vertex -1.6735976745988526 0.6626241948324202 -1.9
      vertex -3.347195349197705 1.3252483896648404 0
      vertex -3.486899380063072 0.8952835937934774 0
    endloop
  endfacet
  facet normal 0.6574749575165312 -0.3093842307988225 0.6870284404387177
    outer loop
      vertex -1.6735976745988526 0.6626241948324202 -1.9
      vertex -3.1547040481579085 1.7343132267661754 0
      vertex -3.347195349197705 1.3252483896648404 0
    endloop
  endfacet
  facet normal 0.6135144450384413 -0.38934810614348286 0.6870284404387175
    outer loop
      vertex -1.5773520240789543 0.8671566133830877 -1.9
      vertex -2.912461179749811 2.1160269082529033 0
      vertex -3.1547040481579085 1.7343132267661754 0
    endloop
  endfacet
  facet normal 0.55987844326633 -0.46317172926897693 0.6870284404387175
    outer loop
      vertex -1.4562305898749055 1.0580134541264516 -1.9
      vertex -2.624287058717082 2.464369581343279 0
      vertex -2.912461179749811 2.1160269082529033 0
    endloop
  endfacet
  facet normal 0.49741282398873843 -0.5296908575385192 0.6870284404387176
    outer loop
      vertex -1.312143529358541 1.2321847906716394 -1.9
      vertex -2.2947263630952826 2.773847673992842 0
      vertex -2.624287058717082 2.464369581343279 0
    endloop
  endfacet
  facet normal 0.42710270733682554 -0.5878564445626988 0.6870284404387177
    outer loop
      vertex -1.1473631815476413 1.386923836996421 -1.9
      vertex -1.9289764619243883 3.0395805318072537 0
      vertex -2.2947263630952826 2.773847673992842 0
    endloop
  endfacet
  facet normal 0.35005692585142206 -0.6367511842877054 0.6870284404387177
    outer loop
      vertex -0.9644882309621942 1.5197902659036269 -1.9
      vertex -1.5328054496342618 3.25737738887767 0
      vertex -1.9289764619243883 3.0395805318072537 0
    endloop
  endfacet
  facet normal 0.2674905375314695 -0.6756039774597755 0.6870284404387176
    outer loop
      vertex -0.7664027248171309 1.628688694438835 -1.9
      vertex -1.1124611797498107 3.4238034586625528 0
      vertex -1.5328054496342618 3.25737738887767 0
    endloop
  endfacet
  facet normal 0.18070566364354476 -0.7038020923210512 0.6870284404387176
    outer loop
      vertex -0.5562305898749054 1.7119017293312764 -1.9
      vertex -0.6745727325086085 3.5362341026232795 0
      vertex -1.1124611797498107 3.4238034586625528 0
    endloop
  endfacet
  facet normal 0.09107095349162797 -0.7209008277554334 0.6870284404387176
    outer loop
      vertex -0.33728636625430425 1.7681170513116398 -1.9
      vertex -0.2260458703055278 3.5928962223417775 0
      vertex -0.6745727325086085 3.5362341026232795 0
    endloop
  endfacet
  facet normal 0 0.7266305264908318 0.6870284404387175
    outer loop
      vertex -0.11302293515276478 -1.7964481111708888 -1.9000000000000004
      vertex 0.22604587030552956 -3.5928962223417775 0
      vertex 0.11302293515276478 -1.7964481111708888 -1.9000000000000004
    endloop
  endfacet
  facet normal -0.09107095349162904 0.7209008277554334 0.6870284404387175
    outer loop
      vertex 0.11302293515276478 -1.7964481111708888 -1.9000000000000004
      vertex 0.22604587030552956 -3.5928962223417775 0
      vertex 0.3372863662543047 -1.7681170513116395 -1.9000000000000004
    endloop
  endfacet
  facet normal -0.18070566364354418 0.7038020923210515 0.6870284404387175
    outer loop
      vertex 0.3372863662543047 -1.7681170513116395 -1.9000000000000004
      vertex 0.6745727325086094 -3.536234102623279 0
      vertex 0.5562305898749054 -1.7119017293312764 -1.9000000000000004
    endloop
  endfacet
  facet normal -0.26749053753146945 0.6756039774597756 0.6870284404387175
    outer loop
      vertex 0.5562305898749054 -1.7119017293312764 -1.9000000000000004
      vertex 1.1124611797498107 -3.4238034586625528 0
      vertex 0.7664027248171305 -1.6286886944388352 -1.9000000000000004
    endloop
  endfacet
  facet normal -0.3500569258514219 0.6367511842877057 0.6870284404387175
    outer loop
      vertex 0.7664027248171305 -1.6286886944388352 -1.9000000000000004
      vertex 1.532805449634261 -3.2573773888776705 0
      vertex 0.9644882309621932 -1.5197902659036275 -1.9000000000000004
    endloop
  endfacet
  facet normal -0.4271027073368259 0.5878564445626988 0.6870284404387176
    outer loop
      vertex 0.9644882309621932 -1.5197902659036275 -1.9000000000000004
      vertex 1.9289764619243863 -3.039580531807255 0
      vertex 1.147363181547642 -1.3869238369964203 -1.9000000000000004
    endloop
  endfacet
  facet normal -0.4974128239887382 0.5296908575385193 0.6870284404387175
    outer loop
      vertex 1.147363181547642 -1.3869238369964203 -1.9000000000000004
      vertex 2.294726363095284 -2.7738476739928406 0
      vertex 1.312143529358541 -1.2321847906716394 -1.9000000000000004
    endloop
  endfacet
  facet normal -0.55987844326633 0.46317172926897693 0.6870284404387176
    outer loop
      vertex 1.312143529358541 -1.2321847906716394 -1.9000000000000004
      vertex 2.624287058717082 -2.464369581343279 0
      vertex 1.4562305898749055 -1.0580134541264516 -1.9000000000000004
    endloop
  endfacet
  facet normal -0.6135144450384414 0.3893481061434828 0.6870284404387175
    outer loop
      vertex 1.4562305898749055 -1.0580134541264516 -1.9000000000000004
      vertex 2.912461179749811 -2.1160269082529033 0
      vertex 1.5773520240789543 -0.8671566133830877 -1.9000000000000004
    endloop
  endfacet
  facet normal -0.6574749575165311 0.30938423079882293 0.6870284404387176
    outer loop
      vertex 1.5773520240789543 -0.8671566133830877 -1.9000000000000004
      vertex 3.1547040481579085 -1.7343132267661754 0
      vertex 1.6735976745988523 -0.6626241948324211 -1.9000000000000004
    endloop
  endfacet
  facet normal -0.691066697158084 0.22454118131728215 0.6870284404387175
    outer loop
      vertex 1.6735976745988523 -0.6626241948324211 -1.9000000000000004
      vertex 3.4868993800630723 -0.895283593793476 0
      vertex 1.7434496900315362 -0.447641796896738 -1.9000000000000004
    endloop
  endfacet
  facet normal -0.713759902162219 0.1361569832719691 0.6870284404387175
    outer loop
      vertex 1.7434496900315362 -0.447641796896738 -1.9000000000000004
      vertex 3.57161292473212 -0.45119964083149466 0
      vertex 1.78580646236606 -0.22559982041574733 -1.9000000000000004
    endloop
  endfacet
  facet normal -0.7251966871297574 0.045625508264218 0.6870284404387175
    outer loop
      vertex 1.78580646236606 -0.22559982041574733 -1.9000000000000004
      vertex 3.6 0 0
      vertex 1.8 0 -1.9000000000000004
    endloop
  endfacet
  facet normal -0.09107095349162925 0.7209008277554334 0.6870284404387175
    outer loop
      vertex 0.3372863662543047 -1.7681170513116395 -1.9000000000000004
      vertex 0.22604587030552956 -3.5928962223417775 0
      vertex 0.6745727325086094 -3.536234102623279 0
    endloop
  endfacet
  facet normal -0.18070566364354437 0.7038020923210514 0.6870284404387175
    outer loop
      vertex 0.5562305898749054 -1.7119017293312764 -1.9000000000000004
      vertex 0.6745727325086094 -3.536234102623279 0
      vertex 1.1124611797498107 -3.4238034586625528 0
    endloop
  endfacet
  facet normal -0.26749053753146973 0.6756039774597759 0.6870284404387175
    outer loop
      vertex 0.7664027248171305 -1.6286886944388352 -1.9000000000000004
      vertex 1.1124611797498107 -3.4238034586625528 0
      vertex 1.532805449634261 -3.2573773888776705 0
    endloop
  endfacet
  facet normal -0.3500569258514219 0.6367511842877055 0.6870284404387175
    outer loop
      vertex 0.9644882309621932 -1.5197902659036275 -1.9000000000000004
      vertex 1.532805449634261 -3.2573773888776705 0
      vertex 1.9289764619243863 -3.039580531807255 0
    endloop
  endfacet
  facet normal -0.4271027073368259 0.5878564445626987 0.6870284404387175
    outer loop
      vertex 1.147363181547642 -1.3869238369964203 -1.9000000000000004
      vertex 1.9289764619243863 -3.039580531807255 0
      vertex 2.294726363095284 -2.7738476739928406 0
    endloop
  endfacet
  facet normal -0.4974128239887383 0.5296908575385194 0.6870284404387176
    outer loop
      vertex 1.312143529358541 -1.2321847906716394 -1.9000000000000004
      vertex 2.294726363095284 -2.7738476739928406 0
      vertex 2.624287058717082 -2.464369581343279 0
    endloop
  endfacet
  facet normal -0.55987844326633 0.46317172926897693 0.6870284404387175
    outer loop
      vertex 1.4562305898749055 -1.0580134541264516 -1.9000000000000004
      vertex 2.624287058717082 -2.464369581343279 0
      vertex 2.912461179749811 -2.1160269082529033 0
    endloop
  endfacet
  facet normal -0.6135144450384414 0.38934810614348253 0.6870284404387176
    outer loop
      vertex 1.5773520240789543 -0.8671566133830877 -1.9000000000000004
      vertex 2.912461179749811 -2.1160269082529033 0
      vertex 3.1547040481579085 -1.7343132267661754 0
    endloop
  endfacet
  facet normal -0.6574749575165312 0.3093842307988225 0.6870284404387175
    outer loop
      vertex 1.6735976745988523 -0.6626241948324211 -1.9000000000000004
      vertex 3.1547040481579085 -1.7343132267661754 0
      vertex 3.3471953491977047 -1.3252483896648422 0
    endloop
  endfacet
  facet normal -0.691066697158084 0.22454118131728223 0.6870284404387175
    outer loop
      vertex 1.6735976745988523 -0.6626241948324211 -1.9000000000000004
      vertex 3.3471953491977047 -1.3252483896648422 0
      vertex 3.4868993800630723 -0.895283593793476 0
    endloop
  endfacet
  facet normal -0.713759902162219 0.136156983271969 0.6870284404387175
    outer loop
      vertex 1.7434496900315362 -0.447641796896738 -1.9000000000000004
      vertex 3.4868993800630723 -0.895283593793476 0
      vertex 3.57161292473212 -0.45119964083149466 0
    endloop
  endfacet
  facet normal -0.7251966871297574 0.045625508264218025 0.6870284404387175
    outer loop
      vertex 1.78580646236606 -0.22559982041574733 -1.9000000000000004
      vertex 3.57161292473212 -0.45119964083149466 0
      vertex 3.6 0 0
    endloop
  endfacet
  facet normal -0.09107095349162816 -0.7209008277554334 0.6870284404387176
    outer loop
      vertex 0.1130229351527639 1.7964481111708888 -1.9
      vertex 0.33728636625430425 1.7681170513116398 -1.9
      vertex 0.2260458703055278 3.5928962223417775 0
    endloop
  endfacet
  facet normal -0.1807056636435445 -0.7038020923210514 0.6870284404387177
    outer loop
      vertex 0.33728636625430425 1.7681170513116398 -1.9
      vertex 0.5562305898749054 1.7119017293312764 -1.9
      vertex 0.6745727325086085 3.5362341026232795 0
    endloop
  endfacet
  facet normal -0.26749053753146834 -0.675603977459776 0.6870284404387177
    outer loop
      vertex 0.5562305898749054 1.7119017293312764 -1.9
      vertex 0.7664027248171309 1.628688694438835 -1.9000000000000004
      vertex 1.1124611797498107 3.4238034586625528 0
    endloop
  endfacet
  facet normal -0.350056925851423 -0.6367511842877052 0.6870284404387175
    outer loop
      vertex 0.7664027248171309 1.628688694438835 -1.9000000000000004
      vertex 0.964488230962194 1.519790265903627 -1.9
      vertex 1.5328054496342618 3.25737738887767 0
    endloop
  endfacet
  facet normal -0.42710270733682637 -0.5878564445626981 0.6870284404387175
    outer loop
      vertex 0.964488230962194 1.519790265903627 -1.9
      vertex 1.1473631815476415 1.3869238369964205 -1.9
      vertex 1.928976461924388 3.039580531807254 0
    endloop
  endfacet
  facet normal -0.4974128239887369 -0.5296908575385205 0.6870284404387176
    outer loop
      vertex 1.1473631815476415 1.3869238369964205 -1.9
      vertex 1.3121435293585408 1.2321847906716397 -1.9000000000000004
      vertex 2.294726363095283 2.773847673992841 0
    endloop
  endfacet
  facet normal -0.7251966871297575 -0.04562550826421793 0.6870284404387175
    outer loop
      vertex 1.8 0 -1.9000000000000004
      vertex 3.6 0 0
      vertex 1.78580646236606 0.22559982041574766 -1.9000000000000004
    endloop
  endfacet
  facet normal -0.7137599021622189 -0.13615698327196957 0.6870284404387175
    outer loop
      vertex 1.78580646236606 0.22559982041574766 -1.9000000000000004
      vertex 3.57161292473212 0.45119964083149533 0
      vertex 1.743449690031536 0.44764179689673866 -1.9000000000000004
    endloop
  endfacet
  facet normal -0.6910666971580841 -0.22454118131728212 0.6870284404387175
    outer loop
      vertex 1.743449690031536 0.44764179689673866 -1.9000000000000004
      vertex 3.486899380063072 0.8952835937934773 0
      vertex 1.6735976745988526 0.6626241948324204 -1.9000000000000004
    endloop
  endfacet
  facet normal -0.6574749575165306 -0.3093842307988234 0.6870284404387177
    outer loop
      vertex 1.6735976745988526 0.6626241948324204 -1.9000000000000004
      vertex 3.154704048157909 1.7343132267661752 0
      vertex 1.5773520240789545 0.8671566133830876 -1.9
    endloop
  endfacet
  facet normal -0.55987844326633 -0.4631717292689771 0.6870284404387176
    outer loop
      vertex 1.3121435293585408 1.2321847906716397 -1.9000000000000004
      vertex 1.4562305898749055 1.0580134541264516 -1.9000000000000004
      vertex 2.6242870587170817 2.4643695813432793 0
    endloop
  endfacet
  facet normal -0.613514445038442 -0.38934810614348214 0.6870284404387176
    outer loop
      vertex 1.4562305898749055 1.0580134541264516 -1.9000000000000004
      vertex 1.5773520240789545 0.8671566133830876 -1.9
      vertex 2.912461179749811 2.1160269082529033 0
    endloop
  endfacet
  facet normal 0 -0.7266305264908318 0.6870284404387176
    outer loop
      vertex -0.2260458703055278 3.5928962223417775 0
      vertex 0.1130229351527639 1.7964481111708888 -1.9
      vertex 0.2260458703055278 3.5928962223417775 0
    endloop
  endfacet
  facet normal -0.09107095349162797 -0.7209008277554334 0.6870284404387176
    outer loop
      vertex 0.33728636625430425 1.7681170513116398 -1.9
      vertex 0.6745727325086085 3.5362341026232795 0
      vertex 0.2260458703055278 3.5928962223417775 0
    endloop
  endfacet
  facet normal -0.18070566364354476 -0.7038020923210512 0.6870284404387176
    outer loop
      vertex 0.5562305898749054 1.7119017293312764 -1.9
      vertex 1.1124611797498107 3.4238034586625528 0
      vertex 0.6745727325086085 3.5362341026232795 0
    endloop
  endfacet
  facet normal -0.3500569258514216 -0.6367511842877056 0.6870284404387177
    outer loop
      vertex 0.964488230962194 1.519790265903627 -1.9
      vertex 1.928976461924388 3.039580531807254 0
      vertex 1.5328054496342618 3.25737738887767 0
    endloop
  endfacet
  facet normal -0.2674905375314698 -0.6756039774597755 0.6870284404387175
    outer loop
      vertex 0.7664027248171309 1.628688694438835 -1.9000000000000004
      vertex 1.5328054496342618 3.25737738887767 0
      vertex 1.1124611797498107 3.4238034586625528 0
    endloop
  endfacet
  facet normal -0.6135144450384412 -0.38934810614348314 0.6870284404387175
    outer loop
      vertex 1.5773520240789545 0.8671566133830876 -1.9
      vertex 3.154704048157909 1.7343132267661752 0
      vertex 2.912461179749811 2.1160269082529033 0
    endloop
  endfacet
  facet normal -0.7251966871297575 -0.04562550826421796 0.6870284404387174
    outer loop
      vertex 1.78580646236606 0.22559982041574766 -1.9000000000000004
      vertex 3.6 0 0
      vertex 3.57161292473212 0.45119964083149533 0
    endloop
  endfacet
  facet normal -0.7137599021622189 -0.13615698327196957 0.6870284404387176
    outer loop
      vertex 1.743449690031536 0.44764179689673866 -1.9000000000000004
      vertex 3.57161292473212 0.45119964083149533 0
      vertex 3.486899380063072 0.8952835937934773 0
    endloop
  endfacet
  facet normal -0.6910666971580841 -0.22454118131728212 0.6870284404387175
    outer loop
      vertex 1.6735976745988526 0.6626241948324204 -1.9000000000000004
      vertex 3.486899380063072 0.8952835937934773 0
      vertex 3.347195349197705 1.3252483896648408 0
    endloop
  endfacet
  facet normal -0.6574749575165315 -0.3093842307988219 0.6870284404387175
    outer loop
      vertex 1.6735976745988526 0.6626241948324204 -1.9000000000000004
      vertex 3.347195349197705 1.3252483896648408 0
      vertex 3.154704048157909 1.7343132267661752 0
    endloop
  endfacet
  facet normal -0.49741282398873793 -0.5296908575385196 0.6870284404387176
    outer loop
      vertex 1.3121435293585408 1.2321847906716397 -1.9000000000000004
      vertex 2.6242870587170817 2.4643695813432793 0
      vertex 2.294726363095283 2.773847673992841 0
    endloop
  endfacet
  facet normal -0.4271027073368262 -0.5878564445626984 0.6870284404387176
    outer loop
      vertex 1.1473631815476415 1.3869238369964205 -1.9
      vertex 2.294726363095283 2.773847673992841 0
      vertex 1.928976461924388 3.039580531807254 0
    endloop
  endfacet
  facet normal -0.5598784432663299 -0.463171729268977 0.6870284404387176
    outer loop
      vertex 1.4562305898749055 1.0580134541264516 -1.9000000000000004
      vertex 2.912461179749811 2.1160269082529033 0
      vertex 2.6242870587170817 2.4643695813432793 0
    endloop
  endfacet
  facet normal 0 0 1
    outer loop
      vertex -4.842915805643155 -1.2434494358242743 0
      vertex -4.842915805643155 1.2434494358242743 0
      vertex -4.9605735065723895 -0.6266661678215203 0
    endloop
  endfacet
  facet normal 0 0 1
    outer loop
      vertex -4.381533400219317 -2.408768370508577 0
      vertex -4.381533400219317 2.408768370508577 0
      vertex -4.648882429441257 -1.8406227634233894 0
    endloop
  endfacet
  facet normal 0 0 1
    outer loop
      vertex -4.648882429441257 -1.8406227634233894 0
      vertex -4.648882429441257 1.8406227634233894 0
      vertex -4.842915805643155 -1.2434494358242743 0
    endloop
  endfacet
  facet normal 0 0 1
    outer loop
      vertex -3.6448431371070584 -3.4227355296434423 0
      vertex -3.486899380063072 -0.8952835937934774 0
      vertex -3.57161292473212 -0.45119964083149466 0
    endloop
  endfacet
  facet normal 0 0 1
    outer loop
      vertex -4.045084971874737 -2.938926261462366 0
      vertex -3.6448431371070584 -3.4227355296434423 0
      vertex -3.6448431371070584 3.4227355296434423 0
    endloop
  endfacet
  facet normal 0 0 1
    outer loop
      vertex -3.6448431371070584 -3.4227355296434423 0
      vertex -3.57161292473212 -0.45119964083149466 0
      vertex -3.6 0 0
    endloop
  endfacet
  facet normal 0 0 1
    outer loop
      vertex -4.045084971874737 -2.938926261462366 0
      vertex -4.045084971874737 2.938926261462366 0
      vertex -4.381533400219317 -2.408768370508577 0
    endloop
  endfacet
  facet normal 0 0 1
    outer loop
      vertex -2.6791339748949836 -4.221639627510075 0
      vertex -2.128896457825362 -4.524135262330098 0
      vertex -2.2947263630952826 -2.773847673992842 0
    endloop
  endfacet
  facet normal 0 0 1
    outer loop
      vertex -2.128896457825362 -4.524135262330098 0
      vertex -1.545084971874737 -4.755282581475767 0
      vertex -1.9289764619243883 -3.0395805318072537 0
    endloop
  endfacet
  facet normal 0 0 1
    outer loop
      vertex -1.545084971874737 -4.755282581475767 0
      vertex -1.532805449634261 -3.2573773888776705 0
      vertex -1.9289764619243883 -3.0395805318072537 0
    endloop
  endfacet
  facet normal 0 0 1
    outer loop
      vertex -1.545084971874737 -4.755282581475767 0
      vertex -1.1124611797498107 -3.4238034586625528 0
      vertex -1.532805449634261 -3.2573773888776705 0
    endloop
  endfacet
  facet normal 0 0 1
    outer loop
      vertex -1.545084971874737 -4.755282581475767 0
      vertex -0.9369065729286241 -4.911436253643443 0
      vertex -1.1124611797498107 -3.4238034586625528 0
    endloop
  endfacet
  facet normal 0 0 1
    outer loop
      vertex -0.9369065729286241 -4.911436253643443 0
      vertex -0.6745727325086094 -3.536234102623279 0
      vertex -1.1124611797498107 -3.4238034586625528 0
    endloop
  endfacet
  facet normal 0 0 1
    outer loop
      vertex -0.9369065729286241 -4.911436253643443 0
      vertex -0.3139525976465688 -4.990133642141358 0
      vertex -0.6745727325086094 -3.536234102623279 0
    endloop
  endfacet
  facet normal 0 0 1
    outer loop
      vertex -0.3139525976465688 -4.990133642141358 0
      vertex -0.22604587030552986 -3.5928962223417775 0
      vertex -0.6745727325086094 -3.536234102623279 0
    endloop
  endfacet
  facet normal 0 0 1
    outer loop
      vertex -0.3139525976465688 -4.990133642141358 0
      vertex 0.22604587030552956 -3.5928962223417775 0
      vertex -0.22604587030552986 -3.5928962223417775 0
    endloop
  endfacet
  facet normal 0 0 1
    outer loop
      vertex -3.1871199487434483 -3.852566213878947 0
      vertex -3.347195349197705 -1.3252483896648404 0
      vertex -3.6448431371070584 -3.4227355296434423 0
    endloop
  endfacet
  facet normal 0 0 1
    outer loop
      vertex -3.1871199487434483 -3.852566213878947 0
      vertex -2.6791339748949836 -4.221639627510075 0
      vertex -2.912461179749811 -2.1160269082529033 0
    endloop
  endfacet
  facet normal 0 0 1
    outer loop
      vertex -2.6791339748949836 -4.221639627510075 0
      vertex -2.624287058717082 -2.464369581343279 0
      vertex -2.912461179749811 -2.1160269082529033 0
    endloop
  endfacet
  facet normal 0 0 1
    outer loop
      vertex -3.1871199487434483 -3.852566213878947 0
      vertex -2.912461179749811 -2.1160269082529033 0
      vertex -3.1547040481579085 -1.7343132267661754 0
    endloop
  endfacet
  facet normal 0 0 1
    outer loop
      vertex -3.1871199487434483 -3.852566213878947 0
      vertex -3.1547040481579085 -1.7343132267661754 0
      vertex -3.347195349197705 -1.3252483896648404 0
    endloop
  endfacet
  facet normal 0 0 1
    outer loop
      vertex -3.6448431371070584 -3.4227355296434423 0
      vertex -3.347195349197705 -1.3252483896648404 0
      vertex -3.486899380063072 -0.8952835937934774 0
    endloop
  endfacet
  facet normal 0 0 1
    outer loop
      vertex -2.6791339748949836 -4.221639627510075 0
      vertex -2.2947263630952826 -2.773847673992842 0
      vertex -2.624287058717082 -2.464369581343279 0
    endloop
  endfacet
  facet normal 0 0 1
    outer loop
      vertex -2.128896457825362 -4.524135262330098 0
      vertex -1.9289764619243883 -3.0395805318072537 0
      vertex -2.2947263630952826 -2.773847673992842 0
    endloop
  endfacet
  facet normal 0.9048270524660195 0.42577929156507305 0
    outer loop
      vertex -4.381533400219317 -2.408768370508577 0
      vertex -4.648882429441257 -1.8406227634233894 0
      vertex -4.648882429441257 -1.8406227634233894 3
    endloop
  endfacet
  facet normal 0.7705132427757889 0.6374239897486902 0
    outer loop
      vertex -4.045084971874737 -2.938926261462366 0
      vertex -4.045084971874737 -2.938926261462366 3
      vertex -3.6448431371070584 -3.4227355296434423 0
    endloop
  endfacet
  facet normal 0.8443279255020154 0.535826794978996 0
    outer loop
      vertex -4.045084971874737 -2.938926261462366 0
      vertex -4.381533400219317 -2.408768370508577 0
      vertex -4.381533400219317 -2.408768370508577 3
    endloop
  endfacet
  facet normal 0.9510565162951536 0.30901699437494723 0
    outer loop
      vertex -4.648882429441257 -1.8406227634233894 0
      vertex -4.842915805643155 -1.2434494358242743 0
      vertex -4.842915805643155 -1.2434494358242743 3
    endloop
  endfacet
  facet normal 0.9822872507286885 0.18738131458572513 0
    outer loop
      vertex -4.842915805643155 -1.2434494358242743 0
      vertex -4.9605735065723895 -0.6266661678215203 0
      vertex -4.9605735065723895 -0.6266661678215203 3
    endloop
  endfacet
  facet normal 0.9980267284282717 0.06279051952931294 0
    outer loop
      vertex -4.9605735065723895 -0.6266661678215203 0
      vertex -5 0 0
      vertex -5 0 3
    endloop
  endfacet
  facet normal 0.9048270524660195 0.42577929156507305 0
    outer loop
      vertex -4.381533400219317 -2.408768370508577 0
      vertex -4.648882429441257 -1.8406227634233894 3
      vertex -4.381533400219317 -2.408768370508577 3
    endloop
  endfacet
  facet normal 0.8443279255020154 0.535826794978996 0
    outer loop
      vertex -4.045084971874737 -2.938926261462366 0
      vertex -4.381533400219317 -2.408768370508577 3
      vertex -4.045084971874737 -2.938926261462366 3
    endloop
  endfacet
  facet normal 0.7705132427757889 0.6374239897486902 0
    outer loop
      vertex -3.6448431371070584 -3.4227355296434423 0
      vertex -4.045084971874737 -2.938926261462366 3
      vertex -3.6448431371070584 -3.4227355296434423 3
    endloop
  endfacet
  facet normal 0.9822872507286885 0.18738131458572513 0
    outer loop
      vertex -4.842915805643155 -1.2434494358242743 0
      vertex -4.9605735065723895 -0.6266661678215203 3
      vertex -4.842915805643155 -1.2434494358242743 3
    endloop
  endfacet
  facet normal 0.9510565162951536 0.30901699437494723 0
    outer loop
      vertex -4.648882429441257 -1.8406227634233894 0
      vertex -4.842915805643155 -1.2434494358242743 3
      vertex -4.648882429441257 -1.8406227634233894 3
    endloop
  endfacet
  facet normal 0.9980267284282717 0.06279051952931294 0
    outer loop
      vertex -4.9605735065723895 -0.6266661678215203 0
      vertex -5 0 3
      vertex -4.9605735065723895 -0.6266661678215203 3
    endloop
  endfacet
  facet normal 0.6845471059286894 0.7289686274214109 0
    outer loop
      vertex -3.1871199487434483 -3.852566213878947 0
      vertex -3.6448431371070584 -3.4227355296434423 0
      vertex -3.1871199487434483 -3.852566213878947 3
    endloop
  endfacet
  facet normal 0.5877852522924722 0.8090169943749481 0
    outer loop
      vertex -3.1871199487434483 -3.852566213878947 0
      vertex -2.6791339748949836 -4.221639627510075 3
      vertex -2.6791339748949836 -4.221639627510075 0
    endloop
  endfacet
  facet normal 0.4817536741017159 0.8763066800438633 0
    outer loop
      vertex -2.6791339748949836 -4.221639627510075 0
      vertex -2.128896457825362 -4.524135262330098 3
      vertex -2.128896457825362 -4.524135262330098 0
    endloop
  endfacet
  facet normal 0.3681245526846768 0.9297764858882519 0
    outer loop
      vertex -2.128896457825362 -4.524135262330098 0
      vertex -1.545084971874737 -4.755282581475767 3
      vertex -1.545084971874737 -4.755282581475767 0
    endloop
  endfacet
  facet normal 0.24868988716485582 0.968583161128631 0
    outer loop
      vertex -1.545084971874737 -4.755282581475767 0
      vertex -0.9369065729286241 -4.911436253643443 3
      vertex -0.9369065729286241 -4.911436253643443 0
    endloop
  endfacet
  facet normal 0.12533323356430498 0.9921147013144778 0
    outer loop
      vertex -0.9369065729286241 -4.911436253643443 0
      vertex -0.3139525976465688 -4.990133642141358 3
      vertex -0.3139525976465688 -4.990133642141358 0
    endloop
  endfacet
  facet normal 0.6845471059286894 0.7289686274214109 0
    outer loop
      vertex -3.6448431371070584 -3.4227355296434423 0
      vertex -3.6448431371070584 -3.4227355296434423 3
      vertex -3.1871199487434483 -3.852566213878947 3
    endloop
  endfacet
  facet normal 0.5877852522924722 0.8090169943749481 0
    outer loop
      vertex -3.1871199487434483 -3.852566213878947 0
      vertex -3.1871199487434483 -3.852566213878947 3
      vertex -2.6791339748949836 -4.221639627510075 3
    endloop
  endfacet
  facet normal 0.3681245526846768 0.9297764858882519 0
    outer loop
      vertex -2.128896457825362 -4.524135262330098 0
      vertex -2.128896457825362 -4.524135262330098 3
      vertex -1.545084971874737 -4.755282581475767 3
    endloop
  endfacet
  facet normal 0.4817536741017159 0.8763066800438633 0
    outer loop
      vertex -2.6791339748949836 -4.221639627510075 0
      vertex -2.6791339748949836 -4.221639627510075 3
      vertex -2.128896457825362 -4.524135262330098 3
    endloop
  endfacet
  facet normal 0.24868988716485582 0.968583161128631 0
    outer loop
      vertex -1.545084971874737 -4.755282581475767 0
      vertex -1.545084971874737 -4.755282581475767 3
      vertex -0.9369065729286241 -4.911436253643443 3
    endloop
  endfacet
  facet normal 0.12533323356430498 0.9921147013144778 0
    outer loop
      vertex -0.9369065729286241 -4.911436253643443 0
      vertex -0.9369065729286241 -4.911436253643443 3
      vertex -0.3139525976465688 -4.990133642141358 3
    endloop
  endfacet
  facet normal 0 1 0
    outer loop
      vertex -0.3139525976465688 -4.990133642141358 0
      vertex -0.3139525976465688 -4.990133642141358 3
      vertex 0.3139525976465688 -4.990133642141358 3
    endloop
  endfacet
  facet normal 0 0 1
    outer loop
      vertex -4.9605735065723895 -0.6266661678215203 0
      vertex -4.9605735065723895 0.6266661678215203 0
      vertex -5 0 0
    endloop
  endfacet
  facet normal 0 0 1
    outer loop
      vertex -4.9605735065723895 -0.6266661678215203 0
      vertex -4.842915805643155 1.2434494358242743 0
      vertex -4.9605735065723895 0.6266661678215203 0
    endloop
  endfacet
  facet normal 0 0 1
    outer loop
      vertex -4.842915805643155 -1.2434494358242743 0
      vertex -4.648882429441257 1.8406227634233894 0
      vertex -4.842915805643155 1.2434494358242743 0
    endloop
  endfacet
  facet normal 0 0 1
    outer loop
      vertex -4.648882429441257 -1.8406227634233894 0
      vertex -4.381533400219317 2.408768370508577 0
      vertex -4.648882429441257 1.8406227634233894 0
    endloop
  endfacet
  facet normal 0 0 1
    outer loop
      vertex -3.6448431371070584 -3.4227355296434423 0
      vertex -3.6 0 0
      vertex -3.6448431371070584 3.4227355296434423 0
    endloop
  endfacet
  facet normal 0 0 1
    outer loop
      vertex -4.381533400219317 -2.408768370508577 0
      vertex -4.045084971874737 2.938926261462366 0
      vertex -4.381533400219317 2.408768370508577 0
    endloop
  endfacet
  facet normal 0 0 1
    outer loop
      vertex -4.045084971874737 -2.938926261462366 0
      vertex -3.6448431371070584 3.4227355296434423 0
      vertex -4.045084971874737 2.938926261462366 0
    endloop
  endfacet
  facet normal 0 0 1
    outer loop
      vertex -3.6 0 0
      vertex -3.57161292473212 0.45119964083149466 0
      vertex -3.6448431371070584 3.4227355296434423 0
    endloop
  endfacet
  facet normal 0 0 1
    outer loop
      vertex -3.57161292473212 0.45119964083149466 0
      vertex -3.486899380063072 0.8952835937934774 0
      vertex -3.6448431371070584 3.4227355296434423 0
    endloop
  endfacet
  facet normal 0 0 1
    outer loop
      vertex -3.486899380063072 0.8952835937934774 0
      vertex -3.347195349197705 1.3252483896648404 0
      vertex -3.6448431371070584 3.4227355296434423 0
    endloop
  endfacet
  facet normal 0 0 1
    outer loop
      vertex -3.347195349197705 1.3252483896648404 0
      vertex -3.1547040481579085 1.7343132267661754 0
      vertex -3.6448431371070584 3.4227355296434423 0
    endloop
  endfacet
  facet normal 0 0 1
    outer loop
      vertex -3.1547040481579085 1.7343132267661754 0
      vertex -2.912461179749811 2.1160269082529033 0
      vertex -3.1871199487434483 3.852566213878947 0
    endloop
  endfacet
  facet normal 0 0 1
    outer loop
      vertex -3.1547040481579085 1.7343132267661754 0
      vertex -3.1871199487434483 3.852566213878947 0
      vertex -3.6448431371070584 3.4227355296434423 0
    endloop
  endfacet
  facet normal 0 0 1
    outer loop
      vertex -2.912461179749811 2.1160269082529033 0
      vertex -2.624287058717082 2.464369581343279 0
      vertex -3.1871199487434483 3.852566213878947 0
    endloop
  endfacet
  facet normal 0 0 1
    outer loop
      vertex -2.624287058717082 2.464369581343279 0
      vertex -2.2947263630952826 2.773847673992842 0
      vertex -2.6791339748949836 4.221639627510075 0
    endloop
  endfacet
  facet normal 0 0 1
    outer loop
      vertex -2.6791339748949836 4.221639627510075 0
      vertex -2.2947263630952826 2.773847673992842 0
      vertex -1.9289764619243883 3.0395805318072537 0
    endloop
  endfacet
  facet normal 0 0 1
    outer loop
      vertex -2.624287058717082 2.464369581343279 0
      vertex -2.6791339748949836 4.221639627510075 0
      vertex -3.1871199487434483 3.852566213878947 0
    endloop
  endfacet
  facet normal 0 0 1
    outer loop
      vertex -2.6791339748949836 4.221639627510075 0
      vertex -1.9289764619243883 3.0395805318072537 0
      vertex -2.1288964578253635 4.524135262330097 0
    endloop
  endfacet
  facet normal 0 0 1
    outer loop
      vertex -1.9289764619243883 3.0395805318072537 0
      vertex -1.5328054496342618 3.25737738887767 0
      vertex -2.1288964578253635 4.524135262330097 0
    endloop
  endfacet
  facet normal 0 0 1
    outer loop
      vertex -1.5328054496342618 3.25737738887767 0
      vertex -1.1124611797498107 3.4238034586625528 0
      vertex -1.545084971874737 4.755282581475767 0
    endloop
  endfacet
  facet normal 0 0 1
    outer loop
      vertex -1.5328054496342618 3.25737738887767 0
      vertex -1.545084971874737 4.755282581475767 0
      vertex -2.1288964578253635 4.524135262330097 0
    endloop
  endfacet
  facet normal 0 0 1
    outer loop
      vertex -1.545084971874737 4.755282581475767 0
      vertex -1.1124611797498107 3.4238034586625528 0
      vertex -0.6745727325086085 3.5362341026232795 0
    endloop
  endfacet
  facet normal 0 0 1
    outer loop
      vertex -1.545084971874737 4.755282581475767 0
      vertex -0.6745727325086085 3.5362341026232795 0
      vertex -0.9369065729286229 4.911436253643443 0
    endloop
  endfacet
  facet normal 0 0 1
    outer loop
      vertex -0.6745727325086085 3.5362341026232795 0
      vertex -0.2260458703055278 3.5928962223417775 0
      vertex -0.9369065729286229 4.911436253643443 0
    endloop
  endfacet
  facet normal 0 0 1
    outer loop
      vertex -0.2260458703055278 3.5928962223417775 0
      vertex 0.2260458703055278 3.5928962223417775 0
      vertex -0.31395259764656636 4.990133642141358 0
    endloop
  endfacet
  facet normal 0 0 1
    outer loop
      vertex -0.2260458703055278 3.5928962223417775 0
      vertex -0.31395259764656636 4.990133642141358 0
      vertex -0.9369065729286229 4.911436253643443 0
    endloop
  endfacet
  facet normal 0.9980267284282717 -0.06279051952931294 0
    outer loop
      vertex -5 0 0
      vertex -4.9605735065723895 0.6266661678215203 0
      vertex -4.9605735065723895 0.6266661678215203 3
    endloop
  endfacet
  facet normal 0.9822872507286885 -0.18738131458572513 0
    outer loop
      vertex -4.9605735065723895 0.6266661678215203 0
      vertex -4.842915805643155 1.2434494358242743 0
      vertex -4.842915805643155 1.2434494358242743 3
    endloop
  endfacet
  facet normal 0.9510565162951536 -0.30901699437494723 0
    outer loop
      vertex -4.842915805643155 1.2434494358242743 0
      vertex -4.648882429441257 1.8406227634233894 0
      vertex -4.648882429441257 1.8406227634233894 3
    endloop
  endfacet
  facet normal 0.9048270524660195 -0.42577929156507305 0
    outer loop
      vertex -4.648882429441257 1.8406227634233894 0
      vertex -4.381533400219317 2.408768370508577 0
      vertex -4.381533400219317 2.408768370508577 3
    endloop
  endfacet
  facet normal 0.8443279255020154 -0.535826794978996 0
    outer loop
      vertex -4.381533400219317 2.408768370508577 0
      vertex -4.045084971874737 2.938926261462366 0
      vertex -4.045084971874737 2.938926261462366 3
    endloop
  endfacet
  facet normal 0.7705132427757889 -0.6374239897486902 0
    outer loop
      vertex -4.045084971874737 2.938926261462366 0
      vertex -3.6448431371070584 3.4227355296434423 0
      vertex -3.6448431371070584 3.4227355296434423 3
    endloop
  endfacet
  facet normal 0.9980267284282717 -0.06279051952931294 0
    outer loop
      vertex -5 0 0
      vertex -4.9605735065723895 0.6266661678215203 3
      vertex -5 0 3
    endloop
  endfacet
  facet normal 0.9822872507286885 -0.18738131458572513 0
    outer loop
      vertex -4.9605735065723895 0.6266661678215203 0
      vertex -4.842915805643155 1.2434494358242743 3
      vertex -4.9605735065723895 0.6266661678215203 3
    endloop
  endfacet
  facet normal 0.9510565162951536 -0.30901699437494723 0
    outer loop
      vertex -4.842915805643155 1.2434494358242743 0
      vertex -4.648882429441257 1.8406227634233894 3
      vertex -4.842915805643155 1.2434494358242743 3
    endloop
  endfacet
  facet normal 0.9048270524660195 -0.42577929156507305 0
    outer loop
      vertex -4.648882429441257 1.8406227634233894 0
      vertex -4.381533400219317 2.408768370508577 3
      vertex -4.648882429441257 1.8406227634233894 3
    endloop
  endfacet
  facet normal 0.8443279255020154 -0.535826794978996 0
    outer loop
      vertex -4.381533400219317 2.408768370508577 0
      vertex -4.045084971874737 2.938926261462366 3
      vertex -4.381533400219317 2.408768370508577 3
    endloop
  endfacet
  facet normal 0.7705132427757889 -0.6374239897486902 0
    outer loop
      vertex -4.045084971874737 2.938926261462366 0
      vertex -3.6448431371070584 3.4227355296434423 3
      vertex -4.045084971874737 2.938926261462366 3
    endloop
  endfacet
  facet normal 0.6845471059286894 -0.7289686274214109 0
    outer loop
      vertex -3.6448431371070584 3.4227355296434423 0
      vertex -3.1871199487434483 3.852566213878947 0
      vertex -3.6448431371070584 3.4227355296434423 3
    endloop
  endfacet
  facet normal 0.5877852522924722 -0.8090169943749481 0
    outer loop
      vertex -3.1871199487434483 3.852566213878947 0
      vertex -2.6791339748949836 4.221639627510075 0
      vertex -3.1871199487434483 3.852566213878947 3
    endloop
  endfacet
  facet normal 0.48175367410171566 -0.8763066800438633 0
    outer loop
      vertex -2.6791339748949836 4.221639627510075 0
      vertex -2.1288964578253635 4.524135262330097 0
      vertex -2.6791339748949836 4.221639627510075 3
    endloop
  endfacet
  facet normal 0.3681245526846773 -0.9297764858882517 0
    outer loop
      vertex -2.1288964578253635 4.524135262330097 0
      vertex -1.545084971874737 4.755282581475767 0
      vertex -2.1288964578253635 4.524135262330097 3
    endloop
  endfacet
  facet normal 0.24868988716485532 -0.968583161128631 0
    outer loop
      vertex -1.545084971874737 4.755282581475767 0
      vertex -0.9369065729286229 4.911436253643443 0
      vertex -1.545084971874737 4.755282581475767 3
    endloop
  endfacet
  facet normal 0.12533323356430473 -0.9921147013144778 0
    outer loop
      vertex -0.9369065729286229 4.911436253643443 0
      vertex -0.31395259764656636 4.990133642141358 0
      vertex -0.9369065729286229 4.911436253643443 3
    endloop
  endfacet
  facet normal 0 -1 0
    outer loop
      vertex -0.31395259764656636 4.990133642141358 0
      vertex 0.31395259764656636 4.990133642141358 0
      vertex -0.31395259764656597 4.990133642141358 3
    endloop
  endfacet
  facet normal 0.6845471059286894 -0.7289686274214109 0
    outer loop
      vertex -3.1871199487434483 3.852566213878947 0
      vertex -3.1871199487434483 3.852566213878947 3
      vertex -3.6448431371070584 3.4227355296434423 3
    endloop
  endfacet
  facet normal 0.5877852522924722 -0.8090169943749481 0
    outer loop
      vertex -2.6791339748949836 4.221639627510075 0
      vertex -2.6791339748949836 4.221639627510075 3
      vertex -3.1871199487434483 3.852566213878947 3
    endloop
  endfacet
  facet normal 0.48175367410171566 -0.8763066800438633 0
    outer loop
      vertex -2.1288964578253635 4.524135262330097 0
      vertex -2.1288964578253635 4.524135262330097 3
      vertex -2.6791339748949836 4.221639627510075 3
    endloop
  endfacet
  facet normal 0.3681245526846773 -0.9297764858882517 0
    outer loop
      vertex -1.545084971874737 4.755282581475767 0
      vertex -1.545084971874737 4.755282581475767 3
      vertex -2.1288964578253635 4.524135262330097 3
    endloop
  endfacet
  facet normal 0.24868988716485532 -0.968583161128631 0
    outer loop
      vertex -0.9369065729286229 4.911436253643443 0
      vertex -0.9369065729286229 4.911436253643443 3
      vertex -1.545084971874737 4.755282581475767 3
    endloop
  endfacet
  facet normal 0.12533323356430465 -0.9921147013144778 -1.6233914859611575e-17
    outer loop
      vertex -0.31395259764656636 4.990133642141358 0
      vertex -0.31395259764656597 4.990133642141358 3
      vertex -0.9369065729286229 4.911436253643443 3
    endloop
  endfacet
  facet normal 0 0 1
    outer loop
      vertex -0.3139525976465688 -4.990133642141358 0
      vertex 0.3139525976465688 -4.990133642141358 0
      vertex 0.22604587030552956 -3.5928962223417775 0
    endloop
  endfacet
  facet normal 0 0 1
    outer loop
      vertex 0.3139525976465688 -4.990133642141358 0
      vertex 0.9369065729286241 -4.911436253643443 0
      vertex 0.22604587030552956 -3.5928962223417775 0
    endloop
  endfacet
  facet normal 0 0 1
    outer loop
      vertex 0.9369065729286241 -4.911436253643443 0
      vertex 0.6745727325086094 -3.536234102623279 0
      vertex 0.22604587030552956 -3.5928962223417775 0
    endloop
  endfacet
  facet normal 0 0 1
    outer loop
      vertex 0.9369065729286241 -4.911436253643443 0
      vertex 1.545084971874737 -4.755282581475767 0
      vertex 0.6745727325086094 -3.536234102623279 0
    endloop
  endfacet
  facet normal 0 0 1
    outer loop
      vertex 0.6745727325086094 -3.536234102623279 0
      vertex 1.545084971874737 -4.755282581475767 0
      vertex 1.1124611797498107 -3.4238034586625528 0
    endloop
  endfacet
  facet normal 0 0 1
    outer loop
      vertex 1.545084971874737 -4.755282581475767 0
      vertex 2.128896457825362 -4.524135262330098 0
      vertex 1.532805449634261 -3.2573773888776705 0
    endloop
  endfacet
  facet normal 0 0 1
    outer loop
      vertex 1.1124611797498107 -3.4238034586625528 0
      vertex 1.545084971874737 -4.755282581475767 0
      vertex 1.532805449634261 -3.2573773888776705 0
    endloop
  endfacet
  facet normal 0 0 1
    outer loop
      vertex 2.128896457825362 -4.524135262330098 0
      vertex 1.9289764619243863 -3.039580531807255 0
      vertex 1.532805449634261 -3.2573773888776705 0
    endloop
  endfacet
  facet normal 0 0 1
    outer loop
      vertex 2.128896457825362 -4.524135262330098 0
      vertex 2.679133974894981 -4.2216396275100765 0
      vertex 1.9289764619243863 -3.039580531807255 0
    endloop
  endfacet
  facet normal 0 0 1
    outer loop
      vertex 2.679133974894981 -4.2216396275100765 0
      vertex 3.18711994874345 -3.852566213878945 0
      vertex 2.624287058717082 -2.464369581343279 0
    endloop
  endfacet
  facet normal 0 0 1
    outer loop
      vertex 1.9289764619243863 -3.039580531807255 0
      vertex 2.679133974894981 -4.2216396275100765 0
      vertex 2.294726363095284 -2.7738476739928406 0
    endloop
  endfacet
  facet normal 0 0 1
    outer loop
      vertex 2.294726363095284 -2.7738476739928406 0
      vertex 2.679133974894981 -4.2216396275100765 0
      vertex 2.624287058717082 -2.464369581343279 0
    endloop
  endfacet
  facet normal 0 0 1
    outer loop
      vertex 3.18711994874345 -3.852566213878945 0
      vertex 2.912461179749811 -2.1160269082529033 0
      vertex 2.624287058717082 -2.464369581343279 0
    endloop
  endfacet
  facet normal 0 0 1
    outer loop
      vertex 3.18711994874345 -3.852566213878945 0
      vertex 3.6448431371070584 -3.4227355296434423 0
      vertex 3.1547040481579085 -1.7343132267661754 0
    endloop
  endfacet
  facet normal 0 0 1
    outer loop
      vertex 3.18711994874345 -3.852566213878945 0
      vertex 3.1547040481579085 -1.7343132267661754 0
      vertex 2.912461179749811 -2.1160269082529033 0
    endloop
  endfacet
  facet normal 0 0 1
    outer loop
      vertex 3.6448431371070584 -3.4227355296434423 0
      vertex 3.3471953491977047 -1.3252483896648422 0
      vertex 3.1547040481579085 -1.7343132267661754 0
    endloop
  endfacet
  facet normal 0 0 1
    outer loop
      vertex 3.6448431371070584 -3.4227355296434423 0
      vertex 3.4868993800630723 -0.895283593793476 0
      vertex 3.3471953491977047 -1.3252483896648422 0
    endloop
  endfacet
  facet normal 0 0 1
    outer loop
      vertex 3.6448431371070584 -3.4227355296434423 0
      vertex 3.57161292473212 -0.45119964083149466 0
      vertex 3.4868993800630723 -0.895283593793476 0
    endloop
  endfacet
  facet normal 0 0 1
    outer loop
      vertex 3.6448431371070584 -3.4227355296434423 0
      vertex 3.6 0 0
      vertex 3.57161292473212 -0.45119964083149466 0
    endloop
  endfacet
  facet normal 0 0 1
    outer loop
      vertex 3.6448431371070584 -3.4227355296434423 0
      vertex 4.045084971874737 -2.938926261462366 0
      vertex 4.045084971874737 2.938926261462366 0
    endloop
  endfacet
  facet normal 0 0 1
    outer loop
      vertex 4.045084971874737 -2.938926261462366 0
      vertex 4.381533400219317 -2.408768370508577 0
      vertex 4.381533400219318 2.4087683705085765 0
    endloop
  endfacet
  facet normal 0 0 1
    outer loop
      vertex 4.381533400219317 -2.408768370508577 0
      vertex 4.648882429441256 -1.8406227634233918 0
      vertex 4.648882429441256 1.8406227634233898 0
    endloop
  endfacet
  facet normal 0 0 1
    outer loop
      vertex 4.648882429441256 -1.8406227634233918 0
      vertex 4.842915805643156 -1.2434494358242723 0
      vertex 4.842915805643155 1.243449435824274 0
    endloop
  endfacet
  facet normal 0 0 1
    outer loop
      vertex 4.842915805643156 -1.2434494358242723 0
      vertex 4.9605735065723895 -0.6266661678215203 0
      vertex 4.9605735065723895 0.6266661678215213 0
    endloop
  endfacet
  facet normal 0 1 0
    outer loop
      vertex -0.3139525976465688 -4.990133642141358 0
      vertex 0.3139525976465688 -4.990133642141358 3
      vertex 0.3139525976465688 -4.990133642141358 0
    endloop
  endfacet
  facet normal -0.12533323356430498 0.9921147013144778 0
    outer loop
      vertex 0.3139525976465688 -4.990133642141358 0
      vertex 0.9369065729286241 -4.911436253643443 3
      vertex 0.9369065729286241 -4.911436253643443 0
    endloop
  endfacet
  facet normal -0.24868988716485582 0.968583161128631 0
    outer loop
      vertex 0.9369065729286241 -4.911436253643443 0
      vertex 1.545084971874737 -4.755282581475767 3
      vertex 1.545084971874737 -4.755282581475767 0
    endloop
  endfacet
  facet normal -0.3681245526846768 0.9297764858882519 0
    outer loop
      vertex 1.545084971874737 -4.755282581475767 0
      vertex 2.128896457825362 -4.524135262330098 3
      vertex 2.128896457825362 -4.524135262330098 0
    endloop
  endfacet
  facet normal -0.4817536741017155 0.8763066800438635 0
    outer loop
      vertex 2.128896457825362 -4.524135262330098 0
      vertex 2.679133974894981 -4.2216396275100765 3
      vertex 2.679133974894981 -4.2216396275100765 0
    endloop
  endfacet
  facet normal -0.5877852522924726 0.8090169943749479 0
    outer loop
      vertex 2.679133974894981 -4.2216396275100765 0
      vertex 3.18711994874345 -3.852566213878945 3
      vertex 3.18711994874345 -3.852566213878945 0
    endloop
  endfacet
  facet normal -0.6845471059286893 0.728968627421411 0
    outer loop
      vertex 3.18711994874345 -3.852566213878945 0
      vertex 3.6448431371070584 -3.4227355296434423 3
      vertex 3.6448431371070584 -3.4227355296434423 0
    endloop
  endfacet
  facet normal -0.12533323356430498 0.9921147013144778 0
    outer loop
      vertex 0.3139525976465688 -4.990133642141358 0
      vertex 0.3139525976465688 -4.990133642141358 3
      vertex 0.9369065729286241 -4.911436253643443 3
    endloop
  endfacet
  facet normal -0.24868988716485582 0.968583161128631 0
    outer loop
      vertex 0.9369065729286241 -4.911436253643443 0
      vertex 0.9369065729286241 -4.911436253643443 3
      vertex 1.545084971874737 -4.755282581475767 3
    endloop
  endfacet
  facet normal -0.3681245526846768 0.9297764858882519 0
    outer loop
      vertex 1.545084971874737 -4.755282581475767 0
      vertex 1.545084971874737 -4.755282581475767 3
      vertex 2.128896457825362 -4.524135262330098 3
    endloop
  endfacet
  facet normal -0.4817536741017155 0.8763066800438635 0
    outer loop
      vertex 2.128896457825362 -4.524135262330098 0
      vertex 2.128896457825362 -4.524135262330098 3
      vertex 2.679133974894981 -4.2216396275100765 3
    endloop
  endfacet
  facet normal -0.5877852522924726 0.8090169943749479 0
    outer loop
      vertex 2.679133974894981 -4.2216396275100765 0
      vertex 2.679133974894981 -4.2216396275100765 3
      vertex 3.18711994874345 -3.852566213878945 3
    endloop
  endfacet
  facet normal -0.6845471059286893 0.728968627421411 0
    outer loop
      vertex 3.18711994874345 -3.852566213878945 0
      vertex 3.18711994874345 -3.852566213878945 3
      vertex 3.6448431371070584 -3.4227355296434423 3
    endloop
  endfacet
  facet normal -0.7705132427757889 0.6374239897486902 0
    outer loop
      vertex 3.6448431371070584 -3.4227355296434423 0
      vertex 3.6448431371070584 -3.4227355296434423 3
      vertex 4.045084971874737 -2.938926261462366 0
    endloop
  endfacet
  facet normal -0.8443279255020154 0.535826794978996 0
    outer loop
      vertex 4.045084971874737 -2.938926261462366 0
      vertex 4.045084971874737 -2.938926261462366 3
      vertex 4.381533400219317 -2.408768370508577 0
    endloop
  endfacet
  facet normal -0.9048270524660191 0.4257792915650733 0
    outer loop
      vertex 4.381533400219317 -2.408768370508577 0
      vertex 4.381533400219317 -2.408768370508577 3
      vertex 4.648882429441256 -1.8406227634233918 0
    endloop
  endfacet
  facet normal -0.9510565162951534 0.3090169943749477 0
    outer loop
      vertex 4.648882429441256 -1.8406227634233918 0
      vertex 4.648882429441256 -1.8406227634233918 3
      vertex 4.842915805643156 -1.2434494358242723 0
    endloop
  endfacet
  facet normal -0.9822872507286887 0.18738131458572432 0
    outer loop
      vertex 4.842915805643156 -1.2434494358242723 0
      vertex 4.842915805643156 -1.2434494358242723 3
      vertex 4.9605735065723895 -0.6266661678215203 0
    endloop
  endfacet
  facet normal -0.9980267284282717 0.06279051952931294 0
    outer loop
      vertex 4.9605735065723895 -0.6266661678215203 0
      vertex 4.9605735065723895 -0.6266661678215203 3
      vertex 5 0 0
    endloop
  endfacet
  facet normal -0.7705132427757889 0.6374239897486902 0
    outer loop
      vertex 4.045084971874737 -2.938926261462366 0
      vertex 3.6448431371070584 -3.4227355296434423 3
      vertex 4.045084971874737 -2.938926261462366 3
    endloop
  endfacet
  facet normal -0.8443279255020154 0.535826794978996 0
    outer loop
      vertex 4.381533400219317 -2.408768370508577 0
      vertex 4.045084971874737 -2.938926261462366 3
      vertex 4.381533400219317 -2.408768370508577 3
    endloop
  endfacet
  facet normal -0.9048270524660191 0.4257792915650733 0
    outer loop
      vertex 4.648882429441256 -1.8406227634233918 0
      vertex 4.381533400219317 -2.408768370508577 3
      vertex 4.648882429441256 -1.8406227634233918 3
    endloop
  endfacet
  facet normal -0.9510565162951534 0.3090169943749477 0
    outer loop
      vertex 4.842915805643156 -1.2434494358242723 0
      vertex 4.648882429441256 -1.8406227634233918 3
      vertex 4.842915805643156 -1.2434494358242723 3
    endloop
  endfacet
  facet normal -0.9822872507286887 0.18738131458572432 0
    outer loop
      vertex 4.9605735065723895 -0.6266661678215203 0
      vertex 4.842915805643156 -1.2434494358242723 3
      vertex 4.9605735065723895 -0.6266661678215203 3
    endloop
  endfacet
  facet normal -0.9980267284282717 0.06279051952931294 0
    outer loop
      vertex 5 0 0
      vertex 4.9605735065723895 -0.6266661678215203 3
      vertex 5 0 3
    endloop
  endfacet
  facet normal 0 0 1
    outer loop
      vertex 1.928976461924388 3.039580531807254 0
      vertex 2.294726363095283 2.773847673992841 0
      vertex 2.1288964578253635 4.524135262330097 0
    endloop
  endfacet
  facet normal 0 0 1
    outer loop
      vertex 2.294726363095283 2.773847673992841 0
      vertex 2.6242870587170817 2.4643695813432793 0
      vertex 2.679133974894983 4.221639627510076 0
    endloop
  endfacet
  facet normal 0 0 1
    outer loop
      vertex 3.486899380063072 0.8952835937934773 0
      vertex 3.644843137107058 3.4227355296434436 0
      vertex 3.347195349197705 1.3252483896648408 0
    endloop
  endfacet
  facet normal 0 0 1
    outer loop
      vertex 3.347195349197705 1.3252483896648408 0
      vertex 3.1871199487434487 3.8525662138789456 0
      vertex 3.154704048157909 1.7343132267661752 0
    endloop
  endfacet
  facet normal 0 0 1
    outer loop
      vertex 2.912461179749811 2.1160269082529033 0
      vertex 3.154704048157909 1.7343132267661752 0
      vertex 3.1871199487434487 3.8525662138789456 0
    endloop
  endfacet
  facet normal 0 0 1
    outer loop
      vertex 2.6242870587170817 2.4643695813432793 0
      vertex 2.912461179749811 2.1160269082529033 0
      vertex 2.679133974894983 4.221639627510076 0
    endloop
  endfacet
  facet normal 0 0 1
    outer loop
      vertex 2.912461179749811 2.1160269082529033 0
      vertex 3.1871199487434487 3.8525662138789456 0
      vertex 2.679133974894983 4.221639627510076 0
    endloop
  endfacet
  facet normal 0 0 1
    outer loop
      vertex 3.347195349197705 1.3252483896648408 0
      vertex 3.644843137107058 3.4227355296434436 0
      vertex 3.1871199487434487 3.8525662138789456 0
    endloop
  endfacet
  facet normal 0 0 1
    outer loop
      vertex 0.2260458703055278 3.5928962223417775 0
      vertex 0.6745727325086085 3.5362341026232795 0
      vertex 0.31395259764656636 4.990133642141358 0
    endloop
  endfacet
  facet normal 0 0 1
    outer loop
      vertex -0.31395259764656636 4.990133642141358 0
      vertex 0.2260458703055278 3.5928962223417775 0
      vertex 0.31395259764656636 4.990133642141358 0
    endloop
  endfacet
  facet normal 0 0 1
    outer loop
      vertex 0.6745727325086085 3.5362341026232795 0
      vertex 0.9369065729286229 4.911436253643443 0
      vertex 0.31395259764656636 4.990133642141358 0
    endloop
  endfacet
  facet normal 0 0 1
    outer loop
      vertex 0.6745727325086085 3.5362341026232795 0
      vertex 1.1124611797498107 3.4238034586625528 0
      vertex 0.9369065729286229 4.911436253643443 0
    endloop
  endfacet
  facet normal 0 0 1
    outer loop
      vertex 1.1124611797498107 3.4238034586625528 0
      vertex 1.545084971874737 4.755282581475767 0
      vertex 0.9369065729286229 4.911436253643443 0
    endloop
  endfacet
  facet normal 0 0 1
    outer loop
      vertex 1.1124611797498107 3.4238034586625528 0
      vertex 1.5328054496342618 3.25737738887767 0
      vertex 1.545084971874737 4.755282581475767 0
    endloop
  endfacet
  facet normal 0 0 1
    outer loop
      vertex 1.5328054496342618 3.25737738887767 0
      vertex 1.928976461924388 3.039580531807254 0
      vertex 1.545084971874737 4.755282581475767 0
    endloop
  endfacet
  facet normal 0 0 1
    outer loop
      vertex 1.928976461924388 3.039580531807254 0
      vertex 2.1288964578253635 4.524135262330097 0
      vertex 1.545084971874737 4.755282581475767 0
    endloop
  endfacet
  facet normal 0 0 1
    outer loop
      vertex 2.294726363095283 2.773847673992841 0
      vertex 2.679133974894983 4.221639627510076 0
      vertex 2.1288964578253635 4.524135262330097 0
    endloop
  endfacet
  facet normal 0 0 1
    outer loop
      vertex 3.6448431371070584 -3.4227355296434423 0
      vertex 3.644843137107058 3.4227355296434436 0
      vertex 3.6 0 0
    endloop
  endfacet
  facet normal 0 0 1
    outer loop
      vertex 4.045084971874737 -2.938926261462366 0
      vertex 4.381533400219318 2.4087683705085765 0
      vertex 4.045084971874737 2.938926261462366 0
    endloop
  endfacet
  facet normal 0 0 1
    outer loop
      vertex 3.6 0 0
      vertex 3.644843137107058 3.4227355296434436 0
      vertex 3.57161292473212 0.45119964083149533 0
    endloop
  endfacet
  facet normal 0 0 1
    outer loop
      vertex 3.6448431371070584 -3.4227355296434423 0
      vertex 4.045084971874737 2.938926261462366 0
      vertex 3.644843137107058 3.4227355296434436 0
    endloop
  endfacet
  facet normal 0 0 1
    outer loop
      vertex 3.57161292473212 0.45119964083149533 0
      vertex 3.644843137107058 3.4227355296434436 0
      vertex 3.486899380063072 0.8952835937934773 0
    endloop
  endfacet
  facet normal 0 0 1
    outer loop
      vertex 4.648882429441256 -1.8406227634233918 0
      vertex 4.842915805643155 1.243449435824274 0
      vertex 4.648882429441256 1.8406227634233898 0
    endloop
  endfacet
  facet normal 0 0 1
    outer loop
      vertex 4.381533400219317 -2.408768370508577 0
      vertex 4.648882429441256 1.8406227634233898 0
      vertex 4.381533400219318 2.4087683705085765 0
    endloop
  endfacet
  facet normal 0 0 1
    outer loop
      vertex 4.842915805643156 -1.2434494358242723 0
      vertex 4.9605735065723895 0.6266661678215213 0
      vertex 4.842915805643155 1.243449435824274 0
    endloop
  endfacet
  facet normal 0 0 1
    outer loop
      vertex 4.9605735065723895 -0.6266661678215203 0
      vertex 5 0 0
      vertex 4.9605735065723895 0.6266661678215213 0
    endloop
  endfacet
  facet normal -0.12533323356430473 -0.9921147013144778 0
    outer loop
      vertex 0.31395259764656636 4.990133642141358 0
      vertex 0.9369065729286229 4.911436253643443 0
      vertex 0.31395259764656636 4.990133642141358 3
    endloop
  endfacet
  facet normal -0.24868988716485532 -0.968583161128631 0
    outer loop
      vertex 0.9369065729286229 4.911436253643443 0
      vertex 1.545084971874737 4.755282581475767 0
      vertex 0.9369065729286229 4.911436253643443 3
    endloop
  endfacet
  facet normal -0.3681245526846773 -0.9297764858882517 0
    outer loop
      vertex 1.545084971874737 4.755282581475767 0
      vertex 2.1288964578253635 4.524135262330097 0
      vertex 1.545084971874737 4.755282581475767 3
    endloop
  endfacet
  facet normal -0.48175367410171493 -0.8763066800438638 0
    outer loop
      vertex 2.1288964578253635 4.524135262330097 0
      vertex 2.679133974894983 4.221639627510076 0
      vertex 2.1288964578253635 4.524135262330097 3
    endloop
  endfacet
  facet normal -0.5877852522924738 -0.8090169943749468 0
    outer loop
      vertex 2.679133974894983 4.221639627510076 0
      vertex 3.1871199487434487 3.8525662138789456 0
      vertex 2.679133974894983 4.221639627510076 3
    endloop
  endfacet
  facet normal -0.6845471059286878 -0.7289686274214123 0
    outer loop
      vertex 3.644843137107058 3.4227355296434436 0
      vertex 3.1871199487434487 3.8525662138789456 3
      vertex 3.1871199487434487 3.8525662138789456 0
    endloop
  endfacet
  facet normal 0 -1 0
    outer loop
      vertex 0.31395259764656636 4.990133642141358 0
      vertex 0.31395259764656636 4.990133642141358 3
      vertex -0.31395259764656597 4.990133642141358 3
    endloop
  endfacet
  facet normal -0.12533323356430473 -0.9921147013144778 0
    outer loop
      vertex 0.9369065729286229 4.911436253643443 0
      vertex 0.9369065729286229 4.911436253643443 3
      vertex 0.31395259764656636 4.990133642141358 3
    endloop
  endfacet
  facet normal -0.24868988716485532 -0.968583161128631 0
    outer loop
      vertex 1.545084971874737 4.755282581475767 0
      vertex 1.545084971874737 4.755282581475767 3
      vertex 0.9369065729286229 4.911436253643443 3
    endloop
  endfacet
  facet normal -0.48175367410171493 -0.8763066800438638 0
    outer loop
      vertex 2.679133974894983 4.221639627510076 0
      vertex 2.679133974894983 4.221639627510076 3
      vertex 2.1288964578253635 4.524135262330097 3
    endloop
  endfacet
  facet normal -0.3681245526846773 -0.9297764858882517 0
    outer loop
      vertex 2.1288964578253635 4.524135262330097 0
      vertex 2.1288964578253635 4.524135262330097 3
      vertex 1.545084971874737 4.755282581475767 3
    endloop
  endfacet
  facet normal -0.5877852522924738 -0.8090169943749468 0
    outer loop
      vertex 3.1871199487434487 3.8525662138789456 0
      vertex 3.1871199487434487 3.8525662138789456 3
      vertex 2.679133974894983 4.221639627510076 3
    endloop
  endfacet
  facet normal -0.6845471059286878 -0.7289686274214123 0
    outer loop
      vertex 3.644843137107058 3.4227355296434436 0
      vertex 3.644843137107058 3.4227355296434436 3
      vertex 3.1871199487434487 3.8525662138789456 3
    endloop
  endfacet
  facet normal -0.9980267284282716 -0.06279051952931283 0
    outer loop
      vertex 5 0 0
      vertex 5 0 3
      vertex 4.9605735065723895 0.6266661678215213 0
    endloop
  endfacet
  facet normal -0.9822872507286885 -0.18738131458572546 0
    outer loop
      vertex 4.9605735065723895 0.6266661678215213 0
      vertex 4.9605735065723895 0.6266661678215213 3
      vertex 4.842915805643155 1.243449435824274 0
    endloop
  endfacet
  facet normal -0.9510565162951534 -0.30901699437494823 0
    outer loop
      vertex 4.842915805643155 1.243449435824274 0
      vertex 4.842915805643155 1.243449435824274 3
      vertex 4.648882429441256 1.8406227634233898 0
    endloop
  endfacet
  facet normal -0.844327925502015 -0.5358267949789968 0
    outer loop
      vertex 4.381533400219318 2.4087683705085765 0
      vertex 4.381533400219318 2.4087683705085765 3
      vertex 4.045084971874737 2.938926261462366 0
    endloop
  endfacet
  facet normal -0.7705132427757895 -0.6374239897486895 0
    outer loop
      vertex 3.644843137107058 3.4227355296434436 0
      vertex 4.045084971874737 2.938926261462366 0
      vertex 4.045084971874737 2.938926261462366 3
    endloop
  endfacet
  facet normal -0.9048270524660202 -0.42577929156507127 0
    outer loop
      vertex 4.648882429441256 1.8406227634233898 0
      vertex 4.648882429441256 1.8406227634233898 3
      vertex 4.381533400219318 2.4087683705085765 0
    endloop
  endfacet
  facet normal -0.9980267284282716 -0.06279051952931283 0
    outer loop
      vertex 4.9605735065723895 0.6266661678215213 0
      vertex 5 0 3
      vertex 4.9605735065723895 0.6266661678215213 3
    endloop
  endfacet
  facet normal -0.9510565162951534 -0.30901699437494823 0
    outer loop
      vertex 4.648882429441256 1.8406227634233898 0
      vertex 4.842915805643155 1.243449435824274 3
      vertex 4.648882429441256 1.8406227634233898 3
    endloop
  endfacet
  facet normal -0.9822872507286885 -0.18738131458572546 0
    outer loop
      vertex 4.842915805643155 1.243449435824274 0
      vertex 4.9605735065723895 0.6266661678215213 3
      vertex 4.842915805643155 1.243449435824274 3
    endloop
  endfacet
  facet normal -0.7705132427757895 -0.6374239897486895 0
    outer loop
      vertex 3.644843137107058 3.4227355296434436 0
      vertex 4.045084971874737 2.938926261462366 3
      vertex 3.644843137107058 3.4227355296434436 3
    endloop
  endfacet
  facet normal -0.844327925502015 -0.5358267949789968 0
    outer loop
      vertex 4.045084971874737 2.938926261462366 0
      vertex 4.381533400219318 2.4087683705085765 3
      vertex 4.045084971874737 2.938926261462366 3
    endloop
  endfacet
  facet normal -0.9048270524660202 -0.42577929156507127 0
    outer loop
      vertex 4.381533400219318 2.4087683705085765 0
      vertex 4.648882429441256 1.8406227634233898 3
      vertex 4.381533400219318 2.4087683705085765 3
    endloop
  endfacet
  facet normal -0.8443279255020152 -0.5358267949789963 0
    outer loop
      vertex -5.663118960624632 -4.114496766047312 -1.9000000000000004
      vertex -6.134146760307044 -3.372275718712008 3
      vertex -6.134146760307044 -3.372275718712008 -1.9000000000000004
    endloop
  endfacet
  facet normal -0.7705132427757891 -0.6374239897486896 0
    outer loop
      vertex -5.663118960624632 -4.114496766047312 -1.9000000000000004
      vertex -5.1027803919498815 -4.79182974150082 -1.9000000000000004
      vertex -5.663118960624632 -4.114496766047312 3
    endloop
  endfacet
  facet normal -0.5877852522924721 -0.8090169943749482 0
    outer loop
      vertex -4.461967928240828 -5.393592699430526 -1.9000000000000004
      vertex -3.7507875648529776 -5.910295478514104 -1.9000000000000004
      vertex -3.7507875648529776 -5.910295478514104 3
    endloop
  endfacet
  facet normal -0.6845471059286895 -0.7289686274214108 0
    outer loop
      vertex -4.461967928240828 -5.393592699430526 -1.9000000000000004
      vertex -4.461967928240828 -5.393592699430526 3
      vertex -5.1027803919498815 -4.79182974150082 -1.9000000000000004
    endloop
  endfacet
  facet normal 0 0 -1
    outer loop
      vertex -6.50843540121776 -2.576871868792745 -1.9000000000000004
      vertex -6.7800821279004175 -1.740829210153984 -1.9000000000000004
      vertex -6.50843540121776 2.576871868792745 -1.9000000000000004
    endloop
  endfacet
  facet normal 0 0 -1
    outer loop
      vertex -6.7800821279004175 -1.740829210153984 -1.9000000000000004
      vertex -6.9448029092013455 -0.8773326349501285 -1.9000000000000004
      vertex -6.7800821279004175 1.740829210153984 -1.9000000000000004
    endloop
  endfacet
  facet normal 0 0 -1
    outer loop
      vertex -6.134146760307044 -3.372275718712008 -1.9000000000000004
      vertex -6.50843540121776 -2.576871868792745 -1.9000000000000004
      vertex -6.134146760307044 3.372275718712008 -1.9000000000000004
    endloop
  endfacet
  facet normal 0 0 -1
    outer loop
      vertex -5.663118960624632 -4.114496766047312 -1.9000000000000004
      vertex -6.134146760307044 -3.372275718712008 -1.9000000000000004
      vertex -5.663118960624632 4.114496766047312 -1.9000000000000004
    endloop
  endfacet
  facet normal 0 0 -1
    outer loop
      vertex -5.663118960624632 -4.114496766047312 -1.9000000000000004
      vertex -5.1027803919498815 4.79182974150082 -1.9000000000000004
      vertex -5.1027803919498815 -4.79182974150082 -1.9000000000000004
    endloop
  endfacet
  facet normal 0 0 -1
    outer loop
      vertex -4.461967928240828 -5.393592699430526 -1.9000000000000004
      vertex -3.7507875648529776 5.910295478514104 -1.9000000000000004
      vertex -3.7507875648529776 -5.910295478514104 -1.9000000000000004
    endloop
  endfacet
  facet normal 0 0 -1
    outer loop
      vertex -4.461967928240828 -5.393592699430526 -1.9000000000000004
      vertex -5.1027803919498815 -4.79182974150082 -1.9000000000000004
      vertex -4.461967928240828 5.393592699430526 -1.9000000000000004
    endloop
  endfacet
  facet normal -0.9048270524660196 -0.42577929156507277 0
    outer loop
      vertex -6.134146760307044 -3.372275718712008 -1.9000000000000004
      vertex -6.50843540121776 -2.576871868792745 3
      vertex -6.50843540121776 -2.576871868792745 -1.9000000000000004
    endloop
  endfacet
  facet normal -0.9510565162951535 -0.3090169943749474 0
    outer loop
      vertex -6.50843540121776 -2.576871868792745 -1.9000000000000004
      vertex -6.7800821279004175 -1.740829210153984 3
      vertex -6.7800821279004175 -1.740829210153984 -1.9000000000000004
    endloop
  endfacet
  facet normal -0.9822872507286885 -0.1873813145857253 0
    outer loop
      vertex -6.7800821279004175 -1.740829210153984 -1.9000000000000004
      vertex -6.9448029092013455 -0.8773326349501285 3
      vertex -6.9448029092013455 -0.8773326349501285 -1.9000000000000004
    endloop
  endfacet
  facet normal -0.9980267284282716 -0.06279051952931272 0
    outer loop
      vertex -6.9448029092013455 -0.8773326349501285 -1.9000000000000004
      vertex -7 0 3
      vertex -7 0 -1.9000000000000004
    endloop
  endfacet
  facet normal 0 0 -1
    outer loop
      vertex -0.43953363670519635 -6.986187098997901 -1.9000000000000004
      vertex -0.11302293515276478 -1.7964481111708888 -1.9000000000000004
      vertex 0.43953363670519635 -6.986187098997901 -1.9000000000000004
    endloop
  endfacet
  facet normal 0 0 -1
    outer loop
      vertex -2.1631189606246317 -6.657395614066075 -1.9000000000000004
      vertex -1.1473631815476413 -1.386923836996421 -1.9000000000000004
      vertex -1.3116692021000738 -6.87601075510082 -1.9000000000000004
    endloop
  endfacet
  facet normal 0 0 -1
    outer loop
      vertex -1.3116692021000738 -6.87601075510082 -1.9000000000000004
      vertex -0.3372863662543047 -1.7681170513116395 -1.9000000000000004
      vertex -0.43953363670519635 -6.986187098997901 -1.9000000000000004
    endloop
  endfacet
  facet normal 0 0 -1
    outer loop
      vertex -0.43953363670519635 -6.986187098997901 -1.9000000000000004
      vertex -0.3372863662543047 -1.7681170513116395 -1.9000000000000004
      vertex -0.11302293515276478 -1.7964481111708888 -1.9000000000000004
    endloop
  endfacet
  facet normal -0.48175367410171477 -0.8763066800438638 0
    outer loop
      vertex -3.7507875648529776 -5.910295478514104 -1.9000000000000004
      vertex -2.980455040955507 -6.333789367262137 -1.9000000000000004
      vertex -2.980455040955507 -6.333789367262137 3
    endloop
  endfacet
  facet normal -0.36812455268467814 -0.9297764858882513 0
    outer loop
      vertex -2.980455040955507 -6.333789367262137 -1.9000000000000004
      vertex -2.1631189606246317 -6.657395614066075 -1.9000000000000004
      vertex -2.1631189606246317 -6.657395614066075 3
    endloop
  endfacet
  facet normal -0.24868988716485493 -0.9685831611286311 0
    outer loop
      vertex -2.1631189606246317 -6.657395614066075 -1.9000000000000004
      vertex -1.3116692021000738 -6.87601075510082 -1.9000000000000004
      vertex -1.3116692021000738 -6.87601075510082 3
    endloop
  endfacet
  facet normal -0.12533323356430495 -0.9921147013144777 0
    outer loop
      vertex -1.3116692021000738 -6.87601075510082 -1.9000000000000004
      vertex -0.43953363670519635 -6.986187098997901 -1.9000000000000004
      vertex -0.43953363670519635 -6.986187098997901 3
    endloop
  endfacet
  facet normal 0 0 -1
    outer loop
      vertex -3.7507875648529776 -5.910295478514104 -1.9000000000000004
      vertex -2.980455040955509 6.333789367262137 -1.9000000000000004
      vertex -2.980455040955507 -6.333789367262137 -1.9000000000000004
    endloop
  endfacet
  facet normal -3.797676543052955e-15 3.841902474756416e-16 -1
    outer loop
      vertex -2.1631189606246317 -6.657395614066075 -1.9000000000000004
      vertex -1.6735976745988526 -0.6626241948324202 -1.9
      vertex -1.5773520240789543 -0.8671566133830877 -1.9000000000000004
    endloop
  endfacet
  facet normal 0 0 -1
    outer loop
      vertex -2.980455040955507 -6.333789367262137 -1.9000000000000004
      vertex -2.1631189606246317 6.657395614066075 -1.9000000000000004
      vertex -2.1631189606246317 -6.657395614066075 -1.9000000000000004
    endloop
  endfacet
  facet normal 1.8220236057417207e-16 5.920113565067836e-17 -1
    outer loop
      vertex -2.1631189606246317 -6.657395614066075 -1.9000000000000004
      vertex -1.743449690031536 -0.4476417968967387 -1.9
      vertex -1.6735976745988526 -0.6626241948324202 -1.9
    endloop
  endfacet
  facet normal 2.768216313347655e-16 5.2806550371893486e-17 -1
    outer loop
      vertex -2.1631189606246317 -6.657395614066075 -1.9000000000000004
      vertex -1.78580646236606 -0.22559982041574733 -1.9
      vertex -1.743449690031536 -0.4476417968967387 -1.9
    endloop
  endfacet
  facet normal 5.679131329721861e-16 3.5730065789922907e-17 -1
    outer loop
      vertex -2.1631189606246317 -6.657395614066075 -1.9000000000000004
      vertex -1.8 0 -1.9
      vertex -1.78580646236606 -0.22559982041574733 -1.9
    endloop
  endfacet
  facet normal -2.2820317998485137e-15 4.398063563908084e-16 -1
    outer loop
      vertex -2.1631189606246317 -6.657395614066075 -1.9000000000000004
      vertex -1.312143529358541 -1.2321847906716394 -1.9
      vertex -1.1473631815476413 -1.386923836996421 -1.9000000000000004
    endloop
  endfacet
  facet normal 8.317678965913903e-17 6.880982464105931e-17 -1
    outer loop
      vertex -2.1631189606246317 -6.657395614066075 -1.9000000000000004
      vertex -1.4562305898749055 -1.0580134541264516 -1.9
      vertex -1.312143529358541 -1.2321847906716394 -1.9
    endloop
  endfacet
  facet normal 3.1623667817310124e-15 -3.199194198633057e-16 -1
    outer loop
      vertex -2.1631189606246317 -6.657395614066075 -1.9000000000000004
      vertex -1.5773520240789543 -0.8671566133830877 -1.9000000000000004
      vertex -1.4562305898749055 -1.0580134541264516 -1.9
    endloop
  endfacet
  facet normal 0 0 -1
    outer loop
      vertex -1.3116692021000738 -6.87601075510082 -1.9000000000000004
      vertex -1.1473631815476413 -1.386923836996421 -1.9000000000000004
      vertex -0.9644882309621942 -1.5197902659036269 -1.9000000000000004
    endloop
  endfacet
  facet normal 2.1647670036417582e-15 -1.403164623501581e-16 -1
    outer loop
      vertex -1.3116692021000738 -6.87601075510082 -1.9000000000000004
      vertex -0.9644882309621942 -1.5197902659036269 -1.9000000000000004
      vertex -0.7664027248171305 -1.6286886944388352 -1.9
    endloop
  endfacet
  facet normal -1.9972973505157454e-15 2.9217732064628074e-16 -1
    outer loop
      vertex -1.3116692021000738 -6.87601075510082 -1.9000000000000004
      vertex -0.7664027248171305 -1.6286886944388352 -1.9
      vertex -0.5562305898749054 -1.7119017293312764 -1.9000000000000004
    endloop
  endfacet
  facet normal 0 0 -1
    outer loop
      vertex -1.3116692021000738 -6.87601075510082 -1.9000000000000004
      vertex -0.5562305898749054 -1.7119017293312764 -1.9000000000000004
      vertex -0.3372863662543047 -1.7681170513116395 -1.9000000000000004
    endloop
  endfacet
  facet normal -0.7705132427757891 -0.6374239897486896 0
    outer loop
      vertex -5.1027803919498815 -4.79182974150082 -1.9000000000000004
      vertex -5.1027803919498815 -4.79182974150082 3
      vertex -5.663118960624632 -4.114496766047312 3
    endloop
  endfacet
  facet normal -0.8443279255020152 -0.5358267949789963 0
    outer loop
      vertex -5.663118960624632 -4.114496766047312 -1.9000000000000004
      vertex -5.663118960624632 -4.114496766047312 3
      vertex -6.134146760307044 -3.372275718712008 3
    endloop
  endfacet
  facet normal -0.5877852522924721 -0.8090169943749482 0
    outer loop
      vertex -4.461967928240828 -5.393592699430526 -1.9000000000000004
      vertex -3.7507875648529776 -5.910295478514104 3
      vertex -4.461967928240828 -5.393592699430526 3
    endloop
  endfacet
  facet normal -0.6845471059286895 -0.7289686274214108 0
    outer loop
      vertex -5.1027803919498815 -4.79182974150082 -1.9000000000000004
      vertex -4.461967928240828 -5.393592699430526 3
      vertex -5.1027803919498815 -4.79182974150082 3
    endloop
  endfacet
  facet normal 0 0 1
    outer loop
      vertex -4.461967928240828 -5.393592699430526 3
      vertex -4.842915805643155 -1.2434494358242743 3
      vertex -5.1027803919498815 -4.79182974150082 3
    endloop
  endfacet
  facet normal 0 0 1
    outer loop
      vertex -4.461967928240828 -5.393592699430526 3
      vertex -3.7507875648529776 -5.910295478514104 3
      vertex -4.045084971874737 -2.938926261462366 3
    endloop
  endfacet
  facet normal 0 0 1
    outer loop
      vertex -3.7507875648529776 -5.910295478514104 3
      vertex -3.1871199487434483 -3.852566213878947 3
      vertex -3.6448431371070584 -3.4227355296434423 3
    endloop
  endfacet
  facet normal 0 0 1
    outer loop
      vertex -4.461967928240828 -5.393592699430526 3
      vertex -4.045084971874737 -2.938926261462366 3
      vertex -4.381533400219317 -2.408768370508577 3
    endloop
  endfacet
  facet normal 0 0 1
    outer loop
      vertex -3.7507875648529776 -5.910295478514104 3
      vertex -3.6448431371070584 -3.4227355296434423 3
      vertex -4.045084971874737 -2.938926261462366 3
    endloop
  endfacet
  facet normal -0.9048270524660196 -0.42577929156507277 0
    outer loop
      vertex -6.134146760307044 -3.372275718712008 -1.9000000000000004
      vertex -6.134146760307044 -3.372275718712008 3
      vertex -6.50843540121776 -2.576871868792745 3
    endloop
  endfacet
  facet normal -0.9510565162951535 -0.3090169943749474 0
    outer loop
      vertex -6.50843540121776 -2.576871868792745 -1.9000000000000004
      vertex -6.50843540121776 -2.576871868792745 3
      vertex -6.7800821279004175 -1.740829210153984 3
    endloop
  endfacet
  facet normal -0.9822872507286885 -0.1873813145857253 0
    outer loop
      vertex -6.7800821279004175 -1.740829210153984 -1.9000000000000004
      vertex -6.7800821279004175 -1.740829210153984 3
      vertex -6.9448029092013455 -0.8773326349501285 3
    endloop
  endfacet
  facet normal -0.9980267284282716 -0.06279051952931272 0
    outer loop
      vertex -6.9448029092013455 -0.8773326349501285 -1.9000000000000004
      vertex -6.9448029092013455 -0.8773326349501285 3
      vertex -7 0 3
    endloop
  endfacet
  facet normal 0 0 1
    outer loop
      vertex -6.134146760307044 -3.372275718712008 3
      vertex -6.50843540121776 2.576871868792745 3
      vertex -6.50843540121776 -2.576871868792745 3
    endloop
  endfacet
  facet normal 0 0 1
    outer loop
      vertex -6.7800821279004175 -1.740829210153984 3
      vertex -6.9448029092013455 0.8773326349501285 3
      vertex -6.9448029092013455 -0.8773326349501285 3
    endloop
  endfacet
  facet normal 0 0 1
    outer loop
      vertex -6.50843540121776 -2.576871868792745 3
      vertex -6.7800821279004175 1.740829210153984 3
      vertex -6.7800821279004175 -1.740829210153984 3
    endloop
  endfacet
  facet normal 0 0 1
    outer loop
      vertex -5.663118960624632 -4.114496766047312 3
      vertex -6.134146760307044 3.372275718712008 3
      vertex -6.134146760307044 -3.372275718712008 3
    endloop
  endfacet
  facet normal 0 0 1
    outer loop
      vertex -5.663118960624632 -4.114496766047312 3
      vertex -5.1027803919498815 -4.79182974150082 3
      vertex -5.663118960624632 4.114496766047312 3
    endloop
  endfacet
  facet normal 0 0 1
    outer loop
      vertex -4.461967928240828 -5.393592699430526 3
      vertex -4.381533400219317 -2.408768370508577 3
      vertex -4.648882429441257 -1.8406227634233894 3
    endloop
  endfacet
  facet normal 0 0 1
    outer loop
      vertex -4.461967928240828 -5.393592699430526 3
      vertex -4.648882429441257 -1.8406227634233894 3
      vertex -4.842915805643155 -1.2434494358242743 3
    endloop
  endfacet
  facet normal 0 0 1
    outer loop
      vertex -5.1027803919498815 -4.79182974150082 3
      vertex -4.842915805643155 -1.2434494358242743 3
      vertex -4.9605735065723895 -0.6266661678215203 3
    endloop
  endfacet
  facet normal 0 0 1
    outer loop
      vertex -5.1027803919498815 -4.79182974150082 3
      vertex -4.9605735065723895 -0.6266661678215203 3
      vertex -5 0 3
    endloop
  endfacet
  facet normal -0.36812455268467814 -0.9297764858882513 0
    outer loop
      vertex -2.980455040955507 -6.333789367262137 -1.9000000000000004
      vertex -2.1631189606246317 -6.657395614066075 3
      vertex -2.980455040955507 -6.333789367262137 3
    endloop
  endfacet
  facet normal -0.48175367410171477 -0.8763066800438638 0
    outer loop
      vertex -3.7507875648529776 -5.910295478514104 -1.9000000000000004
      vertex -2.980455040955507 -6.333789367262137 3
      vertex -3.7507875648529776 -5.910295478514104 3
    endloop
  endfacet
  facet normal -0.24868988716485493 -0.9685831611286311 0
    outer loop
      vertex -2.1631189606246317 -6.657395614066075 -1.9000000000000004
      vertex -1.3116692021000738 -6.87601075510082 3
      vertex -2.1631189606246317 -6.657395614066075 3
    endloop
  endfacet
  facet normal -0.12533323356430495 -0.9921147013144777 0
    outer loop
      vertex -1.3116692021000738 -6.87601075510082 -1.9000000000000004
      vertex -0.43953363670519635 -6.986187098997901 3
      vertex -1.3116692021000738 -6.87601075510082 3
    endloop
  endfacet
  facet normal 0 -1 0
    outer loop
      vertex -0.43953363670519635 -6.986187098997901 -1.9000000000000004
      vertex 0.43953363670519635 -6.986187098997901 3
      vertex -0.43953363670519635 -6.986187098997901 3
    endloop
  endfacet
  facet normal 0 0 1
    outer loop
      vertex -3.7507875648529776 -5.910295478514104 3
      vertex -2.980455040955507 -6.333789367262137 3
      vertex -3.1871199487434483 -3.852566213878947 3
    endloop
  endfacet
  facet normal 0 0 1
    outer loop
      vertex -2.980455040955507 -6.333789367262137 3
      vertex -2.1631189606246317 -6.657395614066075 3
      vertex -2.6791339748949836 -4.221639627510075 3
    endloop
  endfacet
  facet normal 0 0 1
    outer loop
      vertex -2.1631189606246317 -6.657395614066075 3
      vertex -1.545084971874737 -4.755282581475767 3
      vertex -2.128896457825362 -4.524135262330098 3
    endloop
  endfacet
  facet normal 0 0 1
    outer loop
      vertex -2.980455040955507 -6.333789367262137 3
      vertex -2.6791339748949836 -4.221639627510075 3
      vertex -3.1871199487434483 -3.852566213878947 3
    endloop
  endfacet
  facet normal 0 0 1
    outer loop
      vertex -2.1631189606246317 -6.657395614066075 3
      vertex -2.128896457825362 -4.524135262330098 3
      vertex -2.6791339748949836 -4.221639627510075 3
    endloop
  endfacet
  facet normal 0 0 1
    outer loop
      vertex -1.3116692021000738 -6.87601075510082 3
      vertex -0.43953363670519635 -6.986187098997901 3
      vertex -0.9369065729286241 -4.911436253643443 3
    endloop
  endfacet
  facet normal 0 0 1
    outer loop
      vertex -2.1631189606246317 -6.657395614066075 3
      vertex -1.3116692021000738 -6.87601075510082 3
      vertex -1.545084971874737 -4.755282581475767 3
    endloop
  endfacet
  facet normal 0 0 1
    outer loop
      vertex -1.3116692021000738 -6.87601075510082 3
      vertex -0.9369065729286241 -4.911436253643443 3
      vertex -1.545084971874737 -4.755282581475767 3
    endloop
  endfacet
  facet normal 0 0 1
    outer loop
      vertex -0.43953363670519635 -6.986187098997901 3
      vertex 0.43953363670519635 -6.986187098997901 3
      vertex -0.3139525976465688 -4.990133642141358 3
    endloop
  endfacet
  facet normal 0 0 1
    outer loop
      vertex -0.43953363670519635 -6.986187098997901 3
      vertex -0.3139525976465688 -4.990133642141358 3
      vertex -0.9369065729286241 -4.911436253643443 3
    endloop
  endfacet
  facet normal 0 0 -1
    outer loop
      vertex -6.9448029092013455 -0.8773326349501285 -1.9000000000000004
      vertex -7 0 -1.9000000000000004
      vertex -6.9448029092013455 0.8773326349501285 -1.9000000000000004
    endloop
  endfacet
  facet normal 0 0 -1
    outer loop
      vertex -6.9448029092013455 -0.8773326349501285 -1.9000000000000004
      vertex -6.9448029092013455 0.8773326349501285 -1.9000000000000004
      vertex -6.7800821279004175 1.740829210153984 -1.9000000000000004
    endloop
  endfacet
  facet normal 0 0 -1
    outer loop
      vertex -6.7800821279004175 -1.740829210153984 -1.9000000000000004
      vertex -6.7800821279004175 1.740829210153984 -1.9000000000000004
      vertex -6.50843540121776 2.576871868792745 -1.9000000000000004
    endloop
  endfacet
  facet normal 0 0 -1
    outer loop
      vertex -6.50843540121776 -2.576871868792745 -1.9000000000000004
      vertex -6.50843540121776 2.576871868792745 -1.9000000000000004
      vertex -6.134146760307044 3.372275718712008 -1.9000000000000004
    endloop
  endfacet
  facet normal 0 0 -1
    outer loop
      vertex -6.134146760307044 -3.372275718712008 -1.9000000000000004
      vertex -6.134146760307044 3.372275718712008 -1.9000000000000004
      vertex -5.663118960624632 4.114496766047312 -1.9000000000000004
    endloop
  endfacet
  facet normal 0 0 -1
    outer loop
      vertex -5.663118960624632 -4.114496766047312 -1.9000000000000004
      vertex -5.663118960624632 4.114496766047312 -1.9000000000000004
      vertex -5.1027803919498815 4.79182974150082 -1.9000000000000004
    endloop
  endfacet
  facet normal 0 0 -1
    outer loop
      vertex -5.1027803919498815 -4.79182974150082 -1.9000000000000004
      vertex -5.1027803919498815 4.79182974150082 -1.9000000000000004
      vertex -4.461967928240828 5.393592699430526 -1.9000000000000004
    endloop
  endfacet
  facet normal 0 0 -1
    outer loop
      vertex -4.461967928240828 -5.393592699430526 -1.9000000000000004
      vertex -4.461967928240828 5.393592699430526 -1.9000000000000004
      vertex -3.7507875648529776 5.910295478514104 -1.9000000000000004
    endloop
  endfacet
  facet normal -0.9980267284282716 0.06279051952931272 0
    outer loop
      vertex -7 0 -1.9000000000000004
      vertex -6.9448029092013455 0.8773326349501285 3
      vertex -6.9448029092013455 0.8773326349501285 -1.9000000000000004
    endloop
  endfacet
  facet normal -0.9822872507286885 0.1873813145857253 0
    outer loop
      vertex -6.9448029092013455 0.8773326349501285 -1.9000000000000004
      vertex -6.7800821279004175 1.740829210153984 3
      vertex -6.7800821279004175 1.740829210153984 -1.9000000000000004
    endloop
  endfacet
  facet normal -0.9510565162951535 0.3090169943749474 0
    outer loop
      vertex -6.7800821279004175 1.740829210153984 -1.9000000000000004
      vertex -6.50843540121776 2.576871868792745 3
      vertex -6.50843540121776 2.576871868792745 -1.9000000000000004
    endloop
  endfacet
  facet normal -0.9048270524660196 0.42577929156507277 0
    outer loop
      vertex -6.50843540121776 2.576871868792745 -1.9000000000000004
      vertex -6.134146760307044 3.372275718712008 3
      vertex -6.134146760307044 3.372275718712008 -1.9000000000000004
    endloop
  endfacet
  facet normal -0.8443279255020152 0.5358267949789963 0
    outer loop
      vertex -6.134146760307044 3.372275718712008 -1.9000000000000004
      vertex -5.663118960624632 4.114496766047312 3
      vertex -5.663118960624632 4.114496766047312 -1.9000000000000004
    endloop
  endfacet
  facet normal -0.7705132427757891 0.6374239897486896 0
    outer loop
      vertex -5.663118960624632 4.114496766047312 -1.9000000000000004
      vertex -5.1027803919498815 4.79182974150082 3
      vertex -5.1027803919498815 4.79182974150082 -1.9000000000000004
    endloop
  endfacet
  facet normal -0.6845471059286895 0.7289686274214108 0
    outer loop
      vertex -5.1027803919498815 4.79182974150082 -1.9000000000000004
      vertex -5.1027803919498815 4.79182974150082 3
      vertex -4.461967928240828 5.393592699430526 -1.9000000000000004
    endloop
  endfacet
  facet normal -0.5877852522924721 0.8090169943749482 0
    outer loop
      vertex -4.461967928240828 5.393592699430526 -1.9000000000000004
      vertex -4.461967928240828 5.393592699430526 3
      vertex -3.7507875648529776 5.910295478514104 -1.9000000000000004
    endloop
  endfacet
  facet normal 1.2229854620814819e-15 0 -1
    outer loop
      vertex -2.1631189606246317 -6.657395614066075 -1.9000000000000004
      vertex -2.1631189606246317 6.657395614066075 -1.9000000000000004
      vertex -1.8 0 -1.9
    endloop
  endfacet
  facet normal 0 0 -1
    outer loop
      vertex -3.7507875648529776 -5.910295478514104 -1.9000000000000004
      vertex -3.7507875648529776 5.910295478514104 -1.9000000000000004
      vertex -2.980455040955509 6.333789367262137 -1.9000000000000004
    endloop
  endfacet
  facet normal 0 0 -1
    outer loop
      vertex -2.980455040955507 -6.333789367262137 -1.9000000000000004
      vertex -2.980455040955509 6.333789367262137 -1.9000000000000004
      vertex -2.1631189606246317 6.657395614066075 -1.9000000000000004
    endloop
  endfacet
  facet normal 5.679131329721861e-16 -3.5730065789922907e-17 -1
    outer loop
      vertex -2.1631189606246317 6.657395614066075 -1.9000000000000004
      vertex -1.78580646236606 0.22559982041574733 -1.9
      vertex -1.8 0 -1.9
    endloop
  endfacet
  facet normal 2.768216313347655e-16 -5.2806550371893486e-17 -1
    outer loop
      vertex -2.1631189606246317 6.657395614066075 -1.9000000000000004
      vertex -1.743449690031536 0.4476417968967387 -1.9
      vertex -1.78580646236606 0.22559982041574733 -1.9
    endloop
  endfacet
  facet normal 2.6802039437759253e-16 -8.708510512539098e-17 -1
    outer loop
      vertex -1.311669202100072 6.876010755100821 -1.9000000000000004
      vertex -1.6735976745988526 0.6626241948324202 -1.9
      vertex -1.743449690031536 0.4476417968967387 -1.9
    endloop
  endfacet
  facet normal 1.7334577077805856e-16 -8.157032802736094e-17 -1
    outer loop
      vertex -1.311669202100072 6.876010755100821 -1.9000000000000004
      vertex -1.5773520240789543 0.8671566133830877 -1.9
      vertex -1.6735976745988526 0.6626241948324202 -1.9
    endloop
  endfacet
  facet normal 1.2517834705731066e-16 -7.944059467724792e-17 -1
    outer loop
      vertex -1.311669202100072 6.876010755100821 -1.9000000000000004
      vertex -1.4562305898749055 1.0580134541264516 -1.9
      vertex -1.5773520240789543 0.8671566133830877 -1.9
    endloop
  endfacet
  facet normal 9.512451022405542e-17 -7.869383868273307e-17 -1
    outer loop
      vertex -1.311669202100072 6.876010755100821 -1.9000000000000004
      vertex -1.312143529358541 1.2321847906716394 -1.9
      vertex -1.4562305898749055 1.0580134541264516 -1.9
    endloop
  endfacet
  facet normal 7.389675800571721e-17 -7.869205462674398e-17 -1
    outer loop
      vertex -1.311669202100072 6.876010755100821 -1.9000000000000004
      vertex -1.1473631815476413 1.386923836996421 -1.9
      vertex -1.312143529358541 1.2321847906716394 -1.9
    endloop
  endfacet
  facet normal 5.752908443940803e-17 -7.918199172366104e-17 -1
    outer loop
      vertex -1.311669202100072 6.876010755100821 -1.9000000000000004
      vertex -0.9644882309621942 1.5197902659036269 -1.9
      vertex -1.1473631815476413 1.386923836996421 -1.9
    endloop
  endfacet
  facet normal 4.71513153627105e-17 -8.576792424519034e-17 -1
    outer loop
      vertex -0.43953363670519296 6.986187098997901 -1.9000000000000004
      vertex -0.7664027248171309 1.628688694438835 -1.9
      vertex -0.9644882309621942 1.5197902659036269 -1.9
    endloop
  endfacet
  facet normal 3.3631332498608127e-17 -8.494304962342332e-17 -1
    outer loop
      vertex -0.43953363670519296 6.986187098997901 -1.9000000000000004
      vertex -0.5562305898749054 1.7119017293312764 -1.9
      vertex -0.7664027248171309 1.628688694438835 -1.9
    endloop
  endfacet
  facet normal 2.1742126877934596e-17 -8.467999330881431e-17 -1
    outer loop
      vertex -0.43953363670519296 6.986187098997901 -1.9000000000000004
      vertex -0.33728636625430425 1.7681170513116398 -1.9
      vertex -0.5562305898749054 1.7119017293312764 -1.9
    endloop
  endfacet
  facet normal 1.80486918227284e-17 -7.029501351740224e-17 -1
    outer loop
      vertex -2.1631189606246317 6.657395614066075 -1.9000000000000004
      vertex -1.311669202100072 6.876010755100821 -1.9000000000000004
      vertex -1.743449690031536 0.4476417968967387 -1.9
    endloop
  endfacet
  facet normal 1.0389016003095919e-17 -8.223752962995771e-17 -1
    outer loop
      vertex -1.311669202100072 6.876010755100821 -1.9000000000000004
      vertex -0.43953363670519296 6.986187098997901 -1.9000000000000004
      vertex -0.9644882309621942 1.5197902659036269 -1.9
    endloop
  endfacet
  facet normal 1.0724843155326215e-17 -8.489587526864334e-17 -1
    outer loop
      vertex -0.43953363670519296 6.986187098997901 -1.9000000000000004
      vertex -0.1130229351527639 1.7964481111708888 -1.9
      vertex -0.33728636625430425 1.7681170513116398 -1.9
    endloop
  endfacet
  facet normal 0 -8.557062520710827e-17 -1
    outer loop
      vertex -0.43953363670519296 6.986187098997901 -1.9000000000000004
      vertex 0.1130229351527639 1.7964481111708888 -1.9
      vertex -0.1130229351527639 1.7964481111708888 -1.9
    endloop
  endfacet
  facet normal -0.48175367410171566 0.8763066800438634 0
    outer loop
      vertex -3.7507875648529776 5.910295478514104 -1.9000000000000004
      vertex -3.7507875648529776 5.910295478514104 3
      vertex -2.980455040955509 6.333789367262137 -1.9000000000000004
    endloop
  endfacet
  facet normal -0.36812455268467753 0.9297764858882517 0
    outer loop
      vertex -2.980455040955509 6.333789367262137 -1.9000000000000004
      vertex -2.980455040955509 6.333789367262137 3
      vertex -2.1631189606246317 6.657395614066075 -1.9000000000000004
    endloop
  endfacet
  facet normal -0.24868988716485535 0.968583161128631 0
    outer loop
      vertex -2.1631189606246317 6.657395614066075 -1.9000000000000004
      vertex -2.1631189606246317 6.657395614066075 3
      vertex -1.311669202100072 6.876010755100821 -1.9000000000000004
    endloop
  endfacet
  facet normal -0.12533323356430376 0.9921147013144779 0
    outer loop
      vertex -1.311669202100072 6.876010755100821 -1.9000000000000004
      vertex -1.311669202100072 6.876010755100821 3
      vertex -0.43953363670519296 6.986187098997901 -1.9000000000000004
    endloop
  endfacet
  facet normal 0 1 0
    outer loop
      vertex -0.43953363670519296 6.986187098997901 -1.9000000000000004
      vertex -0.43953363670519296 6.986187098997901 3
      vertex 0.43953363670519296 6.986187098997901 -1.9000000000000004
    endloop
  endfacet
  facet normal -0.9980267284282716 0.06279051952931272 0
    outer loop
      vertex -7 0 -1.9000000000000004
      vertex -7 0 3
      vertex -6.9448029092013455 0.8773326349501285 3
    endloop
  endfacet
  facet normal -0.9822872507286885 0.1873813145857253 0
    outer loop
      vertex -6.9448029092013455 0.8773326349501285 -1.9000000000000004
      vertex -6.9448029092013455 0.8773326349501285 3
      vertex -6.7800821279004175 1.740829210153984 3
    endloop
  endfacet
  facet normal -0.9510565162951535 0.3090169943749474 0
    outer loop
      vertex -6.7800821279004175 1.740829210153984 -1.9000000000000004
      vertex -6.7800821279004175 1.740829210153984 3
      vertex -6.50843540121776 2.576871868792745 3
    endloop
  endfacet
  facet normal -0.9048270524660196 0.42577929156507277 0
    outer loop
      vertex -6.50843540121776 2.576871868792745 -1.9000000000000004
      vertex -6.50843540121776 2.576871868792745 3
      vertex -6.134146760307044 3.372275718712008 3
    endloop
  endfacet
  facet normal 0 0 1
    outer loop
      vertex -6.9448029092013455 -0.8773326349501285 3
      vertex -6.9448029092013455 0.8773326349501285 3
      vertex -7 0 3
    endloop
  endfacet
  facet normal 0 0 1
    outer loop
      vertex -6.7800821279004175 -1.740829210153984 3
      vertex -6.7800821279004175 1.740829210153984 3
      vertex -6.9448029092013455 0.8773326349501285 3
    endloop
  endfacet
  facet normal 0 0 1
    outer loop
      vertex -6.50843540121776 -2.576871868792745 3
      vertex -6.50843540121776 2.576871868792745 3
      vertex -6.7800821279004175 1.740829210153984 3
    endloop
  endfacet
  facet normal 0 0 1
    outer loop
      vertex -6.134146760307044 -3.372275718712008 3
      vertex -6.134146760307044 3.372275718712008 3
      vertex -6.50843540121776 2.576871868792745 3
    endloop
  endfacet
  facet normal 0 0 1
    outer loop
      vertex -5.663118960624632 -4.114496766047312 3
      vertex -5.663118960624632 4.114496766047312 3
      vertex -6.134146760307044 3.372275718712008 3
    endloop
  endfacet
  facet normal 0 0 1
    outer loop
      vertex -5.1027803919498815 -4.79182974150082 3
      vertex -5.1027803919498815 4.79182974150082 3
      vertex -5.663118960624632 4.114496766047312 3
    endloop
  endfacet
  facet normal 0 0 1
    outer loop
      vertex -5.1027803919498815 -4.79182974150082 3
      vertex -5 0 3
      vertex -5.1027803919498815 4.79182974150082 3
    endloop
  endfacet
  facet normal 0 0 1
    outer loop
      vertex -5.1027803919498815 4.79182974150082 3
      vertex -5 0 3
      vertex -4.9605735065723895 0.6266661678215203 3
    endloop
  endfacet
  facet normal 0 0 1
    outer loop
      vertex -5.1027803919498815 4.79182974150082 3
      vertex -4.9605735065723895 0.6266661678215203 3
      vertex -4.842915805643155 1.2434494358242743 3
    endloop
  endfacet
  facet normal 0 0 1
    outer loop
      vertex -5.1027803919498815 4.79182974150082 3
      vertex -4.842915805643155 1.2434494358242743 3
      vertex -4.648882429441257 1.8406227634233894 3
    endloop
  endfacet
  facet normal 0 0 1
    outer loop
      vertex -5.1027803919498815 4.79182974150082 3
      vertex -4.648882429441257 1.8406227634233894 3
      vertex -4.381533400219317 2.408768370508577 3
    endloop
  endfacet
  facet normal -0.8443279255020152 0.5358267949789963 0
    outer loop
      vertex -6.134146760307044 3.372275718712008 -1.9000000000000004
      vertex -6.134146760307044 3.372275718712008 3
      vertex -5.663118960624632 4.114496766047312 3
    endloop
  endfacet
  facet normal -0.7705132427757891 0.6374239897486896 0
    outer loop
      vertex -5.663118960624632 4.114496766047312 -1.9000000000000004
      vertex -5.663118960624632 4.114496766047312 3
      vertex -5.1027803919498815 4.79182974150082 3
    endloop
  endfacet
  facet normal -0.6845471059286895 0.7289686274214108 0
    outer loop
      vertex -4.461967928240828 5.393592699430526 -1.9000000000000004
      vertex -5.1027803919498815 4.79182974150082 3
      vertex -4.461967928240828 5.393592699430526 3
    endloop
  endfacet
  facet normal -0.5877852522924721 0.8090169943749482 0
    outer loop
      vertex -3.7507875648529776 5.910295478514104 -1.9000000000000004
      vertex -4.461967928240828 5.393592699430526 3
      vertex -3.7507875648529776 5.910295478514104 3
    endloop
  endfacet
  facet normal 0 0 1
    outer loop
      vertex -5.1027803919498815 4.79182974150082 3
      vertex -4.381533400219317 2.408768370508577 3
      vertex -4.461967928240828 5.393592699430526 3
    endloop
  endfacet
  facet normal 0 0 1
    outer loop
      vertex -4.461967928240828 5.393592699430526 3
      vertex -4.381533400219317 2.408768370508577 3
      vertex -4.045084971874737 2.938926261462366 3
    endloop
  endfacet
  facet normal 0 0 1
    outer loop
      vertex -4.461967928240828 5.393592699430526 3
      vertex -4.045084971874737 2.938926261462366 3
      vertex -3.6448431371070584 3.4227355296434423 3
    endloop
  endfacet
  facet normal 0 0 1
    outer loop
      vertex -4.461967928240828 5.393592699430526 3
      vertex -3.6448431371070584 3.4227355296434423 3
      vertex -3.7507875648529776 5.910295478514104 3
    endloop
  endfacet
  facet normal 0 0 1
    outer loop
      vertex -3.7507875648529776 5.910295478514104 3
      vertex -3.6448431371070584 3.4227355296434423 3
      vertex -3.1871199487434483 3.852566213878947 3
    endloop
  endfacet
  facet normal -0.48175367410171566 0.8763066800438634 0
    outer loop
      vertex -2.980455040955509 6.333789367262137 -1.9000000000000004
      vertex -3.7507875648529776 5.910295478514104 3
      vertex -2.980455040955509 6.333789367262137 3
    endloop
  endfacet
  facet normal -0.36812455268467753 0.9297764858882517 0
    outer loop
      vertex -2.1631189606246317 6.657395614066075 -1.9000000000000004
      vertex -2.980455040955509 6.333789367262137 3
      vertex -2.1631189606246317 6.657395614066075 3
    endloop
  endfacet
  facet normal -0.24868988716485535 0.968583161128631 0
    outer loop
      vertex -1.311669202100072 6.876010755100821 -1.9000000000000004
      vertex -2.1631189606246317 6.657395614066075 3
      vertex -1.311669202100072 6.876010755100821 3
    endloop
  endfacet
  facet normal -0.12533323356430376 0.9921147013144779 0
    outer loop
      vertex -0.43953363670519296 6.986187098997901 -1.9000000000000004
      vertex -1.311669202100072 6.876010755100821 3
      vertex -0.43953363670519296 6.986187098997901 3
    endloop
  endfacet
  facet normal 0 0 1
    outer loop
      vertex -3.7507875648529776 5.910295478514104 3
      vertex -3.1871199487434483 3.852566213878947 3
      vertex -2.6791339748949836 4.221639627510075 3
    endloop
  endfacet
  facet normal 0 0 1
    outer loop
      vertex -2.980455040955509 6.333789367262137 3
      vertex -2.6791339748949836 4.221639627510075 3
      vertex -2.1288964578253635 4.524135262330097 3
    endloop
  endfacet
  facet normal 0 0 1
    outer loop
      vertex -3.7507875648529776 5.910295478514104 3
      vertex -2.6791339748949836 4.221639627510075 3
      vertex -2.980455040955509 6.333789367262137 3
    endloop
  endfacet
  facet normal 0 0 1
    outer loop
      vertex -2.980455040955509 6.333789367262137 3
      vertex -2.1288964578253635 4.524135262330097 3
      vertex -2.1631189606246317 6.657395614066075 3
    endloop
  endfacet
  facet normal 0 0 1
    outer loop
      vertex -2.1631189606246317 6.657395614066075 3
      vertex -2.1288964578253635 4.524135262330097 3
      vertex -1.545084971874737 4.755282581475767 3
    endloop
  endfacet
  facet normal 0 0 1
    outer loop
      vertex -2.1631189606246317 6.657395614066075 3
      vertex -1.545084971874737 4.755282581475767 3
      vertex -0.9369065729286229 4.911436253643443 3
    endloop
  endfacet
  facet normal 0 0 1
    outer loop
      vertex -2.1631189606246317 6.657395614066075 3
      vertex -0.9369065729286229 4.911436253643443 3
      vertex -1.311669202100072 6.876010755100821 3
    endloop
  endfacet
  facet normal 0 0 1
    outer loop
      vertex -1.311669202100072 6.876010755100821 3
      vertex -0.9369065729286229 4.911436253643443 3
      vertex -0.31395259764656597 4.990133642141358 3
    endloop
  endfacet
  facet normal 0 0 1
    outer loop
      vertex -1.311669202100072 6.876010755100821 3
      vertex -0.31395259764656597 4.990133642141358 3
      vertex -0.43953363670519296 6.986187098997901 3
    endloop
  endfacet
  facet normal 0 0 1
    outer loop
      vertex -0.43953363670519296 6.986187098997901 3
      vertex -0.31395259764656597 4.990133642141358 3
      vertex 0.43953363670519296 6.986187098997901 3
    endloop
  endfacet
  facet normal 0 0 -1
    outer loop
      vertex 0.43953363670519635 -6.986187098997901 -1.9000000000000004
      vertex -0.11302293515276478 -1.7964481111708888 -1.9000000000000004
      vertex 0.11302293515276478 -1.7964481111708888 -1.9000000000000004
    endloop
  endfacet
  facet normal 0 0 -1
    outer loop
      vertex 0.43953363670519635 -6.986187098997901 -1.9000000000000004
      vertex 0.11302293515276478 -1.7964481111708888 -1.9000000000000004
      vertex 0.3372863662543047 -1.7681170513116395 -1.9000000000000004
    endloop
  endfacet
  facet normal 0 0 -1
    outer loop
      vertex 0.43953363670519635 -6.986187098997901 -1.9000000000000004
      vertex 0.9644882309621932 -1.5197902659036275 -1.9000000000000004
      vertex 1.3116692021000738 -6.87601075510082 -1.9000000000000004
    endloop
  endfacet
  facet normal 0 0 -1
    outer loop
      vertex 1.3116692021000738 -6.87601075510082 -1.9000000000000004
      vertex 1.7434496900315362 -0.447641796896738 -1.9000000000000004
      vertex 2.1631189606246317 -6.657395614066075 -1.9000000000000004
    endloop
  endfacet
  facet normal 0 -1 0
    outer loop
      vertex -0.43953363670519635 -6.986187098997901 -1.9000000000000004
      vertex 0.43953363670519635 -6.986187098997901 -1.9000000000000004
      vertex 0.43953363670519635 -6.986187098997901 3
    endloop
  endfacet
  facet normal 0.12533323356430495 -0.9921147013144777 0
    outer loop
      vertex 0.43953363670519635 -6.986187098997901 -1.9000000000000004
      vertex 1.3116692021000738 -6.87601075510082 -1.9000000000000004
      vertex 1.3116692021000738 -6.87601075510082 3
    endloop
  endfacet
  facet normal 0.24868988716485493 -0.9685831611286311 0
    outer loop
      vertex 1.3116692021000738 -6.87601075510082 -1.9000000000000004
      vertex 2.1631189606246317 -6.657395614066075 -1.9000000000000004
      vertex 2.1631189606246317 -6.657395614066075 3
    endloop
  endfacet
  facet normal 0.36812455268467814 -0.9297764858882513 0
    outer loop
      vertex 2.1631189606246317 -6.657395614066075 -1.9000000000000004
      vertex 2.980455040955507 -6.333789367262137 -1.9000000000000004
      vertex 2.980455040955507 -6.333789367262137 3
    endloop
  endfacet
  facet normal 0.48175367410171444 -0.876306680043864 0
    outer loop
      vertex 2.980455040955507 -6.333789367262137 -1.9000000000000004
      vertex 3.7507875648529736 -5.910295478514107 -1.9000000000000004
      vertex 3.7507875648529736 -5.910295478514107 3
    endloop
  endfacet
  facet normal 0 0 -1
    outer loop
      vertex 0.43953363670519635 -6.986187098997901 -1.9000000000000004
      vertex 0.3372863662543047 -1.7681170513116395 -1.9000000000000004
      vertex 0.5562305898749054 -1.7119017293312764 -1.9000000000000004
    endloop
  endfacet
  facet normal 0 0 -1
    outer loop
      vertex 0.43953363670519635 -6.986187098997901 -1.9000000000000004
      vertex 0.5562305898749054 -1.7119017293312764 -1.9000000000000004
      vertex 0.7664027248171305 -1.6286886944388352 -1.9000000000000004
    endloop
  endfacet
  facet normal 0 0 -1
    outer loop
      vertex 0.43953363670519635 -6.986187098997901 -1.9000000000000004
      vertex 0.7664027248171305 -1.6286886944388352 -1.9000000000000004
      vertex 0.9644882309621932 -1.5197902659036275 -1.9000000000000004
    endloop
  endfacet
  facet normal 0 0 -1
    outer loop
      vertex 1.3116692021000738 -6.87601075510082 -1.9000000000000004
      vertex 0.9644882309621932 -1.5197902659036275 -1.9000000000000004
      vertex 1.147363181547642 -1.3869238369964203 -1.9000000000000004
    endloop
  endfacet
  facet normal 0 0 -1
    outer loop
      vertex 1.3116692021000738 -6.87601075510082 -1.9000000000000004
      vertex 1.147363181547642 -1.3869238369964203 -1.9000000000000004
      vertex 1.312143529358541 -1.2321847906716394 -1.9000000000000004
    endloop
  endfacet
  facet normal 0 0 -1
    outer loop
      vertex 1.3116692021000738 -6.87601075510082 -1.9000000000000004
      vertex 1.312143529358541 -1.2321847906716394 -1.9000000000000004
      vertex 1.4562305898749055 -1.0580134541264516 -1.9000000000000004
    endloop
  endfacet
  facet normal 0 0 -1
    outer loop
      vertex 1.3116692021000738 -6.87601075510082 -1.9000000000000004
      vertex 1.4562305898749055 -1.0580134541264516 -1.9000000000000004
      vertex 1.5773520240789543 -0.8671566133830877 -1.9000000000000004
    endloop
  endfacet
  facet normal 0 0 -1
    outer loop
      vertex 1.3116692021000738 -6.87601075510082 -1.9000000000000004
      vertex 1.5773520240789543 -0.8671566133830877 -1.9000000000000004
      vertex 1.6735976745988523 -0.6626241948324211 -1.9000000000000004
    endloop
  endfacet
  facet normal 0 0 -1
    outer loop
      vertex 1.3116692021000738 -6.87601075510082 -1.9000000000000004
      vertex 1.6735976745988523 -0.6626241948324211 -1.9000000000000004
      vertex 1.7434496900315362 -0.447641796896738 -1.9000000000000004
    endloop
  endfacet
  facet normal 0 0 -1
    outer loop
      vertex 2.1631189606246317 -6.657395614066075 -1.9000000000000004
      vertex 1.7434496900315362 -0.447641796896738 -1.9000000000000004
      vertex 1.78580646236606 -0.22559982041574733 -1.9000000000000004
    endloop
  endfacet
  facet normal 0 0 -1
    outer loop
      vertex 2.1631189606246317 -6.657395614066075 -1.9000000000000004
      vertex 1.78580646236606 -0.22559982041574733 -1.9000000000000004
      vertex 1.8 0 -1.9000000000000004
    endloop
  endfacet
  facet normal 0 0 -1
    outer loop
      vertex 2.1631189606246317 -6.657395614066075 -1.9000000000000004
      vertex 2.980455040955509 6.333789367262137 -1.9000000000000004
      vertex 2.980455040955507 -6.333789367262137 -1.9000000000000004
    endloop
  endfacet
  facet normal 0 0 -1
    outer loop
      vertex 2.980455040955507 -6.333789367262137 -1.9000000000000004
      vertex 3.7507875648529767 5.910295478514105 -1.9000000000000004
      vertex 3.7507875648529736 -5.910295478514107 -1.9000000000000004
    endloop
  endfacet
  facet normal 0.587785252292473 -0.8090169943749476 0
    outer loop
      vertex 3.7507875648529736 -5.910295478514107 -1.9000000000000004
      vertex 4.4619679282408296 -5.393592699430523 -1.9000000000000004
      vertex 4.4619679282408296 -5.393592699430523 3
    endloop
  endfacet
  facet normal 0.684547105928689 -0.7289686274214116 0
    outer loop
      vertex 4.4619679282408296 -5.393592699430523 -1.9000000000000004
      vertex 5.1027803919498815 -4.79182974150082 -1.9000000000000004
      vertex 5.1027803919498815 -4.79182974150082 3
    endloop
  endfacet
  facet normal 0.7705132427757891 -0.6374239897486896 0
    outer loop
      vertex 5.1027803919498815 -4.79182974150082 -1.9000000000000004
      vertex 5.663118960624632 -4.114496766047312 -1.9000000000000004
      vertex 5.1027803919498815 -4.79182974150082 3
    endloop
  endfacet
  facet normal 0.8443279255020152 -0.5358267949789963 0
    outer loop
      vertex 5.663118960624632 -4.114496766047312 -1.9000000000000004
      vertex 6.134146760307044 -3.372275718712008 -1.9000000000000004
      vertex 5.663118960624632 -4.114496766047312 3
    endloop
  endfacet
  facet normal 0 0 -1
    outer loop
      vertex 3.7507875648529736 -5.910295478514107 -1.9000000000000004
      vertex 4.461967928240828 5.393592699430524 -1.9000000000000004
      vertex 4.4619679282408296 -5.393592699430523 -1.9000000000000004
    endloop
  endfacet
  facet normal 0 0 -1
    outer loop
      vertex 4.4619679282408296 -5.393592699430523 -1.9000000000000004
      vertex 5.102780391949881 4.7918297415008215 -1.9000000000000004
      vertex 5.1027803919498815 -4.79182974150082 -1.9000000000000004
    endloop
  endfacet
  facet normal 0 0 -1
    outer loop
      vertex 5.1027803919498815 -4.79182974150082 -1.9000000000000004
      vertex 5.663118960624632 4.114496766047312 -1.9000000000000004
      vertex 5.663118960624632 -4.114496766047312 -1.9000000000000004
    endloop
  endfacet
  facet normal 0 0 -1
    outer loop
      vertex 5.663118960624632 -4.114496766047312 -1.9000000000000004
      vertex 6.134146760307045 3.3722757187120074 -1.9000000000000004
      vertex 6.134146760307044 -3.372275718712008 -1.9000000000000004
    endloop
  endfacet
  facet normal 0 0 -1
    outer loop
      vertex 6.134146760307044 -3.372275718712008 -1.9000000000000004
      vertex 6.50843540121776 2.576871868792746 -1.9000000000000004
      vertex 6.508435401217759 -2.5768718687927485 -1.9000000000000004
    endloop
  endfacet
  facet normal 0 0 -1
    outer loop
      vertex 6.508435401217759 -2.5768718687927485 -1.9000000000000004
      vertex 6.7800821279004175 1.7408292101539835 -1.9000000000000004
      vertex 6.780082127900418 -1.740829210153981 -1.9000000000000004
    endloop
  endfacet
  facet normal 0 0 -1
    outer loop
      vertex 6.780082127900418 -1.740829210153981 -1.9000000000000004
      vertex 6.9448029092013455 0.8773326349501298 -1.9000000000000004
      vertex 6.9448029092013455 -0.8773326349501285 -1.9000000000000004
    endloop
  endfacet
  facet normal 0.9048270524660191 -0.42577929156507344 0
    outer loop
      vertex 6.134146760307044 -3.372275718712008 -1.9000000000000004
      vertex 6.508435401217759 -2.5768718687927485 -1.9000000000000004
      vertex 6.134146760307044 -3.372275718712008 3
    endloop
  endfacet
  facet normal 0.9510565162951536 -0.30901699437494706 0
    outer loop
      vertex 6.508435401217759 -2.5768718687927485 -1.9000000000000004
      vertex 6.780082127900418 -1.740829210153981 -1.9000000000000004
      vertex 6.508435401217759 -2.5768718687927485 3
    endloop
  endfacet
  facet normal 0.9822872507286885 -0.1873813145857249 0
    outer loop
      vertex 6.780082127900418 -1.740829210153981 -1.9000000000000004
      vertex 6.9448029092013455 -0.8773326349501285 -1.9000000000000004
      vertex 6.780082127900418 -1.740829210153981 3
    endloop
  endfacet
  facet normal 0.9980267284282716 -0.06279051952931272 0
    outer loop
      vertex 6.9448029092013455 -0.8773326349501285 -1.9000000000000004
      vertex 7 0 -1.9000000000000004
      vertex 6.9448029092013455 -0.8773326349501285 3
    endloop
  endfacet
  facet normal 0.12533323356430495 -0.9921147013144777 0
    outer loop
      vertex 0.43953363670519635 -6.986187098997901 -1.9000000000000004
      vertex 1.3116692021000738 -6.87601075510082 3
      vertex 0.43953363670519635 -6.986187098997901 3
    endloop
  endfacet
  facet normal 0.24868988716485493 -0.9685831611286311 0
    outer loop
      vertex 1.3116692021000738 -6.87601075510082 -1.9000000000000004
      vertex 2.1631189606246317 -6.657395614066075 3
      vertex 1.3116692021000738 -6.87601075510082 3
    endloop
  endfacet
  facet normal 0.36812455268467814 -0.9297764858882513 0
    outer loop
      vertex 2.1631189606246317 -6.657395614066075 -1.9000000000000004
      vertex 2.980455040955507 -6.333789367262137 3
      vertex 2.1631189606246317 -6.657395614066075 3
    endloop
  endfacet
  facet normal 0.48175367410171444 -0.876306680043864 0
    outer loop
      vertex 2.980455040955507 -6.333789367262137 -1.9000000000000004
      vertex 3.7507875648529736 -5.910295478514107 3
      vertex 2.980455040955507 -6.333789367262137 3
    endloop
  endfacet
  facet normal 0 0 1
    outer loop
      vertex 0.43953363670519635 -6.986187098997901 3
      vertex 1.3116692021000738 -6.87601075510082 3
      vertex 0.3139525976465688 -4.990133642141358 3
    endloop
  endfacet
  facet normal 0 0 1
    outer loop
      vertex 0.43953363670519635 -6.986187098997901 3
      vertex 0.3139525976465688 -4.990133642141358 3
      vertex -0.3139525976465688 -4.990133642141358 3
    endloop
  endfacet
  facet normal 0 0 1
    outer loop
      vertex 1.3116692021000738 -6.87601075510082 3
      vertex 0.9369065729286241 -4.911436253643443 3
      vertex 0.3139525976465688 -4.990133642141358 3
    endloop
  endfacet
  facet normal 0 0 1
    outer loop
      vertex 1.3116692021000738 -6.87601075510082 3
      vertex 2.1631189606246317 -6.657395614066075 3
      vertex 0.9369065729286241 -4.911436253643443 3
    endloop
  endfacet
  facet normal 0 0 1
    outer loop
      vertex 2.1631189606246317 -6.657395614066075 3
      vertex 1.545084971874737 -4.755282581475767 3
      vertex 0.9369065729286241 -4.911436253643443 3
    endloop
  endfacet
  facet normal 0 0 1
    outer loop
      vertex 2.1631189606246317 -6.657395614066075 3
      vertex 2.128896457825362 -4.524135262330098 3
      vertex 1.545084971874737 -4.755282581475767 3
    endloop
  endfacet
  facet normal 0 0 1
    outer loop
      vertex 2.1631189606246317 -6.657395614066075 3
      vertex 2.980455040955507 -6.333789367262137 3
      vertex 2.128896457825362 -4.524135262330098 3
    endloop
  endfacet
  facet normal 0 0 1
    outer loop
      vertex 2.980455040955507 -6.333789367262137 3
      vertex 3.7507875648529736 -5.910295478514107 3
      vertex 2.679133974894981 -4.2216396275100765 3
    endloop
  endfacet
  facet normal 0 0 1
    outer loop
      vertex 2.980455040955507 -6.333789367262137 3
      vertex 2.679133974894981 -4.2216396275100765 3
      vertex 2.128896457825362 -4.524135262330098 3
    endloop
  endfacet
  facet normal 0 0 1
    outer loop
      vertex 3.7507875648529736 -5.910295478514107 3
      vertex 3.18711994874345 -3.852566213878945 3
      vertex 2.679133974894981 -4.2216396275100765 3
    endloop
  endfacet
  facet normal 0.587785252292473 -0.8090169943749476 0
    outer loop
      vertex 3.7507875648529736 -5.910295478514107 -1.9000000000000004
      vertex 4.4619679282408296 -5.393592699430523 3
      vertex 3.7507875648529736 -5.910295478514107 3
    endloop
  endfacet
  facet normal 0.684547105928689 -0.7289686274214116 0
    outer loop
      vertex 4.4619679282408296 -5.393592699430523 -1.9000000000000004
      vertex 5.1027803919498815 -4.79182974150082 3
      vertex 4.4619679282408296 -5.393592699430523 3
    endloop
  endfacet
  facet normal 0.7705132427757891 -0.6374239897486896 0
    outer loop
      vertex 5.663118960624632 -4.114496766047312 -1.9000000000000004
      vertex 5.663118960624632 -4.114496766047312 3
      vertex 5.1027803919498815 -4.79182974150082 3
    endloop
  endfacet
  facet normal 0.8443279255020152 -0.5358267949789963 0
    outer loop
      vertex 6.134146760307044 -3.372275718712008 -1.9000000000000004
      vertex 6.134146760307044 -3.372275718712008 3
      vertex 5.663118960624632 -4.114496766047312 3
    endloop
  endfacet
  facet normal 0 0 1
    outer loop
      vertex 3.7507875648529736 -5.910295478514107 3
      vertex 3.6448431371070584 -3.4227355296434423 3
      vertex 3.18711994874345 -3.852566213878945 3
    endloop
  endfacet
  facet normal 0 0 1
    outer loop
      vertex 3.7507875648529736 -5.910295478514107 3
      vertex 4.4619679282408296 -5.393592699430523 3
      vertex 3.6448431371070584 -3.4227355296434423 3
    endloop
  endfacet
  facet normal 0 0 1
    outer loop
      vertex 4.4619679282408296 -5.393592699430523 3
      vertex 4.045084971874737 -2.938926261462366 3
      vertex 3.6448431371070584 -3.4227355296434423 3
    endloop
  endfacet
  facet normal 0 0 1
    outer loop
      vertex 4.4619679282408296 -5.393592699430523 3
      vertex 4.381533400219317 -2.408768370508577 3
      vertex 4.045084971874737 -2.938926261462366 3
    endloop
  endfacet
  facet normal 0 0 1
    outer loop
      vertex 4.4619679282408296 -5.393592699430523 3
      vertex 5.1027803919498815 -4.79182974150082 3
      vertex 4.381533400219317 -2.408768370508577 3
    endloop
  endfacet
  facet normal 0.9048270524660191 -0.42577929156507344 0
    outer loop
      vertex 6.508435401217759 -2.5768718687927485 -1.9000000000000004
      vertex 6.508435401217759 -2.5768718687927485 3
      vertex 6.134146760307044 -3.372275718712008 3
    endloop
  endfacet
  facet normal 0.9510565162951536 -0.30901699437494706 0
    outer loop
      vertex 6.780082127900418 -1.740829210153981 -1.9000000000000004
      vertex 6.780082127900418 -1.740829210153981 3
      vertex 6.508435401217759 -2.5768718687927485 3
    endloop
  endfacet
  facet normal 0.9822872507286885 -0.1873813145857249 0
    outer loop
      vertex 6.9448029092013455 -0.8773326349501285 -1.9000000000000004
      vertex 6.9448029092013455 -0.8773326349501285 3
      vertex 6.780082127900418 -1.740829210153981 3
    endloop
  endfacet
  facet normal 0.9980267284282716 -0.06279051952931272 0
    outer loop
      vertex 6.9448029092013455 -0.8773326349501285 3
      vertex 7 0 -1.9000000000000004
      vertex 7 0 3
    endloop
  endfacet
  facet normal 0 0 1
    outer loop
      vertex 5.1027803919498815 -4.79182974150082 3
      vertex 4.648882429441256 -1.8406227634233918 3
      vertex 4.381533400219317 -2.408768370508577 3
    endloop
  endfacet
  facet normal 0 0 1
    outer loop
      vertex 5.1027803919498815 -4.79182974150082 3
      vertex 4.842915805643156 -1.2434494358242723 3
      vertex 4.648882429441256 -1.8406227634233918 3
    endloop
  endfacet
  facet normal 0 0 1
    outer loop
      vertex 5.1027803919498815 -4.79182974150082 3
      vertex 4.9605735065723895 -0.6266661678215203 3
      vertex 4.842915805643156 -1.2434494358242723 3
    endloop
  endfacet
  facet normal 0 0 1
    outer loop
      vertex 5.1027803919498815 -4.79182974150082 3
      vertex 5 0 3
      vertex 4.9605735065723895 -0.6266661678215203 3
    endloop
  endfacet
  facet normal 0 0 1
    outer loop
      vertex 5.1027803919498815 -4.79182974150082 3
      vertex 5.663118960624632 -4.114496766047312 3
      vertex 5.102780391949881 4.7918297415008215 3
    endloop
  endfacet
  facet normal 0 0 1
    outer loop
      vertex 5.663118960624632 -4.114496766047312 3
      vertex 6.134146760307044 -3.372275718712008 3
      vertex 5.663118960624632 4.114496766047312 3
    endloop
  endfacet
  facet normal 0 0 1
    outer loop
      vertex 6.134146760307044 -3.372275718712008 3
      vertex 6.508435401217759 -2.5768718687927485 3
      vertex 6.134146760307045 3.3722757187120074 3
    endloop
  endfacet
  facet normal 0 0 1
    outer loop
      vertex 6.508435401217759 -2.5768718687927485 3
      vertex 6.780082127900418 -1.740829210153981 3
      vertex 6.50843540121776 2.576871868792746 3
    endloop
  endfacet
  facet normal 0 0 1
    outer loop
      vertex 6.780082127900418 -1.740829210153981 3
      vertex 6.9448029092013455 -0.8773326349501285 3
      vertex 6.7800821279004175 1.7408292101539835 3
    endloop
  endfacet
  facet normal -2.128054912738181e-17 -8.288226666285426e-17 -1
    outer loop
      vertex 1.311669202100072 6.876010755100821 -1.9000000000000004
      vertex 0.5562305898749054 1.7119017293312764 -1.9
      vertex 0.33728636625430425 1.7681170513116398 -1.9
    endloop
  endfacet
  facet normal -2.0294812516087814e-15 2.1089006544356993e-16 -1
    outer loop
      vertex 1.311669202100072 6.876010755100821 -1.9000000000000004
      vertex 0.7664027248171309 1.628688694438835 -1.9000000000000004
      vertex 0.5562305898749054 1.7119017293312764 -1.9
    endloop
  endfacet
  facet normal 2.120754677166984e-15 -2.2037458700491453e-16 -1
    outer loop
      vertex 1.311669202100072 6.876010755100821 -1.9000000000000004
      vertex 0.964488230962194 1.519790265903627 -1.9
      vertex 0.7664027248171309 1.628688694438835 -1.9000000000000004
    endloop
  endfacet
  facet normal -5.752908443940831e-17 -7.918199172366104e-17 -1
    outer loop
      vertex 1.311669202100072 6.876010755100821 -1.9000000000000004
      vertex 1.1473631815476415 1.3869238369964205 -1.9
      vertex 0.964488230962194 1.519790265903627 -1.9
    endloop
  endfacet
  facet normal 3.058129403418688e-15 -3.8607047166571293e-16 -1
    outer loop
      vertex 2.1631189606246317 6.657395614066075 -1.9000000000000004
      vertex 1.5773520240789545 0.8671566133830876 -1.9
      vertex 1.4562305898749055 1.0580134541264516 -1.9000000000000004
    endloop
  endfacet
  facet normal 0 0 -1
    outer loop
      vertex 2.1631189606246317 6.657395614066075 -1.9000000000000004
      vertex 1.4562305898749055 1.0580134541264516 -1.9000000000000004
      vertex 1.3121435293585408 1.2321847906716397 -1.9000000000000004
    endloop
  endfacet
  facet normal -2.349031385336807e-15 3.6845904449918904e-16 -1
    outer loop
      vertex 2.1631189606246317 6.657395614066075 -1.9000000000000004
      vertex 1.3121435293585408 1.2321847906716397 -1.9000000000000004
      vertex 1.1473631815476415 1.3869238369964205 -1.9
    endloop
  endfacet
  facet normal 0 0 -1
    outer loop
      vertex 2.1631189606246317 -6.657395614066075 -1.9000000000000004
      vertex 1.8 0 -1.9000000000000004
      vertex 2.1631189606246317 6.657395614066075 -1.9000000000000004
    endloop
  endfacet
  facet normal 0 0 -1
    outer loop
      vertex 2.1631189606246317 6.657395614066075 -1.9000000000000004
      vertex 1.8 0 -1.9000000000000004
      vertex 1.78580646236606 0.22559982041574766 -1.9000000000000004
    endloop
  endfacet
  facet normal 0 0 -1
    outer loop
      vertex 2.1631189606246317 6.657395614066075 -1.9000000000000004
      vertex 1.78580646236606 0.22559982041574766 -1.9000000000000004
      vertex 1.743449690031536 0.44764179689673866 -1.9000000000000004
    endloop
  endfacet
  facet normal 0 0 -1
    outer loop
      vertex 2.1631189606246317 6.657395614066075 -1.9000000000000004
      vertex 1.743449690031536 0.44764179689673866 -1.9000000000000004
      vertex 1.6735976745988526 0.6626241948324204 -1.9000000000000004
    endloop
  endfacet
  facet normal 0 0 -1
    outer loop
      vertex 2.1631189606246317 -6.657395614066075 -1.9000000000000004
      vertex 2.1631189606246317 6.657395614066075 -1.9000000000000004
      vertex 2.980455040955509 6.333789367262137 -1.9000000000000004
    endloop
  endfacet
  facet normal -3.931824368061937e-15 3.210650726241073e-16 -1
    outer loop
      vertex 2.1631189606246317 6.657395614066075 -1.9000000000000004
      vertex 1.6735976745988526 0.6626241948324204 -1.9000000000000004
      vertex 1.5773520240789545 0.8671566133830876 -1.9
    endloop
  endfacet
  facet normal 0 0 -1
    outer loop
      vertex 2.980455040955507 -6.333789367262137 -1.9000000000000004
      vertex 2.980455040955509 6.333789367262137 -1.9000000000000004
      vertex 3.7507875648529767 5.910295478514105 -1.9000000000000004
    endloop
  endfacet
  facet normal -1.0724843155326215e-17 -8.489587526864334e-17 -1
    outer loop
      vertex 0.43953363670519296 6.986187098997901 -1.9000000000000004
      vertex 0.33728636625430425 1.7681170513116398 -1.9
      vertex 0.1130229351527639 1.7964481111708888 -1.9
    endloop
  endfacet
  facet normal -1.0724843155325996e-17 -8.489587526864334e-17 -1
    outer loop
      vertex 0.43953363670519296 6.986187098997901 -1.9000000000000004
      vertex 1.311669202100072 6.876010755100821 -1.9000000000000004
      vertex 0.33728636625430425 1.7681170513116398 -1.9
    endloop
  endfacet
  facet normal -2.061419101772581e-17 -8.02869731764467e-17 -1
    outer loop
      vertex 1.311669202100072 6.876010755100821 -1.9000000000000004
      vertex 2.1631189606246317 6.657395614066075 -1.9000000000000004
      vertex 1.1473631815476415 1.3869238369964205 -1.9
    endloop
  endfacet
  facet normal 0 -8.557062520710827e-17 -1
    outer loop
      vertex -0.43953363670519296 6.986187098997901 -1.9000000000000004
      vertex 0.43953363670519296 6.986187098997901 -1.9000000000000004
      vertex 0.1130229351527639 1.7964481111708888 -1.9
    endloop
  endfacet
  facet normal 0.12533323356430376 0.9921147013144779 0
    outer loop
      vertex 0.43953363670519296 6.986187098997901 -1.9000000000000004
      vertex 0.43953363670519296 6.986187098997901 3
      vertex 1.311669202100072 6.876010755100821 -1.9000000000000004
    endloop
  endfacet
  facet normal 0.24868988716485535 0.968583161128631 0
    outer loop
      vertex 1.311669202100072 6.876010755100821 -1.9000000000000004
      vertex 1.311669202100072 6.876010755100821 3
      vertex 2.1631189606246317 6.657395614066075 -1.9000000000000004
    endloop
  endfacet
  facet normal 0.36812455268467753 0.9297764858882517 0
    outer loop
      vertex 2.1631189606246317 6.657395614066075 -1.9000000000000004
      vertex 2.1631189606246317 6.657395614066075 3
      vertex 2.980455040955509 6.333789367262137 -1.9000000000000004
    endloop
  endfacet
  facet normal 0.48175367410171543 0.8763066800438636 0
    outer loop
      vertex 2.980455040955509 6.333789367262137 -1.9000000000000004
      vertex 2.980455040955509 6.333789367262137 3
      vertex 3.7507875648529767 5.910295478514105 -1.9000000000000004
    endloop
  endfacet
  facet normal 0 0 -1
    outer loop
      vertex 4.4619679282408296 -5.393592699430523 -1.9000000000000004
      vertex 4.461967928240828 5.393592699430524 -1.9000000000000004
      vertex 5.102780391949881 4.7918297415008215 -1.9000000000000004
    endloop
  endfacet
  facet normal 0 0 -1
    outer loop
      vertex 3.7507875648529736 -5.910295478514107 -1.9000000000000004
      vertex 3.7507875648529767 5.910295478514105 -1.9000000000000004
      vertex 4.461967928240828 5.393592699430524 -1.9000000000000004
    endloop
  endfacet
  facet normal 0 0 -1
    outer loop
      vertex 5.1027803919498815 -4.79182974150082 -1.9000000000000004
      vertex 5.102780391949881 4.7918297415008215 -1.9000000000000004
      vertex 5.663118960624632 4.114496766047312 -1.9000000000000004
    endloop
  endfacet
  facet normal 0 0 -1
    outer loop
      vertex 5.663118960624632 -4.114496766047312 -1.9000000000000004
      vertex 5.663118960624632 4.114496766047312 -1.9000000000000004
      vertex 6.134146760307045 3.3722757187120074 -1.9000000000000004
    endloop
  endfacet
  facet normal 0 0 -1
    outer loop
      vertex 6.134146760307044 -3.372275718712008 -1.9000000000000004
      vertex 6.134146760307045 3.3722757187120074 -1.9000000000000004
      vertex 6.50843540121776 2.576871868792746 -1.9000000000000004
    endloop
  endfacet
  facet normal 0 0 -1
    outer loop
      vertex 6.9448029092013455 -0.8773326349501285 -1.9000000000000004
      vertex 6.9448029092013455 0.8773326349501298 -1.9000000000000004
      vertex 7 0 -1.9000000000000004
    endloop
  endfacet
  facet normal 0 0 -1
    outer loop
      vertex 6.780082127900418 -1.740829210153981 -1.9000000000000004
      vertex 6.7800821279004175 1.7408292101539835 -1.9000000000000004
      vertex 6.9448029092013455 0.8773326349501298 -1.9000000000000004
    endloop
  endfacet
  facet normal 0 0 -1
    outer loop
      vertex 6.508435401217759 -2.5768718687927485 -1.9000000000000004
      vertex 6.50843540121776 2.576871868792746 -1.9000000000000004
      vertex 6.7800821279004175 1.7408292101539835 -1.9000000000000004
    endloop
  endfacet
  facet normal 0.9980267284282716 0.06279051952931264 0
    outer loop
      vertex 7 0 -1.9000000000000004
      vertex 6.9448029092013455 0.8773326349501298 -1.9000000000000004
      vertex 7 0 3
    endloop
  endfacet
  facet normal 0.9822872507286885 0.18738131458572568 0
    outer loop
      vertex 6.9448029092013455 0.8773326349501298 -1.9000000000000004
      vertex 6.7800821279004175 1.7408292101539835 -1.9000000000000004
      vertex 6.9448029092013455 0.8773326349501298 3
    endloop
  endfacet
  facet normal 0.9510565162951538 0.30901699437494706 0
    outer loop
      vertex 6.7800821279004175 1.7408292101539835 -1.9000000000000004
      vertex 6.50843540121776 2.576871868792746 -1.9000000000000004
      vertex 6.7800821279004175 1.7408292101539835 3
    endloop
  endfacet
  facet normal 0.9048270524660195 0.42577929156507244 0
    outer loop
      vertex 6.50843540121776 2.576871868792746 -1.9000000000000004
      vertex 6.134146760307045 3.3722757187120074 -1.9000000000000004
      vertex 6.50843540121776 2.576871868792746 3
    endloop
  endfacet
  facet normal 0.6845471059286878 0.7289686274214124 0
    outer loop
      vertex 5.102780391949881 4.7918297415008215 -1.9000000000000004
      vertex 4.461967928240828 5.393592699430524 -1.9000000000000004
      vertex 4.461967928240828 5.393592699430524 3
    endloop
  endfacet
  facet normal 0.5877852522924737 0.809016994374947 0
    outer loop
      vertex 3.7507875648529767 5.910295478514105 -1.9000000000000004
      vertex 3.7507875648529767 5.910295478514105 3
      vertex 4.461967928240828 5.393592699430524 -1.9000000000000004
    endloop
  endfacet
  facet normal 0.7705132427757895 0.6374239897486892 0
    outer loop
      vertex 5.102780391949881 4.7918297415008215 -1.9000000000000004
      vertex 5.663118960624632 4.114496766047312 3
      vertex 5.663118960624632 4.114496766047312 -1.9000000000000004
    endloop
  endfacet
  facet normal 0.844327925502015 0.5358267949789969 0
    outer loop
      vertex 6.134146760307045 3.3722757187120074 -1.9000000000000004
      vertex 5.663118960624632 4.114496766047312 -1.9000000000000004
      vertex 6.134146760307045 3.3722757187120074 3
    endloop
  endfacet
  facet normal 0 1 0
    outer loop
      vertex -0.43953363670519296 6.986187098997901 3
      vertex 0.43953363670519296 6.986187098997901 3
      vertex 0.43953363670519296 6.986187098997901 -1.9000000000000004
    endloop
  endfacet
  facet normal 0.12533323356430376 0.9921147013144779 0
    outer loop
      vertex 1.311669202100072 6.876010755100821 -1.9000000000000004
      vertex 0.43953363670519296 6.986187098997901 3
      vertex 1.311669202100072 6.876010755100821 3
    endloop
  endfacet
  facet normal 0.24868988716485535 0.968583161128631 0
    outer loop
      vertex 2.1631189606246317 6.657395614066075 -1.9000000000000004
      vertex 1.311669202100072 6.876010755100821 3
      vertex 2.1631189606246317 6.657395614066075 3
    endloop
  endfacet
  facet normal 0.48175367410171543 0.8763066800438636 0
    outer loop
      vertex 3.7507875648529767 5.910295478514105 -1.9000000000000004
      vertex 2.980455040955509 6.333789367262137 3
      vertex 3.7507875648529767 5.910295478514105 3
    endloop
  endfacet
  facet normal 0.36812455268467753 0.9297764858882517 0
    outer loop
      vertex 2.980455040955509 6.333789367262137 -1.9000000000000004
      vertex 2.1631189606246317 6.657395614066075 3
      vertex 2.980455040955509 6.333789367262137 3
    endloop
  endfacet
  facet normal 0 0 1
    outer loop
      vertex 0.43953363670519296 6.986187098997901 3
      vertex -0.31395259764656597 4.990133642141358 3
      vertex 0.31395259764656636 4.990133642141358 3
    endloop
  endfacet
  facet normal 0 0 1
    outer loop
      vertex 0.43953363670519296 6.986187098997901 3
      vertex 0.31395259764656636 4.990133642141358 3
      vertex 0.9369065729286229 4.911436253643443 3
    endloop
  endfacet
  facet normal 0 0 1
    outer loop
      vertex 1.311669202100072 6.876010755100821 3
      vertex 0.9369065729286229 4.911436253643443 3
      vertex 1.545084971874737 4.755282581475767 3
    endloop
  endfacet
  facet normal 0 0 1
    outer loop
      vertex 1.311669202100072 6.876010755100821 3
      vertex 1.545084971874737 4.755282581475767 3
      vertex 2.1631189606246317 6.657395614066075 3
    endloop
  endfacet
  facet normal 0 0 1
    outer loop
      vertex 0.43953363670519296 6.986187098997901 3
      vertex 0.9369065729286229 4.911436253643443 3
      vertex 1.311669202100072 6.876010755100821 3
    endloop
  endfacet
  facet normal 0 0 1
    outer loop
      vertex 2.1631189606246317 6.657395614066075 3
      vertex 2.1288964578253635 4.524135262330097 3
      vertex 2.679133974894983 4.221639627510076 3
    endloop
  endfacet
  facet normal 0 0 1
    outer loop
      vertex 2.980455040955509 6.333789367262137 3
      vertex 2.679133974894983 4.221639627510076 3
      vertex 3.1871199487434487 3.8525662138789456 3
    endloop
  endfacet
  facet normal 0 0 1
    outer loop
      vertex 2.1631189606246317 6.657395614066075 3
      vertex 1.545084971874737 4.755282581475767 3
      vertex 2.1288964578253635 4.524135262330097 3
    endloop
  endfacet
  facet normal 0 0 1
    outer loop
      vertex 2.1631189606246317 6.657395614066075 3
      vertex 2.679133974894983 4.221639627510076 3
      vertex 2.980455040955509 6.333789367262137 3
    endloop
  endfacet
  facet normal 0 0 1
    outer loop
      vertex 2.980455040955509 6.333789367262137 3
      vertex 3.1871199487434487 3.8525662138789456 3
      vertex 3.7507875648529767 5.910295478514105 3
    endloop
  endfacet
  facet normal 0.9980267284282716 0.06279051952931264 0
    outer loop
      vertex 6.9448029092013455 0.8773326349501298 -1.9000000000000004
      vertex 6.9448029092013455 0.8773326349501298 3
      vertex 7 0 3
    endloop
  endfacet
  facet normal 0.9822872507286885 0.18738131458572568 0
    outer loop
      vertex 6.7800821279004175 1.7408292101539835 -1.9000000000000004
      vertex 6.7800821279004175 1.7408292101539835 3
      vertex 6.9448029092013455 0.8773326349501298 3
    endloop
  endfacet
  facet normal 0.9510565162951538 0.30901699437494706 0
    outer loop
      vertex 6.50843540121776 2.576871868792746 -1.9000000000000004
      vertex 6.50843540121776 2.576871868792746 3
      vertex 6.7800821279004175 1.7408292101539835 3
    endloop
  endfacet
  facet normal 0.9048270524660195 0.42577929156507244 0
    outer loop
      vertex 6.134146760307045 3.3722757187120074 -1.9000000000000004
      vertex 6.134146760307045 3.3722757187120074 3
      vertex 6.50843540121776 2.576871868792746 3
    endloop
  endfacet
  facet normal 0 0 1
    outer loop
      vertex 5.1027803919498815 -4.79182974150082 3
      vertex 5.102780391949881 4.7918297415008215 3
      vertex 5 0 3
    endloop
  endfacet
  facet normal 0 0 1
    outer loop
      vertex 5.102780391949881 4.7918297415008215 3
      vertex 4.9605735065723895 0.6266661678215213 3
      vertex 5 0 3
    endloop
  endfacet
  facet normal 0 0 1
    outer loop
      vertex 5.102780391949881 4.7918297415008215 3
      vertex 4.842915805643155 1.243449435824274 3
      vertex 4.9605735065723895 0.6266661678215213 3
    endloop
  endfacet
  facet normal 0 0 1
    outer loop
      vertex 4.461967928240828 5.393592699430524 3
      vertex 4.648882429441256 1.8406227634233898 3
      vertex 4.842915805643155 1.243449435824274 3
    endloop
  endfacet
  facet normal 0 0 1
    outer loop
      vertex 4.461967928240828 5.393592699430524 3
      vertex 4.381533400219318 2.4087683705085765 3
      vertex 4.648882429441256 1.8406227634233898 3
    endloop
  endfacet
  facet normal 0 0 1
    outer loop
      vertex 5.663118960624632 -4.114496766047312 3
      vertex 5.663118960624632 4.114496766047312 3
      vertex 5.102780391949881 4.7918297415008215 3
    endloop
  endfacet
  facet normal 0 0 1
    outer loop
      vertex 6.134146760307044 -3.372275718712008 3
      vertex 6.134146760307045 3.3722757187120074 3
      vertex 5.663118960624632 4.114496766047312 3
    endloop
  endfacet
  facet normal 0 0 1
    outer loop
      vertex 6.9448029092013455 -0.8773326349501285 3
      vertex 7 0 3
      vertex 6.9448029092013455 0.8773326349501298 3
    endloop
  endfacet
  facet normal 0 0 1
    outer loop
      vertex 6.780082127900418 -1.740829210153981 3
      vertex 6.7800821279004175 1.7408292101539835 3
      vertex 6.50843540121776 2.576871868792746 3
    endloop
  endfacet
  facet normal 0 0 1
    outer loop
      vertex 6.9448029092013455 -0.8773326349501285 3
      vertex 6.9448029092013455 0.8773326349501298 3
      vertex 6.7800821279004175 1.7408292101539835 3
    endloop
  endfacet
  facet normal 0 0 1
    outer loop
      vertex 6.508435401217759 -2.5768718687927485 3
      vertex 6.50843540121776 2.576871868792746 3
      vertex 6.134146760307045 3.3722757187120074 3
    endloop
  endfacet
  facet normal 0.6845471059286878 0.7289686274214124 0
    outer loop
      vertex 5.102780391949881 4.7918297415008215 -1.9000000000000004
      vertex 4.461967928240828 5.393592699430524 3
      vertex 5.102780391949881 4.7918297415008215 3
    endloop
  endfacet
  facet normal 0.5877852522924737 0.809016994374947 0
    outer loop
      vertex 4.461967928240828 5.393592699430524 -1.9000000000000004
      vertex 3.7507875648529767 5.910295478514105 3
      vertex 4.461967928240828 5.393592699430524 3
    endloop
  endfacet
  facet normal 0.844327925502015 0.5358267949789969 0
    outer loop
      vertex 5.663118960624632 4.114496766047312 -1.9000000000000004
      vertex 5.663118960624632 4.114496766047312 3
      vertex 6.134146760307045 3.3722757187120074 3
    endloop
  endfacet
  facet normal 0.7705132427757895 0.6374239897486892 0
    outer loop
      vertex 5.102780391949881 4.7918297415008215 -1.9000000000000004
      vertex 5.102780391949881 4.7918297415008215 3
      vertex 5.663118960624632 4.114496766047312 3
    endloop
  endfacet
  facet normal 0 0 1
    outer loop
      vertex 3.7507875648529767 5.910295478514105 3
      vertex 3.644843137107058 3.4227355296434436 3
      vertex 4.045084971874737 2.938926261462366 3
    endloop
  endfacet
  facet normal 0 0 1
    outer loop
      vertex 4.461967928240828 5.393592699430524 3
      vertex 4.045084971874737 2.938926261462366 3
      vertex 4.381533400219318 2.4087683705085765 3
    endloop
  endfacet
  facet normal 0 0 1
    outer loop
      vertex 3.7507875648529767 5.910295478514105 3
      vertex 3.1871199487434487 3.8525662138789456 3
      vertex 3.644843137107058 3.4227355296434436 3
    endloop
  endfacet
  facet normal 0 0 1
    outer loop
      vertex 3.7507875648529767 5.910295478514105 3
      vertex 4.045084971874737 2.938926261462366 3
      vertex 4.461967928240828 5.393592699430524 3
    endloop
  endfacet
  facet normal 0 0 1
    outer loop
      vertex 5.102780391949881 4.7918297415008215 3
      vertex 4.461967928240828 5.393592699430524 3
      vertex 4.842915805643155 1.243449435824274 3
    endloop
  endfacet
endsolid OpenSCAD_Model
