solid OpenSCAD_Model
  facet normal 0.8660254037926739 0.49999999998573624 0
    outer loop
      vertex -2.4233999997377396 -4.197451926767826 -4
      vertex -4.846799999475479 0 -4
      vertex -4.846799999475479 0 0
    endloop
  endfacet
  facet normal 0 1 0
    outer loop
      vertex -2.4233999997377396 -4.197451926767826 -4
      vertex -2.4233999997377396 -4.197451926767826 0
      vertex 2.4233999997377396 -4.197451926767826 -4
    endloop
  endfacet
  facet normal 0 0 1
    outer loop
      vertex -2.4233999997377396 -4.197451926767826 -4
      vertex -1.4735236861922412 -2.321901795130541 -4
      vertex -1.7529159718088965 -2.118911417633421 -4
    endloop
  endfacet
  facet normal 0 0 1
    outer loop
      vertex -2.4233999997377396 -4.197451926767826 -4
      vertex -2.2247967345311057 -1.616409443804301 -4
      vertex -2.4098433701206243 -1.3248226037797173 -4
    endloop
  endfacet
  facet normal 0 0 1
    outer loop
      vertex -2.4233999997377396 -4.197451926767826 -4
      vertex -2.004663725408882 -1.8825045413038934 -4
      vertex -2.2247967345311057 -1.616409443804301 -4
    endloop
  endfacet
  facet normal 0 0 1
    outer loop
      vertex -2.4233999997377396 -4.197451926767826 -4
      vertex -1.7529159718088965 -2.118911417633421 -4
      vertex -2.004663725408882 -1.8825045413038934 -4
    endloop
  endfacet
  facet normal 0 0 1
    outer loop
      vertex -2.4233999997377396 -4.197451926767826 -4
      vertex -2.4098433701206243 -1.3248226037797173 -4
      vertex -4.846799999475479 0 -4
    endloop
  endfacet
  facet normal 0 0 1
    outer loop
      vertex -2.5568853361926913 -1.0123425198828642 -4
      vertex -2.6636036931037355 -0.6838971897033508 -4
      vertex -4.846799999475479 0 -4
    endloop
  endfacet
  facet normal 0 0 1
    outer loop
      vertex -2.6636036931037355 -0.6838971897033508 -4
      vertex -2.728315428614814 -0.34466639230183616 -4
      vertex -4.846799999475479 0 -4
    endloop
  endfacet
  facet normal 0 0 1
    outer loop
      vertex -2.728315428614814 -0.34466639230183616 -4
      vertex -2.75 0 -4
      vertex -4.846799999475479 0 -4
    endloop
  endfacet
  facet normal 0 0 1
    outer loop
      vertex -2.5568853361926913 -1.0123425198828642 -4
      vertex -4.846799999475479 0 -4
      vertex -2.4098433701206243 -1.3248226037797173 -4
    endloop
  endfacet
  facet normal 0 0 1
    outer loop
      vertex -2.4233999997377396 -4.197451926767826 -4
      vertex -1.170893051803949 -2.4882743942815537 -4
      vertex -1.4735236861922412 -2.321901795130541 -4
    endloop
  endfacet
  facet normal 0 0 1
    outer loop
      vertex -2.4233999997377396 -4.197451926767826 -4
      vertex -0.8497967345311054 -2.615405419811672 -4
      vertex -1.170893051803949 -2.4882743942815537 -4
    endloop
  endfacet
  facet normal 0 0 1
    outer loop
      vertex -2.4233999997377396 -4.197451926767826 -4
      vertex -0.5152986151107433 -2.701289939503894 -4
      vertex -0.8497967345311054 -2.615405419811672 -4
    endloop
  endfacet
  facet normal 0 0 1
    outer loop
      vertex -2.4233999997377396 -4.197451926767826 -4
      vertex -0.17267392870561285 -2.744573503177747 -4
      vertex -0.5152986151107433 -2.701289939503894 -4
    endloop
  endfacet
  facet normal 0 0 1
    outer loop
      vertex -2.4233999997377396 -4.197451926767826 -4
      vertex 2.4233999997377396 -4.197451926767826 -4
      vertex -0.17267392870561285 -2.744573503177747 -4
    endloop
  endfacet
  facet normal 0.8660254037926739 0.49999999998573624 0
    outer loop
      vertex -2.4233999997377396 -4.197451926767826 -4
      vertex -4.846799999475479 0 0
      vertex -2.4233999997377396 -4.197451926767826 0
    endloop
  endfacet
  facet normal 0.8660254037926739 -0.49999999998573624 0
    outer loop
      vertex -4.846799999475479 0 -4
      vertex -2.4233999997377396 4.197451926767826 0
      vertex -4.846799999475479 0 0
    endloop
  endfacet
  facet normal 0 0 1
    outer loop
      vertex -4.846799999475479 0 -4
      vertex -2.75 0 -4
      vertex -2.728315428614814 0.34466639230183616 -4
    endloop
  endfacet
  facet normal 0 0 1
    outer loop
      vertex -4.846799999475479 0 -4
      vertex -2.728315428614814 0.34466639230183616 -4
      vertex -2.6636036931037355 0.6838971897033508 -4
    endloop
  endfacet
  facet normal 0 0 1
    outer loop
      vertex -4.846799999475479 0 -4
      vertex -2.6636036931037355 0.6838971897033508 -4
      vertex -2.5568853361926913 1.0123425198828642 -4
    endloop
  endfacet
  facet normal 0 0 1
    outer loop
      vertex -4.846799999475479 0 -4
      vertex -2.5568853361926913 1.0123425198828642 -4
      vertex -2.4233999997377396 4.197451926767826 -4
    endloop
  endfacet
  facet normal 0 0 1
    outer loop
      vertex -2.5568853361926913 1.0123425198828642 -4
      vertex -2.4098433701206243 1.3248226037797173 -4
      vertex -2.4233999997377396 4.197451926767826 -4
    endloop
  endfacet
  facet normal 0 0 1
    outer loop
      vertex -2.4098433701206243 1.3248226037797173 -4
      vertex -2.2247967345311057 1.616409443804301 -4
      vertex -2.4233999997377396 4.197451926767826 -4
    endloop
  endfacet
  facet normal 0 0 1
    outer loop
      vertex -2.2247967345311057 1.616409443804301 -4
      vertex -2.004663725408882 1.8825045413038934 -4
      vertex -2.4233999997377396 4.197451926767826 -4
    endloop
  endfacet
  facet normal 0 0 1
    outer loop
      vertex -2.004663725408882 1.8825045413038934 -4
      vertex -1.7529159718088965 2.118911417633421 -4
      vertex -2.4233999997377396 4.197451926767826 -4
    endloop
  endfacet
  facet normal 0 0 1
    outer loop
      vertex -1.7529159718088965 2.118911417633421 -4
      vertex -1.4735236861922412 2.321901795130541 -4
      vertex -2.4233999997377396 4.197451926767826 -4
    endloop
  endfacet
  facet normal 0 0 1
    outer loop
      vertex -1.4735236861922412 2.321901795130541 -4
      vertex -1.17089305180395 2.4882743942815537 -4
      vertex -2.4233999997377396 4.197451926767826 -4
    endloop
  endfacet
  facet normal 0 0 1
    outer loop
      vertex -2.4233999997377396 4.197451926767826 -4
      vertex -1.17089305180395 2.4882743942815537 -4
      vertex -0.8497967345311054 2.615405419811672 -4
    endloop
  endfacet
  facet normal 0 0 1
    outer loop
      vertex -2.4233999997377396 4.197451926767826 -4
      vertex -0.8497967345311054 2.615405419811672 -4
      vertex -0.5152986151107426 2.701289939503894 -4
    endloop
  endfacet
  facet normal 0 0 1
    outer loop
      vertex -2.4233999997377396 4.197451926767826 -4
      vertex -0.5152986151107426 2.701289939503894 -4
      vertex -0.17267392870561152 2.744573503177747 -4
    endloop
  endfacet
  facet normal 0 0 1
    outer loop
      vertex -2.4233999997377396 4.197451926767826 -4
      vertex -0.17267392870561152 2.744573503177747 -4
      vertex 0.17267392870561152 2.744573503177747 -4
    endloop
  endfacet
  facet normal 0.8660254037926739 -0.49999999998573624 0
    outer loop
      vertex -4.846799999475479 0 -4
      vertex -2.4233999997377396 4.197451926767826 -4
      vertex -2.4233999997377396 4.197451926767826 0
    endloop
  endfacet
  facet normal 0 -1 0
    outer loop
      vertex -2.4233999997377396 4.197451926767826 -4
      vertex 2.4233999997377396 4.197451926767826 0
      vertex -2.4233999997377396 4.197451926767826 0
    endloop
  endfacet
  facet normal 0 1 0
    outer loop
      vertex 2.4233999997377396 -4.197451926767826 -4
      vertex -2.4233999997377396 -4.197451926767826 0
      vertex 2.4233999997377396 -4.197451926767826 0
    endloop
  endfacet
  facet normal 0 0 1
    outer loop
      vertex -0.17267392870561285 -2.744573503177747 -4
      vertex 2.4233999997377396 -4.197451926767826 -4
      vertex 0.17267392870561285 -2.744573503177747 -4
    endloop
  endfacet
  facet normal 0 0 1
    outer loop
      vertex 0.17267392870561285 -2.744573503177747 -4
      vertex 2.4233999997377396 -4.197451926767826 -4
      vertex 0.5152986151107433 -2.701289939503894 -4
    endloop
  endfacet
  facet normal 0 0 1
    outer loop
      vertex 0.5152986151107433 -2.701289939503894 -4
      vertex 2.4233999997377396 -4.197451926767826 -4
      vertex 0.8497967345311054 -2.615405419811672 -4
    endloop
  endfacet
  facet normal 0 0 1
    outer loop
      vertex 0.8497967345311054 -2.615405419811672 -4
      vertex 2.4233999997377396 -4.197451926767826 -4
      vertex 1.170893051803949 -2.4882743942815537 -4
    endloop
  endfacet
  facet normal 0 0 1
    outer loop
      vertex 1.170893051803949 -2.4882743942815537 -4
      vertex 2.4233999997377396 -4.197451926767826 -4
      vertex 1.4735236861922396 -2.3219017951305423 -4
    endloop
  endfacet
  facet normal 0 0 1
    outer loop
      vertex 1.4735236861922396 -2.3219017951305423 -4
      vertex 2.4233999997377396 -4.197451926767826 -4
      vertex 1.7529159718088974 -2.11891141763342 -4
    endloop
  endfacet
  facet normal 0 0 1
    outer loop
      vertex 1.7529159718088974 -2.11891141763342 -4
      vertex 2.4233999997377396 -4.197451926767826 -4
      vertex 2.004663725408882 -1.8825045413038934 -4
    endloop
  endfacet
  facet normal 0 0 1
    outer loop
      vertex 2.004663725408882 -1.8825045413038934 -4
      vertex 2.4233999997377396 -4.197451926767826 -4
      vertex 2.2247967345311057 -1.616409443804301 -4
    endloop
  endfacet
  facet normal 0 0 1
    outer loop
      vertex 2.2247967345311057 -1.616409443804301 -4
      vertex 2.4233999997377396 -4.197451926767826 -4
      vertex 2.4098433701206243 -1.3248226037797173 -4
    endloop
  endfacet
  facet normal 0 0 1
    outer loop
      vertex 2.4098433701206243 -1.3248226037797173 -4
      vertex 2.4233999997377396 -4.197451926767826 -4
      vertex 2.556885336192691 -1.0123425198828655 -4
    endloop
  endfacet
  facet normal 0 0 1
    outer loop
      vertex 2.4233999997377396 -4.197451926767826 -4
      vertex 4.846799999475479 0 -4
      vertex 2.556885336192691 -1.0123425198828655 -4
    endloop
  endfacet
  facet normal 0 0 1
    outer loop
      vertex 2.556885336192691 -1.0123425198828655 -4
      vertex 4.846799999475479 0 -4
      vertex 2.663603693103736 -0.6838971897033497 -4
    endloop
  endfacet
  facet normal 0 0 1
    outer loop
      vertex 2.663603693103736 -0.6838971897033497 -4
      vertex 4.846799999475479 0 -4
      vertex 2.728315428614814 -0.34466639230183616 -4
    endloop
  endfacet
  facet normal 0 0 1
    outer loop
      vertex 2.728315428614814 -0.34466639230183616 -4
      vertex 4.846799999475479 0 -4
      vertex 2.75 0 -4
    endloop
  endfacet
  facet normal -0.8660254037926739 0.49999999998573624 0
    outer loop
      vertex 2.4233999997377396 -4.197451926767826 -4
      vertex 2.4233999997377396 -4.197451926767826 0
      vertex 4.846799999475479 0 -4
    endloop
  endfacet
  facet normal -0.8660254037926739 0.49999999998573624 0
    outer loop
      vertex 4.846799999475479 0 -4
      vertex 2.4233999997377396 -4.197451926767826 0
      vertex 4.846799999475479 0 0
    endloop
  endfacet
  facet normal 0 0 1
    outer loop
      vertex -2.4233999997377396 4.197451926767826 -4
      vertex 0.17267392870561152 2.744573503177747 -4
      vertex 2.4233999997377396 4.197451926767826 -4
    endloop
  endfacet
  facet normal 0 0 1
    outer loop
      vertex 0.17267392870561152 2.744573503177747 -4
      vertex 0.5152986151107426 2.701289939503894 -4
      vertex 2.4233999997377396 4.197451926767826 -4
    endloop
  endfacet
  facet normal 0 0 1
    outer loop
      vertex 0.5152986151107426 2.701289939503894 -4
      vertex 0.8497967345311054 2.615405419811672 -4
      vertex 2.4233999997377396 4.197451926767826 -4
    endloop
  endfacet
  facet normal 0 0 1
    outer loop
      vertex 0.8497967345311054 2.615405419811672 -4
      vertex 1.17089305180395 2.4882743942815537 -4
      vertex 2.4233999997377396 4.197451926767826 -4
    endloop
  endfacet
  facet normal 0 0 1
    outer loop
      vertex 1.17089305180395 2.4882743942815537 -4
      vertex 1.4735236861922407 2.3219017951305414 -4
      vertex 2.4233999997377396 4.197451926767826 -4
    endloop
  endfacet
  facet normal 0 0 1
    outer loop
      vertex 2.4098433701206248 1.324822603779717 -4
      vertex 2.5568853361926913 1.0123425198828644 -4
      vertex 4.846799999475479 0 -4
    endloop
  endfacet
  facet normal 0 0 1
    outer loop
      vertex 2.75 0 -4
      vertex 4.846799999475479 0 -4
      vertex 2.728315428614814 0.3446663923018367 -4
    endloop
  endfacet
  facet normal 0 0 1
    outer loop
      vertex 2.728315428614814 0.3446663923018367 -4
      vertex 4.846799999475479 0 -4
      vertex 2.6636036931037355 0.6838971897033507 -4
    endloop
  endfacet
  facet normal 0 0 1
    outer loop
      vertex 2.6636036931037355 0.6838971897033507 -4
      vertex 4.846799999475479 0 -4
      vertex 2.5568853361926913 1.0123425198828644 -4
    endloop
  endfacet
  facet normal 0 0 1
    outer loop
      vertex 2.4098433701206248 1.324822603779717 -4
      vertex 4.846799999475479 0 -4
      vertex 2.4233999997377396 4.197451926767826 -4
    endloop
  endfacet
  facet normal 0 0 1
    outer loop
      vertex 2.0046637254088817 1.882504541303894 -4
      vertex 2.4233999997377396 4.197451926767826 -4
      vertex 1.7529159718088967 2.11891141763342 -4
    endloop
  endfacet
  facet normal 0 0 1
    outer loop
      vertex 2.0046637254088817 1.882504541303894 -4
      vertex 2.2247967345311057 1.616409443804301 -4
      vertex 2.4233999997377396 4.197451926767826 -4
    endloop
  endfacet
  facet normal 0 0 1
    outer loop
      vertex 2.4098433701206248 1.324822603779717 -4
      vertex 2.4233999997377396 4.197451926767826 -4
      vertex 2.2247967345311057 1.616409443804301 -4
    endloop
  endfacet
  facet normal 0 0 1
    outer loop
      vertex 1.4735236861922407 2.3219017951305414 -4
      vertex 1.7529159718088967 2.11891141763342 -4
      vertex 2.4233999997377396 4.197451926767826 -4
    endloop
  endfacet
  facet normal -0.8660254037926739 -0.49999999998573624 0
    outer loop
      vertex 2.4233999997377396 4.197451926767826 -4
      vertex 4.846799999475479 0 0
      vertex 2.4233999997377396 4.197451926767826 0
    endloop
  endfacet
  facet normal 0 -1 0
    outer loop
      vertex -2.4233999997377396 4.197451926767826 -4
      vertex 2.4233999997377396 4.197451926767826 -4
      vertex 2.4233999997377396 4.197451926767826 0
    endloop
  endfacet
  facet normal -0.8660254037926739 -0.49999999998573624 0
    outer loop
      vertex 4.846799999475479 0 -4
      vertex 4.846799999475479 0 0
      vertex 2.4233999997377396 4.197451926767826 -4
    endloop
  endfacet
  facet normal 0.6845471059286892 0.7289686274214111 0
    outer loop
      vertex -2.004663725408882 -1.8825045413038934 -4
      vertex -1.7529159718088965 -2.118911417633421 -28.5
      vertex -2.004663725408882 -1.8825045413038934 -28.5
    endloop
  endfacet
  facet normal 0.844327925502016 0.5358267949789953 0
    outer loop
      vertex -2.4098433701206243 -1.3248226037797173 -4
      vertex -2.2247967345311057 -1.616409443804301 -28.5
      vertex -2.4098433701206243 -1.3248226037797173 -28.5
    endloop
  endfacet
  facet normal 0.9048270524660192 0.42577929156507327 0
    outer loop
      vertex -2.5568853361926913 -1.0123425198828642 -4
      vertex -2.4098433701206243 -1.3248226037797173 -28.5
      vertex -2.5568853361926913 -1.0123425198828642 -28.5
    endloop
  endfacet
  facet normal 0.7705132427757891 0.63742398974869 0
    outer loop
      vertex -2.2247967345311057 -1.616409443804301 -4
      vertex -2.004663725408882 -1.8825045413038934 -28.5
      vertex -2.2247967345311057 -1.616409443804301 -28.5
    endloop
  endfacet
  facet normal 0.9510565162951535 0.3090169943749475 0
    outer loop
      vertex -2.6636036931037355 -0.6838971897033508 -4
      vertex -2.5568853361926913 -1.0123425198828642 -28.5
      vertex -2.6636036931037355 -0.6838971897033508 -28.5
    endloop
  endfacet
  facet normal 0.9822872507286886 0.1873813145857249 0
    outer loop
      vertex -2.728315428614814 -0.34466639230183616 -4
      vertex -2.6636036931037355 -0.6838971897033508 -28.5
      vertex -2.728315428614814 -0.34466639230183616 -28.5
    endloop
  endfacet
  facet normal 0.9980267284282716 0.0627905195293132 0
    outer loop
      vertex -2.75 0 -4
      vertex -2.728315428614814 -0.34466639230183616 -28.5
      vertex -2.75 0 -28.5
    endloop
  endfacet
  facet normal 0.587785252292472 0.8090169943749481 0
    outer loop
      vertex -1.7529159718088965 -2.118911417633421 -4
      vertex -1.4735236861922412 -2.321901795130541 -28.5
      vertex -1.7529159718088965 -2.118911417633421 -28.5
    endloop
  endfacet
  facet normal 0.481753674101715 0.8763066800438636 0
    outer loop
      vertex -1.4735236861922412 -2.321901795130541 -4
      vertex -1.170893051803949 -2.4882743942815537 -28.5
      vertex -1.4735236861922412 -2.321901795130541 -28.5
    endloop
  endfacet
  facet normal 0.368124552684678 0.9297764858882515 0
    outer loop
      vertex -1.170893051803949 -2.4882743942815537 -4
      vertex -0.8497967345311054 -2.615405419811672 -28.5
      vertex -1.170893051803949 -2.4882743942815537 -28.5
    endloop
  endfacet
  facet normal 0.2486898871648558 0.9685831611286309 0
    outer loop
      vertex -0.8497967345311054 -2.615405419811672 -4
      vertex -0.5152986151107433 -2.701289939503894 -28.5
      vertex -0.8497967345311054 -2.615405419811672 -28.5
    endloop
  endfacet
  facet normal 0.12533323356430498 0.9921147013144778 0
    outer loop
      vertex -0.5152986151107433 -2.701289939503894 -4
      vertex -0.17267392870561285 -2.744573503177747 -28.5
      vertex -0.5152986151107433 -2.701289939503894 -28.5
    endloop
  endfacet
  facet normal 0 1 0
    outer loop
      vertex -0.17267392870561285 -2.744573503177747 -4
      vertex 0.17267392870561285 -2.744573503177747 -28.5
      vertex -0.17267392870561285 -2.744573503177747 -28.5
    endloop
  endfacet
  facet normal 0.9048270524660192 0.42577929156507327 0
    outer loop
      vertex -2.5568853361926913 -1.0123425198828642 -4
      vertex -2.4098433701206243 -1.3248226037797173 -4
      vertex -2.4098433701206243 -1.3248226037797173 -28.5
    endloop
  endfacet
  facet normal 0.844327925502016 0.5358267949789953 0
    outer loop
      vertex -2.2247967345311057 -1.616409443804301 -4
      vertex -2.2247967345311057 -1.616409443804301 -28.5
      vertex -2.4098433701206243 -1.3248226037797173 -4
    endloop
  endfacet
  facet normal 0.7705132427757891 0.63742398974869 0
    outer loop
      vertex -2.2247967345311057 -1.616409443804301 -4
      vertex -2.004663725408882 -1.8825045413038934 -4
      vertex -2.004663725408882 -1.8825045413038934 -28.5
    endloop
  endfacet
  facet normal 0.9510565162951535 0.3090169943749475 0
    outer loop
      vertex -2.5568853361926913 -1.0123425198828642 -4
      vertex -2.5568853361926913 -1.0123425198828642 -28.5
      vertex -2.6636036931037355 -0.6838971897033508 -4
    endloop
  endfacet
  facet normal 0.9822872507286886 0.1873813145857249 0
    outer loop
      vertex -2.6636036931037355 -0.6838971897033508 -4
      vertex -2.6636036931037355 -0.6838971897033508 -28.5
      vertex -2.728315428614814 -0.34466639230183616 -4
    endloop
  endfacet
  facet normal 0.9980267284282716 0.0627905195293132 0
    outer loop
      vertex -2.728315428614814 -0.34466639230183616 -4
      vertex -2.728315428614814 -0.34466639230183616 -28.5
      vertex -2.75 0 -4
    endloop
  endfacet
  facet normal 0.6845471059286892 0.7289686274214111 0
    outer loop
      vertex -1.7529159718088965 -2.118911417633421 -4
      vertex -1.7529159718088965 -2.118911417633421 -28.5
      vertex -2.004663725408882 -1.8825045413038934 -4
    endloop
  endfacet
  facet normal 0.587785252292472 0.8090169943749481 0
    outer loop
      vertex -1.7529159718088965 -2.118911417633421 -4
      vertex -1.4735236861922412 -2.321901795130541 -4
      vertex -1.4735236861922412 -2.321901795130541 -28.5
    endloop
  endfacet
  facet normal 0.481753674101715 0.8763066800438636 0
    outer loop
      vertex -1.4735236861922412 -2.321901795130541 -4
      vertex -1.170893051803949 -2.4882743942815537 -4
      vertex -1.170893051803949 -2.4882743942815537 -28.5
    endloop
  endfacet
  facet normal 0.368124552684678 0.9297764858882515 0
    outer loop
      vertex -1.170893051803949 -2.4882743942815537 -4
      vertex -0.8497967345311054 -2.615405419811672 -4
      vertex -0.8497967345311054 -2.615405419811672 -28.5
    endloop
  endfacet
  facet normal 0.2486898871648558 0.9685831611286309 0
    outer loop
      vertex -0.8497967345311054 -2.615405419811672 -4
      vertex -0.5152986151107433 -2.701289939503894 -4
      vertex -0.5152986151107433 -2.701289939503894 -28.5
    endloop
  endfacet
  facet normal 0.12533323356430498 0.9921147013144778 0
    outer loop
      vertex -0.5152986151107433 -2.701289939503894 -4
      vertex -0.17267392870561285 -2.744573503177747 -4
      vertex -0.17267392870561285 -2.744573503177747 -28.5
    endloop
  endfacet
  facet normal 0.9980267284282716 -0.0627905195293132 0
    outer loop
      vertex -2.728315428614814 0.34466639230183616 -4
      vertex -2.75 0 -28.5
      vertex -2.728315428614814 0.34466639230183616 -28.5
    endloop
  endfacet
  facet normal 0.9822872507286886 -0.1873813145857249 0
    outer loop
      vertex -2.6636036931037355 0.6838971897033508 -4
      vertex -2.728315428614814 0.34466639230183616 -28.5
      vertex -2.6636036931037355 0.6838971897033508 -28.5
    endloop
  endfacet
  facet normal 0.9510565162951535 -0.3090169943749475 0
    outer loop
      vertex -2.5568853361926913 1.0123425198828642 -4
      vertex -2.6636036931037355 0.6838971897033508 -28.5
      vertex -2.5568853361926913 1.0123425198828642 -28.5
    endloop
  endfacet
  facet normal 0.9048270524660192 -0.42577929156507327 0
    outer loop
      vertex -2.4098433701206243 1.3248226037797173 -4
      vertex -2.5568853361926913 1.0123425198828642 -28.5
      vertex -2.4098433701206243 1.3248226037797173 -28.5
    endloop
  endfacet
  facet normal 0.844327925502016 -0.5358267949789953 0
    outer loop
      vertex -2.2247967345311057 1.616409443804301 -4
      vertex -2.4098433701206243 1.3248226037797173 -28.5
      vertex -2.2247967345311057 1.616409443804301 -28.5
    endloop
  endfacet
  facet normal 0.7705132427757891 -0.63742398974869 0
    outer loop
      vertex -2.004663725408882 1.8825045413038934 -4
      vertex -2.2247967345311057 1.616409443804301 -28.5
      vertex -2.004663725408882 1.8825045413038934 -28.5
    endloop
  endfacet
  facet normal 0.6845471059286892 -0.7289686274214111 0
    outer loop
      vertex -1.7529159718088965 2.118911417633421 -4
      vertex -2.004663725408882 1.8825045413038934 -28.5
      vertex -1.7529159718088965 2.118911417633421 -28.5
    endloop
  endfacet
  facet normal 0.587785252292472 -0.8090169943749481 0
    outer loop
      vertex -1.4735236861922412 2.321901795130541 -4
      vertex -1.7529159718088965 2.118911417633421 -28.5
      vertex -1.4735236861922412 2.321901795130541 -28.5
    endloop
  endfacet
  facet normal 0.4817536741017161 -0.8763066800438631 0
    outer loop
      vertex -1.17089305180395 2.4882743942815537 -4
      vertex -1.4735236861922412 2.321901795130541 -28.5
      vertex -1.17089305180395 2.4882743942815537 -28.5
    endloop
  endfacet
  facet normal 0.36812455268467703 -0.9297764858882517 0
    outer loop
      vertex -0.8497967345311054 2.615405419811672 -4
      vertex -1.17089305180395 2.4882743942815537 -28.5
      vertex -0.8497967345311054 2.615405419811672 -28.5
    endloop
  endfacet
  facet normal 0.24868988716485532 -0.968583161128631 0
    outer loop
      vertex -0.5152986151107426 2.701289939503894 -4
      vertex -0.8497967345311054 2.615405419811672 -28.5
      vertex -0.5152986151107426 2.701289939503894 -28.5
    endloop
  endfacet
  facet normal 0.1253332335643047 -0.9921147013144778 0
    outer loop
      vertex -0.17267392870561152 2.744573503177747 -4
      vertex -0.5152986151107426 2.701289939503894 -28.5
      vertex -0.17267392870561152 2.744573503177747 -28.5
    endloop
  endfacet
  facet normal 0.9980267284282716 -0.0627905195293132 0
    outer loop
      vertex -2.75 0 -4
      vertex -2.75 0 -28.5
      vertex -2.728315428614814 0.34466639230183616 -4
    endloop
  endfacet
  facet normal 0.9822872507286886 -0.1873813145857249 0
    outer loop
      vertex -2.728315428614814 0.34466639230183616 -4
      vertex -2.728315428614814 0.34466639230183616 -28.5
      vertex -2.6636036931037355 0.6838971897033508 -4
    endloop
  endfacet
  facet normal 0.9510565162951535 -0.3090169943749475 0
    outer loop
      vertex -2.6636036931037355 0.6838971897033508 -4
      vertex -2.6636036931037355 0.6838971897033508 -28.5
      vertex -2.5568853361926913 1.0123425198828642 -4
    endloop
  endfacet
  facet normal 0.9048270524660192 -0.42577929156507327 0
    outer loop
      vertex -2.5568853361926913 1.0123425198828642 -4
      vertex -2.5568853361926913 1.0123425198828642 -28.5
      vertex -2.4098433701206243 1.3248226037797173 -4
    endloop
  endfacet
  facet normal 0.844327925502016 -0.5358267949789953 0
    outer loop
      vertex -2.4098433701206243 1.3248226037797173 -4
      vertex -2.4098433701206243 1.3248226037797173 -28.5
      vertex -2.2247967345311057 1.616409443804301 -4
    endloop
  endfacet
  facet normal 0.7705132427757891 -0.63742398974869 0
    outer loop
      vertex -2.2247967345311057 1.616409443804301 -4
      vertex -2.2247967345311057 1.616409443804301 -28.5
      vertex -2.004663725408882 1.8825045413038934 -4
    endloop
  endfacet
  facet normal 0.6845471059286892 -0.7289686274214111 0
    outer loop
      vertex -2.004663725408882 1.8825045413038934 -4
      vertex -2.004663725408882 1.8825045413038934 -28.5
      vertex -1.7529159718088965 2.118911417633421 -4
    endloop
  endfacet
  facet normal 0.587785252292472 -0.8090169943749481 0
    outer loop
      vertex -1.7529159718088965 2.118911417633421 -4
      vertex -1.7529159718088965 2.118911417633421 -28.5
      vertex -1.4735236861922412 2.321901795130541 -4
    endloop
  endfacet
  facet normal 0.4817536741017161 -0.8763066800438631 0
    outer loop
      vertex -1.4735236861922412 2.321901795130541 -4
      vertex -1.4735236861922412 2.321901795130541 -28.5
      vertex -1.17089305180395 2.4882743942815537 -4
    endloop
  endfacet
  facet normal 0.36812455268467703 -0.9297764858882517 0
    outer loop
      vertex -1.17089305180395 2.4882743942815537 -4
      vertex -1.17089305180395 2.4882743942815537 -28.5
      vertex -0.8497967345311054 2.615405419811672 -4
    endloop
  endfacet
  facet normal 0.24868988716485532 -0.968583161128631 0
    outer loop
      vertex -0.8497967345311054 2.615405419811672 -4
      vertex -0.8497967345311054 2.615405419811672 -28.5
      vertex -0.5152986151107426 2.701289939503894 -4
    endloop
  endfacet
  facet normal 0.1253332335643047 -0.9921147013144778 0
    outer loop
      vertex -0.5152986151107426 2.701289939503894 -4
      vertex -0.5152986151107426 2.701289939503894 -28.5
      vertex -0.17267392870561152 2.744573503177747 -4
    endloop
  endfacet
  facet normal 0 -1 0
    outer loop
      vertex -0.17267392870561152 2.744573503177747 -4
      vertex -0.17267392870561152 2.744573503177747 -28.5
      vertex 0.17267392870561152 2.744573503177747 -4
    endloop
  endfacet
  facet normal -0.12533323356430498 0.9921147013144778 0
    outer loop
      vertex 0.17267392870561285 -2.744573503177747 -4
      vertex 0.5152986151107433 -2.701289939503894 -28.5
      vertex 0.17267392870561285 -2.744573503177747 -28.5
    endloop
  endfacet
  facet normal -0.2486898871648558 0.9685831611286309 0
    outer loop
      vertex 0.5152986151107433 -2.701289939503894 -4
      vertex 0.8497967345311054 -2.615405419811672 -28.5
      vertex 0.5152986151107433 -2.701289939503894 -28.5
    endloop
  endfacet
  facet normal -0.368124552684678 0.9297764858882515 0
    outer loop
      vertex 0.8497967345311054 -2.615405419811672 -4
      vertex 1.170893051803949 -2.4882743942815537 -28.5
      vertex 0.8497967345311054 -2.615405419811672 -28.5
    endloop
  endfacet
  facet normal -0.48175367410171394 0.8763066800438643 0
    outer loop
      vertex 1.170893051803949 -2.4882743942815537 -4
      vertex 1.4735236861922396 -2.3219017951305423 -28.5
      vertex 1.170893051803949 -2.4882743942815537 -28.5
    endloop
  endfacet
  facet normal -0.5877852522924729 0.8090169943749475 0
    outer loop
      vertex 1.4735236861922396 -2.3219017951305423 -4
      vertex 1.7529159718088974 -2.11891141763342 -28.5
      vertex 1.4735236861922396 -2.3219017951305423 -28.5
    endloop
  endfacet
  facet normal -0.6845471059286891 0.7289686274214111 0
    outer loop
      vertex 1.7529159718088974 -2.11891141763342 -4
      vertex 2.004663725408882 -1.8825045413038934 -28.5
      vertex 1.7529159718088974 -2.11891141763342 -28.5
    endloop
  endfacet
  facet normal -0.7705132427757891 0.63742398974869 0
    outer loop
      vertex 2.004663725408882 -1.8825045413038934 -4
      vertex 2.2247967345311057 -1.616409443804301 -28.5
      vertex 2.004663725408882 -1.8825045413038934 -28.5
    endloop
  endfacet
  facet normal -0.844327925502016 0.5358267949789953 0
    outer loop
      vertex 2.2247967345311057 -1.616409443804301 -4
      vertex 2.4098433701206243 -1.3248226037797173 -28.5
      vertex 2.2247967345311057 -1.616409443804301 -28.5
    endloop
  endfacet
  facet normal -0.904827052466019 0.4257792915650737 0
    outer loop
      vertex 2.4098433701206243 -1.3248226037797173 -4
      vertex 2.556885336192691 -1.0123425198828655 -28.5
      vertex 2.4098433701206243 -1.3248226037797173 -28.5
    endloop
  endfacet
  facet normal -0.9510565162951535 0.3090169943749478 0
    outer loop
      vertex 2.556885336192691 -1.0123425198828655 -4
      vertex 2.663603693103736 -0.6838971897033497 -28.5
      vertex 2.556885336192691 -1.0123425198828655 -28.5
    endloop
  endfacet
  facet normal -0.9822872507286888 0.18738131458572424 0
    outer loop
      vertex 2.663603693103736 -0.6838971897033497 -4
      vertex 2.728315428614814 -0.34466639230183616 -28.5
      vertex 2.663603693103736 -0.6838971897033497 -28.5
    endloop
  endfacet
  facet normal -0.9980267284282716 0.0627905195293132 0
    outer loop
      vertex 2.728315428614814 -0.34466639230183616 -4
      vertex 2.75 0 -28.5
      vertex 2.728315428614814 -0.34466639230183616 -28.5
    endloop
  endfacet
  facet normal 0 1 0
    outer loop
      vertex -0.17267392870561285 -2.744573503177747 -4
      vertex 0.17267392870561285 -2.744573503177747 -4
      vertex 0.17267392870561285 -2.744573503177747 -28.5
    endloop
  endfacet
  facet normal -0.12533323356430498 0.9921147013144778 0
    outer loop
      vertex 0.17267392870561285 -2.744573503177747 -4
      vertex 0.5152986151107433 -2.701289939503894 -4
      vertex 0.5152986151107433 -2.701289939503894 -28.5
    endloop
  endfacet
  facet normal -0.2486898871648558 0.9685831611286309 0
    outer loop
      vertex 0.5152986151107433 -2.701289939503894 -4
      vertex 0.8497967345311054 -2.615405419811672 -4
      vertex 0.8497967345311054 -2.615405419811672 -28.5
    endloop
  endfacet
  facet normal -0.368124552684678 0.9297764858882515 0
    outer loop
      vertex 0.8497967345311054 -2.615405419811672 -4
      vertex 1.170893051803949 -2.4882743942815537 -4
      vertex 1.170893051803949 -2.4882743942815537 -28.5
    endloop
  endfacet
  facet normal -0.48175367410171394 0.8763066800438643 0
    outer loop
      vertex 1.170893051803949 -2.4882743942815537 -4
      vertex 1.4735236861922396 -2.3219017951305423 -4
      vertex 1.4735236861922396 -2.3219017951305423 -28.5
    endloop
  endfacet
  facet normal -0.5877852522924729 0.8090169943749475 0
    outer loop
      vertex 1.4735236861922396 -2.3219017951305423 -4
      vertex 1.7529159718088974 -2.11891141763342 -4
      vertex 1.7529159718088974 -2.11891141763342 -28.5
    endloop
  endfacet
  facet normal -0.6845471059286891 0.7289686274214111 0
    outer loop
      vertex 1.7529159718088974 -2.11891141763342 -4
      vertex 2.004663725408882 -1.8825045413038934 -4
      vertex 2.004663725408882 -1.8825045413038934 -28.5
    endloop
  endfacet
  facet normal -0.7705132427757891 0.63742398974869 0
    outer loop
      vertex 2.004663725408882 -1.8825045413038934 -4
      vertex 2.2247967345311057 -1.616409443804301 -4
      vertex 2.2247967345311057 -1.616409443804301 -28.5
    endloop
  endfacet
  facet normal -0.844327925502016 0.5358267949789953 0
    outer loop
      vertex 2.2247967345311057 -1.616409443804301 -4
      vertex 2.4098433701206243 -1.3248226037797173 -4
      vertex 2.4098433701206243 -1.3248226037797173 -28.5
    endloop
  endfacet
  facet normal -0.904827052466019 0.4257792915650737 0
    outer loop
      vertex 2.4098433701206243 -1.3248226037797173 -4
      vertex 2.556885336192691 -1.0123425198828655 -4
      vertex 2.556885336192691 -1.0123425198828655 -28.5
    endloop
  endfacet
  facet normal -0.9510565162951535 0.3090169943749478 0
    outer loop
      vertex 2.556885336192691 -1.0123425198828655 -4
      vertex 2.663603693103736 -0.6838971897033497 -4
      vertex 2.663603693103736 -0.6838971897033497 -28.5
    endloop
  endfacet
  facet normal -0.9822872507286888 0.18738131458572424 0
    outer loop
      vertex 2.663603693103736 -0.6838971897033497 -4
      vertex 2.728315428614814 -0.34466639230183616 -4
      vertex 2.728315428614814 -0.34466639230183616 -28.5
    endloop
  endfacet
  facet normal -0.9980267284282716 0.0627905195293132 0
    outer loop
      vertex 2.728315428614814 -0.34466639230183616 -4
      vertex 2.75 0 -4
      vertex 2.75 0 -28.5
    endloop
  endfacet
  facet normal 0 -1 0
    outer loop
      vertex 0.17267392870561152 2.744573503177747 -4
      vertex -0.17267392870561152 2.744573503177747 -28.5
      vertex 0.1726739287056087 2.744573503177747 -28.5
    endloop
  endfacet
  facet normal -0.1253332335643037 -0.9921147013144778 0
    outer loop
      vertex 0.5152986151107426 2.701289939503894 -4
      vertex 0.1726739287056087 2.744573503177747 -28.5
      vertex 0.5152986151107426 2.701289939503894 -28.5
    endloop
  endfacet
  facet normal -0.24868988716485532 -0.968583161128631 0
    outer loop
      vertex 0.8497967345311054 2.615405419811672 -4
      vertex 0.5152986151107426 2.701289939503894 -28.5
      vertex 0.8497967345311054 2.615405419811672 -28.5
    endloop
  endfacet
  facet normal -0.36812455268467703 -0.9297764858882517 0
    outer loop
      vertex 1.17089305180395 2.4882743942815537 -4
      vertex 0.8497967345311054 2.615405419811672 -28.5
      vertex 1.17089305180395 2.4882743942815537 -28.5
    endloop
  endfacet
  facet normal -0.4817536741017157 -0.8763066800438635 0
    outer loop
      vertex 1.4735236861922407 2.3219017951305414 -4
      vertex 1.17089305180395 2.4882743942815537 -28.5
      vertex 1.4735236861922407 2.3219017951305414 -28.5
    endloop
  endfacet
  facet normal -0.5877852522924737 -0.8090169943749469 0
    outer loop
      vertex 1.7529159718088967 2.11891141763342 -4
      vertex 1.4735236861922407 2.3219017951305414 -28.5
      vertex 1.7529159718088967 2.11891141763342 -28.5
    endloop
  endfacet
  facet normal -0.9980267284282716 -0.0627905195293131 0
    outer loop
      vertex 2.75 0 -4
      vertex 2.728315428614814 0.3446663923018367 -28.5
      vertex 2.75 0 -28.5
    endloop
  endfacet
  facet normal -0.9822872507286884 -0.1873813145857252 0
    outer loop
      vertex 2.728315428614814 0.3446663923018367 -4
      vertex 2.6636036931037355 0.6838971897033507 -28.5
      vertex 2.728315428614814 0.3446663923018367 -28.5
    endloop
  endfacet
  facet normal -0.9510565162951536 -0.3090169943749472 0
    outer loop
      vertex 2.6636036931037355 0.6838971897033507 -4
      vertex 2.5568853361926913 1.0123425198828644 -28.5
      vertex 2.6636036931037355 0.6838971897033507 -28.5
    endloop
  endfacet
  facet normal -0.7705132427757893 -0.6374239897486899 0
    outer loop
      vertex 2.2247967345311057 1.616409443804301 -4
      vertex 2.0046637254088817 1.882504541303894 -28.5
      vertex 2.2247967345311057 1.616409443804301 -28.5
    endloop
  endfacet
  facet normal -0.9048270524660195 -0.4257792915650727 0
    outer loop
      vertex 2.5568853361926913 1.0123425198828644 -4
      vertex 2.4098433701206248 1.324822603779717 -28.5
      vertex 2.5568853361926913 1.0123425198828644 -28.5
    endloop
  endfacet
  facet normal -0.8443279255020155 -0.5358267949789959 0
    outer loop
      vertex 2.4098433701206248 1.324822603779717 -4
      vertex 2.2247967345311057 1.616409443804301 -28.5
      vertex 2.4098433701206248 1.324822603779717 -28.5
    endloop
  endfacet
  facet normal -0.6845471059286876 -0.7289686274214124 0
    outer loop
      vertex 2.0046637254088817 1.882504541303894 -4
      vertex 1.7529159718088967 2.11891141763342 -28.5
      vertex 2.0046637254088817 1.882504541303894 -28.5
    endloop
  endfacet
  facet normal -0.1253332335643047 -0.9921147013144778 1.4482734539478553e-17
    outer loop
      vertex 0.17267392870561152 2.744573503177747 -4
      vertex 0.1726739287056087 2.744573503177747 -28.5
      vertex 0.5152986151107426 2.701289939503894 -4
    endloop
  endfacet
  facet normal -0.24868988716485532 -0.968583161128631 0
    outer loop
      vertex 0.5152986151107426 2.701289939503894 -4
      vertex 0.5152986151107426 2.701289939503894 -28.5
      vertex 0.8497967345311054 2.615405419811672 -4
    endloop
  endfacet
  facet normal -0.36812455268467703 -0.9297764858882517 0
    outer loop
      vertex 0.8497967345311054 2.615405419811672 -4
      vertex 0.8497967345311054 2.615405419811672 -28.5
      vertex 1.17089305180395 2.4882743942815537 -4
    endloop
  endfacet
  facet normal -0.4817536741017157 -0.8763066800438635 0
    outer loop
      vertex 1.17089305180395 2.4882743942815537 -4
      vertex 1.17089305180395 2.4882743942815537 -28.5
      vertex 1.4735236861922407 2.3219017951305414 -4
    endloop
  endfacet
  facet normal -0.5877852522924737 -0.8090169943749469 0
    outer loop
      vertex 1.4735236861922407 2.3219017951305414 -4
      vertex 1.4735236861922407 2.3219017951305414 -28.5
      vertex 1.7529159718088967 2.11891141763342 -4
    endloop
  endfacet
  facet normal -0.6845471059286876 -0.7289686274214124 0
    outer loop
      vertex 2.0046637254088817 1.882504541303894 -4
      vertex 1.7529159718088967 2.11891141763342 -4
      vertex 1.7529159718088967 2.11891141763342 -28.5
    endloop
  endfacet
  facet normal -0.9980267284282716 -0.0627905195293131 0
    outer loop
      vertex 2.75 0 -4
      vertex 2.728315428614814 0.3446663923018367 -4
      vertex 2.728315428614814 0.3446663923018367 -28.5
    endloop
  endfacet
  facet normal -0.9822872507286884 -0.1873813145857252 0
    outer loop
      vertex 2.728315428614814 0.3446663923018367 -4
      vertex 2.6636036931037355 0.6838971897033507 -4
      vertex 2.6636036931037355 0.6838971897033507 -28.5
    endloop
  endfacet
  facet normal -0.9510565162951536 -0.3090169943749472 0
    outer loop
      vertex 2.6636036931037355 0.6838971897033507 -4
      vertex 2.5568853361926913 1.0123425198828644 -4
      vertex 2.5568853361926913 1.0123425198828644 -28.5
    endloop
  endfacet
  facet normal -0.7705132427757893 -0.6374239897486899 0
    outer loop
      vertex 2.0046637254088817 1.882504541303894 -4
      vertex 2.0046637254088817 1.882504541303894 -28.5
      vertex 2.2247967345311057 1.616409443804301 -4
    endloop
  endfacet
  facet normal -0.8443279255020155 -0.5358267949789959 0
    outer loop
      vertex 2.4098433701206248 1.324822603779717 -4
      vertex 2.2247967345311057 1.616409443804301 -4
      vertex 2.2247967345311057 1.616409443804301 -28.5
    endloop
  endfacet
  facet normal -0.9048270524660195 -0.4257792915650727 0
    outer loop
      vertex 2.4098433701206248 1.324822603779717 -4
      vertex 2.4098433701206248 1.324822603779717 -28.5
      vertex 2.5568853361926913 1.0123425198828644 -4
    endloop
  endfacet
  facet normal -0.8443279255020157 -0.5358267949789955 0
    outer loop
      vertex -12.135254915624213 -8.816778784387097 -28.5
      vertex -13.144600200657951 -7.226305111525731 0
      vertex -13.144600200657951 -7.226305111525731 -28.5
    endloop
  endfacet
  facet normal -0.7705132427757893 -0.6374239897486899 0
    outer loop
      vertex -12.135254915624213 -8.816778784387097 -28.5
      vertex -10.934529411321176 -10.268206588930328 -28.5
      vertex -12.135254915624213 -8.816778784387097 0
    endloop
  endfacet
  facet normal -0.5877852522924732 -0.8090169943749473 0
    outer loop
      vertex -9.561359846230344 -11.55769864163684 -28.5
      vertex -8.037401924684952 -12.664918882530225 -28.5
      vertex -8.037401924684952 -12.664918882530225 0
    endloop
  endfacet
  facet normal -0.6845471059286885 -0.7289686274214118 0
    outer loop
      vertex -9.561359846230344 -11.55769864163684 -28.5
      vertex -9.561359846230344 -11.55769864163684 0
      vertex -10.934529411321176 -10.268206588930328 -28.5
    endloop
  endfacet
  facet normal 0 0 -1
    outer loop
      vertex -13.946647288323772 -5.521868290270168 -28.5
      vertex -14.528747416929466 -3.7303483074728225 -28.5
      vertex -13.946647288323772 5.521868290270168 -28.5
    endloop
  endfacet
  facet normal 0 0 -1
    outer loop
      vertex -14.528747416929466 -3.7303483074728225 -28.5
      vertex -14.881720519717168 -1.879998503464561 -28.5
      vertex -14.528747416929466 3.7303483074728225 -28.5
    endloop
  endfacet
  facet normal 0 0 -1
    outer loop
      vertex -13.144600200657951 -7.226305111525731 -28.5
      vertex -13.946647288323772 -5.521868290270168 -28.5
      vertex -13.144600200657951 7.226305111525731 -28.5
    endloop
  endfacet
  facet normal 0 0 -1
    outer loop
      vertex -12.135254915624213 -8.816778784387097 -28.5
      vertex -13.144600200657951 -7.226305111525731 -28.5
      vertex -12.135254915624213 8.816778784387097 -28.5
    endloop
  endfacet
  facet normal 0 0 -1
    outer loop
      vertex -12.135254915624213 -8.816778784387097 -28.5
      vertex -10.934529411321176 10.268206588930328 -28.5
      vertex -10.934529411321176 -10.268206588930328 -28.5
    endloop
  endfacet
  facet normal 0 0 -1
    outer loop
      vertex -9.561359846230344 -11.55769864163684 -28.5
      vertex -8.037401924684952 12.664918882530225 -28.5
      vertex -8.037401924684952 -12.664918882530225 -28.5
    endloop
  endfacet
  facet normal 0 0 -1
    outer loop
      vertex -9.561359846230344 -11.55769864163684 -28.5
      vertex -10.934529411321176 -10.268206588930328 -28.5
      vertex -9.561359846230344 11.55769864163684 -28.5
    endloop
  endfacet
  facet normal -0.904827052466019 -0.42577929156507377 0
    outer loop
      vertex -13.144600200657951 -7.226305111525731 -28.5
      vertex -13.946647288323772 -5.521868290270168 0
      vertex -13.946647288323772 -5.521868290270168 -28.5
    endloop
  endfacet
  facet normal -0.9510565162951538 -0.30901699437494673 0
    outer loop
      vertex -13.946647288323772 -5.521868290270168 -28.5
      vertex -14.528747416929466 -3.7303483074728225 0
      vertex -14.528747416929466 -3.7303483074728225 -28.5
    endloop
  endfacet
  facet normal -0.9822872507286886 -0.18738131458572516 0
    outer loop
      vertex -14.528747416929466 -3.7303483074728225 -28.5
      vertex -14.881720519717168 -1.879998503464561 0
      vertex -14.881720519717168 -1.879998503464561 -28.5
    endloop
  endfacet
  facet normal -0.9980267284282716 -0.06279051952931293 0
    outer loop
      vertex -14.881720519717168 -1.879998503464561 -28.5
      vertex -15 0 0
      vertex -15 0 -28.5
    endloop
  endfacet
  facet normal 0 0 -1
    outer loop
      vertex -2.8107197187858723 -14.734308760930329 -28.5
      vertex -0.8497967345311054 -2.615405419811672 -28.5
      vertex -0.9418577929397064 -14.970400926424073 -28.5
    endloop
  endfacet
  facet normal 0 0 -1
    outer loop
      vertex -0.9418577929397064 -14.970400926424073 -28.5
      vertex -0.17267392870561285 -2.744573503177747 -28.5
      vertex 0.9418577929397064 -14.970400926424073 -28.5
    endloop
  endfacet
  facet normal -0.48175367410171455 -0.876306680043864 0
    outer loop
      vertex -8.037401924684952 -12.664918882530225 -28.5
      vertex -6.386689373476086 -13.572405786990293 -28.5
      vertex -6.386689373476086 -13.572405786990293 0
    endloop
  endfacet
  facet normal -0.3681245526846781 -0.9297764858882515 0
    outer loop
      vertex -6.386689373476086 -13.572405786990293 -28.5
      vertex -4.635254915624211 -14.265847744427303 -28.5
      vertex -4.635254915624211 -14.265847744427303 0
    endloop
  endfacet
  facet normal -0.24868988716485493 -0.968583161128631 0
    outer loop
      vertex -4.635254915624211 -14.265847744427303 -28.5
      vertex -2.8107197187858723 -14.734308760930329 -28.5
      vertex -2.8107197187858723 -14.734308760930329 0
    endloop
  endfacet
  facet normal -0.12533323356430498 -0.9921147013144779 0
    outer loop
      vertex -2.8107197187858723 -14.734308760930329 -28.5
      vertex -0.9418577929397064 -14.970400926424073 -28.5
      vertex -0.9418577929397064 -14.970400926424073 0
    endloop
  endfacet
  facet normal 0 0 -1
    outer loop
      vertex -8.037401924684952 -12.664918882530225 -28.5
      vertex -6.386689373476091 13.572405786990291 -28.5
      vertex -6.386689373476086 -13.572405786990293 -28.5
    endloop
  endfacet
  facet normal 0 0 -1
    outer loop
      vertex -6.386689373476086 -13.572405786990293 -28.5
      vertex -4.635254915624211 14.265847744427303 -28.5
      vertex -4.635254915624211 -14.265847744427303 -28.5
    endloop
  endfacet
  facet normal 0 0 -1
    outer loop
      vertex -2.8107197187858723 -14.734308760930329 -28.5
      vertex -2.5568853361926913 -1.0123425198828642 -28.5
      vertex -2.4098433701206243 -1.3248226037797173 -28.5
    endloop
  endfacet
  facet normal 0 0 -1
    outer loop
      vertex -2.8107197187858723 -14.734308760930329 -28.5
      vertex -2.4098433701206243 -1.3248226037797173 -28.5
      vertex -2.2247967345311057 -1.616409443804301 -28.5
    endloop
  endfacet
  facet normal 0 0 -1
    outer loop
      vertex -2.8107197187858723 -14.734308760930329 -28.5
      vertex -2.2247967345311057 -1.616409443804301 -28.5
      vertex -2.004663725408882 -1.8825045413038934 -28.5
    endloop
  endfacet
  facet normal 0 0 -1
    outer loop
      vertex -2.8107197187858723 -14.734308760930329 -28.5
      vertex -2.004663725408882 -1.8825045413038934 -28.5
      vertex -1.7529159718088965 -2.118911417633421 -28.5
    endloop
  endfacet
  facet normal 0 0 -1
    outer loop
      vertex -2.8107197187858723 -14.734308760930329 -28.5
      vertex -1.7529159718088965 -2.118911417633421 -28.5
      vertex -1.4735236861922412 -2.321901795130541 -28.5
    endloop
  endfacet
  facet normal 0 0 -1
    outer loop
      vertex -4.635254915624211 -14.265847744427303 -28.5
      vertex -2.810719718785869 14.73430876093033 -28.5
      vertex -2.8107197187858723 -14.734308760930329 -28.5
    endloop
  endfacet
  facet normal 0 0 -1
    outer loop
      vertex -2.8107197187858723 -14.734308760930329 -28.5
      vertex -2.6636036931037355 -0.6838971897033508 -28.5
      vertex -2.5568853361926913 -1.0123425198828642 -28.5
    endloop
  endfacet
  facet normal 0 0 -1
    outer loop
      vertex -2.8107197187858723 -14.734308760930329 -28.5
      vertex -2.728315428614814 -0.34466639230183616 -28.5
      vertex -2.6636036931037355 -0.6838971897033508 -28.5
    endloop
  endfacet
  facet normal 0 0 -1
    outer loop
      vertex -2.8107197187858723 -14.734308760930329 -28.5
      vertex -2.75 0 -28.5
      vertex -2.728315428614814 -0.34466639230183616 -28.5
    endloop
  endfacet
  facet normal 0 0 -1
    outer loop
      vertex -2.8107197187858723 -14.734308760930329 -28.5
      vertex -1.170893051803949 -2.4882743942815537 -28.5
      vertex -0.8497967345311054 -2.615405419811672 -28.5
    endloop
  endfacet
  facet normal 0 0 -1
    outer loop
      vertex -2.8107197187858723 -14.734308760930329 -28.5
      vertex -1.4735236861922412 -2.321901795130541 -28.5
      vertex -1.170893051803949 -2.4882743942815537 -28.5
    endloop
  endfacet
  facet normal 0 0 -1
    outer loop
      vertex -0.9418577929397064 -14.970400926424073 -28.5
      vertex -0.8497967345311054 -2.615405419811672 -28.5
      vertex -0.5152986151107433 -2.701289939503894 -28.5
    endloop
  endfacet
  facet normal 0 0 -1
    outer loop
      vertex -0.9418577929397064 -14.970400926424073 -28.5
      vertex -0.5152986151107433 -2.701289939503894 -28.5
      vertex -0.17267392870561285 -2.744573503177747 -28.5
    endloop
  endfacet
  facet normal -0.7705132427757893 -0.6374239897486899 0
    outer loop
      vertex -10.934529411321176 -10.268206588930328 -28.5
      vertex -10.934529411321176 -10.268206588930328 0
      vertex -12.135254915624213 -8.816778784387097 0
    endloop
  endfacet
  facet normal -0.8443279255020157 -0.5358267949789955 0
    outer loop
      vertex -12.135254915624213 -8.816778784387097 -28.5
      vertex -12.135254915624213 -8.816778784387097 0
      vertex -13.144600200657951 -7.226305111525731 0
    endloop
  endfacet
  facet normal -0.5877852522924732 -0.8090169943749473 0
    outer loop
      vertex -9.561359846230344 -11.55769864163684 -28.5
      vertex -8.037401924684952 -12.664918882530225 0
      vertex -9.561359846230344 -11.55769864163684 0
    endloop
  endfacet
  facet normal -0.6845471059286885 -0.7289686274214118 0
    outer loop
      vertex -10.934529411321176 -10.268206588930328 -28.5
      vertex -9.561359846230344 -11.55769864163684 0
      vertex -10.934529411321176 -10.268206588930328 0
    endloop
  endfacet
  facet normal -0.904827052466019 -0.42577929156507377 0
    outer loop
      vertex -13.144600200657951 -7.226305111525731 -28.5
      vertex -13.144600200657951 -7.226305111525731 0
      vertex -13.946647288323772 -5.521868290270168 0
    endloop
  endfacet
  facet normal -0.9510565162951538 -0.30901699437494673 0
    outer loop
      vertex -13.946647288323772 -5.521868290270168 -28.5
      vertex -13.946647288323772 -5.521868290270168 0
      vertex -14.528747416929466 -3.7303483074728225 0
    endloop
  endfacet
  facet normal -0.9822872507286886 -0.18738131458572516 0
    outer loop
      vertex -14.528747416929466 -3.7303483074728225 -28.5
      vertex -14.528747416929466 -3.7303483074728225 0
      vertex -14.881720519717168 -1.879998503464561 0
    endloop
  endfacet
  facet normal -0.9980267284282716 -0.06279051952931293 0
    outer loop
      vertex -14.881720519717168 -1.879998503464561 -28.5
      vertex -14.881720519717168 -1.879998503464561 0
      vertex -15 0 0
    endloop
  endfacet
  facet normal 0 0 1
    outer loop
      vertex -13.144600200657951 -7.226305111525731 0
      vertex -13.946647288323772 5.521868290270168 0
      vertex -13.946647288323772 -5.521868290270168 0
    endloop
  endfacet
  facet normal 0 0 1
    outer loop
      vertex -14.528747416929466 -3.7303483074728225 0
      vertex -14.881720519717168 1.879998503464561 0
      vertex -14.881720519717168 -1.879998503464561 0
    endloop
  endfacet
  facet normal 0 0 1
    outer loop
      vertex -13.946647288323772 -5.521868290270168 0
      vertex -14.528747416929466 3.7303483074728225 0
      vertex -14.528747416929466 -3.7303483074728225 0
    endloop
  endfacet
  facet normal 0 0 1
    outer loop
      vertex -12.135254915624213 -8.816778784387097 0
      vertex -13.144600200657951 7.226305111525731 0
      vertex -13.144600200657951 -7.226305111525731 0
    endloop
  endfacet
  facet normal 0 0 1
    outer loop
      vertex -12.135254915624213 -8.816778784387097 0
      vertex -10.934529411321176 -10.268206588930328 0
      vertex -12.135254915624213 8.816778784387097 0
    endloop
  endfacet
  facet normal 0 0 1
    outer loop
      vertex -9.561359846230344 -11.55769864163684 0
      vertex -10.934529411321176 10.268206588930328 0
      vertex -10.934529411321176 -10.268206588930328 0
    endloop
  endfacet
  facet normal 0 0 1
    outer loop
      vertex -9.561359846230344 -11.55769864163684 0
      vertex -8.037401924684952 -12.664918882530225 0
      vertex -9.561359846230344 11.55769864163684 0
    endloop
  endfacet
  facet normal -0.3681245526846781 -0.9297764858882515 0
    outer loop
      vertex -6.386689373476086 -13.572405786990293 -28.5
      vertex -4.635254915624211 -14.265847744427303 0
      vertex -6.386689373476086 -13.572405786990293 0
    endloop
  endfacet
  facet normal -0.48175367410171455 -0.876306680043864 0
    outer loop
      vertex -8.037401924684952 -12.664918882530225 -28.5
      vertex -6.386689373476086 -13.572405786990293 0
      vertex -8.037401924684952 -12.664918882530225 0
    endloop
  endfacet
  facet normal -0.24868988716485493 -0.968583161128631 0
    outer loop
      vertex -4.635254915624211 -14.265847744427303 -28.5
      vertex -2.8107197187858723 -14.734308760930329 0
      vertex -4.635254915624211 -14.265847744427303 0
    endloop
  endfacet
  facet normal -0.12533323356430498 -0.9921147013144779 0
    outer loop
      vertex -2.8107197187858723 -14.734308760930329 -28.5
      vertex -0.9418577929397064 -14.970400926424073 0
      vertex -2.8107197187858723 -14.734308760930329 0
    endloop
  endfacet
  facet normal 0 -1 0
    outer loop
      vertex -0.9418577929397064 -14.970400926424073 -28.5
      vertex 0.9418577929397064 -14.970400926424073 0
      vertex -0.9418577929397064 -14.970400926424073 0
    endloop
  endfacet
  facet normal 0 0 1
    outer loop
      vertex -4.635254915624211 -14.265847744427303 0
      vertex -2.8107197187858723 -14.734308760930329 0
      vertex -4.846799999475479 0 0
    endloop
  endfacet
  facet normal 0 0 1
    outer loop
      vertex -2.8107197187858723 -14.734308760930329 0
      vertex -0.9418577929397064 -14.970400926424073 0
      vertex -2.4233999997377396 -4.197451926767826 0
    endloop
  endfacet
  facet normal 0 0 1
    outer loop
      vertex -0.9418577929397064 -14.970400926424073 0
      vertex 0.9418577929397064 -14.970400926424073 0
      vertex -2.4233999997377396 -4.197451926767826 0
    endloop
  endfacet
  facet normal 0 0 1
    outer loop
      vertex -8.037401924684952 -12.664918882530225 0
      vertex -6.386689373476086 -13.572405786990293 0
      vertex -8.037401924684952 12.664918882530225 0
    endloop
  endfacet
  facet normal 0 0 1
    outer loop
      vertex -6.386689373476086 -13.572405786990293 0
      vertex -4.635254915624211 -14.265847744427303 0
      vertex -6.386689373476091 13.572405786990291 0
    endloop
  endfacet
  facet normal 0 0 1
    outer loop
      vertex -4.635254915624211 -14.265847744427303 0
      vertex -4.846799999475479 0 0
      vertex -6.386689373476091 13.572405786990291 0
    endloop
  endfacet
  facet normal 0 0 1
    outer loop
      vertex -2.8107197187858723 -14.734308760930329 0
      vertex -2.4233999997377396 -4.197451926767826 0
      vertex -4.846799999475479 0 0
    endloop
  endfacet
  facet normal 0 0 -1
    outer loop
      vertex -14.881720519717168 -1.879998503464561 -28.5
      vertex -15 0 -28.5
      vertex -14.881720519717168 1.879998503464561 -28.5
    endloop
  endfacet
  facet normal 0 0 -1
    outer loop
      vertex -14.881720519717168 -1.879998503464561 -28.5
      vertex -14.881720519717168 1.879998503464561 -28.5
      vertex -14.528747416929466 3.7303483074728225 -28.5
    endloop
  endfacet
  facet normal 0 0 -1
    outer loop
      vertex -14.528747416929466 -3.7303483074728225 -28.5
      vertex -14.528747416929466 3.7303483074728225 -28.5
      vertex -13.946647288323772 5.521868290270168 -28.5
    endloop
  endfacet
  facet normal 0 0 -1
    outer loop
      vertex -13.946647288323772 -5.521868290270168 -28.5
      vertex -13.946647288323772 5.521868290270168 -28.5
      vertex -13.144600200657951 7.226305111525731 -28.5
    endloop
  endfacet
  facet normal 0 0 -1
    outer loop
      vertex -13.144600200657951 -7.226305111525731 -28.5
      vertex -13.144600200657951 7.226305111525731 -28.5
      vertex -12.135254915624213 8.816778784387097 -28.5
    endloop
  endfacet
  facet normal 0 0 -1
    outer loop
      vertex -12.135254915624213 -8.816778784387097 -28.5
      vertex -12.135254915624213 8.816778784387097 -28.5
      vertex -10.934529411321176 10.268206588930328 -28.5
    endloop
  endfacet
  facet normal 0 0 -1
    outer loop
      vertex -10.934529411321176 -10.268206588930328 -28.5
      vertex -10.934529411321176 10.268206588930328 -28.5
      vertex -9.561359846230344 11.55769864163684 -28.5
    endloop
  endfacet
  facet normal 0 0 -1
    outer loop
      vertex -9.561359846230344 -11.55769864163684 -28.5
      vertex -9.561359846230344 11.55769864163684 -28.5
      vertex -8.037401924684952 12.664918882530225 -28.5
    endloop
  endfacet
  facet normal -0.9980267284282716 0.06279051952931293 0
    outer loop
      vertex -15 0 -28.5
      vertex -14.881720519717168 1.879998503464561 0
      vertex -14.881720519717168 1.879998503464561 -28.5
    endloop
  endfacet
  facet normal -0.9822872507286886 0.18738131458572516 0
    outer loop
      vertex -14.881720519717168 1.879998503464561 -28.5
      vertex -14.528747416929466 3.7303483074728225 0
      vertex -14.528747416929466 3.7303483074728225 -28.5
    endloop
  endfacet
  facet normal -0.9510565162951538 0.30901699437494673 0
    outer loop
      vertex -14.528747416929466 3.7303483074728225 -28.5
      vertex -13.946647288323772 5.521868290270168 0
      vertex -13.946647288323772 5.521868290270168 -28.5
    endloop
  endfacet
  facet normal -0.904827052466019 0.42577929156507377 0
    outer loop
      vertex -13.946647288323772 5.521868290270168 -28.5
      vertex -13.144600200657951 7.226305111525731 0
      vertex -13.144600200657951 7.226305111525731 -28.5
    endloop
  endfacet
  facet normal -0.8443279255020157 0.5358267949789955 0
    outer loop
      vertex -13.144600200657951 7.226305111525731 -28.5
      vertex -12.135254915624213 8.816778784387097 0
      vertex -12.135254915624213 8.816778784387097 -28.5
    endloop
  endfacet
  facet normal -0.7705132427757893 0.6374239897486899 0
    outer loop
      vertex -12.135254915624213 8.816778784387097 -28.5
      vertex -10.934529411321176 10.268206588930328 0
      vertex -10.934529411321176 10.268206588930328 -28.5
    endloop
  endfacet
  facet normal -0.6845471059286885 0.7289686274214118 0
    outer loop
      vertex -10.934529411321176 10.268206588930328 -28.5
      vertex -10.934529411321176 10.268206588930328 0
      vertex -9.561359846230344 11.55769864163684 -28.5
    endloop
  endfacet
  facet normal -0.5877852522924732 0.8090169943749473 0
    outer loop
      vertex -9.561359846230344 11.55769864163684 -28.5
      vertex -9.561359846230344 11.55769864163684 0
      vertex -8.037401924684952 12.664918882530225 -28.5
    endloop
  endfacet
  facet normal 0 0 -1
    outer loop
      vertex -8.037401924684952 -12.664918882530225 -28.5
      vertex -8.037401924684952 12.664918882530225 -28.5
      vertex -6.386689373476091 13.572405786990291 -28.5
    endloop
  endfacet
  facet normal 0 0 -1
    outer loop
      vertex -6.386689373476086 -13.572405786990293 -28.5
      vertex -6.386689373476091 13.572405786990291 -28.5
      vertex -4.635254915624211 14.265847744427303 -28.5
    endloop
  endfacet
  facet normal 0 0 -1
    outer loop
      vertex -4.635254915624211 -14.265847744427303 -28.5
      vertex -4.635254915624211 14.265847744427303 -28.5
      vertex -2.810719718785869 14.73430876093033 -28.5
    endloop
  endfacet
  facet normal 0 0 -1
    outer loop
      vertex -2.8107197187858723 -14.734308760930329 -28.5
      vertex -2.810719718785869 14.73430876093033 -28.5
      vertex -2.75 0 -28.5
    endloop
  endfacet
  facet normal 0 0 -1
    outer loop
      vertex -2.810719718785869 14.73430876093033 -28.5
      vertex -2.728315428614814 0.34466639230183616 -28.5
      vertex -2.75 0 -28.5
    endloop
  endfacet
  facet normal 0 0 -1
    outer loop
      vertex -2.810719718785869 14.73430876093033 -28.5
      vertex -2.6636036931037355 0.6838971897033508 -28.5
      vertex -2.728315428614814 0.34466639230183616 -28.5
    endloop
  endfacet
  facet normal 0 0 -1
    outer loop
      vertex -2.810719718785869 14.73430876093033 -28.5
      vertex -2.5568853361926913 1.0123425198828642 -28.5
      vertex -2.6636036931037355 0.6838971897033508 -28.5
    endloop
  endfacet
  facet normal 0 0 -1
    outer loop
      vertex -2.810719718785869 14.73430876093033 -28.5
      vertex -2.4098433701206243 1.3248226037797173 -28.5
      vertex -2.5568853361926913 1.0123425198828642 -28.5
    endloop
  endfacet
  facet normal 0 0 -1
    outer loop
      vertex -2.810719718785869 14.73430876093033 -28.5
      vertex -2.2247967345311057 1.616409443804301 -28.5
      vertex -2.4098433701206243 1.3248226037797173 -28.5
    endloop
  endfacet
  facet normal 0 0 -1
    outer loop
      vertex -2.810719718785869 14.73430876093033 -28.5
      vertex -2.004663725408882 1.8825045413038934 -28.5
      vertex -2.2247967345311057 1.616409443804301 -28.5
    endloop
  endfacet
  facet normal 0 0 -1
    outer loop
      vertex -2.810719718785869 14.73430876093033 -28.5
      vertex -1.7529159718088965 2.118911417633421 -28.5
      vertex -2.004663725408882 1.8825045413038934 -28.5
    endloop
  endfacet
  facet normal 0 0 -1
    outer loop
      vertex -0.9418577929396992 14.970400926424073 -28.5
      vertex -1.4735236861922412 2.321901795130541 -28.5
      vertex -1.7529159718088965 2.118911417633421 -28.5
    endloop
  endfacet
  facet normal 0 0 -1
    outer loop
      vertex -0.9418577929396992 14.970400926424073 -28.5
      vertex -1.17089305180395 2.4882743942815537 -28.5
      vertex -1.4735236861922412 2.321901795130541 -28.5
    endloop
  endfacet
  facet normal 0 0 -1
    outer loop
      vertex -0.9418577929396992 14.970400926424073 -28.5
      vertex -0.8497967345311054 2.615405419811672 -28.5
      vertex -1.17089305180395 2.4882743942815537 -28.5
    endloop
  endfacet
  facet normal 0 0 -1
    outer loop
      vertex -0.9418577929396992 14.970400926424073 -28.5
      vertex -0.5152986151107426 2.701289939503894 -28.5
      vertex -0.8497967345311054 2.615405419811672 -28.5
    endloop
  endfacet
  facet normal 0 0 -1
    outer loop
      vertex -0.9418577929396992 14.970400926424073 -28.5
      vertex -0.17267392870561152 2.744573503177747 -28.5
      vertex -0.5152986151107426 2.701289939503894 -28.5
    endloop
  endfacet
  facet normal 0 0 -1
    outer loop
      vertex -0.9418577929396992 14.970400926424073 -28.5
      vertex 0.1726739287056087 2.744573503177747 -28.5
      vertex -0.17267392870561152 2.744573503177747 -28.5
    endloop
  endfacet
  facet normal 0 0 -1
    outer loop
      vertex -2.810719718785869 14.73430876093033 -28.5
      vertex -0.9418577929396992 14.970400926424073 -28.5
      vertex -1.7529159718088965 2.118911417633421 -28.5
    endloop
  endfacet
  facet normal -0.48175367410171477 0.8763066800438639 0
    outer loop
      vertex -8.037401924684952 12.664918882530225 -28.5
      vertex -8.037401924684952 12.664918882530225 0
      vertex -6.386689373476091 13.572405786990291 -28.5
    endloop
  endfacet
  facet normal -0.36812455268467803 0.9297764858882513 0
    outer loop
      vertex -6.386689373476091 13.572405786990291 -28.5
      vertex -6.386689373476091 13.572405786990291 0
      vertex -4.635254915624211 14.265847744427303 -28.5
    endloop
  endfacet
  facet normal -0.24868988716485535 0.968583161128631 0
    outer loop
      vertex -4.635254915624211 14.265847744427303 -28.5
      vertex -4.635254915624211 14.265847744427303 0
      vertex -2.810719718785869 14.73430876093033 -28.5
    endloop
  endfacet
  facet normal -0.12533323356430381 0.992114701314478 0
    outer loop
      vertex -2.810719718785869 14.73430876093033 -28.5
      vertex -2.810719718785869 14.73430876093033 0
      vertex -0.9418577929396992 14.970400926424073 -28.5
    endloop
  endfacet
  facet normal 0 1 0
    outer loop
      vertex -0.9418577929396992 14.970400926424073 -28.5
      vertex -0.9418577929396992 14.970400926424073 0
      vertex 0.9418577929396992 14.970400926424073 -28.5
    endloop
  endfacet
  facet normal -0.9980267284282716 0.06279051952931293 0
    outer loop
      vertex -15 0 -28.5
      vertex -15 0 0
      vertex -14.881720519717168 1.879998503464561 0
    endloop
  endfacet
  facet normal -0.9822872507286886 0.18738131458572516 0
    outer loop
      vertex -14.881720519717168 1.879998503464561 -28.5
      vertex -14.881720519717168 1.879998503464561 0
      vertex -14.528747416929466 3.7303483074728225 0
    endloop
  endfacet
  facet normal -0.9510565162951538 0.30901699437494673 0
    outer loop
      vertex -14.528747416929466 3.7303483074728225 -28.5
      vertex -14.528747416929466 3.7303483074728225 0
      vertex -13.946647288323772 5.521868290270168 0
    endloop
  endfacet
  facet normal -0.904827052466019 0.42577929156507377 0
    outer loop
      vertex -13.946647288323772 5.521868290270168 -28.5
      vertex -13.946647288323772 5.521868290270168 0
      vertex -13.144600200657951 7.226305111525731 0
    endloop
  endfacet
  facet normal 0 0 1
    outer loop
      vertex -14.881720519717168 -1.879998503464561 0
      vertex -14.881720519717168 1.879998503464561 0
      vertex -15 0 0
    endloop
  endfacet
  facet normal 0 0 1
    outer loop
      vertex -14.528747416929466 -3.7303483074728225 0
      vertex -14.528747416929466 3.7303483074728225 0
      vertex -14.881720519717168 1.879998503464561 0
    endloop
  endfacet
  facet normal 0 0 1
    outer loop
      vertex -13.946647288323772 -5.521868290270168 0
      vertex -13.946647288323772 5.521868290270168 0
      vertex -14.528747416929466 3.7303483074728225 0
    endloop
  endfacet
  facet normal 0 0 1
    outer loop
      vertex -13.144600200657951 -7.226305111525731 0
      vertex -13.144600200657951 7.226305111525731 0
      vertex -13.946647288323772 5.521868290270168 0
    endloop
  endfacet
  facet normal 0 0 1
    outer loop
      vertex -12.135254915624213 -8.816778784387097 0
      vertex -12.135254915624213 8.816778784387097 0
      vertex -13.144600200657951 7.226305111525731 0
    endloop
  endfacet
  facet normal 0 0 1
    outer loop
      vertex -10.934529411321176 -10.268206588930328 0
      vertex -10.934529411321176 10.268206588930328 0
      vertex -12.135254915624213 8.816778784387097 0
    endloop
  endfacet
  facet normal 0 0 1
    outer loop
      vertex -9.561359846230344 -11.55769864163684 0
      vertex -9.561359846230344 11.55769864163684 0
      vertex -10.934529411321176 10.268206588930328 0
    endloop
  endfacet
  facet normal 0 0 1
    outer loop
      vertex -8.037401924684952 -12.664918882530225 0
      vertex -8.037401924684952 12.664918882530225 0
      vertex -9.561359846230344 11.55769864163684 0
    endloop
  endfacet
  facet normal -0.8443279255020157 0.5358267949789955 0
    outer loop
      vertex -13.144600200657951 7.226305111525731 -28.5
      vertex -13.144600200657951 7.226305111525731 0
      vertex -12.135254915624213 8.816778784387097 0
    endloop
  endfacet
  facet normal -0.7705132427757893 0.6374239897486899 0
    outer loop
      vertex -12.135254915624213 8.816778784387097 -28.5
      vertex -12.135254915624213 8.816778784387097 0
      vertex -10.934529411321176 10.268206588930328 0
    endloop
  endfacet
  facet normal -0.6845471059286885 0.7289686274214118 0
    outer loop
      vertex -9.561359846230344 11.55769864163684 -28.5
      vertex -10.934529411321176 10.268206588930328 0
      vertex -9.561359846230344 11.55769864163684 0
    endloop
  endfacet
  facet normal -0.5877852522924732 0.8090169943749473 0
    outer loop
      vertex -8.037401924684952 12.664918882530225 -28.5
      vertex -9.561359846230344 11.55769864163684 0
      vertex -8.037401924684952 12.664918882530225 0
    endloop
  endfacet
  facet normal 0 0 1
    outer loop
      vertex -6.386689373476086 -13.572405786990293 0
      vertex -6.386689373476091 13.572405786990291 0
      vertex -8.037401924684952 12.664918882530225 0
    endloop
  endfacet
  facet normal 0 0 1
    outer loop
      vertex -6.386689373476091 13.572405786990291 0
      vertex -4.846799999475479 0 0
      vertex -2.4233999997377396 4.197451926767826 0
    endloop
  endfacet
  facet normal -0.48175367410171477 0.8763066800438639 0
    outer loop
      vertex -6.386689373476091 13.572405786990291 -28.5
      vertex -8.037401924684952 12.664918882530225 0
      vertex -6.386689373476091 13.572405786990291 0
    endloop
  endfacet
  facet normal -0.36812455268467803 0.9297764858882513 0
    outer loop
      vertex -4.635254915624211 14.265847744427303 -28.5
      vertex -6.386689373476091 13.572405786990291 0
      vertex -4.635254915624211 14.265847744427303 0
    endloop
  endfacet
  facet normal -0.24868988716485535 0.968583161128631 0
    outer loop
      vertex -2.810719718785869 14.73430876093033 -28.5
      vertex -4.635254915624211 14.265847744427303 0
      vertex -2.810719718785869 14.73430876093033 0
    endloop
  endfacet
  facet normal -0.12533323356430381 0.992114701314478 0
    outer loop
      vertex -0.9418577929396992 14.970400926424073 -28.5
      vertex -2.810719718785869 14.73430876093033 0
      vertex -0.9418577929396992 14.970400926424073 0
    endloop
  endfacet
  facet normal 0 0 1
    outer loop
      vertex -6.386689373476091 13.572405786990291 0
      vertex -2.4233999997377396 4.197451926767826 0
      vertex -4.635254915624211 14.265847744427303 0
    endloop
  endfacet
  facet normal 0 0 1
    outer loop
      vertex -4.635254915624211 14.265847744427303 0
      vertex -2.4233999997377396 4.197451926767826 0
      vertex -2.810719718785869 14.73430876093033 0
    endloop
  endfacet
  facet normal 0 0 1
    outer loop
      vertex -2.810719718785869 14.73430876093033 0
      vertex -2.4233999997377396 4.197451926767826 0
      vertex 2.4233999997377396 4.197451926767826 0
    endloop
  endfacet
  facet normal 0 0 1
    outer loop
      vertex -2.810719718785869 14.73430876093033 0
      vertex 2.4233999997377396 4.197451926767826 0
      vertex -0.9418577929396992 14.970400926424073 0
    endloop
  endfacet
  facet normal 0 0 -1
    outer loop
      vertex 0.9418577929397064 -14.970400926424073 -28.5
      vertex 1.7529159718088974 -2.11891141763342 -28.5
      vertex 2.8107197187858723 -14.734308760930329 -28.5
    endloop
  endfacet
  facet normal 0 -1 0
    outer loop
      vertex -0.9418577929397064 -14.970400926424073 -28.5
      vertex 0.9418577929397064 -14.970400926424073 -28.5
      vertex 0.9418577929397064 -14.970400926424073 0
    endloop
  endfacet
  facet normal 0.12533323356430498 -0.9921147013144779 0
    outer loop
      vertex 0.9418577929397064 -14.970400926424073 -28.5
      vertex 2.8107197187858723 -14.734308760930329 -28.5
      vertex 2.8107197187858723 -14.734308760930329 0
    endloop
  endfacet
  facet normal 0.24868988716485493 -0.968583161128631 0
    outer loop
      vertex 2.8107197187858723 -14.734308760930329 -28.5
      vertex 4.635254915624211 -14.265847744427303 -28.5
      vertex 4.635254915624211 -14.265847744427303 0
    endloop
  endfacet
  facet normal 0.3681245526846781 -0.9297764858882515 0
    outer loop
      vertex 4.635254915624211 -14.265847744427303 -28.5
      vertex 6.386689373476086 -13.572405786990293 -28.5
      vertex 6.386689373476086 -13.572405786990293 0
    endloop
  endfacet
  facet normal 0.4817536741017143 -0.876306680043864 0
    outer loop
      vertex 6.386689373476086 -13.572405786990293 -28.5
      vertex 8.037401924684943 -12.66491888253023 -28.5
      vertex 8.037401924684943 -12.66491888253023 0
    endloop
  endfacet
  facet normal 0 0 -1
    outer loop
      vertex 0.9418577929397064 -14.970400926424073 -28.5
      vertex -0.17267392870561285 -2.744573503177747 -28.5
      vertex 0.17267392870561285 -2.744573503177747 -28.5
    endloop
  endfacet
  facet normal 0 0 -1
    outer loop
      vertex 0.9418577929397064 -14.970400926424073 -28.5
      vertex 0.17267392870561285 -2.744573503177747 -28.5
      vertex 0.5152986151107433 -2.701289939503894 -28.5
    endloop
  endfacet
  facet normal 0 0 -1
    outer loop
      vertex 0.9418577929397064 -14.970400926424073 -28.5
      vertex 0.5152986151107433 -2.701289939503894 -28.5
      vertex 0.8497967345311054 -2.615405419811672 -28.5
    endloop
  endfacet
  facet normal 0 0 -1
    outer loop
      vertex 0.9418577929397064 -14.970400926424073 -28.5
      vertex 0.8497967345311054 -2.615405419811672 -28.5
      vertex 1.170893051803949 -2.4882743942815537 -28.5
    endloop
  endfacet
  facet normal 0 0 -1
    outer loop
      vertex 0.9418577929397064 -14.970400926424073 -28.5
      vertex 1.170893051803949 -2.4882743942815537 -28.5
      vertex 1.4735236861922396 -2.3219017951305423 -28.5
    endloop
  endfacet
  facet normal 0 0 -1
    outer loop
      vertex 0.9418577929397064 -14.970400926424073 -28.5
      vertex 1.4735236861922396 -2.3219017951305423 -28.5
      vertex 1.7529159718088974 -2.11891141763342 -28.5
    endloop
  endfacet
  facet normal 0 0 -1
    outer loop
      vertex 2.8107197187858723 -14.734308760930329 -28.5
      vertex 1.7529159718088974 -2.11891141763342 -28.5
      vertex 2.004663725408882 -1.8825045413038934 -28.5
    endloop
  endfacet
  facet normal 0 0 -1
    outer loop
      vertex 2.8107197187858723 -14.734308760930329 -28.5
      vertex 2.004663725408882 -1.8825045413038934 -28.5
      vertex 2.2247967345311057 -1.616409443804301 -28.5
    endloop
  endfacet
  facet normal 0 0 -1
    outer loop
      vertex 2.8107197187858723 -14.734308760930329 -28.5
      vertex 2.2247967345311057 -1.616409443804301 -28.5
      vertex 2.4098433701206243 -1.3248226037797173 -28.5
    endloop
  endfacet
  facet normal 0 0 -1
    outer loop
      vertex 2.8107197187858723 -14.734308760930329 -28.5
      vertex 2.4098433701206243 -1.3248226037797173 -28.5
      vertex 2.556885336192691 -1.0123425198828655 -28.5
    endloop
  endfacet
  facet normal 0 0 -1
    outer loop
      vertex 2.8107197187858723 -14.734308760930329 -28.5
      vertex 2.556885336192691 -1.0123425198828655 -28.5
      vertex 2.663603693103736 -0.6838971897033497 -28.5
    endloop
  endfacet
  facet normal 0 0 -1
    outer loop
      vertex 2.8107197187858723 -14.734308760930329 -28.5
      vertex 2.663603693103736 -0.6838971897033497 -28.5
      vertex 2.728315428614814 -0.34466639230183616 -28.5
    endloop
  endfacet
  facet normal 0 0 -1
    outer loop
      vertex 2.8107197187858723 -14.734308760930329 -28.5
      vertex 2.728315428614814 -0.34466639230183616 -28.5
      vertex 2.75 0 -28.5
    endloop
  endfacet
  facet normal 0 0 -1
    outer loop
      vertex 2.8107197187858723 -14.734308760930329 -28.5
      vertex 4.635254915624211 14.265847744427303 -28.5
      vertex 4.635254915624211 -14.265847744427303 -28.5
    endloop
  endfacet
  facet normal 0 0 -1
    outer loop
      vertex 4.635254915624211 -14.265847744427303 -28.5
      vertex 6.386689373476091 13.572405786990291 -28.5
      vertex 6.386689373476086 -13.572405786990293 -28.5
    endloop
  endfacet
  facet normal 0 0 -1
    outer loop
      vertex 6.386689373476086 -13.572405786990293 -28.5
      vertex 8.03740192468495 12.664918882530227 -28.5
      vertex 8.037401924684943 -12.66491888253023 -28.5
    endloop
  endfacet
  facet normal 0.5877852522924728 -0.8090169943749477 0
    outer loop
      vertex 8.037401924684943 -12.66491888253023 -28.5
      vertex 9.56135984623035 -11.557698641636836 -28.5
      vertex 9.56135984623035 -11.557698641636836 0
    endloop
  endfacet
  facet normal 0.684547105928689 -0.7289686274214112 0
    outer loop
      vertex 9.56135984623035 -11.557698641636836 -28.5
      vertex 10.934529411321176 -10.268206588930328 -28.5
      vertex 10.934529411321176 -10.268206588930328 0
    endloop
  endfacet
  facet normal 0.7705132427757893 -0.6374239897486899 0
    outer loop
      vertex 10.934529411321176 -10.268206588930328 -28.5
      vertex 12.135254915624213 -8.816778784387097 -28.5
      vertex 10.934529411321176 -10.268206588930328 0
    endloop
  endfacet
  facet normal 0.8443279255020157 -0.5358267949789955 0
    outer loop
      vertex 12.135254915624213 -8.816778784387097 -28.5
      vertex 13.144600200657951 -7.226305111525731 -28.5
      vertex 12.135254915624213 -8.816778784387097 0
    endloop
  endfacet
  facet normal 0 0 -1
    outer loop
      vertex 8.037401924684943 -12.66491888253023 -28.5
      vertex 9.561359846230346 11.557698641636836 -28.5
      vertex 9.56135984623035 -11.557698641636836 -28.5
    endloop
  endfacet
  facet normal 0 0 -1
    outer loop
      vertex 9.56135984623035 -11.557698641636836 -28.5
      vertex 10.934529411321174 10.268206588930331 -28.5
      vertex 10.934529411321176 -10.268206588930328 -28.5
    endloop
  endfacet
  facet normal 0 0 -1
    outer loop
      vertex 10.934529411321176 -10.268206588930328 -28.5
      vertex 12.135254915624213 8.816778784387097 -28.5
      vertex 12.135254915624213 -8.816778784387097 -28.5
    endloop
  endfacet
  facet normal 0 0 -1
    outer loop
      vertex 12.135254915624213 -8.816778784387097 -28.5
      vertex 13.144600200657953 7.22630511152573 -28.5
      vertex 13.144600200657951 -7.226305111525731 -28.5
    endloop
  endfacet
  facet normal 0 0 -1
    outer loop
      vertex 13.144600200657951 -7.226305111525731 -28.5
      vertex 13.94664728832377 5.521868290270169 -28.5
      vertex 13.946647288323769 -5.5218682902701755 -28.5
    endloop
  endfacet
  facet normal 0 0 -1
    outer loop
      vertex 13.946647288323769 -5.5218682902701755 -28.5
      vertex 14.528747416929466 3.730348307472822 -28.5
      vertex 14.528747416929468 -3.7303483074728163 -28.5
    endloop
  endfacet
  facet normal 0 0 -1
    outer loop
      vertex 14.528747416929468 -3.7303483074728163 -28.5
      vertex 14.881720519717168 1.8799985034645639 -28.5
      vertex 14.881720519717168 -1.879998503464561 -28.5
    endloop
  endfacet
  facet normal 0.904827052466019 -0.4257792915650737 0
    outer loop
      vertex 13.144600200657951 -7.226305111525731 -28.5
      vertex 13.946647288323769 -5.5218682902701755 -28.5
      vertex 13.144600200657951 -7.226305111525731 0
    endloop
  endfacet
  facet normal 0.9510565162951536 -0.30901699437494723 0
    outer loop
      vertex 13.946647288323769 -5.5218682902701755 -28.5
      vertex 14.528747416929468 -3.7303483074728163 -28.5
      vertex 13.946647288323769 -5.5218682902701755 0
    endloop
  endfacet
  facet normal 0.9822872507286886 -0.18738131458572482 0
    outer loop
      vertex 14.528747416929468 -3.7303483074728163 -28.5
      vertex 14.881720519717168 -1.879998503464561 -28.5
      vertex 14.528747416929468 -3.7303483074728163 0
    endloop
  endfacet
  facet normal 0.9980267284282716 -0.06279051952931293 0
    outer loop
      vertex 14.881720519717168 -1.879998503464561 -28.5
      vertex 15 0 -28.5
      vertex 14.881720519717168 -1.879998503464561 0
    endloop
  endfacet
  facet normal 0.12533323356430498 -0.9921147013144779 0
    outer loop
      vertex 0.9418577929397064 -14.970400926424073 -28.5
      vertex 2.8107197187858723 -14.734308760930329 0
      vertex 0.9418577929397064 -14.970400926424073 0
    endloop
  endfacet
  facet normal 0.24868988716485493 -0.968583161128631 0
    outer loop
      vertex 2.8107197187858723 -14.734308760930329 -28.5
      vertex 4.635254915624211 -14.265847744427303 0
      vertex 2.8107197187858723 -14.734308760930329 0
    endloop
  endfacet
  facet normal 0.3681245526846781 -0.9297764858882515 0
    outer loop
      vertex 4.635254915624211 -14.265847744427303 -28.5
      vertex 6.386689373476086 -13.572405786990293 0
      vertex 4.635254915624211 -14.265847744427303 0
    endloop
  endfacet
  facet normal 0.4817536741017143 -0.876306680043864 0
    outer loop
      vertex 6.386689373476086 -13.572405786990293 -28.5
      vertex 8.037401924684943 -12.66491888253023 0
      vertex 6.386689373476086 -13.572405786990293 0
    endloop
  endfacet
  facet normal 0 0 1
    outer loop
      vertex 0.9418577929397064 -14.970400926424073 0
      vertex 2.8107197187858723 -14.734308760930329 0
      vertex -2.4233999997377396 -4.197451926767826 0
    endloop
  endfacet
  facet normal 0 0 1
    outer loop
      vertex 2.8107197187858723 -14.734308760930329 0
      vertex 2.4233999997377396 -4.197451926767826 0
      vertex -2.4233999997377396 -4.197451926767826 0
    endloop
  endfacet
  facet normal 0 0 1
    outer loop
      vertex 2.8107197187858723 -14.734308760930329 0
      vertex 4.635254915624211 -14.265847744427303 0
      vertex 2.4233999997377396 -4.197451926767826 0
    endloop
  endfacet
  facet normal 0 0 1
    outer loop
      vertex 4.635254915624211 -14.265847744427303 0
      vertex 6.386689373476086 -13.572405786990293 0
      vertex 2.4233999997377396 -4.197451926767826 0
    endloop
  endfacet
  facet normal 0 0 1
    outer loop
      vertex 6.386689373476086 -13.572405786990293 0
      vertex 4.846799999475479 0 0
      vertex 2.4233999997377396 -4.197451926767826 0
    endloop
  endfacet
  facet normal 0 0 1
    outer loop
      vertex 6.386689373476086 -13.572405786990293 0
      vertex 8.037401924684943 -12.66491888253023 0
      vertex 6.386689373476091 13.572405786990291 0
    endloop
  endfacet
  facet normal 0.5877852522924728 -0.8090169943749477 0
    outer loop
      vertex 8.037401924684943 -12.66491888253023 -28.5
      vertex 9.56135984623035 -11.557698641636836 0
      vertex 8.037401924684943 -12.66491888253023 0
    endloop
  endfacet
  facet normal 0.684547105928689 -0.7289686274214112 0
    outer loop
      vertex 9.56135984623035 -11.557698641636836 -28.5
      vertex 10.934529411321176 -10.268206588930328 0
      vertex 9.56135984623035 -11.557698641636836 0
    endloop
  endfacet
  facet normal 0.7705132427757893 -0.6374239897486899 0
    outer loop
      vertex 12.135254915624213 -8.816778784387097 -28.5
      vertex 12.135254915624213 -8.816778784387097 0
      vertex 10.934529411321176 -10.268206588930328 0
    endloop
  endfacet
  facet normal 0.8443279255020157 -0.5358267949789955 0
    outer loop
      vertex 13.144600200657951 -7.226305111525731 -28.5
      vertex 13.144600200657951 -7.226305111525731 0
      vertex 12.135254915624213 -8.816778784387097 0
    endloop
  endfacet
  facet normal 0.904827052466019 -0.4257792915650737 0
    outer loop
      vertex 13.946647288323769 -5.5218682902701755 -28.5
      vertex 13.946647288323769 -5.5218682902701755 0
      vertex 13.144600200657951 -7.226305111525731 0
    endloop
  endfacet
  facet normal 0.9510565162951536 -0.30901699437494723 0
    outer loop
      vertex 14.528747416929468 -3.7303483074728163 -28.5
      vertex 14.528747416929468 -3.7303483074728163 0
      vertex 13.946647288323769 -5.5218682902701755 0
    endloop
  endfacet
  facet normal 0.9822872507286886 -0.18738131458572482 0
    outer loop
      vertex 14.881720519717168 -1.879998503464561 -28.5
      vertex 14.881720519717168 -1.879998503464561 0
      vertex 14.528747416929468 -3.7303483074728163 0
    endloop
  endfacet
  facet normal 0.9980267284282716 -0.06279051952931293 0
    outer loop
      vertex 14.881720519717168 -1.879998503464561 0
      vertex 15 0 -28.5
      vertex 15 0 0
    endloop
  endfacet
  facet normal 0 0 1
    outer loop
      vertex 8.037401924684943 -12.66491888253023 0
      vertex 9.56135984623035 -11.557698641636836 0
      vertex 8.03740192468495 12.664918882530227 0
    endloop
  endfacet
  facet normal 0 0 1
    outer loop
      vertex 9.56135984623035 -11.557698641636836 0
      vertex 10.934529411321176 -10.268206588930328 0
      vertex 9.561359846230346 11.557698641636836 0
    endloop
  endfacet
  facet normal 0 0 1
    outer loop
      vertex 10.934529411321176 -10.268206588930328 0
      vertex 12.135254915624213 -8.816778784387097 0
      vertex 10.934529411321174 10.268206588930331 0
    endloop
  endfacet
  facet normal 0 0 1
    outer loop
      vertex 12.135254915624213 -8.816778784387097 0
      vertex 13.144600200657951 -7.226305111525731 0
      vertex 12.135254915624213 8.816778784387097 0
    endloop
  endfacet
  facet normal 0 0 1
    outer loop
      vertex 13.144600200657951 -7.226305111525731 0
      vertex 13.946647288323769 -5.5218682902701755 0
      vertex 13.144600200657953 7.22630511152573 0
    endloop
  endfacet
  facet normal 0 0 1
    outer loop
      vertex 13.946647288323769 -5.5218682902701755 0
      vertex 14.528747416929468 -3.7303483074728163 0
      vertex 13.94664728832377 5.521868290270169 0
    endloop
  endfacet
  facet normal 0 0 1
    outer loop
      vertex 14.528747416929468 -3.7303483074728163 0
      vertex 14.881720519717168 -1.879998503464561 0
      vertex 14.528747416929466 3.730348307472822 0
    endloop
  endfacet
  facet normal 0 0 -1
    outer loop
      vertex 2.8107197187858723 -14.734308760930329 -28.5
      vertex 2.75 0 -28.5
      vertex 2.810719718785869 14.73430876093033 -28.5
    endloop
  endfacet
  facet normal 0 0 -1
    outer loop
      vertex 0.9418577929396992 14.970400926424073 -28.5
      vertex 0.5152986151107426 2.701289939503894 -28.5
      vertex 0.1726739287056087 2.744573503177747 -28.5
    endloop
  endfacet
  facet normal 0 0 -1
    outer loop
      vertex 0.9418577929396992 14.970400926424073 -28.5
      vertex 0.8497967345311054 2.615405419811672 -28.5
      vertex 0.5152986151107426 2.701289939503894 -28.5
    endloop
  endfacet
  facet normal 0 0 -1
    outer loop
      vertex 2.810719718785869 14.73430876093033 -28.5
      vertex 1.4735236861922407 2.3219017951305414 -28.5
      vertex 1.17089305180395 2.4882743942815537 -28.5
    endloop
  endfacet
  facet normal 0 0 -1
    outer loop
      vertex 2.810719718785869 14.73430876093033 -28.5
      vertex 1.17089305180395 2.4882743942815537 -28.5
      vertex 0.8497967345311054 2.615405419811672 -28.5
    endloop
  endfacet
  facet normal 0 0 -1
    outer loop
      vertex 2.810719718785869 14.73430876093033 -28.5
      vertex 2.75 0 -28.5
      vertex 2.728315428614814 0.3446663923018367 -28.5
    endloop
  endfacet
  facet normal 0 0 -1
    outer loop
      vertex 2.810719718785869 14.73430876093033 -28.5
      vertex 2.728315428614814 0.3446663923018367 -28.5
      vertex 2.6636036931037355 0.6838971897033507 -28.5
    endloop
  endfacet
  facet normal 0 0 -1
    outer loop
      vertex 2.810719718785869 14.73430876093033 -28.5
      vertex 2.6636036931037355 0.6838971897033507 -28.5
      vertex 2.5568853361926913 1.0123425198828644 -28.5
    endloop
  endfacet
  facet normal 0 0 -1
    outer loop
      vertex 2.8107197187858723 -14.734308760930329 -28.5
      vertex 2.810719718785869 14.73430876093033 -28.5
      vertex 4.635254915624211 14.265847744427303 -28.5
    endloop
  endfacet
  facet normal 0 0 -1
    outer loop
      vertex 2.810719718785869 14.73430876093033 -28.5
      vertex 1.7529159718088967 2.11891141763342 -28.5
      vertex 1.4735236861922407 2.3219017951305414 -28.5
    endloop
  endfacet
  facet normal 0 0 -1
    outer loop
      vertex 2.810719718785869 14.73430876093033 -28.5
      vertex 2.0046637254088817 1.882504541303894 -28.5
      vertex 1.7529159718088967 2.11891141763342 -28.5
    endloop
  endfacet
  facet normal 0 0 -1
    outer loop
      vertex 2.810719718785869 14.73430876093033 -28.5
      vertex 2.2247967345311057 1.616409443804301 -28.5
      vertex 2.0046637254088817 1.882504541303894 -28.5
    endloop
  endfacet
  facet normal 0 0 -1
    outer loop
      vertex 2.810719718785869 14.73430876093033 -28.5
      vertex 2.4098433701206248 1.324822603779717 -28.5
      vertex 2.2247967345311057 1.616409443804301 -28.5
    endloop
  endfacet
  facet normal 0 0 -1
    outer loop
      vertex 2.810719718785869 14.73430876093033 -28.5
      vertex 2.5568853361926913 1.0123425198828644 -28.5
      vertex 2.4098433701206248 1.324822603779717 -28.5
    endloop
  endfacet
  facet normal 0 0 -1
    outer loop
      vertex 4.635254915624211 -14.265847744427303 -28.5
      vertex 4.635254915624211 14.265847744427303 -28.5
      vertex 6.386689373476091 13.572405786990291 -28.5
    endloop
  endfacet
  facet normal 0 0 -1
    outer loop
      vertex 6.386689373476086 -13.572405786990293 -28.5
      vertex 6.386689373476091 13.572405786990291 -28.5
      vertex 8.03740192468495 12.664918882530227 -28.5
    endloop
  endfacet
  facet normal 0 0 -1
    outer loop
      vertex -0.9418577929396992 14.970400926424073 -28.5
      vertex 0.9418577929396992 14.970400926424073 -28.5
      vertex 0.1726739287056087 2.744573503177747 -28.5
    endloop
  endfacet
  facet normal 0 0 -1
    outer loop
      vertex 0.9418577929396992 14.970400926424073 -28.5
      vertex 2.810719718785869 14.73430876093033 -28.5
      vertex 0.8497967345311054 2.615405419811672 -28.5
    endloop
  endfacet
  facet normal 0.12533323356430381 0.992114701314478 0
    outer loop
      vertex 0.9418577929396992 14.970400926424073 -28.5
      vertex 0.9418577929396992 14.970400926424073 0
      vertex 2.810719718785869 14.73430876093033 -28.5
    endloop
  endfacet
  facet normal 0.24868988716485535 0.968583161128631 0
    outer loop
      vertex 2.810719718785869 14.73430876093033 -28.5
      vertex 2.810719718785869 14.73430876093033 0
      vertex 4.635254915624211 14.265847744427303 -28.5
    endloop
  endfacet
  facet normal 0.36812455268467803 0.9297764858882513 0
    outer loop
      vertex 4.635254915624211 14.265847744427303 -28.5
      vertex 4.635254915624211 14.265847744427303 0
      vertex 6.386689373476091 13.572405786990291 -28.5
    endloop
  endfacet
  facet normal 0.4817536741017144 0.876306680043864 0
    outer loop
      vertex 6.386689373476091 13.572405786990291 -28.5
      vertex 6.386689373476091 13.572405786990291 0
      vertex 8.03740192468495 12.664918882530227 -28.5
    endloop
  endfacet
  facet normal 0 0 -1
    outer loop
      vertex 9.56135984623035 -11.557698641636836 -28.5
      vertex 9.561359846230346 11.557698641636836 -28.5
      vertex 10.934529411321174 10.268206588930331 -28.5
    endloop
  endfacet
  facet normal 0 0 -1
    outer loop
      vertex 8.037401924684943 -12.66491888253023 -28.5
      vertex 8.03740192468495 12.664918882530227 -28.5
      vertex 9.561359846230346 11.557698641636836 -28.5
    endloop
  endfacet
  facet normal 0 0 -1
    outer loop
      vertex 10.934529411321176 -10.268206588930328 -28.5
      vertex 10.934529411321174 10.268206588930331 -28.5
      vertex 12.135254915624213 8.816778784387097 -28.5
    endloop
  endfacet
  facet normal 0 0 -1
    outer loop
      vertex 12.135254915624213 -8.816778784387097 -28.5
      vertex 12.135254915624213 8.816778784387097 -28.5
      vertex 13.144600200657953 7.22630511152573 -28.5
    endloop
  endfacet
  facet normal 0 0 -1
    outer loop
      vertex 13.144600200657951 -7.226305111525731 -28.5
      vertex 13.144600200657953 7.22630511152573 -28.5
      vertex 13.94664728832377 5.521868290270169 -28.5
    endloop
  endfacet
  facet normal 0 0 -1
    outer loop
      vertex 14.881720519717168 -1.879998503464561 -28.5
      vertex 14.881720519717168 1.8799985034645639 -28.5
      vertex 15 0 -28.5
    endloop
  endfacet
  facet normal 0 0 -1
    outer loop
      vertex 14.528747416929468 -3.7303483074728163 -28.5
      vertex 14.528747416929466 3.730348307472822 -28.5
      vertex 14.881720519717168 1.8799985034645639 -28.5
    endloop
  endfacet
  facet normal 0 0 -1
    outer loop
      vertex 13.946647288323769 -5.5218682902701755 -28.5
      vertex 13.94664728832377 5.521868290270169 -28.5
      vertex 14.528747416929466 3.730348307472822 -28.5
    endloop
  endfacet
  facet normal 0.9980267284282716 0.06279051952931283 0
    outer loop
      vertex 15 0 -28.5
      vertex 14.881720519717168 1.8799985034645639 -28.5
      vertex 15 0 0
    endloop
  endfacet
  facet normal 0.9822872507286884 0.18738131458572543 0
    outer loop
      vertex 14.881720519717168 1.8799985034645639 -28.5
      vertex 14.528747416929466 3.730348307472822 -28.5
      vertex 14.881720519717168 1.8799985034645639 0
    endloop
  endfacet
  facet normal 0.9510565162951536 0.3090169943749474 0
    outer loop
      vertex 14.528747416929466 3.730348307472822 -28.5
      vertex 13.94664728832377 5.521868290270169 -28.5
      vertex 14.528747416929466 3.730348307472822 0
    endloop
  endfacet
  facet normal 0.9048270524660195 0.42577929156507266 0
    outer loop
      vertex 13.94664728832377 5.521868290270169 -28.5
      vertex 13.144600200657953 7.22630511152573 -28.5
      vertex 13.94664728832377 5.521868290270169 0
    endloop
  endfacet
  facet normal 0.6845471059286874 0.7289686274214127 0
    outer loop
      vertex 10.934529411321174 10.268206588930331 -28.5
      vertex 9.561359846230346 11.557698641636836 -28.5
      vertex 9.561359846230346 11.557698641636836 0
    endloop
  endfacet
  facet normal 0.5877852522924742 0.8090169943749466 0
    outer loop
      vertex 8.03740192468495 12.664918882530227 -28.5
      vertex 8.03740192468495 12.664918882530227 0
      vertex 9.561359846230346 11.557698641636836 -28.5
    endloop
  endfacet
  facet normal 0.7705132427757895 0.6374239897486894 0
    outer loop
      vertex 10.934529411321174 10.268206588930331 -28.5
      vertex 12.135254915624213 8.816778784387097 0
      vertex 12.135254915624213 8.816778784387097 -28.5
    endloop
  endfacet
  facet normal 0.8443279255020155 0.535826794978996 0
    outer loop
      vertex 13.144600200657953 7.22630511152573 -28.5
      vertex 12.135254915624213 8.816778784387097 -28.5
      vertex 13.144600200657953 7.22630511152573 0
    endloop
  endfacet
  facet normal 0 0 1
    outer loop
      vertex 2.810719718785869 14.73430876093033 0
      vertex 2.4233999997377396 4.197451926767826 0
      vertex 4.846799999475479 0 0
    endloop
  endfacet
  facet normal 0 0 1
    outer loop
      vertex 6.386689373476086 -13.572405786990293 0
      vertex 4.635254915624211 14.265847744427303 0
      vertex 4.846799999475479 0 0
    endloop
  endfacet
  facet normal 0 0 1
    outer loop
      vertex 6.386689373476086 -13.572405786990293 0
      vertex 6.386689373476091 13.572405786990291 0
      vertex 4.635254915624211 14.265847744427303 0
    endloop
  endfacet
  facet normal 0 0 1
    outer loop
      vertex 8.037401924684943 -12.66491888253023 0
      vertex 8.03740192468495 12.664918882530227 0
      vertex 6.386689373476091 13.572405786990291 0
    endloop
  endfacet
  facet normal 0 1 0
    outer loop
      vertex -0.9418577929396992 14.970400926424073 0
      vertex 0.9418577929396992 14.970400926424073 0
      vertex 0.9418577929396992 14.970400926424073 -28.5
    endloop
  endfacet
  facet normal 0.12533323356430381 0.992114701314478 0
    outer loop
      vertex 2.810719718785869 14.73430876093033 -28.5
      vertex 0.9418577929396992 14.970400926424073 0
      vertex 2.810719718785869 14.73430876093033 0
    endloop
  endfacet
  facet normal 0.24868988716485535 0.968583161128631 0
    outer loop
      vertex 4.635254915624211 14.265847744427303 -28.5
      vertex 2.810719718785869 14.73430876093033 0
      vertex 4.635254915624211 14.265847744427303 0
    endloop
  endfacet
  facet normal 0.4817536741017144 0.876306680043864 0
    outer loop
      vertex 8.03740192468495 12.664918882530227 -28.5
      vertex 6.386689373476091 13.572405786990291 0
      vertex 8.03740192468495 12.664918882530227 0
    endloop
  endfacet
  facet normal 0.36812455268467803 0.9297764858882513 0
    outer loop
      vertex 6.386689373476091 13.572405786990291 -28.5
      vertex 4.635254915624211 14.265847744427303 0
      vertex 6.386689373476091 13.572405786990291 0
    endloop
  endfacet
  facet normal 0 0 1
    outer loop
      vertex -0.9418577929396992 14.970400926424073 0
      vertex 2.4233999997377396 4.197451926767826 0
      vertex 0.9418577929396992 14.970400926424073 0
    endloop
  endfacet
  facet normal 0 0 1
    outer loop
      vertex 0.9418577929396992 14.970400926424073 0
      vertex 2.4233999997377396 4.197451926767826 0
      vertex 2.810719718785869 14.73430876093033 0
    endloop
  endfacet
  facet normal 0 0 1
    outer loop
      vertex 2.810719718785869 14.73430876093033 0
      vertex 4.846799999475479 0 0
      vertex 4.635254915624211 14.265847744427303 0
    endloop
  endfacet
  facet normal 0.9980267284282716 0.06279051952931283 0
    outer loop
      vertex 14.881720519717168 1.8799985034645639 -28.5
      vertex 14.881720519717168 1.8799985034645639 0
      vertex 15 0 0
    endloop
  endfacet
  facet normal 0.9822872507286884 0.18738131458572543 0
    outer loop
      vertex 14.528747416929466 3.730348307472822 -28.5
      vertex 14.528747416929466 3.730348307472822 0
      vertex 14.881720519717168 1.8799985034645639 0
    endloop
  endfacet
  facet normal 0.9510565162951536 0.3090169943749474 0
    outer loop
      vertex 13.94664728832377 5.521868290270169 -28.5
      vertex 13.94664728832377 5.521868290270169 0
      vertex 14.528747416929466 3.730348307472822 0
    endloop
  endfacet
  facet normal 0.9048270524660195 0.42577929156507266 0
    outer loop
      vertex 13.144600200657953 7.22630511152573 -28.5
      vertex 13.144600200657953 7.22630511152573 0
      vertex 13.94664728832377 5.521868290270169 0
    endloop
  endfacet
  facet normal 0 0 1
    outer loop
      vertex 9.56135984623035 -11.557698641636836 0
      vertex 9.561359846230346 11.557698641636836 0
      vertex 8.03740192468495 12.664918882530227 0
    endloop
  endfacet
  facet normal 0 0 1
    outer loop
      vertex 10.934529411321176 -10.268206588930328 0
      vertex 10.934529411321174 10.268206588930331 0
      vertex 9.561359846230346 11.557698641636836 0
    endloop
  endfacet
  facet normal 0 0 1
    outer loop
      vertex 12.135254915624213 -8.816778784387097 0
      vertex 12.135254915624213 8.816778784387097 0
      vertex 10.934529411321174 10.268206588930331 0
    endloop
  endfacet
  facet normal 0 0 1
    outer loop
      vertex 13.144600200657951 -7.226305111525731 0
      vertex 13.144600200657953 7.22630511152573 0
      vertex 12.135254915624213 8.816778784387097 0
    endloop
  endfacet
  facet normal 0 0 1
    outer loop
      vertex 14.881720519717168 -1.879998503464561 0
      vertex 15 0 0
      vertex 14.881720519717168 1.8799985034645639 0
    endloop
  endfacet
  facet normal 0 0 1
    outer loop
      vertex 14.528747416929468 -3.7303483074728163 0
      vertex 14.528747416929466 3.730348307472822 0
      vertex 13.94664728832377 5.521868290270169 0
    endloop
  endfacet
  facet normal 0 0 1
    outer loop
      vertex 14.881720519717168 -1.879998503464561 0
      vertex 14.881720519717168 1.8799985034645639 0
      vertex 14.528747416929466 3.730348307472822 0
    endloop
  endfacet
  facet normal 0 0 1
    outer loop
      vertex 13.946647288323769 -5.5218682902701755 0
      vertex 13.94664728832377 5.521868290270169 0
      vertex 13.144600200657953 7.22630511152573 0
    endloop
  endfacet
  facet normal 0.6845471059286874 0.7289686274214127 0
    outer loop
      vertex 10.934529411321174 10.268206588930331 -28.5
      vertex 9.561359846230346 11.557698641636836 0
      vertex 10.934529411321174 10.268206588930331 0
    endloop
  endfacet
  facet normal 0.5877852522924742 0.8090169943749466 0
    outer loop
      vertex 9.561359846230346 11.557698641636836 -28.5
      vertex 8.03740192468495 12.664918882530227 0
      vertex 9.561359846230346 11.557698641636836 0
    endloop
  endfacet
  facet normal 0.8443279255020155 0.535826794978996 0
    outer loop
      vertex 12.135254915624213 8.816778784387097 -28.5
      vertex 12.135254915624213 8.816778784387097 0
      vertex 13.144600200657953 7.22630511152573 0
    endloop
  endfacet
  facet normal 0.7705132427757895 0.6374239897486894 0
    outer loop
      vertex 10.934529411321174 10.268206588930331 -28.5
      vertex 10.934529411321174 10.268206588930331 0
      vertex 12.135254915624213 8.816778784387097 0
    endloop
  endfacet
endsolid OpenSCAD_Model
